Id,Name,Param
101,Convite para o Novo Mundo,
102,Luta pelo Monólito,
103,Glória da Vitória,
111,Incursão {Param}: Maré de Escuridão,I
112,Incursão {Param}: Parede de Rift,II
113,Incursão {Param}: Bloqueio de Ferro,III
114,Incursão {Param}: O Ressurgimento,IV
115,Incursão {Param}: Ataque Ebbing,V
116,O Festival de Naruru,
117,Liga de Bronze: Temporada {Param},1
118,Liga de Prata: Temporada {Param},1
119,Liga Ouro: Temporada {Param},1
120,Liga Platina: Temporada {Param},1
121,Liga Diamante: Temporada {Param},1
122,Liga Master: Temporada {Param},1
123,100 dias de ouro radiante,
124,100 dias de prata radiante,
125,100 dias de bronze radiante,
126,Incursão {Param}: Maré de Escuridão,I
127,Incursão {Param}: Parede de Rift,II
128,Incursão {Param}: Bloqueio de Ferro,III
129,Prova de Amizade,
10001,Ovo Feito em Ouro,
10002,Prato Dourado,
10003,Festa Dourada,
10004,Cálice caro Traje,
10005,Talheres luxuosos,
10006,Banquete Dourado,
10007,Prova de Vitória,
10008,Folia Dourada,
10009,Glória Dourada,
10010,Banquete Dourado,
10011,Trono Dourado Exaltado,
10012,Majestade do Rei Dourado,
10013,Símbolo de Abundância e Opulência,
20001,Coleção do Merchant,
20002,Item querido do Merchant,
20003,Merchant’s Treasure,
20004,Solicitação do Merchant Spoils,
20005,Legado do Merchant,
30001,Livro razão de comerciantes negros,
30002,Itens Secretos da Caravana Vermelha,
30003,Lista dos Termos da Golden Trading Guild,
30004,Tesouro da Royal Merchant Guild,
30005,Comércio ilícito de Merchant do mercado negro,
30006,Mercadorias Esquecidas da Antiga Guilda dos Mercadores,
30007,Mercadorias comerciais errantes da Guilda dos Mercadores,
30008,Negociações de Anima da Guilda dos Comerciantes,
30009,Despojos do Galeão Vermelho,
30010,Livro da Caravana do Deserto,
30011,Merchant do Vento Oeste Registros da Guilda,
30012,Itens proibidos da Guilda dos Mercadores do Submundo,
30013,Despojos listados no contrato,
30014,Comércio do Merchant Guardião,
30015,Segredos da Guilda dos Mercadores de Blackiron,
30016,High Chancellor's Merchant's Collection Vault,
30017,Windpath Objetos de Valor da Guilda Comercial,
30018,Fallen Merchant Guild’s Remnants,
30019,Estoque da Guilda Comercial de Platina,
30020,Mercadorias Seladas da Guilda Mercante do Dragão Vermelho,
30021,Mercadorias comerciais desenterradas de Ruins,
30022,Guild Merchant Guild Rarities,
30023,Trading Ship’s Unidentified Cargo,
30024,Obras-primas com curadoria do Merchant,
30025,Vale Merchant Guild’s Spoils,
50001,Cristal Fraco da Destreza,
50002,Agitadora Preço de Destreza,
50003,Ferida oscilante de destreza,
50004,Estável Eco de Destreza,
50005,Uivo de Destreza Aprimorado,
50006,Cristal Fluente da Destreza,
50007,Preço de Destreza em erupção,
50008,Ferida Transcendente da Destreza,
50009,Eco transbordante de destreza,
50010,Uivo florescente de destreza,
50011,Cristal Surgente da Destreza,
50101,Fraco Preço da Destreza,
50102,Agitando a Ferida da Destreza,
50103,Eco Ondulante da Destreza,
50104,Uivo estável de destreza,
50105,Cristal de vínculo aprimorado Destreza,
50106,Preço Fluente de Destreza,
50107,Ferida em erupção da destreza,
50108,Eco Transcendente da Destreza,
50109,Uivo transbordante de destreza,
50110,Cristal Florescendo da Destreza,
50111,Preço Agitante de Destreza,
50201,Ferida fraca da Destreza,
50202,Agitando o Eco da Destreza,
50203,Uivo vacilante de Destreza,
50204,Cristal de Destreza Estável,
50205,Preço de Destreza Aprimorado,
50206,Fluxo da Ferida da Destreza,
50207,Eco da Destreza em Erupção,
50208,Uivo Transcendente da Destreza,
50209,Cristal Transbordante de Destreza,
50210,Preço florescente da destreza,
50211,Ferida crescente de destreza,
50301,Eco fraco de emanação,
50302,Uivo Agitante de Emanação,
50303,Cristal Ondulante da Emanação,
50304,Preço Estável de Emanação,
50305,Ferida de Emanação Aprimorada,
50306,Eco Fluente da Emanação,
50307,Uivo de Emanação em erupção,
50308,Cristal Transcendente de Emanação,
50309,Preço exorbitante da emanação,
50310,Ferida Florescente de Emanação,
50311,Eco Surgente da Emanação,
50401,Uivo fraco de emanação,
50402,Cristal Agitante da Emanação,
50403,Preço oscilante da emanação,
50404,Ferida Estável de Emanação,
50405,Eco de Emanação Aprimorado,
50406,Uivo Fluente de Emanação,
50407,Cristal de Emanação em Erupção,
50408,Preço Transcendente da Emanação,
50409,Ferida Transbordante de Emanação,
50410,Eco florescente da emanação,
50411,Uivo Surgente da Emanação,
50501,Cristal Fraco de Emanação,
50502,Agitadora Preço de Emanação,
50503,Ferida oscilante da Emanação,
50504,Eco de Emanação Estável,
50505,Uivo de Emanação Aprimorado,
50506,Cristal Fluente da Emanação,
50507,Preço de emanação em erupção,
50508,Ferida Transcendente de Emanação,
50509,Eco transbordante de emanação,
50510,Uivo florescente de emanação,
50511,Cristal Surgente da Emanação,
50601,Preço fraco dos céus,
50602,Agitando a Ferida dos Céus,
50603,Eco Ondulante dos Céus,
50604,Uivo estável dos céus,
50605,Cristal dos Céus Aprimorado,
50606,Preço Fluente dos Céus,
50607,Ferida em erupção dos céus,
50608,Eco Transcendente dos Céus,
50609,Uivo transbordante dos céus,
50610,Cristal florescente dos céus,
50611,Preço crescente dos céus,
50701,Ferida fraca dos céus,
50702,Eco Agitante dos Céus,
50703,Uivo vacilante dos céus,
50704,Cristal Estável dos Céus,
50705,Preço dos Céus Aprimorado,
50706,Fluxo da Ferida dos Céus,
50707,Eco dos Céus em Erupção,
50708,Uivo Transcendente dos Céus,
50709,Cristal Transbordante dos Céus,
50710,Preço florescente dos céus,
50711,Ferida crescente dos céus,
50801,Eco fraco dos céus,
50802,Uivo Agitante dos Céus,
50803,Cristal Ondulante dos Céus,
50804,Preço Estável dos Céus,
50805,Ferida dos Céus Aprimorada,
50806,Eco Fluente dos Céus,
50807,Uivo de Explosão dos Céus,
50808,Cristal Transcendente dos Céus,
50809,Preço exorbitante dos céus,
50810,Ferida Florescente dos Céus,
50811,Eco Agitante dos Céus,
50901,Uivo fraco de vida,
50902,Cristal Agitante da Vida,
50903,Preço oscilante da vida,
50904,Ferida Estável de Vida,
50905,Eco de Vida Aprimorado,
50906,Uivo Fluente de Vida,
50907,Cristal de Vida em Erupção,
50908,Preço Transcendente da Vida,
50909,Ferida transbordante de vida,
50910,Eco florescente da vida,
50911,Uivo Agitante da Vida,
51001,Cristal Fraco da Vida,
51002,Agitadora Preço de Vida,
51003,Ferida oscilante da vida,
51004,Eco de Vida Estável,
51005,Uivo da Vida Aprimorado,
51006,Cristal Fluente da Vida,
51007,Preço de vida em erupção,
51008,Ferida Transcendente de Vida,
51009,Eco transbordante da vida,
51010,Uivo florescente da vida,
51011,Cristal Surgente da Vida,
51101,Preço fraco da vida,
51102,Agitando a Ferida da Vida,
51103,Eco Ondulante da Vida,
51104,Uivo de Vida Estável,
51105,Cristal de Vida Aprimorado,
51106,Fluxo do Preço da Vida,
51107,Ferida em erupção da vida,
51108,Eco Transcendente da Vida,
51109,Cheio de uivo de vida,
51110,Cristal da Vida Florescendo,
51111,Preço crescente da vida,
51201,Ferida fraca do insight,
51202,Eco Agitante do Insight,
51203,Uivo vacilante de percepção,
51204,Cristal Estável do Insight,
51205,Preço de Insight Aprimorado,
51206,Fluxo da Ferida do Insight,
51207,Eco de Explosão de Insight,
51208,Uivo Transcendente do Insight,
51209,Cristal Transbordante de Insight,
51210,Preço florescente do insight,
51211,Ferida crescente de insight,
51301,Eco fraco de insight,
51302,Uivo Agitante de Insight,
51303,Cristal Ondulante do Insight,
51304,Preço Estável de Insight,
51305,Ferida Aprimorada de Visão,
51306,Eco Fluente of Insight,
51307,Uivo de Insight em erupção,
51308,Cristal Transcendente do Insight,
51309,Preço exorbitante do insight,
51310,Ferida florescente do insight,
51311,Eco Agitante do Insight,
51401,Uivo fraco de percepção,
51402,Cristal Agitante do Insight,
51403,Preço oscilante do insight,
51404,Ferida Estável de Insight,
51405,Eco de Insight Aprimorado,
51406,Uivo Fluente de Insight,
51407,Cristal de Visão em Erupção,
51408,Preço Transcendente do Insight,
51409,Ferida transbordante de percepção,
51410,Eco florescente do insight,
51411,Uivo Agitante do Insight,
55001,Ruptura de Destreza Percebida,
55002,Limite Inicial da Destreza,
55003,Lança Turbulenta da Destreza,
55004,Trajetória Condensada de Destreza,
55005,Sharp Connection of Bonds Destreza,
55006,Ruptura Vibratória da Destreza,
55007,Limite Violento de Destreza,
55008,Lança Cíclica da Destreza,
55009,Trajetória Tempestuosa de Destreza,
55010,Conexão esmagadora de destreza,
55011,Ruptura Furiosa de Destreza,
55101,Limite percebido de destreza,
55102,Lança de Destreza Nascente,
55103,Trajetória Turbulenta de Destreza,
55104,Conexão Condensada de Destreza,
55105,Ruptura Afiada de Destreza,
55106,Limite vibratório de destreza,
55107,Lança Violenta da Destreza,
55108,Trajetória Cíclica de Destreza,
55109,Conexão Tempestuosa da Destreza,
55110,Ruptura Esmagadora da Destreza,
55111,Limite Furioso de Destreza,
55201,Lança de Destreza Percebida,
55202,Brotando Trajetória de Destreza,
55203,Conexão Turbulenta de Destreza,
55204,Ruptura Condensada de Destreza,
55205,Limite nítido de destreza,
55206,Lança Vibrante da Destreza,
55207,Trajetória Violenta de Destreza,
55208,Conexão Cíclica de Destreza,
55209,Tempestuosa Ruptura de Destreza,
55210,Limite esmagador de destreza,
55211,Lança Furiosa da Destreza,
55301,Trajetória percebida de destreza,
55302,Conexão inicial de destreza,
55303,Ruptura Turbulenta da Destreza,
55304,Limite Condensado de Destreza,
55305,Lança Afiada da Destreza,
55306,Trajetória Vibrante de Destreza,
55307,Conexão Violenta de Destreza,
55308,Cíclica Ruptura da Destreza,
55309,Limite Tempestuoso de Destreza,
55310,Lança Esmagadora da Destreza,
55311,Trajetória Furiosa de Destreza,
55401,Conexão Percebida de Emanação,
55402,Ruptura Inicial de Emanação,
55403,Limite Turbulento de Emanação,
55404,Lança Condensada de Emanação,
55405,Trajetória Afiada de Emanação,
55406,Conexão Vibrante da Emanação,
55407,Ruptura Violenta de Emanação,
55408,Limite Cíclico de Emanação,
55409,Tempestuosa Lança de Emanação,
55410,Trajetória Esmagadora de Emanação,
55411,Conexão Furiosa de Emanação,
55501,Ruptura de Emanação Percebida,
55502,Limite Inicial da Emanação,
55503,Lança Turbulenta da Emanação,
55504,Trajetória Condensada de Emanação,
55505,Conexão Afiada de Emanação,
55506,Ruptura Vibratória da Emanação,
55507,Limite Violento de Emanação,
55508,Lança Cíclica da Emanação,
55509,Trajetória Tempestuosa de Emanação,
55510,Conexão Esmagadora de Emanação,
55511,Ruptura Furiosa da Emanação,
55601,Limite de Emanação Percebido,
55602,Lança de Emanação Nascente,
55603,Trajetória Turbulenta de Emanação,
55604,Conexão Condensada de Emanação,
55605,Ruptura Afiada de Emanação,
55606,Limite vibratório de emanação,
55607,Lança Violenta da Emanação,
55608,Trajetória Cíclica de Emanação,
55609,Conexão Tempestuosa da Emanação,
55610,Ruptura Esmagadora da Emanação,
55611,Limite Furioso de Emanação,
55701,Lança de Emanação Percebida,
55702,Trajetória de brotamento de emanação,
55703,Conexão Turbulenta de Emanação,
55704,Ruptura Condensada de Emanação,
55705,Limite nítido de emanação,
55706,Lança Vibrante de Emanação,
55707,Trajetória Violenta de Emanação,
55708,Conexão Cíclica de Emanação,
55709,Tempestuosa Ruptura de Emanação,
55710,Limite esmagador de emanação,
55711,Lança Furiosa da Emanação,
55801,Trajetória percebida dos céus,
55802,Conexão Inicial dos Céus,
55803,Ruptura Turbulenta dos Céus,
55804,Limite Condensado dos Céus,
55805,Lança Afiada dos Céus,
55806,Trajetória Vibratória de Céus,
55807,Conexão Violenta dos Céus,
55808,Ruptura Cíclica dos Céus,
55809,Limite Tempestuoso dos Céus,
55810,Lança Esmagadora dos Céus,
55811,Trajetória Furiosa dos Céus,
55901,Conexão Percebida dos Céus,
55902,Nascente Ruptura dos Céus,
55903,Limite Turbulento dos Céus,
55904,Lança Condensada dos Céus,
55905,Trajetória Afiada dos Céus,
55906,Conexão Vibrante dos Céus,
55907,Ruptura Violenta dos Céus,
55908,Limite Cíclico dos Céus,
55909,Lança Tempestuosa dos Céus,
55910,Trajetória Esmagadora dos Céus,
55911,Conexão Furiosa dos Céus,
56001,Ruptura dos Céus Percebida,
56002,Limite Inicial dos Céus,
56003,Lança Turbulenta dos Céus,
56004,Trajetória Condensada dos Céus,
56005,Conexão Afiada dos Céus,
56006,Ruptura Vibrante dos Céus,
56007,Violento Limite de Emanação Limite dos Céus,
56008,Lança Cíclica dos Céus,
56009,Trajetória Tempestuosa dos Céus,
56010,Conexão Esmagadora dos Céus,
56011,Ruptura Furiosa dos Céus,
56101,Limite Percebido dos Céus,
56102,Lança brotando dos céus,
56103,Trajetória Turbulenta dos Céus,
56104,Conexão Condensada dos Céus,
56105,Ruptura acentuada dos céus,
56106,Limite vibratório dos céus,
56107,Lança Violenta dos Céus,
56108,Trajetória Cíclica dos Céus,
56109,Conexão Tempestuosa dos Céus,
56110,Ruptura Esmagadora dos Céus,
56111,Limite Furioso de Céus,
56201,Lança de Vida Percebida,
56202,Trajetória de brotamento de vida,
56203,Conexão Turbulenta da Vida,
56204,Ruptura Condensada de Vida,
56205,Nítido Limite da Vida,
56206,Lança Vibrante de Vida,
56207,Trajetória violenta de vida,
56208,Conexão Cíclica de Vida,
56209,Tempestuosa Ruptura de Vida,
56210,Limite esmagador de vida,
56211,Lança Furiosa da Vida,
56301,Trajetória de vida percebida,
56302,Conexão Inicial de Vida,
56303,Ruptura Turbulenta de Vida,
56304,Limite Condensado da Vida,
56305,Lança Afiada da Vida,
56306,Trajetória Vibratória da Vida,
56307,Conexão Violenta da Vida,
56308,Ruptura Cíclica da Vida,
56309,Limite Tempestuoso da Vida,
56310,Lança Esmagadora da Vida,
56311,Trajetória Furiosa de Vida,
56401,Conexão Percebida da Vida,
56402,Nascente Ruptura da Vida,
56403,Limite Turbulento da Vida,
56404,Lança Condensada da Vida,
56405,Trajetória Afiada da Vida,
56406,Conexão Vibrante da Vida,
56407,Ruptura Violenta da Vida,
56408,Limite Cíclico da Vida,
56409,Lança Tempestuosa da Vida,
56410,Overwhelming Trajectory of Life,
56411,Conexão Furiosa da Vida,
56501,Ruptura de Vida Percebida,
56502,Limite Inicial da Vida,
56503,Lança Turbulenta da Vida,
56504,Trajetória Condensada da Vida,
56505,Conexão Afiada de Vida,
56506,Ruptura Vibrante da Vida,
56507,Limite Violento da Vida,
56508,Lança Cíclica da Vida,
56509,Trajetória Tempestuosa da Vida,
56510,Conexão Esmagadora de Vida,
56511,Ruptura Furiosa da Vida,
56601,Limite de percepção percebido,
56602,Lança brotando do insight,
56603,Trajetória Turbulenta de Insight,
56604,Conexão condensada do Insight,
56605,Ruptura acentuada do insight,
56606,Vibrante Limite do Insight,
56607,Lança Violenta de Insight,
56608,Trajetória Cíclica de Insight,
56609,Conexão Tempestuosa do Insight,
56610,Ruptura Esmagadora do Insight,
56611,Limite Furioso do Insight,
56701,Lança de Insight Percebida,
56702,Trajetória de brotamento de insight,
56703,Conexão Turbulenta de Insight,
56704,Ruptura Condensada de Insight,
56705,Limite nítido de percepção,
56706,Lança Vibrante de Insight,
56707,Trajetória violenta de Inisight,
56708,Conexão Cíclica de Insight,
56709,Tempestuosa Ruptura de Insight,
56710,Limite esmagador de percepção,
56711,Lança Furiosa do Insight,
56801,Trajetória de percepção percebida,
56802,Conexão Inicial de Insight,
56803,Ruptura Turbulenta de Insight,
56804,Limite Condensado do Insight,
56805,Lança Afiada do Insight,
56806,Trajetória Vibratória do Insight,
56807,Conexão Violenta de Insight,
56808,Ruptura Cíclica do Insight,
56809,Limite Tempestuoso do Insight,
56810,Lança Esmagadora do Insight,
56811,Trajetória Furiosa de Insight,
56901,Conexão Percebida de Insight,
56902,Nascente Ruptura do Insight,
56903,Limite Turbulento de Insight,
56904,Lança Condensada do Insight,
56905,Trajetória Afiada de Insight,
56906,Conexão Vibrante do Insight,
56907,Ruptura Violenta do Insight,
56908,Limite Cíclico de Insight,
56909,Lança Tempestuosa de Insight,
56910,Trajetória Esmagadora do Insight,
56911,Conexão Furiosa do Insight,
60001,Cadeia Emergente de Destreza,
60002,Pupila Nascente da Destreza,
60003,Colar do Despertar da Destreza,
60004,Verdade Afiada de Destreza,
60005,Contra-ataque à Fenda de Destreza,
60006,Corrente Brilhante de Destreza,
60007,Aluno Resoluto da Destreza,
60008,Colar Absoluto de Destreza,
60009,Serena Verdade da Destreza,
60010,Fenda Suprema de Destreza,
60011,Divine Cadeia de Destreza,
60101,Aluno Emergente de Destreza,
60102,Colar Nascente de Equilíbrio da Destreza,
60103,Despertar Verdade da Destreza,
60104,Fenda de Destreza Aprimorada,
60105,Contra-ataque à Cadeia de Destreza,
60106,Aluno Reluzente de Destreza,
60107,Resoluta Colar de Destreza,
60108,Verdade Absoluta da Destreza,
60109,Fenda Serena da Destreza,
60110,Cadeia Suprema de Destreza,
60111,Divine Aluno da Destreza,
60201,Colar Emergente de Destreza,
60202,Amanhecer Verdade da Destreza,
60203,Despertar Fenda de Destreza,
60204,Corrente de Destreza Afiada,
60205,Contra-ataque ao Pupila da Destreza,
60206,Colar Reluzente de Destreza,
60207,Verdade Resoluta da Destreza,
60208,Fenda Absoluta de Destreza,
60209,Serena Cadeia de Destreza,
60210,Aluno Supremo dos Céus,
60211,Divine Colar de Destreza,
60301,Verdade Emergente da Destreza,
60302,Nascente Rift of Destreza,
60303,Despertar Cadeia de Destreza,
60304,Aluno Afiado de Destreza,
60305,Contra-Colar de Destreza,
60306,Brilhante Verdade da Destreza,
60307,Fenda de Destreza Resoluta,
60308,Cadeia de Destreza Absoluta,
60309,Aluno Sereno da Destreza,
60310,Supremo Colar de Destreza,
60311,Divine Verdade da Destreza,
60401,Fenda Emergente de Destreza,
60402,Nascente Cadeia de Destreza,
60403,Despertando Pupila de Destreza,
60404,Colar Afiado de Destreza,
60405,Contra a Verdade da Destreza,
60406,Fenda Reluzente de Destreza,
60407,Cadeia de Destreza Resoluta,
60408,Aluno Absoluto da Destreza,
60409,Colar Sereno da Destreza,
60410,Suprema Verdade da Destreza,
60411,Divine Fenda da Destreza,
60501,Cadeia Emergente de Emanação,
60502,Aluno Nascente da Emanação,
60503,Colar do Despertar da Emanação,
60504,Verdade Afiada da Emanação,
60505,Contra-ataque à Fenda de Emanação,
60506,Corrente Brilhante de Emanação,
60507,Aluno Resoluto da Emanação,
60508,Colar Absoluto de Emanação,
60509,Serena Verdade da Emanação,
60510,Fenda Suprema de Emanação,
60511,Divine Cadeia de Emanação,
60601,Aluno Emergente de Emanação,
60602,Colar do Amanhecer da Emanação,
60603,Despertar Verdade da Emanação,
60604,Aprimorada Fenda de Emanação,
60605,Contra-ataque à Cadeia de Emanação,
60606,Pupila Brilhante da Emanação,
60607,Colar Resoluto de Emanação,
60608,Verdade Absoluta da Emanação,
60609,Fenda Serena da Emanação,
60610,Cadeia Suprema de Emanação,
60611,Divine Aluno da Emanação,
60701,Colar Emergente de Emanação,
60702,Amanhecer Verdade da Emanação,
60703,Despertar Fenda de Emanação,
60704,Cadeia de Emanação Afiada,
60705,Contra-ataque Pupila da Emanação,
60706,Colar Reluzente de Emanação,
60707,Verdade Resoluta da Emanação,
60708,Fenda Absoluta de Emanação,
60709,Serena Cadeia de Emanação,
60710,Aluno Supremo da Emanação,
60711,Divine Colar de Emanação,
60801,Verdade Emergente da Emanação,
60802,Nascente Rift of Emanation,
60803,Despertar Cadeia de Emanação,
60804,Aluno Afiado de Emanação,
60805,Contra-Colar de Emanação,
60806,Brilhante Verdade da Emanação,
60807,Fenda de Emanação Resoluta,
60808,Cadeia de Emanação Absoluta,
60809,Aluno Sereno da Emanação,
60810,Supremo Colar de Emanação,
60811,Divine Verdade da Emanação,
60901,Fenda Emergente de Emanação,
60902,Nascente Cadeia de Emanação,
60903,Despertando Pupila de Emanação,
60904,Colar Afiado de Emanação,
60905,Contra a Verdade da Emanação,
60906,Fenda Reluzente de Emanação,
60907,Cadeia de Emanação Resoluta,
60908,Aluno Absoluto da Emanação,
60909,Colar Sereno da Emanação,
60910,Suprema Verdade da Emanação,
60911,Divine Fenda de Emanação,
61001,Cadeia Emergente dos Céus,
61002,Aluno do Amanhecer dos Céus,
61003,Colar do Despertar dos Céus,
61004,Verdade Afiada dos Céus,
61005,Contra-ataque à Fenda dos Céus,
61006,Corrente Brilhante dos Céus,
61007,Aluno Resoluto do Céu,
61008,Colar Absoluto de Céus,
61009,Serena Verdade dos Céus,
61010,Suprema Fenda dos Céus,
61011,Divine Cadeia dos Céus,
61101,Emergente Aluno dos Céus,
61102,Colar do Amanhecer dos Céus,
61103,Despertando a Verdade dos Céus,
61104,Fenda de Céus Afiada,
61105,Contra-ataque à Cadeia dos Céus,
61106,Pupila Brilhante dos Céus,
61107,Colar Resoluto dos Céus,
61108,Verdade Absoluta dos Céus,
61109,Serena Fenda dos Céus,
61110,Suprema Corrente dos Céus,
61111,Divine Aluno dos Céus,
61201,Colar Emergente de Céus,
61202,Amanhecer Verdade dos Céus,
61203,Despertar Fenda dos Céus,
61204,Cadeia de Céus Afiada,
61205,Contra-aluno do Céu,
61206,Colar Reluzente de Céus,
61207,Verdade Resoluta dos Céus,
61208,Fenda Absoluta dos Céus,
61209,Serena Cadeia de Céus,
61210,Aluno Supremo dos Céus,
61211,Divine Colar dos Céus,
61301,Verdade Emergente dos Céus,
61302,Nascente Rift of Heavens,
61303,Despertar Cadeia de Céus,
61304,Afiado Aluno dos Céus,
61305,Contra-Colar dos Céus,
61306,Brilhante Verdade dos Céus,
61307,Fenda de Céus Resoluta,
61308,Corrente Absoluta dos Céus,
61309,Aluno Sereno dos Céus,
61310,Supremo Colar dos Céus,
61311,Divine Verdade dos Céus,
61401,Fenda Emergente dos Céus,
61402,Nascente Cadeia dos Céus,
61403,Despertando Pupila dos Céus,
61404,Colar Afiado de Céus,
61405,Contra a Verdade dos Céus,
61406,Fenda Reluzente dos Céus,
61407,Cadeia de Céus Resoluta,
61408,Aluno Absoluto dos Céus,
61409,Colar Sereno dos Céus,
61410,Suprema Verdade dos Céus,
61411,Divine Fenda dos Céus,
61501,Cadeia Emergente de Vida,
61502,Aluno do Amanhecer da Vida,
61503,Colar do Despertar da Vida,
61504,Verdade Afiada da Vida,
61505,Contra-ataca à Fenda da Vida,
61506,Corrente Reluzente da Vida,
61507,Aluno Resoluto da Vida,
61508,Colar Absoluto de Vida,
61509,Serena Verdade da Vida,
61510,Suprema Fenda da Vida,
61511,Divine Cadeia de Vida,
61601,Aluno Emergente da Vida,
61602,Colar do Amanhecer da Vida,
61603,Despertando a Verdade da Vida,
61604,Fenda de Vida Aprimorada,
61605,Contra-cadeia de vida,
61606,Pupila Reluzente da Vida,
61607,Colar Resoluto da Vida,
61608,Verdade Absoluta da Vida,
61609,Serena Fenda da Vida,
61610,Suprema Corrente da Vida,
61611,Divine Aluno da Vida,
61701,Colar Emergente da Vida,
61702,Nascente da Verdade da Vida,
61703,Despertar Fenda de Vida,
61704,Cadeia de Vida Afiada,
61705,Contra-aluno da Vida,
61706,Colar Reluzente da Vida,
61707,Verdade Resoluta da Vida,
61708,Fenda Absoluta de Vida,
61709,Serena Cadeia de Vida,
61710,Aluno Supremo da Vida,
61711,Divine Colar da Vida,
61801,Verdade Emergente da Vida,
61802,Nascente Rift of Life,
61803,Despertar Cadeia de Vida,
61804,Aluno Afiado da Vida,
61805,Contra-Colar da Vida,
61806,Verdade brilhante da vida,
61807,Fenda de Vida Resoluta,
61808,Corrente Absoluta da Vida,
61809,Aluno Sereno da Vida,
61810,Colar Supremo da Vida,
61811,Divine Verdade da Vida,
61901,Fenda Emergente da Vida,
61902,Nascente Cadeia de Vida,
61903,Despertando Pupila da Vida,
61904,Colar Afiado da Vida,
61905,Contra a Verdade da Vida,
61906,Fenda Reluzente da Vida,
61907,Cadeia de Vida Resoluta,
61908,Aluno Absoluto da Vida,
61909,Colar Sereno da Vida,
61910,Verdade Suprema da Vida,
61911,Divine Fenda da Vida,
62001,Cadeia Emergente de Insight,
62002,Aluno do Amanhecer do Insight,
62003,Colar do Despertar do Insight,
62004,Verdade Afiada do Insight,
62005,Contra-ataca à Fenda de Insight,
62006,Cadeia Brilhante de Insight,
62007,Aluno Resoluto do Insight,
62008,Colar Absoluto de Insight,
62009,Serena Verdade do Insight,
62010,Suprema Fenda do Insight,
62011,Divine Cadeia de Insight,
62101,Aluno Emergente do Insight,
62102,Colar do Amanhecer do Insight,
62103,Despertando a Verdade do Insight,
62104,Fenda de Insight Afiada,
62105,Contracorrente de Insight,
62106,Pupila Brilhante do Insight,
62107,Colar Resoluto do Insight,
62108,Verdade Absoluta do Insight,
62109,Serena Fenda de Insight,
62110,Suprema Corrente de Insight,
62111,Divine Aluno do Insight,
62201,Colar Emergente de Insight,
62202,Nascente da Verdade do Insight,
62203,Despertar Fenda de Insight,
62204,Cadeia de Insight Afiada,
62205,Contra-aluno do Insight,
62206,Colar Reluzente de Insight,
62207,Verdade Resoluta do Insight,
62208,Fenda Absoluta de Insight,
62209,Serena Cadeia de Insight,
62210,Aluno Supremo do Insight,
62211,Divine Colar de Insight,
62301,Verdade Emergente do Insight,
62302,Nascente Rift of Insight,
62303,Despertar Cadeia de Insight,
62304,Aluno Afiado do Insight,
62305,Contra-Colar de Insight,
62306,Verdade brilhante do insight,
62307,Fenda de Insight Resoluta,
62308,Cadeia Absoluta de Insight,
62309,Aluno Sereno do Insight,
62310,Colar Supremo do Insight,
62311,Divine Verdade do Insight,
62401,Fenda Emergente de Insight,
62402,Nascente Cadeia de Insight,
62403,Despertando Pupila do Insight,
62404,Colar Afiado de Insight,
62405,Contra a Verdade do Insight,
62406,Fenda Reluzente de Insight,
62407,Cadeia de Insight Resoluta,
62408,Aluno Absoluto do Insight,
62409,Colar Sereno do Insight,
62410,Suprema Verdade do Insight,
62411,Divine Fenda de Insight,
65001,Destino Ressonante da Destreza {Param},I
65002,Superando o Destino da Destreza {Param},I
65003,Destino estimulante da destreza {Param},I
65004,Adjunto Destino da Destreza {Param},I
65005,Gravura Culminação da Destreza {Param},I
65006,Piercing Destino da Destreza {Param},I
65007,Destino Transcendente da Destreza {Param},I
65008,Destino Dominante da Destreza {Param},I
65009,Destino Reinante da Destreza {Param},I
65010,Culminação Imortal da Destreza {Param},I
65011,Destino Primordial de Destreza {Param},I
65101,Destino Ressonante da Destreza {Param},II
65102,Superando o Destino da Destreza {Param},II
65103,Destino estimulante da destreza {Param},II
65104,Culminação Adjunta da Destreza,
65105,Gravura Destino da Destreza {Param},I
65106,Piercing Destino da Destreza {Param},II
65107,Destino Transcendente da Destreza {Param},II
65108,Destino Dominante da Destreza {Param},II
65109,Culminação Reinante da Destreza,
65110,Destino Imortal da Destreza {Param},I
65111,Destino Primordial de Destreza {Param},II
65201,Destino Ressonante da Destreza {Param},III
65202,Superando o Destino da Destreza {Param},III
65203,Culminação estimulante da destreza,
65204,Adjunto Destino da Destreza {Param},II
65205,Gravura Destino da Destreza {Param},II
65206,Piercing Destino da Destreza {Param},III
65207,Destino Transcendente da Destreza {Param},III
65208,Culminação Dominante da Destreza,
65209,Destino Reinante da Destreza {Param},II
65210,Destino Imortal da Destreza {Param},II
65211,Destino Primordial de Destreza {Param},III
65301,Destino Ressonante da Destreza {Param},IV
65302,Superando Culminação da Destreza,
65303,Destino estimulante da destreza {Param},III
65304,Adjunto Destino da Destreza {Param},III
65305,Gravura Destino da Destreza {Param},III
65306,Piercing Destino da Destreza {Param},IV
65307,Culminação Transcendente da Destreza,
65308,Destino Dominante da Destreza {Param},III
65309,Destino Reinante da Destreza {Param},III
65310,Destino Imortal da Destreza {Param},III
65311,Destino Primordial de Destreza {Param},IV
65401,Culminação ressonante de destreza,
65402,Superando o Destino da Destreza {Param},IV
65403,Destino estimulante da destreza {Param},IV
65404,Adjunto Destino da Destreza {Param},IV
65405,Gravura Destino da Destreza {Param},IV
65406,Culminação Perfurante da Destreza,
65407,Destino Transcendente da Destreza {Param},IV
65408,Destino Dominante da Destreza {Param},IV
65409,Destino Reinante da Destreza {Param},IV
65410,Destino Imortal da Destreza {Param},IV
65411,Culminação Primordial de Destreza,
65501,Destino Ressonante da Destreza {Param},V
65502,Superando o Destino da Destreza {Param},V
65503,Destino estimulante da destreza {Param},V
65504,Adjunto Destino da Destreza {Param},V
65505,Gravura Culminação da Destreza {Param},II
65506,Piercing Destino da Destreza {Param},V
65507,Destino Transcendente da Destreza {Param},V
65508,Destino Dominante da Destreza {Param},V
65509,Destino Reinante da Destreza {Param},V
65510,Culminação Imortal da Destreza {Param},II
65511,Destino Primordial de Destreza {Param},V
65601,Destino Ressonante da Emanação {Param},I
65602,Superando o Destino da Emanação {Param},I
65603,Despertando Destino da Emanação {Param},I
65604,Culminação Adjunta da Emanação {Param},I
65605,Gravura Destino da Emanação {Param},I
65606,Piercing Destino da Emanação {Param},I
65607,Destino Transcendente da Emanação {Param},I
65608,Destino Dominante da Emanação {Param},I
65609,Culminação Reinante da Emanação {Param},I
65610,Destino Imortal da Emanação {Param},I
65611,Destino Primordial da Emanação {Param},I
65701,Destino Ressonante da Emanação {Param},II
65702,Superando o Destino da Emanação {Param},II
65703,Culminação estimulante da emanação,
65704,Adjunto Destino da Emanação {Param},I
65705,Gravura Destino da Emanação {Param},II
65706,Piercing Destino da Emanação {Param},II
65707,Destino Transcendente da Emanação {Param},II
65708,Culminação Dominante da Emanação,
65709,Destino Reinante da Emanação {Param},I
65710,Destino Imortal da Emanação {Param},II
65711,Destino Primordial da Emanação {Param},II
65801,Destino Ressonante da Emanação {Param},III
65802,Superando a Culminação da Emanação,
65803,Despertando Destino da Emanação {Param},II
65804,Adjunto Destino da Emanação {Param},II
65805,Gravura Destino da Emanação {Param},III
65806,Piercing Destino da Emanação {Param},III
65807,Culminação Transcendente da Emanação,
65808,Destino Dominante da Emanação {Param},II
65809,Destino Reinante da Emanação {Param},II
65810,Destino Imortal da Emanação {Param},III
65811,Destino Primordial da Emanação {Param},III
65901,Culminação ressonante de emanação,
65902,Superando o Destino da Emanação {Param},III
65903,Despertando Destino da Emanação {Param},III
65904,Adjunto Destino da Emanação {Param},III
65905,Gravura Destino da Emanação {Param},IV
65906,Culminação Perfurante da Emanação,
65907,Destino Transcendente da Emanação {Param},III
65908,Destino Dominante da Emanação {Param},III
65909,Destino Reinante da Emanação {Param},III
65910,Destino Imortal da Emanação {Param},IV
65911,Culminação Primordial da Emanação,
66001,Destino Ressonante da Emanação {Param},IV
66002,Superando o Destino da Emanação {Param},IV
66003,Despertando Destino da Emanação {Param},IV
66004,Adjunto Destino da Emanação {Param},IV
66005,Gravura Culminação da Emanação,
66006,Piercing Destino da Emanação {Param},IV
66007,Destino Transcendente da Emanação {Param},IV
66008,Destino Dominante da Emanação {Param},IV
66009,Destino Reinante da Emanação {Param},IV
66010,Culminação Imortal da Emanação,
66011,Destino Primordial da Emanação {Param},IV
66101,Destino Ressonante da Emanação {Param},V
66102,Superando o Destino da Emanação {Param},V
66103,Despertando Destino da Emanação {Param},V
66104,Culminação Adjunta da Emanação {Param},II
66105,Gravura Destino da Emanação {Param},V
66106,Piercing Destino da Emanação {Param},V
66107,Destino Transcendente da Emanação {Param},V
66108,Destino Dominante da Emanação {Param},V
66109,Culminação Reinante da Emanação {Param},II
66110,Destino Imortal da Emanação {Param},V
66111,Destino Primordial da Emanação {Param},V
66201,Destino Ressonante dos Céus {Param},I
66202,Superando o Destino dos Céus {Param},I
66203,Culminação estimulante dos céus {Param},I
66204,Adjacente ao Destino dos Céus {Param},I
66205,Gravura Destino dos Céus {Param},I
66206,Piercing Destino dos Céus {Param},I
66207,Destino Transcendente dos Céus {Param},I
66208,Culminação Dominante dos Céus {Param},I
66209,Reinando Destino dos Céus {Param},I
66210,Destino Imortal dos Céus {Param},I
66211,Destino Primordial dos Céus {Param},I
66301,Destino Ressonante dos Céus {Param},II
66302,Superando a Culminação dos Céus,
66303,Despertando Destino dos Céus {Param},I
66304,Adjacente ao Destino dos Céus {Param},II
66305,Gravura Destino dos Céus {Param},II
66306,Piercing Destino dos Céus {Param},II
66307,Culminação Transcendente dos Céus,
66308,Destino dos Céus Dominante {Param},I
66309,Reinando Destino dos Céus {Param},II
66310,Destino Imortal dos Céus {Param},II
66311,Destino Primordial dos Céus {Param},II
66401,Culminação Ressonante dos Céus,
66402,Superando o Destino dos Céus {Param},II
66403,Despertando Destino dos Céus {Param},II
66404,Adjacente ao Destino dos Céus {Param},III
66405,Gravura Destino dos Céus {Param},III
66406,Culminação Perfurante dos Céus,
66407,Destino Transcendente dos Céus {Param},II
66408,Destino dos Céus Dominante {Param},II
66409,Reinando Destino dos Céus {Param},III
66410,Destino Imortal dos Céus {Param},III
66411,Culminação Primordial dos Céus,
66501,Destino Ressonante dos Céus {Param},III
66502,Superando o Destino dos Céus {Param},III
66503,Despertando Destino dos Céus {Param},III
66504,Adjacente ao Destino dos Céus {Param},IV
66505,Gravura Culminação dos Céus,
66506,Piercing Destino dos Céus {Param},III
66507,Destino Transcendente dos Céus {Param},III
66508,Destino dos Céus Dominante {Param},III
66509,Reinando Destino dos Céus {Param},IV
66510,Culminação Imortal dos Céus,
66511,Destino Primordial dos Céus {Param},III
66601,Destino Ressonante dos Céus {Param},IV
66602,Superando o Destino dos Céus {Param},IV
66603,Despertando Destino dos Céus {Param},IV
66604,Culminação Adjunta dos Céus,
66605,Gravura Destino dos Céus {Param},IV
66606,Piercing Destino dos Céus {Param},IV
66607,Destino Transcendente dos Céus {Param},IV
66608,Destino dos Céus Dominante {Param},IV
66609,Culminação Reinante dos Céus,
66610,Destino Imortal dos Céus {Param},IV
66611,Destino Primordial dos Céus {Param},IV
66701,Destino Ressonante dos Céus {Param},V
66702,Superando o Destino dos Céus {Param},V
66703,Culminação estimulante dos céus {Param},II
66704,Adjacente ao Destino dos Céus {Param},V
66705,Gravura Destino dos Céus {Param},V
66706,Piercing Destino dos Céus {Param},V
66707,Destino Transcendente dos Céus {Param},V
66708,Culminação Dominante dos Céus {Param},II
66709,Reinando Destino dos Céus {Param},V
66710,Destino Imortal dos Céus {Param},V
66711,Destino Primordial dos Céus {Param},V
66801,Resonating Destiny of Life {Param},I
66802,Superando a Culminação da Vida {Param},I
66803,Despertador Destino da Vida {Param},I
66804,Adjunto ao Destino da Vida {Param},I
66805,Gravura Destino da Vida {Param},I
66806,Perfurando o Destino da Vida {Param},I
66807,Culminação Transcendente da Vida {Param},I
66808,Dominant Destiny of Life {Param},I
66809,Reinando Destino da Vida {Param},I
66810,Destino Imortal da Vida {Param},I
66811,Destino Primordial da Vida {Param},I
66901,Culminação Ressonante da Vida,
66902,Superando o Destino da Vida {Param},I
66903,Despertador Destino da Vida {Param},II
66904,Adjunto ao Destino da Vida {Param},II
66905,Gravura Destino da Vida {Param},II
66906,Piercing Culminação da Vida,
66907,Destino Transcendente da Vida {Param},I
66908,Dominant Destiny of Life {Param},II
66909,Reinando Destino da Vida {Param},II
66910,Destino Imortal da Vida {Param},II
66911,Culminação Primordial da Vida,
67001,Resonating Destiny of Life {Param},II
67002,Superando o Destino da Vida {Param},II
67003,Despertador Destino da Vida {Param},III
67004,Adjunto ao Destino da Vida {Param},III
67005,Gravura Culminação da Vida,
67006,Perfurando o Destino da Vida {Param},II
67007,Destino Transcendente da Vida {Param},II
67008,Dominant Destiny of Life {Param},III
67009,Reinando Destino da Vida {Param},III
67010,Culminação Imortal da Vida,
67011,Destino Primordial da Vida {Param},II
67101,Resonating Destiny of Life {Param},III
67102,Superando o Destino da Vida {Param},III
67103,Despertador Destino da Vida {Param},IV
67104,Culminação Adjunta da Vida,
67105,Gravura Destino da Vida {Param},III
67106,Perfurando o Destino da Vida {Param},III
67107,Destino Transcendente da Vida {Param},III
67108,Dominant Destiny of Life {Param},IV
67109,Culminação Reinante da Vida,
67110,Destino Imortal da Vida {Param},III
67111,Destino Primordial da Vida {Param},III
67201,Resonating Destiny of Life {Param},IV
67202,Superando o Destino da Vida {Param},IV
67203,Culminação estimulante da vida,
67204,Adjunto ao Destino da Vida {Param},IV
67205,Gravura Destino da Vida {Param},IV
67206,Perfurando o Destino da Vida {Param},IV
67207,Destino Transcendente da Vida {Param},IV
67208,Culminação Dominante da Vida,
67209,Reinando Destino da Vida {Param},IV
67210,Destino Imortal da Vida {Param},IV
67211,Destino Primordial da Vida {Param},IV
67301,Resonating Destiny of Life {Param},V
67302,Superando a Culminação da Vida {Param},II
67303,Despertador Destino da Vida {Param},V
67304,Adjunto ao Destino da Vida {Param},V
67305,Gravura Destino da Vida {Param},V
67306,Perfurando o Destino da Vida {Param},V
67307,Culminação Transcendente da Vida {Param},II
67308,Dominant Destiny of Life {Param},V
67309,Reinando Destino da Vida {Param},V
67310,Destino Imortal da Vida {Param},V
67311,Destino Primordial da Vida {Param},V
67401,Culminação Ressonante do Insight {Param},I
67402,Superando o Destino do Insight {Param},I
67403,Despertando o destino do insight {Param},I
67404,Adicionado Destiny of Insight {Param},I
67405,Gravura Destino do Insight {Param},I
67406,Culminação Perfurante do Insight {Param},I
67407,Destino Transcendente do Insight {Param},I
67408,Dominant Destiny of Insight {Param},I
67409,Reinando Destino do Insight {Param},I
67410,Destino Imortal do Insight {Param},I
67411,Culminação Primordial do Insight {Param},I
67501,Destino Ressonante de Insight {Param},I
67502,Superando o Destino do Insight {Param},II
67503,Despertando o destino do insight {Param},II
67504,Adicionado Destiny of Insight {Param},II
67505,Gravura Culminação do Insight,
67506,Perfurando o Destino do Insight {Param},I
67507,Destino Transcendente do Insight {Param},II
67508,Dominant Destiny of Insight {Param},II
67509,Reinando Destino do Insight {Param},II
67510,Culminação Imortal do Insight,
67511,Destino Primordial do Insight {Param},I
67601,Destino Ressonante de Insight {Param},II
67602,Superando o Destino do Insight {Param},III
67603,Despertando o destino do insight {Param},III
67604,Culminação Adjunta do Insight,
67605,Gravura Destino do Insight {Param},II
67606,Perfurando o Destino do Insight {Param},II
67607,Destino Transcendente do Insight {Param},III
67608,Dominant Destiny of Insight {Param},III
67609,Culminação Reinante do Insight,
67610,Destino Imortal do Insight {Param},II
67611,Destino Primordial do Insight {Param},II
67701,Destino Ressonante de Insight {Param},III
67702,Superando o Destino do Insight {Param},IV
67703,Culminação estimulante do insight,
67704,Adicionado Destiny of Insight {Param},III
67705,Gravura Destino do Insight {Param},III
67706,Perfurando o Destino do Insight {Param},III
67707,Destino Transcendente do Insight {Param},IV
67708,Culminação Dominante do Insight,
67709,Reinando Destino do Insight {Param},III
67710,Destino Imortal do Insight {Param},III
67711,Destino Primordial do Insight {Param},III
67801,Destino Ressonante de Insight {Param},IV
67802,Superando a Culminação do Insight,
67803,Despertando o destino do insight {Param},IV
67804,Adicionado Destiny of Insight {Param},IV
67805,Gravura Destino do Insight {Param},IV
67806,Perfurando o Destino do Insight {Param},IV
67807,Culminação Transcendente do Insight,
67808,Dominant Destiny of Insight {Param},IV
67809,Reinando Destino do Insight {Param},IV
67810,Destino Imortal do Insight {Param},IV
67811,Destino Primordial do Insight {Param},IV
67901,Culminação Ressonante do Insight {Param},II
67902,Superando o Destino do Insight {Param},V
67903,Despertando o destino do insight {Param},V
67904,Adicionado Destiny of Insight {Param},V
67905,Gravura Destino do Insight {Param},V
67906,Culminação Perfurante do Insight {Param},II
67907,Destino Transcendente do Insight {Param},V
67908,Dominant Destiny of Insight {Param},V
67909,Reinando Destino do Insight {Param},V
67910,Destino Imortal do Insight {Param},V
67911,Culminação Primordial do Insight {Param},II
100001,Memória de intensidade fraca {Param},I
100002,Memória de intensidade fraca {Param},II
100003,Memória de intensidade de agitação,
100004,Memória de precisão oscilante,
100005,Memória de intensidade estável,
100006,Memória de intensidade aprimorada,
100007,Memória de luminosidade fraca {Param},I
100008,Memória de luminosidade fraca {Param},II
100009,Memória de luminosidade de agitação,
100010,Memória de luminosidade oscilante,
100011,Memória de luminosidade estável,
100012,Memória de luminosidade aprimorada,
100013,Memória de precisão fraca {Param},I
100014,Memória de precisão fraca {Param},II
100015,Memória de precisão fraca {Param},III
100016,Memória de precisão fraca {Param},IV
100017,Memória de precisão de agitação,
100018,Memória de precisão oscilante,
100019,Memória de precisão estável,
100020,Memória de precisão aprimorada,
100101,Memória de acuidade percebida {Param},I
100102,Memória de acuidade percebida {Param},II
100103,Memória de acuidade percebida {Param},III
100104,Memória da agudeza do brotamento,
100105,Memória de intensidade turbulenta {Param},I
100106,Memória de intensidade turbulenta {Param},II
100107,Memória de intensidade turbulenta {Param},III
100108,Memória de acuidade condensada,
100109,Memória de precisão nítida,
100110,Memória de luminosidade percebida {Param},I
100111,Memória de luminosidade percebida {Param},II
100112,Memória de luminosidade percebida {Param},III
100113,Memória da luminosidade do brotamento {Param},I
100114,Memória da luminosidade do brotamento {Param},II
100115,Memória de luminosidade turbulenta,
100116,Memória de luminosidade condensada,
100117,Memória de luminosidade nítida,
100118,Memória de precisão percebida {Param},I
100119,Memória de precisão percebida {Param},II
100120,Memória de precisão percebida {Param},III
100121,Memória de precisão percebida {Param},IV
100122,Memória de precisão percebida {Param},V
100123,Memória da precisão do brotamento {Param},I
100124,Memória da precisão do brotamento {Param},II
100125,Memória de precisão turbulenta,
100126,Memória de precisão condensada,
100127,Memória de precisão nítida,
100201,Memória de Agudeza Emergente {Param},I
100202,Memória de Agudeza Emergente {Param},II
100203,Memória de Agudeza do Amanhecer,
100204,Memória de agudeza do despertar,
100205,Memória de intensidade aprimorada {Param},I
100206,Memória de intensidade aprimorada {Param},II
100207,Memória de agudeza de contra-ataque,
100208,Memória de intensidade intermitente,
100209,Memória de intensidade resoluta,
100210,Memória de agudeza absoluta,
100211,Memória de luminosidade emergente {Param},I
100212,Memória de luminosidade emergente {Param},II
100213,Memória de Luminosidade do Amanhecer,
100214,Memória da luminosidade do despertar,
100215,Memória de luminosidade aprimorada {Param},I
100216,Memória de luminosidade aprimorada {Param},II
100217,Memória de contra-luminosidade,
100218,Memória de luminosidade intermitente,
100219,Memória de luminosidade resoluta,
100220,Memória de luminosidade absoluta,
100221,Memória de precisão emergente {Param},I
100222,Memória de precisão emergente {Param},II
100223,Memória de Precisão do Amanhecer,
100224,Memória da precisão do despertar,
100225,Memória de precisão aprimorada {Param},I
100226,Memória de precisão aprimorada {Param},II
100227,Memória de Precisão de Contra-ataque,
100228,Memória de precisão intermitente,
100229,Memória de precisão resoluta,
100230,Memória de precisão absoluta,
100501,Coração de foco fraco {Param},I
100502,Coração de foco fraco {Param},II
100503,Coração de Agitação Foco,
100504,Coração do foco oscilante,
100505,Coração de Foco Estável,
100506,Coração do Foco Aprimorado,
100507,Coração de Penetração Fraca {Param},I
100508,Coração de Penetração Fraca {Param},II
100509,Coração de Agitação Penetração,
100510,Coração da penetração oscilante,
100511,Coração de Penetração Estável,
100512,Coração de Penetração Aprimorada,
100513,Coração de fraca agilidade {Param},I
100514,Coração de fraca agilidade {Param},II
100515,Coração de Agitação Agilidade,
100516,Coração da agilidade oscilante,
100517,Coração de Agilidade Estável,
100518,Coração de Agilidade Aprimorada,
100601,Coração do Foco Percebido {Param},I
100602,Coração do Foco Percebido {Param},II
100603,Coração do Foco Percebido {Param},III
100604,Coração em foco,
100605,Coração do foco turbulento {Param},I
100606,Coração do foco turbulento {Param},II
100607,Coração do foco turbulento {Param},III
100608,Coração do Foco Condensado,
100609,Coração de foco nítido,
100610,Coração da Penetração Percebida {Param},I
100611,Coração da Penetração Percebida {Param},II
100612,Coração da Penetração Percebida {Param},III
100613,Penetração do coração em formação {Param},I
100614,Penetração do coração em formação {Param},II
100615,Coração da penetração turbulenta,
100616,Coração de Penetração Condensada,
100617,Coração de Penetração Afiada,
100618,Coração da Agilidade Percebida {Param},I
100619,Coração da Agilidade Percebida {Param},II
100620,Coração da Agilidade Percebida {Param},III
100621,Coração da Agilidade Iniciante {Param},I
100622,Coração da Agilidade Iniciante {Param},II
100623,Coração de Agilidade turbulenta,
100624,Coração da Agilidade Condensada,
100625,Coração de Agilidade Afiada,
100701,Coração do Foco Emergente {Param},I
100702,Coração do Foco Emergente {Param},II
100703,Foco no Coração do Amanhecer,
100704,Coração do Foco do Despertar,
100705,Coração de Foco Afiado {Param},I
100706,Coração de Foco Afiado {Param},II
100707,Coração do Contra-Foco,
100708,Coração de foco intermitente,
100709,Coração de Foco Resoluto,
100710,Coração do Foco Absoluto,
100711,Coração da Penetração Emergente {Param},I
100712,Coração da Penetração Emergente {Param},II
100713,Penetração do Coração do Amanhecer,
100714,Coração da Penetração do Despertar,
100715,Coração de Penetração Afiada {Param},I
100716,Coração de Penetração Afiada {Param},II
100717,Coração de Combater a Penetração,
100718,Coração de Penetração Flash,
100719,Coração de Penetração Resoluta,
100720,Coração da Penetração Absoluta,
100721,Coração da agilidade emergente {Param},I
100722,Coração da agilidade emergente {Param},II
100723,Agilidade do Coração da Alvorada,
100724,Coração da Agilidade do Despertar,
100725,Coração de Agilidade Aprimorada {Param},I
100726,Coração de Agilidade Aprimorada {Param},II
100727,Coração da agilidade de combate,
100728,Coração da Agilidade Flash,
100729,Coração da Agilidade Resoluta,
100730,Coração de agilidade absoluta,
101001,Traço de Aço Fraco {Param},I
101002,Traço de Aço Fraco {Param},II
101003,Traço de Aço Agitado,
101004,Traço de Aço Ondulante,
101005,Traço de Aço Estável,
101006,Traço de Aço Aprimorado,
101007,Traço de Fortitude Fraca {Param},I
101008,Traço de Fortitude Fraca {Param},II
101009,Traço de Fortitude Agitante,
101010,Traço de Fortitude Ondulante,
101011,Traço de Fortitude Estável,
101012,Rastreamento de Fortitude Aprimorada,
101013,Traço de Disciplina Fraca {Param},I
101014,Traço de Disciplina Fraca {Param},II
101015,Traço de Disciplina de Agitação,
101016,Traço de Disciplina Ondulante,
101017,Traço de Disciplina Estável,
101018,Traço de Disciplina Aprimorada,
101101,Traço de Aço Percebido {Param},I
101102,Traço de Aço Percebido {Param},II
101103,Traço de Aço Percebido {Param},III
101104,Traço de Aço Iniciante,
101105,Traço de Aço Turbulento,
101106,Traço de Aço Condensado,
101107,Traço de Aço Afiado,
101108,Traço de Fortitude Percebida {Param},I
101109,Traço de Fortitude Percebida {Param},II
101110,Traço de Fortitude Percebida {Param},III
101111,Traço de Fortitude Iniciante {Param},I
101112,Traço de Fortitude Iniciante {Param},II
101113,Traço de Fortitude Turbulenta,
101114,Traço de Fortitude Condensada,
101115,Traço de Fortitude Afiada,
101116,Traço de Disciplina Percebida {Param},I
101117,Traço de Disciplina Percebida {Param},II
101118,Traço de Disciplina Percebida {Param},III
101119,Traço de Disciplina Iniciante {Param},I
101120,Traço de Disciplina Iniciante {Param},II
101121,Traço de Disciplina Turbulenta,
101122,Traço de Disciplina Condensada,
101123,Traço de Disciplina Afiada,
101201,Traço de Aço Emergente {Param},I
101202,Traço de Aço Emergente {Param},II
101203,Traço de Aço do Amanhecer,
101204,Traço de Aço do Despertar,
101205,Traço de Aço Afiado {Param},I
101206,Traço de Aço Afiado {Param},II
101207,Traço de Aço de Contra-ataque,
101208,Traço de Aço Reluzente,
101209,Traço de Aço Resoluto,
101210,Traço de Aço Absoluto,
101211,Traço de Fortitude Emergente {Param},I
101212,Traço de Fortitude Emergente {Param},II
101213,Traço de Fortitude do Amanhecer,
101214,Traço de Fortitude do Despertar,
101215,Traço de Fortitude Afiada {Param},I
101216,Traço de Fortitude Afiada {Param},II
101217,Traço de Fortitude de Contra-ataque,
101218,Traço de Fortitude Relampejante,
101219,Traço de Fortitude Resoluta,
101220,Traço de Fortitude Absoluta,
101221,Traço de Disciplina Emergente {Param},I
101222,Traço de Disciplina Emergente {Param},II
101223,Traço de Disciplina do Amanhecer,
101224,Traço de Disciplina do Despertar,
101225,Traço de Disciplina Aprimorada {Param},I
101226,Traço de Disciplina Aprimorada {Param},II
101227,Traço de Disciplina de Contra-ataque,
101228,Traço de Disciplina Relampejante,
101229,Traço de Disciplina Resoluta,
101230,Traço de Disciplina Absoluta,
101501,Fragmento de equilíbrio fraco {Param},I
101502,Fragmento de equilíbrio fraco {Param},II
101503,Fragmento de Equilíbrio Agitante,
101504,Fragmento de equilíbrio oscilante,
101505,Fragmento de Equilíbrio Estável,
101506,Fragmento de equilíbrio aprimorado,
101507,Fragmento de silêncio fraco {Param},I
101508,Fragmento de silêncio fraco {Param},II
101509,Fragmento de Silêncio Agitante,
101510,Fragmento de silêncio oscilante,
101511,Fragmento de Silêncio Estável,
101512,Fragmento de silêncio aprimorado,
101513,Fragmento de furtividade fraca {Param},I
101514,Fragmento de furtividade fraca {Param},II
101515,Fragmento de furtividade fraca {Param},III
101516,Fragmento de furtividade fraca {Param},IV
101517,Fragmento de agitação furtiva,
101518,Fragmento de furtividade oscilante,
101519,Fragmento de Stealth Estável,
101520,Fragmento de Furtividade aprimorada,
101601,Fragmento de Equilíbrio Percebido {Param},I
101602,Fragmento de Equilíbrio Percebido {Param},II
101603,Fragmento de Equilíbrio Percebido {Param},III
101604,Fragmento do Equilíbrio Inicial,
101605,Fragmento de equilíbrio turbulento,
101606,Fragmento de saldo condensado,
101607,Fragmento de Equilíbrio Afiado,
101608,Fragmento de Silêncio Percebido {Param},I
101609,Fragmento de Silêncio Percebido {Param},II
101610,Fragmento de Silêncio Percebido {Param},III
101611,Fragmento de Silêncio Percebido {Param},IV
101612,Fragmento do Silêncio Inicial {Param},I
101613,Fragmento do Silêncio Inicial {Param},II
101614,Fragmento de silêncio turbulento {Param},I
101615,Fragmento de silêncio turbulento {Param},II
101616,Fragmento de silêncio turbulento {Param},III
101617,Fragmento de silêncio condensado,
101618,Fragmento de Silêncio Aguçado,
101619,Fragmento de Furtividade Percebida {Param},I
101620,Fragmento de Furtividade Percebida {Param},II
101621,Fragmento de Furtividade Percebida {Param},III
101622,Fragmento de Furtividade Percebida {Param},IV
101623,Fragmento do Silêncio Iniciante {Param},I
101624,Fragmento do Silêncio Iniciante {Param},II
101625,Fragmento de turbulência furtiva {Param},I
101626,Fragmento de turbulência furtiva {Param},II
101627,Fragmento de turbulência furtiva {Param},III
101628,Fragmento de Stealth condensado,
101629,Fragmento de Stealth Afiado,
101701,Fragmento de Equilíbrio Emergente {Param},I
101702,Fragmento de Equilíbrio Emergente {Param},II
101703,Fragmento de Saldo da Alvorada,
101704,Fragmento de Equilíbrio do Despertar,
101705,Fragmento de equilíbrio aprimorado,
101706,Fragmento de contrabalanço Fragmento,
101707,Fragmento de equilíbrio intermitente,
101708,Fragmento de Equilíbrio Resoluto,
101709,Fragmento de Equilíbrio Absoluto,
101710,Fragmento de silêncio emergente {Param},I
101711,Fragmento de silêncio emergente {Param},II
101712,Fragmento de Silêncio da Alvorada,
101713,Fragmento do Silêncio do Despertar,
101714,Fragmento de silêncio aprimorado,
101715,de Contra-Silêncio,
101716,Fragmento de silêncio intermitente,
101717,Fragmento de Silêncio Resoluto,
101718,Fragmento de Silêncio Absoluto,
101719,Fragmento de furtividade emergente {Param},I
101720,Fragmento de furtividade emergente {Param},II
101721,Fragmento de Furtividade da Alvorada,
101722,Fragmento do Silêncio do Despertar,
101723,Fragmento de Furtividade Aprimorada,
101724,Fragmento de Contra-Silêncio,
101725,Fragmento de silêncio intermitente,
101726,Fragmento de Furtividade Resoluta,
101727,Fragmento de Absolute Stealth,
102001,Sigilo de Proteção Fraca {Param},I
102002,Sigilo de Proteção Fraca {Param},II
102003,Sigilo de Proteção do Despertar,
102004,Sigilo de proteção oscilante,
102005,Sigilo de Proteção Estável,
102006,Sigilo de Proteção Aprimorada,
102007,Sigilo do Silêncio Fraco {Param},I
102008,Sigilo do Silêncio Fraco {Param},II
102009,Sigilo do Silêncio Agitador,
102010,Sigilo de silêncio oscilante,
102011,Sigilo de Silêncio Estável,
102012,Sigilo de Silêncio Aprimorado,
102013,Sigilo de Finesse Fraca {Param},I
102014,Sigilo de Finesse Fraca {Param},II
102015,Sigilo de Agitação Finesse,
102016,Sigilo de sutileza oscilante,
102017,Sigilo de Finesse Estável,
102018,Sigilo de Finesse Aprimorada,
102101,Sigilo de Proteção Percebida {Param},I
102102,Sigilo de Proteção Percebida {Param},II
102103,Sigilo de Proteção Percebida {Param},III
102104,Sigilo da Proteção do Brotamento,
102105,Sigilo de Proteção Turbulenta,
102106,Sigilo de Proteção Condensada,
102107,Sigilo de Proteção Afiada,
102108,Sigilo de Silêncio Percebido {Param},I
102109,Sigilo de Silêncio Percebido {Param},II
102110,Sigilo de Silêncio Percebido {Param},III
102111,Sigilo do Silêncio do Brotamento {Param},I
102112,Sigilo do Silêncio do Brotamento {Param},II
102113,Sigilo de Silêncio Turbulento,
102114,Sigilo de Silêncio Condensado,
102115,Sigilo de Silêncio Afiado,
102116,Sigilo de Sutileza Percebida {Param},I
102117,Sigilo de Sutileza Percebida {Param},II
102118,Sigilo de Sutileza Percebida {Param},III
102119,Sigilo da Finesse do Brotamento {Param},I
102120,Sigilo da Finesse do Brotamento {Param},II
102121,Sigilo da Sutileza Turbulenta,
102122,Sigilo da Finesse Condensada,
102123,Sigilo de Sutileza Afiada,
102201,Sigilo de Proteção Emergente {Param},I
102202,Sigilo de Proteção Emergente {Param},II
102203,Sigilo de Protecção do Amanhecer,
102204,Sigilo de Proteção do Despertar,
102205,Sigilo de Proteção Aprimorada,
102206,Sigilo de Contra-Protecção,
102207,Sigilo da Proteção Relâmpago,
102208,Sigilo de Proteção Resoluta,
102209,Sigilo de Proteção Absoluta,
102210,Sigilo de Silêncio Emergente {Param},I
102211,Sigilo de Silêncio Emergente {Param},II
102212,Sigilo do Silêncio do Amanhecer,
102213,Sigilo de Silêncio do Despertar,
102214,Sigilo de Silêncio Afiado,
102215,Sigilo de Contra-Silêncio,
102216,Sigilo do Silêncio Relâmpago,
102217,Sigilo de Silêncio Resoluto,
102218,Sigilo de Silêncio Absoluto,
102219,Sigilo de Refinamento Emergente {Param},I
102220,Sigilo de Refinamento Emergente {Param},II
102221,Sigilo de Refinamento do Amanhecer,
102222,Sigilo de Sutileza do Despertar,
102223,Sigilo da Refinamento Afiado,
102224,Sigilo de Contra-Silêncio,
102225,Sigilo do Silêncio Relâmpago,
102226,Sigilo de Sigilo Resoluto,
102227,Sigilo de Sutileza Absoluta,
102501,Voto de Arcana Fraca {Param},I
102502,Voto de Arcana Fraca {Param},II
102503,Voto de Agitação Arcana,
102504,Voto de Arcana Ondulante,
102505,Voto de Estável Arcano,
102506,Voto de Arcana Aprimorada,
102507,Voto de Esplendor Fraco {Param},I
102508,Voto de Esplendor Fraco {Param},II
102509,Voto de Agitação Radiância,
102510,Voto de Radiância Ondulante,
102511,Voto de Radiância Estável,
102512,Voto de Radiância Aprimorada,
102513,Voto de Rapidez Fraca {Param},I
102514,Voto de Rapidez Fraca {Param},II
102515,Voto de Agitação Rapidez,
102516,Voto de Rapidez Ondulante,
102517,Voto de Rapidez Estável,
102518,Voto de Rapidez Aprimorada,
102601,Voto de Arcana Percebida {Param},I
102602,Voto de Arcana Percebida {Param},II
102603,Voto de Arcana Percebida {Param},III
102604,Voto de Arcana Iniciante,
102605,Voto de Arcano Turbulento,
102606,Voto de Arcana Condensada,
102607,Voto de Arcanos Afiados,
102608,Voto de Radiância Percebida {Param},I
102609,Voto de Radiância Percebida {Param},II
102610,Voto de Radiância Percebida {Param},III
102611,Voto de Radiância Iniciante {Param},I
102612,Voto de Radiância Iniciante {Param},II
102613,Voto de Radiância Turbulenta,
102614,Voto de Radiância Condensada,
102615,Voto de Radiância Afiada,
102616,Voto de Rapidez Percebida {Param},I
102617,Voto de Rapidez Percebida {Param},II
102618,Voto de Rapidez Percebida {Param},III
102619,Voto de Rapidez Inicial {Param},I
102620,Voto de Rapidez Inicial {Param},II
102621,Voto de Rapidez Turbulenta,
102622,Voto de Rapidez Condensada,
102623,Voto de Rapidez Afiada,
102701,Voto do Resplendor Emergente {Param},I
102702,Voto do Resplendor Emergente {Param},II
102703,Voto do Arcanismo do Amanhecer,
102704,Voto de Despertar Arcana,
102705,Voto de Arcanos Afiados,
102706,Voto de Contrariar os Arcanos,
102707,Voto de Arcanos Relampejantes,
102708,Voto de Arcana Resoluta,
102709,Voto de Arcana Absoluta,
102710,Voto do Resplendor Emergente {Param},I
102711,Voto do Resplendor Emergente {Param},II
102712,Voto do Resplendor do Amanhecer,
102713,Voto de Despertar Radiância,
102714,Voto de Resplendor Afiado,
102715,Voto de Contrariar a Radiância,
102716,Voto de Relampejo Resplendor,
102717,Voto de Radiância Resoluta,
102718,Voto de Radiância Absoluta,
102719,Voto de Rapidez Emergente {Param},I
102720,Voto de Rapidez Emergente {Param},II
102721,Voto da Rapidez do Amanhecer,
102722,Voto de Rapidez do Despertar,
102723,Voto de Rapidez Refinada,
102724,Voto de Contrariar Rapidez,
102725,Voto de Rapidez Reluzente,
102726,Voto de Rapidez Resoluta,
102727,Voto de Rapidez Absoluta,
103001,Pacto de intensidade fraca {Param},I
103002,Pacto de intensidade fraca {Param},II
103003,Pacto de Penetração do Despertar,
103004,Pacto de intensidade oscilante,
103005,Pacto de Agudeza Estável,
103006,Pacto de intensidade aprimorada,
103007,Pacto de luminosidade fraca {Param},I
103008,Pacto de luminosidade fraca {Param},II
103009,Pacto de Luminosidade Agitante,
103010,Pacto de luminosidade oscilante,
103011,Pacto de Luminosidade Estável,
103012,Pacto de luminosidade aprimorada,
103013,Pacto de penetração fraca {Param},I
103014,Pacto de penetração fraca {Param},II
103015,Pacto de Penetração Agitante,
103016,Pacto de penetração oscilante,
103017,Pacto de Penetração Estável,
103018,Pacto de penetração aprimorada,
103101,Pacto de Agudeza Percebida {Param},I
103102,Pacto de Agudeza Percebida {Param},II
103103,Pacto de Agudeza Percebida {Param},III
103104,Pacto de Agudeza Iniciante,
103105,Pacto de Agudeza Turbulenta,
103106,Pacto de intensidade condensada,
103107,Pacto de Penetração Afiada,
103108,Pacto de Luminosidade Percebida {Param},I
103109,Pacto de Luminosidade Percebida {Param},II
103110,Pacto de Luminosidade Percebida {Param},III
103111,Pacto de luminosidade crescente,
103112,Pacto de luminosidade turbulenta,
103113,Pacto de luminosidade condensada,
103114,Pacto de Luminosidade Afiada,
103115,Pacto de Penetração Percebida {Param},I
103116,Pacto de Penetração Percebida {Param},II
103117,Pacto de Penetração Percebida {Param},III
103118,Pacto de penetração inicial,
103119,Pacto de penetração turbulenta,
103120,Pacto de penetração condensada,
103121,Pacto de Penetração Afiada,
103201,Pacto de Agudeza Emergente {Param},I
103202,Pacto de Agudeza Emergente {Param},II
103203,Pacto de Agudeza do Amanhecer,
103204,Pacto de Penetração do Despertar,
103205,Pacto de Afiação Afiada {Param},I
103206,Pacto de Afiação Afiada {Param},II
103207,Pacto de Contra-Agudeza,
103208,Pacto de intensidade intermitente,
103209,Pacto de Agudeza Resoluta,
103210,Pacto de entusiasmo absoluto,
103211,Pacto de Luminosidade Emergente {Param},I
103212,Pacto de Luminosidade Emergente {Param},II
103213,Pacto de Luminosidade do Amanhecer,
103214,Pacto de Luminosidade Desperta,
103215,Pacto de Luminosidade Afiada {Param},I
103216,Pacto de Luminosidade Afiada {Param},II
103217,Pacto de Contra-Luminosidade,
103218,Pacto de luminosidade intermitente,
103219,Pacto de Luminosidade Resoluta,
103220,Pacto de Luminosidade Absoluta,
103221,Pacto de Penetração Emergente {Param},I
103222,Pacto de Penetração Emergente {Param},II
103223,Pacto de Penetração Nascente,
103224,Pacto de Penetração do Despertar,
103225,Pacto de Penetração Afiada {Param},I
103226,Pacto de Penetração Afiada {Param},II
103227,Pacto de Contra-Penetração,
103228,Pacto de penetração intermitente,
103229,Pacto de Penetração Resoluta,
103230,Pacto de Penetração Absoluta,
103501,Juramento de foco fraco {Param},I
103502,Juramento de foco fraco {Param},II
103503,Juramento de Foco Agitante,
103504,Juramento de foco oscilante,
103505,Juramento de Foco Estável,
103506,Juramento de Foco Aprimorado,
103507,Juramento de precisão fraca {Param},I
103508,Juramento de precisão fraca {Param},II
103509,Juramento de Precisão Agitante,
103510,Juramento de precisão oscilante,
103511,Juramento de Precisão Estável,
103512,Juramento de Precisão Aprimorada,
103513,Juramento de fortaleza fraca {Param},I
103514,Juramento de fortaleza fraca {Param},II
103515,Juramento de Fortitude Agitante,
103516,Juramento de fortaleza oscilante,
103517,Juramento de Fortitude Estável,
103518,Juramento de Fortitude Aprimorada,
103601,Juramento de foco percebido {Param},I
103602,Juramento de foco percebido {Param},II
103603,Juramento de foco percebido {Param},III
103604,Juramento do Brotamento Foco,
103605,Juramento de Foco Turbulento,
103606,Juramento de Foco Condensado,
103607,Juramento de Foco Afiado,
103608,Juramento de precisão percebida {Param},I
103609,Juramento de precisão percebida {Param},II
103610,Juramento de precisão percebida {Param},III
103611,Juramento do Brotamento Precisão,
103612,Juramento de precisão turbulenta,
103613,Juramento de Precisão Condensada,
103614,Juramento de Precisão Afiada,
103615,Juramento de fortaleza percebida {Param},I
103616,Juramento de fortaleza percebida {Param},II
103617,Juramento de fortaleza percebida {Param},III
103618,Juramento da Brotação Fortitude,
103619,Juramento de Fortaleza Turbulenta,
103620,Juramento de Fortitude Condensada,
103621,Juramento de Fortitude Afiada,
103701,Juramento de Foco Emergente {Param},I
103702,Juramento de Foco Emergente {Param},II
103703,Juramento de Foco do Amanhecer,
103704,Juramento do Despertar Foco,
103705,Juramento de Foco Afiado {Param},I
103706,Juramento de Foco Afiado {Param},II
103707,Juramento de Contra-Foco,
103708,Juramento de foco intermitente,
103709,Juramento de Foco Resoluto,
103710,Juramento de foco absoluto,
103711,Juramento de Precisão Emergente {Param},I
103712,Juramento de Precisão Emergente {Param},II
103713,Juramento de Precisão do Amanhecer,
103714,Juramento da Precisão do Despertar,
103715,Juramento de precisão aprimorada {Param},I
103716,Juramento de precisão aprimorada {Param},II
103717,Juramento de Precisão de Contra-ataque,
103718,Juramento de Precisão Relampejante,
103719,Juramento de Precisão Resoluta,
103720,Juramento de precisão absoluta,
103721,Juramento de Foco Emergente Fortitude {Param},I
103722,Juramento de Foco Emergente Fortitude {Param},II
103723,Juramento de Fortitude do Amanhecer,
103724,Juramento da Fortitude do Despertar,
103725,Juramento de Fortitude Afiada {Param},I
103726,Juramento de Fortitude Afiada {Param},II
103727,Juramento de Contra-Fortitude,
103728,Juramento de Fortitude Relampejante,
103729,Juramento de Fortitude Resoluta,
103730,Juramento de fortaleza absoluta,
104001,Oração de Aço Fraco {Param},I
104002,Oração de Aço Fraco {Param},II
104003,Oração do Aço Agitador,
104004,Oração do aço vacilante,
104005,Oração do Aço Estável,
104006,Oração de Aço Aprimorado,
104007,Oração de Disciplina Fraca {Param},I
104008,Oração de Disciplina Fraca {Param},II
104009,Oração da Disciplina de Agitação,
104010,Oração da disciplina vacilante,
104011,Oração da Disciplina Estável,
104012,Oração de Disciplina Aprimorada,
104013,Oração de Agilidade Fraca {Param},I
104014,Oração de Agilidade Fraca {Param},II
104015,Oração da Agilidade Agitadora,
104016,Oração da Agilidade Vacilante,
104017,Oração da Agilidade Estável,
104018,Oração da Agilidade Aprimorada,
104101,Oração do Aço Percebido {Param},I
104102,Oração do Aço Percebido {Param},II
104103,Oração do Aço Percebido {Param},III
104104,Oração do Aço Iniciante,
104105,Oração do Aço Turbulento,
104106,Oração de Aço Condensado,
104107,Oração do Aço Afiado,
104108,Oração da Disciplina Percebida {Param},I
104109,Oração da Disciplina Percebida {Param},II
104110,Oração da Disciplina Percebida {Param},III
104111,Oração da Disciplina Iniciante,
104112,Oração da Disciplina Turbulenta,
104113,Oração da Disciplina Condensada,
104114,Oração da Disciplina Afiada,
104115,Oração da Agilidade Percebida {Param},I
104116,Oração da Agilidade Percebida {Param},II
104117,Oração da Agilidade Percebida {Param},III
104118,Oração da Agilidade Iniciante,
104119,Oração da Agilidade Turbulenta,
104120,Oração da Agilidade Condensada,
104121,Oração da Agilidade Afiada,
104201,Oração do Aço Emergente {Param},I
104202,Oração do Aço Emergente {Param},II
104203,Oração do Amanhecer Aço,
104204,Oração do Aço do Despertar,
104205,Oração do Aço Afiado {Param},I
104206,Oração do Aço Afiado {Param},II
104207,Oração da Disciplina do Amanhecer,
104208,Oração do Aço Relâmpago,
104209,Oração do Aço Resoluto,
104210,Oração do Aço Absoluto,
104211,Oração da Disciplina Emergente {Param},I
104212,Oração da Disciplina Emergente {Param},II
104213,Oração da Disciplina do Amanhecer,
104214,Oração da Disciplina do Despertar,
104215,Oração da Disciplina Afiada {Param},I
104216,Oração da Disciplina Afiada {Param},II
104217,Oração da Disciplina de Contra-ataque,
104218,Oração da Disciplina Relâmpago,
104219,Oração da Disciplina Resoluta,
104220,Oração da Disciplina Absoluta,
104221,Oração da Agilidade Emergente {Param},I
104222,Oração da Agilidade Emergente {Param},II
104223,Oração da Agilidade do Amanhecer,
104224,Oração da Agilidade do Despertar,
104225,Oração da Agilidade Aprimorada {Param},I
104226,Oração da Agilidade Aprimorada {Param},II
104227,Oração da Agilidade de Contra-ataque,
104228,Oração da Agilidade Relâmpago,
104229,Oração da Agilidade Resoluta,
104230,Oração da Agilidade Absoluta,
104501,Bênção da sutileza fraca {Param},I
104502,Bênção da sutileza fraca {Param},II
104503,Bênção de Agitação Finesse,
104504,Bênção da sutileza vacilante,
104505,Bênção da Finesse Estável,
104506,Bênção da sutileza aprimorada,
104507,Bênção do silêncio fraco {Param},I
104508,Bênção do silêncio fraco {Param},II
104509,Bênção do Silêncio Agitador,
104510,Bênção do silêncio vacilante,
104511,Bênção do Silêncio Estável,
104512,Bênção do silêncio aprimorado,
104513,Bênção da furtividade fraca {Param},I
104514,Bênção da furtividade fraca {Param},II
104515,Bênção de Agitação Furtiva,
104516,Bênção da Furtividade Indecisa,
104517,Bênção da Furtividade Estável,
104518,Bênção da furtividade aprimorada,
104601,Bênção da sutileza percebida {Param},I
104602,Bênção da sutileza percebida {Param},II
104603,Bênção da sutileza percebida {Param},III
104604,Bênção da sutileza do brotamento,
104605,Bênção da sutileza turbulenta,
104606,Bênção da sutileza condensada,
104607,Bênção da sutileza afiada,
104608,Bênção do silêncio percebido {Param},I
104609,Bênção do silêncio percebido {Param},II
104610,Bênção do silêncio percebido {Param},III
104611,Bênção do silêncio do brotamento,
104612,Bênção do Silêncio Turbulento,
104613,Bênção do Silêncio Condensado,
104614,Bênção do silêncio afiado,
104615,Bênção da furtividade percebida {Param},I
104616,Bênção da furtividade percebida {Param},II
104617,Bênção da furtividade percebida {Param},III
104618,Bênção da furtividade do brotamento,
104619,Bênção da Furtividade Turbulenta,
104620,Bênção da Furtividade Condensada,
104621,Bênção da Furtividade Afiada,
104701,Bênção da Finesse Emergente {Param},I
104702,Bênção da Finesse Emergente {Param},II
104703,Bênção do Silêncio do Amanhecer,
104704,Bênção da Sutileza do Despertar,
104705,Bênção da Furtividade Afiada,
104706,Bênção do Contra-Silêncio,
104707,Bênção da sutileza brilhante,
104708,Bênção da sutileza resoluta,
104709,Bênção da Finesse Absoluta,
104710,Bênção do Silêncio Emergente {Param},I
104711,Bênção do Silêncio Emergente {Param},II
104712,Bênção do Silêncio do Amanhecer,
104713,Bênção do Silêncio do Despertar,
104714,Bênção do Silêncio Afiado,
104715,Bênção do Contra-Silêncio,
104716,Bênção do silêncio brilhante,
104717,Bênção do silêncio resoluto,
104718,Bênção do Silêncio Absoluto,
104719,Bênção da Furtividade Emergente {Param},I
104720,Bênção da Furtividade Emergente {Param},II
104721,Bênção da Furtividade Nascente,
104722,Bênção da Furtividade do Despertar,
104723,Bênção da Furtividade Afiada,
104724,Bênção do Contra-Silêncio,
104725,Bênção da Furtividade Reluzente,
104726,Bênção da furtividade resoluta,
104727,Bênção da Absolute Stealth,
105001,Onda de Arcanos Fracos {Param},I
105002,Onda de Arcanos Fracos {Param},II
105003,Onda de Silêncio Agitante,
105004,Onda de mistério oscilante,
105005,Onda de Arcanos Estáveis,
105006,Onda de Arcanos Aprimorados,
105007,Onda de silêncio fraco {Param},I
105008,Onda de silêncio fraco {Param},II
105009,Onda de Silêncio Agitante,
105010,Onda de silêncio oscilante,
105011,Onda de Silêncio Estável,
105012,Onda de Silêncio Aprimorado,
105013,Onda de equilíbrio fraco {Param},I
105014,Onda de equilíbrio fraco {Param},II
105015,Onda de Equilíbrio Agitante,
105016,Onda de equilíbrio oscilante,
105017,Onda de Equilíbrio Estável,
105018,Onda de Equilíbrio Aprimorado,
105101,Onda de Arcana Percebida {Param},I
105102,Onda de Arcana Percebida {Param},II
105103,Onda de Arcana Percebida {Param},III
105104,Onda de Arcana Iniciante,
105105,Onda de Arcana Turbulenta,
105106,Onda de Arcana Condensada,
105107,Onda de Arcanos Afiados,
105108,Onda de Silêncio Percebido {Param},I
105109,Onda de Silêncio Percebido {Param},II
105110,Onda de Silêncio Percebido {Param},III
105111,Onda de Silêncio Iniciante,
105112,Onda de silêncio turbulento,
105113,Onda de Silêncio Condensado,
105114,Onda de Silêncio Afiado,
105115,Onda de Equilíbrio Percebido {Param},I
105116,Onda de Equilíbrio Percebido {Param},II
105117,Onda de Equilíbrio Percebido {Param},III
105118,Onda de Equilíbrio Iniciante,
105119,Onda de equilíbrio turbulento,
105120,Onda de Equilíbrio Condensado,
105121,Onda de Equilíbrio Afiado,
105201,Onda de Arcanos Emergentes {Param},I
105202,Onda de Arcanos Emergentes {Param},II
105203,Onda de Arcana Nascente,
105204,Onda de Arcana do Despertar,
105205,Onda de Arcanos Afiados,
105206,Onda de Contra-Silêncio,
105207,Onda de Arcana brilhante,
105208,Onda de Arcana Resoluta,
105209,Onda de Arcano Absoluto,
105210,Onda de Silêncio Emergente {Param},I
105211,Onda de Silêncio Emergente {Param},II
105212,Onda de Silêncio do Amanhecer,
105213,Onda de Silêncio do Despertar,
105214,Onda de Silêncio Afiado,
105215,Onda de Contra-Silêncio,
105216,Onda de Silêncio Reluzente,
105217,Onda de Silêncio Resoluto,
105218,Onda de Silêncio Absoluto,
105219,Onda de Equilíbrio Emergente {Param},I
105220,Onda de Equilíbrio Emergente {Param},II
105221,Onda de Equilíbrio do Amanhecer,
105222,Onda de Equilíbrio do Despertar,
105223,Onda de Equilíbrio Afiado,
105224,Onda de Contra-equilíbrio,
105225,Onda de equilíbrio brilhante,
105226,Onda de Equilíbrio Resoluto,
105227,Onda de Equilíbrio Absoluto,
105501,Aspecto de proteção fraca {Param},I
105502,Aspecto de proteção fraca {Param},II
105503,Aspecto de proteção de agitação,
105504,Aspecto de proteção oscilante,
105505,Aspecto de proteção estável,
105506,Aspecto de proteção aprimorada,
105507,Aspecto de brilho fraco {Param},I
105508,Aspecto de brilho fraco {Param},II
105509,Aspecto de brilho de agitação,
105510,Aspecto da Radiância Ondulante,
105511,Aspecto de brilho estável,
105512,Aspecto de brilho aprimorado,
105513,Aspecto de brilho fraco {Param},I
105514,Aspecto de brilho fraco {Param},II
105515,Aspecto de rapidez de agitação,
105516,Aspecto da Rapidez Ondulante,
105517,Aspecto de rapidez estável,
105518,Aspecto de rapidez aprimorada,
105601,Aspecto de Proteção Percebida {Param},I
105602,Aspecto de Proteção Percebida {Param},II
105603,Aspecto de Proteção Percebida {Param},III
105604,Aspecto da proteção do brotamento,
105605,Aspecto de proteção turbulenta,
105606,Aspecto da proteção condensada,
105607,Aspecto de proteção nítida,
105608,Aspecto de Radiância Percebida {Param},I
105609,Aspecto de Radiância Percebida {Param},II
105610,Aspecto de Radiância Percebida {Param},III
105611,Aspecto do brilho do brotamento,
105612,Aspecto de brilho turbulento,
105613,Aspecto de brilho condensado,
105614,Aspecto de brilho nítido,
105615,Aspecto da Rapidez Percebida {Param},I
105616,Aspecto da Rapidez Percebida {Param},II
105617,Aspecto da Rapidez Percebida {Param},III
105618,Aspecto da rapidez do brotamento,
105619,Aspecto de rapidez turbulenta,
105620,Aspecto de rapidez condensada,
105621,Aspecto de rapidez nítida,
105701,Aspecto da proteção emergente {Param},I
105702,Aspecto da proteção emergente {Param},II
105703,Aspecto de proteção de alvorada,
105704,Aspecto de Proteção do Despertar,
105705,Aspecto de Proteção Aprimorada,
105706,Aspecto de contra-proteção,
105707,Aspecto de proteção brilhante,
105708,Aspecto da Proteção Resoluta,
105709,Aspecto de Proteção Absoluta,
105710,Aspecto do brilho emergente {Param},I
105711,Aspecto do brilho emergente {Param},II
105712,Aspecto do brilho do amanhecer,
105713,Aspecto do brilho do despertar,
105714,Aspecto de Radiância Afiada,
105715,Aspecto de contra-radiância,
105716,Aspecto de brilho brilhante,
105717,Aspecto da Radiância Resoluta,
105718,Aspecto de Radiância Absoluta,
105719,Aspecto de rapidez emergente {Param},I
105720,Aspecto de rapidez emergente {Param},II
105721,Aspecto da rapidez do amanhecer,
105722,Aspecto da rapidez do despertar,
105723,Aspecto de Rapidez Aprimorada,
105724,Aspecto de contra-rapidez,
105725,Aspecto de Rapidez Reluzente,
105726,Aspecto da Rapidez Resoluta,
105727,Aspecto de Rapidez Absoluta,
106001,Pilar do Estigma Fraco {Param},I
106002,Pilar do Estigma Fraco {Param},II
106003,Pilar do Estigma Agitante,
106004,Pilar do estigma oscilante,
106005,Pilar do Estigma Estável,
106006,Pilar de estigma aprimorado,
106007,Pilar do Assassinato Fraco {Param},I
106008,Pilar do Assassinato Fraco {Param},II
106009,Pilar do Assassinato Agitante,
106010,Pilar do assassinato oscilante,
106011,Pilar do Assassinato Estável,
106012,Pilar de assassinato aprimorado,
106013,Pilar de fraca precisão {Param},I
106014,Pilar de fraca precisão {Param},II
106015,Pilar da Precisão de Agitação,
106016,Pilar da precisão oscilante,
106017,Pilar da Precisão Estável,
106018,Pilar de precisão aprimorada,
106101,Pilar do Estigma Percebido {Param},I
106102,Pilar do Estigma Percebido {Param},II
106103,Pilar do Estigma Percebido {Param},III
106104,Pilar do Estigma do Brotamento,
106105,Pilar do Estigma Turbulento,
106106,Pilar do Estigma Condensado,
106107,Pilar do Estigma Afiado,
106108,Pilar do Assassinato Percebido {Param},I
106109,Pilar do Assassinato Percebido {Param},II
106110,Pilar do Assassinato Percebido {Param},III
106111,Pilar do Assassinato do Brotamento,
106112,Pilar do Assassinato Turbulento,
106113,Pilar do Assassinato Condensado,
106114,Pilar do Assassinato Afiado,
106115,Pilar da percepção Precisão {Param},I
106116,Pilar da percepção Precisão {Param},II
106117,Pilar da percepção Precisão {Param},III
106118,Pilar da Precisão do Brotamento,
106119,Pilar da Precisão Turbulenta,
106120,Pilar da Precisão Condensada,
106121,Pilar da Precisão Aguçada,
106201,Pilar do Estigma Emergente {Param},I
106202,Pilar do Estigma Emergente {Param},II
106203,Pilar do Estigma do Amanhecer,
106204,Pilar do Estigma do Despertar,
106205,Pilar do estigma afiado,
106206,Pilar de Combate ao Estigma,
106207,Pilar do estigma brilhante,
106208,Pilar do Estigma Resoluto,
106209,Pilar de Estigma Absoluto,
106210,Pilar do Assassinato Emergente {Param},I
106211,Pilar do Assassinato Emergente {Param},II
106212,Pilar do Assassinato do Amanhecer,
106213,Pilar de Despertando Assassinato,
106214,Pilar do assassinato afiado,
106215,Pilar de Combate ao Assassinato,
106216,Pilar do Assassinato Brilhante,
106217,Pilar do Assassinato Resoluto,
106218,Pilar de Assassinato Absoluto,
106219,Pilar da Precisão Emergente {Param},I
106220,Pilar da Precisão Emergente {Param},II
106221,Pilar da Precisão do Amanhecer,
106222,Pilar de Precisão do Despertar,
106223,Pilar da precisão afiada,
106224,Pilar de Combate ao Estigma,
106225,Pilar da Precisão Brilhante,
106226,Pilar da Precisão Resoluta,
106227,Pilar de Absolute Accuracy,
106501,Origem da lealdade fraca {Param},I
106502,Origem da lealdade fraca {Param},II
106503,Origem da Lealdade Agitante,
106504,Origem da Lealdade Vacilante,
106505,Origem da Lealdade Estável,
106506,Origem da Lealdade Aprimorada,
106507,Origem do mistério fraco {Param},I
106508,Origem do mistério fraco {Param},II
106509,Origem do Mistério Agitante,
106510,Origin of Wavering Mystery,
106511,Origem do Mistério Estável,
106512,Origem do mistério aprimorado,
106601,Origem da Lealdade Percebida {Param},I
106602,Origem da Lealdade Percebida {Param},II
106603,Origem da Lealdade Percebida {Param},III
106604,Origem da Lealdade Nascente,
106605,Origem da Lealdade Turbulenta,
106606,Origem da Lealdade Condensada,
106607,Origem da Lealdade Afiada,
106608,Origem do Mistério Percebido {Param},I
106609,Origem do Mistério Percebido {Param},II
106610,Origem do Mistério Percebido {Param},III
106611,Origem do Mistério Inicial,
106612,Origem do Mistério Turbulento,
106613,Origem do Mistério Condensado,
106614,Origem do Mistério Afiado,
106701,Origem da Lealdade Emergente {Param},I
106702,Origem da Lealdade Emergente {Param},II
106703,Origem do Amanhecer Lealdade,
106704,Origem do Despertar da Lealdade,
106705,Origem da Lealdade Aprimorada,
106706,Origem da Lealdade de Combate,
106707,Origem da lealdade brilhante,
106708,Origem da Lealdade Resoluta,
106709,Origem da Lealdade Absoluta,
106710,Origem do Mistério Emergente {Param},I
106711,Origem do Mistério Emergente {Param},II
106712,Origem do Mistério Nascente,
106713,Origem do Despertar do Mistério,
106714,Origem do Mistério Afiado,
106715,Origem do Mistério de Combate,
106716,Origem do Mistério Reluzente,
106717,Origem do Mistério Resoluto,
106718,Origem do Mistério Absoluto,
107001,Essência de intensidade fraca {Param},I
107002,Essência de intensidade fraca {Param},II
107003,Essência de Agudeza Agitante,
107004,Essência da Agudeza Oscilante,
107005,Essência de Estável Acuidade,
107006,Essência da agudeza aprimorada,
107007,Essência de luminosidade fraca {Param},I
107008,Essência de luminosidade fraca {Param},II
107009,Essência de Luminosidade Agitante,
107010,Essência da Luminosidade Oscilante,
107011,Essência de Luminosidade Estável,
107012,Essência de luminosidade aprimorada,
107013,Essência de precisão fraca {Param},I
107014,Essência de precisão fraca {Param},II
107015,Essência de Precisão Agitante,
107016,Essência da Precisão Oscilante,
107017,Essência de Precisão Estável,
107018,Essência de precisão aprimorada,
107101,Essência da acuidade percebida {Param},I
107102,Essência da acuidade percebida {Param},II
107103,Essência da acuidade percebida {Param},III
107104,Essência da Agudeza Inicial,
107105,Essência da Agudeza Turbulenta,
107106,Essência de Agudeza Condensada,
107107,Essência de Afiada Afiação,
107108,Essência da luminosidade percebida {Param},I
107109,Essência da luminosidade percebida {Param},II
107110,Essência da luminosidade percebida {Param},III
107111,Essência da Luminosidade Iniciante,
107112,Essência da Luminosidade Turbulenta,
107113,Essência de Luminosidade Condensada,
107114,Essência de Luminosidade Afiada,
107115,Essência da precisão percebida {Param},I
107116,Essência da precisão percebida {Param},II
107117,Essência da precisão percebida {Param},III
107118,Essência de Precisão de Brotamento,
107119,Essência da Precisão Turbulenta,
107120,Essência de Precisão Condensada,
107121,Essência de Precisão Afiada,
107201,Essência da agudeza emergente {Param},I
107202,Essência da agudeza emergente {Param},II
107203,Essência da Agudeza do Amanhecer,
107204,Essência da Agudeza do Despertar,
107205,Essência da Afiação Afiada,
107206,Essência da Agudeza de Contra-ataque,
107207,Essência da Agudeza Brilhante,
107208,Essência da perspicácia resoluta,
107209,Essência da Precisão Absoluta,
107210,Essência da luminosidade emergente {Param},I
107211,Essência da luminosidade emergente {Param},II
107212,Essência da Luminosidade do Amanhecer,
107213,Essência da Luminosidade do Despertar,
107214,Essência da Luminosidade Afiada,
107215,Essência de Contra-Luminosidade,
107216,Essência do Brilho Luminosidade,
107217,Essência de Luminosidade Resoluta,
107218,Essência da Luminosidade Absoluta,
107219,Essência da precisão emergente {Param},I
107220,Essência da precisão emergente {Param},II
107221,Essência da Precisão do Amanhecer,
107222,Essência da Precisão do Despertar,
107223,Essência da Precisão Afiada,
107224,Essência da Precisão de Contra-ataque,
107225,Essência de Precisão Reluzente,
107226,Essência de Precisão Resoluta,
107227,Essência da Precisão Absoluta,
107501,de foco fraco {Param},I
107502,de foco fraco {Param},II
107503,Selo de Foco de Agitação,
107504,Selo do Foco Oscilante,
107505,Selo de Foco Estável,
107506,Selo de foco aprimorado,
107507,Selo de penetração fraca {Param},I
107508,Selo de penetração fraca {Param},II
107509,Selo de Penetração de Agitação,
107510,Selo da Penetração Oscilante,
107511,Selo de Penetração Estável,
107512,Selo de penetração aprimorada Selo,
107513,Selo de fortaleza fraca {Param},I
107514,Selo de fortaleza fraca {Param},II
107515,Selo de Fortitude de Agitação,
107516,Selo da Fortitude Oscilante,
107517,Selo de Fortitude Estável,
107518,Selo de fortaleza aprimorada,
107601,Selo de Foco Percebido {Param},I
107602,Selo de Foco Percebido {Param},II
107603,Selo de Foco Percebido {Param},III
107604,Selo de Foco de Brotamento,
107605,Selo de Foco Turbulento,
107606,Selo de Foco Condensado,
107607,Selo de Foco Afiado,
107608,Selo de Penetração Percebida {Param},I
107609,Selo de Penetração Percebida {Param},II
107610,Selo de Penetração Percebida {Param},III
107611,Selo de Penetração de Brotamento,
107612,Selo da Penetração Turbulenta,
107613,Selo de Fortitude Condensado Penetração,
107614,Selo de Penetração Afiada,
107615,Selo de Fortitude Percebida {Param},I
107616,Selo de Fortitude Percebida {Param},II
107617,Selo de Fortitude Percebida {Param},III
107618,Selo de Fortitude de Brotamento,
107619,Selo da Fortitude Turbulenta,
107620,Selo de Fortitude Condensado,
107621,Selo de Nitidez e Fortitude,
107701,Selo do Foco Emergente {Param},I
107702,Selo do Foco Emergente {Param},II
107703,Selo do Foco da Alvorada,
107704,Selo do Foco do Despertar,
107705,Selo de Foco Afiado,
107706,Selo de Contra-Foco,
107707,Selo de foco brilhante,
107708,Selo de Foco Resoluto,
107709,Selo do Foco Absoluto,
107710,Selo de penetração emergente {Param},I
107711,Selo de penetração emergente {Param},II
107712,Selo da Penetração da Alvorada,
107713,Selo da Penetração do Despertar,
107714,Selo de Penetração Afiada,
107715,Selo de Combate à Penetração,
107716,Selo de Penetração Reluzente,
107717,Selo de Penetração Resoluta,
107718,Selo da Penetração Absoluta,
107719,Selo da Fortaleza Emergente {Param},I
107720,Selo da Fortaleza Emergente {Param},II
107721,Selo da Fortitude da Alvorada,
107722,Selo da Fortitude do Despertar,
107723,Selo de Fortitude Afiada,
107724,Selo de Contra-Força,
107725,Selo de foco brilhante Fortitude Reluzente,
107726,Selo de Fortitude Resoluta,
107727,Selo da Fortitude Absoluta,
108001,Concha de Aço Fraco {Param},I
108002,Concha de Aço Fraco {Param},II
108003,Shell de Aço de Agitação,
108004,Shell de Aço Oscilante,
108005,Shell de Aço Estável,
108006,Concha de Aço Aprimorado,
108007,Concha de Disciplina Fraca {Param},I
108008,Concha de Disciplina Fraca {Param},II
108009,Shell de Disciplina de Agitação,
108010,Shell de Disciplina Oscilante,
108011,Shell de Disciplina Estável,
108012,Concha de Disciplina Aprimorada,
108013,Concha de Agilidade Fraca {Param},I
108014,Concha de Agilidade Fraca {Param},II
108015,Shell de Agilidade de Agitação,
108016,Shell de Agilidade Oscilante,
108017,Shell de Agilidade Estável,
108018,Concha de Agilidade Aprimorada,
108101,Concha de Aço Percebido {Param},I
108102,Concha de Aço Percebido {Param},II
108103,Concha de Aço Percebido {Param},III
108104,Casca do Aço do Brotamento,
108105,Shell de Aço Turbulento,
108106,Shell de Aço Condensado,
108107,Shell de Aço Afiado,
108108,Concha de Disciplina Percebida {Param},I
108109,Concha de Disciplina Percebida {Param},II
108110,Concha de Disciplina Percebida {Param},III
108111,Casca da Disciplina do Brotamento,
108112,Shell de Disciplina Turbulenta,
108113,Shell de Disciplina Condensada,
108114,Shell de Disciplina Afiada,
108115,Concha de Agilidade Percebida {Param},I
108116,Concha de Agilidade Percebida {Param},II
108117,Concha de Agilidade Percebida {Param},III
108118,Casca da Disciplina do Brotamento,
108119,Shell de Agilidade Turbulenta,
108120,Casca do Condensado Agilidade,
108121,Shell de Agilidade Afiada,
108201,Concha de Aço Emergente {Param},I
108202,Concha de Aço Emergente {Param},II
108203,Concha de Aço da Alvorada,
108204,Casca do Aço do Despertar,
108205,Concha de Aço Afiado,
108206,Shell de Contra-Aço,
108207,Concha de Aço Reluzente,
108208,Shell de Aço Resoluto,
108209,Concha de Aço Absoluto,
108210,Concha da Disciplina Emergente {Param},I
108211,Concha da Disciplina Emergente {Param},II
108212,Concha da Disciplina da Alvorada,
108213,Casca da Disciplina do Despertar,
108214,Concha de Disciplina Afiada,
108215,Shell de Contra-Disciplina,
108216,Concha de Disciplina Reluzente,
108217,Shell de Disciplina Resoluta,
108218,Concha de Disciplina Absoluta,
108219,Concha da Disciplina Emergente {Param},I
108220,Concha da Disciplina Emergente {Param},II
108221,Shell of Dawning Agilidade,
108222,Concha de Despertar Agilidade,
108223,Concha de Agilidade Aprimorada,
108224,Shell de Contra-Agilidade,
108225,Concha de Agilidade Reluzente,
108226,Concha de Agilidade Resoluta,
108227,Concha de Agilidade Absoluta,
108501,Essência de equilíbrio fraco {Param},I
108502,Essência de equilíbrio fraco {Param},II
108503,Essência de Equilíbrio Agitante,
108504,Essência do Equilíbrio Oscilante,
108505,Essência de Equilíbrio Estável,
108506,Essência do equilíbrio aprimorado,
108507,Essência de sutileza fraca {Param},I
108508,Essência de sutileza fraca {Param},II
108509,Essência de Finesse Agitante,
108510,Essência da Finesse Oscilante,
108511,Essência de Refinamento Estável,
108512,Essência da sutileza aprimorada,
108513,Essência da Furtividade Fraca {Param},I
108514,Essência da Furtividade Fraca {Param},II
108515,Essência de Agitação Furtiva,
108516,Essência da Furtividade Oscilante,
108517,Essência de Furtividade Estável,
108518,Essência de furtividade aprimorada,
108601,Essência do Equilíbrio Percebido {Param},I
108602,Essência do Equilíbrio Percebido {Param},II
108603,Essência do Equilíbrio Percebido {Param},III
108604,Essência do Equilíbrio Inicial,
108605,Essência de Equilíbrio Turbulento,
108606,Essência de Equilíbrio Condensado,
108607,Essência de Equilíbrio Afiado,
108608,Essência da sutileza percebida {Param},I
108609,Essência da sutileza percebida {Param},II
108610,Essência da sutileza percebida {Param},III
108611,Essência da Finesse Inicial,
108612,Essência de Finesse Turbulenta,
108613,Essência de Finesse Condensada,
108614,Essência de Finesse Afiada,
108615,Essência da furtividade percebida {Param},I
108616,Essência da furtividade percebida {Param},II
108617,Essência da furtividade percebida {Param},III
108618,Essência de Brotamento Furtivo,
108619,Essência da Furtividade Turbulenta,
108620,Essência de Furtividade Condensada,
108621,Essência de Furtividade Afiada,
108701,Essência do Equilíbrio Emergente {Param},I
108702,Essência do Equilíbrio Emergente {Param},II
108703,Essência do Equilíbrio do Amanhecer,
108704,Essência do Equilíbrio do Despertar,
108705,Essência de Equilíbrio Afiado,
108706,Essência de Contrabalanço,
108707,Essência do Equilíbrio Brilhante,
108708,Essência do equilíbrio resoluto,
108709,Essência do Equilíbrio Absoluto,
108710,Essência da sutileza emergente {Param},I
108711,Essência da sutileza emergente {Param},II
108712,Essência da Finesse do Amanhecer,
108713,Essência da Finesse do Despertar,
108714,Essência de Refinamento Afiado,
108715,Essência de Contra-Requinte,
108716,Essência da Finesse Brilhante,
108717,Essência da sutileza resoluta,
108718,Essência da Sutileza Absoluta,
108719,Essência da furtividade emergente {Param},I
108720,Essência da furtividade emergente {Param},II
108721,Essência do Amanhecer Furtivo,
108722,Essência do Despertar Furtivo,
108723,Essência da Furtividade Afiada,
108724,Essência de Combate à Furtividade,
108725,Essência de Furtividade Reluzente,
108726,Essência de Furtividade Resoluta,
108727,Essência de Absolute Stealth,
109001,Semente de Fraco Proteção {Param},I
109002,Semente de Fraco Proteção {Param},II
109003,Semente de Proteção Agitante,
109004,Semente de proteção oscilante,
109005,Semente de Proteção Estável,
109006,Semente do Aprimorado Proteção,
109007,Semente de Fraco Silêncio {Param},I
109008,Semente de Fraco Silêncio {Param},II
109009,Semente de silêncio agitado {Param},I
109010,Semente do Silêncio Ondulante {Param},I
109011,Semente de Silêncio Estável {Param},I
109012,Semente de Silêncio Aprimorado {Param},I
109013,Semente de Fraco Silêncio {Param},III
109014,Semente de Fraco Silêncio {Param},IV
109015,Semente de silêncio agitado {Param},II
109016,Semente do Silêncio Ondulante {Param},II
109017,Semente de Silêncio Estável {Param},II
109018,Semente de Silêncio Aprimorado {Param},II
109101,Semente de Proteção Percebida {Param},I
109102,Semente de Proteção Percebida {Param},II
109103,Semente de Proteção Percebida {Param},III
109104,Semente da Proteção do Brotamento,
109105,Semente de proteção turbulenta,
109106,Semente da Proteção Condensada,
109107,Semente de Proteção Afiada,
109108,Semente de Silêncio Percebido {Param},I
109109,Semente de Silêncio Percebido {Param},II
109110,Semente de Silêncio Percebido {Param},III
109111,Semente do Silêncio do Brotamento {Param},I
109112,Semente de silêncio turbulento {Param},I
109113,Semente de Silêncio Condensado {Param},I
109114,Semente de Silêncio Afiado {Param},I
109115,Semente de Silêncio Percebido {Param},IV
109116,Semente de Silêncio Percebido {Param},V
109117,Semente de Silêncio Percebido {Param},VI
109118,Semente do Silêncio do Brotamento {Param},II
109119,Semente de silêncio turbulento {Param},II
109120,Semente de Silêncio Condensado {Param},II
109121,Semente de Silêncio Afiado {Param},II
109201,Semente da Proteção Emergente {Param},I
109202,Semente da Proteção Emergente {Param},II
109203,Semente de Proteção do Amanhecer,
109204,Semente da Proteção do Despertar,
109205,Semente de Proteção Afiada,
109206,Semente de Proteção de Contra-ataque,
109207,Semente de Brilho Proteção,
109208,Semente de Proteção Resoluta,
109209,Semente de Proteção Absoluta,
109210,Semente do Silêncio Emergente {Param},I
109211,Semente do Silêncio Emergente {Param},II
109212,Semente do Silêncio Nascente {Param},I
109213,Semente do Silêncio do Despertar {Param},I
109214,Semente de Silêncio Afiado {Param},I
109215,Semente de Silêncio de Contra-ataque {Param},I
109216,Semente de Silêncio Reluzente {Param},I
109217,Semente de Silêncio Resoluto {Param},I
109218,Semente de Silêncio Absoluto {Param},I
109219,Semente do Silêncio Emergente {Param},III
109220,Semente do Silêncio Emergente {Param},IV
109221,Semente do Silêncio Nascente {Param},II
109222,Semente do Silêncio do Despertar {Param},II
109223,Semente de Silêncio Afiado {Param},II
109224,Semente de Silêncio de Contra-ataque {Param},II
109225,Semente de Silêncio Reluzente {Param},II
109226,Semente de Silêncio Resoluto {Param},II
109227,Semente de Silêncio Absoluto {Param},II
109501,Arcana Etérea Fraca {Param},I
109502,Arcana Etérea Fraca {Param},II
109503,Agitando os Arcanos Etéreos,
109504,Arcanos etéreos oscilantes,
109505,Estável Arcano Etéreo,
109506,Arcanos Etéreos Aprimorados,
109507,Radiância Etérea Fraca {Param},I
109508,Radiância Etérea Fraca {Param},II
109509,Agitando a Radiância Etérea,
109510,Radiância etérea oscilante,
109511,Radiância Etérea Estável,
109512,Brilho Etéreo Aprimorado,
109513,Rapidez Etérea Fraca {Param},I
109514,Rapidez Etérea Fraca {Param},II
109515,Agitando a Rapidez Etérea,
109516,Rapidez oscilante etérea,
109517,Rapidez Etérea Estável,
109518,Rapidez Etérea Aprimorada,
109601,Arcanos Etéreos Percebidos {Param},I
109602,Arcanos Etéreos Percebidos {Param},II
109603,Arcanos Etéreos Percebidos {Param},III
109604,Nascimento dos Arcanos Etéreos,
109605,Arcanos Etéreos Turbulentos,
109606,Arcanos Etéreos Condensados,
109607,Arcana Etérea Afiada,
109608,Radiância Etérea Percebida {Param},I
109609,Radiância Etérea Percebida {Param},II
109610,Radiância Etérea Percebida {Param},III
109611,Nascente Brilho Etéreo,
109612,Radiância Etérea Turbulenta,
109613,Brilho Etéreo Condensado,
109614,Brilho Etéreo Afiado,
109615,Rapidez Etérea Percebida {Param},I
109616,Rapidez Etérea Percebida {Param},II
109617,Rapidez Etérea Percebida {Param},III
109618,Nascente Rapidez Etérea,
109619,Rapidez Etérea Turbulenta,
109620,Rapidez Etérea Condensada,
109621,Rapidez Etérea Afiada,
109701,Arcanos Etéreos Emergentes {Param},I
109702,Arcanos Etéreos Emergentes {Param},II
109703,Nascente Arcana Etérea,
109704,Despertando Arcanos Etéreos,
109705,Arcanos Etéreos Afiados,
109706,Contra-atacar Arcanos Etéreos,
109707,Arcanos Etéreos Reluzentes,
109708,Arcanos Etéreos Resolutos,
109709,Arcano Etéreo Absoluto,
109710,Radiância Etérea Emergente {Param},I
109711,Radiância Etérea Emergente {Param},II
109712,Nascente Brilho Etéreo,
109713,Despertando Brilho Etéreo,
109714,Brilho Etéreo Afiado,
109715,Contra-atacar o Esplendor Etéreo,
109716,Resplendor Etéreo Reluzente,
109717,Radiância Etérea Resoluta,
109718,Brilho Etéreo Absoluto,
109719,Rapidez Etérea Emergente {Param},I
109720,Rapidez Etérea Emergente {Param},II
109721,Amanhecer Rapidez Etérea,
109722,Despertando Rapidez Etérea,
109723,Rapidez Etérea Aprimorada,
109724,Contra-atacar a Rapidez Etérea,
109725,Rapidez Etérea Reluzente,
109726,Rapidez Etérea Resoluta,
109727,Rapidez Etérea Absoluta,
110001,Silêncio da Fraca Lealdade {Param},I
110002,Silêncio da Fraca Lealdade {Param},II
110003,Silêncio do Despertar da Lealdade,
110004,Silêncio vacilante de lealdade,
110005,Silêncio estável da lealdade,
110006,Silêncio de lealdade aprimorado,
110007,Silêncio fraco do mistério {Param},I
110008,Silêncio fraco do mistério {Param},II
110009,Agitando o Silêncio do Mistério,
110010,Silêncio vacilante de mistério,
110011,Silêncio estável do mistério,
110012,Silêncio de mistério aprimorado,
110013,Silêncio fraco do estigma {Param},I
110014,Silêncio fraco do estigma {Param},II
110015,Agitando o Silêncio do Estigma,
110016,Silêncio vacilante de estigma,
110017,Silêncio estável do estigma,
110018,Silêncio de estigma aprimorado,
110101,Silêncio de Lealdade Percebido {Param},I
110102,Silêncio de Lealdade Percebido {Param},II
110103,Silêncio de Lealdade Percebido {Param},III
110104,Nascendo o Silêncio de Lealdade,
110105,Silêncio Turbulento de Lealdade,
110106,Silêncio Condensado de Lealdade,
110107,Afiada Silêncio da Lealdade,
110108,Silêncio de Mistério Percebido {Param},I
110109,Silêncio de Mistério Percebido {Param},II
110110,Silêncio de Mistério Percebido {Param},III
110111,Nascendo o Silêncio do Mistério,
110112,Silêncio Turbulento de Mistério,
110113,Silêncio Condensado de Mistério,
110114,Afiada Silêncio do Mistério,
110115,Silêncio de Estigma Percebido {Param},I
110116,Silêncio de Estigma Percebido {Param},II
110117,Silêncio de Estigma Percebido {Param},III
110118,Nascendo o Silêncio do Estigma,
110119,Silêncio Turbulento de Estigma,
110120,Silêncio Condensado de Estigma,
110121,Silêncio Afiado do Estigma,
110201,Silêncio emergente de lealdade {Param},I
110202,Silêncio emergente de lealdade {Param},II
110203,Amanhecer Silêncio de Lealdade,
110204,Despertando Silêncio de Lealdade,
110205,Silêncio Aprimorado de Lealdade,
110206,Contrariando o Silêncio da Lealdade,
110207,Silêncio Brilhante da Lealdade,
110208,Silêncio Resoluto de Lealdade,
110209,Silêncio Absoluto da Lealdade,
110210,Silêncio emergente de mistério {Param},I
110211,Silêncio emergente de mistério {Param},II
110212,Amanhecer Silêncio do Mistério,
110213,Despertando Silêncio de Mistério,
110214,Silêncio Aprimorado do Mistério,
110215,Contrariando o Silêncio do Mistério,
110216,Silêncio Brilhante do Mistério,
110217,Silêncio Resoluto de Mistério,
110218,Silêncio Absoluto do Mistério,
110219,Silêncio emergente de estigma {Param},I
110220,Silêncio emergente de estigma {Param},II
110221,Amanhecer Silêncio do Estigma,
110222,Despertando o Silêncio do Estigma,
110223,Silêncio Afiado do Estigma,
110224,Contrariando o Silêncio do Estigma,
110225,Silêncio Reluzente do Estigma,
110226,Silêncio Resoluto de Estigma,
110227,Silêncio Absoluto do Estigma,
110228,Despertando Silêncio de Agudeza,
110229,Silêncio Aprimorado da Luminosidade,
110230,Despertando Silêncio de Precisão,
110231,Silêncio Aprimorado de Foco,
110232,Despertando Silêncio de Penetração,
110233,Silêncio Aprimorado de Agilidade,
110234,Despertando Silêncio de Aço,
110235,Silêncio Aprimorado de Fortitude,
110236,Despertando Silêncio de Finesse,
110237,Silêncio Aprimorado de Disciplina {Param},I
110238,Despertando Silêncio de Assassinato,
110239,Silêncio Aprimorado de Disciplina {Param},II
110240,Silêncio Afiado do Silêncio,
110501,Marca Fraca de Assassinato {Param},I
110502,Marca Fraca de Assassinato {Param},II
110503,Marca de Assassinato de Agitação,
110504,Marca Oscilante de Assassinato,
110505,Marca Estável de Assassinato,
110506,Marca de Assassinato Aprimorada,
110507,Marca Fraca de Precisão {Param},I
110508,Marca Fraca de Precisão {Param},II
110509,Marca de Precisão de Agitação,
110510,Marca Oscilante de Precisão,
110511,Marca Estável de Precisão,
110512,Marca de Precisão Aprimorada,
110601,Marca de Assassinato Percebida {Param},I
110602,Marca de Assassinato Percebida {Param},II
110603,Marca de Assassinato Percebida {Param},III
110604,Nascente Marca do Assassinato,
110605,Marca Turbulenta de Assassinato,
110606,Marca Condensada de Assassinato,
110607,Marca Afiada de Assassinato,
110608,Marca de Precisão Percebida {Param},I
110609,Marca de Precisão Percebida {Param},II
110610,Marca de Precisão Percebida {Param},III
110611,Nascente Marca de Precisão,
110612,Marca Turbulenta de Precisão,
110613,Marca Condensada de Precisão,
110614,Marca Afiada de Precisão,
110701,Marca Emergente de Assassinato {Param},I
110702,Marca Emergente de Assassinato {Param},II
110703,Nascente Marca de Assassinato,
110704,Despertando Marca de Assassinato,
110705,Marca Afiada de Assassinato,
110706,Contra a Marca de Assassinato,
110707,Marca Reluzente de Assassinato,
110708,Resoluta Marca de Assassinato,
110709,Marca Absoluta de Assassinato,
110710,Marca Emergente de Precisão {Param},I
110711,Marca Emergente de Precisão {Param},II
110712,Nascente Marca de Precisão,
110713,Despertando Marca de Precisão,
110714,Marca Afiada de Precisão,
110715,Contra a Marca de Precisão,
110716,Marca Reluzente da Precisão,
110717,Resoluta Marca de Precisão,
110718,Marca Absoluta de Precisão,
111001,Revelação fraca de agudeza {Param},I
111002,Revelação fraca de agudeza {Param},II
111003,Agitando a Revelação da Agudeza,
111004,Revelação oscilante de agudeza,
111005,Revelação estável de agudeza,
111006,Revelação aprimorada de Keenness,
111007,Revelação fraca de luminosidade {Param},I
111008,Revelação fraca de luminosidade {Param},II
111009,Agitando a Revelação da Luminosidade,
111010,Revelação oscilante de luminosidade,
111011,Revelação estável de luminosidade,
111012,Revelação aprimorada de luminosidade,
111013,Revelação fraca de precisão {Param},I
111014,Revelação fraca de precisão {Param},II
111015,Agitando a Revelação da Precisão,
111016,Revelação oscilante de precisão,
111017,Revelação estável de precisão,
111018,Revelação aprimorada de precisão,
111101,Revelação percebida de agudeza {Param},I
111102,Revelação percebida de agudeza {Param},II
111103,Revelação percebida de agudeza {Param},III
111104,Nascente Revelação de Afiação,
111105,Revelação Turbulenta de Agudeza,
111106,Revelação Condensada de Afiação,
111107,Revelação Afiada de Afiação,
111108,Revelação percebida de luminosidade {Param},I
111109,Revelação percebida de luminosidade {Param},II
111110,Revelação percebida de luminosidade {Param},III
111111,Revelação brotando de luminosidade,
111112,Revelação Turbulenta de Luminosidade,
111113,Revelação Condensada de Luminosidade,
111114,Revelação Afiada de Luminosidade,
111115,Revelação de Precisão Percebida {Param},I
111116,Revelação de Precisão Percebida {Param},II
111117,Revelação de Precisão Percebida {Param},III
111118,Revelação brotando de precisão,
111119,Revelação Turbulenta de Precisão,
111120,Revelação Condensada de Precisão,
111121,Revelação Afiada de Precisão,
111122,Revelação de Aço Percebida,
111123,Revelação percebida de fortaleza,
111124,Revelação de Furtividade Percebida,
111125,Revelação Percebida de Disciplina,
111126,Revelação brotando de aço,
111127,Nascente Revelação de Fortitude,
111128,Revelação Turbulenta da Agilidade,
111129,Turbulento Revelação de Fortitude,
111130,Revelação Turbulenta de Furtividade,
111131,Revelação Turbulenta de Silêncio,
111132,Revelação Condensada de Aço,
111133,Revelação Condensada de Fortitude,
111134,Revelação Afiada de Silêncio,
111135,Afiada Revelação de Agilidade,
111136,Revelação Afiada de Disciplina,
111201,Revelação emergente de perspicácia {Param},I
111202,Revelação emergente de perspicácia {Param},II
111203,Revelação Nascente da Agudeza,
111204,Despertando a Revelação da Afiação,
111205,Revelação Afiada de Agudeza,
111206,Contra-atacando a revelação da agudeza,
111207,Brilhante Revelação de Agudeza,
111208,Resoluta Revelação de Agudeza,
111209,Revelação Absoluta de Agudeza,
111210,Revelação emergente de luminosidade {Param},I
111211,Revelação emergente de luminosidade {Param},II
111212,Revelação Nascente da Luminosidade,
111213,Despertando a Revelação da Luminosidade,
111214,Revelação Afiada de Luminosidade,
111215,Contra-atacando a revelação da luminosidade,
111216,Revelação brilhante de luminosidade,
111217,Resoluta Revelação de Luminosidade,
111218,Revelação Absoluta de Luminosidade,
111219,Revelação emergente de precisão {Param},I
111220,Revelação emergente de precisão {Param},II
111221,Revelação Nascente da Precisão,
111222,Despertar Revelação de Precisão,
111223,Revelação Afiada de Precisão,
111224,Contra-atacando a revelação da precisão,
111225,Revelação brilhante de precisão,
111226,Revelação Resoluta de Precisão,
111227,Revelação Absoluta de Precisão,
111228,Revelação emergente de fortaleza,
111229,Revelação emergente de disciplina,
111230,Nascente Revelação da Agilidade,
111231,Revelação Nascente da Fortitude,
111232,Revelação Nascente do Aço,
111233,Nascente Revelação da Disciplina,
111234,Despertando a Revelação da Agilidade,
111235,Despertar Revelação de Silêncio,
111236,Revelação Afiada de Agilidade,
111237,Revelação de Silêncio Aprimorada,
111238,Revelação de Furtividade Aprimorada,
111239,Revelação Afiada de Fortitude,
111240,Contra-revelação de aço,
111241,Contra-revelação de furtividade {Param},I
111242,Contra-revelação de furtividade {Param},II
111243,Revelação brilhante de aço,
111244,Brilhante Revelação de Fortitude,
111245,Brilhante Revelação de Agilidade,
111246,Resoluta Revelação de Disciplina,
111247,Revelação Resoluta de Silêncio,
111248,Revelação Resoluta de Furtividade,
111501,Profecia fraca de foco {Param},I
111502,Profecia fraca de foco {Param},II
111503,Agitando a Profecia do Foco,
111504,Profecia vacilante do foco,
111505,Profecia de Foco Estável,
111506,Profecia de Foco Aprimorada,
111507,Profecia fraca de penetração {Param},I
111508,Profecia fraca de penetração {Param},II
111509,Agitando a Profecia da Penetração,
111510,Profecia vacilante da penetração,
111511,Profecia de Penetração Estável,
111512,Profecia de Penetração Aprimorada,
111513,Profecia fraca da disciplina {Param},I
111514,Profecia fraca da disciplina {Param},II
111515,Agitando a Profecia da Disciplina,
111516,Profecia vacilante da disciplina,
111517,Profecia Estável de Disciplina,
111518,Profecia de Disciplina Aprimorada,
111601,Profecia de Foco Percebida {Param},I
111602,Profecia de Foco Percebida {Param},II
111603,Profecia de Foco Percebida {Param},III
111604,Nascente Profecia de Foco,
111605,Profecia Turbulenta de Foco,
111606,Profecia Condensada de Foco,
111607,Profecia Afiada de Foco,
111608,Profecia de penetração percebida {Param},I
111609,Profecia de penetração percebida {Param},II
111610,Profecia de penetração percebida {Param},III
111611,Nascente Profecia de Penetração,
111612,Profecia Turbulenta de Penetração,
111613,Profecia Condensada de Penetração,
111614,Profecia Afiada de Penetração,
111615,Profecia Percebida da Disciplina {Param},I
111616,Profecia Percebida da Disciplina {Param},II
111617,Profecia Percebida da Disciplina {Param},III
111618,Profecia de Disciplina nascente,
111619,Profecia Turbulenta de Disciplina,
111620,Profecia Condensada de Disciplina,
111621,Profecia Afiada de Disciplina,
111701,Profecia Emergente de Foco {Param},I
111702,Profecia Emergente de Foco {Param},II
111703,Profecia do Amanhecer do Foco,
111704,Profecia do Despertar do Foco,
111705,Profecia Afiada de Foco,
111706,Contra-Profecia de Foco,
111707,Profecia Reluzente de Foco,
111708,Profecia Resoluta de Foco,
111709,Profecia Absoluta de Foco,
111710,Agitando a Profecia da Penetração {Param},I
111711,Agitando a Profecia da Penetração {Param},II
111712,Profecia do Amanhecer da Penetração,
111713,Profecia do Despertar da Penetração,
111714,Profecia Afiada de Penetração,
111715,Contra-Profecia de Penetração,
111716,Profecia Reluzente de Penetração,
111717,Profecia Resoluta de Penetração,
111718,Profecia Absoluta de Penetração,
111719,Profecia Emergente de Disciplina {Param},I
111720,Profecia Emergente de Disciplina {Param},II
111721,Amanhecer Colar do Resplendor Profecia da Disciplina,
111722,Profecia do Despertar da Disciplina,
111723,Profecia Afiada de Disciplina,
111724,Contra-Colar de Brilho Profecia de Disciplina,
111725,Profecia Reluzente de Disciplina,
111726,Profecia Resoluta da Disciplina,
111727,Profecia Absoluta de Disciplina,
112001,Chamado Fraco do Aço {Param},I
112002,Chamado Fraco do Aço {Param},II
112003,Agitante Chamado de Aço,
112004,Chamado Ondulante do Aço,
112005,Chamado de Aço Estável,
112006,Chamado de aço aprimorado,
112007,Chamado Fraco da Fortitude {Param},I
112008,Chamado Fraco da Fortitude {Param},II
112009,Agitante Chamado de Fortitude,
112010,Chamado vacilante de fortaleza,
112011,Chamado de Fortitude Estável,
112012,Chamado de fortaleza aprimorado,
112013,Chamado fraco de agilidade {Param},I
112014,Chamado fraco de agilidade {Param},II
112015,Agitante Chamado de Agilidade,
112016,Chamado vacilante de agilidade,
112017,Chamado de Agilidade Estável,
112018,Chamado de agilidade aprimorado,
112101,Chamado de Aço Percebido {Param},I
112102,Chamado de Aço Percebido {Param},II
112103,Chamado de Aço Percebido {Param},III
112104,Nascente Chamado de Aço,
112105,Chamado Turbulento de Aço,
112106,Chamada Condensada de Aço,
112107,Sharp Call of Steel,
112108,Chamado de Fortitude Percebido {Param},I
112109,Chamado de Fortitude Percebido {Param},II
112110,Chamado de Fortitude Percebido {Param},III
112111,Nascente Chamado de Fortitude,
112112,Chamado Turbulento de Fortitude,
112113,Chamado Condensado de Fortitude,
112114,Sharp Call of Fortitude,
112115,Chamado de Agilidade Percebido {Param},I
112116,Chamado de Agilidade Percebido {Param},II
112117,Chamado de Agilidade Percebido {Param},III
112118,Nascente Chamado de Agilidade,
112119,Chamado Turbulento de Agilidade,
112120,Chamado Condensado de Agilidade,
112121,Chamado Afiado de Agilidade,
112201,Chamada de Aço Emergente {Param},I
112202,Chamada de Aço Emergente {Param},II
112203,Nascente Chamado de Aço,
112204,Despertar Chamado de Aço,
112205,Chamado de Aço Afiado,
112206,Contra-ataque ao Chamado de Aço,
112207,Reluzente Chamado de Aço,
112208,Chamado de Aço Resoluto,
112209,Chamado de Aço Absoluto,
112210,Chamada Emergente de Fortitude {Param},I
112211,Chamada Emergente de Fortitude {Param},II
112212,Chamado Nascente de Fortitude,
112213,Despertar Chamado da Fortitude,
112214,Chamado de Fortitude Afiado,
112215,Contra-ataque ao Chamado de Fortitude,
112216,Reluzente Chamado de Fortitude,
112217,Chamado de Fortitude Resoluto,
112218,Chamado de Fortitude Absoluto,
112219,Chamada Emergente de Agilidade {Param},I
112220,Chamada Emergente de Agilidade {Param},II
112221,Chamado Nascente de Agilidade,
112222,Chamado do Despertar da Agilidade,
112223,Chamado Afiado de Agilidade,
112224,Contra-ataque ao Chamado de Agilidade,
112225,Reluzente Chamado de Agilidade,
112226,Chamado de Agilidade Resoluto,
112227,Chamado Absoluto de Agilidade,
112501,Toque fraco de equilíbrio {Param},I
112502,Toque fraco de equilíbrio {Param},II
112503,Agitando o Toque de Equilíbrio,
112504,Toque Ondulante de Equilíbrio,
112505,Toque de Equilíbrio Estável,
112506,Toque de Equilíbrio Aprimorado,
112507,Toque fraco de precisão {Param},I
112508,Toque fraco de precisão {Param},II
112509,Agitando o Toque de Precisão,
112510,Toque Ondulante de Precisão,
112511,Toque de Precisão Estável,
112512,Toque de Precisão Aprimorado,
112513,Toque fraco de silêncio {Param},I
112514,Toque fraco de silêncio {Param},II
112515,Agitante Toque de Silêncio,
112516,Toque Ondulante de Silêncio,
112517,Toque de Silêncio Estável,
112518,Toque de Silêncio Aprimorado,
112601,Toque de Equilíbrio Percebido {Param},I
112602,Toque de Equilíbrio Percebido {Param},II
112603,Toque de Equilíbrio Percebido {Param},III
112604,Brotando Toque de Equilíbrio,
112605,Toque Turbulento de Equilíbrio,
112606,Toque Condensado de Equilíbrio,
112607,Toque Afiado de Equilíbrio,
112608,Toque de Precisão Percebido {Param},I
112609,Toque de Precisão Percebido {Param},II
112610,Toque de Precisão Percebido {Param},III
112611,Brotando Toque de Precisão,
112612,Toque Turbulento de Precisão,
112613,Toque Condensado de Precisão,
112614,Toque Afiado de Precisão,
112615,Toque de silêncio percebido {Param},I
112616,Toque de silêncio percebido {Param},II
112617,Toque de silêncio percebido {Param},III
112618,Brotando Toque de Silêncio,
112619,Toque Turbulento de Silêncio,
112620,Toque Condensado de Silêncio,
112621,Toque Afiado de Silêncio,
112701,Toque de equilíbrio emergente {Param},I
112702,Toque de equilíbrio emergente {Param},II
112703,Amanhecer Toque de Equilíbrio,
112704,Despertar Toque de Equilíbrio,
112705,Toque de Equilíbrio Afiado,
112706,Contra-atacar o toque de equilíbrio,
112707,Toque Reluzente de Equilíbrio,
112708,Resolute Touch of Balance,
112709,Toque Absoluto de Equilíbrio,
112710,Toque emergente de precisão {Param},I
112711,Toque emergente de precisão {Param},II
112712,Amanhecer Toque de Precisão,
112713,Despertar Toque de Precisão,
112714,Toque de Precisão Afiado,
112715,Contra-atacar o toque de precisão,
112716,Toque Reluzente de Precisão,
112717,Resolute Touch of Precision,
112718,Toque Absoluto de Precisão,
112719,Toque emergente de silêncio {Param},I
112720,Toque emergente de silêncio {Param},II
112721,Amanhecer Toque de Silêncio,
112722,Despertar Toque de Silêncio,
112723,Toque de Silêncio Afiado,
112724,Contra o Toque do Silêncio,
112725,Brilhante Toque de Silêncio,
112726,Resolute Touch of Silence,
112727,Toque Absoluto de Silêncio,
113001,Alma fraca da proteção {Param},I
113002,Alma fraca da proteção {Param},II
113003,Agitando a Alma da Proteção,
113004,Alma vacilante de proteção,
113005,Alma de Proteção Estável,
113006,Alma da Proteção Aprimorada,
113007,Alma fraca do silêncio {Param},I
113008,Alma fraca do silêncio {Param},II
113009,Agitando a Alma do Silêncio,
113010,Alma vacilante de Silêncio,
113011,Alma do Silêncio Estável,
113012,Alma do Silêncio Aprimorada,
113013,Alma fraca da furtividade {Param},I
113014,Alma fraca da furtividade {Param},II
113015,Agitando a Alma da Furtividade,
113016,Alma oscilante da furtividade,
113017,Alma de Furtividade Estável,
113018,Alma da Furtividade Aprimorada,
113101,Alma de proteção percebida {Param},I
113102,Alma de proteção percebida {Param},II
113103,Alma de proteção percebida {Param},III
113104,Nascendo a Alma da Proteção,
113105,Alma Turbulenta da Proteção,
113106,Alma Condensada de Proteção,
113107,Alma Afiada da Proteção,
113108,Alma de silêncio percebida {Param},I
113109,Alma de silêncio percebida {Param},II
113110,Alma de silêncio percebida {Param},III
113111,Nascendo a Alma do Silêncio,
113112,Alma Turbulenta do Silêncio,
113113,Alma Condensada do Silêncio,
113114,Alma Afiada do Silêncio,
113115,Alma furtiva percebida {Param},I
113116,Alma furtiva percebida {Param},II
113117,Alma furtiva percebida {Param},III
113118,Nascendo a Alma do Furtividade,
113119,Alma Turbulenta da Furtividade,
113120,Alma Condensada de Furtividade,
113121,Alma Afiada da Furtividade,
113201,Alma Emergente da Proteção {Param},I
113202,Alma Emergente da Proteção {Param},II
113203,Dawning Soul of Protection,
113204,Despertando a Alma da Proteção,
113205,Alma Afiada da Proteção,
113206,Contrariando a Alma da Proteção,
113207,Alma Reluzente da Proteção,
113208,Alma Resoluta de Proteção,
113209,Alma Absoluta da Proteção,
113210,Alma Emergente do Silêncio {Param},I
113211,Alma Emergente do Silêncio {Param},II
113212,Dawning Soul of Silence,
113213,Despertando a Alma do Silêncio,
113214,Alma Afiada do Silêncio,
113215,Contra-atacar Soul of Silence,
113216,Alma Reluzente do Silêncio,
113217,Alma Resoluta de Silêncio,
113218,Alma Absoluta do Silêncio,
113219,Alma Emergente da Furtividade {Param},I
113220,Alma Emergente da Furtividade {Param},II
113221,Dawning Soul of Stealth,
113222,Despertando a Alma da Furtividade,
113223,Alma Afiada da Furtividade,
113224,Contra-atacar Soul of Stealth,
113225,Alma Reluzente da Furtividade,
113226,Resolute Soul of Stealth,
113227,Alma Absoluta da Furtividade,
113501,Ruína fraca de Arcanos {Param},I
113502,Ruína fraca de Arcanos {Param},II
113503,Agitando a Ruína dos Arcanos,
113504,Ruína oscilante de Arcanos,
113505,Ruína Estável de Arcana,
113506,Ruína de Arcanos Aprimorada,
113507,Ruína radiante fraca {Param},I
113508,Ruína radiante fraca {Param},II
113509,Agitando a Ruína Radiante,
113510,Ruína Ondulante Radiante,
113511,Ruína radiante estável,
113512,Ruína radiante aprimorada,
113513,Ruína fraca e rápida {Param},I
113514,Ruína fraca e rápida {Param},II
113515,Agitando a Ruína Rápida,
113516,Ruína Ondulante e Rápida,
113517,Ruína Rápida Estável,
113518,Ruína Rápida Aprimorada,
113601,Ruína de Arcana Percebida {Param},I
113602,Ruína de Arcana Percebida {Param},II
113603,Ruína de Arcana Percebida {Param},III
113604,Ruína Inicial de Arcanos,
113605,Ruína Turbulenta de Arcana,
113606,Ruína Condensada de Arcanos,
113607,Ruína Afiada de Arcana,
113608,Ruína Radiante Percebida {Param},I
113609,Ruína Radiante Percebida {Param},II
113610,Ruína Radiante Percebida {Param},III
113611,Ruína Radiante de Brotamento,
113612,Ruína Radiante Turbulenta,
113613,Ruína Radiante Condensada,
113614,Ruína Radiante Afiada,
113615,Ruína Rápida Percebida {Param},I
113616,Ruína Rápida Percebida {Param},II
113617,Ruína Rápida Percebida {Param},III
113618,Brotando Ruína Rápida,
113619,Ruína Swift Turbulenta,
113620,Ruína Rápida Condensada,
113621,Ruína Afiada e Rápida,
113701,Ruína Emergente dos Arcanos {Param},I
113702,Ruína Emergente dos Arcanos {Param},II
113703,Nascente da Ruína dos Arcanos,
113704,Despertando a Ruína do Arcano,
113705,Ruína Afiada de Arcanos,
113706,Contra-ataque Ruína de Arcana,
113707,Ruína Reluzente do Arcano,
113708,Ruína Resoluta de Arcana,
113709,Ruína Absoluta de Arcana,
113710,Ruína Radiante Emergente {Param},I
113711,Ruína Radiante Emergente {Param},II
113712,Amanhecer Ruína Radiante,
113713,Despertando Ruína Radiante,
113714,Afiado Ruína Radiante,
113715,Contrariando a Ruína Radiante,
113716,Ruína Radiante Reluzente,
113717,Ruína Radiante Resoluta,
113718,Ruína Radiante Absoluta,
113719,Ruína rápida emergente {Param},I
113720,Ruína rápida emergente {Param},II
113721,Amanhecer Rápido Ruína,
113722,Despertar Ruína Rápida,
113723,Ruína Rápida Afiada,
113724,Contra-atacar a ruína rápida,
113725,Ruína Rápida Reluzente,
113726,Resolute Swift Ruin,
113727,Ruína Rápida Absoluta,
114001,Ilusão fraca de lealdade {Param},I
114002,Ilusão fraca de lealdade {Param},II
114003,Agitando Ilusão de Lealdade,
114004,Ilusão vacilante de lealdade,
114005,Ilusão estável de lealdade,
114006,Ilusão de Lealdade Aprimorada,
114007,Fraca Ilusão de Estigma {Param},I
114008,Fraca Ilusão de Estigma {Param},II
114009,Agitante Ilusão de Estigma,
114010,Ilusão oscilante de estigma,
114011,Ilusão estável de estigma,
114012,Ilusão de Estigma Aprimorada,
114013,Ilusão fraca de assassinato {Param},I
114014,Ilusão fraca de assassinato {Param},II
114015,Ilusão Agitante de Assassinato,
114016,Ilusão vacilante de assassinato,
114017,Ilusão Estável de Assassinato,
114018,Ilusão Aprimorada de Assassinato,
114101,Ilusão percebida de lealdade {Param},I
114102,Ilusão percebida de lealdade {Param},II
114103,Ilusão percebida de lealdade {Param},III
114104,Nascente Ilusão de Lealdade,
114105,Ilusão Turbulenta de Lealdade,
114106,Ilusão Condensada de Lealdade,
114107,Ilusão Aguçada de Lealdade,
114108,Ilusão percebida de estigma {Param},I
114109,Ilusão percebida de estigma {Param},II
114110,Ilusão percebida de estigma {Param},III
114111,Nascente Ilusão de Estigma,
114112,Ilusão Turbulenta de Estigma,
114113,Ilusão Condensada de Estigma,
114114,Ilusão Afiada de Estigma,
114115,Ilusão percebida de assassinato {Param},I
114116,Ilusão percebida de assassinato {Param},II
114117,Ilusão percebida de assassinato {Param},III
114118,Ilusão inicial de assassinato,
114119,Ilusão Turbulenta de Assassinato,
114120,Ilusão Condensada de Assassinato,
114121,Ilusão Afiada de Assassinato,
114201,Ilusão Emergente de Lealdade {Param},I
114202,Ilusão Emergente de Lealdade {Param},II
114203,Nascente da Ilusão de Lealdade,
114204,Despertando Ilusão de Lealdade,
114205,Ilusão aprimorada de lealdade,
114206,Contrariando a Ilusão de Lealdade,
114207,Ilusão Reluzente de Lealdade,
114208,Ilusão Resoluta de Lealdade,
114209,Ilusão Absoluta de Lealdade,
114210,Ilusão Emergente de Estigma {Param},I
114211,Ilusão Emergente de Estigma {Param},II
114212,Nascente da Ilusão do Estigma,
114213,Despertando a Ilusão do Estigma,
114214,Aprimorada Ilusão de Estigma,
114215,Combate à Ilusão de Estigma,
114216,Ilusão Reluzente de Estigma,
114217,Ilusão Resoluta de Estigma,
114218,Ilusão Absoluta de Estigma,
114219,Ilusão Emergente de Assassinato {Param},I
114220,Ilusão Emergente de Assassinato {Param},II
114221,Nascente da Ilusão de Assassinato,
114222,Despertando Ilusão de Assassinato,
114223,Ilusão aprimorada de assassinato,
114224,Contrariando a Ilusão de Assassinato,
114225,Brilhante Ilusão de Assassinato,
114226,Ilusão Resoluta de Assassinato,
114227,Ilusão Absoluta de Assassinato,
114501,Regeneração fraca de mistério {Param},I
114502,Regeneração fraca de mistério {Param},II
114503,Agitando Regeneração do Mistério,
114504,Regeneração oscilante de mistério,
114505,Regeneração de Mistério Estável,
114506,Regeneração de Mistério Aprimorada,
114507,Fraca Regeneração de Precisão {Param},I
114508,Fraca Regeneração de Precisão {Param},II
114509,Agitando Regeneração de Precisão,
114510,Regeneração oscilante de precisão,
114511,Regeneração de Precisão Estável,
114512,Regeneração de Precisão Aprimorada,
114601,Regeneração percebida do mistério {Param},I
114602,Regeneração percebida do mistério {Param},II
114603,Regeneração percebida do mistério {Param},III
114604,Broto Regeneração de Mistério,
114605,Regeneração Turbulenta de Mistério,
114606,Regeneração Condensada de Mistério,
114607,Regeneração Afiada de Mistério,
114608,Regeneração de Precisão Percebida {Param},I
114609,Regeneração de Precisão Percebida {Param},II
114610,Regeneração de Precisão Percebida {Param},III
114611,Broto Regeneração de Precisão,
114612,Regeneração Turbulenta de Precisão,
114613,Regeneração Condensada de Precisão,
114614,Regeneração Afiada de Precisão,
114701,Regeneração Emergente de Mistério {Param},I
114702,Regeneração Emergente de Mistério {Param},II
114703,Nascente Regeneração de Mistério,
114704,Despertando a Regeneração do Mistério,
114705,Regeneração de Mistério Aprimorada,
114706,Contra-Regeneração de Mistério,
114707,Regeneração Reluzente de Mistério,
114708,Regeneração Resoluta de Mistério,
114709,Regeneração Absoluta de Mistério,
114710,Regeneração Emergente de Precisão {Param},I
114711,Regeneração Emergente de Precisão {Param},II
114712,Nascente Regeneração de Precisão,
114713,Despertando a Regeneração da Precisão,
114714,Afiado Regeneração de Precisão,
114715,Contra-Regeneração de Precisão,
114716,Regeneração Reluzente de Precisão,
114717,Regeneração Resoluta de Precisão,
114718,Regeneração Absoluta de Precisão,
115001,Fraco Recesso de Agudeza {Param},I
115002,Fraco Recesso de Agudeza {Param},II
115003,Agitando o Recesso de Afiação,
115004,Recesso Ocilante de Agudeza,
115005,Recesso estável de intensidade,
115006,Recesso de intensidade aprimorado,
115007,Fraco Recesso de Luminosidade {Param},I
115008,Fraco Recesso de Luminosidade {Param},II
115009,Agitando o Recesso de Luminosidade,
115010,Recesso Ondulante de Luminosidade,
115011,Recesso estável de luminosidade,
115012,Recesso de luminosidade aprimorado,
115013,Fraco Recesso de Precisão {Param},I
115014,Fraco Recesso de Precisão {Param},II
115015,Agitando o Recesso de Precisão,
115016,Recesso Ondulante de Precisão,
115017,Recesso de Precisão Estável,
115018,Recesso de Precisão Aprimorado,
115101,Recesso de intensidade percebido {Param},I
115102,Recesso de intensidade percebido {Param},II
115103,Recesso de Agudeza de Brotamento,
115104,Turbulento Recesso de Acuidade,
115105,Recesso Condensado de Acuidade,
115106,Recesso Aguçado de Acuidade,
115107,Recesso de luminosidade percebido {Param},I
115108,Recesso de luminosidade percebido {Param},II
115109,Brotamento Recesso de Luminosidade,
115110,Turbulento Recesso de Luminosidade,
115111,Recesso Condensado de Luminosidade,
115112,Recesso Afiado de Luminosidade,
115113,Recesso de Precisão Percebido {Param},I
115114,Recesso de Precisão Percebido {Param},II
115115,Broto Recesso de Precisão,
115116,Turbulento Recesso de Precisão,
115117,Recesso Condensado de Precisão,
115118,Recesso Afiado de Precisão,
115201,Recesso emergente de agudeza {Param},I
115202,Recesso emergente de agudeza {Param},II
115203,Amanhecer Recesso de Agudeza,
115204,Despertando Recesso de Agudeza,
115205,Recesso de Afiação Afiado,
115206,Contrariando o Recesso de Agudeza,
115207,Recesso Reluzente de Agudeza,
115208,Recesso Resoluto de Agudeza,
115209,Recesso Absoluto de Agudeza,
115210,Recesso emergente de luminosidade {Param},I
115211,Recesso emergente de luminosidade {Param},II
115212,Amanhecer Recesso de Luminosidade,
115213,Despertando o Recesso da Luminosidade,
115214,Recesso de Luminosidade Afiado,
115215,Contrariando o Recesso de Luminosidade,
115216,Recesso Brilhante de Luminosidade,
115217,Resoluto Recesso de Luminosidade,
115218,Recesso Absoluto de Luminosidade,
115219,Recesso emergente de precisão {Param},I
115220,Recesso emergente de precisão {Param},II
115221,Amanhecer Recesso de Precisão,
115222,Despertando o Recesso da Precisão,
115223,Recesso de Precisão Afiado,
115224,Contrariando Recesso de Precisão,
115225,Recesso Reluzente de Precisão,
115226,Resoluto Recesso de Precisão,
115227,Recesso Absoluto de Precisão,
115501,Distorção fraca de foco {Param},I
115502,Distorção fraca de foco {Param},II
115503,Agitando a Distorção do Foco,
115504,Distorção oscilante de foco,
115505,Distorção estável de Foco,
115506,Distorção de foco aprimorada,
115507,Distorção fraca de piercing {Param},I
115508,Distorção fraca de piercing {Param},II
115509,Agitando a Distorção do Piercing,
115510,Distorção oscilante de perfuração,
115511,Distorção estável de piercing,
115512,Distorção de perfuração aprimorada,
115513,Distorção fraca de disciplina {Param},I
115514,Distorção fraca de disciplina {Param},II
115515,Agitando a Distorção da Disciplina,
115516,Distorção oscilante da disciplina,
115517,Distorção estável de disciplina,
115518,Distorção aprimorada de Disciplina,
115601,Distorção de foco percebida {Param},I
115602,Distorção de foco percebida {Param},II
115603,Distorção inicial do foco,
115604,Distorção Turbulenta de Foco,
115605,Distorção Condensada de Foco,
115606,Distorção acentuada do foco,
115607,Distorção percebida de piercing {Param},I
115608,Distorção percebida de piercing {Param},II
115609,Distorção inicial da perfuração,
115610,Distorção Turbulenta de Perfuração,
115611,Distorção Condensada de Perfuração,
115612,Distorção acentuada do piercing,
115613,Distorção Percebida da Disciplina {Param},I
115614,Distorção Percebida da Disciplina {Param},II
115615,Distorção inicial da disciplina,
115616,Distorção Turbulenta de Disciplina,
115617,Distorção Condensada de Disciplina,
115618,Distorção acentuada da disciplina,
115701,Distorção Emergente de Foco {Param},I
115702,Distorção Emergente de Foco {Param},II
115703,Amanhecer Distorção de Foco,
115704,Despertar Distorção do Foco,
115705,Distorção aprimorada de Foco,
115706,Contrariando a Distorção de Foco,
115707,Distorção brilhante de foco,
115708,Distorção Resoluta de Foco,
115709,Distorção absoluta de Foco,
115710,Distorção emergente de piercing {Param},I
115711,Distorção emergente de piercing {Param},II
115712,Amanhecer Distorção de Piercing,
115713,Despertando Distorção de Piercing,
115714,Distorção aprimorada de piercing,
115715,Contrariando a Distorção de Piercing,
115716,Distorção brilhante de piercing,
115717,Distorção Resoluta de Perfuração,
115718,Distorção Absoluta de Piercing,
115719,Distorção Emergente de Disciplina {Param},I
115720,Distorção Emergente de Disciplina {Param},II
115721,Amanhecer Distorção de Disciplina,
115722,Despertar Distorção da Disciplina,
115723,Distorção aprimorada de disciplina,
115724,Contrariando a Distorção de Disciplina,
115725,Distorção brilhante de disciplina,
115726,Distorção Resoluta da Disciplina,
115727,Distorção absoluta da disciplina,
116001,Fraco Remanescente de Aço {Param},I
116002,Fraco Remanescente de Aço {Param},II
116003,Remanescente de Aço Agitante,
116004,Remanescente oscilante de aço,
116005,Remanescente de Aço Estável,
116006,Remanescente de Aço Aprimorado,
116007,Fraco Remanescente de Fortitude {Param},I
116008,Fraco Remanescente de Fortitude {Param},II
116009,Remanescente de Fortitude Agitante,
116010,Remanescente oscilante de fortaleza,
116011,Remanescente de Fortitude Estável,
116012,Aprimorado Remanescente de Fortitude,
116013,Remanescente fraco de agilidade {Param},I
116014,Remanescente fraco de agilidade {Param},II
116015,Agitando Remanescente de Agilidade,
116016,Remanescente oscilante de agilidade,
116017,Remanescente de Agilidade Estável,
116018,Remanescente de Agilidade Aprimorado,
116101,Remanescente de aço percebido {Param},I
116102,Remanescente de aço percebido {Param},II
116103,Brotando Remanescente de Aço,
116104,Remanescente Turbulento de Aço,
116105,Resquício Condensado de Aço,
116106,Remanescente Afiado de Aço,
116107,Remanescente de Fortitude Percebido {Param},I
116108,Remanescente de Fortitude Percebido {Param},II
116109,Brotando Remanescente de Fortitude,
116110,Remanescente Turbulento de Fortitude,
116111,Resquício Condensado de Fortitude,
116112,Remanescente Afiado de Fortitude,
116113,Remanescente de Agilidade Percebido {Param},I
116114,Remanescente de Agilidade Percebido {Param},II
116115,Brotando Remanescente de Agilidade,
116116,Remanescente Turbulento de Agilidade,
116117,Remanescente Condensado de Agilidade,
116118,Remanescente Afiado de Agilidade,
116201,Remanescente Emergente de Aço {Param},I
116202,Remanescente Emergente de Aço {Param},II
116203,Nascente Remanescente de Aço,
116204,Despertando o Resquício do Aço,
116205,Remanescente de Aço Afiado,
116206,Combate ao Remanescente de Aço,
116207,Resquício Reluzente de Aço,
116208,Remanescente Resoluto de Aço,
116209,Remanescente Absoluto de Aço,
116210,Remanescente Emergente de Fortitude {Param},I
116211,Remanescente Emergente de Fortitude {Param},II
116212,Nascente Remanescente de Fortitude,
116213,Despertando o Resquício da Fortitude,
116214,Remanescente de Fortitude Afiado,
116215,Contra-Remanescente de Fortitude,
116216,Resquício Reluzente de Fortitude,
116217,Remanescente Resoluto de Fortitude,
116218,Remanescente Absoluto de Fortitude,
116219,Remanescente Emergente de Agilidade {Param},I
116220,Remanescente Emergente de Agilidade {Param},II
116221,Nascente Remanescente de Agilidade,
116222,Despertando o Resquício da Agilidade,
116223,Remanescente de Agilidade Afiado,
116224,Contra-Resquício de Agilidade,
116225,Resquício Reluzente de Agilidade,
116226,Remanescente Resoluto de Agilidade,
116227,Remanescente Absoluto de Agilidade,
116501,Fraco Brilho de Equilíbrio {Param},I
116502,Fraco Brilho de Equilíbrio {Param},II
116503,Agitante Afterglow de Equilíbrio,
116504,Brilho oscilante de equilíbrio,
116505,Brilho estável de equilíbrio,
116506,Afterglow aprimorado de equilíbrio,
116507,Fraco Afterglow of Finesse {Param},I
116508,Fraco Afterglow of Finesse {Param},II
116509,Agitante Afterglow de Finesse,
116510,Brilho oscilante de sutileza,
116511,Brilho estável de sutileza,
116512,Afterglow aprimorado de sutileza,
116513,Fraco Afterglow of Silence {Param},I
116514,Fraco Afterglow of Silence {Param},II
116515,Agitante Afterglow de Silêncio,
116516,Brilho vacilante do silêncio,
116517,Brilho estável de silêncio,
116518,Brilho de silêncio aprimorado,
116601,Brilho de equilíbrio percebido {Param},I
116602,Brilho de equilíbrio percebido {Param},II
116603,Nascimento Afterglow de Equilíbrio,
116604,Brilho Turbulento de Equilíbrio,
116605,Afterglow condensado de equilíbrio,
116606,Brilho acentuado de equilíbrio,
116607,Brilho de sutileza percebido {Param},I
116608,Brilho de sutileza percebido {Param},II
116609,Brotamento Afterglow of Finesse,
116610,Brilho Turbulento de Finesse,
116611,Afterglow condensado de sutileza,
116612,Brilho acentuado de sutileza,
116613,Brilho de silêncio percebido {Param},I
116614,Brilho de silêncio percebido {Param},II
116615,Nascendo o brilho do silêncio,
116616,Afterglow Turbulento de Silêncio,
116617,Brilho condensado de silêncio,
116618,Brilho acentuado de Silêncio,
116701,Brilho Emergente de Equilíbrio {Param},I
116702,Brilho Emergente de Equilíbrio {Param},II
116703,Amanhecendo Brilho de Equilíbrio,
116704,Despertar Brilho do Equilíbrio,
116705,Brilho aprimorado de equilíbrio,
116706,Contrariando o brilho residual do equilíbrio,
116707,Brilho Reluzente de Equilíbrio,
116708,Brilho resoluto de equilíbrio,
116709,Brilho Absoluto de Equilíbrio,
116710,Brilho Emergente de Finesse {Param},I
116711,Brilho Emergente de Finesse {Param},II
116712,Amanhecendo Brilho de Refinamento,
116713,Brilho do Despertar de Finesse,
116714,Pós-luminescência aprimorado de Finesse,
116715,Contrariando o brilho residual da sutileza,
116716,Brilho Reluzente de Finesse,
116717,Brilho Resoluto de Finesse,
116718,Brilho Absoluto de Finesse,
116719,Brilho Emergente de Silêncio {Param},I
116720,Brilho Emergente de Silêncio {Param},II
116721,Amanhecendo Brilho de Silêncio,
116722,Brilho do Despertar do Silêncio,
116723,Brilho aprimorado de silêncio,
116724,Contrariando o brilho residual do silêncio,
116725,Brilho Reluzente de Silêncio,
116726,Brilho Resoluto de Silêncio,
116727,Brilho Absoluto de Silêncio,
117001,Fraca ruptura de proteção {Param},I
117002,Fraca ruptura de proteção {Param},II
117003,Agitando a Separação da Proteção,
117004,Quebra oscilante de proteção,
117005,Separação Estável de Proteção,
117006,Quebra de proteção aprimorada,
117007,Fraca ruptura de silêncio {Param},I
117008,Fraca ruptura de silêncio {Param},II
117009,Agitando a Ruptura do Silêncio,
117010,Quebra oscilante de silêncio,
117011,Separação Estável de Silêncio,
117012,Quebra de silêncio aprimorada,
117013,Fraca ruptura da furtividade {Param},I
117014,Fraca ruptura da furtividade {Param},II
117015,Agitando a Separação da Furtividade,
117016,Ruptura vacilante da furtividade,
117017,Separação Estável de Furtividade,
117018,Quebra de furtividade aprimorada,
117101,Ruptura de proteção percebida {Param},I
117102,Ruptura de proteção percebida {Param},II
117103,Ruptura inicial da proteção,
117104,Rompimento Turbulento de Proteção,
117105,Separação Condensada de Proteção,
117106,Ruptura acentuada da proteção,
117107,Percebida ruptura de proteção Ruptura do Silêncio {Param},I
117108,Percebida ruptura de proteção Ruptura do Silêncio {Param},II
117109,Ruptura inicial do silêncio,
117110,Rompimento Turbulento de Silêncio,
117111,Separação Condensada do Silêncio,
117112,Ruptura acentuada do silêncio,
117113,Ruptura de Furtividade Percebida {Param},I
117114,Ruptura de Furtividade Percebida {Param},II
117115,Ruptura inicial da furtividade,
117116,Rompimento Turbulento de Furtividade,
117117,Separação Condensada da Furtividade,
117118,Ruptura acentuada da furtividade,
117201,Separação Emergente da Proteção {Param},I
117202,Separação Emergente da Proteção {Param},II
117203,Amanhecer da ruptura da proteção,
117204,Despertando a Separação da Proteção,
117205,Separação Afiada de Proteção,
117206,Contra-atacar a ruptura da proteção,
117207,Separação Reluzente da Proteção,
117208,Resoluta Separação de Proteção,
117209,Separação absoluta da proteção,
117210,Separação Emergente do Silêncio {Param},I
117211,Separação Emergente do Silêncio {Param},II
117212,Amanhecer da ruptura do silêncio,
117213,Despertando a Separação do Silêncio,
117214,Separação Afiada de Silêncio,
117215,Contra-atacar a ruptura do silêncio,
117216,Separação Reluzente do Silêncio,
117217,Resoluta Separação de Silêncio,
117218,Separação absoluta do silêncio,
117219,Quebra emergente de furtividade {Param},I
117220,Quebra emergente de furtividade {Param},II
117221,Amanhecer da ruptura da furtividade,
117222,Despertando a Separação da Furtividade,
117223,Corte de Furtividade Afiado,
117224,Contra-atacar a ruptura da furtividade,
117225,Separação Reluzente da Furtividade,
117226,Resoluta Separação de Furtividade,
117227,Separação absoluta da furtividade,
117501,Fraca ausência de Arcanos {Param},I
117502,Fraca ausência de Arcanos {Param},II
117503,Agitação Ausência de Arcana,
117504,Ausência oscilante de Arcana,
117505,Estável Ausência de Arcana,
117506,Ausência aprimorada de Arcana,
117507,Fraca Ausência de Brilho {Param},I
117508,Fraca Ausência de Brilho {Param},II
117509,Agitante Ausência de Radiância,
117510,Ausência oscilante de brilho,
117511,Estável Ausência de Brilho,
117512,Ausência aprimorada de brilho,
117513,Fraca Ausência de Rapidez {Param},I
117514,Fraca Ausência de Rapidez {Param},II
117515,Agitante Ausência de Rapidez,
117516,Ausência oscilante de rapidez,
117517,Ausência estável de rapidez,
117518,Ausência aprimorada de rapidez,
117601,Ausência percebida de Arcanos {Param},I
117602,Ausência percebida de Arcanos {Param},II
117603,Nascimento Ausência de Arcana,
117604,Ausência turbulenta de Arcana,
117605,Ausência condensada de Arcana,
117606,Ausência acentuada de Arcana,
117607,Ausência percebida de brilho {Param},I
117608,Ausência percebida de brilho {Param},II
117609,Nascimento Ausência de Radiância,
117610,Ausência turbulenta de brilho,
117611,Ausência condensada de brilho,
117612,Ausência acentuada de brilho,
117613,Ausência percebida de rapidez {Param},I
117614,Ausência percebida de rapidez {Param},II
117615,Nascimento Ausência de Rapidez,
117616,Ausência Turbulenta de Rapidez,
117617,Ausência condensada de rapidez,
117618,Ausência acentuada de rapidez,
117701,Ausência Emergente de Arcana {Param},I
117702,Ausência Emergente de Arcana {Param},II
117703,Ausência de Arcana da Aurora,
117704,Despertar Ausência de Arcana,
117705,Ausência aprimorada de Arcana,
117706,Contrariando a ausência de Arcanos,
117707,Brilhante Ausência de Arcanos,
117708,Ausência resoluta de Arcana,
117709,Ausência absoluta de Arcana,
117710,Ausência Emergente de Radiância {Param},I
117711,Ausência Emergente de Radiância {Param},II
117712,Ausência de Radiância da Aurora,
117713,Despertar Ausência de Radiância,
117714,Ausência aprimorada de brilho,
117715,Contrariando a ausência de brilho,
117716,Brilhante Ausência de Radiância,
117717,Ausência resoluta de brilho,
117718,Ausência Absoluta de Brilho,
117719,Ausência Emergente de Rapidez {Param},I
117720,Ausência Emergente de Rapidez {Param},II
117721,Ausência de Aurora da Rapidez,
117722,Despertar Ausência de Rapidez,
117723,Ausência aprimorada de rapidez,
117724,Combatendo a ausência de rapidez,
117725,Brilhante Ausência de Rapidez,
117726,Ausência resoluta de rapidez,
117727,Ausência Absoluta de Rapidez,
118001,Ligação fraca de mistério {Param},I
118002,Ligação fraca de mistério {Param},II
118003,Agitante Ligação de Mistério,
118004,Ligação vacilante de mistério,
118005,Ligação Estável de Mistério,
118006,Ligação de Mistério Aprimorada,
118007,Ligação fraca de estigma {Param},I
118008,Ligação fraca de estigma {Param},II
118009,Agitante Ligação de Estigma,
118010,Ligação vacilante de estigma,
118011,Ligação Estável de Estigma,
118012,Vinculação de Estigma Aprimorada,
118013,Ligação fraca de assassinato {Param},I
118014,Ligação fraca de assassinato {Param},II
118015,Agitante Ligação de Assassinato,
118016,Ligação vacilante de assassinato,
118017,Ligação Estável de Assassinato,
118018,Ligação de Assassinato Aprimorada,
118101,Ligação de mistério percebida {Param},I
118102,Ligação de mistério percebida {Param},II
118103,Ligação Inicial de Mistério,
118104,Ligação Turbulenta de Mistério,
118105,Ligação Condensada de Mistério,
118106,Ligação Afiada de Mistério,
118107,Vinculação percebida do estigma {Param},I
118108,Vinculação percebida do estigma {Param},II
118109,Ligação Inicial de Estigma,
118110,Ligação Turbulenta de Estigma,
118111,Ligação Condensada de Estigma,
118112,Ligação Afiada do Estigma,
118113,Ligação percebida de assassinato {Param},I
118114,Ligação percebida de assassinato {Param},II
118115,Ligação Inicial de Assassinato,
118116,Ligação Turbulenta de Assassinato,
118117,Ligação Condensada de Assassinato,
118118,Ligação Afiada de Assassinato,
118201,Ligação emergente do Mistério {Param},I
118202,Ligação emergente do Mistério {Param},II
118203,Amanhecer da Ligação do Mistério,
118204,Ligação do Despertar do Mistério,
118205,Ligação Afiada de Mistério,
118206,Contra-ligação de mistério,
118207,Ligação Brilhante de Mistério,
118208,Ligação Resoluta de Mistério,
118209,Ligação Absoluta de Mistério,
118210,Ligação Emergente do Estigma {Param},I
118211,Ligação Emergente do Estigma {Param},II
118212,Amanhecer da Ligação do Estigma,
118213,Ligação do Despertar do Estigma,
118214,Ligação Afiada de Estigma,
118215,Contra-ligação de estigma,
118216,Ligação Brilhante de Estigma,
118217,Ligação Resoluta de Estigma,
118218,Ligação Absoluta de Estigma,
118219,Ligação emergente de assassinato {Param},I
118220,Ligação emergente de assassinato {Param},II
118221,Nascente do Equilíbrio do Assassinato,
118222,Ligação do Despertar do Assassinato,
118223,Ligação Afiada de Assassinato,
118224,Contra-ligação de assassinato,
118225,Encadernação Reluzente de Assassinato,
118226,Ligação Resoluta de Assassinato,
118227,Ligação Absoluta de Assassinato,
118501,Fraca manilha da lealdade {Param},I
118502,Fraca manilha da lealdade {Param},II
118503,Agitando a Manilha da Lealdade,
118504,Manilha vacilante da lealdade,
118505,Manilha Estável da Lealdade,
118506,Manilha de lealdade aprimorada,
118507,Fraca manilha da precisão {Param},I
118508,Fraca manilha da precisão {Param},II
118509,Agitando a Manilha da Precisão,
118510,Manilha vacilante da precisão,
118511,Manilha Estável de Precisão,
118512,Manilha de precisão aprimorada,
118601,Manilha de Lealdade Percebida {Param},I
118602,Manilha de Lealdade Percebida {Param},II
118603,Nascendo a Manilha da Lealdade,
118604,Manilha Turbulenta de Lealdade,
118605,Manilha Condensada da Lealdade,
118606,Afiada Manilha da Lealdade,
118607,Manilha de Precisão Percebida {Param},I
118608,Manilha de Precisão Percebida {Param},II
118609,Nascendo a Manilha da Precisão,
118610,Manilha Turbulenta de Precisão,
118611,Manilha Condensada da Precisão,
118612,Manilha afiada da precisão,
118701,Manilha emergente de lealdade {Param},I
118702,Manilha emergente de lealdade {Param},II
118703,Amanhecer do grilhão da lealdade,
118704,Despertando a Manilha da Lealdade,
118705,Manilha de Lealdade Afiada,
118706,contra-atacar a manilha da lealdade,
118707,Manilha Reluzente da Lealdade,
118708,Resoluta Manilha de Lealdade,
118709,Manilha absoluta da lealdade,
118710,Manilha emergente de precisão {Param},I
118711,Manilha emergente de precisão {Param},II
118712,Amanhecer do grilhão da precisão,
118713,Despertando a Manilha da Precisão,
118714,Manilha de Precisão Afiada,
118715,Contra-atacar a manilha da precisão,
118716,Manilha Reluzente da Precisão,
118717,Resoluta Manilha de Precisão,
118718,Manilha absoluta da precisão,
150001,Luz fraca de agudeza {Param},I
150002,Luz fraca de agudeza {Param},II
150003,Agitante Luz de Agudeza,
150004,Luz oscilante de intensidade,
150005,Luz estável de agudeza,
150006,Aprimorada Luz de Afiação,
150007,Luz fraca de luminosidade {Param},I
150008,Luz fraca de luminosidade {Param},II
150009,Agitante Luz de Luminosidade,
150010,Luz oscilante de luminosidade,
150011,Luz estável de Luminosidade,
150012,Luz de Luminosidade Aprimorada,
150013,Luz fraca de precisão {Param},I
150014,Luz fraca de precisão {Param},II
150015,Agitante Luz de Precisão,
150016,Luz Cintilante de Precisão,
150017,Luz Estável de Precisão,
150018,Luz de Precisão Aprimorada,
150101,Luz de Agudeza Percebida {Param},I
150102,Luz de Agudeza Percebida {Param},II
150103,Luz de Agudeza Percebida {Param},III
150104,Nascente Luz de Agudeza,
150105,Luz Turbulenta de Agudeza,
150106,Luz Condensada de Agudeza,
150107,Luz Afiada de Agudeza,
150108,Luz de luminosidade percebida {Param},I
150109,Luz de luminosidade percebida {Param},II
150110,Luz de luminosidade percebida {Param},III
150111,Nascente Luz de Luminosidade,
150112,Luz Turbulenta de Luminosidade,
150113,Luz Condensada de Luminosidade,
150114,Luz Afiada de Luminosidade,
150115,Luz de Precisão Percebida {Param},I
150116,Luz de Precisão Percebida {Param},II
150117,Luz de Precisão Percebida {Param},III
150118,Nascente Luz da Precisão,
150119,Luz Turbulenta de Precisão,
150120,Luz Condensada de Precisão,
150121,Luz Afiada de Precisão,
150201,Luz emergente de agudeza {Param},I
150202,Luz emergente de agudeza {Param},II
150203,Nascente da Luz da Agudeza,
150204,Despertando a Luz da Agudeza,
150205,Luz Afiada de Afiação,
150206,Contra-Luz de Agudeza,
150207,Luz Reluzente de Agudeza,
150208,Luz Resoluta de Agudeza,
150209,Luz Absoluta de Agudeza,
150210,Luz emergente de luminosidade {Param},I
150211,Luz emergente de luminosidade {Param},II
150212,Nascente da Luz da Luminosidade,
150213,Despertando a Luz da Luminosidade,
150214,Luz Afiada de Luminosidade,
150215,Contra-Luz de Luminosidade,
150216,Luz Reluzente da Luminosidade,
150217,Luz Resoluta de Luminosidade,
150218,Luz Absoluta de Luminosidade,
150219,Luz emergente de precisão {Param},I
150220,Luz emergente de precisão {Param},II
150221,Nascente da Luz da Precisão,
150222,Despertando a Luz da Precisão,
150223,Luz Afiada de Precisão,
150224,Contra-Luz de Precisão,
150225,Luz Reluzente da Precisão,
150226,Luz Resoluta de Precisão,
150227,Luz Absoluta de Precisão,
150501,Escuridão fraca do foco {Param},I
150502,Escuridão fraca do foco {Param},II
150503,Agitando Escuridão de Foco,
150504,Escuridão Cintilante de Foco,
150505,Escuridão de foco estável,
150506,Escuridão de Foco Aprimorada,
150507,Escuridão fraca do silêncio {Param},I
150508,Escuridão fraca do silêncio {Param},II
150509,Agitando a Escuridão do Silêncio,
150510,Escuridão Cintilante do Silêncio,
150511,Escuridão estável do silêncio,
150512,Escuridão do silêncio aprimorada,
150513,Escuridão fraca da fortaleza {Param},I
150514,Escuridão fraca da fortaleza {Param},II
150515,Agitando a Escuridão da Fortitude,
150516,Escuridão Cintilante da Fortitude,
150517,Escuridão estável da fortaleza,
150518,Escuridão de Fortitude Aprimorada,
150601,Escuridão percebida do foco {Param},I
150602,Escuridão percebida do foco {Param},II
150603,Escuridão percebida do foco {Param},III
150604,Nascente Escuridão de Foco,
150605,Escuridão Turbulenta de Foco,
150606,Escuridão Condensada do Foco,
150607,Escuridão Afiada do Foco,
150608,Escuridão Percebida do Silêncio {Param},I
150609,Escuridão Percebida do Silêncio {Param},II
150610,Escuridão Percebida do Silêncio {Param},III
150611,Nascente Escuridão do Silêncio,
150612,Escuridão Turbulenta do Silêncio,
150613,Escuridão Condensada do Silêncio,
150614,Escuridão Afiada do Silêncio,
150615,Escuridão Percebida da Fortitude {Param},I
150616,Escuridão Percebida da Fortitude {Param},II
150617,Escuridão Percebida da Fortitude {Param},III
150618,Nascente Escuridão da Fortaleza,
150619,Escuridão Turbulenta da Fortaleza,
150620,Escuridão Condensada da Fortaleza,
150621,Escuridão Afiada da Fortitude,
150701,Escuridão Emergente do Foco {Param},I
150702,Escuridão Emergente do Foco {Param},II
150703,Amanhecer da Escuridão do Foco,
150704,Despertando a Escuridão do Foco,
150705,Escuridão aprimorada de foco,
150706,Contra-ataque à Escuridão do Foco,
150707,Escuridão Reluzente do Foco,
150708,Escuridão Resoluta de Foco,
150709,Escuridão Absoluta de Foco,
150710,Emergente Escuridão do Silêncio {Param},I
150711,Emergente Escuridão do Silêncio {Param},II
150712,Amanhecer da Escuridão do Silêncio,
150713,Despertando a Escuridão do Silêncio,
150714,Escuridão aprimorada do silêncio,
150715,Contra-ataque à Escuridão do Silêncio,
150716,Escuridão Reluzente do Silêncio,
150717,Resoluta Escuridão do Silêncio,
150718,Escuridão Absoluta do Silêncio,
150719,Escuridão Emergente da Fortitude {Param},I
150720,Escuridão Emergente da Fortitude {Param},II
150721,Amanhecer da Escuridão da Fortitude,
150722,Despertando a Escuridão da Fortitude {Param},I
150723,Despertando a Escuridão da Fortitude {Param},II
150724,Escuridão aprimorada da fortaleza,
150725,Contra-ataque à Escuridão da Fortitude,
150726,Escuridão Reluzente da Fortaleza,
150727,Resoluta Escuridão da Fortitude,
150728,Escuridão Absoluta da Fortitude,
151001,Sopro fraco de proteção {Param},I
151002,Sopro fraco de proteção {Param},II
151003,Agitante Sopro de Proteção,
151004,Sopro Esvoaçante de Proteção,
151005,Sopro de Proteção Estável,
151006,Sopro de proteção aprimorado,
151007,Sopro fraco de disciplina {Param},I
151008,Sopro fraco de disciplina {Param},II
151009,Agitação do sopro da disciplina,
151010,Sopro Esvoaçante de Disciplina,
151011,Respiração Estável de Disciplina,
151012,Sopro de Disciplina Aprimorado,
151013,Sopro fraco de sutileza {Param},I
151014,Sopro fraco de sutileza {Param},II
151015,Agitante Sopro de Finesse,
151016,Sopro Esvoaçante de Refinamento,
151017,Sopro de Requinte Estável,
151018,Sopro de sutileza aprimorado,
151101,Respiração de Proteção Percebida {Param},I
151102,Respiração de Proteção Percebida {Param},II
151103,Respiração de Proteção Percebida {Param},III
151104,Nascente Sopro de Proteção,
151105,Sopro Turbulento de Proteção,
151106,Sopro Condensado de Proteção,
151107,Sopro Afiado de Proteção,
151108,Respiração de Disciplina Percebida {Param},I
151109,Respiração de Disciplina Percebida {Param},II
151110,Respiração de Disciplina Percebida {Param},III
151111,Nascente Sopro de Disciplina,
151112,Sopro Turbulento de Disciplina,
151113,Sopro Condensado de Disciplina,
151114,Sopro Afiado de Disciplina,
151115,Respiração de sutileza percebida {Param},I
151116,Respiração de sutileza percebida {Param},II
151117,Respiração de sutileza percebida {Param},III
151118,Nascente Sopro de Refinamento,
151119,Sopro Turbulento de Refinamento,
151120,Sopro Condensado de Refinamento,
151121,Sopro Afiado de Finesse,
151201,Respiração Emergente de Proteção {Param},I
151202,Respiração Emergente de Proteção {Param},II
151203,Sopro Nascente de Proteção,
151204,Sopro do Despertar da Proteção,
151205,Sopro de Proteção Afiado,
151206,Contra-ataque ao Sopro de Proteção,
151207,Sopro Reluzente de Proteção,
151208,Sopro Resoluto de Proteção,
151209,Sopro Absoluto de Proteção,
151210,Emerging Breath of Discipline {Param},I
151211,Emerging Breath of Discipline {Param},II
151212,Sopro Nascente de Disciplina,
151213,Sopro do Despertar da Disciplina,
151214,Sopro de Disciplina Afiado,
151215,Contra-ataque ao Sopro de Disciplina,
151216,Sopro Reluzente de Disciplina,
151217,Sopro Resoluto de Disciplina,
151218,Sopro Absoluto de Disciplina,
151219,Emerging Breath of Discipline de Precisão {Param},I
151220,Emerging Breath of Discipline de Precisão {Param},II
151221,Sopro Nascente de Precisão,
151222,Sopro do Despertar da Precisão,
151223,Sopro de Precisão Afiado,
151224,Contra-ataque ao Sopro de Precisão,
151225,Sopro Reluzente de Precisão,
151226,Sopro Resoluto de Precisão,
151227,Sopro Absoluto de Precisão,
151501,Fraca Ressonância de Agilidade Ressonância de Piercing {Param},I
151502,Fraca Ressonância de Agilidade Ressonância de Piercing {Param},II
151503,Ressonância de Agitação de Perfuração,
151504,Ressonância oscilante de perfuração,
151505,Ressonância de Perfuração Estável,
151506,Ressonância de Perfuração Aprimorada,
151507,Ressonância fraca de rapidez {Param},I
151508,Ressonância fraca de rapidez {Param},II
151509,Agitante Ressonância da Rapidez,
151510,Ressonância oscilante da rapidez,
151511,Ressonância estável de rapidez,
151512,Ressonância de rapidez aprimorada,
151513,Fraca Ressonância de Agilidade {Param},I
151514,Fraca Ressonância de Agilidade {Param},II
151515,Ressonância de Agilidade Agitante,
151516,Ressonância oscilante de agilidade,
151517,Ressonância de Agilidade Estável,
151518,Ressonância de Agilidade Aprimorada,
151601,Ressonância percebida do piercing {Param},I
151602,Ressonância percebida do piercing {Param},II
151603,Ressonância percebida do piercing {Param},III
151604,Brotando Ressonância de Piercing,
151605,Ressonância Turbulenta de Perfuração,
151606,Ressonância Condensada de Perfuração,
151607,Ressonância Afiada de Perfuração,
151608,Ressonância de Rapidez Percebida {Param},I
151609,Ressonância de Rapidez Percebida {Param},II
151610,Ressonância de Rapidez Percebida {Param},III
151611,Nascimento de Ressonância de Rapidez,
151612,Ressonância Turbulenta da Rapidez,
151613,Ressonância Condensada de Rapidez,
151614,Afiada Ressonância da Rapidez,
151615,Ressonância de Agilidade Percebida {Param},I
151616,Ressonância de Agilidade Percebida {Param},II
151617,Ressonância de Agilidade Percebida {Param},III
151618,Brotando Ressonância de Agilidade,
151619,Ressonância Turbulenta de Agilidade,
151620,Ressonância Condensada de Agilidade,
151621,Ressonância Afiada de Agilidade,
151701,Ressonância Emergente de Piercing {Param},I
151702,Ressonância Emergente de Piercing {Param},II
151703,Nascente Ressonância de Piercing,
151704,Despertando a Ressonância do Piercing,
151705,Ressonância Afiada de Piercing,
151706,Contra-ressonância de perfuração,
151707,Ressonância Reluzente de Piercing,
151708,Ressonância Resoluta de Perfuração,
151709,Ressonância Absoluta de Piercing,
151710,Ressonância Emergente de Rapidez {Param},I
151711,Ressonância Emergente de Rapidez {Param},II
151712,Nascente Ressonância da Rapidez,
151713,Despertar Ressonância de Rapidez,
151714,Ressonância Afiada de Rapidez,
151715,Contra-ressonância de rapidez,
151716,Ressonância Reluzente da Rapidez,
151717,Ressonância Resoluta de Rapidez,
151718,Ressonância Absoluta de Rapidez,
151719,Ressonância Emergente de Agilidade {Param},I
151720,Ressonância Emergente de Agilidade {Param},II
151721,Nascente Ressonância de Agilidade,
151722,Despertando a Ressonância da Agilidade,
151723,Ressonância de Agilidade Aprimorada,
151724,Contra-ressonância de agilidade,
151725,Ressonância Reluzente de Agilidade,
151726,Ressonante Resoluto de Agilidade,
151727,Ressonância Absoluta de Agilidade,
152001,Recirculação radiante fraca {Param},I
152002,Recirculação radiante fraca {Param},II
152003,Agitando a Recirculação Radiante,
152004,Recirculação radiante oscilante,
152005,Recirculação radiante estável,
152006,Recirculação radiante aprimorada,
152007,Recirculação silenciosa fraca {Param},I
152008,Recirculação silenciosa fraca {Param},II
152009,Agitando a Recirculação Silenciosa,
152010,Recirculação silenciosa vacilante,
152011,Recirculação silenciosa estável,
152012,Recirculação silenciosa aprimorada,
152013,Recirculação de aço fraca {Param},I
152014,Recirculação de aço fraca {Param},II
152015,Agitando a Recirculação de Aço,
152016,Recirculação de aço oscilante,
152017,Recirculação de Aço Estável,
152018,Recirculação de Aço Aprimorada,
152101,Recirculação Radiante Percebida {Param},I
152102,Recirculação Radiante Percebida {Param},II
152103,Recirculação Radiante Percebida {Param},III
152104,Recirculação Radiante de Brotamento,
152105,Recirculação Radiante Turbulenta,
152106,Recirculação Radiante Condensada,
152107,Recirculação Radiante Afiada,
152108,Recirculação silenciosa percebida {Param},I
152109,Recirculação silenciosa percebida {Param},II
152110,Recirculação silenciosa percebida {Param},III
152111,Nascendo a Recirculação Silenciosa,
152112,Recirculação Turbulenta Silenciosa,
152113,Recirculação Silenciosa Condensada,
152114,Recirculação Silenciosa Afiada,
152115,Aço Percebido Recirculação {Param},I
152116,Aço Percebido Recirculação {Param},II
152117,Aço Percebido Recirculação {Param},III
152118,Brotando Recirculação de Aço,
152119,Recirculação de Aço Turbulento,
152120,Recirculação de Aço Condensado,
152121,Recirculação de Aço Afiada,
152201,Recirculação Radiante Emergente {Param},I
152202,Recirculação Radiante Emergente {Param},II
152203,Amanhecer Recirculação Radiante,
152204,Despertando Recirculação Radiante,
152205,Recirculação Radiante Afiada,
152206,Contrariando a Recirculação Radiante,
152207,Recirculação Radiante Reluzente,
152208,Recirculação Radiante Resoluta,
152209,Recirculação Radiante Absoluta,
152210,Recirculação Silenciosa Emergente {Param},I
152211,Recirculação Silenciosa Emergente {Param},II
152212,Amanhecer Recirculação Silenciosa,
152213,Despertando a Recirculação Silenciosa,
152214,Recirculação Silenciosa Afiada,
152215,Contrariando a Recirculação Silenciosa,
152216,Recirculação Silenciosa Reluzente,
152217,Recirculação Silenciosa Resoluta,
152218,Absoluto Recirculação Silenciosa,
152219,Recirculação de aço emergente {Param},I
152220,Recirculação de aço emergente {Param},II
152221,Dawning Steel Recirculação,
152222,Despertando o Aço Recirculação,
152223,Recirculação de Aço Afiado,
152224,Contra-atacar a recirculação de aço,
152225,Recirculação de Aço Reluzente,
152226,Resolute Steel Recirculation,
152227,Recirculação de Aço Absoluta,
152501,Sombra fraca de Arcana {Param},I
152502,Sombra fraca de Arcana {Param},II
152503,Agitando a Sombra dos Arcanos,
152504,Sombra vacilante do Arcano,
152505,Sombra Estável dos Arcanos,
152506,Sombra de Arcana aprimorada,
152507,Sombra fraca do equilíbrio {Param},I
152508,Sombra fraca do equilíbrio {Param},II
152509,Agitando a Sombra do Equilíbrio,
152510,Sombra vacilante do equilíbrio,
152511,Sombra estável do equilíbrio,
152512,Sombra de equilíbrio aprimorada,
152513,Sombra fraca da furtividade {Param},I
152514,Sombra fraca da furtividade {Param},II
152515,Agitando a Sombra de Furtividade,
152516,Sombra vacilante de Furtividade,
152517,Sombra estável da furtividade,
152518,Sombra de furtividade aprimorada,
152601,Sombra de Arcana percebida {Param},I
152602,Sombra de Arcana percebida {Param},II
152603,Sombra de Arcana percebida {Param},III
152604,Nascendo a Sombra do Arcano,
152605,Sombra Turbulenta de Arcana,
152606,Sombra Condensada de Arcana,
152607,Afiada Sombra do Arcano,
152608,Sombra de equilíbrio percebida {Param},I
152609,Sombra de equilíbrio percebida {Param},II
152610,Sombra de equilíbrio percebida {Param},III
152611,Nascendo a Sombra do Equilíbrio,
152612,Sombra Turbulenta de Equilíbrio,
152613,Sombra Condensada de Equilíbrio,
152614,Afiada Sombra do Equilíbrio,
152615,Sombra de furtividade percebida {Param},I
152616,Sombra de furtividade percebida {Param},II
152617,Sombra de furtividade percebida {Param},III
152618,Nascendo a Sombra da Furtividade,
152619,Sombra Turbulenta de Furtividade,
152620,Sombra Condensada de Furtividade,
152621,Afiada Sombra da Furtividade,
152701,Sombra Emergente de Arcana {Param},I
152702,Sombra Emergente de Arcana {Param},II
152703,Amanhecer do grilhão da lealdade Sombra do Arcano,
152704,Despertando Sombra do Arcano,
152705,Sombra de Arcana Afiada,
152706,Combate à Sombra do Arcano,
152707,Sombra Brilhante do Arcano,
152708,Sombra Resoluta do Arcano,
152709,Absoluta Sombra do Arcano,
152710,Sombra Emergente do Equilíbrio {Param},I
152711,Sombra Emergente do Equilíbrio {Param},II
152712,Amanhecer Sombra do Equilíbrio,
152713,Despertando Sombra do Equilíbrio,
152714,Sombra de Equilíbrio Afiada,
152715,Combate à Sombra do Equilíbrio,
152716,Sombra Brilhante do Equilíbrio,
152717,Sombra Resoluta do Equilíbrio,
152718,Sombra Absoluta do Equilíbrio,
152719,Sombra Emergente de Stealth {Param},I
152720,Sombra Emergente de Stealth {Param},II
152721,Amanhecer Sombra da Furtividade,
152722,Despertando Sombra da Furtividade,
152723,Sombra de Furtividade Aprimorada,
152724,Combatendo a Sombra Furtiva,
152725,Sombra Brilhante da Furtividade,
152726,Sombra Resoluta da Furtividade,
152727,Sombra Absoluta da Furtividade,
153001,Asas Fracas de Precisão {Param},I
153002,Asas Fracas de Precisão {Param},II
153003,Agitando Asas da Precisão,
153004,Asas oscilantes de precisão,
153005,Asas de Precisão Estáveis,
153006,Asas de Precisão Aprimoradas,
153007,Asas Fracas de Arcano {Param},I
153008,Asas Fracas de Arcano {Param},II
153009,Agitando Asas do Arcano,
153010,Asas vacilantes do Arcano,
153011,Asas de Arcano Estáveis,
153012,Asas de Arcano Aprimoradas,
153013,Asas fracas de aço {Param},I
153014,Asas fracas de aço {Param},II
153015,Agitando Asas de Aço,
153016,Asas oscilantes de aço,
153017,Asas de Aço Estáveis,
153018,Asas de Aço Aprimoradas,
153101,Asas de Precisão Percebidas {Param},I
153102,Asas de Precisão Percebidas {Param},II
153103,Asas de Precisão Percebidas {Param},III
153104,Nascendo Asas de Precisão,
153105,Asas Turbulentas de Precisão,
153106,Asas Condensadas de Precisão,
153107,Asas Afiadas de Precisão,
153108,Asas de Arcanos Percebidas {Param},I
153109,Asas de Arcanos Percebidas {Param},II
153110,Asas de Arcanos Percebidas {Param},III
153111,Nascentes Asas de Arcana,
153112,Asas Turbulentas do Arcano,
153113,Asas Condensadas de Arcana,
153114,Asas Afiadas dos Arcanos,
153115,Asas de Aço Percebidas {Param},I
153116,Asas de Aço Percebidas {Param},II
153117,Asas de Aço Percebidas {Param},III
153118,Nascendo Asas de Aço,
153119,Asas Turbulentas de Aço,
153120,Asas Condensadas de Aço,
153121,Asas Afiadas de Aço,
153201,Asas de Precisão Emergentes {Param},I
153202,Asas de Precisão Emergentes {Param},II
153203,Dawning Wings of Precision,
153204,Despertando Asas de Precisão,
153205,Asas Afiadas de Precisão,
153206,Contra-ataque às Asas de Precisão,
153207,Asas Brilhantes de Precisão,
153208,Asas de Precisão Resolutas,
153209,Asas Absolutas de Precisão,
153210,Asas Emergentes dos Arcanos {Param},I
153211,Asas Emergentes dos Arcanos {Param},II
153212,Asas Nascentes do Arcano,
153213,Despertando Asas do Arcano,
153214,Asas Afiadas do Arcano,
153215,Contra Asas de Arcana,
153216,Asas Brilhantes de Arcano,
153217,Asas de Arcano Resolutas,
153218,Asas Absolutas de Arcana,
153219,Asas de Aço Emergentes {Param},I
153220,Asas de Aço Emergentes {Param},II
153221,Dawning Wings of Steel,
153222,Despertando Asas de Aço,
153223,Asas Afiadas de Aço,
153224,Contra-ataque às Asas de Aço,
153225,Asas Brilhantes de Aço,
153226,Asas de Aço Resolutas,
153227,Asas Absolutas de Aço,
153501,Fraco Radiante Will {Param},I
153502,Fraco Radiante Will {Param},II
153503,Agitando a Vontade Radiante,
153504,Vontade Ondulante Radiante,
153505,Radiante estável Will,
153506,Vontade radiante aprimorada,
153507,Vontade Fraca de Fortitude {Param},I
153508,Vontade Fraca de Fortitude {Param},II
153509,Agitando a Vontade da Fortitude,
153510,Vontade vacilante da fortaleza,
153511,Vontade de Fortitude Estável,
153512,Vontade de Fortitude Aprimorada,
153513,Fraco Radiante Will {Param},I
153514,Fraco Radiante Will {Param},II
153515,Agitando a Vontade Radiante,
153516,Vontade Ondulante Radiante,
153517,Radiante estável Will,
153518,Vontade radiante aprimorada,
153601,Radiante percebido será {Param},I
153602,Radiante percebido será {Param},II
153603,Radiante percebido será {Param},III
153604,Vontade Radiante de Brotamento,
153605,Turbulento Radiante Will,
153606,Vontade Radiante Condensada,
153607,Vontade Radiante Afiada,
153608,Vontade de Fortitude Percebida {Param},I
153609,Vontade de Fortitude Percebida {Param},II
153610,Vontade de Fortitude Percebida {Param},III
153611,Nascente Vontade de Fortitude,
153612,Vontade Turbulenta de Fortitude,
153613,Vontade Condensada de Fortitude,
153614,Afiada Vontade de Fortitude,
153615,Radiante percebido será {Param},I
153616,Radiante percebido será {Param},II
153617,Radiante percebido será {Param},III
153618,Vontade Radiante de Brotamento,
153619,Turbulento Radiante Will,
153620,Vontade Radiante Condensada,
153621,Vontade Radiante Afiada,
153701,Irá Radiante Emergente {Param},I
153702,Irá Radiante Emergente {Param},II
153703,Amanhecer Radiante Will,
153704,Despertando Vontade Radiante,
153705,Vontade Radiante Afiada,
153706,Contrariando o Recesso Radiante,
153707,Recesso Radiante Reluzente,
153708,Infusão de vontade radiante,
153709,Radiância Resoluta,
153710,Vontade de Fortitude Emergente {Param},I
153711,Vontade de Fortitude Emergente {Param},II
153712,Vontade Nascente da Fortitude,
153713,Despertando Vontade da Fortitude,
153714,Vontade Afiada de Fortitude,
153715,Contra Vontade de Fortitude,
153716,Vontade Reluzente de Fortitude,
153717,Fortitude Resoluta,
153718,Vontade Absoluta da Fortitude,
153719,Vontade Luminosa Emergente {Param},I
153720,Vontade Luminosa Emergente {Param},II
153721,Nascente da Vontade Luminosa,
153722,Despertando Vontade Luminosa,
153723,Vontade Luminosa Afiada,
153724,Contra a Vontade Luminosa,
153725,Vontade Luminosa Reluzente,
153726,Resoluta Vontade Luminosa,
153727,Vontade Luminosa Absoluta,
153519,Fraca Vontade de Equilíbrio {Param},I
153520,Fraca Vontade de Equilíbrio {Param},II
153521,Agitante Vontade de Equilíbrio,
153522,Vontade vacilante do equilíbrio,
153523,Vontade de Equilíbrio Estável,
153524,Vontade de Equilíbrio Aprimorada,
153622,Vontade de Equilíbrio Percebida {Param},I
153623,Vontade de Equilíbrio Percebida {Param},II
153624,Vontade de Equilíbrio Percebida {Param},III
153625,Nascente Vontade de Equilíbrio,
153626,Vontade Turbulenta de Equilíbrio,
153627,Vontade Condensada de Equilíbrio,
153628,Afiada Vontade de Equilíbrio,
153728,Vontade de equilíbrio emergente {Param},I
153729,Vontade de equilíbrio emergente {Param},II
153730,Vontade Nascente do Equilíbrio,
153731,Despertando a Vontade do Equilíbrio,
153732,Vontade de Equilíbrio Afiada,
153733,Contra Vontade de Equilíbrio,
153734,Vontade Reluzente de Equilíbrio,
153735,Equilíbrio Resoluto,
153736,Vontade Absoluta do Equilíbrio,
154001,Anel fraco de agudeza {Param},I
154002,Anel fraco de agudeza {Param},II
154003,Agitando o Anel da Afiação,
154004,Anel oscilante de agudeza,
154005,Anel estável de agudeza,
154006,Anel de Keenness aprimorado,
154007,Anel fraco de Rapidez {Param},I
154008,Anel fraco de Rapidez {Param},II
154009,Agitando o Anel da Rapidez,
154010,Anel oscilante de rapidez,
154011,Anel estável de rapidez,
154012,Anel aprimorado da Rapidez,
154013,Anel fraco de disciplina {Param},I
154014,Anel fraco de disciplina {Param},II
154015,Agitando o Anel da Disciplina,
154016,Anel oscilante de disciplina,
154017,Anel estável de disciplina,
154018,Anel de disciplina aprimorado,
154101,Anel de Agudeza Percebido {Param},I
154102,Anel de Agudeza Percebido {Param},II
154103,Anel de Agudeza Percebido {Param},III
154104,Anel brotando de Agudeza,
154105,Anel Turbulento de Afiação,
154106,Anel Condensado de Agudeza,
154107,Anel Afiado de Afiação,
154108,Anel de Rapidez Percebido {Param},I
154109,Anel de Rapidez Percebido {Param},II
154110,Anel de Rapidez Percebido {Param},III
154111,Anel Inicial de Rapidez,
154112,Anel Turbulento de Rapidez,
154113,Anel Condensado de Rapidez,
154114,Anel Afiado de Rapidez,
154115,Anel de Disciplina Percebido {Param},I
154116,Anel de Disciplina Percebido {Param},II
154117,Anel de Disciplina Percebido {Param},III
154118,Anel brotando de disciplina,
154119,Anel Turbulento de Disciplina,
154120,Anel Condensado de Disciplina,
154121,Anel Afiado de Disciplina,
154201,Anel de Agudeza Emergente {Param},I
154202,Anel de Agudeza Emergente {Param},II
154203,Nascente do Anel da Agudeza,
154204,Despertando o Anel da Afiação,
154205,Anel Afiado de Afiação,
154206,Contra-ataque ao Anel de Afiação,
154207,Anel Reluzente da Afiação,
154208,Anel Resoluto de Agudeza,
154209,Anel Absoluto de Acuidade,
154210,Anel Emergente da Rapidez {Param},I
154211,Anel Emergente da Rapidez {Param},II
154212,Nascente do Anel da Rapidez,
154213,Despertando o Anel da Rapidez,
154214,Anel Afiado de Rapidez,
154215,Contra-ataque ao Anel de Rapidez,
154216,Anel Reluzente da Rapidez,
154217,Anel Resoluto de Rapidez,
154218,Anel Absoluto de Rapidez,
154219,Anel de Disciplina Emergente {Param},I
154220,Anel de Disciplina Emergente {Param},II
154221,Nascente do Anel da Disciplina,
154222,Despertando o Anel da Disciplina,
154223,Anel Afiado de Disciplina,
154224,Contra-ataque ao Anel de Disciplina,
154225,Anel Reluzente da Disciplina,
154226,Anel Resoluto de Disciplina,
154227,Anel Absoluto de Disciplina,
154501,Fraca Mensagem de Piercing {Param},I
154502,Fraca Mensagem de Piercing {Param},II
154503,Comovente Mensagem de Piercing,
154504,Mensagem vacilante de perfuração,
154505,Mensagem Estável de Piercing,
154506,Mensagem Aprimorada de Piercing,
154507,Fraca Mensagem de Silêncio {Param},I
154508,Fraca Mensagem de Silêncio {Param},II
154509,Agitadora Mensagem de Silêncio,
154510,Mensagem oscilante de silêncio,
154511,Mensagem Estável de Silêncio,
154512,Mensagem de Silêncio Aprimorada,
154513,Fraca Mensagem de Foco {Param},I
154514,Fraca Mensagem de Foco {Param},II
154515,Comovente Mensagem de Foco,
154516,Mensagem vacilante de foco,
154517,Mensagem Estável de Foco,
154518,Mensagem Aprimorada de Foco,
154601,Mensagem percebida de piercing {Param},I
154602,Mensagem percebida de piercing {Param},II
154603,Mensagem percebida de piercing {Param},III
154604,Mensagem de Perfuração nascente,
154605,Mensagem Turbulenta de Perfuração,
154606,Mensagem Condensada de Piercing,
154607,Mensagem Afiada de Piercing,
154608,Mensagem de silêncio percebida {Param},I
154609,Mensagem de silêncio percebida {Param},II
154610,Mensagem de silêncio percebida {Param},III
154611,Mensagem de Silêncio nascente,
154612,Mensagem Turbulenta de Silêncio,
154613,Mensagem Condensada de Silêncio,
154614,Mensagem Afiada de Silêncio,
154615,Mensagem percebida de foco {Param},I
154616,Mensagem percebida de foco {Param},II
154617,Mensagem percebida de foco {Param},III
154618,Mensagem de Foco nascente,
154619,Mensagem Turbulenta de Foco,
154620,Mensagem Condensada de Foco,
154621,Mensagem Afiada de Foco,
154701,Mensagem Emergente de Piercing {Param},I
154702,Mensagem Emergente de Piercing {Param},II
154703,Mensagem Nascente de Piercing,
154704,Mensagem do Despertar do Piercing,
154705,Mensagem Afiada de Piercing,
154706,Contra a Mensagem de Perfuração,
154707,Mensagem Reluzente de Perfuração,
154708,Resoluta Mensagem de Piercing,
154709,Mensagem Absoluta de Piercing,
154710,Mensagem Emergente de Silêncio {Param},I
154711,Mensagem Emergente de Silêncio {Param},II
154712,Mensagem Nascente de Silêncio,
154713,Mensagem do Despertar do Silêncio,
154714,Mensagem Afiada de Silêncio,
154715,Contra-Mensagem de Silêncio,
154716,Mensagem Reluzente de Silêncio,
154717,Resoluta Mensagem de Silêncio,
154718,Mensagem Absoluta de Silêncio,
154719,Mensagem Emergente de Foco {Param},I
154720,Mensagem Emergente de Foco {Param},II
154721,Nascente Mensagem de Foco,
154722,Despertando Mensagem de Foco,
154723,Mensagem Afiada de Foco,
154724,Contra a Mensagem de Foco,
154725,Mensagem Reluzente de Foco,
154726,Resoluta Mensagem de Foco,
154727,Mensagem Absoluta de Foco,
154519,Fraca Mensagem de Agilidade {Param},I
154520,Fraca Mensagem de Agilidade {Param},II
154521,Comovente Mensagem de Agilidade,
154522,Mensagem vacilante de agilidade,
154523,Mensagem Estável de Agilidade,
154524,Mensagem Aprimorada de Agilidade,
154622,Mensagem de agilidade percebida {Param},I
154623,Mensagem de agilidade percebida {Param},II
154624,Mensagem de agilidade percebida {Param},III
154625,Mensagem de Agilidade nascente,
154626,Mensagem Turbulenta de Agilidade,
154627,Mensagem Condensada de Agilidade,
154628,Mensagem Afiada de Agilidade,
154728,Mensagem Emergente de Agilidade {Param},I
154729,Mensagem Emergente de Agilidade {Param},II
154730,Nascente Mensagem de Agilidade,
154731,Despertando Mensagem de Agilidade,
154732,Mensagem Afiada de Agilidade,
154733,Contra a Mensagem de Agilidade,
154734,Mensagem Reluzente de Agilidade,
154735,Resoluta Mensagem de Agilidade,
154736,Mensagem Absoluta de Agilidade,
155001,Arquétipo fraco de foco {Param},I
155002,Arquétipo fraco de foco {Param},II
155003,Agitante Arquétipo de Foco,
155004,Arquétipo vacilante do foco,
155005,Arquétipo Estável do Foco,
155006,Arquétipo de foco aprimorado,
155007,Arquétipo fraco de Finesse {Param},I
155008,Arquétipo fraco de Finesse {Param},II
155009,Agitante Arquétipo de Finesse,
155010,Arquétipo vacilante da sutileza,
155011,Arquétipo estável de sutileza,
155012,Arquétipo de sutileza aprimorado,
155013,Arquétipo fraco do silêncio {Param},I
155014,Arquétipo fraco do silêncio {Param},II
155015,Agitante Arquétipo de Silêncio,
155016,Arquétipo vacilante do silêncio,
155017,Arquétipo Estável do Silêncio,
155018,Arquétipo de silêncio aprimorado,
155101,Arquétipo de Foco Percebido {Param},I
155102,Arquétipo de Foco Percebido {Param},II
155103,Arquétipo de Foco Percebido {Param},III
155104,Nascendo o arquétipo do foco,
155105,Arquétipo Turbulento de Foco,
155106,Arquétipo condensado de foco,
155107,Arquétipo Afiado de Foco,
155108,Arquétipo Percebido de Finesse {Param},I
155109,Arquétipo Percebido de Finesse {Param},II
155110,Arquétipo Percebido de Finesse {Param},III
155111,Nascendo o arquétipo da sutileza,
155112,Arquétipo Turbulento de Finesse,
155113,Arquétipo condensado de sutileza,
155114,Arquétipo Afiado de Finesse,
155115,Arquétipo do Silêncio Percebido {Param},I
155116,Arquétipo do Silêncio Percebido {Param},II
155117,Arquétipo do Silêncio Percebido {Param},III
155118,Nascendo o arquétipo do silêncio,
155119,Arquétipo Turbulento de Silêncio,
155120,Arquétipo condensado de silêncio,
155121,Arquétipo Afiado de Silêncio,
155201,Arquétipo Emergente de Foco {Param},I
155202,Arquétipo Emergente de Foco {Param},II
155203,Arquétipo do Amanhecer do Foco,
155204,Arquétipo do Despertar do Foco,
155205,Arquétipo Afiado de Foco,
155206,Contrariando o Arquétipo de Foco,
155207,Arquétipo Reluzente de Foco,
155208,Arquétipo Resoluto de Foco,
155209,Arquétipo Absoluto de Foco,
155210,Arquétipo Emergente de Finesse {Param},I
155211,Arquétipo Emergente de Finesse {Param},II
155212,Arquétipo do Amanhecer da Finesse,
155213,Arquétipo do Despertar da Finesse,
155214,Arquétipo aprimorado de Finesse,
155215,Contrariando o Arquétipo de Finesse,
155216,Arquétipo Reluzente de Finesse,
155217,Arquétipo Resoluto de Finesse,
155218,Arquétipo Absoluto de Finesse,
155219,Arquétipo Emergente de Silêncio {Param},I
155220,Arquétipo Emergente de Silêncio {Param},II
155221,Arquétipo do Amanhecer do Silêncio,
155222,Arquétipo do Despertar do Silêncio,
155223,Arquétipo Afiado de Silêncio,
155224,Contrariando o Arquétipo do Silêncio,
155225,Arquétipo Reluzente do Silêncio,
155226,Arquétipo Resoluto de Silêncio,
155227,Arquétipo Absoluto de Silêncio,
155501,Ligação fraca de luminosidade {Param},I
155502,Ligação fraca de luminosidade {Param},II
155503,Agitação do vínculo da luminosidade,
155504,Ligação vacilante de luminosidade,
155505,Ligação Estável de Luminosidade,
155506,Vínculo de Luminosidade Aprimorado,
155507,Elo fraco de proteção {Param},I
155508,Elo fraco de proteção {Param},II
155509,Agitação do vínculo da proteção,
155510,Vínculo vacilante de proteção,
155511,Ligação Estável de Proteção,
155512,Vínculo de Proteção Aprimorado,
155513,Elo fraco de furtividade {Param},I
155514,Elo fraco de furtividade {Param},II
155515,Agitação do vínculo da furtividade,
155516,Vínculo vacilante de furtividade,
155517,Vínculo Estável de Furtividade,
155518,Vínculo de Furtividade Aprimorado,
155601,Ligação percebida de luminosidade {Param},I
155602,Ligação percebida de luminosidade {Param},II
155603,Ligação percebida de luminosidade {Param},III
155604,Ligação Inicial de Luminosidade,
155605,Ligação Turbulenta de Luminosidade,
155606,Ligação Condensada de Luminosidade,
155607,Ligação Afiada de Luminosidade,
155608,Título de proteção percebido {Param},I
155609,Título de proteção percebido {Param},II
155610,Título de proteção percebido {Param},III
155611,Ligação Inicial de Proteção,
155612,Ligação Turbulenta de Proteção,
155613,Ligação Condensada de Proteção,
155614,Ligação Afiada de Proteção,
155615,Vínculo furtivo percebido {Param},I
155616,Vínculo furtivo percebido {Param},II
155617,Vínculo furtivo percebido {Param},III
155618,Ligação Inicial de Furtividade,
155619,Ligação Turbulenta de Furtividade,
155620,Ligação Condensada de Furtividade,
155621,Ligação Afiada de Furtividade,
155701,Ligação Emergente de Luminosidade {Param},I
155702,Ligação Emergente de Luminosidade {Param},II
155703,Amanhecer do Laço da Luminosidade,
155704,Ligação do Despertar da Luminosidade,
155705,Ligação Afiada de Luminosidade,
155706,Contra-ligação de luminosidade,
155707,Ligação Brilhante de Luminosidade,
155708,Ligação Resoluta de Luminosidade,
155709,Ligação Absoluta de Luminosidade,
155710,Ligação Emergente de Proteção {Param},I
155711,Ligação Emergente de Proteção {Param},II
155712,Amanhecer do Laço de Proteção,
155713,Ligação do Despertar da Proteção,
155714,Laço de Proteção Afiado,
155715,Contra-ligação de proteção,
155716,Ligação Brilhante de Proteção,
155717,Vínculo Resoluto de Proteção,
155718,Vínculo Absoluto de Proteção,
155719,Emerging Bond of Stealth {Param},I
155720,Emerging Bond of Stealth {Param},II
155721,Amanhecer do Laço da Furtividade,
155722,Ligação do Despertar da Furtividade,
155723,Laço de Furtividade Afiado,
155724,Contra-ligação de furtividade,
155725,Ligação Brilhante de Furtividade,
155726,Vínculo Resoluto de Furtividade,
155727,Vínculo Absoluto de Furtividade,
156001,Corrente de Foco Fraca {Param},I
156002,Corrente de Foco Fraca {Param},II
156003,Corrente Agitadora de Foco,
156004,Corrente Ondulante de Foco,
156005,Corrente de foco estável,
156006,Corrente de Foco Aprimorada,
156007,Corrente radiante fraca {Param},I
156008,Corrente radiante fraca {Param},II
156009,Agitando a Corrente Radiante,
156010,Corrente radiante oscilante,
156011,Corrente radiante estável,
156012,Corrente radiante aprimorada,
156013,Corrente de Aço Fraca {Param},I
156014,Corrente de Aço Fraca {Param},II
156015,Corrente Agitadora de Aço,
156016,Corrente Ondulante de Aço,
156017,Corrente de aço estável,
156018,Corrente de Aço Aprimorada,
156101,Corrente de foco percebida {Param},I
156102,Corrente de foco percebida {Param},II
156103,Corrente de foco percebida {Param},III
156104,Nascente Corrente de Foco,
156105,Corrente Turbulenta de Foco,
156106,Corrente Condensada de Foco,
156107,Corrente de Foco Afiada,
156108,Corrente radiante percebida {Param},I
156109,Corrente radiante percebida {Param},II
156110,Corrente radiante percebida {Param},III
156111,Corrente Radiante de Brotamento,
156112,Corrente Radiante Turbulenta,
156113,Corrente Radiante Condensada,
156114,Corrente Radiante Afiada,
156115,Corrente percebida de aço {Param},I
156116,Corrente percebida de aço {Param},II
156117,Corrente percebida de aço {Param},III
156118,Nascente Corrente de Aço,
156119,Corrente Turbulenta de Aço,
156120,Corrente Condensada de Aço,
156121,Corrente Aguçada de Aço,
156201,Corrente Emergente de Foco {Param},I
156202,Corrente Emergente de Foco {Param},II
156203,Nascente da Corrente de Foco,
156204,Corrente do Despertar do Foco,
156205,Corrente de foco aprimorada,
156206,Contra-corrente de foco,
156207,Corrente Reluzente de Foco,
156208,Corrente de Foco Resoluta,
156209,Corrente Absoluta de Foco,
156210,Corrente Radiante Emergente {Param},I
156211,Corrente Radiante Emergente {Param},II
156212,Amanhecer Corrente Radiante,
156213,Despertando Corrente Radiante,
156214,Corrente Radiante Afiada,
156215,Contra-ataque Corrente Radiante,
156216,Corrente Radiante Reluzente,
156217,Corrente Radiante Resoluta,
156218,Corrente Radiante Absoluta,
156219,Corrente Emergente de Aço {Param},I
156220,Corrente Emergente de Aço {Param},II
156221,Nascente da Corrente de Aço,
156222,Corrente do Despertar do Aço,
156223,Corrente de aço aprimorada,
156224,Combate à Corrente de Aço,
156225,Corrente Reluzente de Aço,
156226,Corrente de Aço Resoluta,
156227,Corrente Absoluta de Aço,
156501,Pulso fraco de precisão {Param},I
156502,Pulso fraco de precisão {Param},II
156503,Pulso Agitador de Precisão,
156504,Pulso oscilante de precisão,
156505,Pulso estável de precisão,
156506,Pulso de Precisão Aprimorado,
156507,Pulso fraco de Arcana {Param},I
156508,Pulso fraco de Arcana {Param},II
156509,Pulso Agitador de Arcanos,
156510,Profecia vacilante da penetração Pulso de Arcano,
156511,Pulso de Arcano Estável,
156512,Pulso de Arcanos Aprimorado,
156513,Pulso fraco de fortaleza {Param},I
156514,Pulso fraco de fortaleza {Param},II
156515,Pulso Agitador de Fortitude,
156516,Pulso oscilante de fortaleza,
156517,Pulso de Fortitude Estável,
156518,Pulso de Fortitude Aprimorado,
156601,Pulso de Precisão Percebido {Param},I
156602,Pulso de Precisão Percebido {Param},II
156603,Pulso de Precisão Percebido {Param},III
156604,Pulso de Precisão de Brotamento,
156605,Pulso Turbulento de Precisão,
156606,Pulso Condensado de Precisão,
156607,Pulso Afiado de Precisão,
156608,Pulso de Arcano Percebido {Param},I
156609,Pulso de Arcano Percebido {Param},II
156610,Pulso de Arcano Percebido {Param},III
156611,Nascente Pulso de Arcana,
156612,Pulso Turbulento de Arcanos,
156613,Condensada Pulso de Arcano,
156614,Pulso Afiado de Arcanos,
156615,Pulso de Fortitude Percebido {Param},I
156616,Pulso de Fortitude Percebido {Param},II
156617,Pulso de Fortitude Percebido {Param},III
156618,Nascente Pulso de Fortitude,
156619,Pulso Turbulento de Fortitude,
156620,Pulso Condensado de Fortitude,
156621,Pulso Afiado de Fortitude,
156701,Pulso Emergente de Precisão {Param},I
156702,Pulso Emergente de Precisão {Param},II
156703,Pulso Nascente da Precisão,
156704,Despertando Pulso de Precisão,
156705,Pulso Afiado de Precisão,
156706,Contra-ataque ao Pulso de Precisão,
156707,Pulso Reluzente de Precisão,
156708,Pulso Resoluto de Precisão,
156709,Absoluto Pulso de Precisão,
156710,Pulso Emergente de Arcana {Param},I
156711,Pulso Emergente de Arcana {Param},II
156712,Pulso do Amanhecer dos Arcanos,
156713,Pulso do Despertar de Arcana,
156714,Pulso Afiado de Arcanos,
156715,Contra-ataque ao Pulso de Arcana,
156716,Pulso Reluzente de Arcanos,
156717,Pulso Resoluto de Arcanos,
156718,Pulso Absoluto de Arcana,
156719,Pulso Emergente de Fortitude {Param},I
156720,Pulso Emergente de Fortitude {Param},II
156721,Pulso Nascente da Fortitude,
156722,Despertando Pulso de Fortitude,
156723,Pulso Afiado de Fortitude,
156724,Contra-ataque ao Pulso de Fortitude,
156725,Pulso Reluzente de Fortitude,
156726,Pulso Resoluto de Fortitude,
156727,Pulso Absoluto de Fortitude,
157001,Orientação fraca de penetração {Param},I
157002,Orientação fraca de penetração {Param},II
157003,Agitando a Orientação da Penetração,
157004,Orientação oscilante de penetração,
157005,Orientação estável de penetração,
157006,Orientação de Penetração Aprimorada,
157007,Orientação fraca de disciplina {Param},I
157008,Orientação fraca de disciplina {Param},II
157009,Agitando a Orientação da Disciplina,
157010,Orientação oscilante da disciplina,
157011,Orientação estável de Disciplina,
157012,Orientação de Disciplina Aprimorada,
157013,Orientação fraca de sutileza {Param},I
157014,Orientação fraca de sutileza {Param},II
157015,Agitando a Orientação da Finesse,
157016,Oscilante Orientação de sutileza,
157017,Orientação estável de sutileza,
157018,Orientação de Refinamento Aprimorada,
157101,Orientação percebida de penetração {Param},I
157102,Orientação percebida de penetração {Param},II
157103,Orientação percebida de penetração {Param},III
157104,Orientação inicial de penetração,
157105,Orientação Turbulenta de Penetração,
157106,Orientação Condensada de Penetração,
157107,Orientação Afiada de Penetração,
157108,Orientação Percebida de Disciplina {Param},I
157109,Orientação Percebida de Disciplina {Param},II
157110,Orientação Percebida de Disciplina {Param},III
157111,Orientação inicial de disciplina,
157112,Orientação Turbulenta de Disciplina,
157113,Orientação Condensada da Disciplina,
157114,Orientação Afiada da Disciplina,
157115,Orientação percebida de sutileza {Param},I
157116,Orientação percebida de sutileza {Param},II
157117,Orientação percebida de sutileza {Param},III
157118,Orientação inicial de sutileza,
157119,Orientação Turbulenta de Finesse,
157120,Orientação condensada de sutileza,
157121,Orientação Afiada da Finesse,
157201,Orientação emergente de penetração {Param},I
157202,Orientação emergente de penetração {Param},II
157203,Nascente Orientação de Penetração,
157204,Despertar Orientação de Penetração,
157205,Orientação Afiada da Penetração,
157206,Contrariando a Orientação de Penetração,
157207,Orientação Reluzente da Penetração,
157208,Orientação Resoluta de Penetração,
157209,Orientação Absoluta de Penetração,
157210,Orientação Emergente da Disciplina {Param},I
157211,Orientação Emergente da Disciplina {Param},II
157212,Orientação do Amanhecer de Disciplina,
157213,Despertar Orientação de Disciplina,
157214,Orientação Afiada da Disciplina,
157215,Contra-Orientação da Disciplina,
157216,Orientação Reluzente da Disciplina,
157217,Orientação Resoluta de Disciplina,
157218,Orientação Absoluta de Disciplina,
157219,Orientação emergente de sutileza {Param},I
157220,Orientação emergente de sutileza {Param},II
157221,Nascente Orientação de Finesse,
157222,Despertar Orientação de Finesse,
157223,Orientação Afiada da Refinamento,
157224,Contra-ataque Orientação de Finesse,
157225,Orientação Reluzente da Refinamento,
157226,Orientação Resoluta de Refinamento,
157227,Orientação Absoluta de Refinamento,
157501,Portão fraco da agudeza {Param},I
157502,Portão fraco da agudeza {Param},II
157503,Agitando o Portão da Agudeza,
157504,Portão oscilante da agudeza,
157505,Portão estável da acuidade,
157506,Portão de Agudeza Aprimorado,
157507,Portão fraco do silêncio {Param},I
157508,Portão fraco do silêncio {Param},II
157509,Agitando o Portão do Silêncio,
157510,Portão oscilante do silêncio,
157511,Portão estável do silêncio,
157512,Portão de Silêncio Aprimorado,
157513,Portão fraco da agilidade {Param},I
157514,Portão fraco da agilidade {Param},II
157515,Agitando o Portão da Agilidade,
157516,Portão oscilante da agilidade,
157517,Portão estável da agilidade,
157518,Portão de Agilidade Aprimorado,
157601,Portão de Agudeza Percebido {Param},I
157602,Portão de Agudeza Percebido {Param},II
157603,Portão de Agudeza Percebido {Param},III
157604,Nascendo o Portão da Agudeza,
157605,Portão Turbulento de Agudeza,
157606,Portão Condensado da Agudeza,
157607,Portão Afiado da Agudeza,
157608,Portão do Silêncio Percebido {Param},I
157609,Portão do Silêncio Percebido {Param},II
157610,Portão do Silêncio Percebido {Param},III
157611,Nascendo o Portão do Silêncio,
157612,Portão Turbulento de Silêncio,
157613,Portão Condensado do Silêncio,
157614,Portão Afiado do Silêncio,
157615,Portão de Agilidade Percebido {Param},I
157616,Portão de Agilidade Percebido {Param},II
157617,Portão de Agilidade Percebido {Param},III
157618,Nascendo o Portão da Agilidade,
157619,Portão Turbulento de Agilidade,
157620,Portão Condensado da Agilidade,
157621,Portão Afiado da Agilidade,
157701,Portão Emergente da Agudeza {Param},I
157702,Portão Emergente da Agudeza {Param},II
157703,Portão do Amanhecer da Agudeza,
157704,Despertando o Portão da Agudeza,
157705,Portão Afiado da Afiação,
157706,Contra-ataque ao Portão da Agudeza,
157707,Portão Reluzente da Agudeza,
157708,Portão Resoluto da Agudeza,
157709,Portão Absoluto de Agudeza,
157710,Portão Emergente do Silêncio {Param},I
157711,Portão Emergente do Silêncio {Param},II
157712,Portão do Amanhecer do Silêncio,
157713,Despertando o Portão do Silêncio,
157714,Portão Afiado do Silêncio,
157715,Contra-ataque ao Portão do Silêncio,
157716,Portão Reluzente do Silêncio,
157717,Portão Resoluto do Silêncio,
157718,Portão Absoluto de Silêncio,
157719,Portão Emergente da Agilidade {Param},I
157720,Portão Emergente da Agilidade {Param},II
157721,Portão do Amanhecer da Agilidade,
157722,Despertando o Portão da Agilidade,
157723,Portão aprimorado de agilidade,
157724,Contra-ataque ao Portão da Agilidade,
157725,Portão Reluzente da Agilidade,
157726,Portão Resoluto da Agilidade,
157727,Portão Absoluto de Agilidade,
158001,Fraca Ilusão de Proteção {Param},I
158002,Fraca Ilusão de Proteção {Param},II
158003,Agitando Ilusão de Proteção,
158004,Ilusão vacilante de proteção,
158005,Ilusão estável de proteção,
158006,Ilusão de Proteção Aprimorada,
158007,Ilusão fraca de equilíbrio {Param},I
158008,Ilusão fraca de equilíbrio {Param},II
158009,Agitante Ilusão de Equilíbrio,
158010,Ilusão vacilante de equilíbrio,
158011,Ilusão Estável de Equilíbrio,
158012,Ilusão de Equilíbrio Aprimorada,
158013,Fraca Ilusão de Silêncio {Param},I
158014,Fraca Ilusão de Silêncio {Param},II
158015,Agitante Ilusão de Silêncio,
158016,Ilusão vacilante de silêncio,
158017,Ilusão estável de silêncio,
158018,Ilusão de Silêncio Aprimorada,
158101,Ilusão de proteção percebida {Param},I
158102,Ilusão de proteção percebida {Param},II
158103,Ilusão de proteção percebida {Param},III
158104,Nascente Ilusão de Proteção,
158105,Ilusão Turbulenta de Proteção,
158106,Ilusão Condensada de Proteção,
158107,Ilusão Aguçada de Proteção,
158108,Ilusão de equilíbrio percebida {Param},I
158109,Ilusão de equilíbrio percebida {Param},II
158110,Ilusão de equilíbrio percebida {Param},III
158111,Ilusão inicial de equilíbrio,
158112,Ilusão Turbulenta de Equilíbrio,
158113,Ilusão Condensada de Equilíbrio,
158114,Ilusão Afiada de Equilíbrio,
158115,Ilusão de Silêncio Percebida {Param},I
158116,Ilusão de Silêncio Percebida {Param},II
158117,Ilusão de Silêncio Percebida {Param},III
158118,Nascente Ilusão de Silêncio,
158119,Ilusão Turbulenta de Silêncio,
158120,Condensada Ilusão de Silêncio,
158121,Ilusão Afiada de Silêncio,
158201,Ilusão Emergente de Proteção {Param},I
158202,Ilusão Emergente de Proteção {Param},II
158203,Nascente da Ilusão de Proteção,
158204,Despertando Ilusão de Proteção,
158205,Ilusão aprimorada de proteção,
158206,Contrariando a Ilusão de Proteção,
158207,Ilusão Reluzente de Proteção,
158208,Ilusão Resoluta de Proteção,
158209,Ilusão Absoluta de Proteção,
158210,Ilusão Emergente de Equilíbrio {Param},I
158211,Ilusão Emergente de Equilíbrio {Param},II
158212,Nascente da Ilusão de Equilíbrio,
158213,Despertando Ilusão de Equilíbrio,
158214,Ilusão aprimorada de equilíbrio,
158215,Contrariando a Ilusão de Equilíbrio,
158216,Brilhante Ilusão de Equilíbrio,
158217,Ilusão Resoluta de Equilíbrio,
158218,Ilusão Absoluta de Equilíbrio,
158219,Ilusão Emergente de Silêncio {Param},I
158220,Ilusão Emergente de Silêncio {Param},II
158221,Nascente da Ilusão do Silêncio,
158222,Despertando Ilusão de Silêncio,
158223,Ilusão aprimorada de silêncio,
158224,Combate à Ilusão de Silêncio,
158225,Ilusão Reluzente de Silêncio,
158226,Ilusão Resoluta de Silêncio,
158227,Ilusão Absoluta de Silêncio,
158501,Voz fraca de luminosidade {Param},I
158502,Voz fraca de luminosidade {Param},II
158503,Agitante Voz de Luminosidade,
158504,Voz Ondulante da Luminosidade,
158505,Voz de Luminosidade Estável,
158506,Voz de Luminosidade Aprimorada,
158507,Fraca Voz da Rapidez {Param},I
158508,Fraca Voz da Rapidez {Param},II
158509,Agitante Voz de Rapidez,
158510,Voz Ondulante de Rapidez,
158511,Voz de Rapidez Estável,
158512,Voz de Rapidez Aprimorada,
158513,Voz fraca de furtividade {Param},I
158514,Voz fraca de furtividade {Param},II
158515,Agitante Voz de Furtividade,
158516,Voz Ondulante de Furtividade,
158517,Voz de Furtividade Estável,
158518,Voz de Furtividade Aprimorada,
158601,Voz Percebida de Luminosidade {Param},I
158602,Voz Percebida de Luminosidade {Param},II
158603,Voz Percebida de Luminosidade {Param},III
158604,Voz de brotamento de luminosidade,
158605,Voz Turbulenta da Luminosidade,
158606,Voz Condensada de Luminosidade,
158607,Voz Afiada de Luminosidade,
158608,Voz de Rapidez Percebida {Param},I
158609,Voz de Rapidez Percebida {Param},II
158610,Voz de Rapidez Percebida {Param},III
158611,Nascente Voz da Rapidez,
158612,Voz Turbulenta da Rapidez,
158613,Voz Condensada de Rapidez,
158614,Voz Afiada de Rapidez,
158615,Voz de Furtividade Percebida {Param},I
158616,Voz de Furtividade Percebida {Param},II
158617,Voz de Furtividade Percebida {Param},III
158618,Voz de brotamento de furtividade,
158619,Voz Turbulenta do Furtivo,
158620,Voz Condensada de Furtividade,
158621,Voz Afiada de Furtividade,
158701,Voz Emergente de Luminosidade {Param},I
158702,Voz Emergente de Luminosidade {Param},II
158703,Nascente Voz da Luminosidade,
158704,Despertando a Voz da Luminosidade,
158705,Voz Afiada da Luminosidade,
158706,Contra Voz da Luminosidade,
158707,Voz brilhante de Luminosidade,
158708,Voz Resoluta da Luminosidade,
158709,Voz Absoluta da Luminosidade,
158710,Voz emergente da rapidez {Param},I
158711,Voz emergente da rapidez {Param},II
158712,Voz Nascente da Rapidez,
158713,Despertando a Voz da Rapidez,
158714,Voz Afiada da Rapidez,
158715,Contra Voz da Rapidez,
158716,Voz Reluzente da Rapidez,
158717,Voz Resoluta da Rapidez,
158718,Voz Absoluta da Rapidez,
158719,Voz emergente da furtividade {Param},I
158720,Voz emergente da furtividade {Param},II
158721,Nascente Voz do Stealth,
158722,Despertando a Voz Furtiva,
158723,Voz Afiada da Furtividade,
158724,Contra Voz Furtiva,
158725,Voz Reluzente da Furtividade,
158726,Voz Resoluta da Furtividade,
158727,Voz Absoluta da Furtividade,
159001,Amanhecer fraco da intensidade {Param},I
159002,Amanhecer fraco da intensidade {Param},II
159003,Agitando o Amanhecer da Agudeza,
159004,Amanhecer oscilante da agudeza,
159005,Dawn of Keenness estável,
159006,Dawn of Keenness aprimorada,
159007,Amanhecer fraco do foco {Param},I
159008,Amanhecer fraco do foco {Param},II
159009,Agitando o Amanhecer do Foco,
159010,Amanhecer oscilante do foco,
159011,Dawn of Focus estável,
159012,Dawn of Focus aprimorada,
159013,Amanhecer fraco da luminosidade {Param},I
159014,Amanhecer fraco da luminosidade {Param},II
159015,Agitando a Aurora da Luminosidade,
159016,Amanhecer oscilante da luminosidade,
159017,Dawn of Luminosity estável,
159018,Dawn of Luminosity aprimorada,
159101,Amanhecer de Agudeza Percebido {Param},I
159102,Amanhecer de Agudeza Percebido {Param},II
159103,Nascente Amanhecer da Agudeza,
159104,Amanhecer Turbulento da Agudeza,
159105,Amanhecer Condensado de Afiação,
159106,Amanhecer Afiado da Agudeza,
159107,Amanhecer do Foco Percebido {Param},I
159108,Amanhecer do Foco Percebido {Param},II
159109,Nascente Amanhecer do Foco,
159110,Amanhecer Turbulento do Foco,
159111,Amanhecer Condensado de Foco,
159112,Amanhecer Afiado do Foco,
159113,Amanhecer da Luminosidade Percebido {Param},I
159114,Amanhecer da Luminosidade Percebido {Param},II
159115,Nascente Amanhecer da Luminosidade,
159116,Amanhecer Turbulento da Luminosidade,
159117,Amanhecer Condensado de Luminosidade,
159118,Nitidez da luminosidade,
159201,Amanhecer Emergente do Agudeza {Param},I
159202,Amanhecer Emergente do Agudeza {Param},II
159203,Amanhecer da Agudeza,
159204,Despertar Amanhecer da Agudeza,
159205,Afiado Dawn of Keenness,
159206,Contrariando o Amanhecer da Agudeza,
159207,Amanhecer brilhante de agudeza,
159208,Resoluta Alvorecer da Agudeza,
159209,Amanhecer absoluto da agudeza,
159210,Amanhecer Emergente do Foco {Param},I
159211,Amanhecer Emergente do Foco {Param},II
159212,Amanhecer do Foco,
159213,Despertar Amanhecer do Foco,
159214,Afiado Dawn of Focus,
159215,Combatendo o Amanhecer do Foco,
159216,Amanhecer brilhante de foco,
159217,Resoluta Alvorecer do Foco,
159218,Amanhecer absoluto do foco,
159219,Amanhecer Emergente da Luminosidade {Param},I
159220,Amanhecer Emergente da Luminosidade {Param},II
159221,Amanhecer da Luminosidade,
159222,Despertar Amanhecer da Luminosidade,
159223,Afiado Dawn of Luminosity,
159224,Contrariando o Amanhecer da Luminosidade,
159225,Amanhecer brilhante de luminosidade,
159226,Resoluta Amanhecer da Luminosidade,
159227,Amanhecer absoluto da luminosidade,
159501,Ressonância fraca de precisão {Param},I
159502,Ressonância fraca de precisão {Param},II
159503,Ressonância de Precisão Agitante,
159504,Ressonância oscilante de precisão,
159505,Ressonância de Precisão Estável,
159506,Ressonância de Precisão Aprimorada,
159507,Fraca Ressonância de Agilidade Ressonância de Piercing {Param},I
159508,Fraca Ressonância de Agilidade Ressonância de Piercing {Param},II
159509,Ressonância de Agitação de Perfuração,
159510,Ressonância oscilante de perfuração,
159511,Ressonância de Perfuração Estável,
159512,Ressonância de Perfuração Aprimorada,
159513,Ressonância fraca de brilho {Param},I
159514,Ressonância fraca de brilho {Param},II
159515,Agitante Ressonância da Radiância,
159516,Ressonância oscilante da radiância,
159517,Ressonância estável de brilho,
159518,Ressonância de brilho aprimorada,
159601,Ressonância de Precisão Percebida {Param},I
159602,Ressonância de Precisão Percebida {Param},II
159603,Nascimento de Ressonância de Precisão,
159604,Ressonância Turbulenta de Precisão,
159605,Ressonância Condensada de Precisão,
159606,Ressonância Afiada de Precisão,
159607,Ressonância percebida do piercing {Param},I
159608,Ressonância percebida do piercing {Param},II
159609,Brotando Ressonância de Piercing,
159610,Ressonância Turbulenta de Perfuração,
159611,Ressonância Condensada de Perfuração,
159612,Ressonância Afiada de Perfuração,
159613,Ressonância Percebida de Radiância {Param},I
159614,Ressonância Percebida de Radiância {Param},II
159615,Nascimento de Ressonância de Radiância,
159616,Ressonância Turbulenta de Radiância,
159617,Ressonância Condensada de Radiância,
159618,Afiada Ressonância da Radiância,
159701,Ressonância Emergente de Precisão {Param},I
159702,Ressonância Emergente de Precisão {Param},II
159703,Nascente Ressonância de Precisão,
159704,Despertar Ressonância de Precisão,
159705,Ressonância Afiada de Precisão,
159706,Contra-ressonância de precisão,
159707,Ressonância Reluzente de Precisão,
159708,Ressonância Resoluta de Precisão,
159709,Ressonância Absoluta de Precisão,
159710,Ressonância Emergente de Piercing {Param},I
159711,Ressonância Emergente de Piercing {Param},II
159712,Nascente Ressonância de Piercing,
159713,Despertando a Ressonância do Piercing,
159714,Ressonância Afiada de Piercing,
159715,Contra-ressonância de perfuração,
159716,Ressonância Reluzente de Piercing,
159717,Ressonância Resoluta de Perfuração,
159718,Ressonância Absoluta de Piercing,
159719,Ressonância Emergente de Radiância {Param},I
159720,Ressonância Emergente de Radiância {Param},II
159721,Nascente Ressonância de Radiância,
159722,Despertar Ressonância de Radiância,
159723,Ressonância Afiada de Radiância,
159724,Contra-ressonância de brilho,
159725,Ressonância Reluzente de Radiância,
159726,Ressonância Resoluta de Radiância,
159727,Ressonância Absoluta de Radiância,
160001,Eco fraco de proteção {Param},I
160002,Eco fraco de proteção {Param},II
160003,Eco Agitante da Proteção,
160004,Eco oscilante de proteção,
160005,Eco de Proteção Estável,
160006,Eco de proteção aprimorado,
160007,Fraco eco de Arcano {Param},I
160008,Fraco eco de Arcano {Param},II
160009,Agitando o Eco dos Arcanos,
160010,Eco oscilante dos Arcanos,
160011,Eco estável de Arcana,
160012,Eco de Arcanos Aprimorado,
160013,Eco fraco de rapidez {Param},I
160014,Eco fraco de rapidez {Param},II
160015,Agitando o Eco da Rapidez,
160016,Eco oscilante de Rapidez,
160017,Eco de Rapidez Estável,
160018,Eco de rapidez aprimorado,
160101,Eco de proteção percebido {Param},I
160102,Eco de proteção percebido {Param},II
160103,Eco de Nascimento da Proteção,
160104,Eco Turbulento de Proteção,
160105,Eco Condensado de Proteção,
160106,Eco Afiado de Proteção,
160107,Eco percebido do Arcano {Param},I
160108,Eco percebido do Arcano {Param},II
160109,Eco de Nascimento dos Arcanos,
160110,Eco Turbulento de Arcana,
160111,Eco Condensado de Arcana,
160112,Eco Afiado de Arcana,
160113,Eco de Rapidez Percebido {Param},I
160114,Eco de Rapidez Percebido {Param},II
160115,Eco de Nascimento da Rapidez,
160116,Eco Turbulento de Rapidez,
160117,Eco Condensado de Rapidez,
160118,Eco Afiado de Rapidez,
160201,Eco Emergente de Proteção {Param},I
160202,Eco Emergente de Proteção {Param},II
160203,Eco do Amanhecer da Proteção,
160204,Eco do Despertar da Proteção,
160205,Eco de proteção aprimorado,
160206,Contra-atacar o Eco de Proteção,
160207,Eco Brilhante da Proteção,
160208,Eco Resoluto de Proteção,
160209,Eco Absoluto de Proteção,
160210,Eco Emergente de Arcana {Param},I
160211,Eco Emergente de Arcana {Param},II
160212,Eco do Amanhecer dos Arcanos,
160213,Despertando Eco de Arcana,
160214,Eco of Arcana aprimorado,
160215,Contra-atacar o Eco dos Arcanos,
160216,Eco Brilhante da Arcana,
160217,Eco Resoluto de Arcana,
160218,Eco Absoluto de Arcana,
160219,Eco Emergente de Rapidez {Param},I
160220,Eco Emergente de Rapidez {Param},II
160221,Eco do Amanhecer da Rapidez,
160222,Eco do Despertar da Rapidez,
160223,Eco de rapidez aprimorado,
160224,Contra-atacar o Eco da Rapidez,
160225,Eco Brilhante da Rapidez,
160226,Eco Resoluto de Rapidez,
160227,Eco Absoluto de Rapidez,
160501,Fraca oscilação de silêncio {Param},I
160502,Fraca oscilação de silêncio {Param},II
160503,Agitando a Cintilação do Silêncio,
160504,Cintilação oscilante de silêncio,
160505,Cintilação estável do silêncio,
160506,Cintilação de Silêncio Aprimorada,
160507,Fraca oscilação de disciplina {Param},I
160508,Fraca oscilação de disciplina {Param},II
160509,Agitando a Cintilação da Disciplina,
160510,Cintilação oscilante de disciplina,
160511,Cintilação Estável de Disciplina,
160512,Cintilação de Disciplina Aprimorada,
160513,Cintilação Fraca de Agilidade {Param},I
160514,Cintilação Fraca de Agilidade {Param},II
160515,Agitando a Cintilação de Agilidade,
160516,Cintilação oscilante de agilidade,
160517,Cintilação Estável de Agilidade,
160518,Cintilação de Agilidade Aprimorada,
160601,Cintilação de silêncio percebida {Param},I
160602,Cintilação de silêncio percebida {Param},II
160603,Nascendo o Portão do Silêncio,
160604,Cintilação Turbulenta de Silêncio,
160605,Cintilação Condensada de Silêncio,
160606,Cintilação Afiada de Silêncio,
160607,Cintilação percebida de disciplina {Param},I
160608,Cintilação percebida de disciplina {Param},II
160609,Nascente Cintilação de Disciplina,
160610,Cintilação Turbulenta de Disciplina,
160611,Cintilação Condensada de Disciplina,
160612,Cintilação Afiada de Disciplina,
160613,Cintilação de agilidade percebida {Param},I
160614,Cintilação de agilidade percebida {Param},II
160615,Nascente Cintilação de Agilidade,
160616,Cintilação Turbulenta de Agilidade,
160617,Cintilação Condensada de Agilidade,
160618,Cintilação Afiada de Agilidade,
160701,Cintilação Emergente de Silêncio {Param},I
160702,Cintilação Emergente de Silêncio {Param},II
160703,Amanhecer Cintilação do Silêncio,
160704,Despertando o Portão do Silêncio,
160705,Cintilação aprimorada de silêncio,
160706,Contra-ataque do Silêncio,
160707,Cintilação Reluzente de Silêncio,
160708,Cintilação Resoluta do Silêncio,
160709,Cintilação Absoluta de Silêncio,
160710,Cintilação Emergente de Disciplina {Param},I
160711,Cintilação Emergente de Disciplina {Param},II
160712,Amanhecer Cintilação de Disciplina,
160713,Despertando o Portão da Disciplina,
160714,Cintilação aprimorada de disciplina,
160715,Contra-travar a oscilação de disciplina,
160716,Cintilação Reluzente de Disciplina,
160717,Cintilação Resoluta de Disciplina,
160718,Absoluta Cintilação de Disciplina,
160719,Cintilação Emergente de Agilidade {Param},I
160720,Cintilação Emergente de Agilidade {Param},II
160721,Amanhecer Cintilação de Agilidade,
160722,Despertando Cintilação de Agilidade,
160723,Cintilação aprimorada de agilidade,
160724,Contra-atacar a oscilação de agilidade,
160725,Cintilação Reluzente de Agilidade,
160726,Cintilação Resoluta de Agilidade,
160727,Cintilação Absoluta de Agilidade,
161001,Retorno fraco de aço {Param},I
161002,Retorno fraco de aço {Param},II
161003,Agitando o Retorno do Aço,
161004,Retorno oscilante do aço,
161005,Retorno estável de aço,
161006,Retorno de aço aprimorado,
161007,Retorno fraco de fortaleza {Param},I
161008,Retorno fraco de fortaleza {Param},II
161009,Agitante Retorno da Fortaleza,
161010,Retorno oscilante da fortaleza,
161011,Retorno estável de fortaleza,
161012,Retorno de fortaleza aprimorado,
161013,Retorno fraco de silêncio {Param},I
161014,Retorno fraco de silêncio {Param},II
161015,Agitante Retorno do Silêncio,
161016,Retorno oscilante do silêncio,
161017,Retorno estável de silêncio,
161018,Retorno de silêncio aprimorado,
161101,Retorno percebido do aço {Param},I
161102,Retorno percebido do aço {Param},II
161103,Nascente Retorno do Aço,
161104,Retorno Turbulento do Aço,
161105,Retorno Condensado de Aço,
161106,Afiado Retorno do Aço,
161107,Retorno de Fortitude Percebido {Param},I
161108,Retorno de Fortitude Percebido {Param},II
161109,Nascimento de Retorno de Fortitude,
161110,Retorno Turbulento da Fortitude,
161111,Retorno Condensado de Fortitude,
161112,Afiado Retorno da Fortaleza,
161113,Retorno de silêncio percebido {Param},I
161114,Retorno de silêncio percebido {Param},II
161115,Nascente Retorno do Silêncio,
161116,Retorno Turbulento do Silêncio,
161117,Retorno Condensado de Silêncio,
161118,Afiado Retorno do Silêncio,
161201,Retorno emergente do aço {Param},I
161202,Retorno emergente do aço {Param},II
161203,Nascente Retorno do Aço,
161204,Despertando o Retorno do Aço,
161205,Retorno de Aço Afiado,
161206,Contra-atacando o retorno do aço,
161207,Brilhante Retorno do Aço,
161208,Resoluto Retorno do Aço,
161209,Retorno Absoluto do Aço,
161210,Retorno Emergente de Fortitude {Param},I
161211,Retorno Emergente de Fortitude {Param},II
161212,Nascente Retorno da Fortitude,
161213,Despertar Retorno da Fortitude,
161214,Retorno Aprimorado da Fortitude,
161215,Contra-atacando o retorno da fortaleza,
161216,Brilhante Retorno da Fortitude,
161217,Retorno Resoluto de Fortitude,
161218,Retorno Absoluto da Fortitude,
161219,Retorno emergente do silêncio {Param},I
161220,Retorno emergente do silêncio {Param},II
161221,Nascente Retorno do Silêncio,
161222,Despertando o Retorno do Silêncio,
161223,Retorno Aprimorado do Silêncio,
161224,Contra-atacando o retorno do silêncio,
161225,Brilhante Retorno do Silêncio,
161226,Resoluto Retorno do Silêncio,
161227,Retorno Absoluto do Silêncio,
161501,Fraca queda de equilíbrio {Param},I
161502,Fraca queda de equilíbrio {Param},II
161503,Agitando a Queda do Equilíbrio,
161504,Queda oscilante de equilíbrio,
161505,Queda estável de equilíbrio,
161506,Queda de equilíbrio aprimorada,
161507,Fraca queda de sutileza {Param},I
161508,Fraca queda de sutileza {Param},II
161509,Agitando Queda da Finesse,
161510,Queda oscilante de sutileza,
161511,Queda estável de sutileza,
161512,Queda de sutileza aprimorada,
161513,Fraca queda de furtividade {Param},I
161514,Fraca queda de furtividade {Param},II
161515,Agitando a Queda da Furtividade,
161516,Queda oscilante de furtividade,
161517,Queda estável de furtividade,
161518,Queda de furtividade aprimorada,
161601,Queda de equilíbrio percebida {Param},I
161602,Queda de equilíbrio percebida {Param},II
161603,Queda inicial do equilíbrio,
161604,Queda Turbulenta de Equilíbrio,
161605,Queda Condensada de Equilíbrio,
161606,Queda acentuada do equilíbrio,
161607,Queda percebida de finesse {Param},I
161608,Queda percebida de finesse {Param},II
161609,Queda inicial da sutileza,
161610,Queda Turbulenta de Finesse,
161611,Queda Condensada de Finesse,
161612,Queda acentuada da sutileza,
161613,Queda percebida do Stealth {Param},I
161614,Queda percebida do Stealth {Param},II
161615,Queda inicial da furtividade,
161616,Queda Turbulenta de Furtividade,
161617,Queda Condensada de Furtividade,
161618,Queda Afiada de Furtividade,
161701,Queda emergente de equilíbrio {Param},I
161702,Queda emergente de equilíbrio {Param},II
161703,Amanhecer Queda do Equilíbrio,
161704,Despertando Queda de Equilíbrio,
161705,Queda aprimorada de equilíbrio,
161706,Contrariando a Queda de Equilíbrio,
161707,Queda brilhante do equilíbrio,
161708,Queda Resoluta de Equilíbrio,
161709,Queda Absoluta de Equilíbrio,
161710,Queda emergente de sutileza {Param},I
161711,Queda emergente de sutileza {Param},II
161712,Queda do Amanhecer da Finesse,
161713,Despertando Queda de Finesse,
161714,Queda aprimorada de sutileza,
161715,Contrariando a Queda de Finesse,
161716,Queda Brilhante da Finesse,
161717,Queda Resoluta de Finesse,
161718,Queda Absoluta de Finesse,
161719,Queda emergente de furtividade {Param},I
161720,Queda emergente de furtividade {Param},II
161721,Queda do Amanhecer da Furtividade,
161722,Despertando Queda de Furtividade,
161723,Queda aprimorada de furtividade,
161724,Contra-atacar a Queda da Furtividade,
161725,Queda Brilhante da Furtividade,
161726,Queda Resoluta de Furtividade,
161727,Queda Absoluta de Furtividade,
180001,Cristal Fraco de Afiação {Param},I
180002,Cristal Fraco de Afiação {Param},II
180003,Cristal Fraco de Afiação {Param},III
180004,Cristal Agitante da Agudeza,
180005,Cristal Ondulante da Agudeza,
180006,Cristal Estável da Acuidade,
180007,Cristal de Agudeza Aprimorado,
180008,Cristal Fraco da Proteção {Param},I
180009,Cristal Fraco da Proteção {Param},II
180010,Cristal Fraco da Proteção {Param},III
180011,Cristal Agitante de Proteção,
180012,Cristal Ondulante de Proteção,
180013,Cristal Estável da Proteção,
180014,Cristal de Proteção Aprimorado,
180015,Cristal de Aço Fraco {Param},I
180016,Cristal de Aço Fraco {Param},II
180017,Cristal de Aço Fraco {Param},III
180018,Cristal Agitante de Aço,
180019,Cristal Ondulante de Aço,
180020,Cristal Estável de Aço,
180021,Cristal de Aço Aprimorado,
180022,Cristal Fraco de Fortitude {Param},I
180023,Cristal Fraco de Fortitude {Param},II
180024,Cristal Fraco de Fortitude {Param},III
180025,Cristal Agitante da Fortitude,
180026,Cristal Ondulante da Fortitude,
180027,Cristal Estável da Fortitude,
180028,Cristal de Fortitude Aprimorado,
180101,Ruptura de Agudeza Percebida {Param},I
180102,Ruptura de Agudeza Percebida {Param},II
180103,Nascente Ruptura da Agudeza,
180104,Ruptura Turbulenta de Keenness,
180105,Ruptura Condensada de Afiação,
180106,Ruptura acentuada da agudeza,
180107,Ruptura de proteção percebida {Param},I
180108,Ruptura de proteção percebida {Param},II
180109,Ruptura inicial da proteção,
180110,Ruptura Turbulenta de Proteção,
180111,Ruptura Condensada de Proteção,
180112,Ruptura acentuada da proteção,
180113,Ruptura de aço percebida {Param},I
180114,Ruptura de aço percebida {Param},II
180115,Ruptura inicial do aço,
180116,Ruptura Turbulenta de Aço,
180117,Ruptura Condensada de Aço,
180118,Ruptura acentuada do aço,
180119,Ruptura de Fortitude Percebida {Param},I
180120,Ruptura de Fortitude Percebida {Param},II
180121,Ruptura Inicial de Fortitude,
180122,Ruptura Turbulenta da Fortitude,
180123,Ruptura Condensada de Fortitude,
180124,Ruptura acentuada da fortaleza,
180201,Cadeia Emergente de Agudeza {Param},I
180202,Cadeia Emergente de Agudeza {Param},II
180203,Nascente Cadeia de Agudeza {Param},I
180204,Nascente Cadeia de Agudeza {Param},II
180205,Despertar Cadeia de Agudeza,
180206,Cadeia de Afiação Afiada,
180207,Contra-cadeia de Keenness,
180208,Brilhante Corrente de Afiação,
180209,Cadeia de Agudeza Resoluta,
180210,Corrente Absoluta de Agudeza,
180211,Cadeia Emergente de Proteção {Param},I
180212,Cadeia Emergente de Proteção {Param},II
180213,Nascente Cadeia de Proteção {Param},I
180214,Nascente Cadeia de Proteção {Param},II
180215,Despertar Cadeia de Proteção,
180216,Corrente de Proteção Aprimorada,
180217,Contra-corrente de proteção,
180218,Corrente Reluzente de Proteção,
180219,Corrente de Proteção Resoluta,
180220,Corrente Absoluta de Proteção,
180221,Corrente Emergente de Aço {Param},I
180222,Corrente Emergente de Aço {Param},II
180223,Nascente da Corrente de Aço {Param},I
180224,Nascente da Corrente de Aço {Param},II
180225,Corrente do Despertar do Aço,
180226,Corrente de Aço Afiada,
180227,Contra-corrente de aço,
180228,Corrente Reluzente de Aço,
180229,Corrente de Aço Resoluta,
180230,Corrente Absoluta de Aço,
180231,Cadeia Emergente de Fortitude {Param},I
180232,Cadeia Emergente de Fortitude {Param},II
180233,Nascente Cadeia de Fortitude {Param},I
180234,Nascente Cadeia de Fortitude {Param},II
180235,Despertar Cadeia de Fortitude,
180236,Cadeia de Fortitude Afiada,
180237,Contra-ataque à Cadeia de Fortitude,
180238,Corrente Brilhante de Fortitude,
180239,Cadeia de Fortitude Resoluta,
180240,Cadeia de Fortitude Absoluta,
180241,Despertar Cadeia de Equilíbrio,
180242,Corrente de Luminosidade Aprimorada,
180243,Despertar Cadeia de Precisão,
180244,Cadeia de Foco Afiada,
180245,Despertar Cadeia de Penetração,
180246,Corrente de Agilidade Afiada,
180247,Despertar Cadeia de Disciplina {Param},I
180248,Corrente de Furtividade Aprimorada,
180249,Despertar Cadeia de Disciplina {Param},II
180250,Corrente de Mistério Aprimorada,
180251,Corrente do Despertar do Estigma,
180252,Cadeia de Disciplina Afiada,
180253,Corrente de Lealdade Aprimorada,
180301,Fraco Domínio do Foco {Param},I
180302,Fraco Domínio do Foco {Param},II
180303,Fraco Domínio do Foco {Param},III
180304,Domínio de Agitação de Foco,
180305,Domínio Oscilante de Foco,
180306,Domínio Estável do Foco,
180307,Domínio Aprimorado do Foco,
180308,Fraco Domínio dos Arcanos {Param},I
180309,Fraco Domínio dos Arcanos {Param},II
180310,Fraco Domínio dos Arcanos {Param},III
180311,Comovente Domínio dos Arcanos,
180312,Domínio vacilante dos Arcanos,
180313,Domínio Estável dos Arcanos,
180314,Domínio Aprimorado dos Arcanos,
180315,Fraco Domínio da Disciplina {Param},I
180316,Fraco Domínio da Disciplina {Param},II
180317,Fraco Domínio da Disciplina {Param},III
180318,Domínio de Disciplina de Agitação,
180319,Domínio Oscilante da Disciplina,
180320,Domínio Estável de Disciplina,
180321,Domínio Aprimorado da Disciplina,
180322,Domínio Fraco da Agilidade {Param},I
180323,Domínio Fraco da Agilidade {Param},II
180324,Domínio Fraco da Agilidade {Param},III
180325,Domínio de Agitação de Agilidade,
180326,Domínio Oscilante da Agilidade,
180327,Domínio Estável de Agilidade,
180328,Aprimorada Domínio da Agilidade,
180401,Limite de foco percebido {Param},I
180402,Limite de foco percebido {Param},II
180403,Limite Inicial do Foco,
180404,Limite Turbulento de Foco,
180405,Limite Condensado de Foco,
180406,Limite nítido de foco,
180407,Limite percebido do Arcano {Param},I
180408,Limite percebido do Arcano {Param},II
180409,Limite Inicial dos Arcanos,
180410,Limite Turbulento de Arcana,
180411,Limite Condensado de Arcanos,
180412,Limite Afiado de Arcana,
180413,Limite de Disciplina Percebido {Param},I
180414,Limite de Disciplina Percebido {Param},II
180415,Limite Inicial da Disciplina,
180416,Limite Turbulento de Disciplina,
180417,Limite Condensado de Disciplina,
180418,Limite nítido de disciplina,
180419,Limite de agilidade percebido {Param},I
180420,Limite de agilidade percebido {Param},II
180421,Limite emergente da agilidade,
180422,Limite Turbulento de Agilidade,
180423,Limite Condensado de Agilidade,
180424,Limite Afiado de Agilidade,
180501,Aluno Emergente de Foco {Param},I
180502,Aluno Emergente de Foco {Param},II
180503,Aluno Nascente do Foco {Param},I
180504,Aluno Nascente do Foco {Param},II
180505,Despertando Pupila de Foco,
180506,Aluno Afiado de Foco,
180507,Contra-aluno do Foco,
180508,Pupila Brilhante do Foco,
180509,Aluno Resoluto do Foco,
180510,Aluno Absoluto do Foco,
180511,Aluno Emergente de Arcanos {Param},I
180512,Aluno Emergente de Arcanos {Param},II
180513,Pupila Nascente dos Arcanos {Param},I
180514,Pupila Nascente dos Arcanos {Param},II
180515,Despertando Pupila de Arcana,
180516,Aluno Afiado de Arcana,
180517,Contra-ataque ao Pupila da Disciplina,
180518,Aluno Reluzente de Arcanos,
180519,Aluno Resoluto do Arcano,
180520,Aluno Absoluto do Arcano,
180521,Aluno Emergente de Disciplina {Param},I
180522,Aluno Emergente de Disciplina {Param},II
180523,Aluno Nascente da Disciplina {Param},I
180524,Aluno Nascente da Disciplina {Param},II
180525,Despertando Pupila de Disciplina,
180526,Aluno Afiado de Disciplina,
180527,Contra-ataque ao Pupila da Disciplina,
180528,Pupila Brilhante da Disciplina,
180529,Aluno Resoluto da Disciplina,
180530,Aluno Absoluto da Disciplina,
180531,Aluno Emergente da Agilidade {Param},I
180532,Aluno Emergente da Agilidade {Param},II
180533,Pupila Nascente da Agilidade {Param},I
180534,Pupila Nascente da Agilidade {Param},II
180535,Despertando Pupila da Agilidade,
180536,Aluno Afiado de Agilidade,
180537,Contra-ataque ao Aluno da Agilidade,
180538,Aluno Reluzente de Agilidade,
180539,Aluno Resoluto da Agilidade,
180540,Aluno Absoluto da Agilidade,
180601,Ferida Fraca de Luminosidade {Param},I
180602,Ferida Fraca de Luminosidade {Param},II
180603,Ferida Fraca de Luminosidade {Param},III
180604,Agitando a Ferida da Luminosidade,
180605,Ferida oscilante da luminosidade,
180606,Ferida Estável de Luminosidade,
180607,Ferida de Luminosidade Aprimorada,
180608,Ferida Fraca de Resplendor {Param},I
180609,Ferida Fraca de Resplendor {Param},II
180610,Ferida Fraca de Resplendor {Param},III
180611,Agitando a Ferida da Radiância,
180612,Ferida Ondulante de Resplendor,
180613,Ferida Estável de Resplendor,
180614,Ferida de Radiância Aprimorada,
180615,Ferida fraca de equilíbrio {Param},I
180616,Ferida fraca de equilíbrio {Param},II
180617,Ferida fraca de equilíbrio {Param},III
180618,Agitando a Ferida do Equilíbrio,
180619,Ferida oscilante de equilíbrio,
180620,Ferida Estável de Equilíbrio,
180621,Ferida do Equilíbrio Aprimorada,
180622,Ferida fraca da sutileza {Param},I
180623,Ferida fraca da sutileza {Param},II
180624,Ferida fraca da sutileza {Param},III
180625,Agitando a Ferida da Delicadeza,
180626,Ferida oscilante da sutileza,
180627,Ferida Estável de Finesse,
180628,Ferida de Finesse Aprimorada,
180701,Lança de Luminosidade Percebida {Param},I
180702,Lança de Luminosidade Percebida {Param},II
180703,Lança brotando da luminosidade,
180704,Lança Turbulenta da Luminosidade,
180705,Lança Condensada de Luminosidade,
180706,Lança Afiada da Luminosidade,
180707,Lança de Resplendor Percebida {Param},I
180708,Lança de Resplendor Percebida {Param},II
180709,Lança brotando do brilho,
180710,Lança Turbulenta de Resplendor,
180711,Lança Condensada de Resplendor,
180712,Lança Afiada de Resplendor,
180713,Lança de Equilíbrio Percebida {Param},I
180714,Lança de Equilíbrio Percebida {Param},II
180715,Lança de Equilíbrio Nascente,
180716,Lança Turbulenta do Equilíbrio,
180717,Lança Condensada de Equilíbrio,
180718,Lança Afiada do Equilíbrio,
180719,Lança de Finesse Percebida {Param},I
180720,Lança de Finesse Percebida {Param},II
180721,Lança brotando da sutileza,
180722,Lança Turbulenta da Finesse,
180723,Lança Condensada da Finesse,
180724,Lança Afiada da Finesse,
180801,Colar Emergente da Luminosidade {Param},I
180802,Colar Emergente da Luminosidade {Param},II
180803,Colar do Amanhecer da Luminosidade {Param},I
180804,Colar do Amanhecer da Luminosidade {Param},II
180805,Colar do Despertar da Luminosidade,
180806,Colar Afiado de Luminosidade,
180807,Contra-Colar de Luminosidade,
180808,Colar Reluzente de Luminosidade,
180809,Colar Resoluto da Luminosidade,
180810,Colar Absoluto de Luminosidade,
180811,Colar Emergente do Resplendor {Param},I
180812,Colar Emergente do Resplendor {Param},II
180813,Colar do Amanhecer do Resplendor {Param},I
180814,Colar do Amanhecer do Resplendor {Param},II
180815,Colar do Despertar da Radiância,
180816,Colar Afiado de Radiância,
180817,Contra-Colar de Radiância,
180818,Colar Reluzente de Resplendor,
180819,Colar Resoluto da Radiância,
180820,Colar Absoluto de Radiância,
180821,Colar Emergente de Equilíbrio {Param},I
180822,Colar Emergente de Equilíbrio {Param},II
180823,Colar Nascente de Equilíbrio {Param},I
180824,Colar Nascente de Equilíbrio {Param},II
180825,Colar do Equilíbrio do Despertar,
180826,Colar Afiado de Equilíbrio,
180827,Contra-Colar de Equilíbrio,
180828,Colar Reluzente de Equilíbrio,
180829,Resoluta Colar de Equilíbrio,
180830,Colar Absoluto de Equilíbrio,
180831,Colar Emergente de Finesse {Param},I
180832,Colar Emergente de Finesse {Param},II
180833,Colar do Amanhecer da Finesse {Param},I
180834,Colar do Amanhecer da Finesse {Param},II
180835,Colar do Despertar da Finesse,
180836,Colar Afiado de Finesse,
180837,Contra-Colar de Finesse,
180838,Colar Reluzente de Finesse,
180839,Colar Resoluto de Finesse,
180840,Colar Absoluto de Finesse,
180901,Eco fraco de precisão {Param},I
180902,Eco fraco de precisão {Param},II
180903,Eco fraco de precisão {Param},III
180904,Eco Agitante da Precisão,
180905,Eco oscilante de precisão,
180906,Eco de Precisão Estável,
180907,Eco de precisão aprimorado,
180908,Eco fraco de silêncio {Param},I
180909,Eco fraco de silêncio {Param},II
180910,Eco fraco de silêncio {Param},III
180911,Eco Agitante do Silêncio {Param},I
180912,Eco oscilante de silêncio {Param},I
180913,Eco de Silêncio Estável {Param},I
180914,Eco de silêncio aprimorado {Param},I
180915,Eco fraco de silêncio {Param},IV
180916,Eco fraco de silêncio {Param},V
180917,Eco fraco de silêncio {Param},VI
180918,Eco Agitante do Silêncio {Param},II
180919,Eco oscilante de silêncio {Param},II
180920,Eco de Silêncio Estável {Param},II
180921,Eco de silêncio aprimorado {Param},II
180922,Eco fraco de furtividade {Param},I
180923,Eco fraco de furtividade {Param},II
180924,Eco fraco de furtividade {Param},III
180925,Agitando o Eco da Furtividade,
180926,Eco oscilante de furtividade,
180927,Eco de Furtividade Estável,
180928,Eco de furtividade aprimorado,
181001,Trajetória de precisão percebida {Param},I
181002,Trajetória de precisão percebida {Param},II
181003,Trajetória de brotamento de precisão,
181004,Trajetória Turbulenta de Precisão,
181005,Trajetória Condensada de Precisão,
181006,Trajetória Afiada de Precisão,
181007,Trajetória Percebida de Silêncio {Param},I
181008,Trajetória Percebida de Silêncio {Param},II
181009,Trajetória de brotamento de silêncio {Param},I
181010,Trajetória Turbulenta do Silêncio {Param},I
181011,Trajetória Condensada do Silêncio {Param},I
181012,Trajetória Afiada de Silêncio {Param},I
181013,Trajetória Percebida de Silêncio {Param},III
181014,Trajetória Percebida de Silêncio {Param},IV
181015,Trajetória de brotamento de silêncio {Param},II
181016,Trajetória Turbulenta do Silêncio {Param},II
181017,Trajetória Condensada do Silêncio {Param},II
181018,Trajetória Afiada de Silêncio {Param},II
181019,Trajetória Percebida de Furtividade {Param},I
181020,Trajetória Percebida de Furtividade {Param},II
181021,Trajetória de brotamento de furtividade,
181022,Trajetória Turbulenta do Furtivo,
181023,Trajetória Condensada de Furtividade,
181024,Trajetória Afiada de Furtividade,
181101,Verdade de Precisão Emergente {Param},I
181102,Verdade de Precisão Emergente {Param},II
181103,Nascente da Verdade da Precisão {Param},I
181104,Nascente da Verdade da Precisão {Param},II
181105,Despertando a Verdade da Precisão,
181106,Verdade Afiada da Precisão,
181107,Contra-ataque à Verdade da Precisão,
181108,Verdade brilhante da precisão,
181109,Verdade Resoluta da Precisão,
181110,Verdade Absoluta da Precisão,
181111,Verdade de Silêncio Emergente {Param},I
181112,Verdade de Silêncio Emergente {Param},II
181113,Nascente da Verdade do Silêncio {Param},I
181114,Nascente da Verdade do Silêncio {Param},II
181115,Despertando Verdade do Silêncio {Param},I
181116,Verdade Afiada do Silêncio {Param},I
181117,Contra-ataque à Verdade do Silêncio {Param},I
181118,Verdade brilhante do silêncio {Param},I
181119,Verdade Resoluta do Silêncio {Param},I
181120,Verdade Absoluta do Silêncio {Param},I
181121,Verdade de Silêncio Emergente {Param},III
181122,Verdade de Silêncio Emergente {Param},IV
181123,Nascente da Verdade do Silêncio {Param},III
181124,Nascente da Verdade do Silêncio {Param},IV
181125,Despertando Verdade do Silêncio {Param},II
181126,Verdade Afiada do Silêncio {Param},II
181127,Contra-ataque à Verdade do Silêncio {Param},II
181128,Verdade brilhante do silêncio {Param},II
181129,Verdade Resoluta do Silêncio {Param},II
181130,Verdade Absoluta do Silêncio {Param},II
181131,Verdade de Stealth Emergente {Param},I
181132,Verdade de Stealth Emergente {Param},II
181133,Nascente da Verdade do Silêncio {Param},I
181134,Nascente da Verdade do Silêncio {Param},II
181135,Despertando a Verdade da Furtividade,
181136,Verdade Furtiva Afiada,
181137,Contra-ataque à Verdade do Furtividade,
181138,Verdade brilhante do sigilo,
181139,Verdade Resoluta da Furtividade,
181140,Verdade Absoluta da Furtividade,
181201,Uivo fraco de penetração {Param},I
181202,Uivo fraco de penetração {Param},II
181203,Uivo fraco de penetração {Param},III
181204,Uivo Agitante de Penetração,
181205,Uivo vacilante de penetração,
181206,Uivo de Penetração Estável,
181207,Uivo de Penetração Aprimorado,
181208,Uivo fraco de rapidez {Param},I
181209,Uivo fraco de rapidez {Param},II
181210,Uivo fraco de rapidez {Param},III
181211,Uivo Agitante de Rapidez,
181212,Uivo vacilante de rapidez,
181213,Uivo de Rapidez Estável,
181214,Uivo da Rapidez Aprimorado,
181215,Uivo fraco de agilidade {Param},I
181216,Uivo fraco de agilidade {Param},II
181217,Uivo fraco de agilidade {Param},III
181218,Agitando o Uivo da Agilidade,
181219,Uivo vacilante de agilidade,
181220,Uivo estável de agilidade,
181221,Uivo de Agilidade Aprimorado,
181222,Uivo fraco de equilíbrio {Param},I
181223,Uivo fraco de equilíbrio {Param},II
181224,Uivo fraco de equilíbrio {Param},III
181225,Uivo Agitante de Equilíbrio,
181226,Uivo vacilante de equilíbrio,
181227,Uivo estável de equilíbrio,
181228,Uivo de Equilíbrio Aprimorado,
181301,Conexão percebida de penetração {Param},I
181302,Conexão percebida de penetração {Param},II
181303,Conexão Inicial de Penetração,
181304,Conexão Turbulenta de Penetração,
181305,Conexão Condensada de Penetração,
181306,Conexão Afiada de Penetração,
181307,Conexão percebida de rapidez {Param},I
181308,Conexão percebida de rapidez {Param},II
181309,Conexão Inicial de Rapidez,
181310,Conexão Turbulenta de Rapidez,
181311,Conexão Condensada de Rapidez,
181312,Conexão Afiada de Rapidez,
181313,Conexão percebida de agilidade {Param},I
181314,Conexão percebida de agilidade {Param},II
181315,Conexão crescente de agilidade,
181316,Conexão Turbulenta de Agilidade,
181317,Conexão Condensada de Agilidade,
181318,Sharp Connection of Agility,
181319,Conexão percebida do saldo {Param},I
181320,Conexão percebida do saldo {Param},II
181321,Conexão inicial de equilíbrio,
181322,Conexão Turbulenta de Equilíbrio,
181323,Conexão Condensada de Equilíbrio,
181324,Sharp Connection of Balance,
181401,Fenda Emergente de Penetração {Param},I
181402,Fenda Emergente de Penetração {Param},II
181403,Nascente Rift of Penetration {Param},I
181404,Nascente Rift of Penetration {Param},II
181405,Despertar Fenda de Penetração,
181406,Fenda de Penetração Afiada,
181407,Contra-ataque à Fenda de Penetração,
181408,Fenda Reluzente de Penetração,
181409,Fenda Resoluta de Penetração,
181410,Fenda Absoluta de Penetração,
181411,Fenda de Rapidez Emergente {Param},I
181412,Fenda de Rapidez Emergente {Param},II
181413,Nascente da Fenda da Rapidez {Param},I
181414,Nascente da Fenda da Rapidez {Param},II
181415,Despertando a Fenda da Rapidez,
181416,Fenda de Rapidez Aprimorada,
181417,Contra-ataque à Fenda de Rapidez,
181418,Fenda Reluzente da Rapidez,
181419,Fenda Resoluta de Rapidez,
181420,Fenda Absoluta de Rapidez,
181421,Fenda Emergente de Agilidade {Param},I
181422,Fenda Emergente de Agilidade {Param},II
181423,Nascente da Agilidade {Param},I
181424,Nascente da Agilidade {Param},II
181425,Despertar Fenda de Agilidade,
181426,Fenda de Agilidade Aprimorada,
181427,Contra-ataque à falha de agilidade,
181428,Fenda brilhante de agilidade,
181429,Fenda de Agilidade Resoluta,
181430,Fenda Absoluta de Agilidade,
181431,Fenda Emergente de Equilíbrio {Param},I
181432,Fenda Emergente de Equilíbrio {Param},II
181433,Nascente Rift of Balance {Param},I
181434,Nascente Rift of Balance {Param},II
181435,Despertar Fenda de Equilíbrio,
181436,Fenda de Equilíbrio Aprimorada,
181437,Contra-ataque à falha de equilíbrio,
181438,Fenda brilhante de equilíbrio,
181439,Fenda de Equilíbrio Resoluta,
181440,Fenda Absoluta de Equilíbrio,
181501,Amplificação do Amanhecer da Lealdade,
181502,Amplificação do Amanhecer da Precisão,
181503,Amplificação do Amanhecer do Mistério,
181504,Amplificação do Despertar do Estigma,
181505,Amplificação do Despertar do Assassinato,
181506,Amplificação do Despertar da Lealdade,
181507,Amplificação aprimorada de precisão,
181508,Amplificação aprimorada de mistério,
181509,Amplificação aprimorada de estigma,
181510,Contrariando a Amplificação de Assassinato,
181511,Contrariando a amplificação de precisão,
181512,Contrariando a Amplificação de Lealdade,
181513,Amplificação Reluzente do Mistério,
181514,Amplificação Reluzente do Estigma,
181515,Amplificação Reluzente de Assassinato,
181516,Amplificação Resoluta de Lealdade,
181517,Amplificação Resoluta de Estigma,
181518,Amplificação Resoluta de Precisão,
181519,Amplificação Absoluta de Mistério,
181520,Amplificação Absoluta de Estigma,
181521,Amplificação Absoluta de Assassinato,
200001,Invasão emergente de agudeza {Param},I
200002,Invasão emergente de foco {Param},I
200003,Nascente Invasão da Luminosidade {Param},I
200004,Despertando a invasão da precisão {Param},I
200005,Invasão aprimorada de penetração {Param},I
200006,Contra-ataque à Proteção {Param},I
200007,Invasão Reluzente do Silêncio {Param},I
200008,Invasão Resoluta de Radiância {Param},I
200009,Invasão absoluta de foco {Param},I
200010,Invasão Emergente da Rapidez {Param},I
200011,Invasão emergente do aço {Param},I
200012,Nascente Invasão da Fortitude {Param},I
200013,Despertando a invasão da disciplina {Param},I
200014,Invasão de agilidade aprimorada {Param},I
200015,Contra-ataque à Precisão {Param},I
200016,Invasão brilhante de luminosidade {Param},I
200017,Invasão Resoluta de Silêncio {Param},I
200018,Invasão Absoluta de Furtividade {Param},I
200019,Invasão emergente de luminosidade {Param},I
200020,Invasão emergente da precisão {Param},I
200021,Nascente invasão da penetração {Param},I
200022,Despertando a invasão da proteção {Param},I
200023,Invasão aprimorada de agudeza {Param},I
200024,Contra-atacar a invasão de luminosidade {Param},I
200025,Invasão brilhante de foco {Param},I
200026,Invasão Resoluta da Fortitude {Param},I
200027,Invasão absoluta de agudeza {Param},I
200028,Invasão emergente de agilidade {Param},I
200029,Invasão emergente de equilíbrio {Param},I
200030,Nascente Invasão da Finesse {Param},I
200031,Despertando a invasão do silêncio {Param},I
200032,Invasão Aprimorada da Furtividade {Param},I
200033,Contra-atacar a invasão de agudeza {Param},I
200034,Reluzente invasão de disciplina {Param},I
200035,Invasão Resoluta da Luminosidade {Param},I
200036,Invasão Absoluta de Precisão {Param},I
200037,Despertando a invasão do foco {Param},I
200038,Despertando a invasão do aço {Param},I
200039,Invasão aprimorada de precisão {Param},I
200040,Invasão de equilíbrio aprimorada {Param},I
200041,Combate à invasão do foco {Param},I
200042,Combate à invasão da disciplina {Param},I
200043,Invasão brilhante de intensidade {Param},I
200044,Invasão Reluzente da Proteção {Param},I
200045,Invasão Resoluta do Foco {Param},I
200046,Invasão Resoluta da Disciplina {Param},I
200047,Invasão Absoluta de Silêncio {Param},I
200048,Invasão emergente de agudeza {Param},II
200049,Invasão emergente de foco {Param},II
200050,Nascente Invasão da Luminosidade {Param},II
200051,Despertando a invasão da precisão {Param},II
200052,Invasão aprimorada de penetração {Param},II
200053,Contra-ataque à Proteção {Param},II
200054,Invasão Reluzente do Silêncio {Param},II
200055,Invasão Resoluta de Radiância {Param},II
200056,Invasão absoluta de foco {Param},II
200057,Invasão Emergente da Rapidez {Param},II
200058,Invasão emergente do aço {Param},II
200059,Nascente Invasão da Fortitude {Param},II
200060,Despertando a invasão da disciplina {Param},II
200061,Invasão de agilidade aprimorada {Param},II
200062,Contra-ataque à Precisão {Param},II
200063,Invasão brilhante de luminosidade {Param},II
200064,Invasão Resoluta de Silêncio {Param},II
200065,Invasão Absoluta de Furtividade {Param},II
200066,Invasão emergente de luminosidade {Param},II
200067,Invasão emergente da precisão {Param},II
200068,Nascente invasão da penetração {Param},II
200069,Despertando a invasão da proteção {Param},II
200070,Invasão aprimorada de agudeza {Param},II
200071,Contra-atacar a invasão de luminosidade {Param},II
200072,Invasão brilhante de foco {Param},II
200073,Invasão Resoluta da Fortitude {Param},II
200074,Invasão absoluta de agudeza {Param},II
200075,Invasão emergente de agilidade {Param},II
200076,Invasão emergente de equilíbrio {Param},II
200077,Nascente Invasão da Finesse {Param},II
200078,Despertando a invasão do silêncio {Param},II
200079,Invasão Aprimorada da Furtividade {Param},II
200080,Contra-atacar a invasão de agudeza {Param},II
200081,Reluzente invasão de disciplina {Param},II
200082,Invasão Resoluta da Luminosidade {Param},II
200083,Invasão Absoluta de Precisão {Param},II
200084,Despertando a invasão do foco {Param},II
200085,Despertando a invasão do aço {Param},II
200086,Invasão aprimorada de precisão {Param},II
200087,Invasão de equilíbrio aprimorada {Param},II
200088,Combate à invasão do foco {Param},II
200089,Combate à invasão da disciplina {Param},II
200090,Invasão brilhante de intensidade {Param},II
200091,Invasão Reluzente da Proteção {Param},II
200092,Invasão Resoluta do Foco {Param},II
200093,Invasão Resoluta da Disciplina {Param},II
200094,Invasão Absoluta de Silêncio {Param},II
200095,Invasão emergente de agudeza {Param},III
200096,Invasão emergente de foco {Param},III
200097,Nascente Invasão da Luminosidade {Param},III
200098,Despertando a invasão da precisão {Param},III
200099,Invasão aprimorada de penetração {Param},III
200100,Contra-ataque à Proteção {Param},III
200101,Invasão Reluzente do Silêncio {Param},III
200102,Invasão Resoluta de Radiância {Param},III
200103,Invasão absoluta de foco {Param},III
200104,Invasão Emergente da Rapidez {Param},III
200105,Invasão emergente do aço {Param},III
200106,Nascente Invasão da Fortitude {Param},III
200107,Despertando a invasão da disciplina {Param},III
200108,Invasão de agilidade aprimorada {Param},III
200109,Contra-ataque à Precisão {Param},III
200110,Invasão brilhante de luminosidade {Param},III
200111,Invasão Resoluta de Silêncio {Param},III
200112,Invasão Absoluta de Furtividade {Param},III
200113,Invasão emergente de luminosidade {Param},III
200114,Invasão emergente da precisão {Param},III
200115,Nascente invasão da penetração {Param},III
200116,Despertando a invasão da proteção {Param},III
200117,Invasão aprimorada de agudeza {Param},III
200118,Contra-atacar a invasão de luminosidade {Param},III
200119,Invasão brilhante de foco {Param},III
200120,Invasão Resoluta da Fortitude {Param},III
200121,Invasão absoluta de agudeza {Param},III
200122,Invasão emergente de agilidade {Param},III
200123,Invasão emergente de equilíbrio {Param},III
200124,Nascente Invasão da Finesse {Param},III
200125,Despertando a invasão do silêncio {Param},III
200126,Invasão Aprimorada da Furtividade {Param},III
200127,Contra-atacar a invasão de agudeza {Param},III
200128,Reluzente invasão de disciplina {Param},III
200129,Invasão Resoluta da Luminosidade {Param},III
200130,Invasão Absoluta de Precisão {Param},III
200131,Despertando a invasão do foco {Param},III
200132,Despertando a invasão do aço {Param},III
200133,Invasão aprimorada de precisão {Param},III
200134,Invasão de equilíbrio aprimorada {Param},III
200135,Combate à invasão do foco {Param},III
200136,Combate à invasão da disciplina {Param},III
200137,Invasão brilhante de intensidade {Param},III
200138,Invasão Reluzente da Proteção {Param},III
200139,Invasão Resoluta do Foco {Param},III
200140,Invasão Resoluta da Disciplina {Param},III
200141,Invasão Absoluta de Silêncio {Param},III
200142,Nascente Erosão da Lealdade {Param},I
200143,Nascente erosão da precisão {Param},I
200144,Nascente Erosão do Mistério {Param},I
200145,Despertando a erosão do estigma {Param},I
200146,Despertando a erosão do assassinato {Param},I
200147,Despertando a erosão da lealdade {Param},I
200148,Erosão Aprimorada da Precisão {Param},I
200149,Erosão Aprimorada do Mistério {Param},I
200150,Erosão Aprimorada do Estigma {Param},I
200151,Combate à erosão do assassinato {Param},I
200152,Combate à erosão da precisão {Param},I
200153,Combate à erosão da lealdade {Param},I
200154,Erosão Reluzente do Mistério {Param},I
200155,Erosão Reluzente do Estigma {Param},I
200156,Erosão Reluzente do Assassinato {Param},I
200157,Erosão Resoluta da Lealdade {Param},I
200158,Erosão Resoluta do Estigma {Param},I
200159,Erosão Resoluta de Precisão {Param},I
200160,Erosão absoluta do mistério {Param},I
200161,Erosão absoluta do estigma {Param},I
200162,Erosão absoluta do assassinato {Param},I
200163,Nascente Erosão da Lealdade {Param},II
200164,Nascente erosão da precisão {Param},II
200165,Nascente Erosão do Mistério {Param},II
200166,Despertando a erosão do estigma {Param},II
200167,Despertando a erosão do assassinato {Param},II
200168,Despertando a erosão da lealdade {Param},II
200169,Erosão Aprimorada da Precisão {Param},II
200170,Erosão Aprimorada do Mistério {Param},II
200171,Erosão Aprimorada do Estigma {Param},II
200172,Combate à erosão do assassinato {Param},II
200173,Combate à erosão da precisão {Param},II
200174,Combate à erosão da lealdade {Param},II
200175,Erosão Reluzente do Mistério {Param},II
200176,Erosão Reluzente do Estigma {Param},II
200177,Erosão Reluzente do Assassinato {Param},II
200178,Erosão Resoluta da Lealdade {Param},II
200179,Erosão Resoluta do Estigma {Param},II
200180,Erosão Resoluta de Precisão {Param},II
200181,Erosão absoluta do mistério {Param},II
200182,Erosão absoluta do estigma {Param},II
200183,Erosão absoluta do assassinato {Param},II
200184,Nascente Erosão da Lealdade {Param},III
200185,Nascente erosão da precisão {Param},III
200186,Nascente Erosão do Mistério {Param},III
200187,Despertando a erosão do estigma {Param},III
200188,Despertando a erosão do assassinato {Param},III
200189,Despertando a erosão da lealdade {Param},III
200190,Erosão Aprimorada da Precisão {Param},III
200191,Erosão Aprimorada do Mistério {Param},III
200192,Erosão Aprimorada do Estigma {Param},III
200193,Combate à erosão do assassinato {Param},III
200194,Combate à erosão da precisão {Param},III
200195,Combate à erosão da lealdade {Param},III
200196,Erosão Reluzente do Mistério {Param},III
200197,Erosão Reluzente do Estigma {Param},III
200198,Erosão Reluzente do Assassinato {Param},III
200199,Erosão Resoluta da Lealdade {Param},III
200200,Erosão Resoluta do Estigma {Param},III
200201,Erosão Resoluta de Precisão {Param},III
200202,Erosão absoluta do mistério {Param},III
200203,Erosão absoluta do estigma {Param},III
200204,Erosão absoluta do assassinato {Param},III
200205,Destino da Agudeza Ressonante {Param},I
200206,Destino de Superar a Perspicácia {Param},I
200207,Destino do Despertar Agudeza {Param},I
200208,Destino da Agudeza Adjunta {Param},I
200209,Destino da Afiação da Gravura {Param},I
200210,Destino da Agudeza Ressonante {Param},II
200211,Destino de Superar a Perspicácia {Param},II
200212,Destino do Despertar Agudeza {Param},II
200213,Destino da Agudeza Adjunta {Param},II
200214,Destino da Afiação da Gravura {Param},II
200215,Destino da Agudeza Ressonante {Param},III
200216,Destino de Superar a Perspicácia {Param},III
200217,Destino do Despertar Agudeza {Param},III
200218,Destino da Agudeza Adjunta {Param},III
200219,Destino da Afiação da Gravura {Param},III
200220,Destino do Foco Ressonante {Param},I
200221,Destino de Superando o Foco {Param},I
200222,Destino do Despertar Foco {Param},I
200223,Destino do Foco Adjunto {Param},I
200224,Destino do Foco da Gravura {Param},I
200225,Destino do Foco Ressonante {Param},II
200226,Destino de Superando o Foco {Param},II
200227,Destino do Despertar Foco {Param},II
200228,Destino do Foco Adjunto {Param},II
200229,Destino do Foco da Gravura {Param},II
200230,Destino do Foco Ressonante {Param},III
200231,Destino de Superando o Foco {Param},III
200232,Destino do Despertar Foco {Param},III
200233,Destino do Foco Adjunto {Param},III
200234,Destino do Foco da Gravura {Param},III
200235,Destino de Luminosidade Ressonante {Param},I
200236,Destino da superação da luminosidade {Param},I
200237,Destino do Despertar da Luminosidade {Param},I
200238,Destino da Luminosidade Adjunta {Param},I
200239,Destino da Luminosidade da Gravura {Param},I
200240,Destino de Luminosidade Ressonante {Param},II
200241,Destino da superação da luminosidade {Param},II
200242,Destino do Despertar da Luminosidade {Param},II
200243,Destino da Luminosidade Adjunta {Param},II
200244,Destino da Luminosidade da Gravura {Param},II
200245,Destino de Luminosidade Ressonante {Param},III
200246,Destino da superação da luminosidade {Param},III
200247,Destino do Despertar da Luminosidade {Param},III
200248,Destino da Luminosidade Adjunta {Param},III
200249,Destino da Luminosidade da Gravura {Param},III
200250,Destino da precisão ressonante {Param},I
200251,Destino de Superação de Precisão {Param},I
200252,Precisão do Destino do Despertar {Param},I
200253,Destino da Precisão Adjunta {Param},I
200254,Destino da Precisão da Gravura {Param},I
200255,Destino da precisão ressonante {Param},II
200256,Destino de Superação de Precisão {Param},II
200257,Precisão do Destino do Despertar {Param},II
200258,Destino da Precisão Adjunta {Param},II
200259,Destino da Precisão da Gravura {Param},II
200260,Destino da precisão ressonante {Param},III
200261,Destino de Superação de Precisão {Param},III
200262,Precisão do Destino do Despertar {Param},III
200263,Destino da Precisão Adjunta {Param},III
200264,Destino da Precisão da Gravura {Param},III
200265,Destino da Penetração Ressonante {Param},I
200266,Destino da superação da penetração {Param},I
200267,Penetração do Destino do Despertar {Param},I
200268,Destino da Penetração Adjunta {Param},I
200269,Destino da Gravura Penetração {Param},I
200270,Destino da Penetração Ressonante {Param},II
200271,Destino da superação da penetração {Param},II
200272,Penetração do Destino do Despertar {Param},II
200273,Destino da Penetração Adjunta {Param},II
200274,Destino da Gravura Penetração {Param},II
200275,Destino da Penetração Ressonante {Param},III
200276,Destino da superação da penetração {Param},III
200277,Penetração do Destino do Despertar {Param},III
200278,Destino da Penetração Adjunta {Param},III
200279,Destino da Gravura Penetração {Param},III
200280,Destino da Proteção Ressonante {Param},I
200281,Destino de Superação de Proteção {Param},I
200282,Destino da Proteção do Despertar {Param},I
200283,Destino da Proteção Adjunta {Param},I
200284,Destino da Proteção da Gravura {Param},I
200285,Destino da Lealdade Ressonante {Param},I
200286,Destino de Superar a Lealdade {Param},I
200287,Destino do Despertar da Lealdade {Param},I
200288,Destino da Lealdade Adjunta {Param},I
200289,Destino da Lealdade da Gravura {Param},I
200290,Destino da Proteção Ressonante {Param},II
200291,Destino de Superação de Proteção {Param},II
200292,Destino da Proteção do Despertar {Param},II
200293,Destino da Proteção Adjunta {Param},II
200294,Destino da Proteção da Gravura {Param},II
200295,Destino da Lealdade Ressonante {Param},II
200296,Destino de Superar a Lealdade {Param},II
200297,Destino do Despertar da Lealdade {Param},II
200298,Destino da Lealdade Adjunta {Param},II
200299,Destino da Lealdade da Gravura {Param},II
200300,Destino da Proteção Ressonante {Param},III
200301,Destino de Superação de Proteção {Param},III
200302,Destino da Proteção do Despertar {Param},III
200303,Destino da Proteção Adjunta {Param},III
200304,Destino da Proteção da Gravura {Param},III
200305,Destino da Lealdade Ressonante {Param},III
200306,Destino de Superar a Lealdade {Param},III
200307,Destino do Despertar da Lealdade {Param},III
200308,Destino da Lealdade Adjunta {Param},III
200309,Destino da Lealdade da Gravura {Param},III
200310,Destino da Visão Ressonante {Param},I
200311,Destino da Visão Superadora {Param},I
200312,Destino da Visão do Despertar {Param},I
200313,Destino da Visão Adjunta {Param},I
200314,Destino da Visão da Gravura {Param},I
200315,Destino do Mistério Ressonante {Param},I
200316,Destino da superação do mistério {Param},I
200317,Destino do Despertar do Mistério {Param},I
200318,Destino do Mistério Adjunto {Param},I
200319,Destino da Gravura Mistério {Param},I
200320,Destino da Visão Ressonante {Param},II
200321,Destino da Visão Superadora {Param},II
200322,Destino da Visão do Despertar {Param},II
200323,Destino da Visão Adjunta {Param},II
200324,Destino da Visão da Gravura {Param},II
200325,Destino do Mistério Ressonante {Param},II
200326,Destino da superação do mistério {Param},II
200327,Destino do Despertar do Mistério {Param},II
200328,Destino do Mistério Adjunto {Param},II
200329,Destino da Gravura Mistério {Param},II
200330,Destino da Visão Ressonante {Param},III
200331,Destino da Visão Superadora {Param},III
200332,Destino da Visão do Despertar {Param},III
200333,Destino da Visão Adjunta {Param},III
200334,Destino da Visão da Gravura {Param},III
200335,Destino do Mistério Ressonante {Param},III
200336,Destino da superação do mistério {Param},III
200337,Destino do Despertar do Mistério {Param},III
200338,Destino do Mistério Adjunto {Param},III
200339,Destino da Gravura Mistério {Param},III
200340,Destino da Ressonância Brilho {Param},I
200341,Destino de Superação de Brilho {Param},I
200342,Destino do Brilho do Despertar {Param},I
200343,Destino do Brilho Adjunto {Param},I
200344,Destino do Brilho da Gravura {Param},I
200345,Destino do Estigma Ressonante {Param},I
200346,Destino de superar o estigma {Param},I
200347,Destino do Estigma do Despertar {Param},I
200348,Destino do Estigma Adjunto {Param},I
200349,Destino da Gravura Estigma {Param},I
200350,Destino da Ressonância Brilho {Param},II
200351,Destino de Superação de Brilho {Param},II
200352,Destino do Brilho do Despertar {Param},II
200353,Destino do Brilho Adjunto {Param},II
200354,Destino do Brilho da Gravura {Param},II
200355,Destino do Estigma Ressonante {Param},II
200356,Destino de superar o estigma {Param},II
200357,Destino do Estigma do Despertar {Param},II
200358,Destino do Estigma Adjunto {Param},II
200359,Destino da Gravura Estigma {Param},II
200360,Destino da Ressonância Brilho {Param},III
200361,Destino de Superação de Brilho {Param},III
200362,Destino do Brilho do Despertar {Param},III
200363,Destino do Brilho Adjunto {Param},III
200364,Destino do Brilho da Gravura {Param},III
200365,Destino do Estigma Ressonante {Param},III
200366,Destino de superar o estigma {Param},III
200367,Destino do Estigma do Despertar {Param},III
200368,Destino do Estigma Adjunto {Param},III
200369,Destino da Gravura Estigma {Param},III
200370,Destino do Silêncio Ressonante {Param},I
200371,Destino de Superação de Silêncio {Param},I
200372,Destino do Despertar do Silêncio {Param},I
200373,Destino do Silêncio Adjunto {Param},I
200374,Destino da Gravura Silêncio {Param},I
200375,Destino do Assassinato Ressonante {Param},I
200376,Destino de superar o assassinato {Param},I
200377,Destino do Despertar Assassinato {Param},I
200378,Destino do Assassinato Adjunto {Param},I
200379,Destino do Assassinato da Gravura {Param},I
200380,Destino do Silêncio Ressonante {Param},II
200381,Destino de Superação de Silêncio {Param},II
200382,Destino do Despertar do Silêncio {Param},II
200383,Destino do Silêncio Adjunto {Param},II
200384,Destino da Gravura Silêncio {Param},II
200385,Destino do Assassinato Ressonante {Param},II
200386,Destino de superar o assassinato {Param},II
200387,Destino do Despertar Assassinato {Param},II
200388,Destino do Assassinato Adjunto {Param},II
200389,Destino do Assassinato da Gravura {Param},II
200390,Destino do Silêncio Ressonante {Param},III
200391,Destino de Superação de Silêncio {Param},III
200392,Destino do Despertar do Silêncio {Param},III
200393,Destino do Silêncio Adjunto {Param},III
200394,Destino da Gravura Silêncio {Param},III
200395,Destino do Assassinato Ressonante {Param},III
200396,Destino de superar o assassinato {Param},III
200397,Destino do Despertar Assassinato {Param},III
200398,Destino do Assassinato Adjunto {Param},III
200399,Destino do Assassinato da Gravura {Param},III
200400,Destino da Rapidez Ressonante {Param},I
200401,Destino de superar a rapidez {Param},I
200402,Destino da Rapidez do Despertar {Param},I
200403,Destino da Rapidez Adjunta {Param},I
200404,Destino da Rapidez da Gravura {Param},I
200405,Destino da Precisão da Ressonância {Param},I
200406,Destino da Precisão Ultrapassante {Param},I
200407,Precisão do Destino do Despertar {Param},I
200408,Destino da Precisão Adjunta {Param},I
200409,Destino da Precisão da Gravura {Param},I
200410,Destino da Rapidez Ressonante {Param},II
200411,Destino de superar a rapidez {Param},II
200412,Destino da Rapidez do Despertar {Param},II
200413,Destino da Rapidez Adjunta {Param},II
200414,Destino da Rapidez da Gravura {Param},II
200415,Destino da Precisão da Ressonância {Param},II
200416,Destino da Precisão Ultrapassante {Param},II
200417,Precisão do Destino do Despertar {Param},II
200418,Destino da Precisão Adjunta {Param},II
200419,Destino da Precisão da Gravura {Param},II
200420,Destino da Rapidez Ressonante {Param},III
200421,Destino de superar a rapidez {Param},III
200422,Destino da Rapidez do Despertar {Param},III
200423,Destino da Rapidez Adjunta {Param},III
200424,Destino da Rapidez da Gravura {Param},III
200425,Destino da Precisão da Ressonância {Param},III
200426,Destino da Precisão Ultrapassante {Param},III
200427,Precisão do Destino do Despertar {Param},III
200428,Destino da Precisão Adjunta {Param},III
200429,Destino da Precisão da Gravura {Param},III
200430,Destino do Aço Ressonante {Param},I
200431,Destino de superar o aço {Param},I
200432,Destino do Aço do Despertar {Param},I
200433,Destino do Aço Adjunto {Param},I
200434,Destino da Gravura em Aço {Param},I
200435,Destino do Aço Ressonante {Param},II
200436,Destino de superar o aço {Param},II
200437,Destino do Aço do Despertar {Param},II
200438,Destino do Aço Adjunto {Param},II
200439,Destino da Gravura em Aço {Param},II
200440,Destino do Aço Ressonante {Param},III
200441,Destino de superar o aço {Param},III
200442,Destino do Aço do Despertar {Param},III
200443,Destino do Aço Adjunto {Param},III
200444,Destino da Gravura em Aço {Param},III
200445,Destino da Fortaleza Ressonante {Param},I
200446,Destino de Superar a Fortitude {Param},I
200447,Destino do Despertar Fortitude {Param},I
200448,Destino da Fortaleza Adjunta {Param},I
200449,Destino da Fortitude da Gravura {Param},I
200450,Destino da Fortaleza Ressonante {Param},II
200451,Destino de Superar a Fortitude {Param},II
200452,Destino do Despertar Fortitude {Param},II
200453,Destino da Fortaleza Adjunta {Param},II
200454,Destino da Fortitude da Gravura {Param},II
200455,Destino da Fortaleza Ressonante {Param},III
200456,Destino de Superar a Fortitude {Param},III
200457,Destino do Despertar Fortitude {Param},III
200458,Destino da Fortaleza Adjunta {Param},III
200459,Destino da Fortitude da Gravura {Param},III
200460,Destino da Disciplina Ressonante {Param},I
200461,Destino de Superação de Disciplina {Param},I
200462,Destino da Disciplina do Despertar {Param},I
200463,Destino da Disciplina Adjunta {Param},I
200464,Destino da Disciplina da Gravura {Param},I
200465,Destino da Disciplina Ressonante {Param},II
200466,Destino de Superação de Disciplina {Param},II
200467,Destino da Disciplina do Despertar {Param},II
200468,Destino da Disciplina Adjunta {Param},II
200469,Destino da Disciplina da Gravura {Param},II
200470,Destino da Disciplina Ressonante {Param},III
200471,Destino de Superação de Disciplina {Param},III
200472,Destino da Disciplina do Despertar {Param},III
200473,Destino da Disciplina Adjunta {Param},III
200474,Destino da Disciplina da Gravura {Param},III
200475,Destino da Agilidade Ressonante {Param},I
200476,Destino de superar a agilidade {Param},I
200477,Destino da Agilidade do Despertar {Param},I
200478,Destino da Agilidade Adjunta {Param},I
200479,Destino da Agilidade da Gravura {Param},I
200480,Destino da Agilidade Ressonante {Param},II
200481,Destino de superar a agilidade {Param},II
200482,Destino da Agilidade do Despertar {Param},II
200483,Destino da Agilidade Adjunta {Param},II
200484,Destino da Agilidade da Gravura {Param},II
200485,Destino da Agilidade Ressonante {Param},III
200486,Destino de superar a agilidade {Param},III
200487,Destino da Agilidade do Despertar {Param},III
200488,Destino da Agilidade Adjunta {Param},III
200489,Destino da Agilidade da Gravura {Param},III
200490,Destino do Equilíbrio Ressonante {Param},I
200491,Destino de superar o equilíbrio {Param},I
200492,Destino do Equilíbrio do Despertar {Param},I
200493,Destino do Saldo Adjunto {Param},I
200494,Destino do Saldo de Gravura {Param},I
200495,Destino do Equilíbrio Ressonante {Param},II
200496,Destino de superar o equilíbrio {Param},II
200497,Destino do Equilíbrio do Despertar {Param},II
200498,Destino do Saldo Adjunto {Param},II
200499,Destino do Saldo de Gravura {Param},II
200500,Destino do Equilíbrio Ressonante {Param},III
200501,Destino de superar o equilíbrio {Param},III
200502,Destino do Equilíbrio do Despertar {Param},III
200503,Destino do Saldo Adjunto {Param},III
200504,Destino do Saldo de Gravura {Param},III
200505,Destino da Finesse Ressonante {Param},I
200506,Destino de Superação de Finesse {Param},I
200507,Destino do Despertar Finesse {Param},I
200508,Destino da Finesse Adjunta {Param},I
200509,Destino da Finesse da Gravura {Param},I
200510,Destino da Finesse Ressonante {Param},II
200511,Destino de Superação de Finesse {Param},II
200512,Destino do Despertar Finesse {Param},II
200513,Destino da Finesse Adjunta {Param},II
200514,Destino da Finesse da Gravura {Param},II
200515,Destino da Finesse Ressonante {Param},III
200516,Destino de Superação de Finesse {Param},III
200517,Destino do Despertar Finesse {Param},III
200518,Destino da Finesse Adjunta {Param},III
200519,Destino da Finesse da Gravura {Param},III
200520,Destino do Silêncio Ressonante {Param},IV
200521,Destino de Superação de Silêncio {Param},IV
200522,Destino do Despertar do Silêncio {Param},IV
200523,Destino do Silêncio Adjunto {Param},IV
200524,Destino da Gravura Silêncio {Param},IV
200525,Destino do Silêncio Ressonante {Param},V
200526,Destino de Superação de Silêncio {Param},V
200527,Destino do Despertar do Silêncio {Param},V
200528,Destino do Silêncio Adjunto {Param},V
200529,Destino da Gravura Silêncio {Param},V
200530,Destino do Silêncio Ressonante {Param},VI
200531,Destino de Superação de Silêncio {Param},VI
200532,Destino do Despertar do Silêncio {Param},VI
200533,Destino do Silêncio Adjunto {Param},VI
200534,Destino da Gravura Silêncio {Param},VI
200535,Destino da Furtividade Ressonante {Param},I
200536,Destino de Superação de Furtividade {Param},I
200537,Destino do Despertar Furtivo {Param},I
200538,Destino do Stealth Adjunto {Param},I
200539,Destino da Gravura Stealth {Param},I
200540,Destino da Furtividade Ressonante {Param},II
200541,Destino de Superação de Furtividade {Param},II
200542,Destino do Despertar Furtivo {Param},II
200543,Destino do Stealth Adjunto {Param},II
200544,Destino da Gravura Stealth {Param},II
200545,Destino da Furtividade Ressonante {Param},III
200546,Destino de Superação de Furtividade {Param},III
200547,Destino do Despertar Furtivo {Param},III
200548,Destino do Stealth Adjunto {Param},III
200549,Destino da Gravura Stealth {Param},III
250001,Equilíbrio fraco da intensidade {Param},I
250002,Equilíbrio oscilante de agudeza {Param},I
250003,Equilíbrio de intensidade aprimorado {Param},I
250011,Equilíbrio fraco do foco {Param},I
250012,Equilíbrio oscilante do foco {Param},I
250013,Equilíbrio de foco aprimorado {Param},I
250021,Fraco equilíbrio de luminosidade {Param},I
250022,Equilíbrio oscilante de luminosidade {Param},I
250023,Equilíbrio de luminosidade aprimorado {Param},I
250031,Fraco equilíbrio de precisão {Param},I
250032,Equilíbrio oscilante de precisão {Param},I
250033,Equilíbrio de precisão aprimorado {Param},I
250041,Fraco equilíbrio de penetração {Param},I
250042,Equilíbrio oscilante de penetração {Param},I
250043,Equilíbrio de penetração aprimorado {Param},I
250051,Fraco equilíbrio de aço {Param},I
250052,Balanço oscilante de aço {Param},I
250053,Equilíbrio de aço aprimorado {Param},I
250061,Saldo Emergente de Fortitude {Param},I
250062,Nascente Equilíbrio de Fortitude {Param},I
250063,Despertando o Equilíbrio da Fortitude {Param},I
250064,Contrabalanço de Fortitude {Param},I
250065,Equilíbrio brilhante de fortaleza {Param},I
250066,Equilíbrio absoluto de fortaleza {Param},I
250071,Balanço Emergente de Disciplina {Param},I
250072,Nascente do equilíbrio da disciplina {Param},I
250073,Despertando o Equilíbrio do Assassinato Disciplina {Param},I
250074,Contrabalanço de Disciplina {Param},I
250075,Brilhante Equilíbrio da Disciplina {Param},I
250076,Equilíbrio Absoluto de Disciplina {Param},I
250081,Balanço de Silêncio Emergente {Param},I
250082,Nascente do Equilíbrio do Silêncio {Param},I
250083,Despertando o equilíbrio do silêncio {Param},I
250084,Contrabalanço de Silêncio {Param},I
250085,Equilíbrio Reluzente de Silêncio {Param},I
250086,Equilíbrio Absoluto do Silêncio {Param},I
250091,Equilíbrio fraco de disciplina {Param},I
250092,Equilíbrio oscilante de disciplina {Param},I
250093,Equilíbrio de Disciplina Aprimorado {Param},I
250101,Equilíbrio fraco de silêncio {Param},I
250102,Equilíbrio oscilante de silêncio {Param},I
250103,Equilíbrio de silêncio aprimorado {Param},I
250111,Equilíbrio fraco de furtividade {Param},I
250112,Balanço oscilante de furtividade {Param},I
250113,Equilíbrio de furtividade aprimorado {Param},I
250121,Saldo Emergente de Agudeza {Param},I
250122,Nascente Equilíbrio de Agudeza {Param},I
250123,Despertando o Equilíbrio da Agudeza {Param},I
250124,Contrabalanço de Keenness {Param},I
250125,Equilíbrio brilhante de Agudeza {Param},I
250126,Equilíbrio absoluto de agudeza {Param},I
250131,Saldo Emergente de Foco {Param},I
250132,Nascente Equilíbrio de Foco {Param},I
250133,Despertando o Equilíbrio do Foco {Param},I
250134,Contrabalanço de Foco {Param},I
250135,Equilíbrio brilhante de foco {Param},I
250136,Equilíbrio absoluto do foco {Param},I
250141,Equilíbrio emergente de luminosidade {Param},I
250142,Saldo Nascente de Luminosidade {Param},I
250143,Despertando o Equilíbrio da Luminosidade {Param},I
250144,Contrabalanço de Luminosidade {Param},I
250145,Brilhante Equilíbrio de Luminosidade {Param},I
250146,Equilíbrio absoluto de Luminosidade {Param},I
250151,Balanço de Precisão Emergente {Param},I
250152,Balanço Nascente de Precisão {Param},I
250153,Despertar Equilíbrio de Precisão {Param},I
250154,Contrabalanço de precisão {Param},I
250155,Balanço Reluzente de Precisão {Param},I
250156,Equilíbrio absoluto de precisão {Param},I
250161,Equilíbrio emergente de penetração {Param},I
250162,Balanço Nascente de Penetração {Param},I
250163,Despertando o Equilíbrio da Penetração {Param},I
250164,Contrabalanço de Penetração {Param},I
250165,Balanço Reluzente de Penetração {Param},I
250166,Equilíbrio absoluto de penetração {Param},I
250171,Balanço Emergente de Agilidade {Param},I
250172,Saldo Nascente de Agilidade {Param},I
250173,Despertando o Equilíbrio da Agilidade {Param},I
250174,Contrabalanço de Agilidade {Param},I
250175,Equilíbrio brilhante de agilidade {Param},I
250176,Equilíbrio Absoluto de Agilidade {Param},I
250181,Fraco equilíbrio de proteção {Param},I
250182,Equilíbrio oscilante de proteção {Param},I
250183,Equilíbrio de proteção aprimorado {Param},I
250191,Equilíbrio fraco de Arcana {Param},I
250192,Equilíbrio oscilante de Arcana {Param},I
250193,Equilíbrio de Arcanos Aprimorado {Param},I
250201,Equilíbrio fraco de brilho {Param},I
250202,Equilíbrio oscilante de brilho {Param},I
250203,Equilíbrio de brilho aprimorado {Param},I
250211,Equilíbrio fraco de silêncio {Param},II
250212,Equilíbrio oscilante de silêncio {Param},II
250213,Equilíbrio de silêncio aprimorado {Param},II
250221,Fraco equilíbrio de rapidez {Param},I
250222,Equilíbrio vacilante de Rapidez {Param},I
250223,Equilíbrio de Rapidez Aprimorado {Param},I
250231,Equilíbrio fraco da sutileza {Param},I
250232,Equilíbrio oscilante da sutileza {Param},I
250233,Equilíbrio de sutileza aprimorado {Param},I
250241,Balanço de Aço Emergente {Param},I
250242,Nascente do Equilíbrio do Aço {Param},I
250243,Despertando o Equilíbrio do Aço {Param},I
250244,Contrabalanço de Aço {Param},I
250245,Equilíbrio Reluzente de Aço {Param},I
250246,Equilíbrio absoluto de aço {Param},I
250251,Saldo emergente de equilíbrio {Param},I
250252,Nascente do equilíbrio do equilíbrio {Param},I
250253,Despertando o Equilíbrio do Equilíbrio {Param},I
250254,Contrabalanço de Equilíbrio {Param},I
250255,Brilhante Equilíbrio do Equilíbrio {Param},I
250256,Equilíbrio Absoluto de Equilíbrio {Param},I
250261,Balanço de Furtividade Emergente {Param},I
250262,Nascente do Equilíbrio da Furtividade {Param},I
250263,Despertando o equilíbrio da furtividade {Param},I
250264,Contrabalanço de Furtividade {Param},I
250265,Equilíbrio Reluzente de Furtividade {Param},I
250266,Equilíbrio absoluto de furtividade {Param},I
250271,Equilíbrio fraco de solidez {Param},I
250272,Equilíbrio oscilante de solidez {Param},I
250273,Equilíbrio de solidez aprimorado {Param},I
250281,Equilíbrio fraco de agilidade {Param},I
250282,Oscilante Equilíbrio de Agilidade {Param},I
250283,Aprimorado Equilíbrio de Agilidade {Param},I
250291,Equilíbrio fraco de equilíbrio {Param},I
250292,Equilíbrio oscilante do equilíbrio {Param},I
250293,Equilíbrio de equilíbrio aprimorado {Param},I
250301,Balanço de Proteção Emergente {Param},I
250302,Balanço Nascente da Profecia {Param},I
250303,Despertar Equilíbrio de Proteção {Param},I
250304,Contrabalanço de proteção {Param},I
250305,Balanço Reluzente de Profecia Proteção {Param},I
250306,Equilíbrio Absoluto da Proteção {Param},I
250311,Balanço Emergente de Arcanos {Param},I
250312,Saldo Nascente de Arcanos {Param},I
250313,Despertando o Equilíbrio dos Arcanos {Param},I
250314,Contrabalanço de Arcana {Param},I
250315,Equilíbrio brilhante de Arcanos {Param},I
250316,Equilíbrio Absoluto de Arcanos {Param},I
250321,Balanço de Radiância Emergente {Param},I
250322,Nascente do Equilíbrio da Radiância {Param},I
250323,Despertar Equilíbrio de Radiância {Param},I
250324,Contrabalanço de brilho {Param},I
250325,Equilíbrio Reluzente de Radiância {Param},I
250326,Equilíbrio Absoluto da Radiância {Param},I
250331,Balanço de Silêncio Emergente {Param},II
250332,Nascente do Equilíbrio do Silêncio {Param},II
250333,Despertando o equilíbrio do silêncio {Param},II
250334,Contrabalanço de Silêncio {Param},II
250335,Equilíbrio Reluzente de Silêncio {Param},II
250336,Equilíbrio Absoluto do Silêncio {Param},II
250341,Equilíbrio emergente de rapidez {Param},I
250342,Nascente do Equilíbrio da Rapidez {Param},I
250343,Despertando o Equilíbrio da Rapidez {Param},I
250344,Contrabalanço de Rapidez {Param},I
250345,Equilíbrio Reluzente de Rapidez {Param},I
250346,Equilíbrio Absoluto de Rapidez {Param},I
250351,Saldo emergente de sutileza {Param},I
250352,Nascente Equilíbrio de Finesse {Param},I
250353,Despertando o Equilíbrio da Finesse {Param},I
250354,Contrabalanço de Finesse {Param},I
250355,Equilíbrio brilhante de sutileza {Param},I
250356,Equilíbrio absoluto da sutileza {Param},I
250361,Fraco equilíbrio de aço {Param},II
250362,Balanço oscilante de aço {Param},II
250363,Equilíbrio de aço aprimorado {Param},II
250371,Equilíbrio fraco de solidez {Param},II
250372,Equilíbrio oscilante de solidez {Param},II
250373,Equilíbrio de solidez aprimorado {Param},II
250381,Equilíbrio fraco de disciplina {Param},II
250382,Equilíbrio oscilante de disciplina {Param},II
250383,Equilíbrio de Disciplina Aprimorado {Param},II
250391,Equilíbrio fraco de agilidade {Param},II
250392,Oscilante Equilíbrio de Agilidade {Param},II
250393,Aprimorado Equilíbrio de Agilidade {Param},II
250401,Equilíbrio fraco de equilíbrio {Param},II
250402,Equilíbrio oscilante do equilíbrio {Param},II
250403,Equilíbrio de equilíbrio aprimorado {Param},II
250411,Equilíbrio fraco da sutileza {Param},II
250412,Equilíbrio oscilante da sutileza {Param},II
250413,Equilíbrio de sutileza aprimorado {Param},II
250421,Equilíbrio fraco de silêncio {Param},III
250422,Equilíbrio oscilante de silêncio {Param},III
250423,Equilíbrio de silêncio aprimorado {Param},III
250431,Equilíbrio fraco de furtividade {Param},II
250432,Balanço oscilante de furtividade {Param},II
250433,Equilíbrio de furtividade aprimorado {Param},II
250441,Saldo Emergente de Agudeza {Param},II
250442,Nascente Equilíbrio de Agudeza {Param},II
250443,Despertando o Equilíbrio da Agudeza {Param},II
250444,Contrabalanço de Keenness {Param},II
250445,Equilíbrio brilhante de Agudeza {Param},II
250446,Equilíbrio absoluto de agudeza {Param},II
250451,Saldo Emergente de Foco {Param},II
250452,Nascente Equilíbrio de Foco {Param},II
250453,Despertando o Equilíbrio do Foco {Param},II
250454,Contrabalanço de Foco {Param},II
250455,Equilíbrio brilhante de foco {Param},II
250456,Equilíbrio absoluto do foco {Param},II
250461,Equilíbrio emergente de luminosidade {Param},II
250462,Saldo Nascente de Luminosidade {Param},II
250463,Despertando o Equilíbrio da Luminosidade {Param},II
250464,Contrabalanço de Luminosidade {Param},II
250465,Brilhante Equilíbrio de Luminosidade {Param},II
250466,Equilíbrio absoluto de Luminosidade {Param},II
250471,Balanço de Precisão Emergente {Param},II
250472,Balanço Nascente de Precisão {Param},II
250473,Despertar Equilíbrio de Precisão {Param},II
250474,Contrabalanço de precisão {Param},II
250475,Balanço Reluzente de Precisão {Param},II
250476,Equilíbrio absoluto de precisão {Param},II
250481,Equilíbrio emergente de penetração {Param},II
250482,Balanço Nascente de Penetração {Param},II
250483,Despertando o Equilíbrio da Penetração {Param},II
250484,Contrabalanço de Penetração {Param},II
250485,Balanço Reluzente de Penetração {Param},II
250486,Equilíbrio absoluto de penetração {Param},II
250491,Balanço de Proteção Emergente {Param},II
250492,Balanço Nascente da Profecia {Param},II
250493,Despertar Equilíbrio de Proteção {Param},II
250494,Contrabalanço de proteção {Param},II
250495,Balanço Reluzente de Profecia Proteção {Param},II
250496,Equilíbrio Absoluto da Proteção {Param},II
250501,Balanço Emergente de Arcanos {Param},II
250502,Saldo Nascente de Arcanos {Param},II
250503,Despertando o Equilíbrio dos Arcanos {Param},II
250504,Contrabalanço de Arcana {Param},II
250505,Equilíbrio brilhante de Arcanos {Param},II
250506,Equilíbrio Absoluto de Arcanos {Param},II
250511,Balanço de Radiância Emergente {Param},II
250512,Nascente do Equilíbrio da Radiância {Param},II
250513,Despertar Equilíbrio de Radiância {Param},II
250514,Contrabalanço de brilho {Param},II
250515,Equilíbrio Reluzente de Radiância {Param},II
250516,Equilíbrio Absoluto da Radiância {Param},II
250521,Balanço de Silêncio Emergente {Param},III
250522,Nascente do Equilíbrio do Silêncio {Param},III
250523,Despertando o equilíbrio do silêncio {Param},III
250524,Contrabalanço de Silêncio {Param},III
250525,Equilíbrio Reluzente de Silêncio {Param},III
250526,Equilíbrio Absoluto do Silêncio {Param},III
250531,Equilíbrio emergente de rapidez {Param},II
250532,Nascente do Equilíbrio da Rapidez {Param},II
250533,Despertando o Equilíbrio da Rapidez {Param},II
250534,Contrabalanço de Rapidez {Param},II
250535,Equilíbrio Reluzente de Rapidez {Param},II
250536,Equilíbrio Absoluto de Rapidez {Param},II
250541,Balanço de Aço Emergente {Param},II
250542,Nascente do Equilíbrio do Aço {Param},II
250543,Despertando o Equilíbrio do Aço {Param},II
250544,Contrabalanço de Aço {Param},II
250545,Equilíbrio Reluzente de Aço {Param},II
250546,Equilíbrio absoluto de aço {Param},II
250551,Saldo Emergente de Fortitude {Param},II
250552,Nascente Equilíbrio de Fortitude {Param},II
250553,Despertando o Equilíbrio da Fortitude {Param},II
250554,Contrabalanço de Fortitude {Param},II
250555,Equilíbrio brilhante de fortaleza {Param},II
250556,Equilíbrio absoluto de fortaleza {Param},II
250561,Balanço Emergente de Disciplina {Param},II
250562,Nascente do equilíbrio da disciplina {Param},II
250563,Despertando o Equilíbrio do Assassinato Disciplina {Param},II
250564,Contrabalanço de Disciplina {Param},II
250565,Brilhante Equilíbrio da Disciplina {Param},II
250566,Equilíbrio Absoluto de Disciplina {Param},II
250571,Balanço Emergente de Agilidade {Param},II
250572,Saldo Nascente de Agilidade {Param},II
250573,Despertando o Equilíbrio da Agilidade {Param},II
250574,Contrabalanço de Agilidade {Param},II
250575,Equilíbrio brilhante de agilidade {Param},II
250576,Equilíbrio Absoluto de Agilidade {Param},II
250581,Saldo emergente de equilíbrio {Param},II
250582,Nascente do equilíbrio do equilíbrio {Param},II
250583,Despertando o Equilíbrio do Equilíbrio {Param},II
250584,Contrabalanço de Equilíbrio {Param},II
250585,Brilhante Equilíbrio do Equilíbrio {Param},II
250586,Equilíbrio Absoluto de Equilíbrio {Param},II
250591,Saldo emergente de sutileza {Param},II
250592,Nascente Equilíbrio de Finesse {Param},II
250593,Despertando o Equilíbrio da Finesse {Param},II
250594,Contrabalanço de Finesse {Param},II
250595,Equilíbrio brilhante de sutileza {Param},II
250596,Equilíbrio absoluto da sutileza {Param},II
250601,Balanço de Silêncio Emergente {Param},IV
250602,Nascente do Equilíbrio do Silêncio {Param},IV
250603,Despertando o equilíbrio do silêncio {Param},IV
250604,Contrabalanço de Silêncio {Param},IV
250605,Equilíbrio Reluzente de Silêncio {Param},IV
250606,Equilíbrio Absoluto do Silêncio {Param},IV
250611,Balanço de Furtividade Emergente {Param},II
250612,Nascente do Equilíbrio da Furtividade {Param},II
250613,Despertando o equilíbrio da furtividade {Param},II
250614,Contrabalanço de Furtividade {Param},II
250615,Equilíbrio Reluzente de Furtividade {Param},II
250616,Equilíbrio absoluto de furtividade {Param},II
250621,Equilíbrio de agilidade percebido {Param},I
250622,Balanço Turbulento de Agilidade {Param},I
250623,Equilíbrio Afiado de Agilidade {Param},I
250631,Saldo percebido de sutileza {Param},I
250632,Balanço Turbulento de Finesse {Param},I
250633,Equilíbrio nítido da sutileza {Param},I
250641,Equilíbrio percebido de furtividade {Param},I
250642,Balanço Turbulento do Silêncio {Param},I
250643,Equilíbrio de furtividade acentuado {Param},I
250651,Balanço de Aço Emergente {Param},III
250652,Nascente do Equilíbrio do Aço {Param},III
250653,Despertando o Equilíbrio do Aço {Param},III
250654,Contrabalanço de Aço {Param},III
250655,Equilíbrio Reluzente de Aço {Param},III
250656,Equilíbrio absoluto de aço {Param},III
250661,Balanço Emergente de Disciplina {Param},III
250662,Nascente do equilíbrio da disciplina {Param},III
250663,Despertando o Equilíbrio do Assassinato Disciplina {Param},III
250664,Contrabalanço de Disciplina {Param},III
250665,Brilhante Equilíbrio da Disciplina {Param},III
250666,Equilíbrio Absoluto de Disciplina {Param},III
250671,Saldo emergente de equilíbrio {Param},III
250672,Nascente do equilíbrio do equilíbrio {Param},III
250673,Despertando o Equilíbrio do Equilíbrio {Param},III
250674,Contrabalanço de Equilíbrio {Param},III
250675,Brilhante Equilíbrio do Equilíbrio {Param},III
250676,Equilíbrio Absoluto de Equilíbrio {Param},III
250681,Balanço de proteção percebido {Param},I
250682,Balanço Turbulento de Proteção {Param},I
250683,Equilíbrio Afiado de Proteção {Param},I
250691,Equilíbrio percebido do Arcano {Param},I
250692,Balanço Turbulento de Arcana {Param},I
250693,Equilíbrio Afiado de Arcanos {Param},I
250701,Equilíbrio percebido de radiância {Param},I
250702,Balanço Turbulento de Radiância {Param},I
250703,Equilíbrio Afiado de Radiância {Param},I
250711,Equilíbrio de silêncio percebido {Param},I
250712,Balanço Turbulento do Silêncio {Param},I
250713,Equilíbrio de silêncio acentuado {Param},I
250721,Equilíbrio percebido de rapidez {Param},I
250722,Balanço Turbulento de Rapidez {Param},I
250723,Balanço Afiado de Rapidez {Param},I
250731,Saldo Emergente de Fortitude {Param},III
250732,Nascente Equilíbrio de Fortitude {Param},III
250733,Despertando o Equilíbrio da Fortitude {Param},III
250734,Contrabalanço de Fortitude {Param},III
250735,Equilíbrio brilhante de fortaleza {Param},III
250736,Equilíbrio absoluto de fortaleza {Param},III
250741,Balanço de Silêncio Emergente {Param},V
250742,Nascente do Equilíbrio do Silêncio {Param},V
250743,Despertando o equilíbrio do silêncio {Param},V
250744,Contrabalanço de Silêncio {Param},V
250745,Equilíbrio Reluzente de Silêncio {Param},V
250746,Equilíbrio Absoluto do Silêncio {Param},V
250751,Fraco equilíbrio de proteção {Param},II
250752,Equilíbrio oscilante de proteção {Param},II
250753,Equilíbrio de proteção aprimorado {Param},II
250761,Equilíbrio fraco de Arcana {Param},II
250762,Equilíbrio oscilante de Arcana {Param},II
250763,Equilíbrio de Arcanos Aprimorado {Param},II
250771,Equilíbrio fraco de brilho {Param},II
250772,Equilíbrio oscilante de brilho {Param},II
250773,Equilíbrio de brilho aprimorado {Param},II
250781,Equilíbrio fraco de silêncio {Param},IV
250782,Equilíbrio oscilante de silêncio {Param},IV
250783,Equilíbrio de silêncio aprimorado {Param},IV
250791,Fraco equilíbrio de rapidez {Param},II
250792,Equilíbrio vacilante de Rapidez {Param},II
250793,Equilíbrio de Rapidez Aprimorado {Param},II
250801,Saldo Emergente de Lealdade {Param},I
250802,Saldo Nascente de Lealdade {Param},I
250803,Despertando o Equilíbrio do Lealdade {Param},I
250804,Contrabalanço de Lealdade {Param},I
250805,Brilhante Equilíbrio de Lealdade {Param},I
250806,Equilíbrio absoluto de lealdade {Param},I
250811,Equilíbrio emergente de mistério {Param},I
250812,Saldo Nascente de Mistério {Param},I
250813,Despertando o Equilíbrio do Mistério {Param},I
250814,Contrabalanço de Mistério {Param},I
250815,Brilhante Equilíbrio de Mistério {Param},I
250816,Equilíbrio absoluto de mistério {Param},I
250821,Equilíbrio emergente de estigma {Param},I
250822,Nascente do Equilíbrio do Estigma {Param},I
250823,Despertando o Equilíbrio do Estigma {Param},I
250824,Contrabalanço de Estigma {Param},I
250825,Equilíbrio Reluzente de Estigma {Param},I
250826,Equilíbrio absoluto de estigma {Param},I
250831,Balanço Emergente de Assassinato {Param},I
250832,Saldo Nascente de Assassinato {Param},I
250833,Despertando o Equilíbrio do Assassinato {Param},I
250834,Contrabalanço de Assassinato {Param},I
250835,Equilíbrio brilhante de Arcanos Assassinato {Param},I
250836,Equilíbrio Absoluto de Assassinato {Param},I
250841,Equilíbrio Emergente de Precisão {Param},I
250842,Saldo Nascente de Precisão {Param},I
250843,Despertar do Equilíbrio da Precisão {Param},I
250844,Contrariando o Equilíbrio de Precisão {Param},I
250845,Equilíbrio brilhante de precisão {Param},I
250846,Equilíbrio Absoluto de Precisão {Param},I
250851,Balanço Emergente de Agilidade {Param},III
250852,Saldo Nascente de Agilidade {Param},III
250853,Despertando o Equilíbrio da Agilidade {Param},III
250854,Contrabalanço de Agilidade {Param},III
250855,Equilíbrio brilhante de agilidade {Param},III
250856,Equilíbrio Absoluto de Agilidade {Param},III
250861,Saldo emergente de sutileza {Param},III
250862,Nascente Equilíbrio de Finesse {Param},III
250863,Despertando o Equilíbrio da Finesse {Param},III
250864,Contrabalanço de Finesse {Param},III
250865,Equilíbrio brilhante de sutileza {Param},III
250866,Equilíbrio absoluto da sutileza {Param},III
250871,Balanço de Furtividade Emergente {Param},III
250872,Nascente do Equilíbrio da Furtividade {Param},III
250873,Despertando o equilíbrio da furtividade {Param},III
250874,Contrabalanço de Furtividade {Param},III
250875,Equilíbrio Reluzente de Furtividade {Param},III
250876,Equilíbrio absoluto de furtividade {Param},III
250881,Balanço de Aço Percebido {Param},I
250882,Balanço Turbulento do Aço {Param},I
250883,Balanço Afiado de Aço {Param},I
250891,Balanço de Fortitude Percebido {Param},I
250892,Balanço Turbulento de Fortitude {Param},I
250893,Saldo Afiado de Fortitude {Param},I
250901,Balanço de equilíbrio percebido {Param},I
250902,Balanço Turbulento de Disciplina Equilíbrio {Param},I
250903,Equilíbrio nítido do equilíbrio {Param},I
250911,Saldo Emergente de Agudeza {Param},III
250912,Nascente Equilíbrio de Agudeza {Param},III
250913,Despertando o Equilíbrio da Agudeza {Param},III
250914,Contrabalanço de Keenness {Param},III
250915,Equilíbrio brilhante de Agudeza {Param},III
250916,Equilíbrio absoluto de agudeza {Param},III
250921,Saldo Emergente de Foco {Param},III
250922,Nascente Equilíbrio de Foco {Param},III
250923,Despertando o Equilíbrio do Foco {Param},III
250924,Contrabalanço de Foco {Param},III
250925,Equilíbrio brilhante de foco {Param},III
250926,Equilíbrio absoluto do foco {Param},III
250931,Equilíbrio emergente de luminosidade {Param},III
250932,Saldo Nascente de Luminosidade {Param},III
250933,Despertando o Equilíbrio da Luminosidade {Param},III
250934,Contrabalanço de Luminosidade {Param},III
250935,Brilhante Equilíbrio de Luminosidade {Param},III
250936,Equilíbrio absoluto de Luminosidade {Param},III
250941,Balanço de Precisão Emergente {Param},III
250942,Balanço Nascente de Precisão {Param},III
250943,Despertar Equilíbrio de Precisão {Param},III
250944,Contrabalanço de precisão {Param},III
250945,Balanço Reluzente de Precisão {Param},III
250946,Equilíbrio absoluto de precisão {Param},III
250951,Equilíbrio emergente de penetração {Param},III
250952,Balanço Nascente de Penetração {Param},III
250953,Despertando o Equilíbrio da Penetração {Param},III
250954,Contrabalanço de Penetração {Param},III
250955,Balanço Reluzente de Penetração {Param},III
250956,Equilíbrio absoluto de penetração {Param},III
250961,Equilíbrio de silêncio percebido {Param},II
250962,Balanço Turbulento do Silêncio {Param},II
250963,Equilíbrio de silêncio acentuado {Param},II
250971,Equilíbrio percebido da disciplina {Param},I
250972,Balanço Turbulento de Disciplina {Param},I
250973,Equilíbrio Afiado de Disciplina {Param},I
250981,Saldo Emergente de Lealdade {Param},II
250982,Saldo Nascente de Lealdade {Param},II
250983,Despertando o Equilíbrio do Lealdade {Param},II
250984,Contrabalanço de Lealdade {Param},II
250985,Brilhante Equilíbrio de Lealdade {Param},II
250986,Equilíbrio absoluto de lealdade {Param},II
250991,Equilíbrio emergente de mistério {Param},II
250992,Saldo Nascente de Mistério {Param},II
250993,Despertando o Equilíbrio do Mistério {Param},II
250994,Contrabalanço de Mistério {Param},II
250995,Brilhante Equilíbrio de Mistério {Param},II
250996,Equilíbrio absoluto de mistério {Param},II
251001,Equilíbrio emergente de estigma {Param},II
251002,Nascente do Equilíbrio do Estigma {Param},II
251003,Despertando o Equilíbrio do Estigma {Param},II
251004,Contrabalanço de Estigma {Param},II
251005,Equilíbrio Reluzente de Estigma {Param},II
251006,Equilíbrio absoluto de estigma {Param},II
251011,Balanço Emergente de Assassinato {Param},II
251012,Saldo Nascente de Assassinato {Param},II
251013,Despertando o Equilíbrio do Assassinato {Param},II
251014,Contrabalanço de Assassinato {Param},II
251015,Equilíbrio brilhante de Arcanos Assassinato {Param},II
251016,Equilíbrio Absoluto de Assassinato {Param},II
251021,Equilíbrio Emergente de Precisão {Param},II
251022,Saldo Nascente de Precisão {Param},II
251023,Despertar do Equilíbrio da Precisão {Param},II
251024,Contrariando o Equilíbrio de Precisão {Param},II
251025,Equilíbrio brilhante de precisão {Param},II
251026,Equilíbrio Absoluto de Precisão {Param},II
251031,Equilíbrio percebido de Keenness {Param},I
251032,Balanço Turbulento de Afiação {Param},I
251033,Saldo Afiado de Agudeza {Param},I
251041,Equilíbrio de foco percebido {Param},I
251042,Balanço Turbulento de Foco {Param},I
251043,Equilíbrio nítido do foco {Param},I
251051,Balanço de luminosidade percebido {Param},I
251052,Turbulento Balanço de Fidelidade Balanço de Luminosidade {Param},I
251053,Equilíbrio nítido de luminosidade {Param},I
251061,Balanço de Precisão Percebido {Param},I
251062,Balanço Turbulento de Precisão {Param},I
251063,Equilíbrio nítido de precisão {Param},I
251071,Balanço de Penetração Percebido {Param},I
251072,Balanço Turbulento de Penetração {Param},I
251073,Equilíbrio nítido de penetração {Param},I
251081,Balanço de Proteção Emergente {Param},III
251082,Balanço Nascente da Profecia {Param},III
251083,Despertar Equilíbrio de Proteção {Param},III
251084,Contrabalanço de proteção {Param},III
251085,Balanço Reluzente de Profecia Proteção {Param},III
251086,Equilíbrio Absoluto da Proteção {Param},III
251091,Balanço Emergente de Arcanos {Param},III
251092,Saldo Nascente de Arcanos {Param},III
251093,Despertando o Equilíbrio dos Arcanos {Param},III
251094,Contrabalanço de Arcana {Param},III
251095,Equilíbrio brilhante de Arcanos {Param},III
251096,Equilíbrio Absoluto de Arcanos {Param},III
251101,Balanço de Radiância Emergente {Param},III
251102,Nascente do Equilíbrio da Radiância {Param},III
251103,Despertar Equilíbrio de Radiância {Param},III
251104,Contrabalanço de brilho {Param},III
251105,Equilíbrio Reluzente de Radiância {Param},III
251106,Equilíbrio Absoluto da Radiância {Param},III
251111,Balanço de Silêncio Emergente {Param},VI
251112,Nascente do Equilíbrio do Silêncio {Param},VI
251113,Despertando o equilíbrio do silêncio {Param},VI
251114,Contrabalanço de Silêncio {Param},VI
251115,Equilíbrio Reluzente de Silêncio {Param},VI
251116,Equilíbrio Absoluto do Silêncio {Param},VI
251121,Equilíbrio emergente de rapidez {Param},III
251122,Nascente do Equilíbrio da Rapidez {Param},III
251123,Despertando o Equilíbrio da Rapidez {Param},III
251124,Contrabalanço de Rapidez {Param},III
251125,Equilíbrio Reluzente de Rapidez {Param},III
251126,Equilíbrio Absoluto de Rapidez {Param},III
251131,Equilíbrio fraco da intensidade {Param},II
251132,Equilíbrio oscilante de agudeza {Param},II
251133,Equilíbrio de intensidade aprimorado {Param},II
251141,Equilíbrio fraco do foco {Param},II
251142,Equilíbrio oscilante do foco {Param},II
251143,Equilíbrio de foco aprimorado {Param},II
251151,Fraco equilíbrio de luminosidade {Param},II
251152,Equilíbrio oscilante de luminosidade {Param},II
251153,Equilíbrio de luminosidade aprimorado {Param},II
251161,Fraco equilíbrio de precisão {Param},II
251162,Equilíbrio oscilante de precisão {Param},II
251163,Equilíbrio de precisão aprimorado {Param},II
251171,Fraco equilíbrio de penetração {Param},II
251172,Equilíbrio oscilante de penetração {Param},II
251173,Equilíbrio de penetração aprimorado {Param},II
251181,Fraco equilíbrio de lealdade {Param},I
251182,Equilíbrio oscilante de lealdade {Param},I
251183,Equilíbrio de lealdade aprimorado {Param},I
251191,Fraco equilíbrio de mistério {Param},I
251192,Equilíbrio oscilante de mistério {Param},I
251193,Equilíbrio de mistério aprimorado {Param},I
251201,Fraco equilíbrio de estigma {Param},I
251202,Balanço oscilante de estigma {Param},I
251203,Equilíbrio de estigma aprimorado {Param},I
251211,Equilíbrio fraco de assassinato {Param},I
251212,Equilíbrio oscilante de assassinato {Param},I
251213,Equilíbrio de Assassinato Aprimorado {Param},I
251221,Equilíbrio fraco de precisão {Param},I
251222,Equilíbrio vacilante da precisão {Param},I
251223,Equilíbrio de precisão aprimorado {Param},I
251231,Saldo Emergente de Agudeza {Param},IV
251232,Nascente Equilíbrio de Agudeza {Param},IV
251233,Despertando o Equilíbrio da Agudeza {Param},IV
251234,Contrabalanço de Keenness {Param},IV
251235,Equilíbrio brilhante de Agudeza {Param},IV
251236,Equilíbrio absoluto de agudeza {Param},IV
251241,Saldo Emergente de Foco {Param},IV
251242,Nascente Equilíbrio de Foco {Param},IV
251243,Despertando o Equilíbrio do Foco {Param},IV
251244,Contrabalanço de Foco {Param},IV
251245,Equilíbrio brilhante de foco {Param},IV
251246,Equilíbrio absoluto do foco {Param},IV
251251,Equilíbrio emergente de luminosidade {Param},IV
251252,Saldo Nascente de Luminosidade {Param},IV
251253,Despertando o Equilíbrio da Luminosidade {Param},IV
251254,Contrabalanço de Luminosidade {Param},IV
251255,Brilhante Equilíbrio de Luminosidade {Param},IV
251256,Equilíbrio absoluto de Luminosidade {Param},IV
251261,Balanço de Precisão Emergente {Param},IV
251262,Balanço Nascente de Precisão {Param},IV
251263,Despertar Equilíbrio de Precisão {Param},IV
251264,Contrabalanço de precisão {Param},IV
251265,Balanço Reluzente de Precisão {Param},IV
251266,Equilíbrio absoluto de precisão {Param},IV
251271,Equilíbrio emergente de penetração {Param},IV
251272,Balanço Nascente de Penetração {Param},IV
251273,Despertando o Equilíbrio da Penetração {Param},IV
251274,Contrabalanço de Penetração {Param},IV
251275,Balanço Reluzente de Penetração {Param},IV
251276,Equilíbrio absoluto de penetração {Param},IV
251281,Saldo Emergente de Lealdade {Param},III
251282,Saldo Nascente de Lealdade {Param},III
251283,Despertando o Equilíbrio do Lealdade {Param},III
251284,Contrabalanço de Lealdade {Param},III
251285,Brilhante Equilíbrio de Lealdade {Param},III
251286,Equilíbrio absoluto de lealdade {Param},III
251291,Equilíbrio emergente de mistério {Param},III
251292,Saldo Nascente de Mistério {Param},III
251293,Despertando o Equilíbrio do Mistério {Param},III
251294,Contrabalanço de Mistério {Param},III
251295,Brilhante Equilíbrio de Mistério {Param},III
251296,Equilíbrio absoluto de mistério {Param},III
251301,Equilíbrio emergente de estigma {Param},III
251302,Nascente do Equilíbrio do Estigma {Param},III
251303,Despertando o Equilíbrio do Estigma {Param},III
251304,Contrabalanço de Estigma {Param},III
251305,Equilíbrio Reluzente de Estigma {Param},III
251306,Equilíbrio absoluto de estigma {Param},III
251311,Balanço Emergente de Assassinato {Param},III
251312,Saldo Nascente de Assassinato {Param},III
251313,Despertando o Equilíbrio do Assassinato {Param},III
251314,Contrabalanço de Assassinato {Param},III
251315,Equilíbrio brilhante de Arcanos Assassinato {Param},III
251316,Equilíbrio Absoluto de Assassinato {Param},III
251321,Equilíbrio Emergente de Precisão {Param},III
251322,Saldo Nascente de Precisão {Param},III
251323,Despertar do Equilíbrio da Precisão {Param},III
251324,Contrariando o Equilíbrio de Precisão {Param},III
251325,Equilíbrio brilhante de precisão {Param},III
251326,Equilíbrio Absoluto de Precisão {Param},III
251331,Equilíbrio fraco da intensidade {Param},III
251332,Equilíbrio oscilante de agudeza {Param},III
251333,Equilíbrio de intensidade aprimorado {Param},III
251341,Equilíbrio fraco do foco {Param},III
251342,Equilíbrio oscilante do foco {Param},III
251343,Equilíbrio de foco aprimorado {Param},III
251351,Fraco equilíbrio de luminosidade {Param},III
251352,Equilíbrio oscilante de luminosidade {Param},III
251353,Equilíbrio de luminosidade aprimorado {Param},III
251361,Fraco equilíbrio de precisão {Param},III
251362,Equilíbrio oscilante de precisão {Param},III
251363,Equilíbrio de precisão aprimorado {Param},III
251371,Fraco equilíbrio de penetração {Param},III
251372,Equilíbrio oscilante de penetração {Param},III
251373,Equilíbrio de penetração aprimorado {Param},III
251381,Fraco equilíbrio de aço {Param},III
251382,Balanço oscilante de aço {Param},III
251383,Equilíbrio de aço aprimorado {Param},III
251391,Equilíbrio fraco de disciplina {Param},III
251392,Equilíbrio oscilante de disciplina {Param},III
251393,Equilíbrio de Disciplina Aprimorado {Param},III
251401,Equilíbrio fraco de silêncio {Param},V
251402,Equilíbrio oscilante de silêncio {Param},V
251403,Equilíbrio de silêncio aprimorado {Param},V
251411,Equilíbrio fraco de furtividade {Param},III
251412,Balanço oscilante de furtividade {Param},III
251413,Equilíbrio de furtividade aprimorado {Param},III
251421,Equilíbrio fraco da sutileza {Param},III
251422,Equilíbrio oscilante da sutileza {Param},III
251423,Equilíbrio de sutileza aprimorado {Param},III
251431,Equilíbrio fraco de solidez {Param},III
251432,Equilíbrio oscilante de solidez {Param},III
251433,Equilíbrio de solidez aprimorado {Param},III
251441,Equilíbrio fraco de agilidade {Param},III
251442,Oscilante Equilíbrio de Agilidade {Param},III
251443,Aprimorado Equilíbrio de Agilidade {Param},III
251451,Equilíbrio fraco de equilíbrio {Param},III
251452,Equilíbrio oscilante do equilíbrio {Param},III
251453,Equilíbrio de equilíbrio aprimorado {Param},III
251461,Fraco equilíbrio de proteção {Param},III
251462,Equilíbrio oscilante de proteção {Param},III
251463,Equilíbrio de proteção aprimorado {Param},III
251471,Equilíbrio fraco de Arcana {Param},III
251472,Equilíbrio oscilante de Arcana {Param},III
251473,Equilíbrio de Arcanos Aprimorado {Param},III
251481,Equilíbrio fraco de brilho {Param},III
251482,Equilíbrio oscilante de brilho {Param},III
251483,Equilíbrio de brilho aprimorado {Param},III
251491,Equilíbrio fraco de silêncio {Param},VI
251492,Equilíbrio oscilante de silêncio {Param},VI
251493,Equilíbrio de silêncio aprimorado {Param},VI
251501,Fraco equilíbrio de rapidez {Param},III
251502,Equilíbrio vacilante de Rapidez {Param},III
251503,Equilíbrio de Rapidez Aprimorado {Param},III
251511,Balanço de Aço Percebido {Param},II
251512,Balanço Turbulento do Aço {Param},II
251513,Balanço Afiado de Aço {Param},II
251521,Balanço de Fortitude Percebido {Param},II
251522,Balanço Turbulento de Fortitude {Param},II
251523,Saldo Afiado de Fortitude {Param},II
251531,Equilíbrio percebido da disciplina {Param},II
251532,Balanço Turbulento de Disciplina {Param},II
251533,Equilíbrio Afiado de Disciplina {Param},II
251541,Equilíbrio de agilidade percebido {Param},II
251542,Balanço Turbulento de Agilidade {Param},II
251543,Equilíbrio Afiado de Agilidade {Param},II
251551,Balanço de equilíbrio percebido {Param},II
251552,Balanço Turbulento de Disciplina Equilíbrio {Param},II
251553,Equilíbrio nítido do equilíbrio {Param},II
251561,Saldo percebido de sutileza {Param},II
251562,Balanço Turbulento de Finesse {Param},II
251563,Equilíbrio nítido da sutileza {Param},II
251571,Equilíbrio de silêncio percebido {Param},III
251572,Balanço Turbulento do Silêncio {Param},III
251573,Equilíbrio de silêncio acentuado {Param},III
251581,Equilíbrio percebido de furtividade {Param},II
251582,Balanço Turbulento do Silêncio {Param},II
251583,Equilíbrio de furtividade acentuado {Param},II
251591,Balanço de Proteção Emergente {Param},IV
251592,Balanço Nascente da Profecia {Param},IV
251593,Despertar Equilíbrio de Proteção {Param},IV
251594,Contrabalanço de proteção {Param},IV
251595,Balanço Reluzente de Profecia Proteção {Param},IV
251596,Equilíbrio Absoluto da Proteção {Param},IV
251601,Balanço Emergente de Arcanos {Param},IV
251602,Saldo Nascente de Arcanos {Param},IV
251603,Despertando o Equilíbrio dos Arcanos {Param},IV
251604,Contrabalanço de Arcana {Param},IV
251605,Equilíbrio brilhante de Arcanos {Param},IV
251606,Equilíbrio Absoluto de Arcanos {Param},IV
251611,Balanço de Radiância Emergente {Param},IV
251612,Nascente do Equilíbrio da Radiância {Param},IV
251613,Despertar Equilíbrio de Radiância {Param},IV
251614,Contrabalanço de brilho {Param},IV
251615,Equilíbrio Reluzente de Radiância {Param},IV
251616,Equilíbrio Absoluto da Radiância {Param},IV
251621,Balanço de Silêncio Emergente {Param},VII
251622,Nascente do Equilíbrio do Silêncio {Param},VII
251623,Despertando o equilíbrio do silêncio {Param},VII
251624,Contrabalanço de Silêncio {Param},VII
251625,Equilíbrio Reluzente de Silêncio {Param},VII
251626,Equilíbrio Absoluto do Silêncio {Param},VII
251631,Equilíbrio emergente de rapidez {Param},IV
251632,Nascente do Equilíbrio da Rapidez {Param},IV
251633,Despertando o Equilíbrio da Rapidez {Param},IV
251634,Contrabalanço de Rapidez {Param},IV
251635,Equilíbrio Reluzente de Rapidez {Param},IV
251636,Equilíbrio Absoluto de Rapidez {Param},IV
251641,Balanço de Aço Emergente {Param},IV
251642,Nascente do Equilíbrio do Aço {Param},IV
251643,Despertando o Equilíbrio do Aço {Param},IV
251644,Contrabalanço de Aço {Param},IV
251645,Equilíbrio Reluzente de Aço {Param},IV
251646,Equilíbrio absoluto de aço {Param},IV
251651,Saldo Emergente de Fortitude {Param},IV
251652,Nascente Equilíbrio de Fortitude {Param},IV
251653,Despertando o Equilíbrio da Fortitude {Param},IV
251654,Contrabalanço de Fortitude {Param},IV
251655,Equilíbrio brilhante de fortaleza {Param},IV
251656,Equilíbrio absoluto de fortaleza {Param},IV
251661,Balanço Emergente de Disciplina {Param},IV
251662,Nascente do equilíbrio da disciplina {Param},IV
251663,Despertando o Equilíbrio do Assassinato Disciplina {Param},IV
251664,Contrabalanço de Disciplina {Param},IV
251665,Brilhante Equilíbrio da Disciplina {Param},IV
251666,Equilíbrio Absoluto de Disciplina {Param},IV
251671,Balanço Emergente de Agilidade {Param},IV
251672,Saldo Nascente de Agilidade {Param},IV
251673,Despertando o Equilíbrio da Agilidade {Param},IV
251674,Contrabalanço de Agilidade {Param},IV
251675,Equilíbrio brilhante de agilidade {Param},IV
251676,Equilíbrio Absoluto de Agilidade {Param},IV
251681,Saldo emergente de equilíbrio {Param},IV
251682,Nascente do equilíbrio do equilíbrio {Param},IV
251683,Despertando o Equilíbrio do Equilíbrio {Param},IV
251684,Contrabalanço de Equilíbrio {Param},IV
251685,Brilhante Equilíbrio do Equilíbrio {Param},IV
251686,Equilíbrio Absoluto de Equilíbrio {Param},IV
251691,Saldo emergente de sutileza {Param},IV
251692,Nascente Equilíbrio de Finesse {Param},IV
251693,Despertando o Equilíbrio da Finesse {Param},IV
251694,Contrabalanço de Finesse {Param},IV
251695,Equilíbrio brilhante de sutileza {Param},IV
251696,Equilíbrio absoluto da sutileza {Param},IV
251701,Balanço de Silêncio Emergente {Param},VIII
251702,Nascente do Equilíbrio do Silêncio {Param},VIII
251703,Despertando o equilíbrio do silêncio {Param},VIII
251704,Contrabalanço de Silêncio {Param},VIII
251705,Equilíbrio Reluzente de Silêncio {Param},VIII
251706,Equilíbrio Absoluto do Silêncio {Param},VIII
251711,Balanço de Furtividade Emergente {Param},IV
251712,Nascente do Equilíbrio da Furtividade {Param},IV
251713,Despertando o equilíbrio da furtividade {Param},IV
251714,Contrabalanço de Furtividade {Param},IV
251715,Equilíbrio Reluzente de Furtividade {Param},IV
251716,Equilíbrio absoluto de furtividade {Param},IV
251721,Fraco equilíbrio de lealdade {Param},II
251722,Equilíbrio oscilante de lealdade {Param},II
251723,Equilíbrio de lealdade aprimorado {Param},II
251731,Fraco equilíbrio de mistério {Param},II
251732,Equilíbrio oscilante de mistério {Param},II
251733,Equilíbrio de mistério aprimorado {Param},II
251741,Fraco equilíbrio de estigma {Param},II
251742,Balanço oscilante de estigma {Param},II
251743,Equilíbrio de estigma aprimorado {Param},II
251751,Equilíbrio fraco de assassinato {Param},II
251752,Equilíbrio oscilante de assassinato {Param},II
251753,Equilíbrio de Assassinato Aprimorado {Param},II
251761,Equilíbrio fraco de precisão {Param},II
251762,Equilíbrio vacilante da precisão {Param},II
251763,Equilíbrio de precisão aprimorado {Param},II
251771,Balanço de Aço Percebido {Param},III
251772,Balanço Turbulento do Aço {Param},III
251773,Balanço Afiado de Aço {Param},III
251781,Equilíbrio de agilidade percebido {Param},III
251782,Balanço Turbulento de Agilidade {Param},III
251783,Equilíbrio Afiado de Agilidade {Param},III
251791,Saldo percebido de sutileza {Param},III
251792,Balanço Turbulento de Finesse {Param},III
251793,Equilíbrio nítido da sutileza {Param},III
251801,Balanço de Fortitude Percebido {Param},III
251802,Balanço Turbulento de Fortitude {Param},III
251803,Saldo Afiado de Fortitude {Param},III
251811,Balanço de proteção percebido {Param},II
251812,Balanço Turbulento de Proteção {Param},II
251813,Equilíbrio Afiado de Proteção {Param},II
251821,Equilíbrio percebido do Arcano {Param},II
251822,Balanço Turbulento de Arcana {Param},II
251823,Equilíbrio Afiado de Arcanos {Param},II
251831,Equilíbrio percebido de radiância {Param},II
251832,Balanço Turbulento de Radiância {Param},II
251833,Equilíbrio Afiado de Radiância {Param},II
251841,Equilíbrio de silêncio percebido {Param},IV
251842,Balanço Turbulento do Silêncio {Param},IV
251843,Equilíbrio de silêncio acentuado {Param},IV
251851,Equilíbrio percebido de rapidez {Param},II
251852,Balanço Turbulento de Rapidez {Param},II
251853,Balanço Afiado de Rapidez {Param},II
251861,Balanço de proteção percebido {Param},III
251862,Balanço Turbulento de Proteção {Param},III
251863,Equilíbrio Afiado de Proteção {Param},III
251871,Equilíbrio percebido do Arcano {Param},III
251872,Balanço Turbulento de Arcana {Param},III
251873,Equilíbrio Afiado de Arcanos {Param},III
251881,Equilíbrio percebido de radiância {Param},III
251882,Balanço Turbulento de Radiância {Param},III
251883,Equilíbrio Afiado de Radiância {Param},III
251891,Equilíbrio de silêncio percebido {Param},V
251892,Balanço Turbulento do Silêncio {Param},V
251893,Equilíbrio de silêncio acentuado {Param},V
251901,Equilíbrio percebido de rapidez {Param},III
251902,Balanço Turbulento de Rapidez {Param},III
251903,Balanço Afiado de Rapidez {Param},III
251911,Saldo de Lealdade Percebido {Param},I
251912,Balanço Turbulento de Lealdade {Param},I
251913,Saldo Afiado de Lealdade {Param},I
251914,Saldo de lealdade inicial {Param},I
251921,Equilíbrio de mistério percebido {Param},I
251922,Balanço Turbulento de Mistério {Param},I
251923,Equilíbrio nítido de mistério {Param},I
251924,Saldo de mistério inicial {Param},I
251931,Equilíbrio percebido do estigma {Param},I
251932,Balanço Turbulento do Estigma {Param},I
251933,Balanço Afiado de Estigma {Param},I
251934,Saldo de estigma inicial {Param},I
251941,Balanço percebido de assassinato {Param},I
251942,Balanço Turbulento de Assassinato {Param},I
251943,Equilíbrio Afiado de Assassinato {Param},I
251944,Balanço do Assassinato Inicial {Param},I
251951,Balanço de Precisão Percebido {Param},I
251952,Balanço Turbulento de Precisão {Param},I
251953,Equilíbrio Afiado de Precisão {Param},I
251954,Saldo da Precisão do Brotamento {Param},I
251961,Equilíbrio de silêncio percebido {Param},VI
251962,Balanço Turbulento do Silêncio {Param},VI
251963,Equilíbrio de silêncio acentuado {Param},VI
251971,Equilíbrio percebido de furtividade {Param},III
251972,Balanço Turbulento do Silêncio {Param},III
251973,Equilíbrio de furtividade acentuado {Param},III
251981,Equilíbrio percebido da disciplina {Param},III
251982,Balanço Turbulento de Disciplina {Param},III
251983,Equilíbrio Afiado de Disciplina {Param},III
251991,Balanço de equilíbrio percebido {Param},III
251992,Balanço Turbulento de Disciplina Equilíbrio {Param},III
251993,Equilíbrio nítido do equilíbrio {Param},III
252001,Balanço Emergente de Agilidade {Param},V
252002,Saldo Nascente de Agilidade {Param},V
252003,Despertando o Equilíbrio da Agilidade {Param},V
252004,Contrabalanço de Agilidade {Param},V
252005,Equilíbrio brilhante de agilidade {Param},V
252006,Equilíbrio Absoluto de Agilidade {Param},V
252011,Balanço Emergente de Disciplina {Param},V
252012,Nascente do equilíbrio da disciplina {Param},V
252013,Despertando o Equilíbrio do Assassinato Disciplina {Param},V
252014,Contrabalanço de Disciplina {Param},V
252015,Brilhante Equilíbrio da Disciplina {Param},V
252016,Equilíbrio Absoluto de Disciplina {Param},V
252021,Balanço de Aço Emergente {Param},V
252022,Nascente do Equilíbrio do Aço {Param},V
252023,Despertando o Equilíbrio do Aço {Param},V
252024,Contrabalanço de Aço {Param},V
252025,Equilíbrio Reluzente de Aço {Param},V
252026,Equilíbrio absoluto de aço {Param},V
252031,Saldo Emergente de Fortitude {Param},V
252032,Nascente Equilíbrio de Fortitude {Param},V
252033,Despertando o Equilíbrio da Fortitude {Param},V
252034,Contrabalanço de Fortitude {Param},V
252035,Equilíbrio brilhante de fortaleza {Param},V
252036,Equilíbrio absoluto de fortaleza {Param},V
252041,Saldo de Lealdade Percebido {Param},II
252042,Saldo de lealdade inicial {Param},II
252043,Balanço Turbulento de Lealdade {Param},II
252044,Balanço Condensado de Lealdade {Param},I
252045,Saldo Afiado de Lealdade {Param},II
252051,Equilíbrio de mistério percebido {Param},II
252052,Saldo de mistério inicial {Param},II
252053,Balanço Turbulento de Mistério {Param},II
252054,Balanço Condensado de Mistério {Param},I
252055,Equilíbrio nítido de mistério {Param},II
252061,Equilíbrio percebido do estigma {Param},II
252062,Saldo de estigma inicial {Param},II
252063,Balanço Turbulento do Estigma {Param},II
252064,Balanço de Estigma Condensado {Param},I
252065,Balanço Afiado de Estigma {Param},II
252071,Balanço percebido de assassinato {Param},II
252072,Balanço do Assassinato Inicial {Param},II
252073,Balanço Turbulento de Assassinato {Param},II
252074,Balanço Condensado de Assassinato {Param},I
252075,Equilíbrio Afiado de Assassinato {Param},II
252081,Balanço de Precisão Percebido {Param},II
252082,Saldo da Precisão do Brotamento {Param},II
252083,Balanço Turbulento de Precisão {Param},II
252084,Equilíbrio condensado de precisão {Param},I
252085,Equilíbrio Afiado de Precisão {Param},II
252091,Saldo emergente de equilíbrio {Param},V
252092,Nascente do equilíbrio do equilíbrio {Param},V
252093,Despertando o Equilíbrio do Equilíbrio {Param},V
252094,Contrabalanço de Equilíbrio {Param},V
252095,Brilhante Equilíbrio do Equilíbrio {Param},V
252096,Equilíbrio Absoluto de Equilíbrio {Param},V
252101,Saldo emergente de sutileza {Param},V
252102,Nascente Equilíbrio de Finesse {Param},V
252103,Despertando o Equilíbrio da Finesse {Param},V
252104,Contrabalanço de Finesse {Param},V
252105,Equilíbrio brilhante de sutileza {Param},V
252106,Equilíbrio absoluto da sutileza {Param},V
252111,Balanço de Silêncio Emergente {Param},IX
252112,Nascente do Equilíbrio do Silêncio {Param},IX
252113,Despertando o equilíbrio do silêncio {Param},IX
252114,Contrabalanço de Silêncio {Param},IX
252115,Equilíbrio Reluzente de Silêncio {Param},IX
252116,Equilíbrio Absoluto do Silêncio {Param},IX
252121,Balanço de Furtividade Emergente {Param},V
252122,Nascente do Equilíbrio da Furtividade {Param},V
252123,Despertando o equilíbrio da furtividade {Param},V
252124,Contrabalanço de Furtividade {Param},V
252125,Equilíbrio Reluzente de Furtividade {Param},V
252126,Equilíbrio absoluto de furtividade {Param},V
252131,Equilíbrio percebido de Keenness {Param},II
252132,Saldo Iniciante de Afiação {Param},I
252133,Balanço Turbulento de Afiação {Param},II
252134,Saldo de intensidade condensada {Param},I
252135,Saldo Afiado de Agudeza {Param},II
252141,Equilíbrio de foco percebido {Param},II
252142,Saldo inicial de foco {Param},I
252143,Balanço Turbulento de Foco {Param},II
252144,Saldo do foco condensado {Param},I
252145,Equilíbrio nítido do foco {Param},II
252151,Balanço de luminosidade percebido {Param},II
252152,Saldo Inicial de Luminosidade {Param},I
252153,Turbulento Balanço de Fidelidade Balanço de Luminosidade {Param},II
252154,Saldo de luminosidade condensada {Param},I
252155,Equilíbrio nítido de luminosidade {Param},II
252161,Balanço de Precisão Percebido {Param},II
252162,Equilíbrio Inicial de Precisão {Param},I
252163,Balanço Turbulento de Precisão {Param},II
252164,Saldo de Precisão Condensada {Param},I
252165,Equilíbrio nítido de precisão {Param},II
252171,Balanço de Penetração Percebido {Param},II
252172,Equilíbrio Inicial de Penetração {Param},I
252173,Balanço Turbulento de Penetração {Param},II
252174,Saldo de penetração condensada {Param},I
252175,Equilíbrio nítido de penetração {Param},II
252181,Saldo Emergente de Lealdade {Param},IV
252182,Saldo Nascente de Lealdade {Param},IV
252183,Despertando o Equilíbrio do Lealdade {Param},IV
252184,Contrabalanço de Lealdade {Param},IV
252185,Brilhante Equilíbrio de Lealdade {Param},IV
252186,Equilíbrio absoluto de lealdade {Param},IV
252191,Equilíbrio emergente de mistério {Param},IV
252192,Saldo Nascente de Mistério {Param},IV
252193,Despertando o Equilíbrio do Mistério {Param},IV
252194,Contrabalanço de Mistério {Param},IV
252195,Brilhante Equilíbrio de Mistério {Param},IV
252196,Equilíbrio absoluto de mistério {Param},IV
252201,Equilíbrio emergente de estigma {Param},IV
252202,Nascente do Equilíbrio do Estigma {Param},IV
252203,Despertando o Equilíbrio do Estigma {Param},IV
252204,Contrabalanço de Estigma {Param},IV
252205,Equilíbrio Reluzente de Estigma {Param},IV
252206,Equilíbrio absoluto de estigma {Param},IV
252211,Balanço Emergente de Assassinato {Param},IV
252212,Saldo Nascente de Assassinato {Param},IV
252213,Despertando o Equilíbrio do Assassinato {Param},IV
252214,Contrabalanço de Assassinato {Param},IV
252215,Equilíbrio brilhante de Arcanos Assassinato {Param},IV
252216,Equilíbrio Absoluto de Assassinato {Param},IV
252221,Equilíbrio Emergente de Precisão {Param},IV
252222,Saldo Nascente de Precisão {Param},IV
252223,Despertar do Equilíbrio da Precisão {Param},IV
252224,Contrariando o Equilíbrio de Precisão {Param},IV
252225,Equilíbrio brilhante de precisão {Param},IV
252226,Equilíbrio Absoluto de Precisão {Param},IV
252231,Equilíbrio percebido de Keenness {Param},III
252232,Saldo Iniciante de Afiação {Param},II
252233,Balanço Turbulento de Afiação {Param},III
252234,Saldo de intensidade condensada {Param},II
252235,Saldo Afiado de Agudeza {Param},III
252241,Equilíbrio de foco percebido {Param},III
252242,Saldo inicial de foco {Param},II
252243,Balanço Turbulento de Foco {Param},III
252244,Saldo do foco condensado {Param},II
252245,Equilíbrio nítido do foco {Param},III
252251,Balanço de luminosidade percebido {Param},III
252252,Saldo Inicial de Luminosidade {Param},II
252253,Turbulento Balanço de Fidelidade Balanço de Luminosidade {Param},III
252254,Saldo de luminosidade condensada {Param},II
252255,Equilíbrio nítido de luminosidade {Param},III
252261,Balanço de Precisão Percebido {Param},III
252262,Equilíbrio Inicial de Precisão {Param},II
252263,Balanço Turbulento de Precisão {Param},III
252264,Saldo de Precisão Condensada {Param},II
252265,Equilíbrio nítido de precisão {Param},III
252271,Balanço de Penetração Percebido {Param},III
252272,Equilíbrio Inicial de Penetração {Param},II
252273,Balanço Turbulento de Penetração {Param},III
252274,Saldo de penetração condensada {Param},II
252275,Equilíbrio nítido de penetração {Param},III
252281,Saldo de Lealdade Percebido {Param},III
252282,Saldo de lealdade inicial {Param},III
252283,Balanço Turbulento de Lealdade {Param},III
252284,Balanço Condensado de Lealdade {Param},II
252285,Saldo Afiado de Lealdade {Param},III
252291,Equilíbrio de mistério percebido {Param},III
252292,Saldo de mistério inicial {Param},III
252293,Balanço Turbulento de Mistério {Param},III
252294,Balanço Condensado de Mistério {Param},II
252295,Equilíbrio nítido de mistério {Param},III
252301,Equilíbrio percebido do estigma {Param},III
252302,Saldo de estigma inicial {Param},III
252303,Balanço Turbulento do Estigma {Param},III
252304,Balanço de Estigma Condensado {Param},II
252305,Balanço Afiado de Estigma {Param},III
252311,Balanço percebido de assassinato {Param},III
252312,Balanço do Assassinato Inicial {Param},III
252313,Balanço Turbulento de Assassinato {Param},III
252314,Balanço Condensado de Assassinato {Param},II
252315,Equilíbrio Afiado de Assassinato {Param},III
252321,Balanço de Precisão Percebido {Param},III
252322,Saldo da Precisão do Brotamento {Param},III
252323,Balanço Turbulento de Precisão {Param},III
252324,Equilíbrio condensado de precisão {Param},II
252325,Equilíbrio Afiado de Precisão {Param},III
252331,Balanço de Aço Percebido {Param},IV
252332,Nascente Balanço de Aço,
252333,Balanço Turbulento do Aço {Param},IV
252334,Balanço de Aço Condensado,
252335,Balanço Afiado de Aço {Param},IV
252341,Balanço de Fortitude Percebido {Param},IV
252342,Saldo inicial de Fortitude,
252343,Balanço Turbulento de Fortitude {Param},IV
252344,Balanço Condensado de Fortitude,
252345,Saldo Afiado de Fortitude {Param},IV
252351,Equilíbrio percebido da disciplina {Param},IV
252352,Nascendo o equilíbrio da disciplina,
252353,Balanço Turbulento de Disciplina {Param},IV
252354,Balanço Condensado de Disciplina,
252355,Equilíbrio Afiado de Disciplina {Param},IV
252361,Equilíbrio de agilidade percebido {Param},IV
252362,Nascendo o equilíbrio da agilidade,
252363,Balanço Turbulento de Agilidade {Param},IV
252364,Balanço Condensado de Agilidade,
252365,Equilíbrio Afiado de Agilidade {Param},IV
252371,Balanço de equilíbrio percebido {Param},IV
252372,Saldo inicial de equilíbrio,
252373,Balanço Turbulento de Disciplina Equilíbrio {Param},IV
252374,Balanço Condensado de Equilíbrio,
252375,Equilíbrio nítido do equilíbrio {Param},IV
252381,Saldo percebido de sutileza {Param},IV
252382,Saldo inicial de sutileza,
252383,Balanço Turbulento de Finesse {Param},IV
252384,Equilíbrio condensado da sutileza,
252385,Equilíbrio nítido da sutileza {Param},IV
252391,Equilíbrio de silêncio percebido {Param},VII
252392,Nascente Saldo do Silêncio,
252393,Balanço Turbulento do Silêncio {Param},VII
252394,Balanço de Silêncio Condensado,
252395,Equilíbrio de silêncio acentuado {Param},VII
252401,Equilíbrio percebido de furtividade {Param},IV
252402,Nascente Saldo de Stealth,
252403,Balanço Turbulento do Silêncio {Param},IV
252404,Balanço de Furtividade Condensado,
252405,Equilíbrio de furtividade acentuado {Param},IV
252411,Balanço de Aço Emergente {Param},VI
252412,Nascente do Equilíbrio do Aço {Param},VI
252413,Despertando o Equilíbrio do Aço {Param},VI
252414,Equilíbrio Afiado de Aço,
252415,Contrabalanço de Aço {Param},VI
252416,Equilíbrio Reluzente de Aço {Param},VI
252417,Equilíbrio Resoluto de Aço,
252418,Equilíbrio absoluto de aço {Param},VI
252421,Saldo Emergente de Fortitude {Param},VI
252422,Nascente Equilíbrio de Fortitude {Param},VI
252423,Despertando o Equilíbrio da Fortitude {Param},VI
252424,Equilíbrio de fortaleza aprimorado,
252425,Contrabalanço de Fortitude {Param},VI
252426,Equilíbrio brilhante de fortaleza {Param},VI
252427,Balanço de Fortitude Resoluto,
252428,Equilíbrio absoluto de fortaleza {Param},VI
252431,Balanço Emergente de Disciplina {Param},VI
252432,Nascente do equilíbrio da disciplina {Param},VI
252433,Despertando o Equilíbrio do Assassinato Disciplina {Param},VI
252434,Equilíbrio Aprimorado de Disciplina,
252435,Contrabalanço de Disciplina {Param},VI
252436,Brilhante Equilíbrio da Disciplina {Param},VI
252437,Resoluto Saldo de Disciplina,
252438,Equilíbrio Absoluto de Disciplina {Param},VI
252441,Balanço Emergente de Agilidade {Param},VI
252442,Saldo Nascente de Agilidade {Param},VI
252443,Despertando o Equilíbrio da Agilidade {Param},VI
252444,Equilíbrio Aprimorado de Agilidade,
252445,Contrabalanço de Agilidade {Param},VI
252446,Equilíbrio brilhante de agilidade {Param},VI
252447,Equilíbrio Resoluto de Agilidade,
252448,Equilíbrio Absoluto de Agilidade {Param},VI
252451,Saldo emergente de equilíbrio {Param},VI
252452,Nascente do equilíbrio do equilíbrio {Param},VI
252453,Despertando o Equilíbrio do Equilíbrio {Param},VI
252454,Equilíbrio Aprimorado de Equilíbrio,
252455,Contrabalanço de Equilíbrio {Param},VI
252456,Brilhante Equilíbrio do Equilíbrio {Param},VI
252457,Balanço de Equilíbrio Resoluto,
252458,Equilíbrio Absoluto de Equilíbrio {Param},VI
252461,Saldo emergente de sutileza {Param},VI
252462,Nascente Equilíbrio de Finesse {Param},VI
252463,Despertando o Equilíbrio da Finesse {Param},VI
252464,Equilíbrio de sutileza aprimorado,
252465,Contrabalanço de Finesse {Param},VI
252466,Equilíbrio brilhante de sutileza {Param},VI
252467,Balanço de Finesse Resoluto,
252468,Equilíbrio absoluto da sutileza {Param},VI
252471,Balanço de Silêncio Emergente {Param},X
252472,Nascente do Equilíbrio do Silêncio {Param},X
252473,Despertando o equilíbrio do silêncio {Param},X
252474,Equilíbrio de silêncio aprimorado,
252475,Contrabalanço de Silêncio {Param},X
252476,Equilíbrio Reluzente de Silêncio {Param},X
252477,Equilíbrio Resoluto do Silêncio,
252478,Equilíbrio Absoluto do Silêncio {Param},X
252481,Balanço de Furtividade Emergente {Param},VI
252482,Nascente do Equilíbrio da Furtividade {Param},VI
252483,Despertando o equilíbrio da furtividade {Param},VI
252484,Equilíbrio Afiado de Furtividade,
252485,Contrabalanço de Furtividade {Param},VI
252486,Equilíbrio Reluzente de Furtividade {Param},VI
252487,Equilíbrio Resoluto de Furtividade,
252488,Equilíbrio absoluto de furtividade {Param},VI
252491,Harmonia fraca de aço,
252492,Agitando a Harmonia do Aço,
252493,Harmonia vacilante do Aço,
252494,Harmonia estável de aço,
252495,Harmonia de Aço Aprimorada,
252501,Fraca Harmonia de Fortitude,
252502,Agitando a Harmonia da Fortitude,
252503,Harmonia oscilante de fortaleza,
252504,Harmonia Estável de Fortitude,
252505,Harmonia de fortaleza aprimorada,
252511,Fraca Harmonia de Disciplina,
252512,Agitando a Harmonia da Disciplina,
252513,Harmonia oscilante de disciplina,
252514,Harmonia Estável de Disciplina,
252515,Harmonia de disciplina aprimorada,
252521,Fraca Harmonia de Agilidade,
252522,Agitando a Harmonia da Agilidade,
252523,Harmonia oscilante de agilidade,
252524,Harmonia estável de agilidade,
252525,Harmonia de Agilidade Aprimorada,
252531,Fraca Harmonia de Equilíbrio,
252532,Agitando a Harmonia do Equilíbrio,
252533,Harmonia oscilante de equilíbrio,
252534,Harmonia estável de equilíbrio,
252535,Harmonia de equilíbrio aprimorada,
252541,Fraca Harmonia de Finesse,
252542,Agitando a Harmonia da Finesse,
252543,Harmonia oscilante de sutileza,
252544,Harmonia Estável de Finesse,
252545,Harmonia de sutileza aprimorada,
252551,Harmonia fraca de silêncio {Param},I
252552,Agitando a Harmonia do Silêncio {Param},I
252553,Harmonia oscilante de silêncio {Param},I
252554,Harmonia Estável de Silêncio {Param},I
252555,Harmonia de Silêncio Aprimorada {Param},I
252561,Harmonia fraca de furtividade,
252562,Agitando a Harmonia da Furtividade,
252563,Harmonia vacilante da Furtividade,
252564,Harmonia estável de furtividade,
252565,Harmonia de Furtividade Aprimorada,
252571,Harmonia Emergente do Aço,
252572,Nascente da Harmonia do Aço,
252573,Despertando a Harmonia do Aço,
252574,Harmonia Aprimorada de Aço,
252575,Combatendo a Harmonia do Aço,
252576,Brilhante Harmonia de Aço,
252577,Harmonia Resoluta de Aço,
252578,Harmonia Absoluta de Aço,
252581,Harmonia emergente de fortaleza,
252582,Harmonia Nascente da Fortitude,
252583,Despertar Harmonia da Fortitude,
252584,Harmonia Aprimorada de Fortaleza,
252585,Contra-atacando a Harmonia da Fortitude,
252586,Harmonia Reluzente de Fortitude,
252587,Harmonia Resoluta de Fortitude,
252588,Harmonia Absoluta da Fortitude,
252591,Harmonia emergente de disciplina,
252592,Harmonia Nascente da Disciplina,
252593,Despertar Harmonia da Disciplina,
252594,Harmonia Aprimorada de Disciplina,
252595,Contrariando a Harmonia da Disciplina,
252596,Harmonia Reluzente de Disciplina,
252597,Harmonia Resoluta de Disciplina,
252598,Harmonia Absoluta da Disciplina,
252601,Harmonia emergente de agilidade,
252602,Nascente Harmonia de Agilidade,
252603,Despertar Harmonia de Agilidade,
252604,Harmonia Aprimorada de Agilidade,
252605,Contrariando a Harmonia da Agilidade,
252606,Brilhante Harmonia da Agilidade,
252607,Harmonia Resoluta de Agilidade,
252608,Harmonia Absoluta de Agilidade,
252611,Harmonia emergente de equilíbrio,
252612,Nascente Harmonia de Equilíbrio,
252613,Despertar Harmonia do Equilíbrio,
252614,Harmonia Aprimorada de Equilíbrio,
252615,Contrariando a Harmonia do Equilíbrio,
252616,Brilhante Harmonia do Equilíbrio,
252617,Harmonia Resoluta de Equilíbrio,
252618,Harmonia Absoluta de Equilíbrio,
252621,Harmonia emergente de sutileza,
252622,Harmonia Nascente da Refinamento,
252623,Despertar Harmonia da Delicadeza,
252624,Harmonia Aprimorada de Finesse,
252625,Contrariando a Harmonia da Finesse,
252626,Harmonia Reluzente de Refinamento,
252627,Harmonia Resoluta de Finesse,
252628,Harmonia Absoluta da Finesse,
252631,Harmonia Emergente do Silêncio {Param},I
252632,Harmonia Nascente do Silêncio {Param},I
252633,Despertando a Harmonia do Silêncio {Param},I
252634,Harmonia Aprimorada de Silêncio {Param},I
252635,Contra-atacando a Harmonia do Silêncio {Param},I
252636,Harmonia Reluzente de Silêncio {Param},I
252637,Harmonia Resoluta de Silêncio {Param},I
252638,Harmonia Absoluta do Silêncio,
252641,Harmonia Emergente da Furtividade,
252642,Nascente Harmonia da Furtividade,
252643,Despertando a Harmonia da Furtividade,
252644,Harmonia Aprimorada de Furtividade,
252645,Contra-atacando a Harmonia da Furtividade,
252646,Brilhante Harmonia de Furtividade,
252647,Harmonia Resoluta de Furtividade,
252648,Harmonia Absoluta da Furtividade,
252651,Harmonia fraca de proteção,
252652,Agitando a Harmonia da Proteção,
252653,Harmonia oscilante de proteção,
252654,Harmonia Estável de Proteção,
252655,Harmonia de proteção aprimorada,
252661,Fraca Harmonia de Arcanos,
252662,Agitando a Harmonia dos Arcanos,
252663,Harmonia oscilante de Arcanos,
252664,Harmonia estável de Arcanos,
252665,Harmonia de Arcanos aprimorada,
252671,Harmonia fraca de brilho,
252672,Agitando a Harmonia da Radiância,
252673,Harmonia oscilante de brilho,
252674,Harmonia Estável de Radiância,
252675,Harmonia de Radiância Aprimorada,
252681,Harmonia fraca de silêncio {Param},II
252682,Agitando a Harmonia do Silêncio {Param},II
252683,Harmonia oscilante de silêncio {Param},II
252684,Harmonia Estável de Silêncio {Param},II
252685,Harmonia de Silêncio Aprimorada {Param},II
252691,Harmonia fraca de Rapidez,
252692,Agitando a Harmonia da Rapidez,
252693,Harmonia vacilante da Rapidez,
252694,Harmonia estável de rapidez,
252695,Harmonia de Rapidez Aprimorada,
252701,Harmonia emergente de proteção,
252702,Harmonia Nascente da Proteção,
252703,Despertar Harmonia da Proteção,
252704,Harmonia Aprimorada de Proteção,
252705,Contra-atacando a Harmonia da Proteção,
252706,Harmonia Reluzente de Proteção,
252707,Harmonia Resoluta de Proteção,
252711,Harmonia emergente de Arcanos,
252712,Nascente Harmonia de Arcanos,
252713,Despertar Harmonia dos Arcanos,
252714,Harmonia Aprimorada de Arcanos,
252715,Contrariando a Harmonia dos Arcanos,
252716,Brilhante Harmonia dos Arcanos,
252717,Harmonia Resoluta de Arcana,
252721,Harmonia Emergente da Radiância,
252722,Harmonia Nascente da Radiância,
252723,Despertando a Harmonia da Radiância,
252724,Harmonia Aprimorada de Radiância,
252725,Contra-atacando a Harmonia da Radiância,
252726,Harmonia Reluzente de Radiância,
252727,Harmonia Resoluta de Radiância,
252731,Harmonia Emergente do Silêncio {Param},II
252732,Harmonia Nascente do Silêncio {Param},II
252733,Despertando a Harmonia do Silêncio {Param},II
252734,Harmonia Aprimorada de Silêncio {Param},II
252735,Contra-atacando a Harmonia do Silêncio {Param},II
252736,Harmonia Reluzente de Silêncio {Param},II
252737,Harmonia Resoluta de Silêncio {Param},II
252741,Harmonia Emergente da Rapidez,
252742,Nascente da Harmonia da Rapidez,
252743,Despertando a Harmonia da Rapidez,
252744,Harmonia Aprimorada de Rapidez,
252745,Contrariando a Harmonia da Rapidez,
252746,Brilhante Harmonia de Rapidez,
252747,Harmonia Resoluta de Rapidez,
290001,Ferramenta de Blacksmith,
290002,Coleção de Blacksmith,
290003,Item querido de Blacksmith,
290004,Tesouro de Blacksmith,
290005,Blacksmith Despojos,
290006,Legado de Blacksmith,
300001,Cristal Fraco do Juramento,
300002,Preço fraco do juramento,
300003,Ferida Fraca de Juramento {Param},I
300004,Eco Agitante do Juramento,
300005,Uivo Agitante de Juramento,
300006,Cristal Ondulante do Juramento,
300007,Preço vacilante do juramento,
300008,Ferida Estável de Juramento,
300009,Eco de Juramento Aprimorado,
300010,Uivo Fluente de Juramento,
300011,Cristal do Juramento em Erupção,
300012,Fraco Preço do Destino {Param},I
300013,Ferida fraca do destino,
300014,Eco fraco do destino,
300015,Uivo Agitante do Destino,
300016,Cristal Agitante do Destino,
300017,Preço oscilante do destino,
300018,Ferida oscilante do destino,
300019,Eco de Destino Estável,
300020,Uivo do Destino Aprimorado,
300021,Cristal Fluente da Emanação Destino,
300022,Preço de destino em erupção,
300023,Ferida fraca de títulos {Param},I
300024,Eco fraco de títulos,
300025,Uivo fraco de títulos,
300026,Agitante Cristal de Obrigações,
300027,Agitadora Preço de Títulos,
300028,Ferida oscilante de ligações,
300029,Eco Ondulante de Obrigações,
300030,Uivo estável de títulos,
300031,Cristal de vínculos aprimorado,
300032,Preço Fluente de Títulos,
300033,Ferida em erupção dos laços,
300034,Eco fraco de profecia {Param},I
300035,Uivo fraco da profecia,
300036,Cristal Fraco da Profecia,
300037,Agitando o Preço da Profecia,
300038,Agitando a Ferida da Profecia,
300039,Eco oscilante de profecia,
300040,Uivo vacilante da profecia,
300041,Cristal Estável da Profecia,
300042,Preço Aprimorado de Profecia,
300043,Fluxo da Ferida da Profecia,
300044,Eco de Profecia em erupção,
300045,Uivo fraco do destino,
300046,Cristal Fraco do Destino,
300047,Fraco Preço do Destino {Param},II
300048,Agitando a Ferida do Destino,
300049,Agitando o Eco do Destino,
300050,Uivo vacilante do Destino,
300051,Cristal Ondulante do Destino,
300052,Preço Estável do Destino,
300053,Ferida do Destino Aprimorada,
300054,Eco Fluente do Destino,
300055,Uivo de Erupção do Destino,
300056,Cristal Fraco de Ligações,
300057,Fraco Preço dos Títulos,
300058,Ferida fraca de títulos {Param},II
300059,Agitando o Eco dos Vínculos,
300060,Uivo Agitante de Obrigações,
300061,Cristal Ondulante de Ligações,
300062,Preço oscilante dos títulos,
300063,Ferida Estável de Títulos,
300064,Eco de Vínculos Aprimorado,
300065,Uivo Fluente de Obrigações,
300066,Cristal de Erupção de Vínculos,
300067,Preço fraco da profecia,
300068,Ferida Fraca de Profecia,
300069,Eco fraco de profecia {Param},II
300070,Uivo Agitante de Profecia,
300071,Cristal Agitador da Profecia,
300072,Preço vacilante da profecia,
300073,Ferida Ondulante da Profecia,
300074,Eco de Profecia Estável,
300075,Uivo da Profecia Aprimorado,
300076,Cristal Fluente da Profecia,
300077,Preço de profecia em erupção,
300078,Ferida Fraca de Juramento {Param},II
300079,Eco fraco de juramento,
300080,Uivo fraco de juramento,
300081,Cristal Agitador do Juramento,
300082,Agitadora Preço de Juramento,
300083,Ferida oscilante do Juramento,
300084,Eco Ondulante do Juramento,
300085,Uivo de Juramento Estável,
300086,Cristal de Juramento Aprimorado,
300087,Fluxo do Juramento,
300088,Ferida em erupção do juramento,
300501,Ruptura de Destino Percebida {Param},I
300502,Limite do Destino Percebido {Param},I
300503,Lança do Destino Percebida {Param},I
300504,Trajetória de brotamento do destino {Param},I
300505,Conexão inicial de destino {Param},I
300506,Ruptura Turbulenta do Destino {Param},I
300507,Limite Turbulento do Destino {Param},I
300508,Lança Condensada do Destino {Param},I
300509,Trajetória Afiada do Destino {Param},I
300510,Conexão Vibrante do Destino {Param},I
300511,Ruptura Violenta do Destino {Param},I
300512,Limite percebido de títulos {Param},I
300513,Lança de Vínculos Percebida {Param},I
300514,Trajetória percebida de títulos {Param},I
300515,Conexão inicial de títulos {Param},I
300516,Ruptura Inicial de Vínculos {Param},I
300517,Limite Turbulento de Obrigações {Param},I
300518,Lança Turbulenta de Laços {Param},I
300519,Trajetória Condensada de Títulos {Param},I
300520,Sharp Connection of Bonds {Param},I
300521,Ruptura Vibrante de Laços {Param},I
300522,Limite Violento de Obrigações {Param},I
300523,Lança de Profecia Percebida {Param},I
300524,Trajetória de precisão percebida Profecia {Param},I
300525,Conexão Percebida da Profecia {Param},I
300526,Nascente Ruptura da Profecia {Param},I
300527,Limite Inicial da Profecia {Param},I
300528,Lança Turbulenta da Profecia {Param},I
300529,Trajetória Turbulenta de Profecia {Param},I
300530,Conexão Condensada de Profecia {Param},I
300531,Ruptura acentuada da profecia {Param},I
300532,Limite Vibratório da Profecia {Param},I
300533,Lança Violenta da Profecia {Param},I
300534,Trajetória de juramento percebida,
300535,Conexão percebida do juramento {Param},I
300536,Ruptura de Juramento Percebida {Param},I
300537,Limite Inicial do Juramento,
300538,Lança brotando do juramento {Param},I
300539,Trajetória Turbulenta de Juramento,
300540,Conexão Turbulenta de Juramento {Param},I
300541,Ruptura Condensada de Juramento,
300542,Limite Afiado do Juramento,
300543,Lança Vibrante de Juramento,
300544,Trajetória violenta de juramento,
300545,Conexão percebida do juramento {Param},II
300546,Ruptura de Juramento Percebida {Param},II
300547,Limite percebido do juramento,
300548,Lança brotando do juramento {Param},II
300549,Trajetória de brotamento de juramento,
300550,Conexão Turbulenta de Juramento {Param},II
300551,Ruptura Turbulenta de Juramento,
300552,Limite Condensado do Juramento,
300553,Lança Afiada do Juramento,
300554,Trajetória Vibratória do Juramento,
300555,Conexão Violenta de Juramento,
300556,Ruptura de Destino Percebida {Param},II
300557,Limite do Destino Percebido {Param},II
300558,Lança do Destino Percebida {Param},II
300559,Trajetória de brotamento do destino {Param},II
300560,Conexão inicial de destino {Param},II
300561,Ruptura Turbulenta do Destino {Param},II
300562,Limite Turbulento do Destino {Param},II
300563,Lança Condensada do Destino {Param},II
300564,Trajetória Afiada do Destino {Param},II
300565,Conexão Vibrante do Destino {Param},II
300566,Ruptura Violenta do Destino {Param},II
300567,Limite percebido de títulos {Param},II
300568,Lança de Vínculos Percebida {Param},II
300569,Trajetória percebida de títulos {Param},II
300570,Conexão inicial de títulos {Param},II
300571,Ruptura Inicial de Vínculos {Param},II
300572,Limite Turbulento de Obrigações {Param},II
300573,Lança Turbulenta de Laços {Param},II
300574,Trajetória Condensada de Títulos {Param},II
300575,Sharp Connection of Bonds {Param},II
300576,Ruptura Vibrante de Laços {Param},II
300577,Limite Violento de Obrigações {Param},II
300578,Lança de Profecia Percebida {Param},II
300579,Trajetória de precisão percebida Profecia {Param},II
300580,Conexão Percebida da Profecia {Param},II
300581,Nascente Ruptura da Profecia {Param},II
300582,Limite Inicial da Profecia {Param},II
300583,Lança Turbulenta da Profecia {Param},II
300584,Trajetória Turbulenta de Profecia {Param},II
300585,Conexão Condensada de Profecia {Param},II
300586,Ruptura acentuada da profecia {Param},II
300587,Limite Vibratório da Profecia {Param},II
300588,Lança Violenta da Profecia {Param},II
301001,Cadeia Emergente de Juramento,
301002,Aluno Emergente do Juramento,
301003,Colar Emergente do Juramento,
301004,Nascente da Verdade do Juramento,
301005,Nascente Rift of Oath,
301006,Despertar Cadeia de Juramento,
301007,Despertando Pupila do Juramento,
301008,Colar Afiado de Juramento,
301009,Contra-ataque à Verdade do Juramento,
301010,Contra-ataca à Fenda do Juramento,
301011,Corrente Reluzente de Juramento,
301012,Aluno Resoluto do Juramento,
301013,Colar Absoluto de Juramento,
301014,Verdade Emergente do Destino,
301015,Fenda Emergente do Destino,
301016,Cadeia Emergente do Destino,
301017,Aluno Nascente do Destino,
301018,Colar do Amanhecer do Destino,
301019,Despertando a Verdade do Destino,
301020,Despertar Fenda do Destino,
301021,Cadeia de Destino Afiada,
301022,Contra-aluno do Destino,
301023,Contra-Colar de Destino,
301024,Brilhante Verdade do Destino,
301025,Fenda de Destino Resoluta,
301026,Cadeia de Destino Absoluta,
301027,Aluno Emergente de Obrigações,
301028,Colar Emergente de Laços,
301029,Verdade emergente dos títulos,
301030,Nascente Rift of Bonds,
301031,Nascente Cadeia de Títulos,
301032,Despertando Pupila de Obrigações,
301033,Colar do Despertar de Vínculos,
301034,Verdade Afiada dos Obrigações,
301035,Contra-ataque à falha de títulos,
301036,Contra-ataque à Cadeia de Títulos,
301037,Aluno Reluzente de Vínculos,
301038,Resoluta Colar de Obrigações,
301039,Verdade Absoluta dos Vínculos,
301040,Fenda Emergente de Profecia,
301041,Cadeia Emergente de Profecia,
301042,Aluno Emergente da Profecia,
301043,Colar do Amanhecer da Profecia,
301044,Nascente da Verdade da Profecia,
301045,Despertando a Fenda da Profecia,
301046,Despertar Cadeia de Profecia,
301047,Aluno Afiado da Profecia,
301048,Contra-Colar da Profecia,
301049,Contra-ataque à Verdade da Profecia,
301050,Fenda Reluzente da Profecia,
301051,Cadeia de Profecia Resoluta,
301052,Aluno Absoluto da Profecia,
310001,Invasão emergente de Juramento {Param},I
310002,Invasão emergente de Juramento {Param},II
310003,Nascente Invasão do Juramento {Param},I
310004,Nascente Invasão do Juramento {Param},II
310005,Despertando a invasão do juramento {Param},I
310006,Despertando a invasão do juramento {Param},II
310007,Invasão aprimorada de juramento {Param},I
310008,Contra-atacar a invasão de juramento {Param},I
310009,Contra-atacar a invasão de juramento {Param},II
310010,Invasão Reluzente do Juramento {Param},I
310011,Invasão Resoluta do Juramento {Param},I
310012,Invasão absoluta de juramento {Param},I
310013,Invasão emergente do destino {Param},I
310014,Invasão emergente do destino {Param},II
310015,Nascente Invasão do Destino {Param},I
310016,Nascente Invasão do Destino {Param},II
310017,Despertando a invasão do destino {Param},I
310018,Despertando a invasão do destino {Param},II
310019,Invasão aprimorada do destino {Param},I
310020,Combate à invasão do destino {Param},I
310021,Combate à invasão do destino {Param},II
310022,Reluzente invasão do destino {Param},I
310023,Invasão Resoluta do Destino {Param},I
310024,Invasão Absoluta do Destino {Param},I
310025,Invasão emergente de títulos {Param},I
310026,Invasão emergente de títulos {Param},II
310027,Nascente Invasão de Títulos {Param},I
310028,Nascente Invasão de Títulos {Param},II
310029,Despertar Invasão de Obrigações {Param},I
310030,Despertar Invasão de Obrigações {Param},II
310031,Invasão aprimorada de títulos {Param},I
310032,Contra-atacar Invasão de títulos {Param},I
310033,Contra-atacar Invasão de títulos {Param},II
310034,Reluzente invasão de títulos {Param},I
310035,Invasão Resoluta de Obrigações {Param},I
310036,Invasão Absoluta de Obrigações {Param},I
310037,Invasão emergente da profecia {Param},I
310038,Invasão emergente da profecia {Param},II
310039,Nascente invasão da profecia {Param},I
310040,Nascente invasão da profecia {Param},II
310041,Despertando a invasão da profecia {Param},I
310042,Despertando a invasão da profecia {Param},II
310043,Invasão Aprimorada da Profecia {Param},I
310044,Contra-ataque à Profecia {Param},I
310045,Contra-ataque à Profecia {Param},II
310046,Invasão Reluzente da Profecia {Param},I
310047,Invasão Resoluta da Profecia {Param},I
310048,Invasão Absoluta de Profecia {Param},I
310049,Invasão emergente de Juramento {Param},III
310050,Invasão emergente de Juramento {Param},IV
310051,Nascente Invasão do Juramento {Param},III
310052,Nascente Invasão do Juramento {Param},IV
310053,Despertando a invasão do juramento {Param},III
310054,Despertando a invasão do juramento {Param},IV
310055,Invasão aprimorada de juramento {Param},II
310056,Contra-atacar a invasão de juramento {Param},III
310057,Contra-atacar a invasão de juramento {Param},IV
310058,Invasão Reluzente do Juramento {Param},II
310059,Invasão Resoluta do Juramento {Param},II
310060,Invasão absoluta de juramento {Param},II
310061,Invasão emergente do destino {Param},III
310062,Invasão emergente do destino {Param},IV
310063,Nascente Invasão do Destino {Param},III
310064,Nascente Invasão do Destino {Param},IV
310065,Despertando a invasão do destino {Param},III
310066,Despertando a invasão do destino {Param},IV
310067,Invasão aprimorada do destino {Param},II
310068,Combate à invasão do destino {Param},III
310069,Combate à invasão do destino {Param},IV
310070,Reluzente invasão do destino {Param},II
310071,Invasão Resoluta do Destino {Param},II
310072,Invasão Absoluta do Destino {Param},II
310073,Invasão emergente de títulos {Param},III
310074,Invasão emergente de títulos {Param},IV
310075,Nascente Invasão de Títulos {Param},III
310076,Nascente Invasão de Títulos {Param},IV
310077,Despertar Invasão de Obrigações {Param},III
310078,Despertar Invasão de Obrigações {Param},IV
310079,Invasão aprimorada de títulos {Param},II
310080,Contra-atacar Invasão de títulos {Param},III
310081,Contra-atacar Invasão de títulos {Param},IV
310082,Reluzente invasão de títulos {Param},II
310083,Invasão Resoluta de Obrigações {Param},II
310084,Invasão Absoluta de Obrigações {Param},II
310085,Invasão emergente da profecia {Param},III
310086,Invasão emergente da profecia {Param},IV
310087,Nascente invasão da profecia {Param},III
310088,Nascente invasão da profecia {Param},IV
310089,Despertando a invasão da profecia {Param},III
310090,Despertando a invasão da profecia {Param},IV
310091,Invasão Aprimorada da Profecia {Param},II
310092,Contra-ataque à Profecia {Param},III
310093,Contra-ataque à Profecia {Param},IV
310094,Invasão Reluzente da Profecia {Param},II
310095,Invasão Resoluta da Profecia {Param},II
310096,Invasão Absoluta de Profecia {Param},II
310097,Invasão emergente de Juramento {Param},V
310098,Invasão emergente de Juramento {Param},VI
310099,Nascente Invasão do Juramento {Param},V
310100,Nascente Invasão do Juramento {Param},VI
310101,Despertando a invasão do juramento {Param},V
310102,Despertando a invasão do juramento {Param},VI
310103,Invasão aprimorada de juramento {Param},III
310104,Contra-atacar a invasão de juramento {Param},V
310105,Contra-atacar a invasão de juramento {Param},VI
310106,Invasão Reluzente do Juramento {Param},III
310107,Invasão Resoluta do Juramento {Param},III
310108,Invasão absoluta de juramento {Param},III
310109,Invasão emergente do destino {Param},V
310110,Invasão emergente do destino {Param},VI
310111,Nascente Invasão do Destino {Param},V
310112,Nascente Invasão do Destino {Param},VI
310113,Despertando a invasão do destino {Param},V
310114,Despertando a invasão do destino {Param},VI
310115,Invasão aprimorada do destino {Param},III
310116,Combate à invasão do destino {Param},V
310117,Combate à invasão do destino {Param},VI
310118,Reluzente invasão do destino {Param},III
310119,Invasão Resoluta do Destino {Param},III
310120,Invasão Absoluta do Destino {Param},III
310121,Invasão emergente de títulos {Param},V
310122,Invasão emergente de títulos {Param},VI
310123,Nascente Invasão de Títulos {Param},V
310124,Nascente Invasão de Títulos {Param},VI
310125,Despertar Invasão de Obrigações {Param},V
310126,Despertar Invasão de Obrigações {Param},VI
310127,Invasão aprimorada de títulos {Param},III
310128,Contra-atacar Invasão de títulos {Param},V
310129,Contra-atacar Invasão de títulos {Param},VI
310130,Reluzente invasão de títulos {Param},III
310131,Invasão Resoluta de Obrigações {Param},III
310132,Invasão Absoluta de Obrigações {Param},III
310133,Invasão emergente da profecia {Param},V
310134,Invasão emergente da profecia {Param},VI
310135,Nascente invasão da profecia {Param},V
310136,Nascente invasão da profecia {Param},VI
310137,Despertando a invasão da profecia {Param},V
310138,Despertando a invasão da profecia {Param},VI
310139,Invasão Aprimorada da Profecia {Param},III
310140,Contra-ataque à Profecia {Param},V
310141,Contra-ataque à Profecia {Param},VI
310142,Invasão Reluzente da Profecia {Param},III
310143,Invasão Resoluta da Profecia {Param},III
310144,Invasão Absoluta de Profecia {Param},III
310145,Destino Ressonante do Destino {Param},I
310146,Destino Ressonante do Destino {Param},II
310147,Destino Ressonante do Destino {Param},III
310148,Superando o Destino do Destino {Param},I
310149,Superando o Destino do Destino {Param},II
310150,Despertando Destino do Destino {Param},I
310151,Despertando Destino do Destino {Param},II
310152,Adjunto Destino do Destino {Param},I
310153,Gravura Destino do Destino {Param},I
310154,Destino Ressonante do Destino {Param},IV
310155,Destino Ressonante do Destino {Param},V
310156,Destino Ressonante do Destino {Param},VI
310157,Superando o Destino do Destino {Param},III
310158,Superando o Destino do Destino {Param},IV
310159,Despertando Destino do Destino {Param},III
310160,Despertando Destino do Destino {Param},IV
310161,Adjunto Destino do Destino {Param},II
310162,Gravura Destino do Destino {Param},II
310163,Destino Ressonante do Destino {Param},VII
310164,Destino Ressonante do Destino {Param},VIII
310165,Destino Ressonante do Destino {Param},IX
310166,Superando o Destino do Destino {Param},V
310167,Superando o Destino do Destino {Param},VI
310168,Despertando Destino do Destino {Param},V
310169,Despertando Destino do Destino {Param},VI
310170,Adjunto Destino do Destino {Param},III
310171,Gravura Destino do Destino {Param},III
310172,Resonating Destiny of Prophecy {Param},I
310173,Resonating Destiny of Prophecy {Param},II
310174,Resonating Destiny of Prophecy {Param},III
310175,Superando o Destino da Profecia {Param},I
310176,Superando o Destino da Profecia {Param},II
310177,Despertador Destino da Profecia {Param},I
310178,Despertador Destino da Profecia {Param},II
310179,Adjunto Destino da Profecia {Param},I
310180,Gravura do Destino da Profecia {Param},I
310181,Resonating Destiny of Prophecy {Param},IV
310182,Resonating Destiny of Prophecy {Param},V
310183,Resonating Destiny of Prophecy {Param},VI
310184,Superando o Destino da Profecia {Param},III
310185,Superando o Destino da Profecia {Param},IV
310186,Despertador Destino da Profecia {Param},III
310187,Despertador Destino da Profecia {Param},IV
310188,Adjunto Destino da Profecia {Param},II
310189,Gravura do Destino da Profecia {Param},II
310190,Resonating Destiny of Prophecy {Param},VII
310191,Resonating Destiny of Prophecy {Param},VIII
310192,Resonating Destiny of Prophecy {Param},IX
310193,Superando o Destino da Profecia {Param},V
310194,Superando o Destino da Profecia {Param},VI
310195,Despertador Destino da Profecia {Param},V
310196,Despertador Destino da Profecia {Param},VI
310197,Adjunto Destino da Profecia {Param},III
310198,Gravura do Destino da Profecia {Param},III
310199,Destino do Juramento Ressonante {Param},I
310200,Destino do Juramento Ressonante {Param},II
310201,Destino do Juramento Ressonante {Param},III
310202,Destino do Juramento Ultrapassador {Param},I
310203,Destino do Juramento Ultrapassador {Param},II
310204,Juramento do Destino do Despertar {Param},I
310205,Juramento do Destino do Despertar {Param},II
310206,Destino do Juramento Adjunto {Param},I
310207,Destino da Gravura Juramento {Param},I
310208,Destino do Juramento Ressonante {Param},IV
310209,Destino do Juramento Ressonante {Param},V
310210,Destino do Juramento Ressonante {Param},VI
310211,Destino do Juramento Ultrapassador {Param},III
310212,Destino do Juramento Ultrapassador {Param},IV
310213,Juramento do Destino do Despertar {Param},III
310214,Juramento do Destino do Despertar {Param},IV
310215,Destino do Juramento Adjunto {Param},II
310216,Destino da Gravura Juramento {Param},II
310217,Destino do Juramento Ressonante {Param},VII
310218,Destino do Juramento Ressonante {Param},VIII
310219,Destino do Juramento Ressonante {Param},IX
310220,Destino do Juramento Ultrapassador {Param},V
310221,Destino do Juramento Ultrapassador {Param},VI
310222,Juramento do Destino do Despertar {Param},V
310223,Juramento do Destino do Despertar {Param},VI
310224,Destino do Juramento Adjunto {Param},III
310225,Destino da Gravura Juramento {Param},III
310226,Destino das Relações Ressonantes {Param},I
310227,Destino das Relações Ressonantes {Param},II
310228,Destino das Relações Ressonantes {Param},III
310229,Destino das Relações Ultrapassáveis {Param},I
310230,Destino das Relações Ultrapassáveis {Param},II
310231,Destino das Relações do Despertar {Param},I
310232,Destino das Relações do Despertar {Param},II
310233,Destino das Relações Adjuntas {Param},I
310234,Destino das Relações de Gravura {Param},I
310235,Destino das Relações Ressonantes {Param},IV
310236,Destino das Relações Ressonantes {Param},V
310237,Destino das Relações Ressonantes {Param},VI
310238,Destino das Relações Ultrapassáveis {Param},III
310239,Destino das Relações Ultrapassáveis {Param},IV
310240,Destino das Relações do Despertar {Param},III
310241,Destino das Relações do Despertar {Param},IV
310242,Destino das Relações Adjuntas {Param},II
310243,Destino das Relações de Gravura {Param},II
310244,Destino das Relações Ressonantes {Param},VII
310245,Destino das Relações Ressonantes {Param},VIII
310246,Destino das Relações Ressonantes {Param},IX
310247,Destino das Relações Ultrapassáveis {Param},V
310248,Destino das Relações Ultrapassáveis {Param},VI
310249,Destino das Relações do Despertar {Param},V
310250,Destino das Relações do Despertar {Param},VI
310251,Destino das Relações Adjuntas {Param},III
310252,Destino das Relações de Gravura {Param},III
330001,Refluxo fraco de juramento {Param},I
330002,Refluxo fraco de juramento {Param},II
330003,Refluxo fraco de juramento {Param},III
330004,Agitando o Refluxo do Juramento {Param},I
330005,Agitando o Refluxo do Juramento {Param},II
330006,Agitando o Refluxo do Juramento {Param},III
330007,Refluxo Ondulante de Juramento {Param},I
330008,Refluxo Ondulante de Juramento {Param},II
330009,Refluxo de Juramento Estável,
330010,Refluxo de Juramento Aprimorado,
330101,Escuridão Fraca do Destino {Param},I
330102,Escuridão Fraca do Destino {Param},II
330103,Escuridão Fraca do Destino {Param},III
330104,Agitando Escuridão do Destino {Param},I
330105,Agitando Escuridão do Destino {Param},II
330106,Agitando Escuridão do Destino {Param},III
330107,Escuridão Ondulante do Destino {Param},I
330108,Escuridão Ondulante do Destino {Param},II
330109,Escuridão estável do destino,
330110,Escuridão do Destino Aprimorada,
330111,Escuridão do Destino em Erupção,
330201,Sopro fraco de laços {Param},I
330202,Sopro fraco de laços {Param},II
330203,Sopro fraco de laços {Param},III
330204,Agitação do sopro dos vínculos {Param},I
330205,Agitação do sopro dos vínculos {Param},II
330206,Agitação do sopro dos vínculos {Param},III
330207,Sopro vacilante de títulos {Param},I
330208,Sopro vacilante de títulos {Param},II
330209,Respiração Estável de Ligações,
330210,Sopro de Vínculos Aprimorado,
330301,Luz Fraca da Profecia {Param},I
330302,Luz Fraca da Profecia {Param},II
330303,Luz Fraca da Profecia {Param},III
330304,Agitante Luz de Profecia {Param},I
330305,Agitante Luz de Profecia {Param},II
330306,Agitante Luz de Profecia {Param},III
330307,Luz Oscilante da Profecia {Param},I
330308,Luz Oscilante da Profecia {Param},II
330309,Luz Estável de Profecia,
330310,Luz de Profecia Aprimorada,
330401,Refluxo de juramento percebido {Param},I
330402,Refluxo de juramento percebido {Param},II
330403,Refluxo de juramento percebido {Param},III
330404,Refluxo de juramento percebido {Param},IV
330405,Broto Refluxo de Juramento {Param},I
330406,Broto Refluxo de Juramento {Param},II
330407,Broto Refluxo de Juramento {Param},III
330408,Turbulento Refluxo de Juramento {Param},I
330409,Turbulento Refluxo de Juramento {Param},II
330410,Refluxo Condensado de Juramento,
330411,Refluxo Afiado de Juramento,
330501,Escuridão do Destino Percebida {Param},I
330502,Escuridão do Destino Percebida {Param},II
330503,Escuridão do Destino Percebida {Param},III
330504,Escuridão do Destino Percebida {Param},IV
330505,Nascente Escuridão do Destino {Param},I
330506,Nascente Escuridão do Destino {Param},II
330507,Nascente Escuridão do Destino {Param},III
330508,Escuridão Turbulenta do Destino {Param},I
330509,Escuridão Turbulenta do Destino {Param},II
330510,Escuridão Condensada do Destino,
330511,Escuridão Afiada do Destino,
330601,Respiração percebida de títulos {Param},I
330602,Respiração percebida de títulos {Param},II
330603,Respiração percebida de títulos {Param},III
330604,Respiração percebida de títulos {Param},IV
330605,Respiração Inicial dos Laços {Param},I
330606,Respiração Inicial dos Laços {Param},II
330607,Respiração Inicial dos Laços {Param},III
330608,Respiração Turbulenta de Obrigações {Param},I
330609,Respiração Turbulenta de Obrigações {Param},II
330610,Sopro Condensado de Obrigações,
330611,Sopro Afiado de Obrigações,
330701,Luz da Profecia Percebida {Param},I
330702,Luz da Profecia Percebida {Param},II
330703,Luz da Profecia Percebida {Param},III
330704,Luz da Profecia Percebida {Param},IV
330705,Nascente Luz da Profecia {Param},I
330706,Nascente Luz da Profecia {Param},II
330707,Nascente Luz da Profecia {Param},III
330708,Luz Turbulenta de Profecia {Param},I
330709,Luz Turbulenta de Profecia {Param},II
330710,Luz Condensada de Profecia,
330711,Luz Afiada de Profecia,
330801,Refluxo Emergente de Juramento {Param},I
330802,Refluxo Emergente de Juramento {Param},II
330803,Refluxo Emergente de Juramento {Param},III
330804,Refluxo Emergente de Juramento {Param},IV
330805,Amanhecer Refluxo de Juramento {Param},I
330806,Amanhecer Refluxo de Juramento {Param},II
330807,Amanhecer Refluxo de Juramento {Param},III
330808,Despertando o Refluxo do Juramento {Param},I
330809,Despertando o Refluxo do Juramento {Param},II
330810,Refluxo de Juramento Afiado,
330811,Contra-Refluxo de Juramento,
330812,Refluxo Reluzente de Juramento,
330813,Resoluto Refluxo de Juramento,
330814,Refluxo Absoluto de Juramento,
330901,Escuridão Emergente do Destino {Param},I
330902,Escuridão Emergente do Destino {Param},II
330903,Escuridão Emergente do Destino {Param},III
330904,Escuridão Emergente do Destino {Param},IV
330905,Nascente da Escuridão do Destino {Param},I
330906,Nascente da Escuridão do Destino {Param},II
330907,Nascente da Escuridão do Destino {Param},III
330908,Despertando a Escuridão do Destino {Param},I
330909,Despertando a Escuridão do Destino {Param},II
330910,Escuridão aprimorada do destino,
330911,Contra-ataque à Escuridão do Destino,
330912,Escuridão Reluzente do Destino,
330913,Escuridão Resoluta do Destino,
330914,Escuridão Absoluta do Destino,
331001,Emerging Breath of Bonds {Param},I
331002,Emerging Breath of Bonds {Param},II
331003,Emerging Breath of Bonds {Param},III
331004,Emerging Breath of Bonds {Param},IV
331005,Sopro Nascente de Obrigações {Param},I
331006,Sopro Nascente de Obrigações {Param},II
331007,Sopro Nascente de Obrigações {Param},III
331008,Sopro do Despertar dos Obrigações {Param},I
331009,Sopro do Despertar dos Obrigações {Param},II
331010,Sopro de Laços Afiado,
331011,Contra-ataque ao Sopro de Vínculos,
331012,Respiração Brilhante de Ligações,
331013,Sopro Resoluto de Vínculos,
331014,Sopro Absoluto de Vínculos,
331101,Luz Emergente da Profecia {Param},I
331102,Luz Emergente da Profecia {Param},II
331103,Luz Emergente da Profecia {Param},III
331104,Luz Emergente da Profecia {Param},IV
331105,Nascente da Luz da Profecia {Param},I
331106,Nascente da Luz da Profecia {Param},II
331107,Nascente da Luz da Profecia {Param},III
331108,Despertando a Luz da Profecia {Param},I
331109,Despertando a Luz da Profecia {Param},II
331110,Luz Afiada de Profecia,
331111,Contra-Luz de Profecia,
331112,Luz Reluzente da Profecia,
331113,Resoluta Luz da Profecia,
331114,Luz Absoluta de Profecia,
331201,Asas Fracas de Juramento {Param},I
331202,Asas Fracas de Juramento {Param},II
331203,Asas Fracas de Juramento {Param},III
331204,Agitando Asas do Juramento {Param},I
331205,Agitando Asas do Juramento {Param},II
331206,Agitando Asas do Juramento {Param},III
331207,Asas vacilantes do juramento {Param},I
331208,Asas vacilantes do juramento {Param},II
331209,Asas de Juramento Estáveis,
331210,Asas de Juramento Aprimoradas,
331301,Fraca Vontade do Destino {Param},I
331302,Fraca Vontade do Destino {Param},II
331303,Fraca Vontade do Destino {Param},III
331304,Agitante Vontade do Destino {Param},I
331305,Agitante Vontade do Destino {Param},II
331306,Agitante Vontade do Destino {Param},III
331307,Vontade vacilante do destino {Param},I
331308,Vontade vacilante do destino {Param},II
331309,Vontade do Destino Estável,
331310,Vontade do Destino Aprimorada,
331311,Vontade do Destino em erupção,
331401,Anel fraco de títulos {Param},I
331402,Anel fraco de títulos {Param},II
331403,Anel fraco de títulos {Param},III
331404,Agitando o Anel de Ligações {Param},I
331405,Agitando o Anel de Ligações {Param},II
331406,Agitando o Anel de Ligações {Param},III
331407,Anel oscilante de títulos {Param},I
331408,Anel oscilante de títulos {Param},II
331409,Anel estável de títulos,
331410,Anel de títulos aprimorado,
331501,Fraca Mensagem de Profecia {Param},I
331502,Fraca Mensagem de Profecia {Param},II
331503,Fraca Mensagem de Profecia {Param},III
331504,Comovente Mensagem de Profecia {Param},I
331505,Comovente Mensagem de Profecia {Param},II
331506,Comovente Mensagem de Profecia {Param},III
331507,Mensagem vacilante de profecia {Param},I
331508,Mensagem vacilante de profecia {Param},II
331509,Mensagem Estável de Profecia,
331510,Mensagem de Profecia Aprimorada,
331601,Asas Percebidas do Juramento {Param},I
331602,Asas Percebidas do Juramento {Param},II
331603,Asas Percebidas do Juramento {Param},III
331604,Asas Percebidas do Juramento {Param},IV
331605,Nascendo Asas de Juramento {Param},I
331606,Nascendo Asas de Juramento {Param},II
331607,Nascendo Asas de Juramento {Param},III
331608,Turbulenta Asas do Juramento {Param},I
331609,Turbulenta Asas do Juramento {Param},II
331610,Asas Condensadas de Juramento,
331611,Asas Afiadas do Juramento,
331701,Vontade do Destino Percebida {Param},I
331702,Vontade do Destino Percebida {Param},II
331703,Vontade do Destino Percebida {Param},III
331704,Vontade do Destino Percebida {Param},IV
331705,Nascente Vontade do Destino {Param},I
331706,Nascente Vontade do Destino {Param},II
331707,Nascente Vontade do Destino {Param},III
331708,Vontade Turbulenta do Destino {Param},I
331709,Vontade Turbulenta do Destino {Param},II
331710,Vontade Condensada do Destino,
331711,Afiada Vontade do Destino,
331801,Anel de Obrigações Percebido {Param},I
331802,Anel de Obrigações Percebido {Param},II
331803,Anel de Obrigações Percebido {Param},III
331804,Anel de Obrigações Percebido {Param},IV
331805,Anel brotando de títulos {Param},I
331806,Anel brotando de títulos {Param},II
331807,Anel brotando de títulos {Param},III
331808,Anel Turbulento de Obrigações {Param},I
331809,Anel Turbulento de Obrigações {Param},II
331810,Anel Condensado de Obrigações,
331811,Anel Afiado de Obrigações,
331901,Mensagem de profecia percebida {Param},I
331902,Mensagem de profecia percebida {Param},II
331903,Mensagem de profecia percebida {Param},III
331904,Mensagem de profecia percebida {Param},IV
331905,Mensagem de Profecia nascente {Param},I
331906,Mensagem de Profecia nascente {Param},II
331907,Mensagem de Profecia nascente {Param},III
331908,Mensagem Turbulenta de Profecia {Param},I
331909,Mensagem Turbulenta de Profecia {Param},II
331910,Mensagem Condensada de Profecia,
331911,Mensagem Afiada de Profecia,
332001,Asas Emergentes do Juramento {Param},I
332002,Asas Emergentes do Juramento {Param},II
332003,Asas Emergentes do Juramento {Param},III
332004,Asas Emergentes do Juramento {Param},IV
332005,Asas Nascentes do Juramento {Param},I
332006,Asas Nascentes do Juramento {Param},II
332007,Asas Nascentes do Juramento {Param},III
332008,Despertando Asas do Juramento {Param},I
332009,Despertando Asas do Juramento {Param},II
332010,Asas Afiadas do Juramento,
332011,Contra-ataque às Asas de Juramento,
332012,Asas do Voto Reluzente,
332013,Asas do Voto Resoluto,
332014,Asas do Voto Absoluto,
332101,Vontade do Destino Emergente {Param},I
332102,Vontade do Destino Emergente {Param},II
332103,Vontade do Destino Emergente {Param},III
332104,Vontade do Destino Emergente {Param},IV
332105,Vontade Nascente do Destino {Param},I
332106,Vontade Nascente do Destino {Param},II
332107,Vontade Nascente do Destino {Param},III
332108,Despertando a Vontade do Destino {Param},I
332109,Despertando a Vontade do Destino {Param},II
332110,Vontade Afiada do Destino,
332111,Vontade do Destino Retaliatória,
332112,Vontade Reluzente do Destino,
332113,Vontade do Destino Resoluta,
332114,Vontade Absoluta do Destino,
332201,Anel de títulos emergentes {Param},I
332202,Anel de títulos emergentes {Param},II
332203,Anel de títulos emergentes {Param},III
332204,Anel de títulos emergentes {Param},IV
332205,Anel de títulos do amanhecer {Param},I
332206,Anel de títulos do amanhecer {Param},II
332207,Anel de títulos do amanhecer {Param},III
332208,Anel de títulos do despertar {Param},I
332209,Anel de títulos do despertar {Param},II
332210,Anel de títulos afiados,
332211,Anel de títulos de retaliação,
332212,Anel de títulos brilhantes,
332213,Anel de títulos resolutos,
332214,Anel de títulos absolutos,
332301,Mensagem Emergente de Profecia {Param},I
332302,Mensagem Emergente de Profecia {Param},II
332303,Mensagem Emergente de Profecia {Param},III
332304,Mensagem Emergente de Profecia {Param},IV
332305,Mensagem Nascente de Profecia {Param},I
332306,Mensagem Nascente de Profecia {Param},II
332307,Mensagem Nascente de Profecia {Param},III
332308,Mensagem do Despertar da Profecia {Param},I
332309,Mensagem do Despertar da Profecia {Param},II
332310,Mensagem Afiada de Profecia,
332311,Contra-Mensagem de Profecia,
332312,Mensagem Reluzente de Profecia,
332313,Resoluta Mensagem de Profecia,
332314,Mensagem Absoluta de Profecia,
332401,Corrente do Voto Fraco {Param},I
332402,Corrente do Voto Fraco {Param},II
332403,Corrente do Voto Fraco {Param},III
332404,Corrente do voto agitado {Param},I
332405,Corrente do voto agitado {Param},II
332406,Corrente do voto agitado {Param},III
332407,Corrente do voto oscilante {Param},I
332408,Corrente do voto oscilante {Param},II
332409,Corrente do voto estável,
332410,Corrente do Voto Aprimorado,
332501,Pulso fraco de Arcana do Destino {Param},I
332502,Pulso fraco de Arcana do Destino {Param},II
332503,Pulso fraco de Arcana do Destino {Param},III
332504,Pulso Agitador do Destino {Param},I
332505,Pulso Agitador do Destino {Param},II
332506,Pulso Agitador do Destino {Param},III
332507,Pulso oscilante do destino {Param},I
332508,Pulso oscilante do destino {Param},II
332509,Pulso de Destino Estável,
332510,Pulso do Destino Aprimorado,
332511,Pulso do Destino em erupção,
332601,Orientação de títulos fracos {Param},I
332602,Orientação de títulos fracos {Param},II
332603,Orientação de títulos fracos {Param},III
332604,Orientação de títulos de agitação {Param},I
332605,Orientação de títulos de agitação {Param},II
332606,Orientação de títulos de agitação {Param},III
332607,Orientação de títulos oscilantes {Param},I
332608,Orientação de títulos oscilantes {Param},II
332609,Orientação de títulos estáveis,
332610,Orientação de títulos aprimorados,
332701,Portal fraco da profecia {Param},I
332702,Portal fraco da profecia {Param},II
332703,Portal fraco da profecia {Param},III
332704,Agitando o Portal da Profecia {Param},I
332705,Agitando o Portal da Profecia {Param},II
332706,Agitando o Portal da Profecia {Param},III
332707,Portal oscilante da profecia {Param},I
332708,Portal oscilante da profecia {Param},II
332709,Portal estável da profecia,
332710,Portal de Profecia Aprimorado,
332801,Corrente do Voto Percebido {Param},I
332802,Corrente do Voto Percebido {Param},II
332803,Corrente do Voto Percebido {Param},III
332804,Corrente do Voto Percebido {Param},IV
332805,Corrente do Voto Inicial {Param},I
332806,Corrente do Voto Inicial {Param},II
332807,Corrente do Voto Inicial {Param},III
332808,Corrente do voto turbulento {Param},I
332809,Corrente do voto turbulento {Param},II
332810,Corrente do Voto Condensado,
332811,Corrente do voto agudo,
332901,Pulso do Destino Percebido {Param},I
332902,Pulso do Destino Percebido {Param},II
332903,Pulso do Destino Percebido {Param},III
332904,Pulso do Destino Percebido {Param},IV
332905,Nascente Pulso do Destino {Param},I
332906,Nascente Pulso do Destino {Param},II
332907,Nascente Pulso do Destino {Param},III
332908,Pulso Turbulento do Destino {Param},I
332909,Pulso Turbulento do Destino {Param},II
332910,Pulso Condensado do Destino,
332911,Pulso Afiado do Destino,
333001,Orientação de títulos percebidos {Param},I
333002,Orientação de títulos percebidos {Param},II
333003,Orientação de títulos percebidos {Param},III
333004,Orientação de títulos percebidos {Param},IV
333005,Orientação de títulos iniciais {Param},I
333006,Orientação de títulos iniciais {Param},II
333007,Orientação de títulos iniciais {Param},III
333008,Orientação de títulos turbulentos {Param},I
333009,Orientação de títulos turbulentos {Param},II
333010,Orientação de títulos condensados,
333011,Orientação de títulos Sharp,
333101,Portal da Profecia Percebido {Param},I
333102,Portal da Profecia Percebido {Param},II
333103,Portal da Profecia Percebido {Param},III
333104,Portal da Profecia Percebido {Param},IV
333105,Nascendo o Portal da Profecia {Param},I
333106,Nascendo o Portal da Profecia {Param},II
333107,Nascendo o Portal da Profecia {Param},III
333108,Portal Turbulento da Profecia {Param},I
333109,Portal Turbulento da Profecia {Param},II
333110,Portal Condensado da Profecia,
333111,Portal Afiado da Profecia,
333201,Corrente do Voto Emergente {Param},I
333202,Corrente do Voto Emergente {Param},II
333203,Corrente do Voto Emergente {Param},III
333204,Corrente do Voto Emergente {Param},IV
333205,Corrente do Voto Nascente {Param},I
333206,Corrente do Voto Nascente {Param},II
333207,Corrente do Voto Nascente {Param},III
333208,Corrente do Voto do Despertar {Param},I
333209,Corrente do Voto do Despertar {Param},II
333210,Corrente do Voto Honrado,
333211,Corrente do Voto Retaliatório,
333212,Corrente do Voto Reluzente,
333213,Corrente do Voto Resoluto,
333214,Corrente do Voto Absoluto,
333301,Pulso Emergente do Destino {Param},I
333302,Pulso Emergente do Destino {Param},II
333303,Pulso Emergente do Destino {Param},III
333304,Pulso Emergente do Destino {Param},IV
333305,Pulso do Amanhecer do Destino {Param},I
333306,Pulso do Amanhecer do Destino {Param},II
333307,Pulso do Amanhecer do Destino {Param},III
333308,Despertando Pulso do Destino {Param},I
333309,Despertando Pulso do Destino {Param},II
333310,Pulso Afiado do Destino,
333311,Contra-ataque ao Pulso do Destino,
333312,Pulso Reluzente do Destino,
333313,Pulso Resoluto do Destino,
333314,Pulso Absoluto do Destino,
333401,Orientação de títulos emergentes {Param},I
333402,Orientação de títulos emergentes {Param},II
333403,Orientação de títulos emergentes {Param},III
333404,Orientação de títulos emergentes {Param},IV
333405,Orientação de títulos iniciais {Param},I
333406,Orientação de títulos iniciais {Param},II
333407,Orientação de títulos iniciais {Param},III
333408,Orientação dos Laços do Despertar {Param},I
333409,Orientação dos Laços do Despertar {Param},II
333410,Orientação de títulos aprimorados Obrigações,
333411,Orientação de títulos de retaliação,
333412,Orientação de títulos brilhantes,
333413,Orientação de títulos resolutos,
333414,Orientação dos Laços Absolutos,
333501,Portal Emergente da Profecia {Param},I
333502,Portal Emergente da Profecia {Param},II
333503,Portal Emergente da Profecia {Param},III
333504,Portal Emergente da Profecia {Param},IV
333505,Portal do Amanhecer da Profecia {Param},I
333506,Portal do Amanhecer da Profecia {Param},II
333507,Portal do Amanhecer da Profecia {Param},III
333508,Despertando o Portal da Profecia {Param},I
333509,Despertando o Portal da Profecia {Param},II
333510,Portal Afiado da Profecia,
333511,Portal de Profecia Retaliatório,
333512,Portal Reluzente da Profecia,
333513,Gateway Resoluto da Profecia,
333514,Portal Absoluto de Profecia,
333601,Amanhecer fraco do destino {Param},I
333602,Amanhecer fraco do destino {Param},II
333603,Amanhecer fraco do destino {Param},III
333604,Agitando o Amanhecer do Destino {Param},I
333605,Agitando o Amanhecer do Destino {Param},II
333606,Agitando o Amanhecer do Destino {Param},III
333607,Amanhecer oscilante do destino {Param},I
333608,Amanhecer oscilante do destino {Param},II
333609,Dawn of Fate estável,
333610,Dawn of Fate aprimorada,
333611,Amanhecer do Destino em Erupção,
333701,Ressonância fraca de profecia {Param},I
333702,Ressonância fraca de profecia {Param},II
333703,Ressonância fraca de profecia {Param},III
333704,Agitante Ressonância da Profecia {Param},I
333705,Agitante Ressonância da Profecia {Param},II
333706,Agitante Ressonância da Profecia {Param},III
333707,Ressonância oscilante da profecia {Param},I
333708,Ressonância oscilante da profecia {Param},II
333709,Ressonância de Profecia Estável,
333710,Ressonância de Profecia Aprimorada,
333801,Eco fraco de Voto {Param},I
333802,Eco fraco de Voto {Param},II
333803,Eco fraco de Voto {Param},III
333804,Agitando o Eco do Voto {Param},I
333805,Agitando o Eco do Voto {Param},II
333806,Agitando o Eco do Voto {Param},III
333807,Eco oscilante do voto {Param},I
333808,Eco oscilante do voto {Param},II
333809,Eco de Voto Estável,
333810,Eco de Voto Aprimorado,
333901,Fraca oscilação de títulos {Param},I
333902,Fraca oscilação de títulos {Param},II
333903,Fraca oscilação de títulos {Param},III
333904,Agitando a Cintilação de Ligações {Param},I
333905,Agitando a Cintilação de Ligações {Param},II
333906,Agitando a Cintilação de Ligações {Param},III
333907,Cintilação oscilante de títulos {Param},I
333908,Cintilação oscilante de títulos {Param},II
333909,Cintilação Estável de Obrigações,
333910,Aprimorado Cintilação de Obrigações,
334001,Amanhecer do Destino Percebido {Param},I
334002,Amanhecer do Destino Percebido {Param},II
334003,Amanhecer do Destino Percebido {Param},III
334004,Amanhecer do Destino Percebido {Param},IV
334005,Nascente Amanhecer do Destino {Param},I
334006,Nascente Amanhecer do Destino {Param},II
334007,Nascente Amanhecer do Destino {Param},III
334008,Amanhecer Turbulento do Destino {Param},I
334009,Amanhecer Turbulento do Destino {Param},II
334010,Amanhecer Condensado do Destino,
334011,Amanhecer Afiado do Destino,
334101,Ressonância da Profecia Percebida {Param},I
334102,Ressonância da Profecia Percebida {Param},II
334103,Ressonância da Profecia Percebida {Param},III
334104,Ressonância da Profecia Percebida {Param},IV
334105,Nascimento de Ressonância de Profecia {Param},I
334106,Nascimento de Ressonância de Profecia {Param},II
334107,Nascimento de Ressonância de Profecia {Param},III
334108,Ressonância Turbulenta de Profecia {Param},I
334109,Ressonância Turbulenta de Profecia {Param},II
334110,Ressonância Condensada de Profecia,
334111,Afiada Ressonância da Profecia,
334201,Eco percebido do voto {Param},I
334202,Eco percebido do voto {Param},II
334203,Eco percebido do voto {Param},III
334204,Eco percebido do voto {Param},IV
334205,Eco de Nascimento dos Votos {Param},I
334206,Eco de Nascimento dos Votos {Param},II
334207,Eco de Nascimento dos Votos {Param},III
334208,Eco Turbulento de Voto {Param},I
334209,Eco Turbulento de Voto {Param},II
334210,Eco Condensado de Voto,
334211,Eco Afiado de Voto,
334301,Cintilação percebida de títulos {Param},I
334302,Cintilação percebida de títulos {Param},II
334303,Cintilação percebida de títulos {Param},III
334304,Cintilação percebida de títulos {Param},IV
334305,Nascente Cintilação de Vínculos {Param},I
334306,Nascente Cintilação de Vínculos {Param},II
334307,Nascente Cintilação de Vínculos {Param},III
334308,Cintilação Turbulenta de Obrigações {Param},I
334309,Cintilação Turbulenta de Obrigações {Param},II
334310,Cintilação Condensada de Ligações,
334311,Cintilação Afiada de Ligações,
334401,Amanhecer Emergente do Destino {Param},I
334402,Amanhecer Emergente do Destino {Param},II
334403,Amanhecer Emergente do Destino {Param},III
334404,Amanhecer Emergente do Destino {Param},IV
334405,Amanhecer do Amanhecer do Destino {Param},I
334406,Amanhecer do Amanhecer do Destino {Param},II
334407,Amanhecer do Amanhecer do Destino {Param},III
334408,Despertando a Aurora do Destino {Param},I
334409,Despertando a Aurora do Destino {Param},II
334410,Aprimorado Dawn of Fate,
334411,Contra-ataque ao Amanhecer do Destino,
334412,Amanhecer Reluzente do Destino,
334413,Resoluta Alvorecer do Destino,
334414,Amanhecer absoluto do destino,
334501,Ressonância Emergente de Profecia {Param},I
334502,Ressonância Emergente de Profecia {Param},II
334503,Ressonância Emergente de Profecia {Param},III
334504,Ressonância Emergente de Profecia {Param},IV
334505,Nascente Ressonância de Profecia {Param},I
334506,Nascente Ressonância de Profecia {Param},II
334507,Nascente Ressonância de Profecia {Param},III
334508,Despertar Ressonância de Profecia {Param},I
334509,Despertar Ressonância de Profecia {Param},II
334510,Ressonância Afiada de Profecia,
334511,Contra-ressonância de profecia,
334512,Ressonância Reluzente da Profecia,
334513,Ressonância Resoluta de Profecia,
334514,Ressonância Absoluta de Profecia,
334601,Eco de voto emergente {Param},I
334602,Eco de voto emergente {Param},II
334603,Eco de voto emergente {Param},III
334604,Eco de voto emergente {Param},IV
334605,Eco do Amanhecer do Voto {Param},I
334606,Eco do Amanhecer do Voto {Param},II
334607,Eco do Amanhecer do Voto {Param},III
334608,Eco do Despertar do Voto {Param},I
334609,Eco do Despertar do Voto {Param},II
334610,Eco de voto aprimorado,
334611,Contra-atacar o Eco do Voto,
334612,Eco Brilhante do Voto,
334613,Eco Resoluto de Voto,
334614,Eco Absoluto de Voto,
334701,Cintilação Emergente de Obrigações {Param},I
334702,Cintilação Emergente de Obrigações {Param},II
334703,Cintilação Emergente de Obrigações {Param},III
334704,Cintilação Emergente de Obrigações {Param},IV
334705,Amanhecer Cintilação de Vínculos {Param},I
334706,Amanhecer Cintilação de Vínculos {Param},II
334707,Amanhecer Cintilação de Vínculos {Param},III
334708,Despertando Cintilação de Obrigações {Param},I
334709,Despertando Cintilação de Obrigações {Param},II
334710,Cintilação aprimorada de vínculos,
334711,Contra-travar a cintilação de vínculos,
334712,Cintilação Reluzente de Obrigações,
334713,Cintilação Resoluta de Obrigações,
334714,Cintilação Absoluta de Obrigações,
450001,Equilíbrio fraco do destino {Param},I
450002,Equilíbrio oscilante do destino {Param},I
450003,Equilíbrio Estável do Destino {Param},I
450004,Equilíbrio de destino aprimorado {Param},I
450101,Saldo emergente de destino {Param},I
450102,Nascente do equilíbrio do destino {Param},I
450103,Despertando o Equilíbrio do Destino {Param},I
450104,Equilíbrio Aprimorado de Destino {Param},I
450105,Contrabalanço de Destino {Param},I
450106,Brilhante Equilíbrio do Destino {Param},I
450107,Balanço de Destino Resoluto {Param},I
450108,Equilíbrio absoluto do destino {Param},I
450201,Fraco equilíbrio de profecia {Param},I
450202,Equilíbrio oscilante de profecia {Param},I
450203,Equilíbrio Estável da Profecia {Param},I
450204,Equilíbrio de profecia aprimorado {Param},I
450301,Saldo de votos fracos {Param},I
450302,Saldo de votos vacilantes {Param},I
450303,Saldo de votos estáveis {Param},I
450304,Saldo de votos aprimorados {Param},I
450401,Saldo de votos emergentes {Param},I
450402,Saldo de Voto Amanhecedor {Param},I
450403,Saldo do Voto do Despertar {Param},I
450404,Saldo de votos aprimorados {Param},I
450405,Saldo de votos de retaliação {Param},I
450406,Saldo de votos brilhantes {Param},I
450407,Saldo do voto resoluto {Param},I
450408,Saldo de Voto Absoluto {Param},I
450501,Saldo de títulos fracos {Param},I
450502,Saldo de títulos vacilantes {Param},I
450503,Saldo de títulos estáveis {Param},I
450504,Saldo de títulos aprimorados {Param},I
450601,Equilíbrio do Destino Percebido {Param},I
450602,Saldo inicial de destino {Param},I
450603,Balanço Turbulento do Destino {Param},I
450604,Equilíbrio condensado do destino {Param},I
450605,Equilíbrio nítido do destino {Param},I
450701,Saldo emergente de destino {Param},II
450702,Nascente do equilíbrio do destino {Param},II
450703,Despertando o Equilíbrio do Destino {Param},II
450704,Equilíbrio Aprimorado de Destino {Param},II
450705,Contrabalanço de Destino {Param},II
450706,Brilhante Equilíbrio do Destino {Param},II
450707,Balanço de Destino Resoluto {Param},II
450708,Equilíbrio absoluto do destino {Param},II
450801,Balanço Percebido da Profecia {Param},I
450802,Nascente Saldo da Profecia {Param},I
450803,Balanço Turbulento de Profecia {Param},I
450804,Balanço Condensado de Profecia {Param},I
450805,Equilíbrio Afiado de Profecia {Param},I
450901,Balanço de Profecia Emergente {Param},I
450902,Balanço Nascente da Profecia {Param},I
450903,Despertar Equilíbrio de Profecia {Param},I
450904,Equilíbrio de profecia aprimorado {Param},I
450905,Balanço de Profecia Retaliatório {Param},I
450906,Balanço Reluzente de Profecia {Param},I
450907,Saldo Resoluto de Profecia {Param},I
450908,Equilíbrio Absoluto da Profecia {Param},I
451001,Saldo do voto percebido {Param},I
451002,Saldo do voto inicial {Param},I
451003,Saldo de votos turbulentos {Param},I
451004,Saldo de Voto Condensado {Param},I
451005,Saldo de votos afiados {Param},I
451101,Saldo de títulos percebidos {Param},I
451102,Saldo de títulos iniciais {Param},I
451103,Saldo de títulos turbulentos {Param},I
451104,Saldo dos títulos condensados {Param},I
451105,Saldo de títulos afiados {Param},I
451201,Saldo de títulos emergentes {Param},I
451202,Saldo de Títulos Amanhecedores {Param},I
451203,Saldo de Títulos do Despertar {Param},I
451204,Saldo de títulos aprimorados {Param},I
451205,Saldo de títulos de retaliação {Param},I
451206,Saldo de títulos brilhantes {Param},I
451207,Saldo dos títulos resolutos {Param},I
451208,Saldo de Títulos Absolutos {Param},I
451301,Balanço de Profecia Emergente {Param},II
451302,Balanço Nascente da Profecia {Param},II
451303,Despertar Equilíbrio de Profecia {Param},II
451304,Equilíbrio de profecia aprimorado {Param},II
451305,Balanço de Profecia Retaliatório {Param},II
451306,Balanço Reluzente de Profecia {Param},II
451307,Saldo Resoluto de Profecia {Param},II
451308,Equilíbrio Absoluto da Profecia {Param},II
451401,Saldo de votos emergentes {Param},II
451402,Saldo de Voto Amanhecedor {Param},II
451403,Saldo do Voto do Despertar {Param},II
451404,Saldo de votos aprimorados {Param},II
451405,Saldo de votos de retaliação {Param},II
451406,Saldo de votos brilhantes {Param},II
451407,Saldo do voto resoluto {Param},II
451408,Saldo de Voto Absoluto {Param},II
451501,Saldo de títulos emergentes {Param},II
451502,Saldo de Títulos Amanhecedores {Param},II
451503,Saldo de Títulos do Despertar {Param},II
451504,Saldo de títulos aprimorados {Param},II
451505,Saldo de títulos de retaliação {Param},II
451506,Saldo de títulos brilhantes {Param},II
451507,Saldo dos títulos resolutos {Param},II
451508,Saldo de Títulos Absolutos {Param},II
451601,Equilíbrio fraco do destino {Param},II
451602,Equilíbrio oscilante do destino {Param},II
451603,Equilíbrio Estável do Destino {Param},II
451604,Equilíbrio de destino aprimorado {Param},II
451701,Saldo emergente de destino {Param},III
451702,Nascente do equilíbrio do destino {Param},III
451703,Despertando o Equilíbrio do Destino {Param},III
451704,Equilíbrio Aprimorado de Destino {Param},III
451705,Contrabalanço de Destino {Param},III
451706,Brilhante Equilíbrio do Destino {Param},III
451707,Balanço de Destino Resoluto {Param},III
451708,Equilíbrio absoluto do destino {Param},III
451801,Fraco equilíbrio de profecia {Param},II
451802,Equilíbrio oscilante de profecia {Param},II
451803,Equilíbrio Estável da Profecia {Param},II
451804,Equilíbrio de profecia aprimorado {Param},II
451901,Balanço de Profecia Emergente {Param},III
451902,Balanço Nascente da Profecia {Param},III
451903,Despertar Equilíbrio de Profecia {Param},III
451904,Equilíbrio de profecia aprimorado {Param},III
451905,Balanço de Profecia Retaliatório {Param},III
451906,Balanço Reluzente de Profecia {Param},III
451907,Saldo Resoluto de Profecia {Param},III
451908,Equilíbrio Absoluto da Profecia {Param},III
452001,Saldo de votos fracos {Param},II
452002,Saldo de votos vacilantes {Param},II
452003,Saldo de votos estáveis {Param},II
452004,Saldo de votos aprimorados {Param},II
452101,Saldo de votos emergentes {Param},III
452102,Saldo de Voto Amanhecedor {Param},III
452103,Saldo do Voto do Despertar {Param},III
452104,Saldo de votos aprimorados {Param},III
452105,Saldo de votos de retaliação {Param},III
452106,Saldo de votos brilhantes {Param},III
452107,Saldo do voto resoluto {Param},III
452108,Saldo de Voto Absoluto {Param},III
452201,Saldo de títulos fracos {Param},II
452202,Saldo de títulos vacilantes {Param},II
452203,Saldo de títulos estáveis {Param},II
452204,Saldo de títulos aprimorados {Param},II
452301,Saldo de títulos emergentes {Param},III
452302,Saldo de Títulos Amanhecedores {Param},III
452303,Saldo de Títulos do Despertar {Param},III
452304,Saldo de títulos aprimorados {Param},III
452305,Saldo de títulos de retaliação {Param},III
452306,Saldo de títulos brilhantes {Param},III
452307,Saldo dos títulos resolutos {Param},III
452308,Saldo de Títulos Absolutos {Param},III
452401,Equilíbrio do Destino Percebido {Param},II
452402,Saldo inicial de destino {Param},II
452403,Balanço Turbulento do Destino {Param},II
452404,Equilíbrio condensado do destino {Param},II
452405,Equilíbrio nítido do destino {Param},II
452501,Saldo emergente de destino {Param},IV
452502,Nascente do equilíbrio do destino {Param},IV
452503,Despertando o Equilíbrio do Destino {Param},IV
452504,Equilíbrio Aprimorado de Destino {Param},IV
452505,Contrabalanço de Destino {Param},IV
452506,Brilhante Equilíbrio do Destino {Param},IV
452507,Balanço de Destino Resoluto {Param},IV
452508,Equilíbrio absoluto do destino {Param},IV
452601,Balanço Percebido da Profecia {Param},II
452602,Nascente Saldo da Profecia {Param},II
452603,Balanço Turbulento de Profecia {Param},II
452604,Balanço Condensado de Profecia {Param},II
452605,Equilíbrio Afiado de Profecia {Param},II
452701,Balanço de Profecia Emergente {Param},IV
452702,Balanço Nascente da Profecia {Param},IV
452703,Despertar Equilíbrio de Profecia {Param},IV
452704,Equilíbrio de profecia aprimorado {Param},IV
452705,Balanço de Profecia Retaliatório {Param},IV
452706,Balanço Reluzente de Profecia {Param},IV
452707,Saldo Resoluto de Profecia {Param},IV
452708,Equilíbrio Absoluto da Profecia {Param},IV
452801,Saldo do voto percebido {Param},II
452802,Saldo do voto inicial {Param},II
452803,Saldo de votos turbulentos {Param},II
452804,Saldo de Voto Condensado {Param},II
452805,Saldo de votos afiados {Param},II
452901,Saldo de votos emergentes {Param},IV
452902,Saldo de Voto Amanhecedor {Param},IV
452903,Saldo do Voto do Despertar {Param},IV
452904,Saldo de votos aprimorados {Param},IV
452905,Saldo de votos de retaliação {Param},IV
452906,Saldo de votos brilhantes {Param},IV
452907,Saldo do voto resoluto {Param},IV
452908,Saldo de Voto Absoluto {Param},IV
453001,Saldo de títulos percebidos {Param},II
453002,Saldo de títulos iniciais {Param},II
453003,Saldo de títulos turbulentos {Param},II
453004,Saldo dos títulos condensados {Param},II
453005,Saldo de títulos afiados {Param},II
453101,Saldo de títulos emergentes {Param},IV
453102,Saldo de Títulos Amanhecedores {Param},IV
453103,Saldo de Títulos do Despertar {Param},IV
453104,Saldo de títulos aprimorados {Param},IV
453105,Saldo de títulos de retaliação {Param},IV
453106,Saldo de títulos brilhantes {Param},IV
453107,Saldo dos títulos resolutos {Param},IV
453108,Saldo de Títulos Absolutos {Param},IV
490001,Coleção do Artisan,
490002,Item querido do Artisan,
490003,Tesouro do Artisan,
490004,Despojos do Artisan,
490005,Legado do Artisan,
700001,Espada e Magia,
700002,Instrutor de tiro com arco duro,
700003,Paladin’s Teachings {Param},I
700004,Paladin’s Teachings {Param},II
700005,Manual de Assassinato: {Param},Iniciante
700006,Manual de Assassinato: {Param},Intermediário
700007,Divindade e Magia,
700008,Manual de Assassinato: {Param},Avançado
700009,Primeiro Passo do Aventureiro,
700010,Técnica do aventureiro habilidoso,
700501,Raiva Explosiva,
700502,Técnica da Besta,
700503,Iron Maiden,
700504,Divinity in Iron,
700505,Beast's Lâmina Sólida,
700506,Assassin Mente de,
700507,Mente do Clérigo,
700508,Assassin Quem se infiltrou na Catedral,
700509,Raiva Explosiva {Param},I
700510,Raiva Explosiva {Param},II
701001,e equipamento de Mage Cavaleiros,
701002,Archer Essentials,
701003,Divinity-Infused Equipment,
701004,Essência da Arma,
701005,Sopro da Lâmina,
701006,Aço na Borda de Mana,
701007,Ajuste da Lâmina de Prata,
701008,Aura Verdadeira da Arma,
701009,Forjando para o Campo de Batalha,
701010,Blade and Bloodlust’s End,
701011,Treinamento de Sabedoria e Fé,
701012,Divine Rota do Foco,
701013,Mana-Olhar perfurante,
701014,Primeiro passo tático,
701015,Sopro de Vontade,
701016,Instinto da Besta Selvagem,
701017,Sombra do campo de batalha,
701018,Origin of the Shield,
701019,Grito de Sangue e Honra,
701020,Ecos Sussurrantes,
701021,Dupla Oração de Proteção,
701022,Encruzilhada de sangue e escudo,
701023,Círculo Mágico no Campo de Batalha,
701024,Saldo de Arcanos e Primordiais,
701025,Ajuste Infundido pela Mente,
701501,Sopro do Bastião,
701502,Hunter's End,
701503,Baluarte Silencioso,
701504,Borda de Luz e Aço,
701505,Flecha da condenação,
701506,Centro de Todos os Olhares,
701507,Divindade Silenciosa,
701508,Marca da Justiça,
701509,Convergência do Campo de Batalha,
701510,Hino da Marcha Santa,
702001,Battlefield's Breath,
702002,Pulso de Mana,
702003,Fé Inabalável,
702004,Grito Carmesim,
702005,Respiração da Natureza,
702006,Aura Surgente,
702007,Keen Aura,
702008,Aura Fluente,
702009,Aura instável,
702010,Aura Estável,
702011,Aura Intensa,
702012,Aura Brilhante,
702013,Vasta Aura,
702014,Aura emaranhada,
702015,Pura Aura,
702016,Vontade Intensa e Aura {Param},I
702017,Vontade Intensa e Aura {Param},II
702018,Vontade Intensa e Aura {Param},III
702019,Vontade Intensa e Aura {Param},IV
702020,Vontade Intensa e Aura {Param},V
702021,Vontade Brilhante e Aura {Param},I
702022,Vontade Brilhante e Aura {Param},II
702023,Vontade Brilhante e Aura {Param},III
702024,Vontade Brilhante e Aura {Param},IV
702025,Vontade Brilhante e Aura {Param},V
702026,Pura Vontade e Aura {Param},I
702027,Pura Vontade e Aura {Param},II
702028,Pura Vontade e Aura {Param},III
702029,Pura Vontade e Aura {Param},IV
702030,Pura Vontade e Aura {Param},V
702031,Vontade e aura instáveis {Param},I
702032,Vontade e aura instáveis {Param},II
702033,Vontade e aura instáveis {Param},III
702034,Vontade e aura instáveis {Param},IV
702035,Vontade e aura instáveis {Param},V
702036,Keen Will e Aura {Param},I
702037,Keen Will e Aura {Param},II
702038,Keen Will e Aura {Param},III
702039,Keen Will e Aura {Param},IV
702040,Keen Will e Aura {Param},V
702041,Tenacious Combat {Param},I
702042,Tenacious Combat {Param},II
702043,Tenacious Combat {Param},III
702044,Tenacious Combat {Param},IV
702045,Tenacious Combat {Param},V
702046,Swift Magic {Param},I
702047,Swift Magic {Param},II
702048,Swift Magic {Param},III
702049,Swift Magic {Param},IV
702050,Swift Magic {Param},V
702051,Divine Will {Param},I
702052,Divine Will {Param},II
702053,Divine Will {Param},III
702054,Divine Will {Param},IV
702055,Divine Will {Param},V
702056,Instinto nas Sombras {Param},I
702057,Instinto nas Sombras {Param},II
702058,Instinto nas Sombras {Param},III
702059,Instinto nas Sombras {Param},IV
702060,Instinto nas Sombras {Param},V
702061,Peetrating Weakness {Param},I
702062,Peetrating Weakness {Param},II
702063,Peetrating Weakness {Param},III
702064,Peetrating Weakness {Param},IV
702065,Peetrating Weakness {Param},V
710001,Antigo Treasure Chest {Param},I
710002,Baú do Tesouro de Prata,
710003,Baú do Tesouro Dourado,
710004,Baú do Tesouro Selado,
710005,Baú desconhecido descoberto {Param},I
710006,Baú desconhecido descoberto {Param},II
710007,Tesouro Místico {Param},I
710008,Tesouro Místico {Param},II
711001,Emoção de Exploração,
711002,Jornada para o Desconhecido,
711003,Investigação da Forsaken Land,
711004,Traços de uma Civilização Perdida,
711005,Passos Antigos,
711006,Rare Mask {Param},I
711007,Rare Mask {Param},II
711008,Máscara Majestosa,
711009,Ventilador Sky-Veiling {Param},I
711010,Ventilador Sky-Veiling {Param},II
711011,Vento Abaixo dos Céus,
711012,Champion do Azure,
711013,Fragmento de Escala Resistida,
711014,Concha de Monstro Preservada,
711015,Visão radiante {Param},I
711016,Visão radiante {Param},II
711017,Zênite Radiante {Param},I
711018,Zênite Radiante {Param},II
712001,Baú de Tesouro Usado {Param},I
712002,Baú de Tesouro Usado {Param},II
712003,Antigo baú de tesouro {Param},I
712004,Antigo baú de tesouro {Param},II
712005,Baú do Tesouro Comum {Param},I
712006,Baú do Tesouro Comum {Param},II
712007,Baú do tesouro oculto {Param},I
712008,Baú do tesouro oculto {Param},II
712009,Bem-vindo Baú do Tesouro {Param},I
712010,Bem-vindo Baú do Tesouro {Param},II
712011,Baú de Tesouro Sem Nome {Param},I
712012,Baú de Tesouro Sem Nome {Param},II
712013,Baú de Tesouro Brilhante {Param},I
712014,Baú de Tesouro Brilhante {Param},II
712015,Rare Treasure Chest {Param},I
712016,Rare Treasure Chest {Param},II
712017,Precious Treasure Chest {Param},I
712018,Precious Treasure Chest {Param},II
712019,Antigo Treasure Chest {Param},II
712020,Baú de tesouro misterioso {Param},I
712021,Baú de tesouro misterioso {Param},II
712022,Baú de Tesouro Frio {Param},I
712023,Baú de Tesouro Frio {Param},II
712024,Máscara Selada,
712025,Máscara desconhecida,
712026,Moedas de Ouro e Prata,
712027,Tales of Past Heroes,
712028,Tesouro radiante,
712029,Poder da Ganância,
712030,Tesouro Brilhante,
712031,Baú misterioso,
712032,Frasco Suspeito,
712033,Majestade Além das Eras,
712034,Face de um reino esquecido,
712035,Rastreamento de Monstro Usado,
712036,Presa corroída,
712037,Relíquia de monstro desbotada,
712038,Coleção Old Fang,
712039,Relíquia de Monstro Preservada,
713001,Chave desgastada pela ferrugem,
713002,Desintegrado Bloqueio,
713003,Esquecido Vault,
713501,Chave Comum,
713502,Cofre Reforçado,
713503,Cadeado trancado,
714001,Portão Místico,
714002,Azure-Glow Vault,
714003,Bloqueio radiante,
714501,O Mundo Revisitado,
714502,Chave para a Ilusão,
714503,Selo de Ilusão {Param},I
714504,Selo de Ilusão {Param},II
714505,Coleção Lockpick Comum,
714506,Descoberta misteriosa de lockpick,
714507,Lockpick desconhecido,
720001,Tarefa do Merchant {Param},I
720002,Tarefa do Merchant {Param},II
720003,Tarefa do Merchant {Param},III
720004,Tarefa do Merchant {Param},IV
720005,Tarefa do Merchant {Param},V
720006,Solicitação do Merchant {Param},I
720007,Solicitação do Merchant {Param},II
720008,Solicitação do Merchant {Param},III
720009,Solicitação do Merchant {Param},IV
720010,Solicitação do Merchant {Param},V
720011,Comissão do Merchant {Param},I
720012,Comissão do Merchant {Param},II
720013,Comissão do Merchant {Param},III
720014,Comissão do Merchant {Param},IV
720015,Comissão do Merchant {Param},V
720016,Tarefa de Blacksmith {Param},I
720017,Tarefa de Blacksmith {Param},II
720018,Tarefa de Blacksmith {Param},III
720019,Tarefa de Blacksmith {Param},IV
720020,Tarefa de Blacksmith {Param},V
720021,Pedido de Blacksmith {Param},I
720022,Pedido de Blacksmith {Param},II
720023,Pedido de Blacksmith {Param},III
720024,Pedido de Blacksmith {Param},IV
720025,Pedido de Blacksmith {Param},V
720026,Comissão de Blacksmith {Param},I
720027,Comissão de Blacksmith {Param},II
720028,Comissão de Blacksmith {Param},III
720029,Comissão de Blacksmith {Param},IV
720030,Comissão de Blacksmith {Param},V
720031,Tarefa do Artisan {Param},I
720032,Tarefa do Artisan {Param},II
720033,Tarefa do Artisan {Param},III
720034,Tarefa do Artisan {Param},IV
720035,Tarefa do Artisan {Param},V
720036,Pedido do Artisan {Param},I
720037,Pedido do Artisan {Param},II
720038,Pedido do Artisan {Param},III
720039,Pedido do Artisan {Param},IV
720040,Pedido do Artisan {Param},V
720041,Comissão do Artisan {Param},I
720042,Comissão do Artisan {Param},II
720043,Comissão do Artisan {Param},III
720044,Comissão do Artisan {Param},IV
720045,Comissão do Artisan {Param},V
720046,Tarefa do Appraiser {Param},I
720047,Tarefa do Appraiser {Param},II
720048,Tarefa do Appraiser {Param},III
720049,Tarefa do Appraiser {Param},IV
720050,Tarefa do Appraiser {Param},V
720051,Solicitação do Appraiser {Param},I
720052,Solicitação do Appraiser {Param},II
720053,Solicitação do Appraiser {Param},III
720054,Solicitação do Appraiser {Param},IV
720055,Solicitação do Appraiser {Param},V
720056,Comissão do Appraiser {Param},I
720057,Comissão do Appraiser {Param},II
720058,Comissão do Appraiser {Param},III
720059,Comissão do Appraiser {Param},IV
720060,Comissão do Appraiser {Param},V
720061,Tarefa de Hunter {Param},I
720062,Tarefa de Hunter {Param},II
720063,Tarefa de Hunter {Param},III
720064,Tarefa de Hunter {Param},IV
720065,Tarefa de Hunter {Param},V
720066,Solicitação de Hunter {Param},I
720067,Solicitação de Hunter {Param},II
720068,Solicitação de Hunter {Param},III
720069,Solicitação de Hunter {Param},IV
720070,Solicitação de Hunter {Param},V
720071,Comissão de Hunter {Param},I
720072,Comissão de Hunter {Param},II
720073,Comissão de Hunter {Param},III
720074,Comissão de Hunter {Param},IV
720075,Comissão de Hunter {Param},V
720076,Tarefa do Explorer {Param},I
720077,Tarefa do Explorer {Param},II
720078,Tarefa do Explorer {Param},III
720079,Tarefa do Explorer {Param},IV
720080,Tarefa do Explorer {Param},V
720081,Solicitação do Explorer {Param},I
720082,Solicitação do Explorer {Param},II
720083,Solicitação do Explorer {Param},III
720084,Solicitação do Explorer {Param},IV
720085,Solicitação do Explorer {Param},V
720086,Comissão do Explorer {Param},I
720087,Comissão do Explorer {Param},II
720088,Comissão do Explorer {Param},III
720089,Comissão do Explorer {Param},IV
720090,Comissão do Explorer {Param},V
720091,Tarefa do Wayfinder {Param},I
720092,Tarefa do Wayfinder {Param},II
720093,Tarefa do Wayfinder {Param},III
720094,Tarefa do Wayfinder {Param},IV
720095,Tarefa do Wayfinder {Param},V
720096,Solicitação do Wayfinder {Param},I
720097,Solicitação do Wayfinder {Param},II
720098,Solicitação do Wayfinder {Param},III
720099,Solicitação do Wayfinder {Param},IV
720100,Solicitação do Wayfinder {Param},V
720101,Comissão do Wayfinder {Param},I
720102,Comissão do Wayfinder {Param},II
720103,Comissão do Wayfinder {Param},III
720104,Comissão do Wayfinder {Param},IV
720105,Comissão do Wayfinder {Param},V
720106,Tarefa do Merchant {Param},VI
720107,Tarefa do Merchant {Param},VII
720108,Tarefa do Merchant {Param},VIII
720109,Tarefa do Merchant {Param},IX
720110,Tarefa do Merchant {Param},X
720111,Solicitação do Merchant {Param},VI
720112,Solicitação do Merchant {Param},VII
720113,Solicitação do Merchant {Param},VIII
720114,Solicitação do Merchant {Param},IX
720115,Solicitação do Merchant {Param},X
720116,Comissão do Merchant {Param},VI
720117,Comissão do Merchant {Param},VII
720118,Comissão do Merchant {Param},VIII
720119,Comissão do Merchant {Param},IX
720120,Comissão do Merchant {Param},X
720121,Tarefa de Blacksmith {Param},VI
720122,Tarefa de Blacksmith {Param},VII
720123,Tarefa de Blacksmith {Param},VIII
720124,Tarefa de Blacksmith {Param},IX
720125,Tarefa de Blacksmith {Param},X
720126,Pedido de Blacksmith {Param},VI
720127,Pedido de Blacksmith {Param},VII
720128,Pedido de Blacksmith {Param},VIII
720129,Pedido de Blacksmith {Param},IX
720130,Pedido de Blacksmith {Param},X
720131,Comissão de Blacksmith {Param},VI
720132,Comissão de Blacksmith {Param},VII
720133,Comissão de Blacksmith {Param},VIII
720134,Comissão de Blacksmith {Param},IX
720135,Comissão de Blacksmith {Param},X
720136,Tarefa do Artisan {Param},VI
720137,Tarefa do Artisan {Param},VII
720138,Tarefa do Artisan {Param},VIII
720139,Tarefa do Artisan {Param},IX
720140,Tarefa do Artisan {Param},X
720141,Pedido do Artisan {Param},VI
720142,Pedido do Artisan {Param},VII
720143,Pedido do Artisan {Param},VIII
720144,Pedido do Artisan {Param},IX
720145,Pedido do Artisan {Param},X
720146,Comissão do Artisan {Param},VI
720147,Comissão do Artisan {Param},VII
720148,Comissão do Artisan {Param},VIII
720149,Comissão do Artisan {Param},IX
720150,Comissão do Artisan {Param},X
720151,Tarefa do Appraiser {Param},VI
720152,Tarefa do Appraiser {Param},VII
720153,Tarefa do Appraiser {Param},VIII
720154,Tarefa do Appraiser {Param},IX
720155,Tarefa do Appraiser {Param},X
720156,Solicitação do Appraiser {Param},VI
720157,Solicitação do Appraiser {Param},VII
720158,Solicitação do Appraiser {Param},VIII
720159,Solicitação do Appraiser {Param},IX
720160,Solicitação do Appraiser {Param},X
720161,Comissão do Appraiser {Param},VI
720162,Comissão do Appraiser {Param},VII
720163,Comissão do Appraiser {Param},VIII
720164,Comissão do Appraiser {Param},IX
720165,Comissão do Appraiser {Param},X
720166,Tarefa de Hunter {Param},VI
720167,Tarefa de Hunter {Param},VII
720168,Tarefa de Hunter {Param},VIII
720169,Tarefa de Hunter {Param},IX
720170,Tarefa de Hunter {Param},X
720171,Solicitação de Hunter {Param},VI
720172,Solicitação de Hunter {Param},VII
720173,Solicitação de Hunter {Param},VIII
720174,Solicitação de Hunter {Param},IX
720175,Solicitação de Hunter {Param},X
720176,Comissão de Hunter {Param},VI
720177,Comissão de Hunter {Param},VII
720178,Comissão de Hunter {Param},VIII
720179,Comissão de Hunter {Param},IX
720180,Comissão de Hunter {Param},X
720181,Tarefa do Explorer {Param},VI
720182,Tarefa do Explorer {Param},VII
720183,Tarefa do Explorer {Param},VIII
720184,Tarefa do Explorer {Param},IX
720185,Tarefa do Explorer {Param},X
720186,Solicitação do Explorer {Param},VI
720187,Solicitação do Explorer {Param},VII
720188,Solicitação do Explorer {Param},VIII
720189,Solicitação do Explorer {Param},IX
720190,Solicitação do Explorer {Param},X
720191,Comissão do Explorer {Param},VI
720192,Comissão do Explorer {Param},VII
720193,Comissão do Explorer {Param},VIII
720194,Comissão do Explorer {Param},IX
720195,Comissão do Explorer {Param},X
720196,Tarefa do Wayfinder {Param},VI
720197,Tarefa do Wayfinder {Param},VII
720198,Tarefa do Wayfinder {Param},VIII
720199,Tarefa do Wayfinder {Param},IX
720200,Tarefa do Wayfinder {Param},X
720201,Solicitação do Wayfinder {Param},VI
720202,Solicitação do Wayfinder {Param},VII
720203,Solicitação do Wayfinder {Param},VIII
720204,Solicitação do Wayfinder {Param},IX
720205,Solicitação do Wayfinder {Param},X
720206,Comissão do Wayfinder {Param},VI
720207,Comissão do Wayfinder {Param},VII
720208,Comissão do Wayfinder {Param},VIII
720209,Comissão do Wayfinder {Param},IX
720210,Comissão do Wayfinder {Param},X
730001,Águia da Glória,
730002,Aura da Águia,
730003,Wyvern Radiante,
730004,Espírito de Wyvern,
730005,Touro Desejável,
730006,Diligent Bull’s Aura,
730007,Lustrous Wolf,
730008,Aspecto do Lobo,
730009,Grifo de Bronze {Param},I
730010,Grifo de Bronze {Param},II
731001,Emblema de novato,
731002,Início do Desafiador,
731003,Nova insígnia de aventureiro,
731004,Marca do Aventureiro,
731005,Resolução do Aprendiz,
731006,Chave do Buscador,
731007,Traço do trabalhador esforçado,
731008,Sigil do Achiever,
731009,Banner do pioneiro,
731010,Gravura do Especialista,
731011,Emblema do veterano,
731012,Sigilo do Guardião,
731013,Selo do Intelectual,
731014,Essência do Explorer,
731015,Sigilo do Conquistador,
731016,Master’s Awakening,
731017,Crista do Grande Mestre,
731018,Essência do Artisan,
731019,Emblema do herói,
731020,Ornamento do Imortal,
731021,Marca do Guardião da Luz,
731022,Insígnia do Transcendente,
731023,Legado do Lendário,
731024,Ornamento Absoluto,
731025,Crista do Rei dos Deuses,
731026,Esculpido em Glória,
731027,Registro de Glória,
731028,Talento Imortal,
731029,Token de Exploit,
731030,Placa de Honra,
731031,Registro de Valor,
732001,Conheci o Merchant,
732002,Cumprimentou o Merchant,
732003,Benfeitor do Merchant,
732004,Família do Merchant,
732005,Conheci o Blacksmith,
732006,Cumprimente o Blacksmith,
732007,Benfeitor de Blacksmith,
732008,Família de Blacksmith,
732009,Conheci o Artisan,
732010,Cumprimente o Artisan,
732011,Benfeitor do Artisan,
732012,Família do Artisan,
732013,Conheci o Avaliador,
732014,Cumprimente o Avaliador,
732015,Benfeitor do avaliador,
732016,Família do avaliador,
732017,Conheci o Hunter,
732018,Cumprimentou o Hunter,
732019,Benfeitor de Hunter,
732020,Família de Hunter,
732021,Conheci o Explorer,
732022,Cumprimentou o Explorer,
732023,Benfeitor do Explorer,
732024,Família do Explorer,
732025,Conheci o Wayfinder,
732026,Cumprimentou o Wayfinder,
732027,Benfeitor do Wayfinder,
732028,Família do Wayfinder,
732029,Coleção de Hunter,
732030,Posse Premiada de Hunter,
732031,Hunter Tesouro de,
732032,Despojos de Hunter,
732033,Legado de Hunter,
732034,Coleção do Wayfinder,
732035,Item querido do Wayfinder,
732036,Tesouro do Wayfinder,
732037,Despojos do Wayfinder,
732038,Legado do Wayfinder,
732039,Coleção do avaliador,
732040,Item querido do avaliador,
732041,Tesouro do Avaliador,
732042,Despojos do Avaliador,
732043,Legado do Avaliador,
732044,Com o Merchant,
732045,Companheiro do Merchant,
732046,Aliado do Merchant,
732047,Amigo do Merchant,
732048,Com o Blacksmith,
732049,Companheiro de Blacksmith,
732050,Aliado de Blacksmith,
732051,Amigo de Blacksmith,
732052,Com o Artisan,
732053,Companheiro do Artisan,
732054,Aliado do Artisan,
732055,Amigo do Artisan,
732056,Com o Appraiser,
732057,Companheiro do Appraiser,
732058,Aliado do Appraiser,
732059,Amigo dos Avaliadores,
732060,Com o Hunter,
732061,Hunter Companheiro,
732062,Aliado de Hunter,
732063,Hunter Amigo de,
732064,Com o Explorer,
732065,Companheiro do Explorer,
732066,Aliado do Explorer,
732067,Amigo do Explorer,
732068,com o Wayfinder,
732069,Companheiro do Wayfinder,
732070,Aliado do Wayfinder,
732071,Amigo do Wayfinder,
