Id,Name,EffectDescription,SummaryEffectDescription,Param
1,Robusto,,,
2,Invencível,,,
3,Inteligente,,,
4,Morte instantânea,,,
6,Reanimar a animação,,,
7,Knock Back,,,
8,Knock Down,,,
9,Batendo na porta,,,
10,Stun,,,
11,Reanimar,,Desativado,
12,Observador,,,
20,Imortal,,,
24,"Invisível {""InvisibleInfoId"":1}",,,
25,"Invisível {""InvisibleInfoId"":99}",,,
31,"Ações restritas {""CharacterActionRestrictInfoId"":1}",,,
35,Dano Fixo (Ataque Básico),,,
36,Dano Fixo (Ataque Básico ao Jogador),,,
37,Dano Fixo (Ataque Básico ao Monstro),,,
38,Resistência a Dano Fixo (Ataque Básico),,,
39,Dano Fixo (Ataque Básico ao Jogador),,,
40,Dano Fixo (Ataque Básico ao Monstro),,,
41,Peetrating Dash,,,
42,,,,
43,,,,
44,,,,
51,Velocidade,,,
52,Fall Motion,,,
61,Burn,Dano ao longo do tempo enquanto estiver em <Red>{Param}</> estado,Danos ao longo do tempo,Burn
62,Burn,Dano ao longo do tempo enquanto estiver em <Red>{Param}</> estado,Danos ao longo do tempo,Burn
63,Burn,Dano ao longo do tempo enquanto estiver em <Red>{Param}</> estado,Danos ao longo do tempo,Burn
64,Burn,Dano ao longo do tempo enquanto estiver em <Red>{Param}</> estado,Danos ao longo do tempo,Burn
65,Burn,Dano ao longo do tempo enquanto estiver em <Red>{Param}</> estado,Danos ao longo do tempo,Burn
66,Burn,Dano ao longo do tempo enquanto estiver em <Red>{Param}</> estado,Danos ao longo do tempo,Burn
67,Burn,Dano ao longo do tempo enquanto estiver em <Red>{Param}</> estado,Danos ao longo do tempo,Burn
68,Burn,Dano ao longo do tempo enquanto estiver em <Red>{Param}</> estado,Danos ao longo do tempo,Burn
69,Burn,Dano ao longo do tempo enquanto estiver em <Red>{Param}</> estado,Danos ao longo do tempo,Burn
70,Burn,Dano ao longo do tempo enquanto estiver em <Red>{Param}</> estado,Danos ao longo do tempo,Burn
71,Freeze,Dano ao longo do tempo enquanto estiver em <Red>{Param}</> estado,Danos ao longo do tempo,Freeze
72,Freeze,Dano ao longo do tempo enquanto estiver em <Red>{Param}</> estado,Danos ao longo do tempo,Freeze
73,Freeze,Dano ao longo do tempo enquanto estiver em <Red>{Param}</> estado,Danos ao longo do tempo,Freeze
74,Freeze,Dano ao longo do tempo enquanto estiver em <Red>{Param}</> estado,Danos ao longo do tempo,Freeze
75,Freeze,Dano ao longo do tempo enquanto estiver em <Red>{Param}</> estado,Danos ao longo do tempo,Freeze
76,Freeze,Dano ao longo do tempo enquanto estiver em <Red>{Param}</> estado,Danos ao longo do tempo,Freeze
77,Freeze,Dano ao longo do tempo enquanto estiver em <Red>{Param}</> estado,Danos ao longo do tempo,Freeze
78,Freeze,Dano ao longo do tempo enquanto estiver em <Red>{Param}</> estado,Danos ao longo do tempo,Freeze
79,Freeze,Dano ao longo do tempo enquanto estiver em <Red>{Param}</> estado,Danos ao longo do tempo,Freeze
80,Freeze,Dano ao longo do tempo enquanto estiver em <Red>{Param}</> estado,Danos ao longo do tempo,Freeze
81,Poison,Dano ao longo do tempo enquanto estiver em <Red>{Param}</> estado,Danos ao longo do tempo,Poison
82,Poison,Dano ao longo do tempo enquanto estiver em <Red>{Param}</> estado,Danos ao longo do tempo,Poison
83,Poison,Dano ao longo do tempo enquanto estiver em <Red>{Param}</> estado,Danos ao longo do tempo,Poison
84,Poison,Dano ao longo do tempo enquanto estiver em <Red>{Param}</> estado,Danos ao longo do tempo,Poison
85,Poison,Dano ao longo do tempo enquanto estiver em <Red>{Param}</> estado,Danos ao longo do tempo,Poison
86,Poison,Dano ao longo do tempo enquanto estiver em <Red>{Param}</> estado,Danos ao longo do tempo,Poison
87,Poison,Dano ao longo do tempo enquanto estiver em <Red>{Param}</> estado,Danos ao longo do tempo,Poison
88,Poison,Dano ao longo do tempo enquanto estiver em <Red>{Param}</> estado,Danos ao longo do tempo,Poison
89,Poison,Dano ao longo do tempo enquanto estiver em <Red>{Param}</> estado,Danos ao longo do tempo,Poison
90,Poison,Dano ao longo do tempo enquanto estiver em <Red>{Param}</> estado,Danos ao longo do tempo,Poison
91,Bleed,Dano ao longo do tempo enquanto estiver em <Red>{Param}</> estado,Danos ao longo do tempo,Bleed
92,Bleed,Dano ao longo do tempo enquanto estiver em <Red>{Param}</> estado,Danos ao longo do tempo,Bleed
93,Bleed,Dano ao longo do tempo enquanto estiver em <Red>{Param}</> estado,Danos ao longo do tempo,Bleed
94,Bleed,Dano ao longo do tempo enquanto estiver em <Red>{Param}</> estado,Danos ao longo do tempo,Bleed
95,Bleed,Dano ao longo do tempo enquanto estiver em <Red>{Param}</> estado,Danos ao longo do tempo,Bleed
96,Bleed,Dano ao longo do tempo enquanto estiver em <Red>{Param}</> estado,Danos ao longo do tempo,Bleed
97,Bleed,Dano ao longo do tempo enquanto estiver em <Red>{Param}</> estado,Danos ao longo do tempo,Bleed
98,Bleed,Dano ao longo do tempo enquanto estiver em <Red>{Param}</> estado,Danos ao longo do tempo,Bleed
99,Bleed,Dano ao longo do tempo enquanto estiver em <Red>{Param}</> estado,Danos ao longo do tempo,Bleed
100,Bleed,Dano ao longo do tempo enquanto estiver em <Red>{Param}</> estado,Danos ao longo do tempo,Bleed
101,Stun,Desativado enquanto em <Red>{Param}</> estado,Desativado,Stun
102,Stun,Desativado enquanto em <Red>{Param}</> estado,Desativado,Stun
103,Stun,Desativado enquanto em <Red>{Param}</> estado,Desativado,Stun
104,Stun,Desativado enquanto em <Red>{Param}</> estado,Desativado,Stun
105,Stun,Desativado enquanto em <Red>{Param}</> estado,Desativado,Stun
106,Stun,Desativado enquanto em <Red>{Param}</> estado,Desativado,Stun
107,Stun,Desativado enquanto em <Red>{Param}</> estado,Desativado,Stun
108,Stun,Desativado enquanto em <Red>{Param}</> estado,Desativado,Stun
109,Stun,Desativado enquanto em <Red>{Param}</> estado,Desativado,Stun
110,Stun,Desativado enquanto em <Red>{Param}</> estado,Desativado,Stun
111,Stun,Desativado enquanto em <Red>{Param}</> estado,Desativado,Stun
112,Stun,Desativado enquanto em <Red>{Param}</> estado,Desativado,Stun
113,Stun,Desativado enquanto em <Red>{Param}</> estado,Desativado,Stun
114,Stun,Desativado enquanto em <Red>{Param}</> estado,Desativado,Stun
115,Stun,Desativado enquanto em <Red>{Param}</> estado,Desativado,Stun
116,Stun,Desativado enquanto em <Red>{Param}</> estado,Desativado,Stun
117,Stun,Desativado enquanto em <Red>{Param}</> estado,Desativado,Stun
118,Stun,Desativado enquanto em <Red>{Param}</> estado,Desativado,Stun
119,Stun,Desativado enquanto em <Red>{Param}</> estado,Desativado,Stun
120,Stun,Desativado enquanto em <Red>{Param}</> estado,Desativado,Stun
121,Stun,Desativado enquanto em <Red>{Param}</> estado,Desativado,Stun
122,Stun,Desativado enquanto em <Red>{Param}</> estado,Desativado,Stun
123,Stun,Desativado enquanto em <Red>{Param}</> estado,Desativado,Stun
124,Stun,Desativado enquanto em <Red>{Param}</> estado,Desativado,Stun
125,Stun,Desativado enquanto em <Red>{Param}</> estado,Desativado,Stun
126,Stun,Desativado enquanto em <Red>{Param}</> estado,Desativado,Stun
127,Stun,Desativado enquanto em <Red>{Param}</> estado,Desativado,Stun
128,Stun,Desativado enquanto em <Red>{Param}</> estado,Desativado,Stun
129,Stun,Desativado enquanto em <Red>{Param}</> estado,Desativado,Stun
130,Stun,Desativado enquanto em <Red>{Param}</> estado,Desativado,Stun
131,Stun,Desativado enquanto em <Red>{Param}</> estado,Desativado,Stun
132,Stun,Desativado enquanto em <Red>{Param}</> estado,Desativado,Stun
133,Stun,Desativado enquanto em <Red>{Param}</> estado,Desativado,Stun
134,Stun,Desativado enquanto em <Red>{Param}</> estado,Desativado,Stun
135,Stun,Desativado enquanto em <Red>{Param}</> estado,Desativado,Stun
136,Stun,Desativado enquanto em <Red>{Param}</> estado,Desativado,Stun
137,Stun,Desativado enquanto em <Red>{Param}</> estado,Desativado,Stun
138,Stun,Desativado enquanto em <Red>{Param}</> estado,Desativado,Stun
139,Stun,Desativado enquanto em <Red>{Param}</> estado,Desativado,Stun
140,Stun,Desativado enquanto em <Red>{Param}</> estado,Desativado,Stun
141,Stun,Desativado enquanto em <Red>{Param}</> estado,Desativado,Stun
142,Stun,Desativado enquanto em <Red>{Param}</> estado,Desativado,Stun
143,Stun,Desativado enquanto em <Red>{Param}</> estado,Desativado,Stun
144,Stun,Desativado enquanto em <Red>{Param}</> estado,Desativado,Stun
145,Stun,Desativado enquanto em <Red>{Param}</> estado,Desativado,Stun
146,Stun,Desativado enquanto em <Red>{Param}</> estado,Desativado,Stun
147,Stun,Desativado enquanto em <Red>{Param}</> estado,Desativado,Stun
148,Stun,Desativado enquanto em <Red>{Param}</> estado,Desativado,Stun
149,Stun,Desativado enquanto em <Red>{Param}</> estado,Desativado,Stun
150,Stun,Desativado enquanto em <Red>{Param}</> estado,Desativado,Stun
153,Knock Down,Desativado enquanto em <Red>{Param}</> estado,Desativado,Knock Down
154,Knock Down,Desativado enquanto em <Red>{Param}</> estado,Desativado,Knock Down
155,Knock Down,Desativado enquanto em <Red>{Param}</> estado,Desativado,Knock Down
156,Knock Down,Desativado enquanto em <Red>{Param}</> estado,Desativado,Knock Down
157,Knock Down,Desativado enquanto em <Red>{Param}</> estado,Desativado,Knock Down
158,Knock Down,Desativado enquanto em <Red>{Param}</> estado,Desativado,Knock Down
159,Knock Down,Desativado enquanto em <Red>{Param}</> estado,Desativado,Knock Down
160,Knock Down,Desativado enquanto em <Red>{Param}</> estado,Desativado,Knock Down
163,Knock Down,Desativado enquanto em <Red>{Param}</> estado,Desativado,Knock Down
164,Knock Down,Desativado enquanto em <Red>{Param}</> estado,Desativado,Knock Down
165,Knock Down,Desativado enquanto em <Red>{Param}</> estado,Desativado,Knock Down
166,Knock Down,Desativado enquanto em <Red>{Param}</> estado,Desativado,Knock Down
167,Knock Down,Desativado enquanto em <Red>{Param}</> estado,Desativado,Knock Down
168,Knock Down,Desativado enquanto em <Red>{Param}</> estado,Desativado,Knock Down
169,Knock Down,Desativado enquanto em <Red>{Param}</> estado,Desativado,Knock Down
170,Knock Down,Desativado enquanto em <Red>{Param}</> estado,Desativado,Knock Down
173,Knock Down,Desativado enquanto em <Red>{Param}</> estado,Desativado,Knock Down
174,Knock Down,Desativado enquanto em <Red>{Param}</> estado,Desativado,Knock Down
175,Knock Down,Desativado enquanto em <Red>{Param}</> estado,Desativado,Knock Down
176,Knock Down,Desativado enquanto em <Red>{Param}</> estado,Desativado,Knock Down
177,Knock Down,Desativado enquanto em <Red>{Param}</> estado,Desativado,Knock Down
178,Knock Down,Desativado enquanto em <Red>{Param}</> estado,Desativado,Knock Down
179,Knock Down,Desativado enquanto em <Red>{Param}</> estado,Desativado,Knock Down
180,Knock Down,Desativado enquanto em <Red>{Param}</> estado,Desativado,Knock Down
183,Knock Down,Desativado enquanto em <Red>{Param}</> estado,Desativado,Knock Down
184,Knock Down,Desativado enquanto em <Red>{Param}</> estado,Desativado,Knock Down
185,Knock Down,Desativado enquanto em <Red>{Param}</> estado,Desativado,Knock Down
186,Knock Down,Desativado enquanto em <Red>{Param}</> estado,Desativado,Knock Down
187,Knock Down,Desativado enquanto em <Red>{Param}</> estado,Desativado,Knock Down
188,Knock Down,Desativado enquanto em <Red>{Param}</> estado,Desativado,Knock Down
189,Knock Down,Desativado enquanto em <Red>{Param}</> estado,Desativado,Knock Down
190,Knock Down,Desativado enquanto em <Red>{Param}</> estado,Desativado,Knock Down
193,Knock Down,Desativado enquanto em <Red>{Param}</> estado,Desativado,Knock Down
194,Knock Down,Desativado enquanto em <Red>{Param}</> estado,Desativado,Knock Down
195,Knock Down,Desativado enquanto em <Red>{Param}</> estado,Desativado,Knock Down
196,Knock Down,Desativado enquanto em <Red>{Param}</> estado,Desativado,Knock Down
197,Knock Down,Desativado enquanto em <Red>{Param}</> estado,Desativado,Knock Down
198,Knock Down,Desativado enquanto em <Red>{Param}</> estado,Desativado,Knock Down
199,Knock Down,Desativado enquanto em <Red>{Param}</> estado,Desativado,Knock Down
200,Knock Down,Desativado enquanto em <Red>{Param}</> estado,Desativado,Knock Down
203,Airborne,Desativado enquanto em <Red>{Param}</> estado,Desativado,Airborne
204,Airborne,Desativado enquanto em <Red>{Param}</> estado,Desativado,Airborne
205,Airborne,Desativado enquanto em <Red>{Param}</> estado,Desativado,Airborne
206,Airborne,Desativado enquanto em <Red>{Param}</> estado,Desativado,Airborne
207,Airborne,Desativado enquanto em <Red>{Param}</> estado,Desativado,Airborne
208,Airborne,Desativado enquanto em <Red>{Param}</> estado,Desativado,Airborne
209,Airborne,Desativado enquanto em <Red>{Param}</> estado,Desativado,Airborne
210,Airborne,Desativado enquanto em <Red>{Param}</> estado,Desativado,Airborne
213,Airborne,Desativado enquanto em <Red>{Param}</> estado,Desativado,Airborne
214,Airborne,Desativado enquanto em <Red>{Param}</> estado,Desativado,Airborne
215,Airborne,Desativado enquanto em <Red>{Param}</> estado,Desativado,Airborne
216,Airborne,Desativado enquanto em <Red>{Param}</> estado,Desativado,Airborne
217,Airborne,Desativado enquanto em <Red>{Param}</> estado,Desativado,Airborne
218,Airborne,Desativado enquanto em <Red>{Param}</> estado,Desativado,Airborne
219,Airborne,Desativado enquanto em <Red>{Param}</> estado,Desativado,Airborne
220,Airborne,Desativado enquanto em <Red>{Param}</> estado,Desativado,Airborne
223,Airborne,Desativado enquanto em <Red>{Param}</> estado,Desativado,Airborne
224,Airborne,Desativado enquanto em <Red>{Param}</> estado,Desativado,Airborne
225,Airborne,Desativado enquanto em <Red>{Param}</> estado,Desativado,Airborne
226,Airborne,Desativado enquanto em <Red>{Param}</> estado,Desativado,Airborne
227,Airborne,Desativado enquanto em <Red>{Param}</> estado,Desativado,Airborne
228,Airborne,Desativado enquanto em <Red>{Param}</> estado,Desativado,Airborne
229,Airborne,Desativado enquanto em <Red>{Param}</> estado,Desativado,Airborne
230,Airborne,Desativado enquanto em <Red>{Param}</> estado,Desativado,Airborne
233,Airborne,Desativado enquanto em <Red>{Param}</> estado,Desativado,Airborne
234,Airborne,Desativado enquanto em <Red>{Param}</> estado,Desativado,Airborne
235,Airborne,Desativado enquanto em <Red>{Param}</> estado,Desativado,Airborne
236,Airborne,Desativado enquanto em <Red>{Param}</> estado,Desativado,Airborne
237,Airborne,Desativado enquanto em <Red>{Param}</> estado,Desativado,Airborne
238,Airborne,Desativado enquanto em <Red>{Param}</> estado,Desativado,Airborne
239,Airborne,Desativado enquanto em <Red>{Param}</> estado,Desativado,Airborne
240,Airborne,Desativado enquanto em <Red>{Param}</> estado,Desativado,Airborne
243,Airborne,Desativado enquanto em <Red>{Param}</> estado,Desativado,Airborne
244,Airborne,Desativado enquanto em <Red>{Param}</> estado,Desativado,Airborne
245,Airborne,Desativado enquanto em <Red>{Param}</> estado,Desativado,Airborne
246,Airborne,Desativado enquanto em <Red>{Param}</> estado,Desativado,Airborne
247,Airborne,Desativado enquanto em <Red>{Param}</> estado,Desativado,Airborne
248,Airborne,Desativado enquanto em <Red>{Param}</> estado,Desativado,Airborne
249,Airborne,Desativado enquanto em <Red>{Param}</> estado,Desativado,Airborne
250,Airborne,Desativado enquanto em <Red>{Param}</> estado,Desativado,Airborne
251,Suppression,Desativado enquanto em <Red>{Param}</> estado,Suprimido,Suppression
252,Suppression,Desativado enquanto em <Red>{Param}</> estado,Suprimido,Suppression
253,Suppression,Desativado enquanto em <Red>{Param}</> estado,Suprimido,Suppression
254,Suppression,Desativado enquanto em <Red>{Param}</> estado,Suprimido,Suppression
255,Suppression,Desativado enquanto em <Red>{Param}</> estado,Suprimido,Suppression
256,Suppression,Desativado enquanto em <Red>{Param}</> estado,Suprimido,Suppression
257,Suppression,Desativado enquanto em <Red>{Param}</> estado,Suprimido,Suppression
258,Suppression,Desativado enquanto em <Red>{Param}</> estado,Suprimido,Suppression
259,Suppression,Desativado enquanto em <Red>{Param}</> estado,Suprimido,Suppression
260,Suppression,Desativado enquanto em <Red>{Param}</> estado,Suprimido,Suppression
261,Suppression,Desativado enquanto em <Red>{Param}</> estado,Suprimido,Suppression
262,Suppression,Desativado enquanto em <Red>{Param}</> estado,Suprimido,Suppression
263,Suppression,Desativado enquanto em <Red>{Param}</> estado,Suprimido,Suppression
264,Suppression,Desativado enquanto em <Red>{Param}</> estado,Suprimido,Suppression
265,Suppression,Desativado enquanto em <Red>{Param}</> estado,Suprimido,Suppression
266,Suppression,Desativado enquanto em <Red>{Param}</> estado,Suprimido,Suppression
267,Suppression,Desativado enquanto em <Red>{Param}</> estado,Suprimido,Suppression
268,Suppression,Desativado enquanto em <Red>{Param}</> estado,Suprimido,Suppression
269,Suppression,Desativado enquanto em <Red>{Param}</> estado,Suprimido,Suppression
270,Suppression,Desativado enquanto em <Red>{Param}</> estado,Suprimido,Suppression
271,Suppression,Desativado enquanto em <Red>{Param}</> estado,Suprimido,Suppression
272,Suppression,Desativado enquanto em <Red>{Param}</> estado,Suprimido,Suppression
273,Suppression,Desativado enquanto em <Red>{Param}</> estado,Suprimido,Suppression
274,Suppression,Desativado enquanto em <Red>{Param}</> estado,Suprimido,Suppression
275,Suppression,Desativado enquanto em <Red>{Param}</> estado,Suprimido,Suppression
276,Suppression,Desativado enquanto em <Red>{Param}</> estado,Suprimido,Suppression
277,Suppression,Desativado enquanto em <Red>{Param}</> estado,Suprimido,Suppression
278,Suppression,Desativado enquanto em <Red>{Param}</> estado,Suprimido,Suppression
279,Suppression,Desativado enquanto em <Red>{Param}</> estado,Suprimido,Suppression
280,Suppression,Desativado enquanto em <Red>{Param}</> estado,Suprimido,Suppression
281,Suppression,Desativado enquanto em <Red>{Param}</> estado,Suprimido,Suppression
282,Suppression,Desativado enquanto em <Red>{Param}</> estado,Suprimido,Suppression
283,Suppression,Desativado enquanto em <Red>{Param}</> estado,Suprimido,Suppression
284,Suppression,Desativado enquanto em <Red>{Param}</> estado,Suprimido,Suppression
285,Suppression,Desativado enquanto em <Red>{Param}</> estado,Suprimido,Suppression
286,Suppression,Desativado enquanto em <Red>{Param}</> estado,Suprimido,Suppression
287,Suppression,Desativado enquanto em <Red>{Param}</> estado,Suprimido,Suppression
288,Suppression,Desativado enquanto em <Red>{Param}</> estado,Suprimido,Suppression
289,Suppression,Desativado enquanto em <Red>{Param}</> estado,Suprimido,Suppression
290,Suppression,Desativado enquanto em <Red>{Param}</> estado,Suprimido,Suppression
291,Suppression,Desativado enquanto em <Red>{Param}</> estado,Suprimido,Suppression
292,Suppression,Desativado enquanto em <Red>{Param}</> estado,Suprimido,Suppression
293,Suppression,Desativado enquanto em <Red>{Param}</> estado,Suprimido,Suppression
294,Suppression,Desativado enquanto em <Red>{Param}</> estado,Suprimido,Suppression
295,Suppression,Desativado enquanto em <Red>{Param}</> estado,Suprimido,Suppression
296,Suppression,Desativado enquanto em <Red>{Param}</> estado,Suprimido,Suppression
297,Suppression,Desativado enquanto em <Red>{Param}</> estado,Suprimido,Suppression
298,Suppression,Desativado enquanto em <Red>{Param}</> estado,Suprimido,Suppression
299,Suppression,Desativado enquanto em <Red>{Param}</> estado,Suprimido,Suppression
300,Suppression,Desativado enquanto em <Red>{Param}</> estado,Suprimido,Suppression
301,Knock Back,,,
302,Knock Back,,,
303,Knock Back,,,
304,Knock Back,,,
305,Knock Back,,,
306,Knock Back,,,
307,Knock Back,,,
308,Knock Back,,,
309,Knock Back,,,
310,Knock Back,,,
311,Knock Back,,,
312,Knock Back,,,
313,Knock Back,,,
314,Knock Back,,,
315,Knock Back,,,
316,Knock Back,,,
317,Knock Back,,,
318,Knock Back,,,
319,Knock Back,,,
320,Knock Back,,,
321,Knock Back,,,
322,Knock Back,,,
323,Knock Back,,,
324,Knock Back,,,
325,Knock Back,,,
326,Knock Back,,,
327,Knock Back,,,
328,Knock Back,,,
329,Knock Back,,,
330,Knock Back,,,
331,Knock Back,,,
332,Knock Back,,,
333,Knock Back,,,
334,Knock Back,,,
335,Knock Back,,,
336,Knock Back,,,
337,Knock Back,,,
338,Knock Back,,,
339,Knock Back,,,
340,Knock Back,,,
341,Knock Back,,,
342,Knock Back,,,
343,Knock Back,,,
344,Knock Back,,,
345,Knock Back,,,
346,Knock Back,,,
347,Knock Back,,,
348,Knock Back,,,
349,Knock Back,,,
350,Knock Back,,,
352,Shock,Desativado enquanto em <Red>{Param}</> estado,Desativado,Shock
353,Shock,Desativado enquanto em <Red>{Param}</> estado,Desativado,Shock
354,Shock,Desativado enquanto em <Red>{Param}</> estado,Desativado,Shock
355,Shock,Desativado enquanto em <Red>{Param}</> estado,Desativado,Shock
356,Shock,Desativado enquanto em <Red>{Param}</> estado,Desativado,Shock
357,Shock,Desativado enquanto em <Red>{Param}</> estado,Desativado,Shock
358,Shock,Desativado enquanto em <Red>{Param}</> estado,Desativado,Shock
359,Shock,Desativado enquanto em <Red>{Param}</> estado,Desativado,Shock
360,Shock,Desativado enquanto em <Red>{Param}</> estado,Desativado,Shock
362,Shock,Desativado enquanto em <Red>{Param}</> estado,Desativado,Shock
363,Shock,Desativado enquanto em <Red>{Param}</> estado,Desativado,Shock
364,Shock,Desativado enquanto em <Red>{Param}</> estado,Desativado,Shock
365,Shock,Desativado enquanto em <Red>{Param}</> estado,Desativado,Shock
366,Shock,Desativado enquanto em <Red>{Param}</> estado,Desativado,Shock
367,Shock,Desativado enquanto em <Red>{Param}</> estado,Desativado,Shock
368,Shock,Desativado enquanto em <Red>{Param}</> estado,Desativado,Shock
369,Shock,Desativado enquanto em <Red>{Param}</> estado,Desativado,Shock
372,Shock,Desativado enquanto em <Red>{Param}</> estado,Desativado,Shock
373,Shock,Desativado enquanto em <Red>{Param}</> estado,Desativado,Shock
374,Shock,Desativado enquanto em <Red>{Param}</> estado,Desativado,Shock
375,Shock,Desativado enquanto em <Red>{Param}</> estado,Desativado,Shock
376,Shock,Desativado enquanto em <Red>{Param}</> estado,Desativado,Shock
377,Shock,Desativado enquanto em <Red>{Param}</> estado,Desativado,Shock
378,Shock,Desativado enquanto em <Red>{Param}</> estado,Desativado,Shock
379,Shock,Desativado enquanto em <Red>{Param}</> estado,Desativado,Shock
382,Shock,Desativado enquanto em <Red>{Param}</> estado,Desativado,Shock
383,Shock,Desativado enquanto em <Red>{Param}</> estado,Desativado,Shock
384,Shock,Desativado enquanto em <Red>{Param}</> estado,Desativado,Shock
385,Shock,Desativado enquanto em <Red>{Param}</> estado,Desativado,Shock
386,Shock,Desativado enquanto em <Red>{Param}</> estado,Desativado,Shock
387,Shock,Desativado enquanto em <Red>{Param}</> estado,Desativado,Shock
388,Shock,Desativado enquanto em <Red>{Param}</> estado,Desativado,Shock
389,Shock,Desativado enquanto em <Red>{Param}</> estado,Desativado,Shock
392,Shock,Desativado enquanto em <Red>{Param}</> estado,Desativado,Shock
393,Shock,Desativado enquanto em <Red>{Param}</> estado,Desativado,Shock
394,Shock,Desativado enquanto em <Red>{Param}</> estado,Desativado,Shock
395,Shock,Desativado enquanto em <Red>{Param}</> estado,Desativado,Shock
396,Shock,Desativado enquanto em <Red>{Param}</> estado,Desativado,Shock
397,Shock,Desativado enquanto em <Red>{Param}</> estado,Desativado,Shock
398,Shock,Desativado enquanto em <Red>{Param}</> estado,Desativado,Shock
399,Shock,Desativado enquanto em <Red>{Param}</> estado,Desativado,Shock
501,Bind,Desativado enquanto em <Red>{Param}</> estado,Imobilizado,Bind
502,Bind,Desativado enquanto em <Red>{Param}</> estado,Imobilizado,Bind
503,Bind,Desativado enquanto em <Red>{Param}</> estado,Imobilizado,Bind
504,Bind,Desativado enquanto em <Red>{Param}</> estado,Imobilizado,Bind
505,Bind,Desativado enquanto em <Red>{Param}</> estado,Imobilizado,Bind
506,Bind,Desativado enquanto em <Red>{Param}</> estado,Imobilizado,Bind
507,Bind,Desativado enquanto em <Red>{Param}</> estado,Imobilizado,Bind
508,Bind,Desativado enquanto em <Red>{Param}</> estado,Imobilizado,Bind
509,Bind,Desativado enquanto em <Red>{Param}</> estado,Imobilizado,Bind
510,Bind,Desativado enquanto em <Red>{Param}</> estado,Imobilizado,Bind
511,Bind,Desativado enquanto em <Red>{Param}</> estado,Imobilizado,Bind
512,Bind,Desativado enquanto em <Red>{Param}</> estado,Imobilizado,Bind
513,Bind,Desativado enquanto em <Red>{Param}</> estado,Imobilizado,Bind
514,Bind,Desativado enquanto em <Red>{Param}</> estado,Imobilizado,Bind
515,Bind,Desativado enquanto em <Red>{Param}</> estado,Imobilizado,Bind
516,Bind,Desativado enquanto em <Red>{Param}</> estado,Imobilizado,Bind
517,Bind,Desativado enquanto em <Red>{Param}</> estado,Imobilizado,Bind
518,Bind,Desativado enquanto em <Red>{Param}</> estado,Imobilizado,Bind
519,Bind,Desativado enquanto em <Red>{Param}</> estado,Imobilizado,Bind
520,Bind,Desativado enquanto em <Red>{Param}</> estado,Imobilizado,Bind
521,Bind,Desativado enquanto em <Red>{Param}</> estado,Imobilizado,Bind
522,Bind,Desativado enquanto em <Red>{Param}</> estado,Imobilizado,Bind
523,Bind,Desativado enquanto em <Red>{Param}</> estado,Imobilizado,Bind
524,Bind,Desativado enquanto em <Red>{Param}</> estado,Imobilizado,Bind
525,Bind,Desativado enquanto em <Red>{Param}</> estado,Imobilizado,Bind
526,Bind,Desativado enquanto em <Red>{Param}</> estado,Imobilizado,Bind
527,Bind,Desativado enquanto em <Red>{Param}</> estado,Imobilizado,Bind
528,Bind,Desativado enquanto em <Red>{Param}</> estado,Imobilizado,Bind
529,Bind,Desativado enquanto em <Red>{Param}</> estado,Imobilizado,Bind
530,Bind,Desativado enquanto em <Red>{Param}</> estado,Imobilizado,Bind
531,Bind,Desativado enquanto em <Red>{Param}</> estado,Imobilizado,Bind
532,Bind,Desativado enquanto em <Red>{Param}</> estado,Imobilizado,Bind
533,Bind,Desativado enquanto em <Red>{Param}</> estado,Imobilizado,Bind
534,Bind,Desativado enquanto em <Red>{Param}</> estado,Imobilizado,Bind
535,Bind,Desativado enquanto em <Red>{Param}</> estado,Imobilizado,Bind
536,Bind,Desativado enquanto em <Red>{Param}</> estado,Imobilizado,Bind
537,Bind,Desativado enquanto em <Red>{Param}</> estado,Imobilizado,Bind
538,Bind,Desativado enquanto em <Red>{Param}</> estado,Imobilizado,Bind
539,Bind,Desativado enquanto em <Red>{Param}</> estado,Imobilizado,Bind
540,Bind,Desativado enquanto em <Red>{Param}</> estado,Imobilizado,Bind
541,Bind,Desativado enquanto em <Red>{Param}</> estado,Imobilizado,Bind
542,Bind,Desativado enquanto em <Red>{Param}</> estado,Imobilizado,Bind
543,Bind,Desativado enquanto em <Red>{Param}</> estado,Imobilizado,Bind
544,Bind,Desativado enquanto em <Red>{Param}</> estado,Imobilizado,Bind
545,Bind,Desativado enquanto em <Red>{Param}</> estado,Imobilizado,Bind
546,Bind,Desativado enquanto em <Red>{Param}</> estado,Imobilizado,Bind
547,Bind,Desativado enquanto em <Red>{Param}</> estado,Imobilizado,Bind
548,Bind,Desativado enquanto em <Red>{Param}</> estado,Imobilizado,Bind
549,Bind,Desativado enquanto em <Red>{Param}</> estado,Imobilizado,Bind
550,Bind,Desativado enquanto em <Red>{Param}</> estado,Imobilizado,Bind
551,Silence,Desativado enquanto em <Red>{Param}</> estado,Skills Desativado,Silence
552,Silence,Desativado enquanto em <Red>{Param}</> estado,Skills Desativado,Silence
553,Silence,Desativado enquanto em <Red>{Param}</> estado,Skills Desativado,Silence
554,Silence,Desativado enquanto em <Red>{Param}</> estado,Skills Desativado,Silence
555,Silence,Desativado enquanto em <Red>{Param}</> estado,Skills Desativado,Silence
556,Silence,Desativado enquanto em <Red>{Param}</> estado,Skills Desativado,Silence
557,Silence,Desativado enquanto em <Red>{Param}</> estado,Skills Desativado,Silence
558,Silence,Desativado enquanto em <Red>{Param}</> estado,Skills Desativado,Silence
559,Silence,Desativado enquanto em <Red>{Param}</> estado,Skills Desativado,Silence
560,Silence,Desativado enquanto em <Red>{Param}</> estado,Skills Desativado,Silence
561,Silence,Desativado enquanto em <Red>{Param}</> estado,Skills Desativado,Silence
562,Silence,Desativado enquanto em <Red>{Param}</> estado,Skills Desativado,Silence
563,Silence,Desativado enquanto em <Red>{Param}</> estado,Skills Desativado,Silence
564,Silence,Desativado enquanto em <Red>{Param}</> estado,Skills Desativado,Silence
565,Silence,Desativado enquanto em <Red>{Param}</> estado,Skills Desativado,Silence
566,Silence,Desativado enquanto em <Red>{Param}</> estado,Skills Desativado,Silence
567,Silence,Desativado enquanto em <Red>{Param}</> estado,Skills Desativado,Silence
568,Silence,Desativado enquanto em <Red>{Param}</> estado,Skills Desativado,Silence
569,Silence,Desativado enquanto em <Red>{Param}</> estado,Skills Desativado,Silence
570,Silence,Desativado enquanto em <Red>{Param}</> estado,Skills Desativado,Silence
571,Silence,Desativado enquanto em <Red>{Param}</> estado,Skills Desativado,Silence
572,Silence,Desativado enquanto em <Red>{Param}</> estado,Skills Desativado,Silence
573,Silence,Desativado enquanto em <Red>{Param}</> estado,Skills Desativado,Silence
574,Silence,Desativado enquanto em <Red>{Param}</> estado,Skills Desativado,Silence
575,Silence,Desativado enquanto em <Red>{Param}</> estado,Skills Desativado,Silence
576,Silence,Desativado enquanto em <Red>{Param}</> estado,Skills Desativado,Silence
577,Silence,Desativado enquanto em <Red>{Param}</> estado,Skills Desativado,Silence
578,Silence,Desativado enquanto em <Red>{Param}</> estado,Skills Desativado,Silence
579,Silence,Desativado enquanto em <Red>{Param}</> estado,Skills Desativado,Silence
580,Silence,Desativado enquanto em <Red>{Param}</> estado,Skills Desativado,Silence
581,Silence,Desativado enquanto em <Red>{Param}</> estado,Skills Desativado,Silence
582,Silence,Desativado enquanto em <Red>{Param}</> estado,Skills Desativado,Silence
583,Silence,Desativado enquanto em <Red>{Param}</> estado,Skills Desativado,Silence
584,Silence,Desativado enquanto em <Red>{Param}</> estado,Skills Desativado,Silence
585,Silence,Desativado enquanto em <Red>{Param}</> estado,Skills Desativado,Silence
586,Silence,Desativado enquanto em <Red>{Param}</> estado,Skills Desativado,Silence
587,Silence,Desativado enquanto em <Red>{Param}</> estado,Skills Desativado,Silence
588,Silence,Desativado enquanto em <Red>{Param}</> estado,Skills Desativado,Silence
589,Silence,Desativado enquanto em <Red>{Param}</> estado,Skills Desativado,Silence
590,Silence,Desativado enquanto em <Red>{Param}</> estado,Skills Desativado,Silence
591,Silence,Desativado enquanto em <Red>{Param}</> estado,Skills Desativado,Silence
592,Silence,Desativado enquanto em <Red>{Param}</> estado,Skills Desativado,Silence
593,Silence,Desativado enquanto em <Red>{Param}</> estado,Skills Desativado,Silence
594,Silence,Desativado enquanto em <Red>{Param}</> estado,Skills Desativado,Silence
595,Silence,Desativado enquanto em <Red>{Param}</> estado,Skills Desativado,Silence
596,Silence,Desativado enquanto em <Red>{Param}</> estado,Skills Desativado,Silence
597,Silence,Desativado enquanto em <Red>{Param}</> estado,Skills Desativado,Silence
598,Silence,Desativado enquanto em <Red>{Param}</> estado,Skills Desativado,Silence
599,Silence,Desativado enquanto em <Red>{Param}</> estado,Skills Desativado,Silence
600,Silence,Desativado enquanto em <Red>{Param}</> estado,Skills Desativado,Silence
601,Blind,Desativado enquanto em <Red>{Param}</> estado,Visão bloqueada,Blind
602,Blind,Desativado enquanto em <Red>{Param}</> estado,Visão bloqueada,Blind
603,Blind,Desativado enquanto em <Red>{Param}</> estado,Visão bloqueada,Blind
604,Blind,Desativado enquanto em <Red>{Param}</> estado,Visão bloqueada,Blind
605,Blind,Desativado enquanto em <Red>{Param}</> estado,Visão bloqueada,Blind
606,Blind,Desativado enquanto em <Red>{Param}</> estado,Visão bloqueada,Blind
607,Blind,Desativado enquanto em <Red>{Param}</> estado,Visão bloqueada,Blind
608,Blind,Desativado enquanto em <Red>{Param}</> estado,Visão bloqueada,Blind
609,Blind,Desativado enquanto em <Red>{Param}</> estado,Visão bloqueada,Blind
610,Blind,Desativado enquanto em <Red>{Param}</> estado,Visão bloqueada,Blind
611,Blind,Desativado enquanto em <Red>{Param}</> estado,Visão bloqueada,Blind
612,Blind,Desativado enquanto em <Red>{Param}</> estado,Visão bloqueada,Blind
613,Blind,Desativado enquanto em <Red>{Param}</> estado,Visão bloqueada,Blind
614,Blind,Desativado enquanto em <Red>{Param}</> estado,Visão bloqueada,Blind
615,Blind,Desativado enquanto em <Red>{Param}</> estado,Visão bloqueada,Blind
616,Blind,Desativado enquanto em <Red>{Param}</> estado,Visão bloqueada,Blind
617,Blind,Desativado enquanto em <Red>{Param}</> estado,Visão bloqueada,Blind
618,Blind,Desativado enquanto em <Red>{Param}</> estado,Visão bloqueada,Blind
619,Blind,Desativado enquanto em <Red>{Param}</> estado,Visão bloqueada,Blind
620,Blind,Desativado enquanto em <Red>{Param}</> estado,Visão bloqueada,Blind
621,Blind,Desativado enquanto em <Red>{Param}</> estado,Visão bloqueada,Blind
622,Blind,Desativado enquanto em <Red>{Param}</> estado,Visão bloqueada,Blind
623,Blind,Desativado enquanto em <Red>{Param}</> estado,Visão bloqueada,Blind
624,Blind,Desativado enquanto em <Red>{Param}</> estado,Visão bloqueada,Blind
625,Blind,Desativado enquanto em <Red>{Param}</> estado,Visão bloqueada,Blind
626,Blind,Desativado enquanto em <Red>{Param}</> estado,Visão bloqueada,Blind
627,Blind,Desativado enquanto em <Red>{Param}</> estado,Visão bloqueada,Blind
628,Blind,Desativado enquanto em <Red>{Param}</> estado,Visão bloqueada,Blind
629,Blind,Desativado enquanto em <Red>{Param}</> estado,Visão bloqueada,Blind
630,Blind,Desativado enquanto em <Red>{Param}</> estado,Visão bloqueada,Blind
631,Blind,Desativado enquanto em <Red>{Param}</> estado,Visão bloqueada,Blind
632,Blind,Desativado enquanto em <Red>{Param}</> estado,Visão bloqueada,Blind
633,Blind,Desativado enquanto em <Red>{Param}</> estado,Visão bloqueada,Blind
634,Blind,Desativado enquanto em <Red>{Param}</> estado,Visão bloqueada,Blind
635,Blind,Desativado enquanto em <Red>{Param}</> estado,Visão bloqueada,Blind
636,Blind,Desativado enquanto em <Red>{Param}</> estado,Visão bloqueada,Blind
637,Blind,Desativado enquanto em <Red>{Param}</> estado,Visão bloqueada,Blind
638,Blind,Desativado enquanto em <Red>{Param}</> estado,Visão bloqueada,Blind
639,Blind,Desativado enquanto em <Red>{Param}</> estado,Visão bloqueada,Blind
640,Blind,Desativado enquanto em <Red>{Param}</> estado,Visão bloqueada,Blind
641,Blind,Desativado enquanto em <Red>{Param}</> estado,Visão bloqueada,Blind
642,Blind,Desativado enquanto em <Red>{Param}</> estado,Visão bloqueada,Blind
643,Blind,Desativado enquanto em <Red>{Param}</> estado,Visão bloqueada,Blind
644,Blind,Desativado enquanto em <Red>{Param}</> estado,Visão bloqueada,Blind
645,Blind,Desativado enquanto em <Red>{Param}</> estado,Visão bloqueada,Blind
646,Blind,Desativado enquanto em <Red>{Param}</> estado,Visão bloqueada,Blind
647,Blind,Desativado enquanto em <Red>{Param}</> estado,Visão bloqueada,Blind
648,Blind,Desativado enquanto em <Red>{Param}</> estado,Visão bloqueada,Blind
649,Blind,Desativado enquanto em <Red>{Param}</> estado,Visão bloqueada,Blind
650,Blind,Desativado enquanto em <Red>{Param}</> estado,Visão bloqueada,Blind
651,Freeze,Desativado enquanto em <Red>{Param}</> estado,Desativado,Freeze
652,Freeze,Desativado enquanto em <Red>{Param}</> estado,Desativado,Freeze
653,Freeze,Desativado enquanto em <Red>{Param}</> estado,Desativado,Freeze
654,Freeze,Desativado enquanto em <Red>{Param}</> estado,Desativado,Freeze
655,Freeze,Desativado enquanto em <Red>{Param}</> estado,Desativado,Freeze
656,Freeze,Desativado enquanto em <Red>{Param}</> estado,Desativado,Freeze
657,Freeze,Desativado enquanto em <Red>{Param}</> estado,Desativado,Freeze
658,Freeze,Desativado enquanto em <Red>{Param}</> estado,Desativado,Freeze
659,Freeze,Desativado enquanto em <Red>{Param}</> estado,Desativado,Freeze
660,Freeze,Desativado enquanto em <Red>{Param}</> estado,Desativado,Freeze
661,Freeze,Desativado enquanto em <Red>{Param}</> estado,Desativado,Freeze
662,Freeze,Desativado enquanto em <Red>{Param}</> estado,Desativado,Freeze
663,Freeze,Desativado enquanto em <Red>{Param}</> estado,Desativado,Freeze
664,Freeze,Desativado enquanto em <Red>{Param}</> estado,Desativado,Freeze
665,Freeze,Desativado enquanto em <Red>{Param}</> estado,Desativado,Freeze
666,Freeze,Desativado enquanto em <Red>{Param}</> estado,Desativado,Freeze
667,Freeze,Desativado enquanto em <Red>{Param}</> estado,Desativado,Freeze
668,Freeze,Desativado enquanto em <Red>{Param}</> estado,Desativado,Freeze
669,Freeze,Desativado enquanto em <Red>{Param}</> estado,Desativado,Freeze
670,Freeze,Desativado enquanto em <Red>{Param}</> estado,Desativado,Freeze
671,Freeze,Desativado enquanto em <Red>{Param}</> estado,Desativado,Freeze
672,Freeze,Desativado enquanto em <Red>{Param}</> estado,Desativado,Freeze
673,Freeze,Desativado enquanto em <Red>{Param}</> estado,Desativado,Freeze
674,Freeze,Desativado enquanto em <Red>{Param}</> estado,Desativado,Freeze
675,Freeze,Desativado enquanto em <Red>{Param}</> estado,Desativado,Freeze
676,Freeze,Desativado enquanto em <Red>{Param}</> estado,Desativado,Freeze
677,Freeze,Desativado enquanto em <Red>{Param}</> estado,Desativado,Freeze
678,Freeze,Desativado enquanto em <Red>{Param}</> estado,Desativado,Freeze
679,Freeze,Desativado enquanto em <Red>{Param}</> estado,Desativado,Freeze
680,Freeze,Desativado enquanto em <Red>{Param}</> estado,Desativado,Freeze
681,Freeze,Desativado enquanto em <Red>{Param}</> estado,Desativado,Freeze
682,Freeze,Desativado enquanto em <Red>{Param}</> estado,Desativado,Freeze
683,Freeze,Desativado enquanto em <Red>{Param}</> estado,Desativado,Freeze
684,Freeze,Desativado enquanto em <Red>{Param}</> estado,Desativado,Freeze
685,Freeze,Desativado enquanto em <Red>{Param}</> estado,Desativado,Freeze
686,Freeze,Desativado enquanto em <Red>{Param}</> estado,Desativado,Freeze
687,Freeze,Desativado enquanto em <Red>{Param}</> estado,Desativado,Freeze
688,Freeze,Desativado enquanto em <Red>{Param}</> estado,Desativado,Freeze
689,Freeze,Desativado enquanto em <Red>{Param}</> estado,Desativado,Freeze
690,Freeze,Desativado enquanto em <Red>{Param}</> estado,Desativado,Freeze
691,Freeze,Desativado enquanto em <Red>{Param}</> estado,Desativado,Freeze
692,Freeze,Desativado enquanto em <Red>{Param}</> estado,Desativado,Freeze
693,Freeze,Desativado enquanto em <Red>{Param}</> estado,Desativado,Freeze
694,Freeze,Desativado enquanto em <Red>{Param}</> estado,Desativado,Freeze
695,Freeze,Desativado enquanto em <Red>{Param}</> estado,Desativado,Freeze
696,Freeze,Desativado enquanto em <Red>{Param}</> estado,Desativado,Freeze
697,Freeze,Desativado enquanto em <Red>{Param}</> estado,Desativado,Freeze
698,Freeze,Desativado enquanto em <Red>{Param}</> estado,Desativado,Freeze
699,Freeze,Desativado enquanto em <Red>{Param}</> estado,Desativado,Freeze
700,Freeze,Desativado enquanto em <Red>{Param}</> estado,Desativado,Freeze
701,Provoke,Desativado enquanto em <Red>{Param}</> estado,Desativado e forçado a atacar,Provoke
702,Provoke,Desativado enquanto em <Red>{Param}</> estado,Desativado e forçado a atacar,Provoke
703,Provoke,Desativado enquanto em <Red>{Param}</> estado,Desativado e forçado a atacar,Provoke
704,Provoke,Desativado enquanto em <Red>{Param}</> estado,Desativado e forçado a atacar,Provoke
705,Provoke,Desativado enquanto em <Red>{Param}</> estado,Desativado e forçado a atacar,Provoke
706,Provoke,Desativado enquanto em <Red>{Param}</> estado,Desativado e forçado a atacar,Provoke
707,Provoke,Desativado enquanto em <Red>{Param}</> estado,Desativado e forçado a atacar,Provoke
708,Provoke,Desativado enquanto em <Red>{Param}</> estado,Desativado e forçado a atacar,Provoke
709,Provoke,Desativado enquanto em <Red>{Param}</> estado,Desativado e forçado a atacar,Provoke
710,Provoke,Desativado enquanto em <Red>{Param}</> estado,Desativado e forçado a atacar,Provoke
711,Provoke,Desativado enquanto em <Red>{Param}</> estado,Desativado e forçado a atacar,Provoke
712,Provoke,Desativado enquanto em <Red>{Param}</> estado,Desativado e forçado a atacar,Provoke
713,Provoke,Desativado enquanto em <Red>{Param}</> estado,Desativado e forçado a atacar,Provoke
714,Provoke,Desativado enquanto em <Red>{Param}</> estado,Desativado e forçado a atacar,Provoke
715,Provoke,Desativado enquanto em <Red>{Param}</> estado,Desativado e forçado a atacar,Provoke
716,Provoke,Desativado enquanto em <Red>{Param}</> estado,Desativado e forçado a atacar,Provoke
717,Provoke,Desativado enquanto em <Red>{Param}</> estado,Desativado e forçado a atacar,Provoke
718,Provoke,Desativado enquanto em <Red>{Param}</> estado,Desativado e forçado a atacar,Provoke
719,Provoke,Desativado enquanto em <Red>{Param}</> estado,Desativado e forçado a atacar,Provoke
720,Provoke,Desativado enquanto em <Red>{Param}</> estado,Desativado e forçado a atacar,Provoke
721,Provoke,Desativado enquanto em <Red>{Param}</> estado,Desativado e forçado a atacar,Provoke
722,Provoke,Desativado enquanto em <Red>{Param}</> estado,Desativado e forçado a atacar,Provoke
723,Provoke,Desativado enquanto em <Red>{Param}</> estado,Desativado e forçado a atacar,Provoke
724,Provoke,Desativado enquanto em <Red>{Param}</> estado,Desativado e forçado a atacar,Provoke
725,Provoke,Desativado enquanto em <Red>{Param}</> estado,Desativado e forçado a atacar,Provoke
726,Provoke,Desativado enquanto em <Red>{Param}</> estado,Desativado e forçado a atacar,Provoke
727,Provoke,Desativado enquanto em <Red>{Param}</> estado,Desativado e forçado a atacar,Provoke
728,Provoke,Desativado enquanto em <Red>{Param}</> estado,Desativado e forçado a atacar,Provoke
729,Provoke,Desativado enquanto em <Red>{Param}</> estado,Desativado e forçado a atacar,Provoke
730,Provoke,Desativado enquanto em <Red>{Param}</> estado,Desativado e forçado a atacar,Provoke
731,Provoke,Desativado enquanto em <Red>{Param}</> estado,Desativado e forçado a atacar,Provoke
732,Provoke,Desativado enquanto em <Red>{Param}</> estado,Desativado e forçado a atacar,Provoke
733,Provoke,Desativado enquanto em <Red>{Param}</> estado,Desativado e forçado a atacar,Provoke
734,Provoke,Desativado enquanto em <Red>{Param}</> estado,Desativado e forçado a atacar,Provoke
735,Provoke,Desativado enquanto em <Red>{Param}</> estado,Desativado e forçado a atacar,Provoke
736,Provoke,Desativado enquanto em <Red>{Param}</> estado,Desativado e forçado a atacar,Provoke
737,Provoke,Desativado enquanto em <Red>{Param}</> estado,Desativado e forçado a atacar,Provoke
738,Provoke,Desativado enquanto em <Red>{Param}</> estado,Desativado e forçado a atacar,Provoke
739,Provoke,Desativado enquanto em <Red>{Param}</> estado,Desativado e forçado a atacar,Provoke
740,Provoke,Desativado enquanto em <Red>{Param}</> estado,Desativado e forçado a atacar,Provoke
741,Provoke,Desativado enquanto em <Red>{Param}</> estado,Desativado e forçado a atacar,Provoke
742,Provoke,Desativado enquanto em <Red>{Param}</> estado,Desativado e forçado a atacar,Provoke
743,Provoke,Desativado enquanto em <Red>{Param}</> estado,Desativado e forçado a atacar,Provoke
744,Provoke,Desativado enquanto em <Red>{Param}</> estado,Desativado e forçado a atacar,Provoke
745,Provoke,Desativado enquanto em <Red>{Param}</> estado,Desativado e forçado a atacar,Provoke
746,Provoke,Desativado enquanto em <Red>{Param}</> estado,Desativado e forçado a atacar,Provoke
747,Provoke,Desativado enquanto em <Red>{Param}</> estado,Desativado e forçado a atacar,Provoke
748,Provoke,Desativado enquanto em <Red>{Param}</> estado,Desativado e forçado a atacar,Provoke
749,Provoke,Desativado enquanto em <Red>{Param}</> estado,Desativado e forçado a atacar,Provoke
750,Provoke,Desativado enquanto em <Red>{Param}</> estado,Desativado e forçado a atacar,Provoke
751,Mutation,"Capaz de se mover no estado <Red>{Param}</>, mas incapaz de combater",Combat indisponível,Mutation
752,Mutation,"Capaz de se mover no estado <Red>{Param}</>, mas incapaz de combater",Combat indisponível,Mutation
753,Mutation,"Capaz de se mover no estado <Red>{Param}</>, mas incapaz de combater",Combat indisponível,Mutation
754,Mutation,"Capaz de se mover no estado <Red>{Param}</>, mas incapaz de combater",Combat indisponível,Mutation
755,Mutation,"Capaz de se mover no estado <Red>{Param}</>, mas incapaz de combater",Combat indisponível,Mutation
756,Mutation,"Capaz de se mover no estado <Red>{Param}</>, mas incapaz de combater",Combat indisponível,Mutation
757,Mutation,"Capaz de se mover no estado <Red>{Param}</>, mas incapaz de combater",Combat indisponível,Mutation
758,Mutation,"Capaz de se mover no estado <Red>{Param}</>, mas incapaz de combater",Combat indisponível,Mutation
759,Mutation,"Capaz de se mover no estado <Red>{Param}</>, mas incapaz de combater",Combat indisponível,Mutation
760,Mutation,"Capaz de se mover no estado <Red>{Param}</>, mas incapaz de combater",Combat indisponível,Mutation
801,Mind Control,Desativado enquanto em <Red>{Param}</> estado,Desativado e ataca aliados,Mind Control
802,Mind Control,Desativado enquanto em <Red>{Param}</> estado,Desativado e ataca aliados,Mind Control
803,Mind Control,Desativado enquanto em <Red>{Param}</> estado,Desativado e ataca aliados,Mind Control
804,Mind Control,Desativado enquanto em <Red>{Param}</> estado,Desativado e ataca aliados,Mind Control
805,Mind Control,Desativado enquanto em <Red>{Param}</> estado,Desativado e ataca aliados,Mind Control
806,Mind Control,Desativado enquanto em <Red>{Param}</> estado,Desativado e ataca aliados,Mind Control
807,Mind Control,Desativado enquanto em <Red>{Param}</> estado,Desativado e ataca aliados,Mind Control
808,Mind Control,Desativado enquanto em <Red>{Param}</> estado,Desativado e ataca aliados,Mind Control
809,Mind Control,Desativado enquanto em <Red>{Param}</> estado,Desativado e ataca aliados,Mind Control
810,Mind Control,Desativado enquanto em <Red>{Param}</> estado,Desativado e ataca aliados,Mind Control
851,Fear,Desativado enquanto em <Red>{Param}</> estado,Desativado,Fear
852,Fear,Desativado enquanto em <Red>{Param}</> estado,Desativado,Fear
853,Fear,Desativado enquanto em <Red>{Param}</> estado,Desativado,Fear
854,Fear,Desativado enquanto em <Red>{Param}</> estado,Desativado,Fear
855,Fear,Desativado enquanto em <Red>{Param}</> estado,Desativado,Fear
856,Fear,Desativado enquanto em <Red>{Param}</> estado,Desativado,Fear
857,Fear,Desativado enquanto em <Red>{Param}</> estado,Desativado,Fear
858,Fear,Desativado enquanto em <Red>{Param}</> estado,Desativado,Fear
859,Fear,Desativado enquanto em <Red>{Param}</> estado,Desativado,Fear
860,Fear,Desativado enquanto em <Red>{Param}</> estado,Desativado,Fear
951,Imunidade ao renascer,"<Orange>Imune a danos</> Status
Removido ao atacar",Status imunológico a danos,
952,Imunidade ao renascer,"<Orange>Imune a danos</> Status
Removido ao atacar",Status imunológico a danos,
953,Imunidade ao renascer,"<Orange>Imune a danos</> Status
Removido ao atacar",Status imunológico a danos,
954,Imunidade ao renascer,"<Orange>Imune a danos</> Status
Removido ao atacar",Status imunológico a danos,
955,Imunidade ao renascer,"<Orange>Imune a danos</> Status
Removido ao atacar",Status imunológico a danos,
956,Imunidade ao renascer,"<Orange>Imune a danos</> Status
Removido ao atacar",Status imunológico a danos,
957,Imunidade ao renascer,"<Orange>Imune a danos</> Status
Removido ao atacar",Status imunológico a danos,
958,Imunidade ao renascer,"<Orange>Imune a danos</> Status
Removido ao atacar",Status imunológico a danos,
959,Imunidade ao renascer,"<Orange>Imune a danos</> Status
Removido ao atacar",Status imunológico a danos,
960,Imunidade ao renascer,"<Orange>Imune a danos</> Status
Removido ao atacar",Status imunológico a danos,
961,Imunidade ao renascer,"<Orange>Imune a danos</> Status
Removido ao atacar",Status imunológico a danos,
962,Restrito / Não Controlado pela Multidão,Desativado enquanto em <Red>{Param}</> estado,Suprimido,Suppression
963,Restringido,,Restringido,
964,Não é possível usar a poção de HP.,Não é possível usar a poção de HP.,Não é possível usar a poção de HP.,
965,Restrito / Não Controlado pela Multidão,Desativado enquanto em <Red>{Param}</> estado,Suprimido,Suppression
1000,Ciclo de Cura,"Overheal de <Orange>Ciclo de cura</> além do HP máximo convertido em Shield.
 Aumenta o poder de ataque em <Orange>{EffectParam1}</>% enquanto o Shield está ativo",,
1011,Earth Tremor,Reduz a velocidade de movimento em <Red>{EffectParam1}</>%,Lento,
1031,Preparing for Battle,Aumenta Poder de ataque em <Orange>{EffectParam1}</>,Aumenta o poder de ataque,
1041,Protection Strike,Aumenta a defesa em <Orange>{EffectParam1}</>,Melhora a defesa,
1101,Blade Surge,Reduz a Defesa em <Red>{EffectParam1}</>,Enfraquece a Defesa,
1111,Concentration,Aumenta Precisão em <Orange>{EffectParam1}</>,Aumenta o poder de ataque,
1112,Concentration,"Aumenta a Precisão em <Orange>{EffectParam1}</>
 Aumenta a Evasão em <Orange>{EffectParam2}</>",Melhora o ataque e a defesa,
1113,Concentration,"Aumenta a Precisão em <Orange>{EffectParam1}</>
 Aumenta a Evasão em <Orange>{EffectParam2}</>
 Aumenta a taxa de precisão em <Orange>{EffectParam3}</>%",Melhora o ataque e a defesa,
1121,Unleash Rage,Reduz a velocidade de movimento em <Red>{EffectParam1}</>%,Lento,
1201,Blade of Rupture,Reduz a velocidade de movimento em <Red>{EffectParam1}</>%,Lento,
1211,Physical Enhancement,aumenta a velocidade de ataque em <Orange>{EffectParam1}</>%,Aumento de velocidade de ataque,
1212,Physical Enhancement,"Aumenta a velocidade de ataque em <Orange>{EffectParam1}</>%
 Aumenta o dano de ataque básico em <Orange>{EffectParam2}</>% (dobrado em PVE)",Aumenta o poder de ataque,
1213,Physical Enhancement,"Aumenta a velocidade de ataque em <Orange>{EffectParam1}</>%
Aumenta o dano de ataque básico em <Orange>{EffectParam2}</>% (dobrado em PVE)
 Aumenta o dano de Skill em <Orange>{EffectParam3}</>% (dobrado em PVE)",Aumenta o poder de ataque,
1251,Declare Combat,,,
1252,Declare Combat,,,
1253,Declare Combat,Reduz Skill Dano de Acerto Crítico Sofrido por <Orange>{EffectParam1}</>%,Melhora a defesa,
1254,Declare Combat,"Aumenta a defesa em <Orange>{EffectParam1}</>
Reduz o dano de ataque básico recebido por <Orange>{EffectParam2}</>%",Melhora a defesa,
1255,Declare Combat,"Aumenta a defesa em <Orange>{EffectParam1}</>
Reduz o dano de ataque básico recebido por <Orange>{EffectParam2}</>%",Melhora a defesa,
1256,Declare Combat,"Aumenta a defesa em <Orange>{EffectParam1}</>
Reduz o dano de ataque básico recebido por <Orange>{EffectParam2}</>%",Melhora a defesa,
1257,Declare Combat,Reduz o Poder de Ataque em <Red>{EffectParam1}</>,reduz Poder de Ataque,
1258,Declare Combat,Reduz a velocidade de movimento em <Red>{EffectParam1}</>%,Lento,
1259,Declare Combat,Reduz a Velocidade de Ataque em <Red>{EffectParam1}</>%,Reduz a Velocidade de Ataque,
1261,Sword's Brand,"Reduz o dano causado ao lançador por <Red>{EffectParam1}</>%
Aumenta o dano recebido do lançador em <Red>{EffectParam2}</>%",Enfraquece o Ataque e a Capacidade de Sobrevivência,
1262,Sword's Brand,"Reduz o dano causado ao lançador por <Red>{EffectParam1}</>%
Aumenta o dano recebido do lançador em <Red>{EffectParam2}</>%",Enfraquece o Ataque e a Capacidade de Sobrevivência,
1263,Sword's Brand,"Reduz o dano causado ao lançador por <Red>{EffectParam1}</>%
Aumenta o dano recebido do lançador em <Red>{EffectParam2}</>%",Enfraquece o Ataque e a Capacidade de Sobrevivência,
1264,Sword's Brand,Reduz a velocidade de movimento em <Red>{EffectParam1}</>%,Lento,
1265,Sword's Brand,Reduz a taxa de evasão em <Red>{EffectParam1}</>%,Enfraquece a Sobrevivência Skills,
1301,Poder da Ruína,Reduz os danos sofridos por <Orange>{EffectParam1}</>%,Reduz o dano recebido,
1302,Poder da Ruína,Desativado enquanto <Red>Suppressed</>,Suprimido,
1303,Poder da Ruína,Aumenta o dano recebido do lançador por <Red>{EffectParam1}</>%,Enfraquece a Defesa,
1311,Ironclad Rage,"Aumenta a chance de acerto crítico em <Orange>{EffectParam1}</>%
Aumenta a velocidade de movimento em <Orange>{EffectParam2}</>%
 Aumenta o poder de ataque de Skill em <Orange>{EffectParam3}</>",Aumenta o poder de ataque,
1312,Ironclad Rage,"Aumenta a chance de acerto crítico em <Orange>{EffectParam1}</>%
 Aumenta a velocidade de movimento em <Orange>{EffectParam2}</>%
 Aumenta o poder de ataque de Skill em <Orange>{EffectParam3}</>
Aumenta o poder de ataque básico em <Orange>{EffectParam4}</>
Aumenta o básico básico Dano crítico de ataque em <Orange>{EffectParam5}</>% (dobrado em PVE)",Aumenta o poder de ataque,
1313,Ironclad Rage,"Aumenta a chance de acerto crítico em <Orange>{EffectParam1}</>%
 Aumenta a chance de lançamento de Skill em <Orange>{EffectParam2}</>%
Aumenta a velocidade de movimento em <Orange>{EffectParam3}</>%
Aumenta Básico Poder de ataque em <Orange>{EffectParam4}</>
 Aumenta o poder de ataque em Skill <Orange>{EffectParam5}</>
Aumenta o dano crítico do ataque básico em <Orange>{EffectParam6}</>% (dobrado em PVE)
 Aumenta o dano crítico de Skill em <Orange>{EffectParam7}</>% (dobrado em PVE)",Aumenta o poder de ataque,
1352,Chain Bind,,,
1353,Chain Bind,Consumables Unavailable,Consumables Unavailable,
1354,Chain Bind,Consumables Unavailable,Consumables Unavailable,
1361,Leap Slash,"Aumenta a velocidade de movimento em <Orange>{EffectParam1}</>%
Reduz o dano recebido por <Orange>{EffectParam2}</>%",Melhora a defesa,
1401,Resonance of the Sword,aumenta a taxa de resistência ao controle de multidão em <Orange>{EffectParam1}</>%,Melhora a defesa,
1411,Fighting Spirit of the Overlord,"Aumenta o dano de acerto crítico em <Orange>{EffectParam1}</>%
Reduz Skill Dano recebido por <Orange>{EffectParam2}</>%
Aumenta a resistência a golpes críticos em <Orange>{EffectParam3}</>",Melhora o ataque e a defesa,
1412,Fighting Spirit of the Overlord,"Aumenta crítico Dano de acerto por <Orange>{EffectParam1}</>%
Reduz Skill Dano recebido por <Orange>{EffectParam2}</>%
Aumenta a taxa de resistência a golpes críticos em <Orange>{EffectParam3}</>
 Aumenta a taxa de resistência ao controle de multidão em <Orange>{EffectParam4}</>%
 Aumenta a defesa em <Orange>{EffectParam5}</>",Melhora o ataque e a defesa,
1413,Fighting Spirit of the Overlord,"Aumenta o dano de acerto crítico por <Orange>{EffectParam1}</>%
Reduz Skill Dano Sofrido por <Orange>{EffectParam2}</>%
 Aumenta a taxa de resistência a golpes críticos em <Orange>{EffectParam3}</>
 Aumenta a taxa de resistência ao controle de multidão em <Orange>{EffectParam4}</>%
Aumenta a Defesa em <Orange>{EffectParam5}</>
Aumenta Ignorar Poder de Ataque em <Orange>{EffectParam6}</>",Melhora o ataque e a defesa,
1451,Wound of the Greatsword,Reduz a taxa de acertos do controle de multidão em <Orange>{EffectParam1}</>%,Enfraquece o Poder de Ataque,
1461,Protection of Steel,"Reduz o dano recebido em <Orange>{EffectParam1}</>%
 Aumenta a taxa de resistência a golpes críticos em <Orange>{EffectParam2}</>%
Aumenta a taxa de resistência de maximização em <Orange>{EffectParam3}</>%",Melhora a defesa,
1462,Protection of Steel,"Reduz Dano recebido por <Orange>{EffectParam1}</>%
Aumenta a taxa de resistência a golpes críticos em <Orange>{EffectParam2}</>%
 Aumenta a taxa de resistência de maximização em <Orange>{EffectParam3}</>%
Aumenta a taxa de resistência ao controle de multidão em <Orange>{EffectParam4}</>%",Melhora a defesa,
1463,Protection of Steel,"Reduz o dano recebido em <Orange>{EffectParam1}</>%
Aumenta a taxa de resistência a golpes críticos em <Orange>{EffectParam2}</>%
 Aumenta a taxa de resistência de maximização em <Orange>{EffectParam3}</>%
Aumenta a taxa de resistência ao controle de multidão em <Orange>{EffectParam4}</>%
Reduz o dano de acerto crítico recebido por <Orange>{EffectParam5}</>%",Melhora a defesa,
2001,Mana Bolt,Reduz a velocidade de movimento em <Red>{EffectParam1}</>%,Lento,
2031,Preparing for Battle,Aumenta Poder de ataque em <Orange>{EffectParam1}</>,Aumento de Poder de Ataque,
2041,Mana Reverse,Shield Generation,Escudo,
2101,Mana Sigil,Causa dano bônus ao ser atingido 3 vezes enquanto o selo está ativo,,
2102,Mana Sigil,,,
2103,Mana Sigil,Reduz a velocidade de movimento em <Red>{EffectParam1}</>%,Lento,
2104,Mana Sigil,Causa dano bônus ao ser atingido 3 vezes enquanto o selo está ativo,,
2105,Mana Sigil,,,
2106,Mana Sigil,Causa dano bônus ao ser atingido 3 vezes enquanto o selo está ativo,,
2111,Concentration,Aumenta Precisão em <Orange>{EffectParam1}</>,Aumenta o poder de ataque,
2112,Concentration,"Aumenta a Precisão em <Orange>{EffectParam1}</>
 Aumenta a Evasão em <Orange>{EffectParam2}</>",Melhora o ataque e a defesa,
2113,Concentration,"Aumenta a Precisão em <Orange>{EffectParam1}</>
 Aumenta a Evasão em <Orange>{EffectParam2}</>
 Aumenta a taxa de precisão em <Orange>{EffectParam3}</>%",Melhora o ataque e a defesa,
2201,Burn,Oferece <Red>{EffectParam1}</>% de poder como dano para <Red>{EffectParam2}</>s,Danos ao longo do tempo,
2202,Hellfire,Reduz a velocidade de movimento em <Red>{EffectParam1}</>%,Lento,
2211,Physical Enhancement,aumenta a velocidade de ataque em <Orange>{EffectParam1}</>%,Aumento de velocidade de ataque,
2212,Physical Enhancement,"Aumenta a velocidade de ataque em <Orange>{EffectParam1}</>%
 Aumenta o dano de ataque básico em <Orange>{EffectParam2}</>% (dobrado em PVE)",Aumenta o poder de ataque,
2213,Physical Enhancement,"Aumenta a velocidade de ataque em <Orange>{EffectParam1}</>%
Aumenta o dano de ataque básico em <Orange>{EffectParam2}</>% (dobrado em PVE)
 Aumenta o dano de Skill em <Orange>{EffectParam3}</>% (dobrado em PVE)",Aumenta o poder de ataque,
2251,Mana Shield,Shield Generation,Escudo,
2252,Mana Shield,"Shield Generation
Aumenta o dano em <Orange>{EffectParam2}</>% enquanto o escudo está ativo",Aumenta o escudo e o dano,
2261,Mana Circulation,"Reduz Skill Cooldown por <Orange>{EffectParam1}</>% 
Reduz o custo de MP em <Orange>{EffectParam2}</>%",Aumenta o poder de ataque,
2262,Mana Circulation,"Reduz Skill Cooldown por <Orange>{EffectParam1}</>% 
Reduz o custo de MP em <Orange>{EffectParam2}</>%",Aumenta o poder de ataque,
2263,Mana Circulation,"Reduz o tempo de espera de Skill em <Orange>{EffectParam1}</>%
Reduz o custo de MP em <Orange>{EffectParam2}</>%
Aumenta a chance de lançamento de Skill em <Orange>{EffectParam3}</>%",Aumenta o poder de ataque,
2301,Spatial Compression,Aumenta o dano recebido do lançador de compressão espacial em <Red>{EffectParam1}</>%,Aumenta o dano recebido,
2311,High-Density Mana,"Aumenta a chance de acerto crítico em <Orange>{EffectParam1}</>%
 Aumenta a chance de lançamento de Skill em <Orange>{EffectParam2}</>%
 Aumenta o poder de ataque de Skill em <Orange>{EffectParam3}</>",Aumenta o poder de ataque,
2312,High-Density Mana,"Aumenta o acerto crítico Chance em <Orange>{EffectParam1}</>%
 Aumenta Skill Chance de lançamento em <Orange>{EffectParam2}</>%
Aumenta o poder de ataque básico em <Orange>{EffectParam3}</>
Aumenta Skill Poder de ataque por <Orange>{EffectParam4}</>
Aumenta o dano crítico do ataque básico em <Orange>{EffectParam5}</>% (dobrado em PVE)",Aumenta o poder de ataque,
2313,High-Density Mana,"Aumenta a chance de acerto crítico em <Orange>{EffectParam1}</>%
 Aumenta a chance de lançamento de Skill em <Orange>{EffectParam2}</>%
Aumenta a velocidade de movimento em <Orange>{EffectParam3}</>%
Aumenta Básico Poder de ataque em <Orange>{EffectParam4}</>
 Aumenta o poder de ataque em Skill <Orange>{EffectParam5}</>
Aumenta o dano crítico do ataque básico em <Orange>{EffectParam6}</>% (dobrado em PVE)
 Aumenta o dano crítico de Skill em <Orange>{EffectParam7}</>% (dobrado em PVE)",Aumenta o poder de ataque,
2351,Ice Pillar,Aumenta a defesa em <Orange>{EffectParam1}</>,Aumenta a defesa,
2352,Ice Pillar,Reduz a velocidade de movimento em <Red>{EffectParam1}</>%,Lento,
2353,Shock,Desativado enquanto <Red>Shocked</>,Este é um efeito de controle de multidões.,
2354,Shock,Desativado enquanto <Red>Shocked</>,Este é um efeito de controle de multidões.,
2361,Blessing,Reduz os danos sofridos por <Orange>{EffectParam1}</>%,Reduz o dano recebido,
2362,Blessing,Reduz os danos sofridos por <Orange>{EffectParam1}</>%,Reduz o dano recebido,
2363,Blessing,"Reduz Dano recebido por <Orange>{EffectParam1}</>% 
 Aumenta a taxa de resistência ao controle de multidão em <Orange>{EffectParam2}</>%",Melhora a defesa,
2403,Frost Hell,Reduz o dano causado ao lançador por <Red>{EffectParam1}</>%,Enfraquece o Poder de Ataque,
2411,Eternal Wisdom,"Aumenta o Dano de Acerto Crítico em <Orange>{EffectParam1}</>%
Reduz Skill Dano Recebido por <Orange>{EffectParam2}</>%
Aumenta a defesa em <Orange>{EffectParam3}</>",Melhora o ataque e a defesa,
2412,Eternal Wisdom,"Aumenta o Dano de Acerto Crítico em <Orange>{EffectParam1}</>%
Reduz Skill Dano Sofrido por <Orange>{EffectParam2}</>%
Aumenta a defesa em <Orange>{EffectParam3}</>
Aumenta o controle de multidão Taxa de resistência em <Orange>{EffectParam4}</>% 
 Aumenta a taxa de resistência a golpes críticos em <Orange>{EffectParam5}</>",Melhora o ataque e a defesa,
2413,Eternal Wisdom,"Aumenta o dano de acerto crítico em <Orange>{EffectParam1}</>%
Reduz o dano recebido por Skill <Orange>{EffectParam2}</>%
Aumenta a defesa em <Orange>{EffectParam3}</>
Aumenta o controle de multidão Taxa de resistência em <Orange>{EffectParam4}</>%
 Aumenta a taxa de resistência a golpes críticos em <Orange>{EffectParam5}</>
 Aumenta o poder de ataque ignorado em <Orange>{EffectParam6}</>",Melhora o ataque e a defesa,
2451,Cradle of Mana,"Shield Generation
Aumenta a taxa de resistência ao controle de multidão em <Orange>{EffectParam1}</>% enquanto o escudo está ativo",Melhora a defesa,
2452,Cradle of Mana,"Shield Generation
Aumenta a taxa de resistência ao controle de multidão em <Orange>{EffectParam1}</>% enquanto o escudo está ativo",Melhora a defesa,
2453,Cradle of Mana,"Shield Generation
Aumenta a taxa de resistência ao controle de multidão em <Orange>{EffectParam1}</>% enquanto o escudo está ativo
Aumenta o dano de ataque básico em <Orange>{EffectParam2}</>% enquanto o escudo está ativo",Aprimoramento de Poder Interno,
2461,Element Overload,"Aumenta a duração do Buff em <Orange>{EffectParam1}</>%
Aumenta o acerto crítico Taxa de resistência em <Orange>{EffectParam2}</>% 
 Aumenta a taxa de resistência de maximização em <Orange>{EffectParam3}</>%",Melhora a defesa,
2462,Element Overload,"Aumenta a duração do bônus em <Orange>{EffectParam1}</>%
Aumenta a taxa de resistência a golpes críticos em <Orange>{EffectParam2}</>%
 Aumenta a taxa de resistência de maximização em <Orange>{EffectParam3}</>%
Aumenta a taxa de resistência ao controle de multidão em <Orange>{EffectParam4}</>%",Melhora a defesa,
2463,Element Overload,"aumenta Duração do Buff em <Orange>{EffectParam1}</>%
Aumenta a Taxa de Resistência a Acertos Críticos em <Orange>{EffectParam2}</>%
 Aumenta a taxa de resistência de maximização em <Orange>{EffectParam3}</>%
Aumenta a taxa de resistência ao controle de multidão em <Orange>{EffectParam4}</>%
Reduz o dano de acerto crítico recebido por <Orange>{EffectParam5}</>%",Melhora a defesa,
3001,Tidal Smite,Reduz a velocidade de movimento em <Red>{EffectParam1}</>%,Lento,
3031,Preparing for Battle,Aumenta Poder de ataque em <Orange>{EffectParam1}</>,Aumento de Poder de Ataque,
3101,Moonlight Glide,Aumenta a velocidade de movimento em <Orange>{EffectParam1}</>%,Aumento de velocidade de movimento,
3102,Twisted Torrent,"Reduz a Defesa em <Red>{EffectParam1}</>
Aumenta o dano causado aos jogadores por <Red>{EffectParam2}</>%",Enfraquece a Defesa,
3111,Concentration,Aumenta Precisão em <Orange>{EffectParam1}</>,Aumenta o poder de ataque,
3112,Concentration,"Aumenta a Precisão em <Orange>{EffectParam1}</>
 Aumenta a Evasão em <Orange>{EffectParam2}</>",Melhora o ataque e a defesa,
3113,Concentration,"Aumenta a Precisão em <Orange>{EffectParam1}</>
 Aumenta a Evasão em <Orange>{EffectParam2}</>
 Aumenta a taxa de precisão em <Orange>{EffectParam3}</>%",Melhora o ataque e a defesa,
3201,Wind Surge,Reduz a velocidade de movimento em <Red>{EffectParam1}</>%,Lento,
3211,Physical Enhancement,aumenta a velocidade de ataque em <Orange>{EffectParam1}</>%,Aumento de velocidade de ataque,
3212,Physical Enhancement,"Aumenta a velocidade de ataque em <Orange>{EffectParam1}</>%
 Aumenta o dano de ataque básico em <Orange>{EffectParam2}</>% (dobrado em PVE)",Aumenta o poder de ataque,
3213,Physical Enhancement,"Aumenta a velocidade de ataque em <Orange>{EffectParam1}</>%
Aumenta o dano de ataque básico em <Orange>{EffectParam2}</>% (dobrado em PVE)
 Aumenta o dano de Skill em <Orange>{EffectParam3}</>% (dobrado em PVE)",Aumenta o poder de ataque,
3261,Purify,,,
3262,Purify,Aumenta a velocidade de movimento em <Orange>{EffectParam1}</>%,Aumento de velocidade de movimento,
3263,Purify,Aumenta a cura recebida por <Orange>{EffectParam1}</>%,Aumento da cura de HP recebida,
3264,Purify,Aumenta a velocidade de movimento em <Orange>{EffectParam1}</>%,Aumento de velocidade de movimento,
3311,Force of Nature,"Aumenta a chance de acerto crítico por <Orange>{EffectParam1}</>%
Aumenta a velocidade de movimento por <Orange>{EffectParam2}</>%
Aumenta Poder de ataque básico por <Orange>{EffectParam3}</>",Aumenta o poder de ataque,
3312,Force of Nature,"Aumenta a chance de acerto crítico em <Orange>{EffectParam1}</>%
Aumenta a velocidade de movimento em <Orange>{EffectParam2}</>%
Aumenta o poder de ataque básico em <Orange>{EffectParam3}</>
Aumenta Skill Poder de ataque por <Orange>{EffectParam4}</>
Aumenta o dano crítico do ataque básico em <Orange>{EffectParam5}</>% (dobrado em PVE)",Aumenta o poder de ataque,
3313,Force of Nature,"Aumenta a chance de acerto crítico em <Orange>{EffectParam1}</>%
 Aumenta a chance de lançamento de Skill em <Orange>{EffectParam2}</>%
Aumenta a velocidade de movimento em <Orange>{EffectParam3}</>%
Aumenta Básico Poder de ataque em <Orange>{EffectParam4}</>
 Aumenta o poder de ataque em Skill <Orange>{EffectParam5}</>
Aumenta o dano crítico do ataque básico em <Orange>{EffectParam6}</>% (dobrado em PVE)
 Aumenta o dano crítico de Skill em <Orange>{EffectParam7}</>% (dobrado em PVE)",Aumenta o poder de ataque,
3354,Salvation,Aumenta a taxa de acertos críticos Taxa de resistência em {EffectParam1}%,Melhora a defesa,
3355,Salvation,Aumenta a taxa de acertos críticos Taxa de resistência em {EffectParam1}%,Melhora a defesa,
3361,Focused Healing,Recupere HP por <Orange>{EffectParam1}</>,Recupere HP ao longo do tempo,
3362,Focused Healing,,,
3363,Focused Healing,Recupere HP por <Orange>{EffectParam1}</>,Recupere HP ao longo do tempo,
3364,Light Body,Aumenta a velocidade de movimento em <Orange>{EffectParam1}</>%,Aumento de velocidade de movimento,
3365,Focused Healing,Recupere HP por <Orange>{EffectParam1}</>,Recupere HP ao longo do tempo,
3366,Light Body,Aumenta a velocidade de movimento em <Orange>{EffectParam1}</>%,Aumento de velocidade de movimento,
3401,Abyssal Spring,Reduz a velocidade de movimento em <Red>{EffectParam1}</>%,Lento,
3402,Mist of the Spring,Reduz a taxa de acertos do controle de multidão em <Orange>{EffectParam1}</>%,Enfraquece o Poder de Ataque,
3411,Breath of the Judge,"Aumenta o Dano de Acerto Crítico em <Orange>{EffectParam1}</>%
Reduz Skill Dano Recebido por <Orange>{EffectParam2}</>%
Aumenta a defesa em <Orange>{EffectParam3}</>",Melhora o ataque e a defesa,
3412,Breath of the Judge,"Aumenta o Dano de Acerto Crítico em <Orange>{EffectParam1}</>%
Reduz Skill Dano Sofrido por <Orange>{EffectParam2}</>%
Aumenta a defesa em <Orange>{EffectParam3}</>
Aumenta o controle de multidão Taxa de resistência em <Orange>{EffectParam4}</>% 
 Aumenta a taxa de resistência a golpes críticos em <Orange>{EffectParam5}</>",Melhora o ataque e a defesa,
3413,Breath of the Judge,"Aumenta o dano de acerto crítico em <Orange>{EffectParam1}</>%
Reduz o dano recebido por Skill <Orange>{EffectParam2}</>%
Aumenta a defesa em <Orange>{EffectParam3}</>
Aumenta o controle de multidão Taxa de resistência em <Orange>{EffectParam4}</>%
 Aumenta a taxa de resistência a golpes críticos em <Orange>{EffectParam5}</>
 Aumenta o poder de ataque ignorado em <Orange>{EffectParam6}</>",Melhora o ataque e a defesa,
3451,Divine Breath,Aumenta o HP máximo em <Orange>{EffectParam1}</>,Aumenta o HP máximo,
3452,Divine Blessing,"Reduz Skill Dano Recebido por <Orange>{EffectParam1}</>%
Reduz Skill Dano de acerto crítico recebido por <Orange>{EffectParam2}</>%",Melhora a defesa,
3453,Divine Breath,"Aumenta o HP máximo em <Orange>{EffectParam1}</>
Reduz a duração do Crowd Control em <Orange>{EffectParam2}</>%",Melhora a defesa,
3454,Divine Blessing,"Reduz Skill Dano recebido por <Orange>{EffectParam1}</>%
Reduz Skill Dano de acerto crítico recebido por <Orange>{EffectParam2}</>%
Aumenta a taxa de resistência ao controle de multidão em <Orange>{EffectParam3}</>%
Aumenta a taxa de resistência a golpes críticos de Skill em <Orange>{EffectParam4}</>%",Melhora a defesa,
3455,Divine Breath,"Aumenta o HP máximo em <Orange>{EffectParam1}</>
Reduz a duração do Crowd Control em <Orange>{EffectParam2}</>%",Melhora a defesa,
3456,Divine Blessing,"Reduz Skill Dano recebido por <Orange>{EffectParam1}</>%
Reduz Skill Dano de acerto crítico recebido por <Orange>{EffectParam2}</>%
Aumenta a taxa de resistência ao controle de multidão em <Orange>{EffectParam3}</>%
Aumenta a taxa de resistência a golpes críticos de Skill em <Orange>{EffectParam4}</>%",Melhora a defesa,
3461,Baptism of Light,"Aumenta a taxa de aumento da quantidade de cura em <Orange>{EffectParam1}</>%
 Aumenta a taxa de resistência a golpes críticos em <Orange>{EffectParam2}</>%
Aumenta a taxa de resistência de maximização em <Orange>{EffectParam3}</>%",Melhora a defesa,
3462,Baptism of Light,"aumenta Taxa de aumento da quantidade de cura em <Orange>{EffectParam1}</>%
Aumenta a taxa de resistência a golpes críticos em <Orange>{EffectParam2}</>%
 Aumenta a taxa de resistência de maximização em <Orange>{EffectParam3}</>%
Aumenta a taxa de resistência ao controle de multidão em <Orange>{EffectParam4}</>%",Melhora a defesa,
3463,Baptism of Light,"Aumenta Taxa de recuperação de cura em <Orange>{EffectParam1}</>%
 Aumenta a taxa de resistência a golpes críticos em <Orange>{EffectParam2}</>%
 Aumenta a taxa de resistência de maximização em <Orange>{EffectParam3}</>%
Aumenta a taxa de resistência ao controle de multidão em <Orange>{EffectParam4}</>%
Reduz o dano de acerto crítico recebido por <Orange>{EffectParam5}</>%",Melhora a defesa,
4031,Preparing for Battle,Aumenta Poder de ataque em <Orange>{EffectParam1}</>,Aumento de Poder de Ataque,
4101,Shadow Surge,Reduz a Defesa em <Red>{EffectParam1}</>,Reduz a Defesa,
4111,Concentration,Aumenta Precisão em <Orange>{EffectParam1}</>,Aumenta o poder de ataque,
4112,Concentration,"Aumenta a Precisão em <Orange>{EffectParam1}</>
 Aumenta a Evasão em <Orange>{EffectParam2}</>",Melhora o ataque e a defesa,
4113,Concentration,"Aumenta a Precisão em <Orange>{EffectParam1}</>
 Aumenta a Evasão em <Orange>{EffectParam2}</>
 Aumenta a taxa de precisão em <Orange>{EffectParam3}</>%",Melhora o ataque e a defesa,
4121,Sand Toss,Reduz a velocidade de movimento em <Red>{EffectParam1}</>%,Lento,
4201,Poison Mist,Reduz a velocidade de movimento em <Red>{EffectParam1}</>%,Lento,
4202,Poison Mist,Aumenta a Chance de Evasão em <Orange>{EffectParam1}</>%,aumenta a chance de evasão,
4211,Physical Enhancement,aumenta a velocidade de ataque em <Orange>{EffectParam1}</>%,Aumento de velocidade de ataque,
4212,Physical Enhancement,"Aumenta a velocidade de ataque em <Orange>{EffectParam1}</>%
 Aumenta o dano de ataque básico em <Orange>{EffectParam2}</>% (dobrado em PVE)",Aumenta o poder de ataque,
4213,Physical Enhancement,"Aumenta a velocidade de ataque em <Orange>{EffectParam1}</>%
Aumenta o dano de ataque básico em <Orange>{EffectParam2}</>% (dobrado em PVE)
 Aumenta o dano de Skill em <Orange>{EffectParam3}</>% (dobrado em PVE)",Aumenta o poder de ataque,
4252,Flying Dagger,Consumables Unavailable,Consumables Unavailable,
4261,Hunt Begins,"Aumenta a taxa de acerto crítico contra jogadores em <Orange>{EffectParam1}</>%
Reduz o dano de ataque básico recebido em <Orange>{EffectParam2}</>%",Melhora o ataque e a defesa,
4262,Hunt Begins,"Aumenta a taxa de acerto crítico contra jogadores por <Orange>{EffectParam1}</>%
Aumenta o dano de acerto crítico contra jogadores em <Orange>{EffectParam2}</>%
Reduz o dano de ataque básico recebido por <Orange>{EffectParam3}</>%",Melhora o ataque e a defesa,
4263,Hunt Begins,"Aumenta a taxa de acerto crítico contra jogadores por <Orange>{EffectParam1}</>%
Aumenta o dano de acerto crítico contra jogadores em <Orange>{EffectParam2}</>%
Reduz o dano de ataque básico recebido por <Orange>{EffectParam3}</>%",Melhora o ataque e a defesa,
4264,Iniciar Caça: Saque,Aumenta a velocidade de movimento em <Orange>{EffectParam1}</>% e a velocidade de ataque em <Orange>{EffectParam2}</>%,Melhora o ataque e a defesa,
4301,Assault,Aumenta o dano recebido de lançadores de assalto em <Red>{EffectParam1}</>%,Aumenta o dano recebido,
4302,Assault,Aumenta a velocidade de movimento em <Orange>{EffectParam1}</>%,Aumento de velocidade de movimento,
4311,Path of the Assassin,"Aumenta Chance de acerto crítico em <Orange>{EffectParam1}</>%
Aumenta a velocidade de movimento em <Orange>{EffectParam2}</>%
 Aumenta o poder de ataque em <Orange>{EffectParam3}</>",Aumenta o poder de ataque,
4312,Path of the Assassin,"Aumenta a chance de acerto crítico em <Orange>{EffectParam1}</>%
Aumenta a velocidade de movimento em <Orange>{EffectParam2}</>%
Aumenta Acerto crítico de <Orange>{EffectParam3}</>
 Aumenta o poder de ataque em <Orange>{EffectParam4}</>
 Aumenta o dano crítico do ataque básico em <Orange>{EffectParam5}</>% (dobrado em PVE)",Aumenta o poder de ataque,
4313,Path of the Assassin,"Aumenta a taxa de acerto crítico em <Orange>{EffectParam1}</>%
 Aumenta a velocidade de lançamento de Skill em <Orange>{EffectParam2}</>%
Aumenta a velocidade de movimento em <Orange>{EffectParam3}</>%
Aumenta Acerto crítico por <Orange>{EffectParam4}</>
 Aumenta o poder de ataque em <Orange>{EffectParam5}</>
Aumenta o dano crítico do ataque básico em <Orange>{EffectParam6}</>% (dobrado em PVE)
Aumenta o dano crítico de Skill em <Orange>{EffectParam7}</>% (dobrado em PVE)",Aumenta o poder de ataque,
4351,Stealth,Acerto Crítico Garantido ao acertar um ataque enquanto estiver Furtivo,Furtiva,
4352,Stealth,"Aumenta a velocidade de movimento em <Orange>{EffectParam1}</>%
 Aumenta a taxa de evasão por <Orange>{EffectParam2}</>%
Acerto crítico garantido ao acertar um ataque enquanto estiver furtivo",Furtiva,
4353,Stealth,"Aumenta a velocidade de movimento em <Orange>{EffectParam1}</>%
Aumenta a taxa de evasão em <Orange>{EffectParam2}</>%
Garantido Acerto crítico ao acertar um ataque enquanto estiver furtivo
Ignora colisão enquanto estiver furtivo",Furtiva,
4354,,,,
4361,Annihilation,"Reduz a regeneração de HP, a cura de poções de HP e a cura por <Red>{EffectParam1}</>%",Reduz a cura de HP,
4401,Afterimage Effect,Aumenta a Chance de Evasão em <Orange>{EffectParam1}</>%,aumenta a chance de evasão,
4411,Glare of Malice,"Aumenta o dano de acerto crítico em <Orange>{EffectParam1}</>%
Reduz Skill Dano recebido por <Orange>{EffectParam2}</>%
Aumenta a resistência a golpes críticos em <Orange>{EffectParam3}</>",Melhora o ataque e a defesa,
4412,Glare of Malice,"Aumenta crítico Dano de acerto por <Orange>{EffectParam1}</>%
Reduz Skill Dano recebido por <Orange>{EffectParam2}</>%
Aumenta a taxa de resistência a golpes críticos em <Orange>{EffectParam3}</>
 Aumenta a taxa de resistência ao controle de multidão em <Orange>{EffectParam4}</>%
 Aumenta a defesa em <Orange>{EffectParam5}</>",Melhora o ataque e a defesa,
4413,Glare of Malice,"Aumenta o dano de acerto crítico por <Orange>{EffectParam1}</>%
Reduz Skill Dano Sofrido por <Orange>{EffectParam2}</>%
 Aumenta a taxa de resistência a golpes críticos em <Orange>{EffectParam3}</>
 Aumenta a taxa de resistência ao controle de multidão em <Orange>{EffectParam4}</>%
Aumenta a Defesa em <Orange>{EffectParam5}</>
Aumenta Ignorar Poder de Ataque em <Orange>{EffectParam6}</>",Melhora o ataque e a defesa,
4451,Shadow Mist,Reduz a velocidade de movimento em <Red>{EffectParam1}</>%,Lento,
4452,Mist Control,aumenta a taxa de resistência ao controle de multidão em <Orange>{EffectParam1}</>%,Melhora a defesa,
4461,Concentrated Malice,"Reduz o dano de acerto crítico recebido por <Orange>{EffectParam1}</>%
 Aumenta a taxa de resistência a acertos críticos em <Orange>{EffectParam2}</>%
Aumenta a taxa de resistência de maximização em <Orange>{EffectParam3}</>%",Melhora a defesa,
4462,Concentrated Malice,"Reduz Dano de acerto crítico recebido por <Orange>{EffectParam1}</>%
Aumenta a taxa de resistência a acertos críticos em <Orange>{EffectParam2}</>%
 Aumenta a taxa de resistência de maximização em <Orange>{EffectParam3}</>%
Aumenta a taxa de resistência ao controle de multidão em <Orange>{EffectParam4}</>%",Melhora a defesa,
4463,Concentrated Malice,"Reduz o dano de acerto crítico recebido por <Orange>{EffectParam1}</>%
 Aumenta a taxa de resistência a acertos críticos em <Orange>{EffectParam2}</>%
 Aumenta a taxa de resistência de maximização em <Orange>{EffectParam3}</>%
Aumenta a taxa de resistência ao controle de multidão em <Orange>{EffectParam4}</>%
Reduz o dano de acerto crítico recebido por <Orange>{EffectParam5}</>%",Melhora a defesa,
5011,Suppression Arrow,,,
5012,Suppression Arrow,Reduz a velocidade de movimento em <Red>{EffectParam1}</>%,Lento,
5031,Preparing for Battle,Aumenta Poder de ataque em <Orange>{EffectParam1}</>,Aumento de Poder de Ataque,
5101,Rapid Fire,Reduz a velocidade de movimento em <Red>{EffectParam1}</>%,Lento,
5111,Concentration,Aumenta Precisão em <Orange>{EffectParam1}</>,Aumenta o poder de ataque,
5112,Concentration,"Aumenta a Precisão em <Orange>{EffectParam1}</>
 Aumenta a Evasão em <Orange>{EffectParam2}</>",Melhora o ataque e a defesa,
5113,Concentration,"Aumenta a Precisão em <Orange>{EffectParam1}</>
 Aumenta a Evasão em <Orange>{EffectParam2}</>
 Aumenta a taxa de precisão em <Orange>{EffectParam3}</>%",Melhora o ataque e a defesa,
5201,Arrow Rain,Reduz a velocidade de movimento em <Red>{EffectParam1}</>%,Lento,
5211,Physical Enhancement,aumenta a velocidade de ataque em <Orange>{EffectParam1}</>%,Aumento de velocidade de ataque,
5212,Physical Enhancement,"Aumenta a velocidade de ataque em <Orange>{EffectParam1}</>%
 Aumenta o dano de ataque básico em <Orange>{EffectParam2}</>% (dobrado em PVE)",Aumenta o poder de ataque,
5213,Physical Enhancement,"Aumenta a velocidade de ataque em <Orange>{EffectParam1}</>%
Aumenta o dano de ataque básico em <Orange>{EffectParam2}</>% (dobrado em PVE)
 Aumenta o dano de Skill em <Orange>{EffectParam3}</>% (dobrado em PVE)",Aumenta o poder de ataque,
5251,Tracking Arrow,,,
5252,Tracking Arrow,,,
5253,Tracking Arrow,,,
5254,Tracking Arrow,,,
5255,Tracking Arrow,Reduz a velocidade de movimento em <Red>{EffectParam1}</>%,Lento,
5256,Tracking Arrow,Ligação,Crowd Control Effect,
5257,Tracking Arrow,Silêncio,Crowd Control Effect,
5258,Tracking Arrow,Cego,Crowd Control Effect,
5259,Tracking Arrow,Reduz a velocidade de movimento em <Red>{EffectParam1}</>%,Lento,
5260,Tracking Arrow,Reduz a velocidade de movimento em <Red>{EffectParam1}</>%,Lento,
5271,Weakness Detection,Aplica detecção de ponto fraco a ataques básicos,Aumenta o poder de ataque,
5272,Weakness Detection,Aplica detecção de ponto fraco a ataques básicos,Aumenta o poder de ataque,
5273,Weakness Detection,Aplica detecção de ponto fraco a ataques básicos,Aumenta o poder de ataque,
5274,Weakness Detection,Reduz a velocidade de movimento em <Red>{EffectParam1}</>%,Lento,
5275,Weakness Detection,,,
5276,Weakness Detection,Reduz a Velocidade de Ataque em <Red>{EffectParam1}</>%,Reduz a Velocidade de Ataque,
5277,Weakness Detection,Reduz a velocidade de movimento em <Red>{EffectParam1}</>%,Lento,
5278,Weakness Detection,,,
5279,Weakness Detection,Reduz a Velocidade de Ataque em <Red>{EffectParam1}</>%,Reduz a Velocidade de Ataque,
5280,Weakness Detection,Reduz a velocidade de movimento em <Red>{EffectParam1}</>%,Lento,
5281,Weakness Detection,,,
5282,Weakness Detection,"Reduz a velocidade de ataque em <Red>{EffectParam1}</>%
Reduz a precisão em <Red>{EffectParam2}</>%",Enfraquece o Poder de Ataque,
5283,Weak Point Attack,Aumenta a taxa de precisão de ataque básico em <Orange>{EffectParam1}% </>,Aumentar a taxa de precisão de ataque normal,
5284,Weak Point Attack,Aumenta a taxa de precisão de ataque básico em <Orange>{EffectParam1}</>%,Aumentar a taxa de precisão de ataque normal,
5285,Weak Point Attack,Aumenta a taxa de precisão de ataque básico em <Orange>{EffectParam1}</>%,Aumentar a taxa de precisão de ataque normal,
5301,Soul Arrow,Aumenta o dano recebido do lançador por <Red>{EffectParam1}</>%,Aumenta o dano recebido do lançador,
5302,Soul Arrow,aumenta a velocidade de ataque em <Orange>{EffectParam1}</>%,Aumento de velocidade de ataque,
5311,Hunting Instinct,"Aumenta a chance de acerto crítico em <Orange>{EffectParam1}</>%
 Aumenta a chance de lançamento de Skill em <Orange>{EffectParam2}</>%
 Aumenta o poder de ataque básico em <Orange>{EffectParam3}</>",Aumenta o poder de ataque,
5312,Hunting Instinct,"Aumenta o acerto crítico Chance em <Orange>{EffectParam1}</>%
 Aumenta Skill Chance de lançamento em <Orange>{EffectParam2}</>%
Aumenta o poder de ataque básico em <Orange>{EffectParam3}</>
Aumenta Skill Poder de ataque por <Orange>{EffectParam4}</>
Aumenta o dano crítico do ataque básico em <Orange>{EffectParam5}</>% (dobrado em PVE)",Aumenta o poder de ataque,
5313,Hunting Instinct,"Aumenta a chance de acerto crítico em <Orange>{EffectParam1}</>%
 Aumenta a chance de lançamento de Skill em <Orange>{EffectParam2}</>%
Aumenta a velocidade de movimento em <Orange>{EffectParam3}</>%
Aumenta Básico Poder de ataque em <Orange>{EffectParam4}</>
 Aumenta o poder de ataque em Skill <Orange>{EffectParam5}</>
Aumenta o dano crítico do ataque básico em <Orange>{EffectParam6}</>% (dobrado em PVE)
 Aumenta o dano crítico de Skill em <Orange>{EffectParam7}</>% (dobrado em PVE)",Aumenta o poder de ataque,
5353,Shadow Trap,Reduz a cura de HP recebida por <Red>{EffectParam1}</>%,Reduz a cura de HP recebida,
5354,Shadow Trap,Reduz a cura de HP recebida por <Red>{EffectParam1}</>%,Reduz a cura de HP recebida,
5403,Chain,Reduz a taxa de resistência ao efeito de aflição em <Red>{EffectParam1}</>%,reduz a taxa de resistência ao efeito de aflição,
5411,Master Archer’s Gaze,"Aumenta o dano de acerto crítico por <Orange>{EffectParam1}</>%
Reduz Skill Danos recebidos por <Orange>{EffectParam2}</>%
 Aumenta o ataque ignorado por <Orange>{EffectParam3}</>",Melhora o ataque e a defesa,
5412,Master Archer’s Gaze,"Aumenta crítico Dano de acerto por <Orange>{EffectParam1}</>%
Reduz Skill Dano recebido por <Orange>{EffectParam2}</>%
 Aumenta o poder de ataque de Ignorar em <Orange>{EffectParam3}</>
 Aumenta a taxa de resistência ao controle de multidão em <Orange>{EffectParam4}</>%
Aumenta a taxa de resistência a golpes críticos em <Orange>{EffectParam5}</>",Melhora o ataque e a defesa,
5413,Master Archer’s Gaze,"aumenta Dano de acerto crítico por <Orange>{EffectParam1}</>%
Reduz Skill Dano recebido por <Orange>{EffectParam2}</>%
 Aumenta o poder de ataque de Ignorar em <Orange>{EffectParam3}</>
 Aumenta a taxa de resistência ao controle de multidão em <Orange>{EffectParam4}</>%
Aumenta a taxa de resistência a golpes críticos em <Orange>{EffectParam5}</>
 Aumenta a defesa em <Orange>{EffectParam6}</>",Melhora o ataque e a defesa,
5451,Wind Snare,Consumables Unavailable,Consumables Unavailable,
5452,Wind Snare,Consumables Unavailable,Consumables Unavailable,
5461,Ruler’s Gaze,"Aumenta a chance de acerto do Crowd Control em <Orange>{EffectParam1}</>%
 Aumenta a taxa de resistência a golpes críticos em <Orange>{EffectParam2}</>%
Aumenta a taxa de resistência de maximização em <Orange>{EffectParam3}</>%",Melhora o ataque e a defesa,
5462,Ruler’s Gaze,"aumenta Chance de acerto de controle de multidão em <Orange>{EffectParam1}</>%
Aumenta a taxa de resistência a acertos críticos em <Orange>{EffectParam2}</>%
 Aumenta a taxa de resistência de maximização em <Orange>{EffectParam3}</>%
Aumenta a taxa de resistência ao controle de multidão em <Orange>{EffectParam4}</>%",Melhora o ataque e a defesa,
5463,Ruler’s Gaze,"aumenta Chance de acerto de controle de multidão em <Orange>{EffectParam1}</>%
Aumenta a taxa de resistência a acertos críticos em <Orange>{EffectParam2}</>%
 Aumenta a taxa de resistência de maximização em <Orange>{EffectParam3}</>%
Aumenta a taxa de resistência ao controle de multidão em <Orange>{EffectParam4}</>%
Reduz o dano de acerto crítico recebido por <Orange>{EffectParam5}</>%",Melhora o ataque e a defesa,
21100,Basic Combat,Aumenta Poder de ataque em <Orange>{EffectParam1}</>,Aumento de Poder de Ataque,
21101,Defensive Stance,Aumenta a defesa em <Orange>{EffectParam1}</>,Aumenta a defesa,
21102,Prepare to Strike,Aumenta o acerto crítico em <Orange>{EffectParam1}</>,Aumento de acerto crítico,
21200,Precise Aim,Aumenta Precisão em <Orange>{EffectParam1}</>,Aumento de precisão,
21201,Sharp Instincts,Aumenta a Evasão em <Orange>{EffectParam1}</>,Aumenta a Evasão,
21300,Power of the Combat,Aumenta Poder de ataque em <Orange>{EffectParam1}</>,Aumento de Poder de Ataque,
21301,Heavy Blow,"Aumenta a maximização Taxa em <Orange>{EffectParam1}</>%
 Aumenta o poder de ataque básico em <Orange>{EffectParam2}</>",Aumenta o poder de ataque,
21302,Enhance Vitality,"Aumenta o máximo HP por <Orange>{EffectParam1}</>
 Aumenta a cura de poções de HP por <Orange>{EffectParam2}</>%",Melhore a sobrevivência Skills,
21400,Flow of the Battlefield,"Aumenta a regeneração de MP <Orange>{EffectParam1}</>
 Aumenta o poder de ataque de Skill em <Orange>{EffectParam2}</>",Aumenta o poder de ataque,
21401,Focused Breathing,Aumenta a taxa de precisão em <Orange>{EffectParam1}</>%,Aumento da taxa de precisão,
21402,Indomitable Body,"Aumenta a taxa de resistência a golpes críticos de Skill em <Orange>{EffectParam1}</>%
Reduz o dano de acerto crítico recebido por <Orange>{EffectParam2}</>%",Melhora a defesa,
21500,Hero’s Aura,"Reduz o dano recebido em <Orange>{EffectParam1}</>%
Aumenta a velocidade de movimento em <Orange>{EffectParam2}</>%",Melhora a Defesa e a Sobrevivência Skills,
21501,Gale Resolve,"Aumenta a taxa de resistência ao controle de multidão em <Orange>{EffectParam1}</>%
Aumenta Skill Velocidade de lançamento em <Orange>{EffectParam2}</>%",Melhoria de defesa e velocidade de lançamento,
21502,Deathless Flesh,"Aumenta o máximo HP por <Orange>{EffectParam1}</>
Reduz o dano recebido de skills de alvo único por <Orange>{EffectParam2}</>%",Melhore a sobrevivência Skills,
21140,Swordsmanship Training,Aumenta Poder de ataque em <Orange>{EffectParam1}</>,Aumento de Poder de Ataque,
21240,Greatsword Enhancement,Aumenta a Defesa de Ignorar em <Orange>{EffectParam1}</>,Aumenta a Defesa de Ignorar,
21340,Combat Will: Warrior,"Aumenta o dano a monstros em <Orange>{EffectParam1}</>%
 Aumenta o poder de ataque de Skill em <Orange>{EffectParam2}</>",Aumenta o poder de ataque,
21341,Ferocious Rage,"Aumenta os críticos Dano por <Orange>{EffectParam1}</>%
 Aumenta a Defesa em <Orange>{EffectParam2}</>",Melhora o ataque e a defesa,
21440,Warrior's Aura,"aumenta a chance de acerto crítico em <Orange>{EffectParam1}</>%
 Aumenta o poder de ataque básico em <Orange>{EffectParam2}</>",Aumenta o poder de ataque,
21441,Steel Rage,"Aumenta o dano aos inimigos caídos em <Orange>{EffectParam1}</>%
Aumenta o dano a inimigos aéreos em <Orange>{EffectParam2}</>%",Aumenta o poder de ataque,
21442,Steel Rage,"aumenta Skill Chance de lançamento em <Orange>{EffectParam1}</>% 
 Aumenta a velocidade de movimento em <Orange>{EffectParam2}</>%",Melhora o Ataque e a Sobrevivência Skills,
21443,Blazing Fury,"Aumenta o dano contra alvos queimados em <Orange>{EffectParam1}</>%
Aumenta o dano contra alvos de sangramento em <Orange>{EffectParam2}</>%",Aumenta o poder de ataque,
21444,Blazing Fury,aumenta a velocidade de ataque em <Orange>{EffectParam1}</>%,Aumento de velocidade de ataque,
21540,Sword of Destruction,Aumenta o dano por <Orange>{EffectParam1}</>%,Aumento de dano,
21541,Sword of Destruction,Aumenta o dano de Skill em <Orange>{EffectParam1}</>%,Aumenta o dano de Skill,
21170,Combat Instinct: Warrior,Aumenta o Poder de Ataque de Ignorar em <Orange>{EffectParam1}</>,Aumenta Ignorar Poder de Ataque,
21270,Strong Will,"Aumenta a defesa por <Orange>{EffectParam1}</>
 Aumenta a geração de Aggro em <Orange>{EffectParam2}</>%",Melhora a defesa,
21370,Honorable Combat,"Reduz a resistência a golpes críticos em <Orange>{EffectParam1}</>
Reduz o ataque básico Dano sofrido por <Orange>{EffectParam2}</>",Melhora a defesa,
21371,Steel Heart,"Aumenta a regeneração de HP em <Orange>{EffectParam1}</> 
Reduz Skill Dano Sofrido por <Orange>{EffectParam2}</>%",Melhora a Defesa e a Sobrevivência Skills,
21470,Domination of Rage,"Reduz o dano recebido por <Orange>{EffectParam1}</>%
Aumenta Geração Aggro por <Orange>{EffectParam2}</>%",Melhora a defesa,
21471,Earth's Blessing,"Aumenta o HP máximo em <Orange>{EffectParam1}</>%
Aumenta HP Potion Healing por <Orange>{EffectParam2}</>
 Aumenta a cura recebida por <Orange>{EffectParam3}</>%
Reduz a duração do controle de multidão em <Orange>{EffectParam4}</>%",Melhore a sobrevivência Skills,
21472,Earth's Blessing,Aumenta a cura recebida em <Orange>{EffectParam1}</>%,aumenta Cura recebida,
21473,Tenacious Combat,"Aumenta a taxa de precisão em <Orange>{EffectParam1}</>%
Reduz Skill Dano de acerto crítico sofrido por <Orange>{EffectParam2}</>%",Precisão e aprimoramento de defesa,
21570,Ironclad Protection,"Aumenta a resistência ao controle de multidão em <Orange>{EffectParam1}</>%
Reduz o dano recebido enquanto a multidão é controlada por <Orange>{EffectParam2}</>%",Melhora a defesa,
21572,Battle-Hardened Courage,"Reduz o dano de acerto crítico recebido em <Orange>{EffectParam1}</>%
Aumenta a taxa de resistência ao controle de multidão em <Orange>{EffectParam2}</>%",Melhore a sobrevivência Skills,
21573,Veteran's Insight,Aumenta o dano causado a alvos protegidos em <Orange>{EffectParam1}</>%,Aumento de dano a alvos protegidos,
22100,Basic Combat,Aumenta Poder de ataque em <Orange>{EffectParam1}</>,Aumento de Poder de Ataque,
22101,Defensive Stance,Aumenta a defesa em <Orange>{EffectParam1}</>,Aumenta a defesa,
22102,Prepare to Strike,Aumenta o acerto crítico em <Orange>{EffectParam1}</>,Aumento de acerto crítico,
22200,Precise Aim,Aumenta Precisão em <Orange>{EffectParam1}</>,Aumento de precisão,
22201,Sharp Instincts,Aumenta a Evasão em <Orange>{EffectParam1}</>,Aumenta a Evasão,
22300,Power of the Combat,Aumenta Poder de ataque em <Orange>{EffectParam1}</>,Aumento de Poder de Ataque,
22301,Heavy Blow,"Aumenta a maximização Taxa em <Orange>{EffectParam1}</>%
 Aumenta o poder de ataque básico em <Orange>{EffectParam2}</>",Aumenta o poder de ataque,
22302,Enhance Vitality,"Aumenta o HP máximo em <Orange>{EffectParam1}</>
 Aumenta a cura de poções de HP em <Orange>{EffectParam2}</>",Melhore a sobrevivência Skills,
22400,Flow of the Battlefield,"Aumenta a regeneração de MP <Orange>{EffectParam1}</>
 Aumenta o poder de ataque de Skill em <Orange>{EffectParam2}</>",Aumenta o poder de ataque,
22401,Focused Breathing,Aumenta a taxa de precisão em <Orange>{EffectParam1}</>%,Aumento da taxa de precisão,
22402,Indomitable Body,"Aumenta a taxa de resistência a golpes críticos de Skill em <Orange>{EffectParam1}</>%
Reduz o dano de acerto crítico recebido por <Orange>{EffectParam2}</>%",Melhora a defesa,
22500,Hero’s Aura,"Reduz o dano recebido em <Orange>{EffectParam1}</>%
Aumenta a velocidade de movimento em <Orange>{EffectParam2}</>%",Melhora a Defesa e a Sobrevivência Skills,
22501,Gale Resolve,"Aumenta a taxa de resistência ao controle de multidão em <Orange>{EffectParam1}</>%
Aumenta Skill Velocidade de lançamento em <Orange>{EffectParam2}</>%",Melhoria de defesa e velocidade de lançamento,
22502,Deathless Flesh,"Aumenta o máximo HP por <Orange>{EffectParam1}</>
Reduz o dano recebido de skills de alvo único por <Orange>{EffectParam2}</>%",Melhore a sobrevivência Skills,
22140,Mana Training,Aumenta o poder de ataque básico em <Orange>{EffectParam1}</>,Aumenta o poder de ataque básico,
22240,Staff Enhancement,aumenta o poder de ataque de Skill em <Orange>{EffectParam1}</>,aumenta o poder de ataque de Skill,
22340,Combat Will: Mage,"Aumenta o dano a monstros em <Orange>{EffectParam1}</>%
 Aumenta o poder de ataque de Skill em <Orange>{EffectParam2}</>",Aumenta o poder de ataque,
22341,Primeval Magic,"Aumenta o dano crítico em <Orange>{EffectParam1}</>%
 Aumenta o HP máximo em <Orange>{EffectParam2}</>",Melhora o Ataque e a Sobrevivência Skills,
22440,Mage's Aura,"aumenta a chance de acerto crítico em <Orange>{EffectParam1}</>%
 Aumenta o poder de ataque básico em <Orange>{EffectParam2}</>",Aumenta o poder de ataque,
22441,Mind Blast,Aumenta o dano ao alvo atordoado em <Orange>{EffectParam1}</>%,Aumenta o poder de ataque,
22442,Mind Blast,"aumenta Skill Chance de lançamento em <Orange>{EffectParam1}</>% 
 Aumenta a velocidade de movimento em <Orange>{EffectParam2}</>%",Aumenta o poder de ataque,
22443,Frozen Flame,"Aumenta o dano contra alvos queimados em <Orange>{EffectParam1}</>%
 Aumenta o dano contra alvos congelados em <Orange>{EffectParam2}</>%",Aumenta o poder de ataque,
22444,Frozen Flame,Aumenta o dano de Skill em <Orange>{EffectParam1}</>%,Aumenta o dano de Skill,
22540,Burning Heart,Aumenta o dano por <Orange>{EffectParam1}</>%,Aumento de dano,
22541,Burning Heart,Aumenta o dano de Skill em <Orange>{EffectParam1}</>%,Aumenta o dano de Skill,
22170,Combat Instinct: Mage,Aumenta o acerto crítico Resistência por <Orange>{EffectParam1}</>,Aumenta a resistência a golpes críticos,
22270,Will of Mana,"Aumenta a defesa em <Orange>{EffectParam1}</>
 Aumenta a regeneração de MP em <Orange>{EffectParam2}</>",Melhora o ataque e a defesa,
22370,Magic Focus,"Aumenta Evasão por <Orange>{EffectParam1}</>
 Aumenta Skill Chance de lançamento em <Orange>{EffectParam2}</>%",Melhora o ataque e a defesa,
22371,Mana Amplification,Aumenta Poder de ataque em <Orange>{EffectParam1}</>,Aumento de Poder de Ataque,
22470,Mana Armor,Shield Generation,Escudo,
22471,Mana Armor,Aumenta a velocidade de movimento em <Orange>{EffectParam1}</>%,Aumento de velocidade de movimento,
22472,Foresight,Aumenta a taxa de evasão de Skill em <Orange>{EffectParam1}</>%,Aumenta Skill Taxa de evasão,
22473,Foresight,Reduz o cooldown de Skill em <Orange>{EffectParam1}</>s,Redução do tempo de espera Skill,
22474,Spell Acceleration,"aumenta Taxa de precisão em <Orange>{EffectParam1}</>%
Aumenta o dano de Skill em <Orange>{EffectParam2}</>%
Aumenta a velocidade de lançamento de Skill em <Orange>{EffectParam3}</>%",Precisão e aprimoramento de ataque,
22570,Eye of the Battlefield,Aumenta o dano por <Orange>{EffectParam1}</>%,Aumento de dano,
22572,Mana Erosion,"Reduz o dano de acerto crítico recebido por <Orange>{EffectParam1}</>%
Reduz a duração do controle de multidão de entrada em <Orange>{EffectParam2}</>%",Melhore a sobrevivência Skills,
22573,Mana Insight,Aumenta o dano causado a alvos protegidos em <Orange>{EffectParam1}</>%,Aumento de dano a alvos protegidos,
23100,Basic Combat,Aumenta Poder de ataque em <Orange>{EffectParam1}</>,Aumento de Poder de Ataque,
23101,Defensive Stance,Aumenta a defesa em <Orange>{EffectParam1}</>,Aumenta a defesa,
23102,Prepare to Strike,Aumenta o acerto crítico em <Orange>{EffectParam1}</>,Aumento de acerto crítico,
23200,Precise Aim,Aumenta Precisão em <Orange>{EffectParam1}</>,Aumento de precisão,
23201,Sharp Instincts,Aumenta a Evasão em <Orange>{EffectParam1}</>,Aumenta a Evasão,
23300,Power of the Combat,Aumenta Poder de ataque em <Orange>{EffectParam1}</>,Aumento de Poder de Ataque,
23301,Heavy Blow,"Aumenta a maximização Taxa em <Orange>{EffectParam1}</>%
 Aumenta o poder de ataque básico em <Orange>{EffectParam2}</>",Aumenta o poder de ataque,
23302,Enhance Vitality,"Aumenta o HP máximo em <Orange>{EffectParam1}</>
 Aumenta a cura de poções de HP em <Orange>{EffectParam2}</>",Melhore a sobrevivência Skills,
23400,Flow of the Battlefield,"Aumenta a regeneração de MP <Orange>{EffectParam1}</>
 Aumenta o poder de ataque de Skill em <Orange>{EffectParam2}</>",Aumenta o poder de ataque,
23401,Focused Breathing,Aumenta a taxa de precisão em <Orange>{EffectParam1}</>%,Aumento da taxa de precisão,
23402,Indomitable Body,"Aumenta a taxa de resistência a golpes críticos de Skill em <Orange>{EffectParam1}</>%
Reduz o dano de acerto crítico recebido por <Orange>{EffectParam2}</>%",Melhora a defesa,
23500,Hero’s Aura,"Reduz o dano recebido em <Orange>{EffectParam1}</>%
Aumenta a velocidade de movimento em <Orange>{EffectParam2}</>%",Melhora a Defesa e a Sobrevivência Skills,
23501,Gale Resolve,"Aumenta a taxa de resistência ao controle de multidão em <Orange>{EffectParam1}</>%
Aumenta Skill Velocidade de lançamento em <Orange>{EffectParam2}</>%",Melhoria de defesa e velocidade de lançamento,
23502,Deathless Flesh,"Aumenta o máximo HP por <Orange>{EffectParam1}</>
Reduz o dano recebido de skills de alvo único por <Orange>{EffectParam2}</>%",Melhore a sobrevivência Skills,
23140,Divine Training,Aumenta o poder de ataque básico em <Orange>{EffectParam1}</>,Aumenta o poder de ataque básico,
23240,Orb Enhancement,aumenta o poder de ataque de Skill em <Orange>{EffectParam1}</>,aumenta o poder de ataque de Skill,
23340,Combat Will: Battle Priest,"Aumenta o dano a monstros em <Orange>{EffectParam1}</>%
Aumenta o poder de ataque básico em <Orange>{EffectParam2}</>",Aumenta o poder de ataque,
23341,Inner Vision,"Aumenta Dano Crítico por <Orange>{EffectParam1}</>%
Aumenta o Poder de Ataque Ignorado em <Orange>{EffectParam2}</>",Melhora o ataque e a defesa,
23440,Battle Priest's Aura,"Aumenta a chance de acerto crítico em <Orange>{EffectParam1}</>%
 Aumenta o poder de ataque de Skill em <Orange>{EffectParam2}</>",Aumenta o poder de ataque,
23441,Holy Radiance,Aumenta Dano ao alvo com velocidade de movimento reduzida em <Orange>{EffectParam1}</>%,Aumenta o poder de ataque,
23442,Holy Radiance,"Aumenta a velocidade de ataque em <Orange>{EffectParam1}</>%
 e a velocidade de movimento em <Orange>{EffectParam2}</>%",Aumenta o poder de ataque,
23443,Frozen Miasma,"Aumenta o dano contra alvos congelados em <Orange>{EffectParam1}</>%
Aumenta o dano contra alvos envenenados em <Orange>{EffectParam2}</>%",Aumenta o poder de ataque,
23444,Frozen Miasma,Aumenta o dano de Skill em <Orange>{EffectParam1}</>%,Aumenta o dano de Skill,
23540,Divine Judgment,Aumenta o dano por <Orange>{EffectParam1}</>%,Aumento de dano,
23541,Divine Judgment,Aumenta o dano de ataque básico em <Orange>{EffectParam1}</>%,Aumenta o dano de ataques básicos,
23170,Combat Instinct: Battle Priest,Aumenta a defesa em <Orange>{EffectParam1}</>,Aumenta a defesa,
23270,Will of Nature,"Aumenta o HP máximo em <Orange>{EffectParam1}</>
Aumenta a regeneração de MP em <Orange>{EffectParam2}</>",Aumenta o poder de ataque,
23370,Recovery Shield,"Aumenta a defesa por <Orange>{EffectParam1}</> e
Quantidade de cura por <Orange>{EffectParam2}</>%",Melhora a Defesa e a Sobrevivência Skills,
23371,Healing Suppression,Aumenta a precisão do ataque básico em <Orange>{EffectParam1}</>,Aumenta a precisão do ataque básico,
23372,Healing Suppression,Reduz a cura de HP recebida por <Red>{EffectParam1}</>%,Reduz a cura de HP recebida,
23470,Combat Blessing,Cria um escudo anulador <Orange>{EffectParam1}</> vezes,Escudo anulador,
23471,Regroup,"Reduz o resfriamento de Skill em <Orange>{EffectParam1}</>%
Reduz a duração do controle de multidão em <Orange>{EffectParam2}</>%",Melhora o ataque e a defesa,
23472,Regroup,Recupere HP por <Orange>{EffectParam1}</>,Recuperação de HP,
23473,Divine Suppression,"Aumenta a taxa de precisão em <Orange>{EffectParam1}</>%
Aumenta o dano de Skill em <Orange>{EffectParam2}</>%
Aumenta a chance de acerto do controle de multidão em <Orange>{EffectParam3}</>%",Precisão e aprimoramento de ataque,
23570,Sanctuary,Aumenta a cura em <Orange>{EffectParam1}</>%,Aumento da quantidade de cura,
23571,Sanctuary,"Aumenta a taxa de evasão em <Orange>{EffectParam1}</>%
Aumenta a velocidade de movimento em <Orange>{EffectParam2}</>%",Melhora a defesa,
23572,Holy Blessing,"Reduz o dano de acerto crítico recebido em <Orange>{EffectParam1}</>%
Aumenta a taxa de resistência ao controle de multidão em <Orange>{EffectParam2}</>%",Melhore a sobrevivência Skills,
23573,Sacred Insight,Aumenta o dano causado a alvos protegidos em <Orange>{EffectParam1}</>%,Aumento de dano a alvos protegidos,
24100,Basic Combat,Aumenta Poder de ataque em <Orange>{EffectParam1}</>,Aumento de Poder de Ataque,
24101,Defensive Stance,Aumenta a defesa em <Orange>{EffectParam1}</>,Aumenta a defesa,
24102,Prepare to Strike,Aumenta o acerto crítico em <Orange>{EffectParam1}</>,Aumento de acerto crítico,
24200,Precise Aim,Aumenta Precisão em <Orange>{EffectParam1}</>,Aumento de precisão,
24201,Sharp Instincts,Aumenta a Evasão em <Orange>{EffectParam1}</>,Aumenta a Evasão,
24300,Power of the Combat,Aumenta Poder de ataque em <Orange>{EffectParam1}</>,Aumento de Poder de Ataque,
24301,Heavy Blow,"Aumenta a maximização Taxa em <Orange>{EffectParam1}</>%
 Aumenta o poder de ataque básico em <Orange>{EffectParam2}</>",Aumenta o poder de ataque,
24302,Enhance Vitality,"Aumenta o HP máximo em <Orange>{EffectParam1}</>
 Aumenta a cura de poções de HP em <Orange>{EffectParam2}</>",Melhore a sobrevivência Skills,
24400,Flow of the Battlefield,"Aumenta a regeneração de MP <Orange>{EffectParam1}</>
 Aumenta o poder de ataque de Skill em <Orange>{EffectParam2}</>",Aumenta o poder de ataque,
24401,Focused Breathing,Aumenta a taxa de precisão em <Orange>{EffectParam1}</>%,Aumento da taxa de precisão,
24402,Indomitable Body,"Aumenta a taxa de resistência a golpes críticos de Skill em <Orange>{EffectParam1}</>%
Reduz o dano de acerto crítico recebido por <Orange>{EffectParam2}</>%",Melhora a defesa,
24500,Hero’s Aura,"Reduz o dano recebido em <Orange>{EffectParam1}</>%
Aumenta a velocidade de movimento em <Orange>{EffectParam2}</>%",Melhora a Defesa e a Sobrevivência Skills,
24501,Gale Resolve,"Aumenta a taxa de resistência ao controle de multidão em <Orange>{EffectParam1}</>%
Aumenta Skill Velocidade de lançamento em <Orange>{EffectParam2}</>%",Melhoria de defesa e velocidade de lançamento,
24502,Deathless Flesh,"Aumenta o máximo HP por <Orange>{EffectParam1}</>
Reduz o dano recebido de skills de alvo único por <Orange>{EffectParam2}</>%",Melhore a sobrevivência Skills,
24140,Assassination Training,Aumenta a Defesa de Ignorar em <Orange>{EffectParam1}</>,Aumenta a Defesa de Ignorar,
24240,Dagger Enhancement,Aumenta Poder de ataque em <Orange>{EffectParam1}</>,Aumento de Poder de Ataque,
24340,Combat Will: Assassin,"Aumenta o dano a monstros em <Orange>{EffectParam1}</>%
 Aumenta o poder de ataque de Skill em <Orange>{EffectParam2}</>",Aumenta o poder de ataque,
24341,Shadow Discipline,"Aumenta Crítico Dano por <Orange>{EffectParam1}</>%
 Aumenta a Evasão em <Orange>{EffectParam2}</>",Melhora o ataque e a defesa,
24440,Assassin's Aura,"aumenta a chance de acerto crítico em <Orange>{EffectParam1}</>%
 Aumenta o poder de ataque básico em <Orange>{EffectParam2}</>",Aumenta o poder de ataque,
24441,Shadow Blade,Aumenta o dano ao alvo atordoado em <Orange>{EffectParam1}</>%,Aumenta o poder de ataque,
24442,Shadow Blade,"Aumenta o acerto crítico Chance em <Orange>{EffectParam1}</>% 
 Aumenta a velocidade de movimento em <Orange>{EffectParam2}</>%",Aumenta o poder de ataque,
24443,Cruel Imprint,"Aumenta o dano contra alvos envenenados em <Orange>{EffectParam1}</>%
Aumenta o dano contra alvos com sangramento em <Orange>{EffectParam2}</>%",Aumenta o poder de ataque,
24444,Cruel Imprint,aumenta a velocidade de ataque em <Orange>{EffectParam1}</>%,Aumento de velocidade de ataque,
24540,Assassin's Breath,Aumenta o dano por <Orange>{EffectParam1}</>%,Aumento de dano,
24541,Assassin's Breath,Aumenta o dano de Skill em <Orange>{EffectParam1}</>%,Aumenta o dano de Skill,
24170,Combat Instinct: Assassin,Aumenta Acerto crítico do jogador por <Orange>{EffectParam1}</>,Aumenta acerto crítico do jogador,
24270,Will of Darkness,"Aumenta o poder de ataque do jogador em <Orange>{EffectParam1}</>
 Aumenta a precisão do jogador em <Orange>{EffectParam2}</>",Aumenta o poder de ataque,
24370,Echo of Blood,"Aumenta a capacidade do jogador Taxa de precisão em <Orange>{EffectParam1}</>%
Aumenta o dano ao alvo de sangramento em <Orange>{EffectParam2}</>%",Aumenta o poder de ataque,
24371,Dark Focus,Aumenta o dano por <Orange>{EffectParam1}</>%,Aumento de dano,
24470,Blood Aura,"Aumenta a taxa de evasão em <Orange>{EffectParam1}</>%
Aumenta a velocidade de movimento em <Orange>{EffectParam2}</>%",Melhora a defesa,
24471,Dark Amplification,Aumenta o dano crítico do jogador em <Orange>{EffectParam1}</>%,Aumento do dano crítico do jogador,
24472,Shadow Instinct,"Aumenta a taxa de precisão em <Orange>{EffectParam1}</>%
Reduz a duração do controle de multidão em <Orange>{EffectParam2}</>%",Precisão e aprimoramento de defesa,
24570,Judgment,Aumenta a chance de acerto crítico do jogador em <Orange>{EffectParam1}</>%,Aumento da chance de acerto crítico do jogador,
24572,Cruel Instinct,"Reduz Dano de acerto crítico sofrido por <Orange>{EffectParam1}</>%
Aumenta a taxa de resistência ao efeito de aflição em <Orange>{EffectParam2}</>%",Melhore a sobrevivência Skills,
24573,Cruel Insight,Aumenta o dano causado a alvos protegidos em <Orange>{EffectParam1}</>%,Aumento de dano a alvos protegidos,
25100,Basic Combat,Aumenta Poder de ataque em <Orange>{EffectParam1}</>,Aumento de Poder de Ataque,
25101,Defensive Stance,Aumenta a defesa em <Orange>{EffectParam1}</>,Aumenta a defesa,
25102,Prepare to Strike,Aumenta o acerto crítico em <Orange>{EffectParam1}</>,Aumento de acerto crítico,
25200,Precise Aim,Aumenta Precisão em <Orange>{EffectParam1}</>,Aumento de precisão,
25201,Sharp Instincts,Aumenta a Evasão em <Orange>{EffectParam1}</>,Aumenta a Evasão,
25300,Power of the Combat,Aumenta Poder de ataque em <Orange>{EffectParam1}</>,Aumento de Poder de Ataque,
25301,Heavy Blow,"Aumenta a maximização Taxa em <Orange>{EffectParam1}</>%
 Aumenta o poder de ataque básico em <Orange>{EffectParam2}</>",Aumenta o poder de ataque,
25302,Enhance Vitality,"Aumenta o HP máximo em <Orange>{EffectParam1}</>
 Aumenta a cura de poções de HP em <Orange>{EffectParam2}</>",Melhore a sobrevivência Skills,
25400,Flow of the Battlefield,"Aumenta a regeneração de MP <Orange>{EffectParam1}</>
 Aumenta o poder de ataque de Skill em <Orange>{EffectParam2}</>",Aumenta o poder de ataque,
25401,Focused Breathing,Aumenta a taxa de precisão em <Orange>{EffectParam1}</>%,Aumento da taxa de precisão,
25402,Indomitable Body,"Aumenta a taxa de resistência a golpes críticos de Skill em <Orange>{EffectParam1}</>%
Reduz o dano de acerto crítico recebido por <Orange>{EffectParam2}</>%",Melhora a defesa,
25500,Hero’s Aura,"Reduz o dano recebido em <Orange>{EffectParam1}</>%
Aumenta a velocidade de movimento em <Orange>{EffectParam2}</>%",Melhora a Defesa e a Sobrevivência Skills,
25501,Gale Resolve,"Aumenta a taxa de resistência ao controle de multidão em <Orange>{EffectParam1}</>%
Aumenta Skill Velocidade de lançamento em <Orange>{EffectParam2}</>%",Melhoria de defesa e velocidade de lançamento,
25502,Deathless Flesh,"Aumenta o máximo HP por <Orange>{EffectParam1}</>
Reduz o dano recebido de skills de alvo único por <Orange>{EffectParam2}</>%",Melhore a sobrevivência Skills,
25140,Archery Training,aumenta o poder de ataque de Skill em <Orange>{EffectParam1}</>,aumenta o poder de ataque de Skill,
25240,Longbow Enhancement,Aumenta o poder de ataque básico em <Orange>{EffectParam1}</>,Aumenta o poder de ataque básico,
25340,Combat Will: Hunter,"Aumenta o dano a monstros em <Orange>{EffectParam1}</>%
Aumenta o poder de ataque básico em <Orange>{EffectParam2}</>",Aumenta o poder de ataque,
25341,Gale Arrow,"Aumenta o Dano Crítico em <Orange>{EffectParam1}</>%
Aumenta a resistência a golpes críticos em <Orange>{EffectParam2}</>",Melhora o ataque e a defesa,
25440,Hunter's Aura,"Aumenta a chance de acerto crítico em <Orange>{EffectParam1}</>%
 Aumenta o poder de ataque de Skill em <Orange>{EffectParam2}</>",Aumenta o poder de ataque,
25441,Beast's Fang,Aumenta Dano ao alvo com velocidade de movimento reduzida em <Orange>{EffectParam1}</>%,Aumenta o poder de ataque,
25442,Beast's Fang,"Aumenta o dano de Skill em <Orange>{EffectParam1}</>%
 Aumenta a velocidade de movimento em <Orange>{EffectParam2}</>%",Aumenta o poder de ataque,
25443,Bloodstained Instinct,Aumenta o dano contra alvos de sangramento em <Orange>{EffectParam1}</>%,Aumenta o poder de ataque,
25444,Bloodstained Instinct,Aumenta o dano de ataque básico em <Orange>{EffectParam1}</>%,Aumenta o dano de ataques básicos,
25540,Perfect Stance,Aumenta o dano por <Orange>{EffectParam1}</>%,Aumento de dano,
25541,Perfect Stance,Aumenta o dano de ataque básico em <Orange>{EffectParam1}</>%,Aumenta o dano de ataques básicos,
25170,Combat Instinct: Hunter,Aumenta a Defesa de Ignorar em <Orange>{EffectParam1}</>,Aumenta a Defesa de Ignorar,
25270,Arrow’s Will,"Aumenta o HP máximo em <Orange>{EffectParam1}</>
Aumenta a regeneração de HP em <Orange>{EffectParam2}</>",Melhore a sobrevivência Skills,
25370,Hunting Prowess,"Aumenta Precisão em <Orange>{EffectParam1}</>
 Aumenta a chance de acerto do controle de multidão em <Orange>{EffectParam2}</>%",Aumenta o poder de ataque,
25371,Beast Instinct,Reduz a resistência ao controle de multidão em <Red>{EffectParam1}</>%,Reduz a resistência ao Crowd Control,
25470,Hunting Essence,Reduz a Defesa em <Red>{EffectParam1}</>,Reduz a Defesa,
25471,Defense Break,Reduz a resistência a golpes críticos em <Red>{EffectParam1}</>%,Reduz a resistência a golpes críticos,
25472,Weakness Hunting,"Aumenta a taxa de precisão em <Orange>{EffectParam1}</>%
Aumenta o dano contra alvos controlados por multidão em <Orange>{EffectParam2}</>%",Precisão e aprimoramento de ataque,
25570,Ashen Arrow,Aumenta a duração do Crowd Control em <Orange>{EffectParam1}</>%,Aumenta a duração do controle de multidão,
25571,Ashen Arrow,Item desativado,Item desativado Item,
25572,Venom Tracker,"Reduz Dano de acerto crítico sofrido por <Orange>{EffectParam1}</>%
Aumenta a taxa de resistência ao efeito de aflição em <Orange>{EffectParam2}</>%",Melhore a sobrevivência Skills,
25573,Venomous Insight,Aumenta o dano causado a alvos protegidos em <Orange>{EffectParam1}</>%,Aumento de dano a alvos protegidos,
35002,Mage Descida Skill,Reduz a velocidade de movimento em <Red>{EffectParam1}</>%,Lento,
35003,Mage Descida Skill,Aumenta a defesa em <Orange>{EffectParam1}</>%,Aumenta a defesa,
40011,Mudando Buff,,,
40012,Mudando Buff,,,
40021,Mudando Buff,,,
40022,Mudando Buff,,,
40031,Mudando Buff,,,
40032,Mudando Buff,,,
40041,Mudando Buff,,,
40042,Mudando Buff,,,
40051,Mudando Buff,,,
40052,Mudando Buff,,,
45371,Shield Generation,<Orange>{EffectParam1}</> Escudo,Escudo,
45372,Shield Generation,<Orange>{EffectParam1}</> Escudo,Escudo,
45373,Shield Generation,<Orange>{EffectParam1}</> Escudo,Escudo,
45374,Shield Generation,<Orange>{EffectParam1}</> Escudo,Escudo,
45381,Movement Speed Increase,Aumenta a velocidade de movimento em <Orange>{EffectParam1}</>%,Aumento de velocidade de movimento,
45382,Movement Speed Increase,Aumenta a velocidade de movimento em <Orange>{EffectParam1}</>%,Aumento de velocidade de movimento,
45383,Movement Speed Increase,Aumenta a velocidade de movimento em <Orange>{EffectParam1}</>%,Aumento de velocidade de movimento,
45384,Movement Speed Increase,Aumenta a velocidade de movimento em <Orange>{EffectParam1}</>%,Aumento de velocidade de movimento,
45394,Reduces Damage Taken,Reduz os danos sofridos por <Orange>{EffectParam1}</>%,Reduz o dano recebido,
45395,Reduces Damage Taken,Reduz os danos sofridos por <Orange>{EffectParam1}</>%,Reduz o dano recebido,
45404,Increases Evasion Chance,Aumenta a Chance de Evasão em <Orange>{EffectParam1}</>%,aumenta a chance de evasão,
45405,Increases Evasion Chance,Aumenta a Chance de Evasão em <Orange>{EffectParam1}</>%,aumenta a chance de evasão,
45414,Crowd Control Resistance Increase,aumenta a taxa de resistência ao controle de multidão em <Orange>{EffectParam1}</>%,Aumento da resistência ao controle de multidão,
45415,Crowd Control Resistance Increase,aumenta a taxa de resistência ao controle de multidão em <Orange>{EffectParam1}</>%,Aumento da resistência ao controle de multidão,
45474,Increase Critical Hit Resistance Rate ,Aumenta a taxa de resistência a golpes críticos em <Orange>{EffectParam1}</>%,Aumenta a taxa de resistência a acerto crítico contra jogadores,
45475,Increase Critical Hit Resistance Rate ,Aumenta a taxa de resistência a golpes críticos em <Orange>{EffectParam1}</>%,Aumenta a taxa de resistência a acerto crítico contra jogadores,
45484,Attack Power Increase,Aumenta Poder de ataque em <Orange>{EffectParam1}</>,Aumento de Poder de Ataque,
45485,Attack Power Increase,Aumenta Poder de ataque em <Orange>{EffectParam1}</>,Aumento de Poder de Ataque,
45494,Increases Defense,Aumenta a defesa em <Orange>{EffectParam1}</>,Aumenta a defesa,
45495,Increases Defense,Aumenta a defesa em <Orange>{EffectParam1}</>,Aumenta a defesa,
45504,Increase Skill Cast Speed,Aumenta a velocidade de lançamento de Skill em <Orange>{EffectParam1}</>%,Aumentar Skill Velocidade de lançamento,
45505,Increase Skill Cast Speed,Aumenta a velocidade de lançamento de Skill em <Orange>{EffectParam1}</>%,Aumentar Skill Velocidade de lançamento,
46081,Reduces Attack Power,Reduz o Poder de Ataque em <Red>{EffectParam1}</>,reduz Poder de Ataque,
46082,Reduces Attack Power,Reduz o Poder de Ataque em <Red>{EffectParam1}</>,reduz Poder de Ataque,
46083,Reduces Attack Power,Reduz o Poder de Ataque em <Red>{EffectParam1}</>,reduz Poder de Ataque,
46084,Reduces Attack Power,Reduz o Poder de Ataque em <Red>{EffectParam1}</>,reduz Poder de Ataque,
46085,Reduces Attack Power,Reduz o Poder de Ataque em <Red>{EffectParam1}</>,reduz Poder de Ataque,
46091,Reduces Defense,Reduz a Defesa em <Red>{EffectParam1}</>,Reduz a Defesa,
46092,Reduces Defense,Reduz a Defesa em <Red>{EffectParam1}</>,Reduz a Defesa,
46093,Reduces Defense,Reduz a Defesa em <Red>{EffectParam1}</>,Reduz a Defesa,
46094,Reduces Defense,Reduz a Defesa em <Red>{EffectParam1}</>,Reduz a Defesa,
46095,Reduces Defense,Reduz a Defesa em <Red>{EffectParam1}</>,Reduz a Defesa,
46244,Inflicts Movement Speed Reduction,Reduz a velocidade de movimento em <Red>{EffectParam1}</>%,Lento,
46245,Inflicts Movement Speed Reduction,Reduz a velocidade de movimento em <Red>{EffectParam1}</>%,Lento,
46344,Movement Speed Increase,Aumenta a velocidade de movimento em <Orange>{EffectParam1}</>%,Aumento de velocidade de movimento,
46345,Movement Speed Increase,Aumenta a velocidade de movimento em <Orange>{EffectParam1}</>%,Aumento de velocidade de movimento,
47025,Increases Count,Adicione 1 traço,Aumenta a contagem de avanços,
47044,Crowd Control Resistance Increase,aumenta a taxa de resistência ao controle de multidão em <Orange>{EffectParam1}</>%,Aumenta tudo Resistência ao controle de multidão,
47045,Crowd Control Resistance Increase,aumenta a taxa de resistência ao controle de multidão em <Orange>{EffectParam1}</>%,Aumenta tudo Resistência ao controle de multidão,
47051,Movement Speed Increase,Aumenta a velocidade de movimento em <Orange>{EffectParam1}</>%,Aumento de velocidade de movimento,
47052,Movement Speed Increase,Aumenta a velocidade de movimento em <Orange>{EffectParam1}</>%,Aumento de velocidade de movimento,
47053,Movement Speed Increase,Aumenta a velocidade de movimento em <Orange>{EffectParam1}</>%,Aumento de velocidade de movimento,
47054,Movement Speed Increase,Aumenta a velocidade de movimento em <Orange>{EffectParam1}</>%,Aumento de velocidade de movimento,
47055,Movement Speed Increase,Aumenta a velocidade de movimento em <Orange>{EffectParam1}</>%,Aumento de velocidade de movimento,
47064,Increases Evasion Chance,Aumenta a Chance de Evasão em <Orange>{EffectParam1}</>%,aumenta a chance de evasão,
47065,Increases Evasion Chance,Aumenta a Chance de Evasão em <Orange>{EffectParam1}</>%,aumenta a chance de evasão,
47071,,,,
47072,,,,
47075,Crowd Control Resistance Increase,aumenta a taxa de resistência ao controle de multidão em <Orange>{EffectParam1}</>%,Aumenta tudo Resistência ao controle de multidão,
47091,Casting Speed Increase,Aumenta a velocidade de lançamento em <Orange>{EffectParam1}</>%,Aumento da velocidade de lançamento,
47092,Casting Speed Increase,Aumenta a velocidade de lançamento em <Orange>{EffectParam1}</>%,Aumento da velocidade de lançamento,
47093,Casting Speed Increase,Aumenta a velocidade de lançamento em <Orange>{EffectParam1}</>%,Aumento da velocidade de lançamento,
47094,Casting Speed Increase,Aumenta a velocidade de lançamento em <Orange>{EffectParam1}</>%,Aumento da velocidade de lançamento,
47095,Casting Speed Increase,Aumenta a velocidade de lançamento em <Orange>{EffectParam1}</>%,Aumento da velocidade de lançamento,
47104,Increases Defense,Aumenta a defesa em <Orange>{EffectParam1}</>,Aumenta a defesa,
47105,Increases Defense,Aumenta a defesa em <Orange>{EffectParam1}</>,Aumenta a defesa,
47111,Increases monster’s Defense,Aumenta a defesa do monstro em <Orange>{EffectParam1}</>,Aumenta a defesa do monstro,
47112,Increases monster’s Defense,Aumenta a defesa do monstro em <Orange>{EffectParam1}</>,Aumenta a defesa do monstro,
47113,Increases monster’s Defense,Aumenta a defesa do monstro em <Orange>{EffectParam1}</>,Aumenta a defesa do monstro,
47121,Increases player’s Defense,Aumenta a defesa do jogador em <Orange>{EffectParam1}</>,Aumenta a defesa do jogador,
47122,Increases player’s Defense,Aumenta a defesa do jogador em <Orange>{EffectParam1}</>,Aumenta a defesa do jogador,
47123,Increases player’s Defense,Aumenta a defesa do jogador em <Orange>{EffectParam1}</>,Aumenta a defesa do jogador,
47134,Increases Evasion,Aumenta a Evasão em <Orange>{EffectParam1}</>,Aumenta a Evasão,
47135,Increases Evasion,Aumenta a Evasão em <Orange>{EffectParam1}</>,Aumenta a Evasão,
47141,Increases monster’s Evasion,Aumenta a evasão do monstro em <Orange>{EffectParam1}</>,Aumenta a evasão do monstro,
47142,Increases monster’s Evasion,Aumenta a evasão do monstro em <Orange>{EffectParam1}</>,Aumenta a evasão do monstro,
47143,Increases monster’s Evasion,Aumenta a evasão do monstro em <Orange>{EffectParam1}</>,Aumenta a evasão do monstro,
47151,Increases player’s Evasion,Aumenta a evasão do jogador em <Orange>{EffectParam1}</>,Aumenta a evasão do jogador,
47152,Increases player’s Evasion,Aumenta a evasão do jogador em <Orange>{EffectParam1}</>,Aumenta a evasão do jogador,
47153,Increases player’s Evasion,Aumenta a evasão do jogador em <Orange>{EffectParam1}</>,Aumenta a evasão do jogador,
47164,Increases Critical Hit Resistance,Aumenta o acerto crítico Resistência por <Orange>{EffectParam1}</>,Aumenta a resistência a golpes críticos,
47165,Increases Critical Hit Resistance,Aumenta o acerto crítico Resistência por <Orange>{EffectParam1}</>,Aumenta a resistência a golpes críticos,
47171,Increases monster’s Critical Hit Resistance,Aumenta a resistência ao acerto crítico do monstro em <Orange>{EffectParam1}</>,Aumenta a resistência a golpes críticos do monstro,
47172,Increases monster’s Critical Hit Resistance,Aumenta a resistência ao acerto crítico do monstro em <Orange>{EffectParam1}</>,Aumenta a resistência a golpes críticos do monstro,
47173,Increases monster’s Critical Hit Resistance,Aumenta a resistência ao acerto crítico do monstro em <Orange>{EffectParam1}</>,Aumenta a resistência a golpes críticos do monstro,
47181,Increases player’s Critical Hit Resistance,Aumenta a resistência a golpes críticos do jogador em <Orange>{EffectParam1}</>,Aumenta a resistência ao acerto crítico do jogador,
47182,Increases player’s Critical Hit Resistance,Aumenta a resistência a golpes críticos do jogador em <Orange>{EffectParam1}</>,Aumenta a resistência ao acerto crítico do jogador,
47183,Increases player’s Critical Hit Resistance,Aumenta a resistência a golpes críticos do jogador em <Orange>{EffectParam1}</>,Aumenta a resistência ao acerto crítico do jogador,
47194,Reduces Basic Attack Damage Taken,Reduz o dano de ataque básico recebido por <Orange>{EffectParam1}</>%,Reduz o dano de ataque básico recebido,
47195,Reduces Basic Attack Damage Taken,Reduz o dano de ataque básico recebido por <Orange>{EffectParam1}</>%,Reduz o dano de ataque básico recebido,
47204,Reduces Skill Damage Taken,Reduz Skill Dano sofrido por <Orange>{EffectParam1}</>%,Reduz Skill Dano sofrido,
47205,Reduces Skill Damage Taken,Reduz Skill Dano sofrido por <Orange>{EffectParam1}</>%,Reduz Skill Dano sofrido,
47214,Reduces Damage Taken from monsters,Reduz Dano recebido de monstros por <Orange>{EffectParam1}</>%,Reduz o dano recebido de monstros,
47215,Reduces Damage Taken from monsters,Reduz Dano recebido de monstros por <Orange>{EffectParam1}</>%,Reduz o dano recebido de monstros,
47224,Reduces Damage Taken from players,Reduz o dano recebido de jogadores por <Orange>{EffectParam1}</>%,Reduz o dano recebido de jogadores,
47225,Reduces Damage Taken from players,Reduz o dano recebido de jogadores por <Orange>{EffectParam1}</>%,Reduz o dano recebido de jogadores,
47235,Remove Pain Effect,Aumenta toda a resistência aos efeitos de dor em <Orange>{EffectParam1}</>%,Aumenta toda a resistência aos efeitos de dor,
47245,Grant Invisibility,O ataque quebra a invisibilidade,,
51401,Quick Heal,Aumenta a cura em <Orange>{EffectParam1}</>%,Efeito equipado com arma fantasma,
51402,Enhance Fighting Spirit,Aumenta a maximização em <Orange>{EffectParam1}</>%,Efeito equipado com arma fantasma,
51403,Enhance Vision,Aumenta a taxa de precisão de ataque básico em <Orange>{EffectParam1}</>%,Efeito equipado com arma fantasma,
51404,Focus Skill,Aumenta a taxa de precisão de Skill em <Orange>{EffectParam1}</>%,Efeito equipado com arma fantasma,
51405,Striking Instinct,Aumenta a taxa de precisão em <Orange>{EffectParam1}</>%,Efeito equipado com arma fantasma,
51406,Sharp Momentum,Aumenta a chance de acerto crítico do ataque básico em <Orange>{EffectParam1}</>%,Efeito equipado com arma fantasma,
51407,Sharp Skill,aumenta a chance de acerto crítico de Skill em <Orange>{EffectParam1}</>%,Efeito equipado com arma fantasma,
51408,Critical Instinct,aumenta a chance de acerto crítico em <Orange>{EffectParam1}</>%,Efeito equipado com arma fantasma,
51409,Strike Burst,Aumenta o dano crítico do ataque básico em <Orange>{EffectParam1}</>%,Efeito equipado com arma fantasma,
51410,Skill Burst,Aumenta o dano crítico de Skill em <Orange>{EffectParam1}</>%,Efeito equipado com arma fantasma,
51411,Rift Fissure,Aumenta o Dano Crítico em <Orange>{EffectParam1}</>%,Efeito equipado com arma fantasma,
51412,Unleashed Power,Aumenta o dano de ataque básico em <Orange>{EffectParam1}</>%,Efeito equipado com arma fantasma,
51413,Unleashed Skills,Aumenta o dano de Skill em <Orange>{EffectParam1}</>%,Efeito equipado com arma fantasma,
51414,Heartbeat,Aumenta o dano por <Orange>{EffectParam1}</>%,Efeito equipado com arma fantasma,
51415,Keen Inner Self,Aumenta o dano ao jogador em <Orange>{EffectParam1}</>%,Efeito equipado com arma fantasma,
51416,Predator's Aura,Aumenta o dano a todos os monstros em <Orange>{EffectParam1}</>%,Efeito equipado com arma fantasma,
51501,Life Regeneration,"Aumenta a taxa de precisão em <Orange>{EffectParam1}</>%
 Aumenta a quantidade de cura em <Orange>{EffectParam2}</>%",Efeito equipado com arma fantasma,
51502,Fighting Spirit Awakening,"Aumenta a precisão Taxa em <Orange>{EffectParam1}</>%
 Aumenta a taxa de maximização em <Orange>{EffectParam2}</>%",Efeito equipado com arma fantasma,
51503,Perfect Rift,"Aumenta a taxa de precisão em <Orange>{EffectParam1}</>%
Aumenta Chance de acerto crítico em <Orange>{EffectParam2}</>%",Efeito equipado com arma fantasma,
51504,Enhance Rift,"Aumenta a taxa de precisão em <Orange>{EffectParam1}</>%
 Aumenta o dano crítico em <Orange>{EffectParam2}</>%",Efeito equipado com arma fantasma,
51505,Power Unbound,"Aumenta a precisão Taxa em <Orange>{EffectParam1}</>%
Aumenta o dano de ataque básico em <Orange>{EffectParam2}</>%",Efeito equipado com arma fantasma,
51506,Skill Unbound,"Aumenta a taxa de precisão por <Orange>{EffectParam1}</>%
Aumenta o dano de Skill em <Orange>{EffectParam2}</>%",Efeito equipado com arma fantasma,
51507,Beast Instinct,"Aumenta a taxa de precisão em <Orange>{EffectParam1}</>%
Aumenta Dano a todos os monstros em <Orange>{EffectParam2}</>%",Efeito equipado com arma fantasma,
51508,Inner Resolve,"Aumenta a taxa de precisão em <Orange>{EffectParam1}</>%
Aumenta o dano aos jogadores em <Orange>{EffectParam2}</>%",Efeito equipado com arma fantasma,
51509,Predator’s Senses,"Aumenta a taxa de precisão por <Orange>{EffectParam1}</>%
Aumenta o dano do chefe em <Orange>{EffectParam2}</>%",Efeito equipado com arma fantasma,
51510,Heart’s Fury,"Aumenta a taxa de precisão em <Orange>{EffectParam1}</>%
Aumenta o dano em <Orange>{EffectParam2}</>%",Efeito equipado com arma fantasma,
51511,Ruler's Instinct,"Aumenta a taxa de precisão em <Orange>{EffectParam1}</>%
Aumenta o dano aos jogadores em <Orange>{EffectParam2}</>%",Efeito equipado com arma fantasma,
51512,Predator's Insight,"Aumenta a taxa de precisão por <Orange>{EffectParam1}</>%
Aumenta o dano do chefe em <Orange>{EffectParam2}</>%",Efeito equipado com arma fantasma,
51601,Judgment of the Absolute,"Aumenta a taxa de precisão em <Orange>{EffectParam1}</>%
Aumenta Cura por <Orange>{EffectParam2}</>%
Aumenta o Escudo em <Orange>{EffectParam3}</>%
Aumenta a taxa de maximização em <Orange>{EffectParam4}</>%
Aumenta Dano crítico em <Orange>{EffectParam5}</>%",Efeito equipado com arma fantasma,
51602,The Great Battle,"Aumenta a taxa de precisão em <Orange>{EffectParam1}</>%
Aumenta a cura em <Orange>{EffectParam2}</>%
Aumenta Proteger em <Orange>{EffectParam3}</>%
 Aumenta a taxa de maximização em <Orange>{EffectParam4}</>%
Aumenta o dano em <Orange>{EffectParam5}</>%",Efeito equipado com arma fantasma,
51603,Boundless Dawn,"Aumenta Taxa de precisão em <Orange>{EffectParam1}</>%
 Aumenta a cura de HP em <Orange>{EffectParam2}</>%
Aumenta a quantidade de escudo em <Orange>{EffectParam3}</>%
Aumenta Chance de maximização em <Orange>{EffectParam4}</>%
Aumenta o dano em <Orange>{EffectParam5}</>%
Aumenta o dano crítico aos jogadores vaidosos em <Orange>{EffectParam6}</>%",Efeito equipado com arma fantasma,
52501,Domination Suppression,"Aumenta a taxa de acerto do controle de multidão em <Orange>{EffectParam1}</>%
Aumenta a taxa de acerto de dor em <Orange>{EffectParam2}</>%",Efeito equipado com arma fantasma,
52601,Primordial Suppression,"Aumenta a taxa de acerto do controle de multidão em <Orange>{EffectParam1}</>%
Aumenta a taxa de acerto de dor em <Orange>{EffectParam2}</>%",Efeito equipado com arma fantasma,
53601,Thrilling Blade Dance,Reinicia o tempo de espera do último Skill ativo usado,,
53602,Blade’s Cry of the Primordial,"Aumenta a velocidade de movimento em <Orange>{EffectParam1}</>%
 Aumenta a velocidade de ataque em <Orange>{EffectParam2}</>%",Aumento de velocidade de movimento,
53603,Absolute Accuracy,"Aumenta Taxa de precisão em <Orange>{EffectParam1}</>% 
 Aumenta a taxa de acertos de CC em <Orange>{EffectParam2}</>%",Aumenta o poder de ataque,
54401,Quick Heal,Aumenta a cura recebida por <Orange>{EffectParam1}</>%,Efeito de Traje Equipado,
54402,Protection Training,Aumenta a quantidade de escudo recebido em <Orange>{EffectParam1}</>%,Efeito de Traje Equipado,
54403,Will Suppression,Aumenta Taxa de resistência de maximização em <Orange>{EffectParam1}</>%,Efeito de Traje Equipado,
54404,Will Suppression,Aumenta Taxa de resistência de maximização em <Orange>{EffectParam1}</>%,Efeito de Traje Equipado,
54405,Enhance Senses,Aumenta a taxa de evasão de ataque básico em <Orange>{EffectParam1}</>%,Efeito de Traje Equipado,
54406,Enhance Intuition,Aumenta a taxa de evasão de Skill em <Orange>{EffectParam1}</>%,Efeito de Traje Equipado,
54407,Crisis Detection,Aumenta a Taxa de Evasão contra todos os monstros em <Orange>{EffectParam1}</>%,Efeito de Traje Equipado,
54408,Fighting Spirit Detection,Aumenta a taxa de evasão do jogador em <Orange>{EffectParam1}</>%,Efeito de Traje Equipado,
54409,Sensory Focus,Aumenta a Chance de Evasão em <Orange>{EffectParam1}</>%,Efeito de Traje Equipado,
54410,Shock Absorption,Aumenta a taxa de resistência ao acerto crítico do ataque básico em <Orange>{EffectParam1}</>%,Efeito de Traje Equipado,
54411,Focused Defense,aumenta a taxa de resistência a acertos críticos de Skill em <Orange>{EffectParam1}</>%,Efeito de Traje Equipado,
54412,Hunt Resistance,Aumenta a taxa de resistência ao acerto crítico de todos os monstros em <Orange>{EffectParam1}</>%,Efeito de Traje Equipado,
54413,Strike Evasion,Aumenta a taxa de resistência a acertos críticos do jogador em <Orange>{EffectParam1}</>%,Efeito de Traje Equipado,
54414,Enhance Resistance,Aumenta a taxa de resistência a golpes críticos em <Orange>{EffectParam1}</>%,Efeito de Traje Equipado,
54415,Pulverize Resistance,Reduz o dano crítico de ataque básico recebido por <Orange>{EffectParam1}</>%,Efeito de Traje Equipado,
54416,Damage Mitigation,Reduz o dano crítico de Skill recebido por <Orange>{EffectParam1}</>%,Efeito de Traje Equipado,
54417,Survival Instincts,Reduz o Dano Crítico de todos os monstros em <Orange>{EffectParam1}</>%,Efeito de Traje Equipado,
54418,Shock Suppression,Reduz o dano crítico recebido do jogador em <Orange>{EffectParam1}</>%,Efeito de Traje Equipado,
54419,Pain Resistance,reduz o dano crítico recebido em <Orange>{EffectParam1}</>%,Efeito de Traje Equipado,
54420,Strike Mitigation,Reduz o dano de ataque básico recebido por <Orange>{EffectParam1}</>%,Efeito de Traje Equipado,
54421,Skill Defense,Reduz Skill Dano sofrido por <Orange>{EffectParam1}</>%,Efeito de Traje Equipado,
54422,Hunt Endurance,Reduz o dano recebido de todos os monstros em <Orange>{EffectParam1}</>%,Efeito de Traje Equipado,
54423,Duel Defense,Reduz o dano recebido de jogadores por <Orange>{EffectParam1}</>%,Efeito de Traje Equipado,
54424,Hunt Instincts,Reduz o dano recebido de chefes por <Orange>{EffectParam1}</>%,Efeito de Traje Equipado,
54425,Defense Essence,Reduz a taxa de redução de danos sofridos em <Orange>{EffectParam1}</>%,Efeito de Traje Equipado,
54501,Instant Heal,"Aumenta a taxa de evasão em <Orange>{EffectParam1}</>%
 Aumenta a cura recebida por <Orange>{EffectParam2}</>%",Efeito de Traje Equipado,
54502,Hand of the Guardian,"Aumenta a taxa de evasão por <Orange>{EffectParam1}</>%
Aumenta o Escudo Recebido por <Orange>{EffectParam2}</>%",Efeito de Traje Equipado,
54503,Echo of Chains,"Aumenta a taxa de evasão em <Orange>{EffectParam1}</>%
 Aumenta a maximização Taxa de resistência em <Orange>{EffectParam2}</>%",Efeito de Traje Equipado,
54504,Survival Hunt,"Aumenta Taxa de Evasão em <Orange>{EffectParam1}</>% 
 Aumenta a Taxa de Resistência a Golpes Críticos de todos os monstros em <Orange>{EffectParam2}</>%",Efeito de Traje Equipado,
54505,Frozen Momentum,"Aumenta a taxa de evasão em <Orange>{EffectParam1}</>%
 Aumenta a taxa de resistência a golpes críticos do jogador em <Orange>{EffectParam2}</>%",Efeito de Traje Equipado,
54506,Resistance Instincts,"Aumenta a taxa de evasão em <Orange>{EffectParam1}</>%
Aumenta a taxa de resistência a golpes críticos em <Orange>{EffectParam2}</>%",Efeito de Traje Equipado,
54507,Unyielding Survival,"Aumenta a taxa de evasão em <Orange>{EffectParam1}</>%
Reduz o dano crítico recebido de todos os monstros por <Orange>{EffectParam2}</>%",Efeito de Traje Equipado,
54508,Memories of Pain,"Aumenta a taxa de evasão em <Orange>{EffectParam1}</>%
Reduz críticos Dano causado aos jogadores por <Orange>{EffectParam2}</>%",Efeito de Traje Equipado,
54509,Explosion Resistance,"Aumenta a taxa de evasão em <Orange>{EffectParam1}</>%
Reduz o dano crítico recebido em <Orange>{EffectParam2}</>%",Efeito de Traje Equipado,
54510,Strike Mitigation,"Aumenta a taxa de evasão em <Orange>{EffectParam1}</>%
Reduz o ataque básico Danos sofridos por <Orange>{EffectParam2}</>%",Efeito de Traje Equipado,
54511,Skill Mitigation,"Aumenta a taxa de evasão em <Orange>{EffectParam1}</>%
Reduz Skill Dano Sofrido por <Orange>{EffectParam2}</>%",Efeito de Traje Equipado,
54512,Endurance of the Hunt,"Aumenta a evasão Taxa em <Orange>{EffectParam1}</>%
Reduz o dano recebido de todos os monstros em <Orange>{EffectParam2}</>%",Efeito de Traje Equipado,
54513,Survival’s Instincts,"Aumenta a taxa de evasão em <Orange>{EffectParam1}</>%
Reduz danos Retirado dos jogadores por <Orange>{EffectParam2}</>%",Efeito de Traje Equipado,
54514,Predator’s Aura,"Aumenta a taxa de evasão em <Orange>{EffectParam1}</>%
Reduz o dano recebido de chefes por <Orange>{EffectParam2}</>%",Efeito de Traje Equipado,
54515,Indomitable Will,"Aumenta a taxa de evasão em <Orange>{EffectParam1}</>%
Reduz o dano recebido por <Orange>{EffectParam2}</>%",Efeito de Traje Equipado,
54516,Death-Defying Will,"Aumenta a evasão em <Orange>{EffectParam1}</>%
Reduz o dano recebido por <Orange>{EffectParam2}</>%
Reduz o dano crítico sofrido por <Orange>{EffectParam3}</>%",Efeito de Traje Equipado,
54517,Silent Endurance,"Aumenta a taxa de evasão em <Orange>{EffectParam1}</>%
Reduz o dano recebido por <Orange>{EffectParam2}</>%",Efeito de Traje Equipado,
54518,Shock Dissipation,"Aumenta a evasão em <Orange>{EffectParam1}</>%
Reduz o dano recebido por <Orange>{EffectParam2}</>%
Reduz o dano crítico sofrido por <Orange>{EffectParam3}</>%",Efeito de Traje Equipado,
54601,Hem of Calamity,"Aumenta a evasão Avaliar por <Orange>{EffectParam1}</>%
Aumenta a cura recebida por <Orange>{EffectParam2}</>%
Aumenta o escudo recebido por <Orange>{EffectParam3}</>%
Aumenta Chance de resistência de maximização por <Orange>{EffectParam4}</>% 
Reduz o dano crítico recebido por <Orange>{EffectParam5}</>%",Efeito de Traje Equipado,
54602,Pain Seal,"Aumenta a taxa de evasão em <Orange>{EffectParam1}</>%
 Aumenta a cura de HP recebida por <Orange>{EffectParam2}</>%
Aumenta o escudo recebido por <Orange>{EffectParam3}</>%
Aumenta Chance de resistência de maximização em <Orange>{EffectParam4}</>% 
 Aumenta a taxa de resistência crítica em <Orange>{EffectParam5}</>%",Efeito de Traje Equipado,
54603,Covenant of Survival,"Aumenta a evasão Avaliar por <Orange>{EffectParam1}</>%
Aumenta a cura recebida por <Orange>{EffectParam2}</>%
Aumenta o escudo recebido por <Orange>{EffectParam3}</>%
Aumenta Chance de resistência de maximização por <Orange>{EffectParam4}</>%
Reduz o dano recebido por <Orange>{EffectParam5}</>%",Efeito de Traje Equipado,
54604,Cry of Protection,"Aumenta a taxa de evasão em <Orange>{EffectParam1}</>%
 Aumenta a cura recebida por <Orange>{EffectParam2}</>%
Aumenta o escudo recebido por <Orange>{EffectParam3}</>%
Aumenta Chance de Resistência de Maximização em <Orange>{EffectParam4}</>%
Aumenta a Taxa de Resistência Crítica em <Orange>{EffectParam5}</>%
Reduz o dano recebido por <Orange>{EffectParam6}</>%",Efeito de Traje Equipado,
54605,Despair of the Blade,"Aumenta a taxa de evasão em <Orange>{EffectParam1}</>%
 Aumenta a cura recebida por <Orange>{EffectParam2}</>%
Aumenta o escudo recebido por <Orange>{EffectParam3}</>%
Aumenta Chance de Resistência de Maximização por <Orange>{EffectParam4}</>%
Reduz Dano Crítico Sofrido por <Orange>{EffectParam5}</>%
Reduz o dano recebido por <Orange>{EffectParam6}</>%",Efeito de Traje Equipado,
55501,Warrior’s Form,"Aumenta a taxa de resistência ao controle de multidão em <Orange>{EffectParam1}</>%
 Aumenta a taxa de resistência à dor em <Orange>{EffectParam2}</>%",Efeito de Traje Equipado,
55601,Hero’s Radiance,"Aumenta a taxa de resistência ao controle de multidão em <Orange>{EffectParam1}</>%
 Aumenta a taxa de resistência à dor em <Orange>{EffectParam2}</>%",Efeito de Traje Equipado,
56601,Ruler’s Commanding Spirit,Reduz o dano de ataque básico recebido por <Orange>{EffectParam1}</>%,Reduz o dano de ataque básico recebido,
56602,Radiant Flow,Reduz Skill Dano sofrido por <Orange>{EffectParam1}</>%,Reduz Skill Dano sofrido,
56603,Moonlight Aura,<Orange>{EffectParam1}</> Escudo,Escudo,
56604,Astral Sight,Aumenta a taxa de evasão de ataque básico em <Orange>{EffectParam1}</>%,Aumenta a taxa de evasão de ataque básico,
56605,Prophet’s Veil,Aumenta a taxa de evasão de Skill em <Orange>{EffectParam1}</>%,Aumenta Skill Taxa de evasão,
57001,Haste,aumenta a velocidade de natação em <Orange>{EffectParam2}</>% para <Orange>{EffectParam1}</>s,aumenta a velocidade de natação,
58001,Haste,Aumenta a velocidade de montagem em <Orange>{EffectParam2}</>% para <Orange>{EffectParam1}</>s,aumenta a velocidade de montagem,
58002,Haste,Aumenta a velocidade de montagem em <Orange>{EffectParam2}</>% para <Orange>{EffectParam1}</>s,aumenta a velocidade de montagem,
58003,Haste,Aumenta a velocidade de montagem em <Orange>{EffectParam2}</>% para <Orange>{EffectParam1}</>s,aumenta a velocidade de montagem,
58004,Haste,Aumenta a velocidade de montagem em <Orange>{EffectParam2}</>% para <Orange>{EffectParam1}</>s,aumenta a velocidade de montagem,
58005,Haste,Aumenta a velocidade de montagem em <Orange>{EffectParam2}</>% para <Orange>{EffectParam1}</>s,aumenta a velocidade de montagem,
58006,Haste,Aumenta a velocidade de montagem em <Orange>{EffectParam2}</>% para <Orange>{EffectParam1}</>s,aumenta a velocidade de montagem,
58009,Haste,,,
58101,Power of the Sigil,"Aumenta a regeneração de HP em <Orange>{EffectParam1}</>
 Aumenta a regeneração de MP em <Orange>{EffectParam2}</>",Montagem Equipada Efeito,
58102,Power of the Beast,Aumenta a cura de poções de HP em <Orange>{EffectParam1}</>,Montagem Equipada Efeito,
58103,Power of the Beast,Aumenta a cura de poções de HP em <Orange>{EffectParam1}</>,Montagem Equipada Efeito,
58104,Aura of the Tree,Reduz o custo de MP em <Orange>{EffectParam1}</>%,Montagem Equipada Efeito,
58105,Power of the Sigil,"Aumenta a regeneração de HP em <Orange>{EffectParam1}</>
 Aumenta a regeneração de MP em <Orange>{EffectParam2}</>",Montagem Equipada Efeito,
58106,Aura of the Tree,Reduz o custo de MP em <Orange>{EffectParam1}</>%,Montagem Equipada Efeito,
58107,Power of the Sigil,"Aumenta a regeneração de HP em <Orange>{EffectParam1}</>
 Aumenta a regeneração de MP em <Orange>{EffectParam2}</>",Montagem Equipada Efeito,
58108,Start of the Festival,"Aumenta a cura de poções de HP em <Orange>{EffectParam1}</>
 Aumenta a regeneração de MP em <Orange>{EffectParam2}</>",Montagem Equipada Efeito,
58109,Halo,"Aumenta a cura de poções de HP em <Orange>{EffectParam1}</>
 Aumenta a regeneração de MP em <Orange>{EffectParam2}</>",Montagem Equipada Efeito,
58110,Seven-Colored Hope,"Aumenta a cura de poções de HP em <Orange>{EffectParam1}</>
 Aumenta a regeneração de MP em <Orange>{EffectParam2}</>",Montagem Equipada Efeito,
58111,Golem's Power,Aumenta a cura de poções de HP em <Orange>{EffectParam1}</>,Montagem Equipada Efeito,
58112,Dimensional Bond,"Aumenta a cura de poções de HP em <Orange>{EffectParam1}</>
 Aumenta a regeneração de MP em <Orange>{EffectParam2}</>",Montagem Equipada Efeito,
58113,Beast Roar,Aumenta a regeneração de MP em <Orange>{EffectParam1}</>,Montagem Equipada Efeito,
58201,Spirit of the Forest,"Aumenta a regeneração de HP em <Orange>{EffectParam1}</>
 Aumenta a cura de poções de HP em <Orange>{EffectParam2}</>
Reduz o custo de MP em <Orange>{EffectParam3}</>%",Montagem Equipada Efeito,
58202,Power of the Beast,"Aumenta a regeneração de HP em <Orange>{EffectParam1}</>
 Aumenta a regeneração de MP em <Orange>{EffectParam2}</>
 Aumenta HP Poção de cura por <Orange>{EffectParam3}</>",Montagem Equipada Efeito,
58203,Improve Combat Ability,"Aumenta a regeneração de HP em <Orange>{EffectParam1}</>
 Aumenta a regeneração de MP em <Orange>{EffectParam2}</>
 Aumenta HP Poção de cura por <Orange>{EffectParam3}</>",Montagem Equipada Efeito,
58501,Thundermane’s Roar,Reduz o dano recebido de todos os monstros em <Orange>{EffectParam1}</>%,Montagem Equipada Efeito,
58502,Wanderer’s Cry,Reduz o dano de ataque básico recebido por <Orange>{EffectParam1}</>%,Montagem Equipada Efeito,
58503,Boosts Defense,Reduz Skill Dano sofrido por <Orange>{EffectParam1}</>%,Montagem Equipada Efeito,
59021,Ring of Lightning,Reduz a velocidade de movimento em <Red>{EffectParam1}</>%,Lento,
59041,Descent of Protection,Reduz os danos sofridos por <Orange>{EffectParam1}</>%,Melhora a defesa,
59051,Descent of Corruption,Reduz a velocidade de movimento em <Red>{EffectParam1}</>%,Lento,
59061,Dark Lightning,,,
59062,Dark Lightning,Reduz a resistência a golpes críticos em <Red>{EffectParam1}</>%,Enfraquece a Defesa,
59071,Wings of Fate,Buff aleatório,Buff aleatório,
59072,Wings of Fate: aumenta a Velocidade de Movimento,Aumenta a velocidade de movimento em <Orange>{EffectParam1}</>%,Aumento de velocidade de movimento,
59073,Wings of Fate: aumenta a Taxa de Conjuração,Aumenta a velocidade de lançamento em <Orange>{EffectParam1}</>%,Aumento da velocidade de lançamento,
59074,Wings of Fate: aumenta a Velocidade de Ataque,aumenta a velocidade de ataque em <Orange>{EffectParam1}</>%,Aumento de velocidade de ataque,
59075,Wings of Fate: reduz a recarga de Skills,Reduz Recarga de Skill em <Orange>{EffectParam1}</> %,Reduz Skill Cooldown,
59121,Blessed Fragment,Aumenta o dano aos monstros chefes em <Orange>{EffectParam1}</>%,Aumenta o poder de ataque,
59501,Heavenly Warrior,"Aumenta o HP máximo em <Orange>{EffectParam1}</>%
Aumenta o dano de ataque básico em <Orange>{EffectParam2}</>%",Planador Equipado Efeito,
59502,Heaven’s Cavalier,"Aumenta o HP máximo em <Orange>{EffectParam1}</>%
Aumenta Skill Dano causado por <Orange>{EffectParam2}</>%",Planador Equipado Efeito,
59503,Wind Spirit,"Aumenta o HP máximo em <Orange>{EffectParam1}</>%
Aumenta a cura em <Orange>{EffectParam2}</>%",Planador Equipado Efeito,
59504,Blessing of Levitation,"Aumenta o HP máximo por <Orange>{EffectParam1}</>%
Aumenta o escudo em <Orange>{EffectParam2}</>%",Planador Equipado Efeito,
59505,Radiant Glide,"Aumenta o HP máximo em <Orange>{EffectParam1}</>%
 Aumenta o dano de monstros de todos os níveis em <Orange>{EffectParam2}</>%",Planador Equipado Efeito,
59506,Dark Glide,"Aumenta o HP máximo em <Orange>{EffectParam1}</>%
 Aumenta o dano aos jogadores em <Orange>{EffectParam2}</>%",Planador Equipado Efeito,
59507,Azure Wings,"Aumenta o máximo HP por <Orange>{EffectParam1}</>%
Aumenta o dano crítico de Skill em <Orange>{EffectParam2}</>%",Planador Equipado Efeito,
59508,Celestial Guidance,"Aumenta o HP máximo em <Orange>{EffectParam1}</>%
Aumenta o dano crítico do ataque básico em <Orange>{EffectParam2}</>%",Planador Equipado Efeito,
59509,Abyssal Sky,"Aumenta o HP máximo em <Orange>{EffectParam1}</>%
Aumenta o dano em <Orange>{EffectParam2}</>%",Planador Equipado Efeito,
59510,Domain of Aesthetics,"Aumenta o HP máximo em <Orange>{EffectParam1}</>%
 Aumenta o dano a Alvos afetados por <Orange>{EffectParam2}</>%",Planador Equipado Efeito,
59511,Soaring Dream,"Aumenta o HP máximo em <Orange>{EffectParam1}</>%
Aumenta o dano a alvos controlados por multidão em <Orange>{EffectParam2}</>%",Planador Equipado Efeito,
59512,Gale Dance,"Aumenta o HP máximo em <Orange>{EffectParam1}</>%
Aumenta o dano a monstros chefes em <Orange>{EffectParam2}</>%",Planador Equipado Efeito,
59513,Dragon Wings,"Aumenta o HP máximo em <Orange>{EffectParam1}</>%
Aumenta o dano contra monstros Comuns e Elite em <Orange>{EffectParam2}</>%",Planador Equipado Efeito,
59911,Aerial Dash,Aerial Dash,,
59991,Boost Ring: Cartwheel 1,,,
59992,Boost Ring: Cartwheel 2,,,
59993,Boost Ring: Forward,,,
59998,Aerial Dash - Desafio do Baú do Tesouro,Aerial Dash - Desafio do Baú do Tesouro,,
60301,,,,
60302,,,,
60303,,,,
60401,,,,
60402,,,,
60403,,,,
60501,,,,
60502,,,,
60503,,,,
60601,,,,
60602,,,,
60603,,,,
61000,Keyring Trigger - Test Skill,"50% de chance de acertar o Ataque Básico, tempo de recarga 30s, duração 10s",Dados de teste,
61001,Knot of the Dawn Mist,Reduz Dano recebido de monstros por <Orange>{EffectParam1}</>%,Chaveiro Efeito equipado,
61002,Latch of the Veiled Moon,Aumenta o dano aos monstros chefes em <Orange>{EffectParam1}</>%,Chaveiro Efeito equipado,
61003,Knot of the Dawn Mist,Reduz Dano recebido de monstros por <Orange>{EffectParam1}</>%,Chaveiro Efeito equipado,
61004,Knot of the Dawn Mist,Reduz Dano recebido de monstros por <Orange>{EffectParam1}</>%,Chaveiro Efeito equipado,
61005,Jaws of the Black Tide,Aumenta o dano de Skill contra monstros chefes em <Orange>{EffectParam1}</>%,Chaveiro Efeito equipado,
61006,Fractured Constellation,Aumenta o dano de ataque básico contra monstros chefes em <Orange>{EffectParam1}</>%,Chaveiro Efeito equipado,
61007,Knot of the Dawn Mist,Reduz Dano recebido de monstros por <Orange>{EffectParam1}</>%,Chaveiro Efeito equipado,
61008,Ashen Eyelid,Aumenta o dano aos monstros chefes em <Orange>{EffectParam1}</>%,Chaveiro Efeito equipado,
61009,Veil of Inhalation,Reduz Dano recebido de monstros por <Orange>{EffectParam1}</>%,Chaveiro Efeito equipado,
61010,Moonlight Gauge,Aumenta o dano aos monstros chefes em <Orange>{EffectParam1}</>%,Chaveiro Efeito equipado,
61011,Broken Toll,Aumenta a taxa de resistência ao atordoamento em <Orange>{EffectParam1}</>%,Chaveiro Efeito equipado,
61012,Veil of Inhalation,Reduz Dano recebido de monstros por <Orange>{EffectParam1}</>%,Chaveiro Efeito equipado,
61013,Veil of Inhalation,Reduz Dano recebido de monstros por <Orange>{EffectParam1}</>%,Chaveiro Efeito equipado,
61014,Ashen Ripple,"Aumenta o dano contra monstros chefes em Skill <Orange>{EffectParam1}</>%
 Aumenta o dano contra monstros chefes em <Orange>{EffectParam2}</>%",Chaveiro Efeito equipado,
61015,Crimson Stillness,"Aumenta a taxa de resistência ao atordoamento em <Orange>{EffectParam1}</>%
Recupera MP em <Orange>{EffectParam2}</>",Chaveiro Efeito equipado,
61016,Buried Candle,Aumenta o dano aos monstros chefes em <Orange>{EffectParam1}</>%,Chaveiro Efeito equipado,
61017,Veil of Inhalation,Reduz Dano recebido de monstros por <Orange>{EffectParam1}</>%,Chaveiro Efeito equipado,
61018,Glass Citadel,"Aumenta o dano de ataque básico contra monstros chefes em <Orange>{EffectParam1}</>%
Aumenta o dano contra monstros chefes em <Orange>{EffectParam2}</>%",Chaveiro Efeito equipado,
61019,Dusty Scepter,"Reduz Dano causado aos jogadores por <Orange>{EffectParam1}</>%
Aumenta a taxa de resistência ao atordoamento em <Orange>{EffectParam2}</>%",Chaveiro Efeito equipado,
61020,Seal of the White Night,Aumenta a taxa de resistência ao atordoamento em <Orange>{EffectParam1}</>%,Chaveiro Efeito equipado,
61021,Sanctuary of Azure Breath,Reduz Dano recebido de monstros por <Orange>{EffectParam1}</>%,Chaveiro Efeito equipado,
61022,Orbit of the Black Silhouette,Aumenta o dano aos monstros chefes em <Orange>{EffectParam1}</>%,Chaveiro Efeito equipado,
61023,Unwavering Oath,"Aumenta a taxa de resistência ao atordoamento em <Orange>{EffectParam1}</>%
Recupera MP em <Orange>{EffectParam2}</>",Chaveiro Efeito equipado,
61024,Sanctuary of Azure Breath,Reduz Dano recebido de monstros por <Orange>{EffectParam1}</>%,Chaveiro Efeito equipado,
61025,Twisted Golden Ratio,Aumenta o dano aos monstros chefes em <Orange>{EffectParam1}</>%,Chaveiro Efeito equipado,
61026,Covenant of Embers,"Reduz Dano causado aos jogadores por <Orange>{EffectParam1}</>%
Aumenta a taxa de resistência ao atordoamento em <Orange>{EffectParam2}</>%",Chaveiro Efeito equipado,
61031,Unyielding Covenant,"Aumenta a taxa de resistência ao atordoamento em <Orange>{EffectParam1}</>%
Reduz o dano de acerto crítico recebido de jogadores por <Orange>{EffectParam2}</>%",Chaveiro Efeito equipado,
61027,Sanctuary of Azure Breath,Reduz Dano recebido de monstros por <Orange>{EffectParam1}</>%,Chaveiro Efeito equipado,
61028,Eternal Breath,Reduz Dano recebido de monstros por <Orange>{EffectParam1}</>%,Chaveiro Efeito equipado,
61029,Flawless Orbit,Aumenta o dano aos monstros chefes em <Orange>{EffectParam1}</>%,Chaveiro Efeito equipado,
61030,Silence of the Crown,"Aumenta a taxa de resistência ao atordoamento em <Orange>{EffectParam1}</>%
Recupera MP em <Orange>{EffectParam2}</>%",Chaveiro Efeito equipado,
62000,Keyring Test Skill 1,Keyring Test Skill 1 - Precisão,Dados de teste,
62001,Presence of Oblivion,Taxa de resistência ao esquecimento <Orange>{EffectParam1}</>%,Chaveiro Efeito equipado,
62002,Presence of Oblivion,Taxa de resistência ao esquecimento <Orange>{EffectParam1}</>%,Chaveiro Efeito equipado,
62003,Presence of Oblivion,Taxa de resistência ao esquecimento <Orange>{EffectParam1}</>%,Chaveiro Efeito equipado,
62004,Presence of Encroachment,Taxa de resistência à invasão <Orange>{EffectParam1}</>%,Chaveiro Efeito equipado,
62005,Presence of Encroachment,Taxa de resistência à invasão <Orange>{EffectParam1}</>%,Chaveiro Efeito equipado,
62006,Presence of Encroachment,Taxa de resistência à invasão <Orange>{EffectParam1}</>%,Chaveiro Efeito equipado,
62007,Presence of the Void,Void Resistance Rate <Orange>{EffectParam1}</>%,Chaveiro Efeito equipado,
62008,Presence of the Void,Void Resistance Rate <Orange>{EffectParam1}</>%,Chaveiro Efeito equipado,
62101,Trace of Oblivion,Taxa de resistência ao esquecimento <Orange>{EffectParam1}</>%,Chaveiro Efeito equipado,
62102,Trace of Oblivion,Taxa de resistência ao esquecimento <Orange>{EffectParam1}</>%,Chaveiro Efeito equipado,
62103,Trace of Oblivion,Taxa de resistência ao esquecimento <Orange>{EffectParam1}</>%,Chaveiro Efeito equipado,
62104,Trace of Encroachment,Taxa de resistência à invasão <Orange>{EffectParam1}</>%,Chaveiro Efeito equipado,
62105,Trace of Encroachment,Taxa de resistência à invasão <Orange>{EffectParam1}</>%,Chaveiro Efeito equipado,
62106,Trace of Encroachment,Taxa de resistência à invasão <Orange>{EffectParam1}</>%,Chaveiro Efeito equipado,
62107,Trace of the Void,Void Resistance Rate <Orange>{EffectParam1}</>%,Chaveiro Efeito equipado,
62108,Trace of the Void,Void Resistance Rate <Orange>{EffectParam1}</>%,Chaveiro Efeito equipado,
62201,Echo of Oblivion,Taxa de resistência ao esquecimento <Orange>{EffectParam1}</>%,Chaveiro Efeito equipado,
62202,Echo of Oblivion,Taxa de resistência ao esquecimento <Orange>{EffectParam1}</>%,Chaveiro Efeito equipado,
62203,Echo of Oblivion,Taxa de resistência ao esquecimento <Orange>{EffectParam1}</>%,Chaveiro Efeito equipado,
62204,Echo of Encroachment,Taxa de resistência à invasão <Orange>{EffectParam1}</>%,Chaveiro Efeito equipado,
62205,Echo of Encroachment,Taxa de resistência à invasão <Orange>{EffectParam1}</>%,Chaveiro Efeito equipado,
62206,Echo of Encroachment,Taxa de resistência à invasão <Orange>{EffectParam1}</>%,Chaveiro Efeito equipado,
62207,Echo of the Void,Void Resistance Rate <Orange>{EffectParam1}</>%,Chaveiro Efeito equipado,
62208,Echo of the Void,Void Resistance Rate <Orange>{EffectParam1}</>%,Chaveiro Efeito equipado,
62301,Silver Thread of Oblivion,Taxa de resistência ao esquecimento <Orange>{EffectParam1}</>%,Chaveiro Efeito equipado,
62302,Silver Thread of Oblivion,Taxa de resistência ao esquecimento <Orange>{EffectParam1}</>%,Chaveiro Efeito equipado,
62303,Silver Thread of Oblivion,Taxa de resistência ao esquecimento <Orange>{EffectParam1}</>%,Chaveiro Efeito equipado,
62304,Silver Thread of Oblivion,Taxa de resistência ao esquecimento <Orange>{EffectParam1}</>%,Chaveiro Efeito equipado,
62305,Silver Thread of Encroachment,Taxa de resistência à invasão <Orange>{EffectParam1}</>%,Chaveiro Efeito equipado,
62306,Silver Thread of Encroachment,Taxa de resistência à invasão <Orange>{EffectParam1}</>%,Chaveiro Efeito equipado,
62307,Silver Thread of Encroachment,Taxa de resistência à invasão <Orange>{EffectParam1}</>%,Chaveiro Efeito equipado,
62308,Silver Thread of Encroachment,Taxa de resistência à invasão <Orange>{EffectParam1}</>%,Chaveiro Efeito equipado,
62309,Silver Thread of the Void,Void Resistance Rate <Orange>{EffectParam1}</>%,Chaveiro Efeito equipado,
62310,Silver Thread of the Void,Void Resistance Rate <Orange>{EffectParam1}</>%,Chaveiro Efeito equipado,
62311,Silver Thread of the Void,Void Resistance Rate <Orange>{EffectParam1}</>%,Chaveiro Efeito equipado,
62312,Silver Thread of the Void,Void Resistance Rate <Orange>{EffectParam1}</>%,Chaveiro Efeito equipado,
62401,Stigmata of Oblivion,Taxa de resistência ao esquecimento <Orange>{EffectParam1}</>%,Chaveiro Efeito equipado,
62408,Stigmata of Oblivion,Taxa de resistência ao esquecimento <Orange>{EffectParam1}</>%,Chaveiro Efeito equipado,
62402,Stigmata of Oblivion,Taxa de resistência ao esquecimento <Orange>{EffectParam1}</>%,Chaveiro Efeito equipado,
62403,Stigma of Encroachment,Taxa de resistência à invasão <Orange>{EffectParam1}</>%,Chaveiro Efeito equipado,
62404,Stigma of Encroachment,Taxa de resistência à invasão <Orange>{EffectParam1}</>%,Chaveiro Efeito equipado,
62405,Stigmata of the Void,Void Resistance Rate <Orange>{EffectParam1}</>%,Chaveiro Efeito equipado,
62406,Stigmata of the Void,Void Resistance Rate <Orange>{EffectParam1}</>%,Chaveiro Efeito equipado,
62407,Stigmata of the Void,Void Resistance Rate <Orange>{EffectParam1}</>%,Chaveiro Efeito equipado,
62501,Blessing of Erosion,Taxa de Resistência à Erosão <Orange>{EffectParam1}</>%,Chaveiro Efeito equipado,
62502,Blessing of Erosion,Taxa de Resistência à Erosão <Orange>{EffectParam1}</>%,Chaveiro Efeito equipado,
62503,Blessing of Erosion,Taxa de Resistência à Erosão <Orange>{EffectParam1}</>%,Chaveiro Efeito equipado,
63000,Keyring Test Skill 2,Keyring Test Skill 2 - Evasão,Dados de teste,
63001,Echo of Warmth,"Aumenta o HP máximo em <Orange>{EffectParam1}</>%
 Aumenta o HP Potion Cura por <Orange>{EffectParam2}</>",Chaveiro Efeito equipado,
63002,Iron Curtain,"Aumenta o HP máximo em <Orange>{EffectParam1}</>%
 Aumenta o dano de Skill contra monstros chefes em <Orange>{EffectParam2}</>%",Chaveiro Efeito equipado,
63003,Lantern of Silence,"Aumenta o HP máximo em <Orange>{EffectParam1}</>%
Aumenta a taxa de resistência ao silêncio em <Orange>{EffectParam2}</>%
 Aumenta a regeneração de MP em <Orange>{EffectParam3}</>",Chaveiro Efeito equipado,
63011,Lantern of Tranquility,"Aumenta o HP máximo em <Orange>{EffectParam1}</>%
Aumenta a taxa de resistência ao silêncio em <Orange>{EffectParam2}</>%
 Aumenta a regeneração de MP em <Orange>{EffectParam3}</>",Chaveiro Efeito equipado,
63004,Echo of the Spring,"Aumenta o HP máximo em <Orange>{EffectParam1}</>%
Reduz o custo de MP em <Orange>{EffectParam2}</>%
 Aumenta a regeneração de MP em <Orange>{EffectParam3}</>",Chaveiro Efeito equipado,
63005,Starshroud Armor,"Aumenta o HP máximo em <Orange>{EffectParam1}</>%
 Aumenta o ataque básico Dano contra monstros chefes em <Orange>{EffectParam2}</>%",Chaveiro Efeito equipado,
63006,Lantern of Echoes,"Aumenta o HP máximo em <Orange>{EffectParam1}</>%
Aumenta o silêncio Taxa de resistência em <Orange>{EffectParam2}</>% 
Reduz o custo de MP em <Orange>{EffectParam3}</>%",Chaveiro Efeito equipado,
63007,Echo of Steel,"Aumenta o HP máximo em <Orange>{EffectParam1}</>%
Reduz o dano crítico recebido de monstros por <Orange>{EffectParam2}</>%",Chaveiro Efeito equipado,
63008,Undying Warmth,"Aumenta o máximo HP por <Orange>{EffectParam1}</>%
 Aumenta a cura de poções de HP em <Orange>{EffectParam2}</>
Reduz o custo de MP em <Orange>{EffectParam3}</>%
Reduz danos críticos Retirado de monstros por <Orange>{EffectParam4}</>%",Chaveiro Efeito equipado,
63009,Ashen Citadel,"Aumenta o máximo HP por <Orange>{EffectParam1}</>%
Aumenta o dano de acerto crítico em <Orange>{EffectParam2}</>%",Chaveiro Efeito equipado,
63010,Silent Sovereign,"Aumenta o HP máximo em <Orange>{EffectParam1}</>%
Aumenta a taxa de resistência ao silêncio em <Orange>{EffectParam2}</>%
Aumenta a regeneração de MP em <Orange>{EffectParam3}</>
Reduz o custo de MP por <Orange>{EffectParam4}</>%",Chaveiro Efeito equipado,
85021,Sentry Awakening,"Aumenta a velocidade de ataque em <Orange>{EffectParam1}</>%
 e a velocidade de movimento em <Orange>{EffectParam2}</>%",Combat Skill Aprimoramento,
85031,Aegis Domain,Reduz o dano recebido de jogadores por <Orange>{EffectParam1}</>%,Melhora a defesa,
85041,Beacon Veil,"entra em modo furtivo, tornando-se invisível aos inimigos.",Beacon Stealth,
85050,Frontline of Life,"Aumenta a regeneração de HP em <Orange>{EffectParam1}</>%
Aumenta a regeneração de MP em <Orange>{EffectParam2}</>%
Aumenta Cura de Poção de HP em <Orange>{EffectParam3}</>%",Aprimoramento de recuperação,
85051,,,,
85061,Breath of Resurgence,Restaura um <Orange>{EffectParam1}</>% adicional do HP máximo ao reaparecer em um Clan Beacon,Aprimoramento de recuperação,
85070,Battle Biding,"Aumenta o dano contra jogadores em <Orange>{EffectParam1}</>%
Reduz o dano causado aos jogadores por <Orange>{EffectParam2}</>%
Aumenta a taxa de resistência ao controle de multidão em <Orange>{EffectParam3}</>%
Reduz a duração do controle de multidão em <Orange>{EffectParam4}</>%",Combat Skill Aprimoramento,
85071,,,,
85080,Vanguard Breakthrough,Aumenta a velocidade de movimento em <Orange>{EffectParam1}</>%,Aumento de velocidade de movimento,
85081,,,,
85091,,Redefine a descida Skill Cooldowns,Redefine a descida Skill Cooldowns,
85101,,Convoca à força membros do clã,Convoca à força membros do clã,
85110,Focus Mark,Aumenta o dano recebido por o alvo marcado dos membros do clã do lançador por <Orange>{EffectParam1}</>%,Focus Mark,
85111,Focus Mark,Aumenta o dano contra alvos marcados em <Orange>{EffectParam1}</>%,Aumenta o dano contra alvos marcados,
91001,Minor HP Potion,,,
91002,Poção de HP Menor,,,
91003,Poção HP padrão,,,
91004,Poção de HP maior,,,
91009,Poção especial de HP,,,
91011,Poção de MP Menor,Cura Max MP por <Orange>{EffectParam1}</>%,Recuperação de MP de,
91012,Poção de MP Menor,Cura Max MP por <Orange>{EffectParam1}</>%,Recuperação de MP de,
91013,Poção MP Padrão,Cura Max MP por <Orange>{EffectParam1}</>%,Recuperação de MP de,
91014,Poção de MP maior,Cura Max MP por <Orange>{EffectParam1}</>%,Recuperação de MP de,
91019,Poção especial de MP,Cura Max MP por <Orange>{EffectParam1}</>%,Recuperação de MP de,
91021,Elixir of Attack I,"Aumenta o poder de ataque em <Orange>{EffectParam1}</>

<Orange>※ Não se aplica nos campos de batalha da Arena.</>",Aumento de Poder de Ataque,
91022,Elixir of Attack II,"Aumenta o poder de ataque em <Orange>{EffectParam1}</>

<Orange>※ Não se aplica nos campos de batalha da Arena.</>",Aumento de Poder de Ataque,
91023,Elixir of Attack III,"Aumenta o poder de ataque em <Orange>{EffectParam1}</>

<Orange>※ Não se aplica nos campos de batalha da Arena.</>",Aumento de Poder de Ataque,
91031,Elixir of Defense I,"Aumenta a defesa em <Orange>{EffectParam1}</>

<Orange>※ Não se aplica aos campos de batalha da Arena.</>",Aumenta a defesa,
91032,Elixir of Defense II,"Aumenta a defesa em <Orange>{EffectParam1}</>

<Orange>※ Não se aplica aos campos de batalha da Arena.</>",Aumenta a defesa,
91033,Elixir of Defense III,"Aumenta a defesa em <Orange>{EffectParam1}</>

<Orange>※ Não se aplica aos campos de batalha da Arena.</>",Aumenta a defesa,
91041,Elixir of Accuracy I,"Aumenta a precisão em <Orange>{EffectParam1}</>

<Orange>※ Não se aplica nos campos de batalha da Arena.</>",Aumento de precisão,
91042,Elixir of Accuracy II,"Aumenta a precisão em <Orange>{EffectParam1}</>

<Orange>※ Não se aplica nos campos de batalha da Arena.</>",Aumento de precisão,
91043,Elixir of Accuracy III,"Aumenta a precisão em <Orange>{EffectParam1}</>

<Orange>※ Não se aplica nos campos de batalha da Arena.</>",Aumento de precisão,
91051,Elixir of Evasion I,"Aumenta a Evasão em <Orange>{EffectParam1}</>

<Orange>※ Não se aplica nos campos de batalha da Arena.</>",Aumenta a Evasão,
91052,Elixir of Evasion II,"Aumenta a Evasão em <Orange>{EffectParam1}</>

<Orange>※ Não se aplica nos campos de batalha da Arena.</>",Aumenta a Evasão,
91053,Elixir of Evasion III,"Aumenta a Evasão em <Orange>{EffectParam1}</>

<Orange>※ Não se aplica nos campos de batalha da Arena.</>",Aumenta a Evasão,
91061,Elixir of HP I,"Aumenta HP em <Orange>{EffectParam1}</>

<Orange>※ Não se aplica nos campos de batalha da Arena.</>",Aumenta HP,
91062,HP Elixir II,"Aumenta HP em <Orange>{EffectParam1}</>

<Orange>※ Não se aplica nos campos de batalha da Arena.</>",Aumenta HP,
91063,Elixir of HP III,"Aumenta HP em <Orange>{EffectParam1}</>

<Orange>※ Não se aplica nos campos de batalha da Arena.</>",Aumenta HP,
91071,Elixir of Onslaught I,"aumenta Taxa de precisão contra jogadores por <Orange>{EffectParam1}</>%

<Orange>※ Não se aplica nos campos de batalha da Arena.</>",Aumenta a taxa de precisão do jogador,
91072,Elixir of Onslaught II,"aumenta Taxa de precisão contra jogadores por <Orange>{EffectParam1}</>%

<Orange>※ Não se aplica nos campos de batalha da Arena.</>",Aumenta a taxa de precisão do jogador,
91073,Elixir of Onslaught III,"aumenta Taxa de precisão contra jogadores por <Orange>{EffectParam1}</>%

<Orange>※ Não se aplica nos campos de batalha da Arena.</>",Aumenta a taxa de precisão do jogador,
91081,Elixir de Aceleração I,"Aumenta a velocidade de movimento em <Orange>{EffectParam1}</>%

<Orange>※ Não se aplica na Arena </>",Aumento de velocidade de movimento,
91082,Elixir de Aceleração da Aceleração II,"Aumenta a velocidade de movimento em <Orange>{EffectParam1}</>%

<Orange>※ Não se aplica na Arena </>",Aumento de velocidade de movimento,
91083,Elixir da Aceleração III,"Aumenta a velocidade de movimento em <Orange>{EffectParam1}</>%

<Orange>※ Não se aplica na Arena </>",Aumento de velocidade de movimento,
91091,Elixir de resistência ao controle de multidão I,"Aumenta a taxa de resistência ao controle de multidão em <Orange>{EffectParam1}</>%

<Orange>※ Não se aplica nos campos de batalha da Arena.</>",Aumento da resistência ao controle de multidão,
91092,Elixir de resistência de controle II,"Aumenta a taxa de resistência ao controle de multidão em <Orange>{EffectParam1}</>%

<Orange>※ Não se aplica nos campos de batalha da Arena.</>",Aumento da resistência ao controle de multidão,
91093,Elixir de resistência ao controle de multidão III,"Aumenta a taxa de resistência ao controle de multidão em <Orange>{EffectParam1}</>%

<Orange>※ Não se aplica nos campos de batalha da Arena.</>",Aumento da resistência ao controle de multidão,
91101,Elixir of Hero I,"Aumenta o dano a monstros chefes em <Orange>{EffectParam1}</>%

<Orange>※ Não se aplica nos campos de batalha da Arena.</>",Aumenta o dano contra monstros chefes,
91102,Hero’s Elixir II,"Aumenta o dano a monstros chefes em <Orange>{EffectParam1}</>%

<Orange>※ Não se aplica nos campos de batalha da Arena.</>",Aumenta o dano contra monstros chefes,
91103,Elixir de herói III,"Aumenta o dano a monstros chefes em <Orange>{EffectParam1}</>%

<Orange>※ Não se aplica nos campos de batalha da Arena.</>",Aumenta o dano contra monstros chefes,
91111,Elixir do Slayer I,"Aumenta o dano aos jogadores em <Orange>{EffectParam1}</>%

<Orange>※ Não se aplica nos campos de batalha da Arena.</>",Aumenta o dano contra jogadores,
91112,Elixir II do Slayer,"Aumenta o dano aos jogadores em <Orange>{EffectParam1}</>%

<Orange>※ Não se aplica nos campos de batalha da Arena.</>",Aumenta o dano contra jogadores,
91113,Elixir do Slayer III,"Aumenta o dano aos jogadores em <Orange>{EffectParam1}</>%

<Orange>※ Não se aplica nos campos de batalha da Arena.</>",Aumenta o dano contra jogadores,
91121,Upgrade Elixir I,"Ao derrotar monstros, aumenta o ganho de EXP em <Orange>{EffectParam1}</>%

<Orange>※ Não se aplica nos campos de batalha Abyss Battlefield ou Arena.</>",Aumenta o ganho de EXP,
91122,Upgrade Elixir II,"Ao derrotar monstros, aumenta o ganho de EXP em <Orange>{EffectParam1}</>%

<Orange>※ Não se aplica nos campos de batalha Abyss Battlefield ou Arena.</>",Aumenta o ganho de EXP,
91123,Upgrade Elixir III,"Ao derrotar monstros, aumenta o ganho de EXP em <Orange>{EffectParam1}</>%

<Orange>※ Não se aplica nos campos de batalha Abyss Battlefield ou Arena.</>",Aumenta o ganho de EXP,
91131,Elixir Passa Alta I,"Ao derrotar monstros, aumenta o ganho de EXP em <Orange>{EffectParam1}</>%

<Orange>※ Aplica-se até o nível do personagem 50.</>
<Orange>※ Não se aplica nos campos de batalha da Arena.</>",Aumenta o ganho de EXP,
91132,Elixir Passa Alta II,"Ao derrotar monstros, aumenta o ganho de EXP em <Orange>{EffectParam1}</>%

<Orange>※ Aplica-se até o nível do personagem 70.</>
<Orange>※ Não se aplica nos campos de batalha da Arena.</>",Aumenta o ganho de EXP,
91133,Elixir Passa Alta III,"Ao derrotar monstros, aumenta o ganho de EXP em <Orange>{EffectParam1}</>%

<Orange>※ Aplica-se até o nível do personagem 70.</>
<Orange>※ Não se aplica nos campos de batalha da Arena.</>",Aumenta o ganho de EXP,
91134,Elixir Passa Alta IV,"Ao derrotar monstros, aumenta o ganho de EXP em <Orange>{EffectParam1}</>%

<Orange>※ Aplica-se até o nível do personagem 75.</>
<Orange>※ Não se aplica nos campos de batalha da Arena.</>",Aumenta o ganho de EXP,
91141,Abyss Elixir of Growth I,"Ao derrotar monstros, aumenta o ganho de EXP em <Orange>{EffectParam1}</>%

<Orange>※ Aplica-se apenas dentro do Abyss Battlefield.</>
<Orange>※ Não se aplica nos campos de batalha da Arena.</>",Aumenta o ganho de EXP,
91151,Elixir of Erosion I,"Aumenta a taxa de resistência à erosão em <Orange>{EffectParam1}</>%

<Orange>※ Não se aplica na Arena campos de batalha.</>",aumenta a taxa de resistência à erosão,
91152,Elixir of Erosion II,"Aumenta a taxa de resistência à erosão em <Orange>{EffectParam1}</>%

<Orange>※ Não se aplica na Arena campos de batalha.</>",aumenta a taxa de resistência à erosão,
91153,Elixir of Erosion III,"Aumenta a taxa de resistência à erosão em <Orange>{EffectParam1}</>%

<Orange>※ Não se aplica na Arena campos de batalha.</>",aumenta a taxa de resistência à erosão,
91201,Baba Bread,"Reduz o dano recebido de monstros em <Orange>{EffectParam1}</>%

<Orange>※ Não se aplica nos campos de batalha da Arena.</>",Reduz o dano recebido de monstros,
91202,Baba Crackers,"Aumenta a velocidade de ataque em <Orange>{EffectParam1}</>%

<Orange>※ Não se aplica nos campos de batalha da Arena.</>",Aumento de velocidade de ataque,
91203,Baba Liquor,"Ao derrotar monstros, aumenta o ganho de EXP em <Orange>{EffectParam1}</>%

<Orange>※ Não se aplica na Arena campos de batalha.</>",Aumenta o ganho de EXP,
91204,Halo Bread,"Reduz Dano recebido de monstros por <Orange>{EffectParam1}</>%
Reduz o dano recebido de jogadores por <Orange>{EffectParam2}</>%

<Orange>※ Não se aplica nos campos de batalha da Arena.</>",Reduz Dano de Monstros e Jogadores,
91205,Star Halo Cookie,"Aumenta a velocidade de ataque em <Orange>{EffectParam1}</>%

<Orange>※ Não se aplica nos campos de batalha da Arena.</>",Aumento de velocidade de ataque,
91206,Moon Halo Wine,"Ao derrotar monstros, aumenta o ganho de EXP em <Orange>{EffectParam1}</>%

<Orange>※ Não se aplica na Arena campos de batalha.</>",Aumenta o ganho de EXP,
91207,200-Day Festival Cake,"Aumenta Velocidade de ataque em <Orange>{EffectParam1}</>%
 Aumenta a velocidade de lançamento de Skill em <Orange>{EffectParam2}</>%

<Orange>※ Não se aplica nos campos de batalha da Arena.</>",Aumenta a velocidade,
91208,200-Day Aged Wine,"Ao derrotar monstros, aumenta o ganho de EXP em <Orange>{EffectParam1}</>%

<Orange>※ Não se aplica na Arena campos de batalha.</>",Aumenta o ganho de EXP,
91209,Crusty Bread,"Reduz Dano recebido de monstros por <Orange>{EffectParam1}</>%
Reduz o dano recebido de jogadores por <Orange>{EffectParam2}</>%

<Orange>※ Não se aplica nos campos de batalha da Arena.</>",Reduz Dano de Monstros e Jogadores,
91210,Halved Potato,"Aumenta a velocidade de ataque em <Orange>{EffectParam1}</>%

<Orange>※ Não se aplica nos campos de batalha da Arena.</>",Aumento de velocidade de ataque,
91211,Cup of Black Tea,"Ao derrotar monstros, aumenta o ganho de EXP em <Orange>{EffectParam1}</>%

<Orange>※ Não se aplica na Arena campos de batalha.</>",Aumenta o ganho de EXP,
91212,Bubble Tea,"Aumenta Velocidade de ataque em <Orange>{EffectParam1}</>%
 Aumenta a velocidade de lançamento de Skill em <Orange>{EffectParam2}</>%

<Orange>※ Não se aplica nos campos de batalha da Arena.</>",Aumenta a velocidade,
91213,Dòuhuā Tofu Pudding,"Ao derrotar monstros, aumenta o ganho de EXP em <Orange>{EffectParam1}</>%

<Orange>※ Não se aplica na Arena campos de batalha.</>",Aumenta o ganho de EXP,
91501,Maelstrom Horn Delicacy,"Aumenta Poder de ataque contra monstros em <Orange>{EffectParam1}</>
 Aumenta a chance de acerto crítico contra monstros em <Orange>{EffectParam2}</>%
Reduz o dano recebido de monstros por <Orange>{EffectParam3}</>%

<Orange>※ Não se aplica nos campos de batalha da Arena.</>",Aumenta as estatísticas de combate contra monstros,
91502,Golden Crisp Kubaba Drumstick,"Aumenta a precisão contra jogadores em <Orange>{EffectParam1}</>
Aumenta a velocidade de movimento em <Orange>{EffectParam2}</>%

<Orange>※ Não se aplica nos campos de batalha da Arena.</>",Aumenta a precisão contra jogadores e a velocidade de movimento,
91511,Thinly Sliced Seasonal Dish,"Aumenta o acerto crítico em <Orange>{EffectParam1}</>
Aumenta a taxa de aumento do escudo em <Orange>{EffectParam2}</>%
Aumenta HP Taxa de aumento de cura em <Orange>{EffectParam3}</>%

<Orange>※ Não se aplica nos campos de batalha da Arena.</>",Melhora as estatísticas de combate e suporte,
91512,Baba Liquor Aged Fin Soup,"Aumenta a velocidade de ataque em <Orange>{EffectParam1}</>%
 Aumenta a cura de poções de HP em <Orange>{EffectParam2}</>%
 Aumenta a cura de HP recebida por <Orange>{EffectParam3}</>%

<Orange>※ Não se aplica nos campos de batalha da Arena.</>",Melhora as estatísticas de combate e suporte,
91521,Super Spicy Seasoned Vegetable,"Aumenta o poder de ataque contra jogadores em <Orange>{EffectParam1}</>
 Aumenta a taxa de resistência a golpes críticos para o jogador em <Orange>{EffectParam2}</>%
Reduz o dano de acerto crítico recebido de jogadores por <Orange>{EffectParam3}</>%

<Orange>※ Não se aplica nos campos de batalha da Arena.</>",Boosts Estatísticas de combate contra jogadores,
91522,Light Picnic Snack,"Aumenta a chance de acerto crítico em <Orange>{EffectParam1}</>%
Uao derrotar monstros, aumenta o ganho de ouro em <Orange>{EffectParam2}</>%

<Orange>※ Não se aplica nos campos de batalha da Arena.</>",Aumenta a maximização e o ganho de ouro,
70000,Vitalizing Sanctum (Owner),"Aumenta o ganho de EXP ao derrotar monstros em <Orange>{EffectParam1}</>%
 Aumenta o ganho de ouro ao derrotar monstros em <Orange>{EffectParam2}</>%
Aumenta a taxa de maximização em <Orange>{EffectParam3}</>%
Reduz MP Consumo por <Orange>{EffectParam4}</>%",Vitalizing Sanctum (Owner),
70001,Santuário Vitalizante (Membro do Clã),"Aumenta o ganho de EXP ao derrotar monstros em <Orange>{EffectParam1}</>%
 Aumenta o ganho de ouro ao derrotar monstros em <Orange>{EffectParam2}</>%
Aumenta a taxa de maximização em <Orange>{EffectParam3}</>%
Reduz MP Consumo por <Orange>{EffectParam4}</>%",Santuário Vitalizante (Membro do Clã),
70005,Bênção nas Forsaken Lands,"Aumenta o ganho de EXP ao derrotar monstros por <Orange>{EffectParam1}</>%
 Aumenta o ganho de ouro ao derrotar monstros bty <Orange>{EffectParam2}</>%

<Orange>※ Aplica-se apenas no Forsaken Terrenos.</>
<Orange>※ O cronômetro deste efeito continua a correr mesmo quando você não está logado.</>",Bênção nas Forsaken Lands,
70006,Bênção do Silêncio Estável,"Aumenta a taxa de precisão contra jogadores em <Orange>{EffectParam1}</>%
Reduz Skill Dano recebido de jogadores por <Orange>{EffectParam2}</>%
Reduz o dano de acerto crítico recebido de jogadores por <Orange>{EffectParam3}</>%

<Orange>※ Não se aplica durante a Arena partidas.</>
<Orange>※ O tempo decorre mesmo quando offline.</>",Bênção do Silêncio Estável,
70007,Bênção da Superação da Adversidade,"Aumenta Dano a Monstros Chefes em <Orange>{EffectParam1}</>%
Aumenta o dano a alvos afetados em <Orange>{EffectParam2}</>%
Reduz o dano recebido de monstros chefes por <Orange>{EffectParam3}</>%

<Orange>※ Não se aplica durante a Arena partidas.</>
<Orange>※ O tempo decorre mesmo quando offline.</>",Bênção da Superação da Adversidade,
70008,Bênção da caça confortável,"Ao derrotar monstros, aumenta o ganho de ouro em <Orange>{EffectParam1}</>%
 Aumenta a cura de poções de HP em <Orange>{EffectParam2}</>
 Aumenta a regeneração de MP em <Orange>{EffectParam3}</>

<Orange>※ Não se aplica durante a Arena partidas.</>
<Orange>※ O tempo decorre mesmo quando offline.</>",Bênção da caça confortável,
70009,Bênção da Superação da Adversidade,"Aumenta o dano contra monstros chefes em <Orange>{EffectParam1}</>%
 Aumenta o dano contra alvos afetados em <Orange>{EffectParam2}</>%
Reduz o dano recebido de monstros chefes por <Orange>{EffectParam3}</>%

<Orange>※ Aplica-se apenas no Forsaken Land.</>
<Orange>※ O tempo decorre mesmo quando offline.</>",Bênção da Superação da Adversidade,
70051,Bênção do pioneiro,"Ao derrotar monstros, aumenta o ganho de ouro em <Orange>{EffectParam1}</>%
Aumenta o dano a monstros em <Orange>{EffectParam2}</>%
Reduz o dano recebido de monstros por <Orange>{EffectParam3}</>%

<Orange>※ Não se aplica durante a Arena partidas.</>
<Orange>※ O tempo decorre mesmo quando offline.</>",Bênção do pioneiro,
70052,Bênção do Conquistador,"Aumenta o dano aos monstros chefes em <Orange>{EffectParam1}</>%
Reduz o dano recebido de monstros chefes por <Orange>{EffectParam2}</>%
 Aumenta a taxa de precisão contra jogadores em <Orange>{EffectParam3}</>%

<Orange>※ Não se aplica durante a Arena partidas.</>
<Orange>※ O tempo decorre mesmo quando offline.</>",Bênção do Conquistador,
70061,Bênção do Adversário,"Aumenta o dano contra monstros chefes em <Orange>{EffectParam1}</>%
Reduz o dano recebido de monstros chefes por <Orange>{EffectParam2}</>%
 Aumenta o dano contra alvos afetados pelo efeito de dor por <Orange>{EffectParam3}</>%

<Orange>※ Aplica-se apenas no Forsaken Land.</>
<Orange>※ O tempo decorre mesmo quando offline.</>",Bênção do Adversário,
70071,Buff de Ataque,"Aumenta o dano contra monstros chefes em <Orange>{EffectParam1}</>%
Reduz o dano recebido de monstros chefes por <Orange>{EffectParam2}</>%
 Aumenta o poder de ataque contra monstros em <Orange>{EffectParam3}</>
 Aumenta o acerto crítico contra monstros em <Orange>{EffectParam4}</>

<Orange>※ Aplica-se apenas no Forsaken Land.</>
<Orange>※ O tempo decorre mesmo quando offline.</>",Buff de Ataque,
70081,Bênção de Saikarad,"Ao derrotar monstros, aumenta o ganho de EXP em <Orange>{EffectParam1}</>%
Uao derrotar monstros, aumenta o ganho de ouro em <Orange>{EffectParam2}</>%
 Aumenta a penetração e o bloqueio por <Orange>{EffectParam3}</>

<Orange>※ Não se aplica durante a Arena matches.</>
<Orange>※ O tempo decorre mesmo quando offline.</>",Bênção de Saikarad,
70011,Poder Aperfeiçoado do Monólito Giant's Garden,"Ao derrotar monstros, aumenta o ganho de EXP em <Orange>{EffectParam1}</>%
Uao derrotar monstros, aumenta o ganho de ouro em <Orange>{EffectParam2}</>%
 Aumenta a chance de acerto crítico do ataque básico contra monstros em <Orange>{EffectParam3}</>%
Aumenta Skill Dano de acerto crítico em monstros em <Orange>{EffectParam4}</>%
 Aumenta a cura de poções de HP em <Orange>{EffectParam5}</>

<Orange>※ Não se aplica em Monolith War, campos de batalha de Arena ou Abyss Battlefield.</>",Giant's Garden Monolith Effect,
70012,Poder incompleto do monólito Giant's Garden,"Ao derrotar monstros, aumenta o ganho de EXP em <Orange>{EffectParam1}</>%
Uao derrotar monstros, aumenta o ganho de ouro em <Orange>{EffectParam2}</>%
 Aumenta a chance de acerto crítico do ataque básico contra monstros em <Orange>{EffectParam3}</>%
Aumenta Skill Dano de acerto crítico em monstros em <Orange>{EffectParam4}</>%
 Aumenta a cura de poções de HP em <Orange>{EffectParam5}</>

<Orange>※ Não se aplica em Monolith War, campos de batalha de Arena ou Abyss Battlefield.</>",Giant's Garden Monolith Effect,
70013,[TEST] Aura fraca do Giant's Garden Monólito (30 min),,,
70021,Poder Aperfeiçoado do Monólito Pulsing Ridge,"Ao derrotar monstros, aumenta o ganho de EXP em <Orange>{EffectParam1}</>%
Uao derrotar monstros, aumenta o ganho de ouro em <Orange>{EffectParam2}</>%
Aumentar Skill Chance de acerto crítico contra monstros em <Orange>{EffectParam3}</>%
 Aumenta a taxa de aumento de dano crítico de ataque básico contra monstros em <Orange>{EffectParam4}</>%
 Aumenta a regeneração de MP em <Orange>{EffectParam5}</>

<Orange>※ Não se aplica em Monolith War, campos de batalha de Arena ou Abyss Battlefield.</>",Pulsing Ridge Efeito Monólito,
70022,Poder incompleto do Pulsing Ridge Monólito,"Ao derrotar monstros, aumenta o ganho de EXP em <Orange>{EffectParam1}</>%
Uao derrotar monstros, aumenta o ganho de ouro em <Orange>{EffectParam2}</>%
Aumentar Skill Chance de acerto crítico contra monstros em <Orange>{EffectParam3}</>%
 Aumenta a taxa de aumento de dano crítico de ataque básico contra monstros em <Orange>{EffectParam4}</>%
 Aumenta a regeneração de MP em <Orange>{EffectParam5}</>

<Orange>※ Não se aplica em Monolith War, campos de batalha de Arena ou Abyss Battlefield.</>",Pulsing Ridge Efeito Monólito,
70023,[TEST] Aura fraca do Monólito Pulsing Ridge (30 min),,,
70031,Poder Aperfeiçoado do Monólito Starfall Plateau,"Aumenta Velocidade de ataque em <Orange>{EffectParam1}</>%
 Aumenta a velocidade de lançamento de Skill em <Orange>{EffectParam2}</>%
Aumenta a velocidade de movimento em <Orange>{EffectParam3}</>%
Aumenta Dano causado a Monstros Chefes por <Orange>{EffectParam4}</>%
Reduz o dano recebido de Monstros Chefes por <Orange>{EffectParam5}</>%

<Orange>※ Não se aplica em Monolith War, campos de batalha de Arena ou Abyss Battlefield.</>",Starfall Plateau Efeito Monólito,
70032,Poder incompleto do Monólito Starfall Plateau,"Aumenta Velocidade de ataque em <Orange>{EffectParam1}</>%
 Aumenta a velocidade de lançamento de Skill em <Orange>{EffectParam2}</>%
Aumenta a velocidade de movimento em <Orange>{EffectParam3}</>%
Aumenta Dano causado a Monstros Chefes por <Orange>{EffectParam4}</>%
Reduz o dano recebido de Monstros Chefes por <Orange>{EffectParam5}</>%

<Orange>※ Não se aplica em Monolith War, campos de batalha de Arena ou Abyss Battlefield.</>",Starfall Plateau Efeito Monólito,
70033,[TEST] Aura fraca do Starfall Plateau Monolith (30 min),,,
71000,Aura da Linha Ley,"Aumenta o dano contra jogadores em <Orange>{EffectParam1}</>%
Reduz o dano recebido de jogadores em <Orange>{EffectParam2}</>%
Aumenta a chance de acerto crítico contra jogadores em <Orange>{EffectParam3}</>%
Aumenta a precisão contra jogadores em <Orange>{EffectParam4}</>%
Aumenta a velocidade de movimento em <Orange>{EffectParam5}</>%
Aumenta o dano contra chefes em <Orange>{EffectParam6}</>%
<Orange>※ Aplica-se apenas dentro de Ancient Ruins</>",Melhora a capacidade de combate (máximo de 4 pilhas),
71001,Resíduo de linha Ley fraca,Resíduo de linha Ley fraca,Melhora a capacidade de combate (máximo de 4 pilhas),
71002,Potente Onda de Leyline,Potente Onda de Leyline,Melhora a capacidade de combate (máximo de 4 pilhas),
71003,Violenta Leyline Torrent,Violenta Leyline Torrent,Melhora a capacidade de combate (máximo de 4 pilhas),
71004,Força de Linha Ley Esmagadora,Força de Linha Ley Esmagadora,Melhora a capacidade de combate (máximo de 4 pilhas),
71100,Alma do Guardião,"Aumenta o dano contra jogadores em <Orange>{EffectParam1}</>%
Reduz o dano recebido de jogadores por <Orange>{EffectParam2}</>%
 Aumenta a taxa de precisão contra jogadores em <Orange>{EffectParam3}</>%
Aumenta a velocidade de movimento em <Orange>{EffectParam4}</>%
Aumenta Chance de acerto do controle de multidão em <Orange>{EffectParam5}</>% 
 Aumenta a taxa de resistência ao controle de multidão em <Orange>{EffectParam6}</>%
Reduz o resfriamento de Skill em <Orange>{EffectParam7}</>%
<Orange>※ O efeito só se aplica dentro do Ancient Ruins.</>",Melhora significativamente Habilidade de Combate,
71200,Resolução Adamant,"Aumenta a velocidade de movimento em <Orange>{EffectParam1}</>%
<Orange>※ Aplica-se apenas dentro de Ancient Ruins</>",Aumenta a velocidade de movimento (máx. 20 pilhas),
71201,Resolução Adamant: 1 Stack,Resolução inflexível: Pilha(s) {Param},Melhorar a capacidade de combate,1
71202,Determinação Inflexível: Pilha 2,Resolução inflexível: Pilha(s) {Param},Melhorar a capacidade de combate,2
71203,Determinação Inflexível: Pilha 3,Resolução inflexível: Pilha(s) {Param},Melhorar a capacidade de combate,3
71204,Determinação Inflexível: Pilha 4,Resolução inflexível: Pilha(s) {Param},Melhorar a capacidade de combate,4
71205,Determinação Inflexível: Pilha 5,Resolução inflexível: Pilha(s) {Param},Melhorar a capacidade de combate,5
71206,Determinação Inflexível: Pilha 6,Resolução inflexível: Pilha(s) {Param},Melhorar a capacidade de combate,6
71207,Determinação Inflexível: Pilha 7,Resolução inflexível: Pilha(s) {Param},Melhorar a capacidade de combate,7
71208,Determinação Inflexível: Pilha 8,Resolução inflexível: Pilha(s) {Param},Melhorar a capacidade de combate,8
71209,Determinação Inflexível: 9 Pilhas,Resolução inflexível: Pilha(s) {Param},Melhorar a capacidade de combate,9
71210,Resolução Adamant: 10 Stacks,Resolução inflexível: Pilha(s) {Param},Melhorar a capacidade de combate,10
71211,Resolução Adamant: 11 Stacks,Resolução inflexível: Pilha(s) {Param},Melhorar a capacidade de combate,11
71212,Resolução Adamant: 12 Stacks,Resolução inflexível: Pilha(s) {Param},Melhorar a capacidade de combate,12
71213,Resolução Adamant: 13 Stacks,Resolução inflexível: Pilha(s) {Param},Melhorar a capacidade de combate,13
71214,Resolução Adamant: 14 Stacks,Resolução inflexível: Pilha(s) {Param},Melhorar a capacidade de combate,14
71215,Resolução Adamant: 15 Stacks,Resolução inflexível: Pilha(s) {Param},Melhorar a capacidade de combate,15
71216,Resolução Adamant: 16 Pilhas,Resolução inflexível: Pilha(s) {Param},Melhorar a capacidade de combate,16
71217,Resolução Adamant: 17 Pilhas,Resolução inflexível: Pilha(s) {Param},Melhorar a capacidade de combate,17
71218,Resolução Adamant: 18 pilhas,Resolução inflexível: Pilha(s) {Param},Melhorar a capacidade de combate,18
71219,Resolução Adamant: 19 pilhas,Resolução inflexível: Pilha(s) {Param},Melhorar a capacidade de combate,19
71220,Determinação Inflexível: 20 Pilhas,Resolução inflexível: Pilha(s) {Param},Melhorar a capacidade de combate,20
71300,Fúria da Sentinela,"Aumenta a taxa de precisão contra monstros em <Orange>{EffectParam1}</>%
 Aumenta a taxa de evasão contra monstros em <Orange>{EffectParam2}</>%
 Aumenta a Taxa de Redução de Dano de Ataque Básico contra monstros em <Orange>{EffectParam3}</>%
 Aumenta a Taxa de Redução de Dano de Acerto Crítico contra monstros em <Orange>{EffectParam4}</>%
Aumenta a taxa de ganho de ouro em <Orange>{EffectParam5}</>%",Fúria da Sentinela,
71310,Sentinel's Resonance (Proprietário),"Aumenta o ganho de EXP ao derrotar monstros em <Orange>{EffectParam1}</>%
Aumenta a chance de maximização em <Orange>{EffectParam2}</>%
Reduz Descer Skill Dano recebido por <Orange>{EffectParam3}</>%
Reduz o custo de MP em <Orange>{EffectParam4}</>%",Sentinel's Resonance (Proprietário),
71311,Sentinel's Resonance (Membro do Clã),"Aumenta o ganho de EXP ao derrotar monstros em <Orange>{EffectParam1}</>%
Aumenta a chance de maximização em <Orange>{EffectParam2}</>%
Reduz Descer Skill Dano recebido por <Orange>{EffectParam3}</>%
Reduz o custo de MP em <Orange>{EffectParam4}</>%",Sentinel's Resonance (Membro do Clã),
71320,Fúria da Sentinela,"Aumenta a taxa de precisão contra monstros em <Orange>{EffectParam1}</>%
 Aumenta a taxa de evasão contra monstros em <Orange>{EffectParam2}</>%
 Aumenta a Taxa de Redução de Dano de Ataque Básico contra monstros em <Orange>{EffectParam3}</>%
 Aumenta a Taxa de Redução de Dano de Acerto Crítico contra monstros em <Orange>{EffectParam4}</>%
Aumenta a taxa de ganho de ouro em <Orange>{EffectParam5}</>%",Fúria da Sentinela,
71330,Sentinel's Resonance (Proprietário),"Aumenta o ganho de EXP ao derrotar monstros em <Orange>{EffectParam1}</>%
Aumenta a chance de maximização em <Orange>{EffectParam2}</>%
Reduz Descer Skill Dano recebido por <Orange>{EffectParam3}</>%
Reduz o custo de MP em <Orange>{EffectParam4}</>%",Sentinel's Resonance (Proprietário),
71331,Sentinel's Resonance (Membro do Clã),"Aumenta o ganho de EXP ao derrotar monstros em <Orange>{EffectParam1}</>%
Aumenta a chance de maximização em <Orange>{EffectParam2}</>%
Reduz Descer Skill Dano recebido por <Orange>{EffectParam3}</>%
Reduz o custo de MP em <Orange>{EffectParam4}</>%",Sentinel's Resonance (Membro do Clã),
71401,Alma do Guardião,"Aumenta Taxa de precisão em <Orange>{EffectParam1}</>%
Aumenta a velocidade de movimento em <Orange>{EffectParam2}</>%
Aumenta o Dano Verdadeiro do Ataque Básico contra jogadores em <Orange>{EffectParam3}</>
<Orange>※ Aplica-se apenas dentro de Ancient Ruins.</>",Melhora significativamente Habilidade de Combate,
71411,Partícula distorcida,"Aumenta a taxa de precisão em <Orange>{EffectParam1}</>%
Aumenta o dano real do ataque básico contra jogadores em <Orange>{EffectParam2}</>
<Orange>※ Aplica-se apenas dentro de Ancient Ruins.</>",Melhora a capacidade de combate (máximo de 4 pilhas),
71412,Partícula distorcida,Aura Fraca do Pequeno Guardião,Melhora a capacidade de combate (máximo de 4 pilhas),
71413,Fluxo distorcido,Aura Forte do Pequeno Guardião,Melhora a capacidade de combate (máximo de 4 pilhas),
71414,Aura distorcida,Aura Feroz do Pequeno Guardião,Melhora a capacidade de combate (máximo de 4 pilhas),
71415,Carga distorcida,Aura Esmagadora do Pequeno Guardião,Melhora a capacidade de combate (máximo de 4 pilhas),
71421,Olho do Buscador,"Aumenta a taxa de precisão em <Orange>{EffectParam1}</>%
<Orange>※ Aplica-se apenas dentro de Ancient Ruins.</>",Aumento da taxa de precisão,
71422,Windpath,"Aumenta a velocidade de movimento em <Orange>{EffectParam1}</>%
<Orange>※ Aplica-se apenas dentro de Ancient Ruins</>",Aumento de velocidade de movimento,
71423,Aether Tether,"Recupera MP por <Orange>{EffectParam1}</>
<Orange>※ Aplica-se apenas dentro de Ancient Ruins.</>",Recuperação de MP de,
71424,Ruptura,"Aumenta a chance de maximização por <Orange>{EffectParam1}</>%
<Orange>※ Aplica-se apenas dentro de Ancient Ruins.</>",Aumento de chance de maximização,
71425,Campo de Força,"Aumenta a taxa de resistência a golpes críticos em <Orange>{EffectParam1}</>%
<Orange>※ Aplica-se apenas dentro de Ancient Ruins.</>",Aumenta a taxa de resistência a acerto crítico contra jogadores,
71500,HP Recovery,"Restaura <Orange>{EffectParam1}</>% do HP máximo ao longo da duração
 Aumenta a cura de HP recebida por <Orange>{EffectParam2}</>%
Aumenta a quantidade de escudo recebida por <Orange>{EffectParam3}</>%",Aprimoramento de recuperação,
71510,Redução do tempo de espera Skill,Reduz Recarga de Skill em <Orange>{EffectParam1}</> %,Redução do tempo de espera Skill,
71511,Movement Speed Increase,Aumenta a velocidade de movimento em <Orange>{EffectParam1}</>%,Aumento de velocidade de movimento,
79000,[Alignment] Neutro,Estágio neutro.,,
79011,[Alignment] Bom Level 1,Regeneração de HP aumentada em <Orange>{EffectParam1}</>,Melhorar a capacidade de combate,
79012,[Alignment] Bom Level 2,"Regeneração de HP aumentada em <Orange>{EffectParam1}</>
MP Regeneração aumentada em <Orange>{EffectParam2}</>",Melhorar a capacidade de combate,
79013,[Alignment] Bom Level 3,"Regeneração de HP aumentada em <Orange>{EffectParam1}</>
MP Regeneração aumentada em <Orange>{EffectParam2}</>",Melhorar a capacidade de combate,
79014,[Alignment] Bom Level 4,"Regeneração de HP aumentada em <Orange>{EffectParam1}</>
MP Regeneração aumentada em <Orange>{EffectParam2}</>
HP Cura de poções aumentada em <Orange>{EffectParam3}</>",Melhorar a capacidade de combate,
79015,[Alignment] Bom Level 5,"Regeneração de HP aumentada em <Orange>{EffectParam1}</>
MP Regeneração aumentada em <Orange>{EffectParam2}</>
HP Cura de poções aumentada em <Orange>{EffectParam3}</>",Melhorar a capacidade de combate,
79021,[Alignment] Mal Level 1,Dano recebido de monstros aumentado em <Red>{EffectParam1}</>%,Capacidade de combate reduzida,
79022,[Alignment] Mal Level 2,"Dano reduzido em <Red>{EffectParam1}</>%
Dano recebido aumentado em <Red>{EffectParam2}</>%",Capacidade de combate reduzida,
79023,[Alignment] Mal Level 3,"Dano reduzido em <Red>{EffectParam1}</>%
Dano recebido aumentado em <Red>{EffectParam2}</>%",Capacidade de combate reduzida,
79024,[Alignment] Mal Level 4,"Dano reduzido em <Red>{EffectParam1}</>%
Dano sofrido aumentado em <Red>{EffectParam2}</>%
Taxa de evasão reduzida por <Red>{EffectParam3}</>%",Capacidade de combate reduzida,
79025,[Alignment] Mal Level 5,"Dano reduzido em <Red>{EffectParam1}</>%
Dano sofrido aumentado em <Red>{EffectParam2}</>%
Taxa de precisão reduzida por <Red>{EffectParam3}</>%
Taxa de evasão reduzida em <Red>{EffectParam4}</>%",Capacidade de combate reduzida,
79100,Outlaw Punição de,"Dano contra jogadores reduzido em <Red>{EffectParam1}</>%
Dano recebido de jogadores aumentados em <Red>{EffectParam2}</>%
Precisão contra jogadores reduzida em <Red>{EffectParam3}</>%
Evasão contra jogadores reduzida em <Red>{EffectParam4}</>%
Velocidade de movimento reduzida por <Red>{EffectParam5}</>%
(não é possível montar ou usar planador)",Capacidade de combate reduzida,
80010,,,,
80020,Guardian’s Blessing,"Aumenta a taxa de precisão contra monstros em <Orange>{EffectParam1}</>%
 Aumenta a taxa de evasão contra monstros em <Orange>{EffectParam2}</>%
 Aumenta a Taxa de Redução de Dano de Ataque Básico contra monstros em <Orange>{EffectParam3}</>%
 Aumenta a Taxa de Redução de Dano de Acerto Crítico contra monstros em <Orange>{EffectParam4}</>%
Aumenta a taxa de ganho de ouro em <Orange>{EffectParam5}</>%",Melhoria de habilidade,
82101,Treinamento Básico Level 1,Aumenta o dano de ataque básico em <Orange>{EffectParam1}</>%,Aumenta o dano de ataques básicos,
82102,Treinamento Básico Level 2,Aumenta o dano de ataque básico em <Orange>{EffectParam1}</>%,Aumenta o dano de ataques básicos,
82103,Treinamento Básico Level 3,Aumenta o dano de ataque básico em <Orange>{EffectParam1}</>%,Aumenta o dano de ataques básicos,
82104,Treinamento Básico Level 4,Aumenta o dano de ataque básico em <Orange>{EffectParam1}</>%,Aumenta o dano de ataques básicos,
82105,Treinamento Básico Level 5,Aumenta o dano de ataque básico em <Orange>{EffectParam1}</>%,Aumenta o dano de ataques básicos,
82106,Treinamento Básico Level 6,Aumenta o dano de ataque básico em <Orange>{EffectParam1}</>%,Aumenta o dano de ataques básicos,
82107,Treinamento Básico Level 7,Aumenta o dano de ataque básico em <Orange>{EffectParam1}</>%,Aumenta o dano de ataques básicos,
82108,Treinamento Básico Level 8,Aumenta o dano de ataque básico em <Orange>{EffectParam1}</>%,Aumenta o dano de ataques básicos,
82109,Treinamento Básico Nível 9,Aumenta o dano de ataque básico em <Orange>{EffectParam1}</>%,Aumenta o dano de ataques básicos,
82110,Treinamento Básico Nível 10,Aumenta o dano de ataque básico em <Orange>{EffectParam1}</>%,Aumenta o dano de ataques básicos,
82201,Guia de combate Level 1,Aumenta o ganho de EXP ao derrotar monstros em <Orange>{EffectParam1}</>%,Aumenta o ganho de EXP,
82202,Guia de combate Level 2,Aumenta o ganho de EXP ao derrotar monstros em <Orange>{EffectParam1}</>%,Aumenta o ganho de EXP,
82203,Guia de Combate Level 3,Aumenta o ganho de EXP ao derrotar monstros em <Orange>{EffectParam1}</>%,Aumenta o ganho de EXP,
82204,Guia de Combate Level 4,Aumenta o ganho de EXP ao derrotar monstros em <Orange>{EffectParam1}</>%,Aumenta o ganho de EXP,
82205,Guia de Combate Level 5,Aumenta o ganho de EXP ao derrotar monstros em <Orange>{EffectParam1}</>%,Aumenta o ganho de EXP,
82206,Guia de Combate Level 6,Aumenta o ganho de EXP ao derrotar monstros em <Orange>{EffectParam1}</>%,Aumenta o ganho de EXP,
82207,Combate Guia de Combate Level 7,Aumenta o ganho de EXP ao derrotar monstros em <Orange>{EffectParam1}</>%,Aumenta o ganho de EXP,
82208,Guia de Combate Level 8,Aumenta o ganho de EXP ao derrotar monstros em <Orange>{EffectParam1}</>%,Aumenta o ganho de EXP,
82209,Guia de Combate Nível 9,Aumenta o ganho de EXP ao derrotar monstros em <Orange>{EffectParam1}</>%,Aumenta o ganho de EXP,
82210,Guia de combate nível 10,Aumenta o ganho de EXP ao derrotar monstros em <Orange>{EffectParam1}</>%,Aumenta o ganho de EXP,
82301,Golpe Mortal Level 1,Aumenta o dano crítico de Skill em <Orange>{EffectParam1}</>%,Skill Dano crítico aumentado,
82302,Golpe Mortal Level 2,Aumenta o dano crítico de Skill em <Orange>{EffectParam1}</>%,Skill Dano crítico aumentado,
82303,Golpe Mortal Level 3,Aumenta o dano crítico de Skill em <Orange>{EffectParam1}</>%,Skill Dano crítico aumentado,
82304,Golpe Mortal Level 4,Aumenta o dano crítico de Skill em <Orange>{EffectParam1}</>%,Skill Dano crítico aumentado,
82305,Golpe Mortal Level 5,Aumenta o dano crítico de Skill em <Orange>{EffectParam1}</>%,Skill Dano crítico aumentado,
82306,Golpe Mortal Level 6,Aumenta o dano crítico de Skill em <Orange>{EffectParam1}</>%,Skill Dano crítico aumentado,
82307,Golpe Mortal Level 7,Aumenta o dano crítico de Skill em <Orange>{EffectParam1}</>%,Skill Dano crítico aumentado,
82308,Golpe Mortal Level 8,Aumenta o dano crítico de Skill em <Orange>{EffectParam1}</>%,Skill Dano crítico aumentado,
82309,Golpe Mortal Nível 9,Aumenta o dano crítico de Skill em <Orange>{EffectParam1}</>%,Skill Dano crítico aumentado,
82310,Golpe Mortal Nível 10,Aumenta o dano crítico de Skill em <Orange>{EffectParam1}</>%,Skill Dano crítico aumentado,
82401,Técnica Avançada Level 1,Aumenta o dano de Skill em <Orange>{EffectParam1}</>%,Aumenta o dano de Skill,
82402,Técnica Avançada Level 2,Aumenta o dano de Skill em <Orange>{EffectParam1}</>%,Aumenta o dano de Skill,
82403,Técnica Avançada Level 3,Aumenta o dano de Skill em <Orange>{EffectParam1}</>%,Aumenta o dano de Skill,
82404,Técnica Avançada Level 4,Aumenta o dano de Skill em <Orange>{EffectParam1}</>%,Aumenta o dano de Skill,
82405,Técnica Avançada Level 5,Aumenta o dano de Skill em <Orange>{EffectParam1}</>%,Aumenta o dano de Skill,
82406,Técnica Avançada Level 6,Aumenta o dano de Skill em <Orange>{EffectParam1}</>%,Aumenta o dano de Skill,
82407,Técnica Avançada Level 7,Aumenta o dano de Skill em <Orange>{EffectParam1}</>%,Aumenta o dano de Skill,
82408,Técnica Avançada Level 8,Aumenta o dano de Skill em <Orange>{EffectParam1}</>%,Aumenta o dano de Skill,
82409,Técnica Avançada Nível 9,Aumenta o dano de Skill em <Orange>{EffectParam1}</>%,Aumenta o dano de Skill,
82410,Técnica Avançada Nível 10,Aumenta o dano de Skill em <Orange>{EffectParam1}</>%,Aumenta o dano de Skill,
82501,Vital Aim Level 1,aumenta a chance de acerto crítico em <Orange>{EffectParam1}</>%,Aumento da chance de acerto crítico,
82502,Vital Aim Level 2,aumenta a chance de acerto crítico em <Orange>{EffectParam1}</>%,Aumento da chance de acerto crítico,
82503,Vital Aim Level 3,aumenta a chance de acerto crítico em <Orange>{EffectParam1}</>%,Aumento da chance de acerto crítico,
82504,Objetivo Vital Level 4,aumenta a chance de acerto crítico em <Orange>{EffectParam1}</>%,Aumento da chance de acerto crítico,
82505,Objetivo Vital Level 5,aumenta a chance de acerto crítico em <Orange>{EffectParam1}</>%,Aumento da chance de acerto crítico,
82506,Objetivo Vital Level 6,aumenta a chance de acerto crítico em <Orange>{EffectParam1}</>%,Aumento da chance de acerto crítico,
82507,Objetivo Vital Level 7,aumenta a chance de acerto crítico em <Orange>{EffectParam1}</>%,Aumento da chance de acerto crítico,
82508,Mira Vital Level 8,aumenta a chance de acerto crítico em <Orange>{EffectParam1}</>%,Aumento da chance de acerto crítico,
82509,Mira Vital Nível 9,aumenta a chance de acerto crítico em <Orange>{EffectParam1}</>%,Aumento da chance de acerto crítico,
82510,Vital Aim Nível 10,aumenta a chance de acerto crítico em <Orange>{EffectParam1}</>%,Aumento da chance de acerto crítico,
82601,Poder Fatal Level 1,Aumenta o dano crítico do ataque básico em <Orange>{EffectParam1}</>%,Dano crítico de ataque básico aumentado,
82602,Poder Fatal Level 2,Aumenta o dano crítico do ataque básico em <Orange>{EffectParam1}</>%,Dano crítico de ataque básico aumentado,
82603,Poder Fatal Level 3,Aumenta o dano crítico do ataque básico em <Orange>{EffectParam1}</>%,Dano crítico de ataque básico aumentado,
82604,Poder Fatal Level 4,Aumenta o dano crítico do ataque básico em <Orange>{EffectParam1}</>%,Dano crítico de ataque básico aumentado,
82605,Poder Fatal Level 5,Aumenta o dano crítico do ataque básico em <Orange>{EffectParam1}</>%,Dano crítico de ataque básico aumentado,
82606,Poder fatal Level 6,Aumenta o dano crítico do ataque básico em <Orange>{EffectParam1}</>%,Dano crítico de ataque básico aumentado,
82607,Poder fatal Level 7,Aumenta o dano crítico do ataque básico em <Orange>{EffectParam1}</>%,Dano crítico de ataque básico aumentado,
82608,Poder fatal Level 8,Aumenta o dano crítico do ataque básico em <Orange>{EffectParam1}</>%,Dano crítico de ataque básico aumentado,
82609,Nível de poder fatal 9,Aumenta o dano crítico do ataque básico em <Orange>{EffectParam1}</>%,Dano crítico de ataque básico aumentado,
82610,Poder Fatal Nível 10,Aumenta o dano crítico do ataque básico em <Orange>{EffectParam1}</>%,Dano crítico de ataque básico aumentado,
90000,Shield of Peace,"Você não é atacado por outros durante o período.
<Orange>Aplica-se apenas nas Terras Abandonadas, e o efeito é temporariamente desativado dentro das Terras Abandonadas. Monolith War.
Você pode desligar o efeito ao operar um Vitalizing Sanctum ou atacar outros jogadores ou monstros chefes.</>",Proteção e banimento de PvP em vigor,
90010,Warp Scroll,,,
90011,Teleport Scroll,,,
120000,,,,
129001,Tempo Quente da Giant's Tower,"EXP Ganho ao derrotar monstros aumentado em <Orange>{EffectParam1}</>%
Taxa de queda de item aumentada em <Orange>{EffectParam2}</>%",Tempo Quente da Giant's Tower,
129101,Autoridade do árbitro: Crescimento,"Ao derrotar monstros na Giant's Tower, o ganho de EXP dos membros do Clã Governante aumentou em <Orange>{EffectParam1}</>%",Aumenta o ganho de EXP,
129201,Autoridade do árbitro: Ganância,"Ao derrotar monstros na Torre Giant's Tower, ganho de ouro dos membros do clã governante aumentado em <Orange>{EffectParam1}</>%",Aumenta o ganho de ouro,
129301,Autoridade do árbitro: espírito de luta,"Na Giant's Tower, o dano dos Membros do Clã Governante contra Jogadores aumentou em <Orange>{EffectParam1}</>%",Aumento de Dano ao Jogador,
129401,Autoridade do árbitro: Valor,"Na Giant's Tower Torre, Dano dos Membros do Clã Governante contra Monstros aumentado em <Orange>{EffectParam1}</>%",Aumento de Dano de Monstro,
129501,Autoridade do árbitro: Gale,"Na Giant's Tower, a Velocidade de Movimento dos Membros do Clã Governante e a Velocidade de Movimento da Montaria aumentaram em <Orange>{EffectParam1}</>%",Aumento de velocidade de movimento,
129102,Autoridade do árbitro: Crescimento,"Ao derrotar monstros na Giant's Tower, o ganho de EXP dos membros do Clã Governante aumentou em <Orange>{EffectParam1}</>%",Aumenta o ganho de EXP,
129202,Autoridade do árbitro: Ganância,"Ao derrotar monstros na Torre Giant's Tower, ganho de ouro dos membros do clã governante aumentado em <Orange>{EffectParam1}</>%",Aumenta o ganho de ouro,
129302,Autoridade do árbitro: espírito de luta,"Na Giant's Tower, o dano dos Membros do Clã Governante contra Jogadores aumentou em <Orange>{EffectParam1}</>%",Aumento de Dano ao Jogador,
129402,Autoridade do árbitro: Valor,"Na Giant's Tower Torre, Dano dos Membros do Clã Governante contra Monstros aumentado em <Orange>{EffectParam1}</>%",Aumento de Dano de Monstro,
129502,Autoridade do árbitro: Gale,"Na Giant's Tower, a Velocidade de Movimento dos Membros do Clã Governante e a Velocidade de Movimento da Montaria aumentaram em <Orange>{EffectParam1}</>%",Aumento de velocidade de movimento,
129103,Autoridade do árbitro: Crescimento,"Ao derrotar monstros na Giant's Tower, o ganho de EXP dos membros do Clã Governante aumentou em <Orange>{EffectParam1}</>%",Aumenta o ganho de EXP,
129203,Autoridade do árbitro: Ganância,"Ao derrotar monstros na Torre Giant's Tower, ganho de ouro dos membros do clã governante aumentado em <Orange>{EffectParam1}</>%",Aumenta o ganho de ouro,
129303,Autoridade do árbitro: espírito de luta,"Na Giant's Tower, o dano dos Membros do Clã Governante contra Jogadores aumentou em <Orange>{EffectParam1}</>%",Aumento de Dano ao Jogador,
129403,Autoridade do árbitro: Valor,"Na Giant's Tower Torre, Dano dos Membros do Clã Governante contra Monstros aumentado em <Orange>{EffectParam1}</>%",Aumento de Dano de Monstro,
129503,Autoridade do árbitro: Gale,"Na Giant's Tower, a Velocidade de Movimento dos Membros do Clã Governante e a Velocidade de Movimento da Montaria aumentaram em <Orange>{EffectParam1}</>%",Aumento de velocidade de movimento,
129104,Autoridade do árbitro: Crescimento,"Ao derrotar monstros na Giant's Tower, o ganho de EXP dos membros do Clã Governante aumentou em <Orange>{EffectParam1}</>%",Aumenta o ganho de EXP,
129204,Autoridade do árbitro: Ganância,"Ao derrotar monstros na Torre Giant's Tower, ganho de ouro dos membros do clã governante aumentado em <Orange>{EffectParam1}</>%",Aumenta o ganho de ouro,
129304,Autoridade do árbitro: espírito de luta,"Na Giant's Tower, o dano dos Membros do Clã Governante contra Jogadores aumentou em <Orange>{EffectParam1}</>%",Aumento de Dano ao Jogador,
129404,Autoridade do árbitro: Valor,"Na Giant's Tower Torre, Dano dos Membros do Clã Governante contra Monstros aumentado em <Orange>{EffectParam1}</>%",Aumento de Dano de Monstro,
129504,Autoridade do árbitro: Gale,"Na Giant's Tower, a Velocidade de Movimento dos Membros do Clã Governante e a Velocidade de Movimento da Montaria aumentaram em <Orange>{EffectParam1}</>%",Aumento de velocidade de movimento,
129601,Melhorar Golem Guardião,Dano recebido pelo Guardian Golem reduzido e sua Evasão e Regeneração de HP aumentadas.,Melhorar Golem Guardião,
129701,Recompensa Indomável,Recompensas adicionais concedidas ao defender com sucesso o Golem Guardião,Recompensas adicionais por defender o Golem Guardião,
129801,Melhorar Golem Guardião,Dano recebido pelo Guardian Golem reduzido e sua Evasão e Regeneração de HP aumentadas.,Melhorar Golem Guardião,
129901,Recompensa Indomável,Recompensas adicionais concedidas ao defender com sucesso o Golem Guardião,Recompensas adicionais por defender o Golem Guardião,
130001,Melhorar Golem Guardião,Dano recebido pelo Guardian Golem reduzido e sua Evasão e Regeneração de HP aumentadas.,Melhorar Golem Guardião,
130101,Recompensa Indomável,Recompensas adicionais concedidas ao defender com sucesso o Golem Guardião,Recompensas adicionais por defender o Golem Guardião,
130151,Melhorar Golem Guardião,Dano recebido pelo Guardian Golem reduzido e sua Evasão e Regeneração de HP aumentadas.,Melhorar Golem Guardião,
130161,Recompensa Indomável,Recompensas adicionais concedidas ao defender com sucesso o Golem Guardião,Recompensas adicionais por defender o Golem Guardião,
3001001,Ashur's Torch (proprietário),"EXP Ganho ao derrotar monstros aumentado em <Orange>{EffectParam1}</>%
 Chance de acerto crítico aumentada em <Orange>{EffectParam2}</>%
Taxa de maximização aumentada em <Orange>{EffectParam3}</>%
Descent Skill Dano aumentado em <Orange>{EffectParam4}</>%
Penetração aumentada em <Orange>{EffectParam5}</>
Bloqueio aumentado em <Orange>{EffectParam6}</>",Ashur's Torch (proprietário),
3001002,Ashur's Torch (membro do clã),"EXP Ganho ao derrotar monstros aumentado em <Orange>{EffectParam1}</>%
 Chance de acerto crítico aumentada em <Orange>{EffectParam2}</>%
Taxa de maximização aumentada em <Orange>{EffectParam3}</>%
Descent Skill Dano aumentado em <Orange>{EffectParam4}</>%
Penetração aumentada em <Orange>{EffectParam5}</>
Bloqueio aumentado em <Orange>{EffectParam6}</>",Ashur's Torch (membro do clã),
130011,Benefício de grau 1 (Classificação de nível),"Defesa aumentada em <Orange>{EffectParam1}</>
MP Regeneração aumentada em <Orange>{EffectParam2}</>
 HP máximo aumentado em <Orange>{EffectParam3}</>
Velocidade de movimento de montagem aumentada em <Orange>{EffectParam4}</>%",Capacidade de defesa aumentada,
130012,Benefício de grau 2 (Classificação de nível),"Defesa aumentada em <Orange>{EffectParam1}</>
MP Regeneração aumentada em <Orange>{EffectParam2}</>
 HP máximo aumentado em <Orange>{EffectParam3}</>
Velocidade de movimento de montagem aumentada em <Orange>{EffectParam4}</>%",Capacidade de defesa aumentada,
130013,Benefício de grau 3 (Classificação de nível),"Defesa aumentada em <Orange>{EffectParam1}</>
MP Regeneração aumentada em <Orange>{EffectParam2}</>
 HP máximo aumentado em <Orange>{EffectParam3}</>
Velocidade de movimento de montagem aumentada em <Orange>{EffectParam4}</>%",Capacidade de defesa aumentada,
130014,Benefício de grau 4 (Classificação de nível),"Defesa aumentada em <Orange>{EffectParam1}</>
MP Regeneração aumentada em <Orange>{EffectParam2}</>
 HP máximo aumentado em <Orange>{EffectParam3}</>
Velocidade de movimento de montagem aumentada em <Orange>{EffectParam4}</>%",Capacidade de defesa aumentada,
130015,Benefício de grau 5 (Classificação de nível),"Defesa aumentada em <Orange>{EffectParam1}</>
MP Regeneração aumentada em <Orange>{EffectParam2}</>
 HP máximo aumentado em <Orange>{EffectParam3}</>
Velocidade de movimento de montagem aumentada em <Orange>{EffectParam4}</>%",Capacidade de defesa aumentada,
130016,Benefício de grau 6 (Classificação de nível),"Defesa aumentada em <Orange>{EffectParam1}</>
MP Regeneração aumentada em <Orange>{EffectParam2}</>
 HP máximo aumentado em <Orange>{EffectParam3}</>
Velocidade de movimento de montagem aumentada em <Orange>{EffectParam4}</>%",Capacidade de defesa aumentada,
130017,Benefício de grau 7 (Classificação de nível),"Regeneração de MP aumentada em <Orange>{EffectParam1}</>
 HP máximo aumentado em <Orange>{EffectParam2}</>
Velocidade de movimento de montagem aumentada em <Orange>{EffectParam3}</>%",Capacidade de defesa aumentada,
130018,Benefício de grau 8 (Classificação de nível),"Regeneração de MP aumentada em <Orange>{EffectParam1}</>
 HP máximo aumentado em <Orange>{EffectParam2}</>
Velocidade de movimento de montagem aumentada em <Orange>{EffectParam3}</>%",Capacidade de defesa aumentada,
130021,Benefício de grau 1 (Classificação de poder de combate),"Poder de Ataque aumentado em <Orange>{EffectParam1}</>
HP Cura de Poção aumentada em <Orange>{EffectParam2}</>
MP máximo aumentado em <Orange>{EffectParam3}</>
Velocidade de movimento aumentada em <Orange>{EffectParam4}</>%",Capacidade de Ataque aumentada,
130022,Benefício de grau 2 (Classificação de poder de combate),"Poder de Ataque aumentado em <Orange>{EffectParam1}</>
HP Cura de Poção aumentada em <Orange>{EffectParam2}</>
MP máximo aumentado em <Orange>{EffectParam3}</>
Velocidade de movimento aumentada em <Orange>{EffectParam4}</>%",Capacidade de Ataque aumentada,
130023,Benefício de grau 3 (Classificação de poder de combate),"Poder de Ataque aumentado em <Orange>{EffectParam1}</>
HP Cura de Poção aumentada em <Orange>{EffectParam2}</>
MP máximo aumentado em <Orange>{EffectParam3}</>
Velocidade de movimento aumentada em <Orange>{EffectParam4}</>%",Capacidade de Ataque aumentada,
130024,Benefício de grau 4 (Classificação de poder de combate),"Poder de Ataque aumentado em <Orange>{EffectParam1}</>
HP Cura de Poção aumentada em <Orange>{EffectParam2}</>
MP máximo aumentado em <Orange>{EffectParam3}</>
Velocidade de movimento aumentada em <Orange>{EffectParam4}</>%",Capacidade de Ataque aumentada,
130025,Benefício de grau 5 (Classificação de poder de combate),"Poder de Ataque aumentado em <Orange>{EffectParam1}</>
HP Cura de Poção aumentada em <Orange>{EffectParam2}</>
MP máximo aumentado em <Orange>{EffectParam3}</>
Velocidade de movimento aumentada em <Orange>{EffectParam4}</>%",Capacidade de Ataque aumentada,
130026,Benefício de grau 6 (Classificação de poder de combate),"Poder de Ataque aumentado em <Orange>{EffectParam1}</>
HP Cura de Poção aumentada em <Orange>{EffectParam2}</>
MP máximo aumentado em <Orange>{EffectParam3}</>
Velocidade de movimento aumentada em <Orange>{EffectParam4}</>%",Capacidade de Ataque aumentada,
130027,Benefício de grau 7 (Classificação de poder de combate),"HP Potion Healing aumentado em <Orange>{EffectParam1}</>
Max MP aumentado em <Orange>{EffectParam2}</>
Velocidade de movimento aumentada em <Orange>{EffectParam3}</>%",Capacidade de Ataque aumentada,
130028,Benefício de grau 8 (Classificação de poder de combate),"HP Potion Healing aumentado em <Orange>{EffectParam1}</>
Max MP aumentado em <Orange>{EffectParam2}</>
Velocidade de movimento aumentada em <Orange>{EffectParam3}</>%",Capacidade de Ataque aumentada,
130031,Benefício de grau 1 (Classificação de PvP),Aumenta o dano contra jogadores em <Orange>{EffectParam1}</>%,Capacidade de ataque PvP Aumentar,
130032,Benefício de grau 2 (Classificação de PvP),Aumenta o dano contra jogadores em <Orange>{EffectParam1}</>%,Capacidade de ataque PvP Aumentar,
130033,Benefício de grau 3 (Classificação de PvP),Aumenta o dano contra jogadores em <Orange>{EffectParam1}</>%,Capacidade de ataque PvP Aumentar,
130034,Benefício de grau 4 (Classificação de PvP),Aumenta o dano contra jogadores em <Orange>{EffectParam1}</>%,Capacidade de ataque PvP Aumentar,
130035,Benefício de grau 5 (Classificação de poder de combate),Aumenta o dano contra jogadores em <Orange>{EffectParam1}</>%,Capacidade de ataque PvP Aumentar,
130036,Benefício de grau 6 (Classificação de PvP),Aumenta o dano contra jogadores em <Orange>{EffectParam1}</>%,Capacidade de ataque PvP Aumentar,
130037,Benefício de grau 7 (Classificação PvP),Aumenta o dano contra jogadores em <Orange>{EffectParam1}</>%,Capacidade de ataque PvP Aumentar,
130038,Benefício de grau 8 (Classificação de PvP),Aumenta o dano contra jogadores em <Orange>{EffectParam1}</>%,Capacidade de ataque PvP Aumentar,
130201,Blefe do jogador I,Dano Reduzido Skill Reduzido de jogadores por <Orange>{EffectParam1}</>%,Capacidade de combate PvP Aumentar,
130202,Blefe do jogador II,Dano Reduzido Skill Reduzido de jogadores por <Orange>{EffectParam1}</>%,Capacidade de combate PvP Aumentar,
130203,Blefe do jogador III,Dano Reduzido Skill Reduzido de jogadores por <Orange>{EffectParam1}</>%,Capacidade de combate PvP Aumentar,
130204,Inveja do Duelista I,"aumenta Taxa de precisão contra jogadores por <Orange>{EffectParam2}</>%
Reduz Skill Dano recebido de jogadores por <Orange>{EffectParam1}</>%",Capacidade de combate PvP Aumentar,
130205,Inveja do Duelista II,"aumenta Taxa de precisão contra jogadores por <Orange>{EffectParam2}</>%
Reduz Skill Dano recebido de jogadores por <Orange>{EffectParam1}</>%",Capacidade de combate PvP Aumentar,
130206,Inveja do Duelista III,"aumenta Taxa de precisão contra jogadores por <Orange>{EffectParam2}</>%
Reduz Skill Dano recebido de jogadores por <Orange>{EffectParam1}</>%",Capacidade de combate PvP Aumentar,
130207,Provocação do Slayer I,"Aumenta a taxa de precisão contra jogadores em <Orange>{EffectParam2}</>%
Aumenta o dano contra jogadores em <Orange>{EffectParam3}</>%
Reduz Skill Dano recebido de jogadores por <Orange>{EffectParam1}</>%",Capacidade de combate PvP Aumentar,
130208,Provocação do Slayer II,"Aumenta a taxa de precisão contra jogadores em <Orange>{EffectParam2}</>%
Aumenta o dano contra jogadores em <Orange>{EffectParam3}</>%
Reduz Skill Dano recebido de jogadores por <Orange>{EffectParam1}</>%",Capacidade de combate PvP Aumentar,
130209,Arrogância do Conquistador,"Aumenta a taxa de precisão contra jogadores em <Orange>{EffectParam2}</>%
Aumenta o dano contra jogadores em <Orange>{EffectParam3}</>%
Reduz Skill Dano recebido de jogadores por <Orange>{EffectParam1}</>%
 Aumenta a taxa de resistência a acertos críticos contra jogadores em <Orange>{EffectParam4}</>%",Capacidade de combate PvP Aumentar,
130210,Frenesi do subjugador,"Aumenta a taxa de precisão contra jogadores em <Orange>{EffectParam2}</>%
Aumenta o dano contra jogadores em <Orange>{EffectParam3}</>%
Reduz Skill Dano recebido de jogadores por <Orange>{EffectParam1}</>%
 Aumenta a taxa de resistência a acertos críticos contra jogadores em <Orange>{EffectParam4}</>%",Capacidade de combate PvP Aumentar,
130211,Guia de resolução do guia,"Aumenta a taxa de precisão contra jogadores em <Orange>{EffectParam2}</>%
Aumenta o dano contra jogadores em <Orange>{EffectParam3}</>%
Reduz Skill Dano recebido de jogadores por <Orange>{EffectParam1}</>%
 Aumenta a taxa de resistência a acertos críticos contra jogadores em <Orange>{EffectParam4}</>%
Aumenta a taxa de resistência ao controle de multidão em <Orange>{EffectParam5}</>%",Capacidade de combate PvP Aumentar,
130212,Preguiça do Governante,"Aumenta a taxa de precisão contra jogadores em <Orange>{EffectParam2}</>%
Aumenta o dano contra jogadores em <Orange>{EffectParam3}</>%
Reduz Skill Dano recebido de jogadores por <Orange>{EffectParam1}</>%
 Aumenta a taxa de resistência a acertos críticos contra jogadores em <Orange>{EffectParam4}</>%
Aumenta a taxa de resistência ao controle de multidão em <Orange>{EffectParam5}</>%",Capacidade de combate PvP Aumentar,
130299,Regra Absoluta,"Aumenta Ganho de EXP ao derrotar monstros em <Orange>{EffectParam1}</>%
Aumenta o ganho de cristal de ouro em <Orange>{EffectParam2}</>% ao derrotar monstros
Aumenta o ganho de ouro ao derrotar monstros em <Orange>{EffectParam3}</>%
Reduz o resfriamento de descida Skill em <Orange>{EffectParam4}</>%
Aumenta a velocidade de movimento da montagem em <Orange>{EffectParam5}</>%",Regra Absoluta,
140101,Abyssal Form I,Reduz o Tempo de Recarga da Mudança de Postura em <Orange>{EffectParam1}</>%,Efeito da Abyssal Form I,
140102,Abyssal Form I,Reduz o Tempo de Recarga da Mudança de Postura em <Orange>{EffectParam1}</>%,Efeito da Abyssal Form I,
140103,Abyssal Form I,Reduz o Tempo de Recarga da Mudança de Postura em <Orange>{EffectParam1}</>%,Efeito da Abyssal Form I,
140104,Abyssal Form I,Reduz o Tempo de Recarga da Mudança de Postura em <Orange>{EffectParam1}</>%,Efeito da Abyssal Form I,
140105,Abyssal Form I,Reduz o Tempo de Recarga da Mudança de Postura em <Orange>{EffectParam1}</>%,Efeito da Abyssal Form I,
140106,Abyssal Form I,Reduz o Tempo de Recarga da Mudança de Postura em <Orange>{EffectParam1}</>%,Efeito da Abyssal Form I,
140201,Abyssal Form II,"Aumenta o dano contra alvos queimados e envenenados em <Orange>{EffectParam1}</>%
Reduz o dano Skill de alvo único recebido por <Orange>{EffectParam2}</>%",Efeito da Abyssal Form II,
140202,Abyssal Form II,"Aumenta o dano contra alvos queimados e envenenados em <Orange>{EffectParam1}</>%
Reduz o dano Skill de alvo único recebido por <Orange>{EffectParam2}</>%",Efeito da Abyssal Form II,
140203,Abyssal Form II,"Aumenta o dano contra alvos queimados e envenenados em <Orange>{EffectParam1}</>%
Reduz o dano Skill de alvo único recebido por <Orange>{EffectParam2}</>%",Efeito da Abyssal Form II,
140204,Abyssal Form II,"Aumenta o dano contra alvos queimados e envenenados em <Orange>{EffectParam1}</>%
Reduz o dano Skill de alvo único recebido por <Orange>{EffectParam2}</>%",Efeito da Abyssal Form II,
140205,Abyssal Form II,"Aumenta o dano contra alvos queimados e envenenados em <Orange>{EffectParam1}</>%
Reduz o dano Skill de alvo único recebido por <Orange>{EffectParam2}</>%",Efeito da Abyssal Form II,
140206,Abyssal Form II,"Aumenta o dano contra alvos queimados e envenenados em <Orange>{EffectParam1}</>%
Reduz o dano Skill de alvo único recebido por <Orange>{EffectParam2}</>%",Efeito da Abyssal Form II,
140301,Abyssal Form III,Aumenta a penetração em <Orange>{EffectParam1}</>,Abyssal Form III Efeito,
140302,Abyssal Form III,Aumenta a penetração em <Orange>{EffectParam1}</>,Abyssal Form III Efeito,
140303,Abyssal Form III,Aumenta a penetração em <Orange>{EffectParam1}</>,Abyssal Form III Efeito,
140304,Abyssal Form III,Aumenta a penetração em <Orange>{EffectParam1}</>,Abyssal Form III Efeito,
140305,Abyssal Form III,Aumenta a penetração em <Orange>{EffectParam1}</>,Abyssal Form III Efeito,
140306,Abyssal Form III,Aumenta a penetração em <Orange>{EffectParam1}</>,Abyssal Form III Efeito,
140401,Anima Form I,Recupera um <Orange>{EffectParam1}</>% adicional do HP máximo após a ressurreição,Efeito de Anima Form I,
140402,Anima Form I,Recupera um <Orange>{EffectParam1}</>% adicional do HP máximo após a ressurreição,Efeito de Anima Form I,
140403,Anima Form I,Recupera um <Orange>{EffectParam1}</>% adicional do HP máximo após a ressurreição,Efeito de Anima Form I,
140404,Anima Form I,Recupera um <Orange>{EffectParam1}</>% adicional do HP máximo após a ressurreição,Efeito de Anima Form I,
140405,Anima Form I,Recupera um <Orange>{EffectParam1}</>% adicional do HP máximo após a ressurreição,Efeito de Anima Form I,
140406,Anima Form I,Recupera um <Orange>{EffectParam1}</>% adicional do HP máximo após a ressurreição,Efeito de Anima Form I,
140501,Anima Form II,"Aumenta o dano contra alvos congelados/sangrando em <Orange>{EffectParam1}</>%
Reduz o dano recebido de vários alvos Skills em <Orange>{EffectParam2}</>%",Efeito de Anima Form II,
140502,Anima Form II,"Aumenta o dano contra alvos congelados/sangrando em <Orange>{EffectParam1}</>%
Reduz o dano recebido de vários alvos Skills em <Orange>{EffectParam2}</>%",Efeito de Anima Form II,
140503,Anima Form II,"Aumenta o dano contra alvos congelados/sangrando em <Orange>{EffectParam1}</>%
Reduz o dano recebido de vários alvos Skills em <Orange>{EffectParam2}</>%",Efeito de Anima Form II,
140504,Anima Form II,"Aumenta o dano contra alvos congelados/sangrando em <Orange>{EffectParam1}</>%
Reduz o dano recebido de vários alvos Skills em <Orange>{EffectParam2}</>%",Efeito de Anima Form II,
140505,Anima Form II,"Aumenta o dano contra alvos congelados/sangrando em <Orange>{EffectParam1}</>%
Reduz o dano recebido de vários alvos Skills em <Orange>{EffectParam2}</>%",Efeito de Anima Form II,
140506,Anima Form II,"Aumenta o dano contra alvos congelados/sangrando em <Orange>{EffectParam1}</>%
Reduz o dano recebido de vários alvos Skills em <Orange>{EffectParam2}</>%",Efeito de Anima Form II,
140601,Anima Form III,Aumenta o bloqueio em <Orange>{EffectParam1}</>,Efeito de Anima Form III,
140602,Anima Form III,Aumenta o bloqueio em <Orange>{EffectParam1}</>,Efeito de Anima Form III,
140603,Anima Form III,Aumenta o bloqueio em <Orange>{EffectParam1}</>,Efeito de Anima Form III,
140604,Anima Form III,Aumenta o bloqueio em <Orange>{EffectParam1}</>,Efeito de Anima Form III,
140605,Anima Form III,Aumenta o bloqueio em <Orange>{EffectParam1}</>,Efeito de Anima Form III,
140606,Anima Form III,Aumenta o bloqueio em <Orange>{EffectParam1}</>,Efeito de Anima Form III,
140701,Indomitable Form I,"Aumenta Dano recebido enquanto estiver na [Postura de Ataque] por <Orange>{EffectParam1}</>% 
Reduz o dano recebido enquanto estiver em [Specialized] por <Orange>{EffectParam2}</>%",Efeito de Indomitable Form I,
140702,Indomitable Form I,"Aumenta Dano recebido enquanto estiver na [Postura de Ataque] por <Orange>{EffectParam1}</>% 
Reduz o dano recebido enquanto estiver em [Specialized] por <Orange>{EffectParam2}</>%",Efeito de Indomitable Form I,
140703,Indomitable Form I,"Aumenta Dano recebido enquanto estiver na [Postura de Ataque] por <Orange>{EffectParam1}</>% 
Reduz o dano recebido enquanto estiver em [Specialized] por <Orange>{EffectParam2}</>%",Efeito de Indomitable Form I,
140704,Indomitable Form I,"Aumenta Dano recebido enquanto estiver na [Postura de Ataque] por <Orange>{EffectParam1}</>% 
Reduz o dano recebido enquanto estiver em [Specialized] por <Orange>{EffectParam2}</>%",Efeito de Indomitable Form I,
140705,Indomitable Form I,"Aumenta Dano recebido enquanto estiver na [Postura de Ataque] por <Orange>{EffectParam1}</>% 
Reduz o dano recebido enquanto estiver em [Specialized] por <Orange>{EffectParam2}</>%",Efeito de Indomitable Form I,
140706,Indomitable Form I,"Aumenta Dano recebido enquanto estiver na [Postura de Ataque] por <Orange>{EffectParam1}</>% 
Reduz o dano recebido enquanto estiver em [Specialized] por <Orange>{EffectParam2}</>%",Efeito de Indomitable Form I,
140801,Indomitable Form II,"Aumenta o dano em [{EffectParam1}]% enquanto estiver no <Orange>Special</> Postura
Reduz o dano recebido em [{EffectParam2}]% enquanto está na postura <Orange>Attack</>",Efeito de Indomitable Form II,
140802,Indomitable Form II,"Aumenta o dano em [{EffectParam1}]% enquanto estiver no <Orange>Special</> Postura
Reduz o dano recebido em [{EffectParam2}]% enquanto está na postura <Orange>Attack</>",Efeito de Indomitable Form II,
140803,Indomitable Form II,"Aumenta o dano em [{EffectParam1}]% enquanto estiver no <Orange>Special</> Postura
Reduz o dano recebido em [{EffectParam2}]% enquanto está na postura <Orange>Attack</>",Efeito de Indomitable Form II,
140804,Indomitable Form II,"Aumenta o dano em [{EffectParam1}]% enquanto estiver no <Orange>Special</> Postura
Reduz o dano recebido em [{EffectParam2}]% enquanto está na postura <Orange>Attack</>",Efeito de Indomitable Form II,
140805,Indomitable Form II,"Aumenta o dano em [{EffectParam1}]% enquanto estiver no <Orange>Special</> Postura
Reduz o dano recebido em [{EffectParam2}]% enquanto está na postura <Orange>Attack</>",Efeito de Indomitable Form II,
140806,Indomitable Form II,"Aumenta o dano em [{EffectParam1}]% enquanto estiver no <Orange>Special</> Postura
Reduz o dano recebido em [{EffectParam2}]% enquanto está na postura <Orange>Attack</>",Efeito de Indomitable Form II,
110000,Dano de queda,,,
110010,Deslizar,,,
100000,,,,
101001,Esquecimento,Incapaz de agir e sofre mais dano enquanto estiver sob o estado <Red>{Param}</>,Desativado,Oblivion
101002,Esquecimento,Incapaz de agir e sofre mais dano enquanto estiver sob o estado <Red>{Param}</>,Desativado,Oblivion
101003,Esquecimento,Incapaz de agir e sofre mais dano enquanto estiver sob o estado <Red>{Param}</>,Desativado,Oblivion
101004,Esquecimento,Incapaz de agir e sofre mais dano enquanto estiver sob o estado <Red>{Param}</>,Desativado,Oblivion
101005,Esquecimento,Incapaz de agir e sofre mais dano enquanto estiver sob o estado <Red>{Param}</>,Desativado,Oblivion
101006,Esquecimento,Incapaz de agir e sofre mais dano enquanto estiver sob o estado <Red>{Param}</>,Desativado,Oblivion
101007,Esquecimento,Incapaz de agir e sofre mais dano enquanto estiver sob o estado <Red>{Param}</>,Desativado,Oblivion
101008,Esquecimento,Incapaz de agir e sofre mais dano enquanto estiver sob o estado <Red>{Param}</>,Desativado,Oblivion
101009,Esquecimento,Incapaz de agir e sofre mais dano enquanto estiver sob o estado <Red>{Param}</>,Desativado,Oblivion
101010,Esquecimento,Incapaz de agir e sofre mais dano enquanto estiver sob o estado <Red>{Param}</>,Desativado,Oblivion
101011,Esquecimento,Incapaz de agir e sofre mais dano enquanto estiver sob o estado <Red>{Param}</>,Desativado,Oblivion
101012,Esquecimento,Incapaz de agir e sofre mais dano enquanto estiver sob o estado <Red>{Param}</>,Desativado,Oblivion
101013,Esquecimento,Incapaz de agir e sofre mais dano enquanto estiver sob o estado <Red>{Param}</>,Desativado,Oblivion
101014,Esquecimento,Incapaz de agir e sofre mais dano enquanto estiver sob o estado <Red>{Param}</>,Desativado,Oblivion
101015,Esquecimento,Incapaz de agir e sofre mais dano enquanto estiver sob o estado <Red>{Param}</>,Desativado,Oblivion
101016,Esquecimento,Incapaz de agir e sofre mais dano enquanto estiver sob o estado <Red>{Param}</>,Desativado,Oblivion
101017,Esquecimento,Incapaz de agir e sofre mais dano enquanto estiver sob o estado <Red>{Param}</>,Desativado,Oblivion
101018,Esquecimento,Incapaz de agir e sofre mais dano enquanto estiver sob o estado <Red>{Param}</>,Desativado,Oblivion
101019,Esquecimento,Incapaz de agir e sofre mais dano enquanto estiver sob o estado <Red>{Param}</>,Desativado,Oblivion
101020,Esquecimento,Incapaz de agir e sofre mais dano enquanto estiver sob o estado <Red>{Param}</>,Desativado,Oblivion
101021,Esquecimento,Incapaz de agir e sofre mais dano enquanto estiver sob o estado <Red>{Param}</>,Desativado,Oblivion
101022,Esquecimento,Incapaz de agir e sofre mais dano enquanto estiver sob o estado <Red>{Param}</>,Desativado,Oblivion
101023,Esquecimento,Incapaz de agir e sofre mais dano enquanto estiver sob o estado <Red>{Param}</>,Desativado,Oblivion
101024,Esquecimento,Incapaz de agir e sofre mais dano enquanto estiver sob o estado <Red>{Param}</>,Desativado,Oblivion
101025,Esquecimento,Incapaz de agir e sofre mais dano enquanto estiver sob o estado <Red>{Param}</>,Desativado,Oblivion
101026,Esquecimento,Incapaz de agir e sofre mais dano enquanto estiver sob o estado <Red>{Param}</>,Desativado,Oblivion
101027,Esquecimento,Incapaz de agir e sofre mais dano enquanto estiver sob o estado <Red>{Param}</>,Desativado,Oblivion
101028,Esquecimento,Incapaz de agir e sofre mais dano enquanto estiver sob o estado <Red>{Param}</>,Desativado,Oblivion
101029,Esquecimento,Incapaz de agir e sofre mais dano enquanto estiver sob o estado <Red>{Param}</>,Desativado,Oblivion
101030,Esquecimento,Incapaz de agir e sofre mais dano enquanto estiver sob o estado <Red>{Param}</>,Desativado,Oblivion
101031,Esquecimento,Incapaz de agir e sofre mais dano enquanto estiver sob o estado <Red>{Param}</>,Desativado,Oblivion
101032,Esquecimento,Incapaz de agir e sofre mais dano enquanto estiver sob o estado <Red>{Param}</>,Desativado,Oblivion
101033,Esquecimento,Incapaz de agir e sofre mais dano enquanto estiver sob o estado <Red>{Param}</>,Desativado,Oblivion
101034,Esquecimento,Incapaz de agir e sofre mais dano enquanto estiver sob o estado <Red>{Param}</>,Desativado,Oblivion
101035,Esquecimento,Incapaz de agir e sofre mais dano enquanto estiver sob o estado <Red>{Param}</>,Desativado,Oblivion
101036,Esquecimento,Incapaz de agir e sofre mais dano enquanto estiver sob o estado <Red>{Param}</>,Desativado,Oblivion
101037,Esquecimento,Incapaz de agir e sofre mais dano enquanto estiver sob o estado <Red>{Param}</>,Desativado,Oblivion
101038,Esquecimento,Incapaz de agir e sofre mais dano enquanto estiver sob o estado <Red>{Param}</>,Desativado,Oblivion
101039,Esquecimento,Incapaz de agir e sofre mais dano enquanto estiver sob o estado <Red>{Param}</>,Desativado,Oblivion
101040,Esquecimento,Incapaz de agir e sofre mais dano enquanto estiver sob o estado <Red>{Param}</>,Desativado,Oblivion
101041,Esquecimento,Incapaz de agir e sofre mais dano enquanto estiver sob o estado <Red>{Param}</>,Desativado,Oblivion
101042,Esquecimento,Incapaz de agir e sofre mais dano enquanto estiver sob o estado <Red>{Param}</>,Desativado,Oblivion
101043,Esquecimento,Incapaz de agir e sofre mais dano enquanto estiver sob o estado <Red>{Param}</>,Desativado,Oblivion
101044,Esquecimento,Incapaz de agir e sofre mais dano enquanto estiver sob o estado <Red>{Param}</>,Desativado,Oblivion
101045,Esquecimento,Incapaz de agir e sofre mais dano enquanto estiver sob o estado <Red>{Param}</>,Desativado,Oblivion
101046,Esquecimento,Incapaz de agir e sofre mais dano enquanto estiver sob o estado <Red>{Param}</>,Desativado,Oblivion
101047,Esquecimento,Incapaz de agir e sofre mais dano enquanto estiver sob o estado <Red>{Param}</>,Desativado,Oblivion
101048,Esquecimento,Incapaz de agir e sofre mais dano enquanto estiver sob o estado <Red>{Param}</>,Desativado,Oblivion
101049,Esquecimento,Incapaz de agir e sofre mais dano enquanto estiver sob o estado <Red>{Param}</>,Desativado,Oblivion
101050,Esquecimento,Incapaz de agir e sofre mais dano enquanto estiver sob o estado <Red>{Param}</>,Desativado,Oblivion
101051,Esquecimento,Incapaz de agir e sofre mais dano enquanto estiver sob o estado <Red>{Param}</>,Desativado,Oblivion
101052,Esquecimento,Incapaz de agir e sofre mais dano enquanto estiver sob o estado <Red>{Param}</>,Desativado,Oblivion
101053,Esquecimento,Incapaz de agir e sofre mais dano enquanto estiver sob o estado <Red>{Param}</>,Desativado,Oblivion
101054,Esquecimento,Incapaz de agir e sofre mais dano enquanto estiver sob o estado <Red>{Param}</>,Desativado,Oblivion
101055,Esquecimento,Incapaz de agir e sofre mais dano enquanto estiver sob o estado <Red>{Param}</>,Desativado,Oblivion
101056,Esquecimento,Incapaz de agir e sofre mais dano enquanto estiver sob o estado <Red>{Param}</>,Desativado,Oblivion
101057,Esquecimento,Incapaz de agir e sofre mais dano enquanto estiver sob o estado <Red>{Param}</>,Desativado,Oblivion
101058,Esquecimento,Incapaz de agir e sofre mais dano enquanto estiver sob o estado <Red>{Param}</>,Desativado,Oblivion
101059,Esquecimento,Incapaz de agir e sofre mais dano enquanto estiver sob o estado <Red>{Param}</>,Desativado,Oblivion
101060,Esquecimento,Incapaz de agir e sofre mais dano enquanto estiver sob o estado <Red>{Param}</>,Desativado,Oblivion
101061,Esquecimento,Incapaz de agir e sofre mais dano enquanto estiver sob o estado <Red>{Param}</>,Desativado,Oblivion
101062,Esquecimento,Incapaz de agir e sofre mais dano enquanto estiver sob o estado <Red>{Param}</>,Desativado,Oblivion
101063,Esquecimento,Incapaz de agir e sofre mais dano enquanto estiver sob o estado <Red>{Param}</>,Desativado,Oblivion
101064,Esquecimento,Incapaz de agir e sofre mais dano enquanto estiver sob o estado <Red>{Param}</>,Desativado,Oblivion
101065,Esquecimento,Incapaz de agir e sofre mais dano enquanto estiver sob o estado <Red>{Param}</>,Desativado,Oblivion
101066,Esquecimento,Incapaz de agir e sofre mais dano enquanto estiver sob o estado <Red>{Param}</>,Desativado,Oblivion
101067,Esquecimento,Incapaz de agir e sofre mais dano enquanto estiver sob o estado <Red>{Param}</>,Desativado,Oblivion
101068,Esquecimento,Incapaz de agir e sofre mais dano enquanto estiver sob o estado <Red>{Param}</>,Desativado,Oblivion
101069,Esquecimento,Incapaz de agir e sofre mais dano enquanto estiver sob o estado <Red>{Param}</>,Desativado,Oblivion
101070,Esquecimento,Incapaz de agir e sofre mais dano enquanto estiver sob o estado <Red>{Param}</>,Desativado,Oblivion
101071,Esquecimento,Incapaz de agir e sofre mais dano enquanto estiver sob o estado <Red>{Param}</>,Desativado,Oblivion
101072,Esquecimento,Incapaz de agir e sofre mais dano enquanto estiver sob o estado <Red>{Param}</>,Desativado,Oblivion
101073,Esquecimento,Incapaz de agir e sofre mais dano enquanto estiver sob o estado <Red>{Param}</>,Desativado,Oblivion
101074,Esquecimento,Incapaz de agir e sofre mais dano enquanto estiver sob o estado <Red>{Param}</>,Desativado,Oblivion
101075,Esquecimento,Incapaz de agir e sofre mais dano enquanto estiver sob o estado <Red>{Param}</>,Desativado,Oblivion
101076,Esquecimento,Incapaz de agir e sofre mais dano enquanto estiver sob o estado <Red>{Param}</>,Desativado,Oblivion
101077,Esquecimento,Incapaz de agir e sofre mais dano enquanto estiver sob o estado <Red>{Param}</>,Desativado,Oblivion
101078,Esquecimento,Incapaz de agir e sofre mais dano enquanto estiver sob o estado <Red>{Param}</>,Desativado,Oblivion
101079,Esquecimento,Incapaz de agir e sofre mais dano enquanto estiver sob o estado <Red>{Param}</>,Desativado,Oblivion
101080,Esquecimento,Incapaz de agir e sofre mais dano enquanto estiver sob o estado <Red>{Param}</>,Desativado,Oblivion
101081,Esquecimento,Incapaz de agir e sofre mais dano enquanto estiver sob o estado <Red>{Param}</>,Desativado,Oblivion
101082,Esquecimento,Incapaz de agir e sofre mais dano enquanto estiver sob o estado <Red>{Param}</>,Desativado,Oblivion
101083,Esquecimento,Incapaz de agir e sofre mais dano enquanto estiver sob o estado <Red>{Param}</>,Desativado,Oblivion
101084,Esquecimento,Incapaz de agir e sofre mais dano enquanto estiver sob o estado <Red>{Param}</>,Desativado,Oblivion
101085,Esquecimento,Incapaz de agir e sofre mais dano enquanto estiver sob o estado <Red>{Param}</>,Desativado,Oblivion
101086,Esquecimento,Incapaz de agir e sofre mais dano enquanto estiver sob o estado <Red>{Param}</>,Desativado,Oblivion
101087,Esquecimento,Incapaz de agir e sofre mais dano enquanto estiver sob o estado <Red>{Param}</>,Desativado,Oblivion
101088,Esquecimento,Incapaz de agir e sofre mais dano enquanto estiver sob o estado <Red>{Param}</>,Desativado,Oblivion
101089,Esquecimento,Incapaz de agir e sofre mais dano enquanto estiver sob o estado <Red>{Param}</>,Desativado,Oblivion
101090,Esquecimento,Incapaz de agir e sofre mais dano enquanto estiver sob o estado <Red>{Param}</>,Desativado,Oblivion
101091,Esquecimento,Incapaz de agir e sofre mais dano enquanto estiver sob o estado <Red>{Param}</>,Desativado,Oblivion
101092,Esquecimento,Incapaz de agir e sofre mais dano enquanto estiver sob o estado <Red>{Param}</>,Desativado,Oblivion
101093,Esquecimento,Incapaz de agir e sofre mais dano enquanto estiver sob o estado <Red>{Param}</>,Desativado,Oblivion
101094,Esquecimento,Incapaz de agir e sofre mais dano enquanto estiver sob o estado <Red>{Param}</>,Desativado,Oblivion
101095,Esquecimento,Incapaz de agir e sofre mais dano enquanto estiver sob o estado <Red>{Param}</>,Desativado,Oblivion
101096,Esquecimento,Incapaz de agir e sofre mais dano enquanto estiver sob o estado <Red>{Param}</>,Desativado,Oblivion
101097,Esquecimento,Incapaz de agir e sofre mais dano enquanto estiver sob o estado <Red>{Param}</>,Desativado,Oblivion
101098,Esquecimento,Incapaz de agir e sofre mais dano enquanto estiver sob o estado <Red>{Param}</>,Desativado,Oblivion
101099,Esquecimento,Incapaz de agir e sofre mais dano enquanto estiver sob o estado <Red>{Param}</>,Desativado,Oblivion
101100,Esquecimento,Incapaz de agir e sofre mais dano enquanto estiver sob o estado <Red>{Param}</>,Desativado,Oblivion
101101,Esquecimento,Incapaz de agir e sofre mais dano enquanto estiver sob o estado <Red>{Param}</>,Desativado,Oblivion
101102,Esquecimento,Incapaz de agir e sofre mais dano enquanto estiver sob o estado <Red>{Param}</>,Desativado,Oblivion
101103,Esquecimento,Incapaz de agir e sofre mais dano enquanto estiver sob o estado <Red>{Param}</>,Desativado,Oblivion
101104,Esquecimento,Incapaz de agir e sofre mais dano enquanto estiver sob o estado <Red>{Param}</>,Desativado,Oblivion
101105,Esquecimento,Incapaz de agir e sofre mais dano enquanto estiver sob o estado <Red>{Param}</>,Desativado,Oblivion
101106,Esquecimento,Incapaz de agir e sofre mais dano enquanto estiver sob o estado <Red>{Param}</>,Desativado,Oblivion
101107,Esquecimento,Incapaz de agir e sofre mais dano enquanto estiver sob o estado <Red>{Param}</>,Desativado,Oblivion
101108,Esquecimento,Incapaz de agir e sofre mais dano enquanto estiver sob o estado <Red>{Param}</>,Desativado,Oblivion
101109,Esquecimento,Incapaz de agir e sofre mais dano enquanto estiver sob o estado <Red>{Param}</>,Desativado,Oblivion
101110,Esquecimento,Incapaz de agir e sofre mais dano enquanto estiver sob o estado <Red>{Param}</>,Desativado,Oblivion
101111,Esquecimento,Incapaz de agir e sofre mais dano enquanto estiver sob o estado <Red>{Param}</>,Desativado,Oblivion
101112,Esquecimento,Incapaz de agir e sofre mais dano enquanto estiver sob o estado <Red>{Param}</>,Desativado,Oblivion
101113,Esquecimento,Incapaz de agir e sofre mais dano enquanto estiver sob o estado <Red>{Param}</>,Desativado,Oblivion
101114,Esquecimento,Incapaz de agir e sofre mais dano enquanto estiver sob o estado <Red>{Param}</>,Desativado,Oblivion
101115,Esquecimento,Incapaz de agir e sofre mais dano enquanto estiver sob o estado <Red>{Param}</>,Desativado,Oblivion
101116,Esquecimento,Incapaz de agir e sofre mais dano enquanto estiver sob o estado <Red>{Param}</>,Desativado,Oblivion
101117,Esquecimento,Incapaz de agir e sofre mais dano enquanto estiver sob o estado <Red>{Param}</>,Desativado,Oblivion
101118,Esquecimento,Incapaz de agir e sofre mais dano enquanto estiver sob o estado <Red>{Param}</>,Desativado,Oblivion
101119,Esquecimento,Incapaz de agir e sofre mais dano enquanto estiver sob o estado <Red>{Param}</>,Desativado,Oblivion
101120,Esquecimento,Incapaz de agir e sofre mais dano enquanto estiver sob o estado <Red>{Param}</>,Desativado,Oblivion
101121,Esquecimento,Incapaz de agir e sofre mais dano enquanto estiver sob o estado <Red>{Param}</>,Desativado,Oblivion
101122,Esquecimento,Incapaz de agir e sofre mais dano enquanto estiver sob o estado <Red>{Param}</>,Desativado,Oblivion
101123,Esquecimento,Incapaz de agir e sofre mais dano enquanto estiver sob o estado <Red>{Param}</>,Desativado,Oblivion
101124,Esquecimento,Incapaz de agir e sofre mais dano enquanto estiver sob o estado <Red>{Param}</>,Desativado,Oblivion
101125,Esquecimento,Incapaz de agir e sofre mais dano enquanto estiver sob o estado <Red>{Param}</>,Desativado,Oblivion
101126,Esquecimento,Incapaz de agir e sofre mais dano enquanto estiver sob o estado <Red>{Param}</>,Desativado,Oblivion
101127,Esquecimento,Incapaz de agir e sofre mais dano enquanto estiver sob o estado <Red>{Param}</>,Desativado,Oblivion
101128,Esquecimento,Incapaz de agir e sofre mais dano enquanto estiver sob o estado <Red>{Param}</>,Desativado,Oblivion
101129,Esquecimento,Incapaz de agir e sofre mais dano enquanto estiver sob o estado <Red>{Param}</>,Desativado,Oblivion
101130,Esquecimento,Incapaz de agir e sofre mais dano enquanto estiver sob o estado <Red>{Param}</>,Desativado,Oblivion
101131,Esquecimento,Incapaz de agir e sofre mais dano enquanto estiver sob o estado <Red>{Param}</>,Desativado,Oblivion
101132,Esquecimento,Incapaz de agir e sofre mais dano enquanto estiver sob o estado <Red>{Param}</>,Desativado,Oblivion
101133,Esquecimento,Incapaz de agir e sofre mais dano enquanto estiver sob o estado <Red>{Param}</>,Desativado,Oblivion
101134,Esquecimento,Incapaz de agir e sofre mais dano enquanto estiver sob o estado <Red>{Param}</>,Desativado,Oblivion
101135,Esquecimento,Incapaz de agir e sofre mais dano enquanto estiver sob o estado <Red>{Param}</>,Desativado,Oblivion
101136,Esquecimento,Incapaz de agir e sofre mais dano enquanto estiver sob o estado <Red>{Param}</>,Desativado,Oblivion
101137,Esquecimento,Incapaz de agir e sofre mais dano enquanto estiver sob o estado <Red>{Param}</>,Desativado,Oblivion
101138,Esquecimento,Incapaz de agir e sofre mais dano enquanto estiver sob o estado <Red>{Param}</>,Desativado,Oblivion
101139,Esquecimento,Incapaz de agir e sofre mais dano enquanto estiver sob o estado <Red>{Param}</>,Desativado,Oblivion
101140,Esquecimento,Incapaz de agir e sofre mais dano enquanto estiver sob o estado <Red>{Param}</>,Desativado,Oblivion
101141,Esquecimento,Incapaz de agir e sofre mais dano enquanto estiver sob o estado <Red>{Param}</>,Desativado,Oblivion
101142,Esquecimento,Incapaz de agir e sofre mais dano enquanto estiver sob o estado <Red>{Param}</>,Desativado,Oblivion
101143,Esquecimento,Incapaz de agir e sofre mais dano enquanto estiver sob o estado <Red>{Param}</>,Desativado,Oblivion
101144,Esquecimento,Incapaz de agir e sofre mais dano enquanto estiver sob o estado <Red>{Param}</>,Desativado,Oblivion
101145,Esquecimento,Incapaz de agir e sofre mais dano enquanto estiver sob o estado <Red>{Param}</>,Desativado,Oblivion
101146,Esquecimento,Incapaz de agir e sofre mais dano enquanto estiver sob o estado <Red>{Param}</>,Desativado,Oblivion
101147,Esquecimento,Incapaz de agir e sofre mais dano enquanto estiver sob o estado <Red>{Param}</>,Desativado,Oblivion
101148,Esquecimento,Incapaz de agir e sofre mais dano enquanto estiver sob o estado <Red>{Param}</>,Desativado,Oblivion
101149,Esquecimento,Incapaz de agir e sofre mais dano enquanto estiver sob o estado <Red>{Param}</>,Desativado,Oblivion
101150,Esquecimento,Incapaz de agir e sofre mais dano enquanto estiver sob o estado <Red>{Param}</>,Desativado,Oblivion
101151,Esquecimento,Incapaz de agir e sofre mais dano enquanto estiver sob o estado <Red>{Param}</>,Desativado,Oblivion
101152,Esquecimento,Incapaz de agir e sofre mais dano enquanto estiver sob o estado <Red>{Param}</>,Desativado,Oblivion
101153,Esquecimento,Incapaz de agir e sofre mais dano enquanto estiver sob o estado <Red>{Param}</>,Desativado,Oblivion
101154,Esquecimento,Incapaz de agir e sofre mais dano enquanto estiver sob o estado <Red>{Param}</>,Desativado,Oblivion
101155,Esquecimento,Incapaz de agir e sofre mais dano enquanto estiver sob o estado <Red>{Param}</>,Desativado,Oblivion
101156,Esquecimento,Incapaz de agir e sofre mais dano enquanto estiver sob o estado <Red>{Param}</>,Desativado,Oblivion
101157,Esquecimento,Incapaz de agir e sofre mais dano enquanto estiver sob o estado <Red>{Param}</>,Desativado,Oblivion
101158,Esquecimento,Incapaz de agir e sofre mais dano enquanto estiver sob o estado <Red>{Param}</>,Desativado,Oblivion
101159,Esquecimento,Incapaz de agir e sofre mais dano enquanto estiver sob o estado <Red>{Param}</>,Desativado,Oblivion
101160,Esquecimento,Incapaz de agir e sofre mais dano enquanto estiver sob o estado <Red>{Param}</>,Desativado,Oblivion
101161,Esquecimento,Incapaz de agir e sofre mais dano enquanto estiver sob o estado <Red>{Param}</>,Desativado,Oblivion
101162,Esquecimento,Incapaz de agir e sofre mais dano enquanto estiver sob o estado <Red>{Param}</>,Desativado,Oblivion
101163,Esquecimento,Incapaz de agir e sofre mais dano enquanto estiver sob o estado <Red>{Param}</>,Desativado,Oblivion
101164,Esquecimento,Incapaz de agir e sofre mais dano enquanto estiver sob o estado <Red>{Param}</>,Desativado,Oblivion
101165,Esquecimento,Incapaz de agir e sofre mais dano enquanto estiver sob o estado <Red>{Param}</>,Desativado,Oblivion
101166,Esquecimento,Incapaz de agir e sofre mais dano enquanto estiver sob o estado <Red>{Param}</>,Desativado,Oblivion
101167,Esquecimento,Incapaz de agir e sofre mais dano enquanto estiver sob o estado <Red>{Param}</>,Desativado,Oblivion
101168,Esquecimento,Incapaz de agir e sofre mais dano enquanto estiver sob o estado <Red>{Param}</>,Desativado,Oblivion
101169,Esquecimento,Incapaz de agir e sofre mais dano enquanto estiver sob o estado <Red>{Param}</>,Desativado,Oblivion
101170,Esquecimento,Incapaz de agir e sofre mais dano enquanto estiver sob o estado <Red>{Param}</>,Desativado,Oblivion
101171,Esquecimento,Incapaz de agir e sofre mais dano enquanto estiver sob o estado <Red>{Param}</>,Desativado,Oblivion
101172,Esquecimento,Incapaz de agir e sofre mais dano enquanto estiver sob o estado <Red>{Param}</>,Desativado,Oblivion
101173,Esquecimento,Incapaz de agir e sofre mais dano enquanto estiver sob o estado <Red>{Param}</>,Desativado,Oblivion
101174,Esquecimento,Incapaz de agir e sofre mais dano enquanto estiver sob o estado <Red>{Param}</>,Desativado,Oblivion
101175,Esquecimento,Incapaz de agir e sofre mais dano enquanto estiver sob o estado <Red>{Param}</>,Desativado,Oblivion
101176,Esquecimento,Incapaz de agir e sofre mais dano enquanto estiver sob o estado <Red>{Param}</>,Desativado,Oblivion
101177,Esquecimento,Incapaz de agir e sofre mais dano enquanto estiver sob o estado <Red>{Param}</>,Desativado,Oblivion
101178,Esquecimento,Incapaz de agir e sofre mais dano enquanto estiver sob o estado <Red>{Param}</>,Desativado,Oblivion
101179,Esquecimento,Incapaz de agir e sofre mais dano enquanto estiver sob o estado <Red>{Param}</>,Desativado,Oblivion
101180,Esquecimento,Incapaz de agir e sofre mais dano enquanto estiver sob o estado <Red>{Param}</>,Desativado,Oblivion
101181,Esquecimento,Incapaz de agir e sofre mais dano enquanto estiver sob o estado <Red>{Param}</>,Desativado,Oblivion
101182,Esquecimento,Incapaz de agir e sofre mais dano enquanto estiver sob o estado <Red>{Param}</>,Desativado,Oblivion
101183,Esquecimento,Incapaz de agir e sofre mais dano enquanto estiver sob o estado <Red>{Param}</>,Desativado,Oblivion
101184,Esquecimento,Incapaz de agir e sofre mais dano enquanto estiver sob o estado <Red>{Param}</>,Desativado,Oblivion
101185,Esquecimento,Incapaz de agir e sofre mais dano enquanto estiver sob o estado <Red>{Param}</>,Desativado,Oblivion
101186,Esquecimento,Incapaz de agir e sofre mais dano enquanto estiver sob o estado <Red>{Param}</>,Desativado,Oblivion
101187,Esquecimento,Incapaz de agir e sofre mais dano enquanto estiver sob o estado <Red>{Param}</>,Desativado,Oblivion
101188,Esquecimento,Incapaz de agir e sofre mais dano enquanto estiver sob o estado <Red>{Param}</>,Desativado,Oblivion
101189,Esquecimento,Incapaz de agir e sofre mais dano enquanto estiver sob o estado <Red>{Param}</>,Desativado,Oblivion
101190,Esquecimento,Incapaz de agir e sofre mais dano enquanto estiver sob o estado <Red>{Param}</>,Desativado,Oblivion
101191,Esquecimento,Incapaz de agir e sofre mais dano enquanto estiver sob o estado <Red>{Param}</>,Desativado,Oblivion
101192,Esquecimento,Incapaz de agir e sofre mais dano enquanto estiver sob o estado <Red>{Param}</>,Desativado,Oblivion
101193,Esquecimento,Incapaz de agir e sofre mais dano enquanto estiver sob o estado <Red>{Param}</>,Desativado,Oblivion
101194,Esquecimento,Incapaz de agir e sofre mais dano enquanto estiver sob o estado <Red>{Param}</>,Desativado,Oblivion
101195,Esquecimento,Incapaz de agir e sofre mais dano enquanto estiver sob o estado <Red>{Param}</>,Desativado,Oblivion
101196,Esquecimento,Incapaz de agir e sofre mais dano enquanto estiver sob o estado <Red>{Param}</>,Desativado,Oblivion
101197,Esquecimento,Incapaz de agir e sofre mais dano enquanto estiver sob o estado <Red>{Param}</>,Desativado,Oblivion
101198,Esquecimento,Incapaz de agir e sofre mais dano enquanto estiver sob o estado <Red>{Param}</>,Desativado,Oblivion
101199,Esquecimento,Incapaz de agir e sofre mais dano enquanto estiver sob o estado <Red>{Param}</>,Desativado,Oblivion
101200,Esquecimento,Incapaz de agir e sofre mais dano enquanto estiver sob o estado <Red>{Param}</>,Desativado,Oblivion
102001,Invasão,Incapaz de agir e sofre mais dano enquanto estiver sob o estado <Red>{Param}</>,Desativado,Invasão
102002,Invasão,Incapaz de agir e sofre mais dano enquanto estiver sob o estado <Red>{Param}</>,Desativado,Invasão
102003,Invasão,Incapaz de agir e sofre mais dano enquanto estiver sob o estado <Red>{Param}</>,Desativado,Invasão
102004,Invasão,Incapaz de agir e sofre mais dano enquanto estiver sob o estado <Red>{Param}</>,Desativado,Invasão
102005,Invasão,Incapaz de agir e sofre mais dano enquanto estiver sob o estado <Red>{Param}</>,Desativado,Invasão
102006,Invasão,Incapaz de agir e sofre mais dano enquanto estiver sob o estado <Red>{Param}</>,Desativado,Invasão
102007,Invasão,Incapaz de agir e sofre mais dano enquanto estiver sob o estado <Red>{Param}</>,Desativado,Invasão
102008,Invasão,Incapaz de agir e sofre mais dano enquanto estiver sob o estado <Red>{Param}</>,Desativado,Invasão
102009,Invasão,Incapaz de agir e sofre mais dano enquanto estiver sob o estado <Red>{Param}</>,Desativado,Invasão
102010,Invasão,Incapaz de agir e sofre mais dano enquanto estiver sob o estado <Red>{Param}</>,Desativado,Invasão
102011,Invasão,Incapaz de agir e sofre mais dano enquanto estiver sob o estado <Red>{Param}</>,Desativado,Invasão
102012,Invasão,Incapaz de agir e sofre mais dano enquanto estiver sob o estado <Red>{Param}</>,Desativado,Invasão
102013,Invasão,Incapaz de agir e sofre mais dano enquanto estiver sob o estado <Red>{Param}</>,Desativado,Invasão
102014,Invasão,Incapaz de agir e sofre mais dano enquanto estiver sob o estado <Red>{Param}</>,Desativado,Invasão
102015,Invasão,Incapaz de agir e sofre mais dano enquanto estiver sob o estado <Red>{Param}</>,Desativado,Invasão
102016,Invasão,Incapaz de agir e sofre mais dano enquanto estiver sob o estado <Red>{Param}</>,Desativado,Invasão
102017,Invasão,Incapaz de agir e sofre mais dano enquanto estiver sob o estado <Red>{Param}</>,Desativado,Invasão
102018,Invasão,Incapaz de agir e sofre mais dano enquanto estiver sob o estado <Red>{Param}</>,Desativado,Invasão
102019,Invasão,Incapaz de agir e sofre mais dano enquanto estiver sob o estado <Red>{Param}</>,Desativado,Invasão
102020,Invasão,Incapaz de agir e sofre mais dano enquanto estiver sob o estado <Red>{Param}</>,Desativado,Invasão
102021,Invasão,Incapaz de agir e sofre mais dano enquanto estiver sob o estado <Red>{Param}</>,Desativado,Invasão
102022,Invasão,Incapaz de agir e sofre mais dano enquanto estiver sob o estado <Red>{Param}</>,Desativado,Invasão
102023,Invasão,Incapaz de agir e sofre mais dano enquanto estiver sob o estado <Red>{Param}</>,Desativado,Invasão
102024,Invasão,Incapaz de agir e sofre mais dano enquanto estiver sob o estado <Red>{Param}</>,Desativado,Invasão
102025,Invasão,Incapaz de agir e sofre mais dano enquanto estiver sob o estado <Red>{Param}</>,Desativado,Invasão
102026,Invasão,Incapaz de agir e sofre mais dano enquanto estiver sob o estado <Red>{Param}</>,Desativado,Invasão
102027,Invasão,Incapaz de agir e sofre mais dano enquanto estiver sob o estado <Red>{Param}</>,Desativado,Invasão
102028,Invasão,Incapaz de agir e sofre mais dano enquanto estiver sob o estado <Red>{Param}</>,Desativado,Invasão
102029,Invasão,Incapaz de agir e sofre mais dano enquanto estiver sob o estado <Red>{Param}</>,Desativado,Invasão
102030,Invasão,Incapaz de agir e sofre mais dano enquanto estiver sob o estado <Red>{Param}</>,Desativado,Invasão
102031,Invasão,Incapaz de agir e sofre mais dano enquanto estiver sob o estado <Red>{Param}</>,Desativado,Invasão
102032,Invasão,Incapaz de agir e sofre mais dano enquanto estiver sob o estado <Red>{Param}</>,Desativado,Invasão
102033,Invasão,Incapaz de agir e sofre mais dano enquanto estiver sob o estado <Red>{Param}</>,Desativado,Invasão
102034,Invasão,Incapaz de agir e sofre mais dano enquanto estiver sob o estado <Red>{Param}</>,Desativado,Invasão
102035,Invasão,Incapaz de agir e sofre mais dano enquanto estiver sob o estado <Red>{Param}</>,Desativado,Invasão
102036,Invasão,Incapaz de agir e sofre mais dano enquanto estiver sob o estado <Red>{Param}</>,Desativado,Invasão
102037,Invasão,Incapaz de agir e sofre mais dano enquanto estiver sob o estado <Red>{Param}</>,Desativado,Invasão
102038,Invasão,Incapaz de agir e sofre mais dano enquanto estiver sob o estado <Red>{Param}</>,Desativado,Invasão
102039,Invasão,Incapaz de agir e sofre mais dano enquanto estiver sob o estado <Red>{Param}</>,Desativado,Invasão
102040,Invasão,Incapaz de agir e sofre mais dano enquanto estiver sob o estado <Red>{Param}</>,Desativado,Invasão
102041,Invasão,Incapaz de agir e sofre mais dano enquanto estiver sob o estado <Red>{Param}</>,Desativado,Invasão
102042,Invasão,Incapaz de agir e sofre mais dano enquanto estiver sob o estado <Red>{Param}</>,Desativado,Invasão
102043,Invasão,Incapaz de agir e sofre mais dano enquanto estiver sob o estado <Red>{Param}</>,Desativado,Invasão
102044,Invasão,Incapaz de agir e sofre mais dano enquanto estiver sob o estado <Red>{Param}</>,Desativado,Invasão
102045,Invasão,Incapaz de agir e sofre mais dano enquanto estiver sob o estado <Red>{Param}</>,Desativado,Invasão
102046,Invasão,Incapaz de agir e sofre mais dano enquanto estiver sob o estado <Red>{Param}</>,Desativado,Invasão
102047,Invasão,Incapaz de agir e sofre mais dano enquanto estiver sob o estado <Red>{Param}</>,Desativado,Invasão
102048,Invasão,Incapaz de agir e sofre mais dano enquanto estiver sob o estado <Red>{Param}</>,Desativado,Invasão
102049,Invasão,Incapaz de agir e sofre mais dano enquanto estiver sob o estado <Red>{Param}</>,Desativado,Invasão
102050,Invasão,Incapaz de agir e sofre mais dano enquanto estiver sob o estado <Red>{Param}</>,Desativado,Invasão
102051,Invasão,Incapaz de agir e sofre mais dano enquanto estiver sob o estado <Red>{Param}</>,Desativado,Invasão
102052,Invasão,Incapaz de agir e sofre mais dano enquanto estiver sob o estado <Red>{Param}</>,Desativado,Invasão
102053,Invasão,Incapaz de agir e sofre mais dano enquanto estiver sob o estado <Red>{Param}</>,Desativado,Invasão
102054,Invasão,Incapaz de agir e sofre mais dano enquanto estiver sob o estado <Red>{Param}</>,Desativado,Invasão
102055,Invasão,Incapaz de agir e sofre mais dano enquanto estiver sob o estado <Red>{Param}</>,Desativado,Invasão
102056,Invasão,Incapaz de agir e sofre mais dano enquanto estiver sob o estado <Red>{Param}</>,Desativado,Invasão
102057,Invasão,Incapaz de agir e sofre mais dano enquanto estiver sob o estado <Red>{Param}</>,Desativado,Invasão
102058,Invasão,Incapaz de agir e sofre mais dano enquanto estiver sob o estado <Red>{Param}</>,Desativado,Invasão
102059,Invasão,Incapaz de agir e sofre mais dano enquanto estiver sob o estado <Red>{Param}</>,Desativado,Invasão
102060,Invasão,Incapaz de agir e sofre mais dano enquanto estiver sob o estado <Red>{Param}</>,Desativado,Invasão
102061,Invasão,Incapaz de agir e sofre mais dano enquanto estiver sob o estado <Red>{Param}</>,Desativado,Invasão
102062,Invasão,Incapaz de agir e sofre mais dano enquanto estiver sob o estado <Red>{Param}</>,Desativado,Invasão
102063,Invasão,Incapaz de agir e sofre mais dano enquanto estiver sob o estado <Red>{Param}</>,Desativado,Invasão
102064,Invasão,Incapaz de agir e sofre mais dano enquanto estiver sob o estado <Red>{Param}</>,Desativado,Invasão
102065,Invasão,Incapaz de agir e sofre mais dano enquanto estiver sob o estado <Red>{Param}</>,Desativado,Invasão
102066,Invasão,Incapaz de agir e sofre mais dano enquanto estiver sob o estado <Red>{Param}</>,Desativado,Invasão
102067,Invasão,Incapaz de agir e sofre mais dano enquanto estiver sob o estado <Red>{Param}</>,Desativado,Invasão
102068,Invasão,Incapaz de agir e sofre mais dano enquanto estiver sob o estado <Red>{Param}</>,Desativado,Invasão
102069,Invasão,Incapaz de agir e sofre mais dano enquanto estiver sob o estado <Red>{Param}</>,Desativado,Invasão
102070,Invasão,Incapaz de agir e sofre mais dano enquanto estiver sob o estado <Red>{Param}</>,Desativado,Invasão
102071,Invasão,Incapaz de agir e sofre mais dano enquanto estiver sob o estado <Red>{Param}</>,Desativado,Invasão
102072,Invasão,Incapaz de agir e sofre mais dano enquanto estiver sob o estado <Red>{Param}</>,Desativado,Invasão
102073,Invasão,Incapaz de agir e sofre mais dano enquanto estiver sob o estado <Red>{Param}</>,Desativado,Invasão
102074,Invasão,Incapaz de agir e sofre mais dano enquanto estiver sob o estado <Red>{Param}</>,Desativado,Invasão
102075,Invasão,Incapaz de agir e sofre mais dano enquanto estiver sob o estado <Red>{Param}</>,Desativado,Invasão
102076,Invasão,Incapaz de agir e sofre mais dano enquanto estiver sob o estado <Red>{Param}</>,Desativado,Invasão
102077,Invasão,Incapaz de agir e sofre mais dano enquanto estiver sob o estado <Red>{Param}</>,Desativado,Invasão
102078,Invasão,Incapaz de agir e sofre mais dano enquanto estiver sob o estado <Red>{Param}</>,Desativado,Invasão
102079,Invasão,Incapaz de agir e sofre mais dano enquanto estiver sob o estado <Red>{Param}</>,Desativado,Invasão
102080,Invasão,Incapaz de agir e sofre mais dano enquanto estiver sob o estado <Red>{Param}</>,Desativado,Invasão
102081,Invasão,Incapaz de agir e sofre mais dano enquanto estiver sob o estado <Red>{Param}</>,Desativado,Invasão
102082,Invasão,Incapaz de agir e sofre mais dano enquanto estiver sob o estado <Red>{Param}</>,Desativado,Invasão
102083,Invasão,Incapaz de agir e sofre mais dano enquanto estiver sob o estado <Red>{Param}</>,Desativado,Invasão
102084,Invasão,Incapaz de agir e sofre mais dano enquanto estiver sob o estado <Red>{Param}</>,Desativado,Invasão
102085,Invasão,Incapaz de agir e sofre mais dano enquanto estiver sob o estado <Red>{Param}</>,Desativado,Invasão
102086,Invasão,Incapaz de agir e sofre mais dano enquanto estiver sob o estado <Red>{Param}</>,Desativado,Invasão
102087,Invasão,Incapaz de agir e sofre mais dano enquanto estiver sob o estado <Red>{Param}</>,Desativado,Invasão
102088,Invasão,Incapaz de agir e sofre mais dano enquanto estiver sob o estado <Red>{Param}</>,Desativado,Invasão
102089,Invasão,Incapaz de agir e sofre mais dano enquanto estiver sob o estado <Red>{Param}</>,Desativado,Invasão
102090,Invasão,Incapaz de agir e sofre mais dano enquanto estiver sob o estado <Red>{Param}</>,Desativado,Invasão
102091,Invasão,Incapaz de agir e sofre mais dano enquanto estiver sob o estado <Red>{Param}</>,Desativado,Invasão
102092,Invasão,Incapaz de agir e sofre mais dano enquanto estiver sob o estado <Red>{Param}</>,Desativado,Invasão
102093,Invasão,Incapaz de agir e sofre mais dano enquanto estiver sob o estado <Red>{Param}</>,Desativado,Invasão
102094,Invasão,Incapaz de agir e sofre mais dano enquanto estiver sob o estado <Red>{Param}</>,Desativado,Invasão
102095,Invasão,Incapaz de agir e sofre mais dano enquanto estiver sob o estado <Red>{Param}</>,Desativado,Invasão
102096,Invasão,Incapaz de agir e sofre mais dano enquanto estiver sob o estado <Red>{Param}</>,Desativado,Invasão
102097,Invasão,Incapaz de agir e sofre mais dano enquanto estiver sob o estado <Red>{Param}</>,Desativado,Invasão
102098,Invasão,Incapaz de agir e sofre mais dano enquanto estiver sob o estado <Red>{Param}</>,Desativado,Invasão
102099,Invasão,Incapaz de agir e sofre mais dano enquanto estiver sob o estado <Red>{Param}</>,Desativado,Invasão
102100,Invasão,Incapaz de agir e sofre mais dano enquanto estiver sob o estado <Red>{Param}</>,Desativado,Invasão
102101,Invasão,Incapaz de agir e sofre mais dano enquanto estiver sob o estado <Red>{Param}</>,Desativado,Invasão
102102,Invasão,Incapaz de agir e sofre mais dano enquanto estiver sob o estado <Red>{Param}</>,Desativado,Invasão
102103,Invasão,Incapaz de agir e sofre mais dano enquanto estiver sob o estado <Red>{Param}</>,Desativado,Invasão
102104,Invasão,Incapaz de agir e sofre mais dano enquanto estiver sob o estado <Red>{Param}</>,Desativado,Invasão
102105,Invasão,Incapaz de agir e sofre mais dano enquanto estiver sob o estado <Red>{Param}</>,Desativado,Invasão
102106,Invasão,Incapaz de agir e sofre mais dano enquanto estiver sob o estado <Red>{Param}</>,Desativado,Invasão
102107,Invasão,Incapaz de agir e sofre mais dano enquanto estiver sob o estado <Red>{Param}</>,Desativado,Invasão
102108,Invasão,Incapaz de agir e sofre mais dano enquanto estiver sob o estado <Red>{Param}</>,Desativado,Invasão
102109,Invasão,Incapaz de agir e sofre mais dano enquanto estiver sob o estado <Red>{Param}</>,Desativado,Invasão
102110,Invasão,Incapaz de agir e sofre mais dano enquanto estiver sob o estado <Red>{Param}</>,Desativado,Invasão
102111,Invasão,Incapaz de agir e sofre mais dano enquanto estiver sob o estado <Red>{Param}</>,Desativado,Invasão
102112,Invasão,Incapaz de agir e sofre mais dano enquanto estiver sob o estado <Red>{Param}</>,Desativado,Invasão
102113,Invasão,Incapaz de agir e sofre mais dano enquanto estiver sob o estado <Red>{Param}</>,Desativado,Invasão
102114,Invasão,Incapaz de agir e sofre mais dano enquanto estiver sob o estado <Red>{Param}</>,Desativado,Invasão
102115,Invasão,Incapaz de agir e sofre mais dano enquanto estiver sob o estado <Red>{Param}</>,Desativado,Invasão
102116,Invasão,Incapaz de agir e sofre mais dano enquanto estiver sob o estado <Red>{Param}</>,Desativado,Invasão
102117,Invasão,Incapaz de agir e sofre mais dano enquanto estiver sob o estado <Red>{Param}</>,Desativado,Invasão
102118,Invasão,Incapaz de agir e sofre mais dano enquanto estiver sob o estado <Red>{Param}</>,Desativado,Invasão
102119,Invasão,Incapaz de agir e sofre mais dano enquanto estiver sob o estado <Red>{Param}</>,Desativado,Invasão
102120,Invasão,Incapaz de agir e sofre mais dano enquanto estiver sob o estado <Red>{Param}</>,Desativado,Invasão
102121,Invasão,Incapaz de agir e sofre mais dano enquanto estiver sob o estado <Red>{Param}</>,Desativado,Invasão
102122,Invasão,Incapaz de agir e sofre mais dano enquanto estiver sob o estado <Red>{Param}</>,Desativado,Invasão
102123,Invasão,Incapaz de agir e sofre mais dano enquanto estiver sob o estado <Red>{Param}</>,Desativado,Invasão
102124,Invasão,Incapaz de agir e sofre mais dano enquanto estiver sob o estado <Red>{Param}</>,Desativado,Invasão
102125,Invasão,Incapaz de agir e sofre mais dano enquanto estiver sob o estado <Red>{Param}</>,Desativado,Invasão
102126,Invasão,Incapaz de agir e sofre mais dano enquanto estiver sob o estado <Red>{Param}</>,Desativado,Invasão
102127,Invasão,Incapaz de agir e sofre mais dano enquanto estiver sob o estado <Red>{Param}</>,Desativado,Invasão
102128,Invasão,Incapaz de agir e sofre mais dano enquanto estiver sob o estado <Red>{Param}</>,Desativado,Invasão
102129,Invasão,Incapaz de agir e sofre mais dano enquanto estiver sob o estado <Red>{Param}</>,Desativado,Invasão
102130,Invasão,Incapaz de agir e sofre mais dano enquanto estiver sob o estado <Red>{Param}</>,Desativado,Invasão
102131,Invasão,Incapaz de agir e sofre mais dano enquanto estiver sob o estado <Red>{Param}</>,Desativado,Invasão
102132,Invasão,Incapaz de agir e sofre mais dano enquanto estiver sob o estado <Red>{Param}</>,Desativado,Invasão
102133,Invasão,Incapaz de agir e sofre mais dano enquanto estiver sob o estado <Red>{Param}</>,Desativado,Invasão
102134,Invasão,Incapaz de agir e sofre mais dano enquanto estiver sob o estado <Red>{Param}</>,Desativado,Invasão
102135,Invasão,Incapaz de agir e sofre mais dano enquanto estiver sob o estado <Red>{Param}</>,Desativado,Invasão
102136,Invasão,Incapaz de agir e sofre mais dano enquanto estiver sob o estado <Red>{Param}</>,Desativado,Invasão
102137,Invasão,Incapaz de agir e sofre mais dano enquanto estiver sob o estado <Red>{Param}</>,Desativado,Invasão
102138,Invasão,Incapaz de agir e sofre mais dano enquanto estiver sob o estado <Red>{Param}</>,Desativado,Invasão
102139,Invasão,Incapaz de agir e sofre mais dano enquanto estiver sob o estado <Red>{Param}</>,Desativado,Invasão
102140,Invasão,Incapaz de agir e sofre mais dano enquanto estiver sob o estado <Red>{Param}</>,Desativado,Invasão
102141,Invasão,Incapaz de agir e sofre mais dano enquanto estiver sob o estado <Red>{Param}</>,Desativado,Invasão
102142,Invasão,Incapaz de agir e sofre mais dano enquanto estiver sob o estado <Red>{Param}</>,Desativado,Invasão
102143,Invasão,Incapaz de agir e sofre mais dano enquanto estiver sob o estado <Red>{Param}</>,Desativado,Invasão
102144,Invasão,Incapaz de agir e sofre mais dano enquanto estiver sob o estado <Red>{Param}</>,Desativado,Invasão
102145,Invasão,Incapaz de agir e sofre mais dano enquanto estiver sob o estado <Red>{Param}</>,Desativado,Invasão
102146,Invasão,Incapaz de agir e sofre mais dano enquanto estiver sob o estado <Red>{Param}</>,Desativado,Invasão
102147,Invasão,Incapaz de agir e sofre mais dano enquanto estiver sob o estado <Red>{Param}</>,Desativado,Invasão
102148,Invasão,Incapaz de agir e sofre mais dano enquanto estiver sob o estado <Red>{Param}</>,Desativado,Invasão
102149,Invasão,Incapaz de agir e sofre mais dano enquanto estiver sob o estado <Red>{Param}</>,Desativado,Invasão
102150,Invasão,Incapaz de agir e sofre mais dano enquanto estiver sob o estado <Red>{Param}</>,Desativado,Invasão
102151,Invasão,Incapaz de agir e sofre mais dano enquanto estiver sob o estado <Red>{Param}</>,Desativado,Invasão
102152,Invasão,Incapaz de agir e sofre mais dano enquanto estiver sob o estado <Red>{Param}</>,Desativado,Invasão
102153,Invasão,Incapaz de agir e sofre mais dano enquanto estiver sob o estado <Red>{Param}</>,Desativado,Invasão
102154,Invasão,Incapaz de agir e sofre mais dano enquanto estiver sob o estado <Red>{Param}</>,Desativado,Invasão
102155,Invasão,Incapaz de agir e sofre mais dano enquanto estiver sob o estado <Red>{Param}</>,Desativado,Invasão
102156,Invasão,Incapaz de agir e sofre mais dano enquanto estiver sob o estado <Red>{Param}</>,Desativado,Invasão
102157,Invasão,Incapaz de agir e sofre mais dano enquanto estiver sob o estado <Red>{Param}</>,Desativado,Invasão
102158,Invasão,Incapaz de agir e sofre mais dano enquanto estiver sob o estado <Red>{Param}</>,Desativado,Invasão
102159,Invasão,Incapaz de agir e sofre mais dano enquanto estiver sob o estado <Red>{Param}</>,Desativado,Invasão
102160,Invasão,Incapaz de agir e sofre mais dano enquanto estiver sob o estado <Red>{Param}</>,Desativado,Invasão
102161,Invasão,Incapaz de agir e sofre mais dano enquanto estiver sob o estado <Red>{Param}</>,Desativado,Invasão
102162,Invasão,Incapaz de agir e sofre mais dano enquanto estiver sob o estado <Red>{Param}</>,Desativado,Invasão
102163,Invasão,Incapaz de agir e sofre mais dano enquanto estiver sob o estado <Red>{Param}</>,Desativado,Invasão
102164,Invasão,Incapaz de agir e sofre mais dano enquanto estiver sob o estado <Red>{Param}</>,Desativado,Invasão
102165,Invasão,Incapaz de agir e sofre mais dano enquanto estiver sob o estado <Red>{Param}</>,Desativado,Invasão
102166,Invasão,Incapaz de agir e sofre mais dano enquanto estiver sob o estado <Red>{Param}</>,Desativado,Invasão
102167,Invasão,Incapaz de agir e sofre mais dano enquanto estiver sob o estado <Red>{Param}</>,Desativado,Invasão
102168,Invasão,Incapaz de agir e sofre mais dano enquanto estiver sob o estado <Red>{Param}</>,Desativado,Invasão
102169,Invasão,Incapaz de agir e sofre mais dano enquanto estiver sob o estado <Red>{Param}</>,Desativado,Invasão
102170,Invasão,Incapaz de agir e sofre mais dano enquanto estiver sob o estado <Red>{Param}</>,Desativado,Invasão
102171,Invasão,Incapaz de agir e sofre mais dano enquanto estiver sob o estado <Red>{Param}</>,Desativado,Invasão
102172,Invasão,Incapaz de agir e sofre mais dano enquanto estiver sob o estado <Red>{Param}</>,Desativado,Invasão
102173,Invasão,Incapaz de agir e sofre mais dano enquanto estiver sob o estado <Red>{Param}</>,Desativado,Invasão
102174,Invasão,Incapaz de agir e sofre mais dano enquanto estiver sob o estado <Red>{Param}</>,Desativado,Invasão
102175,Invasão,Incapaz de agir e sofre mais dano enquanto estiver sob o estado <Red>{Param}</>,Desativado,Invasão
102176,Invasão,Incapaz de agir e sofre mais dano enquanto estiver sob o estado <Red>{Param}</>,Desativado,Invasão
102177,Invasão,Incapaz de agir e sofre mais dano enquanto estiver sob o estado <Red>{Param}</>,Desativado,Invasão
102178,Invasão,Incapaz de agir e sofre mais dano enquanto estiver sob o estado <Red>{Param}</>,Desativado,Invasão
102179,Invasão,Incapaz de agir e sofre mais dano enquanto estiver sob o estado <Red>{Param}</>,Desativado,Invasão
102180,Invasão,Incapaz de agir e sofre mais dano enquanto estiver sob o estado <Red>{Param}</>,Desativado,Invasão
102181,Invasão,Incapaz de agir e sofre mais dano enquanto estiver sob o estado <Red>{Param}</>,Desativado,Invasão
102182,Invasão,Incapaz de agir e sofre mais dano enquanto estiver sob o estado <Red>{Param}</>,Desativado,Invasão
102183,Invasão,Incapaz de agir e sofre mais dano enquanto estiver sob o estado <Red>{Param}</>,Desativado,Invasão
102184,Invasão,Incapaz de agir e sofre mais dano enquanto estiver sob o estado <Red>{Param}</>,Desativado,Invasão
102185,Invasão,Incapaz de agir e sofre mais dano enquanto estiver sob o estado <Red>{Param}</>,Desativado,Invasão
102186,Invasão,Incapaz de agir e sofre mais dano enquanto estiver sob o estado <Red>{Param}</>,Desativado,Invasão
102187,Invasão,Incapaz de agir e sofre mais dano enquanto estiver sob o estado <Red>{Param}</>,Desativado,Invasão
102188,Invasão,Incapaz de agir e sofre mais dano enquanto estiver sob o estado <Red>{Param}</>,Desativado,Invasão
102189,Invasão,Incapaz de agir e sofre mais dano enquanto estiver sob o estado <Red>{Param}</>,Desativado,Invasão
102190,Invasão,Incapaz de agir e sofre mais dano enquanto estiver sob o estado <Red>{Param}</>,Desativado,Invasão
102191,Invasão,Incapaz de agir e sofre mais dano enquanto estiver sob o estado <Red>{Param}</>,Desativado,Invasão
102192,Invasão,Incapaz de agir e sofre mais dano enquanto estiver sob o estado <Red>{Param}</>,Desativado,Invasão
102193,Invasão,Incapaz de agir e sofre mais dano enquanto estiver sob o estado <Red>{Param}</>,Desativado,Invasão
102194,Invasão,Incapaz de agir e sofre mais dano enquanto estiver sob o estado <Red>{Param}</>,Desativado,Invasão
102195,Invasão,Incapaz de agir e sofre mais dano enquanto estiver sob o estado <Red>{Param}</>,Desativado,Invasão
102196,Invasão,Incapaz de agir e sofre mais dano enquanto estiver sob o estado <Red>{Param}</>,Desativado,Invasão
102197,Invasão,Incapaz de agir e sofre mais dano enquanto estiver sob o estado <Red>{Param}</>,Desativado,Invasão
102198,Invasão,Incapaz de agir e sofre mais dano enquanto estiver sob o estado <Red>{Param}</>,Desativado,Invasão
102199,Invasão,Incapaz de agir e sofre mais dano enquanto estiver sob o estado <Red>{Param}</>,Desativado,Invasão
102200,Invasão,Incapaz de agir e sofre mais dano enquanto estiver sob o estado <Red>{Param}</>,Desativado,Invasão
103001,Vazio,Incapaz de agir e sofre mais dano enquanto estiver sob o estado <Red>{Param}</>,Desativado,Vazio
103002,Vazio,Incapaz de agir e sofre mais dano enquanto estiver sob o estado <Red>{Param}</>,Desativado,Vazio
103003,Vazio,Incapaz de agir e sofre mais dano enquanto estiver sob o estado <Red>{Param}</>,Desativado,Vazio
103004,Vazio,Incapaz de agir e sofre mais dano enquanto estiver sob o estado <Red>{Param}</>,Desativado,Vazio
103005,Vazio,Incapaz de agir e sofre mais dano enquanto estiver sob o estado <Red>{Param}</>,Desativado,Vazio
103006,Vazio,Incapaz de agir e sofre mais dano enquanto estiver sob o estado <Red>{Param}</>,Desativado,Vazio
103007,Vazio,Incapaz de agir e sofre mais dano enquanto estiver sob o estado <Red>{Param}</>,Desativado,Vazio
103008,Vazio,Incapaz de agir e sofre mais dano enquanto estiver sob o estado <Red>{Param}</>,Desativado,Vazio
103009,Vazio,Incapaz de agir e sofre mais dano enquanto estiver sob o estado <Red>{Param}</>,Desativado,Vazio
103010,Vazio,Incapaz de agir e sofre mais dano enquanto estiver sob o estado <Red>{Param}</>,Desativado,Vazio
103011,Vazio,Incapaz de agir e sofre mais dano enquanto estiver sob o estado <Red>{Param}</>,Desativado,Vazio
103012,Vazio,Incapaz de agir e sofre mais dano enquanto estiver sob o estado <Red>{Param}</>,Desativado,Vazio
103013,Vazio,Incapaz de agir e sofre mais dano enquanto estiver sob o estado <Red>{Param}</>,Desativado,Vazio
103014,Vazio,Incapaz de agir e sofre mais dano enquanto estiver sob o estado <Red>{Param}</>,Desativado,Vazio
103015,Vazio,Incapaz de agir e sofre mais dano enquanto estiver sob o estado <Red>{Param}</>,Desativado,Vazio
103016,Vazio,Incapaz de agir e sofre mais dano enquanto estiver sob o estado <Red>{Param}</>,Desativado,Vazio
103017,Vazio,Incapaz de agir e sofre mais dano enquanto estiver sob o estado <Red>{Param}</>,Desativado,Vazio
103018,Vazio,Incapaz de agir e sofre mais dano enquanto estiver sob o estado <Red>{Param}</>,Desativado,Vazio
103019,Vazio,Incapaz de agir e sofre mais dano enquanto estiver sob o estado <Red>{Param}</>,Desativado,Vazio
103020,Vazio,Incapaz de agir e sofre mais dano enquanto estiver sob o estado <Red>{Param}</>,Desativado,Vazio
103021,Vazio,Incapaz de agir e sofre mais dano enquanto estiver sob o estado <Red>{Param}</>,Desativado,Vazio
103022,Vazio,Incapaz de agir e sofre mais dano enquanto estiver sob o estado <Red>{Param}</>,Desativado,Vazio
103023,Vazio,Incapaz de agir e sofre mais dano enquanto estiver sob o estado <Red>{Param}</>,Desativado,Vazio
103024,Vazio,Incapaz de agir e sofre mais dano enquanto estiver sob o estado <Red>{Param}</>,Desativado,Vazio
103025,Vazio,Incapaz de agir e sofre mais dano enquanto estiver sob o estado <Red>{Param}</>,Desativado,Vazio
103026,Vazio,Incapaz de agir e sofre mais dano enquanto estiver sob o estado <Red>{Param}</>,Desativado,Vazio
103027,Vazio,Incapaz de agir e sofre mais dano enquanto estiver sob o estado <Red>{Param}</>,Desativado,Vazio
103028,Vazio,Incapaz de agir e sofre mais dano enquanto estiver sob o estado <Red>{Param}</>,Desativado,Vazio
103029,Vazio,Incapaz de agir e sofre mais dano enquanto estiver sob o estado <Red>{Param}</>,Desativado,Vazio
103030,Vazio,Incapaz de agir e sofre mais dano enquanto estiver sob o estado <Red>{Param}</>,Desativado,Vazio
103031,Vazio,Incapaz de agir e sofre mais dano enquanto estiver sob o estado <Red>{Param}</>,Desativado,Vazio
103032,Vazio,Incapaz de agir e sofre mais dano enquanto estiver sob o estado <Red>{Param}</>,Desativado,Vazio
103033,Vazio,Incapaz de agir e sofre mais dano enquanto estiver sob o estado <Red>{Param}</>,Desativado,Vazio
103034,Vazio,Incapaz de agir e sofre mais dano enquanto estiver sob o estado <Red>{Param}</>,Desativado,Vazio
103035,Vazio,Incapaz de agir e sofre mais dano enquanto estiver sob o estado <Red>{Param}</>,Desativado,Vazio
103036,Vazio,Incapaz de agir e sofre mais dano enquanto estiver sob o estado <Red>{Param}</>,Desativado,Vazio
103037,Vazio,Incapaz de agir e sofre mais dano enquanto estiver sob o estado <Red>{Param}</>,Desativado,Vazio
103038,Vazio,Incapaz de agir e sofre mais dano enquanto estiver sob o estado <Red>{Param}</>,Desativado,Vazio
103039,Vazio,Incapaz de agir e sofre mais dano enquanto estiver sob o estado <Red>{Param}</>,Desativado,Vazio
103040,Vazio,Incapaz de agir e sofre mais dano enquanto estiver sob o estado <Red>{Param}</>,Desativado,Vazio
103041,Vazio,Incapaz de agir e sofre mais dano enquanto estiver sob o estado <Red>{Param}</>,Desativado,Vazio
103042,Vazio,Incapaz de agir e sofre mais dano enquanto estiver sob o estado <Red>{Param}</>,Desativado,Vazio
103043,Vazio,Incapaz de agir e sofre mais dano enquanto estiver sob o estado <Red>{Param}</>,Desativado,Vazio
103044,Vazio,Incapaz de agir e sofre mais dano enquanto estiver sob o estado <Red>{Param}</>,Desativado,Vazio
103045,Vazio,Incapaz de agir e sofre mais dano enquanto estiver sob o estado <Red>{Param}</>,Desativado,Vazio
103046,Vazio,Incapaz de agir e sofre mais dano enquanto estiver sob o estado <Red>{Param}</>,Desativado,Vazio
103047,Vazio,Incapaz de agir e sofre mais dano enquanto estiver sob o estado <Red>{Param}</>,Desativado,Vazio
103048,Vazio,Incapaz de agir e sofre mais dano enquanto estiver sob o estado <Red>{Param}</>,Desativado,Vazio
103049,Vazio,Incapaz de agir e sofre mais dano enquanto estiver sob o estado <Red>{Param}</>,Desativado,Vazio
103050,Vazio,Incapaz de agir e sofre mais dano enquanto estiver sob o estado <Red>{Param}</>,Desativado,Vazio
103051,Vazio,Incapaz de agir e sofre mais dano enquanto estiver sob o estado <Red>{Param}</>,Desativado,Vazio
103052,Vazio,Incapaz de agir e sofre mais dano enquanto estiver sob o estado <Red>{Param}</>,Desativado,Vazio
103053,Vazio,Incapaz de agir e sofre mais dano enquanto estiver sob o estado <Red>{Param}</>,Desativado,Vazio
103054,Vazio,Incapaz de agir e sofre mais dano enquanto estiver sob o estado <Red>{Param}</>,Desativado,Vazio
103055,Vazio,Incapaz de agir e sofre mais dano enquanto estiver sob o estado <Red>{Param}</>,Desativado,Vazio
103056,Vazio,Incapaz de agir e sofre mais dano enquanto estiver sob o estado <Red>{Param}</>,Desativado,Vazio
103057,Vazio,Incapaz de agir e sofre mais dano enquanto estiver sob o estado <Red>{Param}</>,Desativado,Vazio
103058,Vazio,Incapaz de agir e sofre mais dano enquanto estiver sob o estado <Red>{Param}</>,Desativado,Vazio
103059,Vazio,Incapaz de agir e sofre mais dano enquanto estiver sob o estado <Red>{Param}</>,Desativado,Vazio
103060,Vazio,Incapaz de agir e sofre mais dano enquanto estiver sob o estado <Red>{Param}</>,Desativado,Vazio
103061,Vazio,Incapaz de agir e sofre mais dano enquanto estiver sob o estado <Red>{Param}</>,Desativado,Vazio
103062,Vazio,Incapaz de agir e sofre mais dano enquanto estiver sob o estado <Red>{Param}</>,Desativado,Vazio
103063,Vazio,Incapaz de agir e sofre mais dano enquanto estiver sob o estado <Red>{Param}</>,Desativado,Vazio
103064,Vazio,Incapaz de agir e sofre mais dano enquanto estiver sob o estado <Red>{Param}</>,Desativado,Vazio
103065,Vazio,Incapaz de agir e sofre mais dano enquanto estiver sob o estado <Red>{Param}</>,Desativado,Vazio
103066,Vazio,Incapaz de agir e sofre mais dano enquanto estiver sob o estado <Red>{Param}</>,Desativado,Vazio
103067,Vazio,Incapaz de agir e sofre mais dano enquanto estiver sob o estado <Red>{Param}</>,Desativado,Vazio
103068,Vazio,Incapaz de agir e sofre mais dano enquanto estiver sob o estado <Red>{Param}</>,Desativado,Vazio
103069,Vazio,Incapaz de agir e sofre mais dano enquanto estiver sob o estado <Red>{Param}</>,Desativado,Vazio
103070,Vazio,Incapaz de agir e sofre mais dano enquanto estiver sob o estado <Red>{Param}</>,Desativado,Vazio
103071,Vazio,Incapaz de agir e sofre mais dano enquanto estiver sob o estado <Red>{Param}</>,Desativado,Vazio
103072,Vazio,Incapaz de agir e sofre mais dano enquanto estiver sob o estado <Red>{Param}</>,Desativado,Vazio
103073,Vazio,Incapaz de agir e sofre mais dano enquanto estiver sob o estado <Red>{Param}</>,Desativado,Vazio
103074,Vazio,Incapaz de agir e sofre mais dano enquanto estiver sob o estado <Red>{Param}</>,Desativado,Vazio
103075,Vazio,Incapaz de agir e sofre mais dano enquanto estiver sob o estado <Red>{Param}</>,Desativado,Vazio
103076,Vazio,Incapaz de agir e sofre mais dano enquanto estiver sob o estado <Red>{Param}</>,Desativado,Vazio
103077,Vazio,Incapaz de agir e sofre mais dano enquanto estiver sob o estado <Red>{Param}</>,Desativado,Vazio
103078,Vazio,Incapaz de agir e sofre mais dano enquanto estiver sob o estado <Red>{Param}</>,Desativado,Vazio
103079,Vazio,Incapaz de agir e sofre mais dano enquanto estiver sob o estado <Red>{Param}</>,Desativado,Vazio
103080,Vazio,Incapaz de agir e sofre mais dano enquanto estiver sob o estado <Red>{Param}</>,Desativado,Vazio
103081,Vazio,Incapaz de agir e sofre mais dano enquanto estiver sob o estado <Red>{Param}</>,Desativado,Vazio
103082,Vazio,Incapaz de agir e sofre mais dano enquanto estiver sob o estado <Red>{Param}</>,Desativado,Vazio
103083,Vazio,Incapaz de agir e sofre mais dano enquanto estiver sob o estado <Red>{Param}</>,Desativado,Vazio
103084,Vazio,Incapaz de agir e sofre mais dano enquanto estiver sob o estado <Red>{Param}</>,Desativado,Vazio
103085,Vazio,Incapaz de agir e sofre mais dano enquanto estiver sob o estado <Red>{Param}</>,Desativado,Vazio
103086,Vazio,Incapaz de agir e sofre mais dano enquanto estiver sob o estado <Red>{Param}</>,Desativado,Vazio
103087,Vazio,Incapaz de agir e sofre mais dano enquanto estiver sob o estado <Red>{Param}</>,Desativado,Vazio
103088,Vazio,Incapaz de agir e sofre mais dano enquanto estiver sob o estado <Red>{Param}</>,Desativado,Vazio
103089,Vazio,Incapaz de agir e sofre mais dano enquanto estiver sob o estado <Red>{Param}</>,Desativado,Vazio
103090,Vazio,Incapaz de agir e sofre mais dano enquanto estiver sob o estado <Red>{Param}</>,Desativado,Vazio
103091,Vazio,Incapaz de agir e sofre mais dano enquanto estiver sob o estado <Red>{Param}</>,Desativado,Vazio
103092,Vazio,Incapaz de agir e sofre mais dano enquanto estiver sob o estado <Red>{Param}</>,Desativado,Vazio
103093,Vazio,Incapaz de agir e sofre mais dano enquanto estiver sob o estado <Red>{Param}</>,Desativado,Vazio
103094,Vazio,Incapaz de agir e sofre mais dano enquanto estiver sob o estado <Red>{Param}</>,Desativado,Vazio
103095,Vazio,Incapaz de agir e sofre mais dano enquanto estiver sob o estado <Red>{Param}</>,Desativado,Vazio
103096,Vazio,Incapaz de agir e sofre mais dano enquanto estiver sob o estado <Red>{Param}</>,Desativado,Vazio
103097,Vazio,Incapaz de agir e sofre mais dano enquanto estiver sob o estado <Red>{Param}</>,Desativado,Vazio
103098,Vazio,Incapaz de agir e sofre mais dano enquanto estiver sob o estado <Red>{Param}</>,Desativado,Vazio
103099,Vazio,Incapaz de agir e sofre mais dano enquanto estiver sob o estado <Red>{Param}</>,Desativado,Vazio
103100,Vazio,Incapaz de agir e sofre mais dano enquanto estiver sob o estado <Red>{Param}</>,Desativado,Vazio
103101,Vazio,Incapaz de agir e sofre mais dano enquanto estiver sob o estado <Red>{Param}</>,Desativado,Vazio
103102,Vazio,Incapaz de agir e sofre mais dano enquanto estiver sob o estado <Red>{Param}</>,Desativado,Vazio
103103,Vazio,Incapaz de agir e sofre mais dano enquanto estiver sob o estado <Red>{Param}</>,Desativado,Vazio
103104,Vazio,Incapaz de agir e sofre mais dano enquanto estiver sob o estado <Red>{Param}</>,Desativado,Vazio
103105,Vazio,Incapaz de agir e sofre mais dano enquanto estiver sob o estado <Red>{Param}</>,Desativado,Vazio
103106,Vazio,Incapaz de agir e sofre mais dano enquanto estiver sob o estado <Red>{Param}</>,Desativado,Vazio
103107,Vazio,Incapaz de agir e sofre mais dano enquanto estiver sob o estado <Red>{Param}</>,Desativado,Vazio
103108,Vazio,Incapaz de agir e sofre mais dano enquanto estiver sob o estado <Red>{Param}</>,Desativado,Vazio
103109,Vazio,Incapaz de agir e sofre mais dano enquanto estiver sob o estado <Red>{Param}</>,Desativado,Vazio
103110,Vazio,Incapaz de agir e sofre mais dano enquanto estiver sob o estado <Red>{Param}</>,Desativado,Vazio
103111,Vazio,Incapaz de agir e sofre mais dano enquanto estiver sob o estado <Red>{Param}</>,Desativado,Vazio
103112,Vazio,Incapaz de agir e sofre mais dano enquanto estiver sob o estado <Red>{Param}</>,Desativado,Vazio
103113,Vazio,Incapaz de agir e sofre mais dano enquanto estiver sob o estado <Red>{Param}</>,Desativado,Vazio
103114,Vazio,Incapaz de agir e sofre mais dano enquanto estiver sob o estado <Red>{Param}</>,Desativado,Vazio
103115,Vazio,Incapaz de agir e sofre mais dano enquanto estiver sob o estado <Red>{Param}</>,Desativado,Vazio
103116,Vazio,Incapaz de agir e sofre mais dano enquanto estiver sob o estado <Red>{Param}</>,Desativado,Vazio
103117,Vazio,Incapaz de agir e sofre mais dano enquanto estiver sob o estado <Red>{Param}</>,Desativado,Vazio
103118,Vazio,Incapaz de agir e sofre mais dano enquanto estiver sob o estado <Red>{Param}</>,Desativado,Vazio
103119,Vazio,Incapaz de agir e sofre mais dano enquanto estiver sob o estado <Red>{Param}</>,Desativado,Vazio
103120,Vazio,Incapaz de agir e sofre mais dano enquanto estiver sob o estado <Red>{Param}</>,Desativado,Vazio
103121,Vazio,Incapaz de agir e sofre mais dano enquanto estiver sob o estado <Red>{Param}</>,Desativado,Vazio
103122,Vazio,Incapaz de agir e sofre mais dano enquanto estiver sob o estado <Red>{Param}</>,Desativado,Vazio
103123,Vazio,Incapaz de agir e sofre mais dano enquanto estiver sob o estado <Red>{Param}</>,Desativado,Vazio
103124,Vazio,Incapaz de agir e sofre mais dano enquanto estiver sob o estado <Red>{Param}</>,Desativado,Vazio
103125,Vazio,Incapaz de agir e sofre mais dano enquanto estiver sob o estado <Red>{Param}</>,Desativado,Vazio
103126,Vazio,Incapaz de agir e sofre mais dano enquanto estiver sob o estado <Red>{Param}</>,Desativado,Vazio
103127,Vazio,Incapaz de agir e sofre mais dano enquanto estiver sob o estado <Red>{Param}</>,Desativado,Vazio
103128,Vazio,Incapaz de agir e sofre mais dano enquanto estiver sob o estado <Red>{Param}</>,Desativado,Vazio
103129,Vazio,Incapaz de agir e sofre mais dano enquanto estiver sob o estado <Red>{Param}</>,Desativado,Vazio
103130,Vazio,Incapaz de agir e sofre mais dano enquanto estiver sob o estado <Red>{Param}</>,Desativado,Vazio
103131,Vazio,Incapaz de agir e sofre mais dano enquanto estiver sob o estado <Red>{Param}</>,Desativado,Vazio
103132,Vazio,Incapaz de agir e sofre mais dano enquanto estiver sob o estado <Red>{Param}</>,Desativado,Vazio
103133,Vazio,Incapaz de agir e sofre mais dano enquanto estiver sob o estado <Red>{Param}</>,Desativado,Vazio
103134,Vazio,Incapaz de agir e sofre mais dano enquanto estiver sob o estado <Red>{Param}</>,Desativado,Vazio
103135,Vazio,Incapaz de agir e sofre mais dano enquanto estiver sob o estado <Red>{Param}</>,Desativado,Vazio
103136,Vazio,Incapaz de agir e sofre mais dano enquanto estiver sob o estado <Red>{Param}</>,Desativado,Vazio
103137,Vazio,Incapaz de agir e sofre mais dano enquanto estiver sob o estado <Red>{Param}</>,Desativado,Vazio
103138,Vazio,Incapaz de agir e sofre mais dano enquanto estiver sob o estado <Red>{Param}</>,Desativado,Vazio
103139,Vazio,Incapaz de agir e sofre mais dano enquanto estiver sob o estado <Red>{Param}</>,Desativado,Vazio
103140,Vazio,Incapaz de agir e sofre mais dano enquanto estiver sob o estado <Red>{Param}</>,Desativado,Vazio
103141,Vazio,Incapaz de agir e sofre mais dano enquanto estiver sob o estado <Red>{Param}</>,Desativado,Vazio
103142,Vazio,Incapaz de agir e sofre mais dano enquanto estiver sob o estado <Red>{Param}</>,Desativado,Vazio
103143,Vazio,Incapaz de agir e sofre mais dano enquanto estiver sob o estado <Red>{Param}</>,Desativado,Vazio
103144,Vazio,Incapaz de agir e sofre mais dano enquanto estiver sob o estado <Red>{Param}</>,Desativado,Vazio
103145,Vazio,Incapaz de agir e sofre mais dano enquanto estiver sob o estado <Red>{Param}</>,Desativado,Vazio
103146,Vazio,Incapaz de agir e sofre mais dano enquanto estiver sob o estado <Red>{Param}</>,Desativado,Vazio
103147,Vazio,Incapaz de agir e sofre mais dano enquanto estiver sob o estado <Red>{Param}</>,Desativado,Vazio
103148,Vazio,Incapaz de agir e sofre mais dano enquanto estiver sob o estado <Red>{Param}</>,Desativado,Vazio
103149,Vazio,Incapaz de agir e sofre mais dano enquanto estiver sob o estado <Red>{Param}</>,Desativado,Vazio
103150,Vazio,Incapaz de agir e sofre mais dano enquanto estiver sob o estado <Red>{Param}</>,Desativado,Vazio
103151,Vazio,Incapaz de agir e sofre mais dano enquanto estiver sob o estado <Red>{Param}</>,Desativado,Vazio
103152,Vazio,Incapaz de agir e sofre mais dano enquanto estiver sob o estado <Red>{Param}</>,Desativado,Vazio
103153,Vazio,Incapaz de agir e sofre mais dano enquanto estiver sob o estado <Red>{Param}</>,Desativado,Vazio
103154,Vazio,Incapaz de agir e sofre mais dano enquanto estiver sob o estado <Red>{Param}</>,Desativado,Vazio
103155,Vazio,Incapaz de agir e sofre mais dano enquanto estiver sob o estado <Red>{Param}</>,Desativado,Vazio
103156,Vazio,Incapaz de agir e sofre mais dano enquanto estiver sob o estado <Red>{Param}</>,Desativado,Vazio
103157,Vazio,Incapaz de agir e sofre mais dano enquanto estiver sob o estado <Red>{Param}</>,Desativado,Vazio
103158,Vazio,Incapaz de agir e sofre mais dano enquanto estiver sob o estado <Red>{Param}</>,Desativado,Vazio
103159,Vazio,Incapaz de agir e sofre mais dano enquanto estiver sob o estado <Red>{Param}</>,Desativado,Vazio
103160,Vazio,Incapaz de agir e sofre mais dano enquanto estiver sob o estado <Red>{Param}</>,Desativado,Vazio
103161,Vazio,Incapaz de agir e sofre mais dano enquanto estiver sob o estado <Red>{Param}</>,Desativado,Vazio
103162,Vazio,Incapaz de agir e sofre mais dano enquanto estiver sob o estado <Red>{Param}</>,Desativado,Vazio
103163,Vazio,Incapaz de agir e sofre mais dano enquanto estiver sob o estado <Red>{Param}</>,Desativado,Vazio
103164,Vazio,Incapaz de agir e sofre mais dano enquanto estiver sob o estado <Red>{Param}</>,Desativado,Vazio
103165,Vazio,Incapaz de agir e sofre mais dano enquanto estiver sob o estado <Red>{Param}</>,Desativado,Vazio
103166,Vazio,Incapaz de agir e sofre mais dano enquanto estiver sob o estado <Red>{Param}</>,Desativado,Vazio
103167,Vazio,Incapaz de agir e sofre mais dano enquanto estiver sob o estado <Red>{Param}</>,Desativado,Vazio
103168,Vazio,Incapaz de agir e sofre mais dano enquanto estiver sob o estado <Red>{Param}</>,Desativado,Vazio
103169,Vazio,Incapaz de agir e sofre mais dano enquanto estiver sob o estado <Red>{Param}</>,Desativado,Vazio
103170,Vazio,Incapaz de agir e sofre mais dano enquanto estiver sob o estado <Red>{Param}</>,Desativado,Vazio
103171,Vazio,Incapaz de agir e sofre mais dano enquanto estiver sob o estado <Red>{Param}</>,Desativado,Vazio
103172,Vazio,Incapaz de agir e sofre mais dano enquanto estiver sob o estado <Red>{Param}</>,Desativado,Vazio
103173,Vazio,Incapaz de agir e sofre mais dano enquanto estiver sob o estado <Red>{Param}</>,Desativado,Vazio
103174,Vazio,Incapaz de agir e sofre mais dano enquanto estiver sob o estado <Red>{Param}</>,Desativado,Vazio
103175,Vazio,Incapaz de agir e sofre mais dano enquanto estiver sob o estado <Red>{Param}</>,Desativado,Vazio
103176,Vazio,Incapaz de agir e sofre mais dano enquanto estiver sob o estado <Red>{Param}</>,Desativado,Vazio
103177,Vazio,Incapaz de agir e sofre mais dano enquanto estiver sob o estado <Red>{Param}</>,Desativado,Vazio
103178,Vazio,Incapaz de agir e sofre mais dano enquanto estiver sob o estado <Red>{Param}</>,Desativado,Vazio
103179,Vazio,Incapaz de agir e sofre mais dano enquanto estiver sob o estado <Red>{Param}</>,Desativado,Vazio
103180,Vazio,Incapaz de agir e sofre mais dano enquanto estiver sob o estado <Red>{Param}</>,Desativado,Vazio
103181,Vazio,Incapaz de agir e sofre mais dano enquanto estiver sob o estado <Red>{Param}</>,Desativado,Vazio
103182,Vazio,Incapaz de agir e sofre mais dano enquanto estiver sob o estado <Red>{Param}</>,Desativado,Vazio
103183,Vazio,Incapaz de agir e sofre mais dano enquanto estiver sob o estado <Red>{Param}</>,Desativado,Vazio
103184,Vazio,Incapaz de agir e sofre mais dano enquanto estiver sob o estado <Red>{Param}</>,Desativado,Vazio
103185,Vazio,Incapaz de agir e sofre mais dano enquanto estiver sob o estado <Red>{Param}</>,Desativado,Vazio
103186,Vazio,Incapaz de agir e sofre mais dano enquanto estiver sob o estado <Red>{Param}</>,Desativado,Vazio
103187,Vazio,Incapaz de agir e sofre mais dano enquanto estiver sob o estado <Red>{Param}</>,Desativado,Vazio
103188,Vazio,Incapaz de agir e sofre mais dano enquanto estiver sob o estado <Red>{Param}</>,Desativado,Vazio
103189,Vazio,Incapaz de agir e sofre mais dano enquanto estiver sob o estado <Red>{Param}</>,Desativado,Vazio
103190,Vazio,Incapaz de agir e sofre mais dano enquanto estiver sob o estado <Red>{Param}</>,Desativado,Vazio
103191,Vazio,Incapaz de agir e sofre mais dano enquanto estiver sob o estado <Red>{Param}</>,Desativado,Vazio
103192,Vazio,Incapaz de agir e sofre mais dano enquanto estiver sob o estado <Red>{Param}</>,Desativado,Vazio
103193,Vazio,Incapaz de agir e sofre mais dano enquanto estiver sob o estado <Red>{Param}</>,Desativado,Vazio
103194,Vazio,Incapaz de agir e sofre mais dano enquanto estiver sob o estado <Red>{Param}</>,Desativado,Vazio
103195,Vazio,Incapaz de agir e sofre mais dano enquanto estiver sob o estado <Red>{Param}</>,Desativado,Vazio
103196,Vazio,Incapaz de agir e sofre mais dano enquanto estiver sob o estado <Red>{Param}</>,Desativado,Vazio
103197,Vazio,Incapaz de agir e sofre mais dano enquanto estiver sob o estado <Red>{Param}</>,Desativado,Vazio
103198,Vazio,Incapaz de agir e sofre mais dano enquanto estiver sob o estado <Red>{Param}</>,Desativado,Vazio
103199,Vazio,Incapaz de agir e sofre mais dano enquanto estiver sob o estado <Red>{Param}</>,Desativado,Vazio
103200,Vazio,Incapaz de agir e sofre mais dano enquanto estiver sob o estado <Red>{Param}</>,Desativado,Vazio
120001,,,,
120101,Recuperação de Vigor,,,
120102,Recuperação de Vigor,,,
120201,Não é possível correr,,,
1001903,Solicitação de ajuda,A Steel Ant Worker está solicitando ajuda.,,
1000000,Damage Immunity,,,
2100000,Enfurecer,,,
2100001,Shock,Desativado enquanto em <Red>{Param}</> estado,Desativado,Shock
2100002,Shock,Desativado enquanto em <Red>{Param}</> estado,Desativado,Shock
2100003,Atordoamento Absoluto,Desativado enquanto em <Red>{Param}</> estado,Desativado,Shock
2100101,,,,
2100102,,,,
2100103,Imortal,Invencível,,
2100104,Invisível,,,
2100105,Forte,Buff Robusto,,
2100106,Tipo de Toca,,,
2100107,,,,
2100108,Skill passivo,,,
2100109,Forte,Buff Robusto_Passivo,,
2200000,Não-alvo Invencível,,,
2200001,Golpe Perfeito,,,
2200002,Penalidade de incursão,"Velocidade de movimento reduzida em <Red>{EffectParam1}</>%, Velocidade de montagem reduzida em <Red>{EffectParam2}</>%",Velocidade de Movimento e Velocidade de Movimento da Montaria reduzidas.,
2200003,Resistência ao Vento,Reduz a velocidade de movimento em <Red>{EffectParam1}</>%,Lento,
2200010,Risco de atordoamento,Desativado enquanto em <Red>{Param}</> estado,Desativado,Stun
2200030,Eletrocussão,Reduz a velocidade de movimento em <Red>{EffectParam1}</>%,Lento,
2200050,Eletrocussão,Reduz a velocidade de movimento em <Red>{EffectParam1}</>%,Lento,
30000011,Ferida Vermelha,Dano crítico com acúmulo máximo,Dano no máximo de stacks,
30000012,Sangramento intenso,,,
30002041,Zona Venenosa,O veneno reduz a velocidade de movimento em <Red>{EffectParam1}</>%,Lento,
30004031,Rasgar armadura,Dano recebido de monstros aumentado em <Red>{EffectParam1}</>%,Enfraquece a Defesa,
30004051,Knock Back,,,
30005051,Grite,Reduz a velocidade de movimento em <Red>{EffectParam1}</>%,Lento,
30008041,Parasite,"Cada stack reduz a Velocidade de Movimento
Max stack convoca Monstros próximos",Lento,
30008042,Parasite Infecção,Reduz a velocidade de movimento em <Red>{EffectParam1}</>% e invoca monstros próximos,Velocidade de movimento reduzida e invoca monstros,
30013041,Eletrocussão,Dano ao longo do tempo enquanto estiver em <Red>{Param}</> estado,Danos ao longo do tempo,Eletrocussão
30010031,Terror do Pássaro com Rosto Humano,Desativado enquanto em <Red>{Param}</> estado,Desativado,Fear
30010131,Rasgar armadura,Dano recebido de monstros aumentado em <Red>{EffectParam1}</>%,Enfraquece a Defesa,
30015001,Poison,Dano ao longo do tempo enquanto estiver em <Red>{Param}</> estado,Danos ao longo do tempo,Poison
30016001,Pó Paralisante,Inflige Paralisia quando empilhado acima de um certo limite,Inflige Paralisia quando empilhado acima de um certo limite,Pó Paralisante
30016002,Paralisia,"Velocidade de movimento reduzido em <Red>{Param}</> %, Dash desativado e dano recebido aumentado em <Red>{EffectParam2}</>% enquanto sob o <Red>{EffectParam1}</> estado",Desativa Dash e aumenta o dano recebido,Paralysis
30017051,Torrente Furiosa,Reduz a velocidade de movimento em <Red>{EffectParam1}</>%,Lento,
30017052,Olhar,Você foi alvo de <Red>{Param}</>.,Shagan,Shagan
30017053,Olhar,Você foi alvo de <Red>{Param}</>.,Shagan,Shagan
30017054,Olhar,Você foi alvo de <Red>{Param}</>.,Shagan,Shagan
30019000,Hunt Begins,Você foi alvo de <Red>{Param}</>.,Direcionado,Damuradid
30019001,Bleed,Dano ao longo do tempo enquanto estiver em <Red>{Param}</> estado,Danos ao longo do tempo,Bleed
30019002,,,,
30019003,,,,
30019004,Hunt Begins,Você foi alvo de <Red>{Param}</>.,Direcionado,Damuradid
3000308,Escudo de Areia,Dano recebido reduzido em <Red>{EffectParam1}</>%,Dano reduzido,
3000310,Areia espalhada,"Lidar com <Red>{EffectParam1}</>% menos dano
Precisão reduzida em <Red>{EffectParam2}</>%",Enfraquece o Poder de Ataque,
3001108,Restrito / Não Controlado pela Multidão,Desativado enquanto em <Red>{Param}</> estado,Suprimido,Suppression
3001109,Restringido,Desativado enquanto em <Red>{Param}</> estado,Suprimido,Suppression
3001113,Contaminação,Reduz a velocidade de movimento em <Red>{EffectParam1}</>%,Lento,
3001120,Aparar,,,
3001122,Stun,Desativado enquanto em <Red>{Param}</> estado,Desativado,Stun
3001130,,,,
30006051,Eletrocussão,Dano ao longo do tempo enquanto estiver em <Red>{Param}</> estado,Danos ao longo do tempo,Eletrocussão
30009061,Alerta de Frenesi do Campo de Batalha acionado,,,
30009062,Frenesi do Campo de Batalha Level 1,"Recebe um pouco menos de dano, causa um pouco mais de dano","Recebe menos dano, causa mais dano",
30009063,Frenesi do campo de batalha Level 2,"Recebe menos dano, causa mais dano","Recebe menos dano, causa mais dano",
30009064,Frenesi do campo de batalha Level 3,"Recebe significativamente menos dano, causa significativamente mais dano","Recebe menos dano, causa mais dano",
30009065,Para pilhas de frenesi no campo de batalha,,,
30009066,Cura do Frenesi do Campo de Batalha Level 1,Restaura uma pequena quantidade de HP durante um determinado período de tempo,Recuperação de HP,
30009067,Cura do Frenesi do Campo de Batalha Level 2,Restaura HP durante um determinado período de tempo,Recuperação de HP,
30009068,Cura do Frenesi do Campo de Batalha Level 3,Restaura uma grande quantidade de HP durante um determinado período de tempo,Recuperação de HP,
30009069,Para pilhas de frenesi no campo de batalha,,,
3000110,Stun,Desativado enquanto em <Red>{Param}</> estado,Desativado,Stun
3000111,Stun,Desativado enquanto em <Red>{Param}</> estado,Desativado,Stun
3001116,,,,
3001117,,,,
3001118,Stun,Desativado enquanto em <Red>{Param}</> estado,Desativado,Stun
3200008,Não é possível atacar enquanto salta,,,
3200009,Não é possível atacar enquanto salta,,,
3200010,Burn,Causa dano igual a <Red>{EffectParam1}</>% do HP máximo.,Danos ao longo do tempo,
3200016,Colossus Self Buff,,"Precisão reduzida, sofre menos danos",
3001800,Skill passivo,,,
32002001,Imortal,Invencível,,
32002002,HPLimit,HP não cai abaixo de 40%.,,
32002111,Stun,Desativado enquanto em <Red>{Param}</> estado,Desativado,Stun
32002121,Choque Fireskill,Incapaz de agir devido a <Orange>{Param}</>,Desativado,Shock
32002131,Shock,Desativado enquanto em <Red>{Param}</> estado,Desativado,Shock
32002221,Mil Geun Peso abaixo de 60%,,,
32002231,,,,
32011051,Blessing,Barreira de Contagem de Acertos,Barreira de Contagem de Acertos,
32011052,Blessing,,,
32003031,Pilar da luz,Ataca o oponente,,
32003041,Consagração,Permanecer em um reino sagrado <Orange> reduz o dano recebido</>.,Dano reduzido,
32006031,Northern Chill,Reduz a velocidade de movimento em <Red>{EffectParam1}</>%,Lento,
32014011,Maldição do Reaper,"No máximo de stacks, invoca a Foice do Ceifador <Red></>.",,
32014101,,,,
32017051,Movimento Sombrio,,,
32017052,,,,
31001031,Parasite,Velocidade de movimento e velocidade de ataque reduzidas em <Red>{EffectParam1}</>%,Velocidade de movimento e velocidade de ataque reduzidas,
31000001,Rasgar armadura,Dano recebido de monstros aumentado em <Red>{EffectParam1}</>%,Enfraquece a Defesa,
31000002,Burn,Dano ao longo do tempo enquanto estiver em <Red>{Param}</> estado,Danos ao longo do tempo,Burn
31002131,Aniquilação Skill Cast Effect,,,
31002141,Aniquilação Skill Cast Effect,,,
31003012,Chill,Reduz a velocidade de movimento e a velocidade de ataque. <Red>Cold Blast</> na pilha máxima,Velocidade de movimento e velocidade de ataque reduzidas,
31003014,Frost Crystal Explosão,,,
31003241,Explosão fria,Dispara uma rajada de frio. <Red>{Param}</> Incapaz de agir devido ao efeito de status,Desativado,Shock
31003431,,,,
31004011,Shield,Protege a si mesmo.,Proteção,
31004012,Skill 6 - Água,"Reduz a velocidade de movimento, explode quando o efeito termina",,
31004013,Skill 6 - Veneno,"Reduz a velocidade de movimento, explode quando o efeito termina",,
31004014,Skill 4 Loop,,,
31004015,Skill 4 Loop Cancle,,,
31004016,Skill 4 CancleLoop,,,
33000051,Queimadura de lava,Lava causa dano ao longo do tempo e reduz a velocidade de movimento,Dano contínuo e redução de velocidade de movimento,
33000081,Convocar Mina de Lava,,,
33000082,Grande Fragmento de Erupção,Incapaz de agir e sofre mais dano,Incapaz de agir e sofre mais dano,
33000161,Stun,Desativado enquanto em <Red>{Param}</> estado,Desativado,Stun
33000162,Aparar,,,
33001091,Passos Pesados,Reduz a velocidade de movimento em <Red>{EffectParam1}</>%,Lento,
33001092,Solo Frio,Reduz a velocidade de movimento em <Red>{EffectParam1}</>%,Lento,
33001093,Solo Congelado,Reduz a velocidade de movimento em <Red>{EffectParam1}</>%,Lento,
33001094,Passos Pesados,Reduz a velocidade de movimento em <Red>{EffectParam1}</>%,Lento,
33002031,Eletrocussão,Dano ao longo do tempo enquanto estiver em <Red>{Param}</> estado,Danos ao longo do tempo,Eletrocussão
33002032,Stun,Desativado enquanto em <Red>{Param}</> estado,Desativado,Stun
33002033,Aparar,,,
33003001,Marca Arcana,Aumenta o dano recebido de <Red>{Param}</> por <Red>{EffectParam1}</>%,Enfraquece a Defesa,Arcanon
33003009,Carga Arcana,<Red>{Param}parry</> para bloquear Arcane Charge!,,
33003010,,,,
33003013,,,,
33003014,,,,
33003015,,,,
33003016,,,,
33003031,Algemas do Arcano,Você deve cortar as <Red>{Param}Arcane Chains</> para parar as Grilhões de Arcana.,,
33003032,Algemas do Arcano,Você deve cortar as <Red>{Param}Arcane Chains</> para parar as Grilhões de Arcana.,,
33003033,Correntes Arcanas,"Você deve cortar as Correntes Arcanas de <Red>{Param}</>.
Você deve fugir o mais longe possível.",,Arcanon
33003034,Correntes Arcanas,"Você deve cortar as Correntes Arcanas de <Red>{Param}</>.
Você deve fugir o mais longe possível.",,Arcanon
33003151,Stun,Desativado enquanto em <Red>{Param}</> estado,Desativado,Stun
33003152,,,,
33003201,Shock,Desativado enquanto em <Red>{Param}</> estado,Desativado,Shock
33003241,,,,
33003311,Algemas do Arcano,Reduz a velocidade de movimento em <Red>{EffectParam1}</>%,Lento,
34001081,Designação do alvo,Designar como Alvo,Definir alvo,
34001082,Horned Ape Parry,,,
34001083,Terror em área,,,
34001085,Designação do alvo,,,
34001086,Frenesi,,,
34001087,Frenesi,"Os macacos estão em frenesi, aumentando o poder de ataque.",Aumento de Poder de Ataque,
34001088,Frenesi,,,
34001089,Frenesi,Poder de ataque aumentado devido ao frenesi,Aumento de Poder de Ataque,
34001091,Passos Pesados,Reduz a velocidade de movimento em <Red>{EffectParam1}</>%,Lento,
34001092,,,,
34001093,,,,
34001094,,,,
34001095,,,,
34002061,Absorver nutrientes,"O Tree Giant está absorvendo nutrientes.
Você deve deixar a área.",Danos ao longo do tempo,
34002062,Absorver nutrientes em si mesmo,,,
34002071,,,,
34002072,,,,
34002073,Absorver nutrientes em si mesmo,,,
34002074,,,,
34002075,,,,
34002121,Vinhas emaranhadas,Reduz a velocidade de movimento em <Red>{EffectParam1}</>%,Lento,
34002131,Chama Ardente,"A chama do Braseiro queima a área circundante.
Ele pode remover as sementes do Tree Giant.",,
34002211,Absorver nutrientes,,,
34002401,Absorver nutrientes,"O Tree Giant está absorvendo nutrientes.
Você deve deixar a área.",Danos ao longo do tempo,
34002411,Absorver nutrientes,"O Tree Giant está absorvendo nutrientes.
Você deve deixar a área.",Danos ao longo do tempo,
36000001,Shock,Desativado enquanto em <Red>{Param}</> estado,Desativado,Shock
36000002,Aether Energy Stack,,,
36000003,Kagaltus Respiração,"Com energia total, usa <Red>Breath</> no <Red>Aggro Target</>.",,
36000010,Energia Éter,Aumenta o dano por <Orange>{EffectParam1}</>%,Aumento de dano,
36000101,Designação do alvo,direcionado por Kagaltus,Definir alvo,
36000102,Manter emissão de éter,,,
37000001,Restrito / Não Controlado pela Multidão,Desativado enquanto em <Red>{Param}</> estado,Suprimido,Suppression
37000002,Knock Down,Desativado enquanto em <Red>{Param}</> estado,Desativado,Knock Down
37000003,Fall Motion,,,
40000001,Aceleração,Aumenta a velocidade de movimento em <Orange>{EffectParam1}</>%,Aumento de velocidade de movimento,
40000002,Desaceleração,Reduz a velocidade de movimento em <Red>{EffectParam1}</>%,Lento,
40000003,Aceleração,Aumenta a velocidade de movimento em <Orange>{EffectParam1}</>%,Aumento de velocidade de movimento,
40000004,Desaceleração,Reduz a velocidade de movimento em <Red>{EffectParam1}</>%,Lento,
40000005,,,,
40000006,Shock,Desativado enquanto em <Red>{Param}</> estado,Desativado,Shock
40000011,Não é possível atacar enquanto salta,,,
40000012,Não é possível atacar enquanto salta,,,
40000013,Knock Back,,,
40000301,Overclock,,,
5000000,,,,
5000003,,,,
5000004,,,,
5000001,Melhore a mobilidade,"Contagem de Dash aumentada em <Orange>{EffectParam1}</>
 Poder de ataque aumentado em <Orange>{EffectParam2}</> ao usar Dash",A contagem de investidas aumentou em 1 e o poder de ataque aumentou após a investida.,
5000002,Mobilidade aprimorado: Poder de ataque aumentado,Aumenta Poder de ataque em <Orange>{EffectParam1}</>,,
5000011,Segundo Vento,"Quando o HP está em 10% ou menos, restaura o HP em <Orange>100%</>.",Restaura totalmente o HP quando o HP está em 10% ou menos.,
5000012,Segundo Vento: Recuperação,Restaurar <Orange>100%</> HP,Restaura 100% HP,
5000021,Thunderbolt,Gera <Orange>Thunderbolts</> que atordoam os inimigos.,"4 raios poderosos atingem as proximidades, e os alvos atingidos por um raio ficam atordoados.",
5000031,Aceleração de tempo,Reduz Recarga de Skill em <Orange>{EffectParam1}</> %,Skill O resfriamento é reduzido.,
5000061,Gale,"Aumenta a velocidade de ataque em <Orange>{EffectParam1}</>%
 e a velocidade de movimento em <Orange>{EffectParam2}</>%",Aumenta o ataque Velocidade e velocidade de movimento.,
5000071,Expansão do alvo,Aumentar o número de alvos de ataque básico em <Orange>{EffectParam1}</>,Aumenta o número de alvos de Ataque Básico em 3.,
5000081,Lâmina Carmesim,Descarregue <Orange>Crimson Sword Aura</> que ataca os inimigos.,Descarregue 3 fios de Crimson Sword Aura para atacar e repelir os inimigos.,
5000091,Pântano Venenoso,Cria um <Orange>Pântano venenoso</> que envenena os inimigos.,Cria um Pântano Venenoso. Envenena todos os inimigos próximos.,
5000095,Envenenamento por Veneno,Reduz a velocidade de movimento em <Red>{EffectParam1}</>%,,
5000301,Melhore a mobilidade,"Contagem de Dash aumentada em <Orange>{EffectParam1}</>
 Poder de ataque aumentado em <Orange>{EffectParam2}</> ao usar Dash",,
5000311,Segundo Vento,"Quando o HP está em 10% ou menos, restaura o HP em <Orange>100%</>.",,
5000321,Thunderbolt,Gera <Orange>Thunderbolts</> que atordoam os inimigos.,,
5000331,Aceleração de tempo,Reduz Recarga de Skill em <Orange>{EffectParam1}</> %,,
5000361,Gale,"Aumenta a velocidade de ataque em <Orange>{EffectParam1}</>%
 e a velocidade de movimento em <Orange>{EffectParam2}</>%",,
5000371,Expansão do alvo,Aumenta o número de alvos de Ataque Básico em <Orange>{EffectParam1}</>.,,
5000381,Lâmina Carmesim,Descarregue <Orange>Crimson Sword Aura</> que ataca os inimigos.,,
5000391,Pântano Venenoso,Cria um <Orange>Pântano venenoso</> que envenena os inimigos.,,
5000302,,,,
5000312,,,,
5000322,,,,
5000332,,,,
5000362,,,,
5000372,,,,
5000382,,,,
5000392,,,,
5001001,Melhore a mobilidade,"Contagem de Dash aumentada em <Orange>{EffectParam1}</>
 Poder de ataque aumentado em <Orange>{EffectParam2}</> ao usar Dash",A contagem de investidas aumentou em 1 e o poder de ataque aumentou após a investida.,
5001002,Mobilidade aprimorado: Poder de ataque aumentado,Aumenta Poder de ataque em <Orange>{EffectParam1}</>,,
5001011,Segundo Vento,"Quando o HP está em 10% ou menos, restaura o HP em <Orange>100%</>.",Restaura totalmente o HP quando o HP está em 10% ou menos.,
5001012,Segundo Vento: Recuperação,Restaurar <Orange>100%</> HP,Restaura 100% HP,
5001021,Thunderbolt,Gera <Orange>Thunderbolts</> que atordoam os inimigos.,"4 raios poderosos atingem as proximidades, e os alvos atingidos por um raio ficam atordoados.",
5001031,Aceleração de tempo,Reduz Recarga de Skill em <Orange>{EffectParam1}</> %,Skill O resfriamento é reduzido.,
5001061,Gale,"Aumenta a velocidade de ataque em <Orange>{EffectParam1}</>%
 e a velocidade de movimento em <Orange>{EffectParam2}</>%",Aumenta o ataque Velocidade e velocidade de movimento.,
5001071,Expansão do alvo,Aumentar o número de alvos de ataque básico em <Orange>{EffectParam1}</>,Aumenta o número de alvos de Ataque Básico em 3.,
5001081,Lâmina Carmesim,Descarregue <Orange>Crimson Sword Aura</> que ataca os inimigos.,Descarregue 3 fios de Crimson Sword Aura para atacar e repelir os inimigos.,
5001091,Pântano Venenoso,Cria um <Orange>Pântano venenoso</> que envenena os inimigos.,Cria um Pântano Venenoso. Envenena todos os inimigos próximos.,
5001095,Envenenamento por Veneno,Reduz a velocidade de movimento em <Red>{EffectParam1}</>%,,
5001301,Melhore a mobilidade,"Contagem de Dash aumentada em <Orange>{EffectParam1}</>
 Poder de ataque aumentado em <Orange>{EffectParam2}</> ao usar Dash",,
5001311,Segundo Vento,"Quando o HP está em 10% ou menos, restaura o HP em <Orange>100%</>.",,
5001321,Thunderbolt,Gera <Orange>Thunderbolts</> que atordoam os inimigos.,,
5001331,Aceleração de tempo,Reduz Recarga de Skill em <Orange>{EffectParam1}</> %,,
5001361,Gale,"Aumenta a velocidade de ataque em <Orange>{EffectParam1}</>%
 e a velocidade de movimento em <Orange>{EffectParam2}</>%",,
5001371,Expansão do alvo,Aumentar o número de alvos de ataque básico em <Orange>{EffectParam1}</>,,
5001381,Lâmina Carmesim,Descarregue <Orange>Crimson Sword Aura</> que ataca os inimigos.,,
5001391,Pântano Venenoso,Cria um <Orange>Pântano venenoso</> que envenena os inimigos.,,
5001302,,,,
5001312,,,,
5001322,,,,
5001332,,,,
5001362,,,,
5001372,,,,
5001382,,,,
5001392,,,,
5000101,,,,
5000111,,,,
5000121,Freeze,Efeito do Chill Trap. Reduz a velocidade de movimento em <Red>{EffectParam1}</>%.,,
5000122,Poison,Efeito da Armadilha de Poison Mist. Reduz a velocidade de movimento em <Red>{EffectParam1}</>%.,,
5000123,Eletrocussão,Efeito da Armadilha Relâmpago. Atordoa por 1 segundo.,,
5000131,,,,
5000132,,,,
5000133,,,,
5000141,,,,
5000142,,,,
5000143,,,,
5000145,,,,
5000146,,,,
5000147,,,,
5000151,,,,
5000152,,,,
5000153,,,,
5000161,,,,
5000162,,,,
5000163,,,,
5000191,,,,
5001121,Freeze,Efeito do Chill Trap. Reduz a velocidade de movimento em <Red>{EffectParam1}</>%.,,
5001122,Poison,Efeito da Armadilha de Poison Mist. Reduz a velocidade de movimento em <Red>{EffectParam1}</>%.,,
5001123,Eletrocussão,Efeito da Armadilha Relâmpago. Atordoa por 1 segundo.,,
5001131,,,,
5001132,,,,
5001133,,,,
5001141,,,,
5001142,,,,
5001143,,,,
5001145,,,,
5001146,,,,
5001147,,,,
5000201,HP Recovery,Recupere HP por <Orange>{EffectParam1}</>,,
5000211,Movement Speed Increase,Aumenta a velocidade de movimento em <Orange>{EffectParam1}</>%,,
5000212,Damage Increase,Aumenta o dano por <Orange>{EffectParam1}</>%,,
5000213,Attack Speed Increase,aumenta a velocidade de ataque em <Orange>{EffectParam1}</>%,,
5000214,Aumentar alvos,Aumenta o número de alvos de Ataque Básico em <Orange>{EffectParam1}</>.,,
5000215,Redução do tempo de espera Skill,Reduz Recarga de Skill em <Orange>{EffectParam1}</> %,,
5000216,Critical Hit Chance Increase,aumenta a chance de acerto crítico em <Orange>{EffectParam1}</>%,,
5000222,,,,
5000231,,,,
5000232,,,,
5000233,,,,
5000234,,,,
5000235,,,,
5000236,,,,
5000237,,,,
5010101,,,,
5010102,,,,
5010103,,,,
5010111,,,,
5010112,,,,
5010113,,,,
5010121,,,,
5010122,,,,
5010123,,,,
5010501,,,,
5010502,,,,
5010503,,,,
5010511,,,,
5010512,,,,
5010513,,,,
5010521,,,,
5010522,,,,
5010523,,,,
5010901,,,,
5010902,,,,
5010903,,,,
5010911,,,,
5010912,,,,
5010913,,,,
5010921,,,,
5010922,,,,
5010923,,,,
5011301,,,,
5011302,,,,
5011303,,,,
5011311,,,,
5011312,,,,
5011313,,,,
5011321,,,,
5011322,,,,
5011323,,,,
5020101,,,,
5020102,,,,
5020103,,,,
5020111,,,,
5020112,,,,
5020113,,,,
5020121,,,,
5020122,,,,
5020123,,,,
5020131,,,,
5020132,,,,
5020133,,,,
5020141,,,,
5020142,,,,
5020143,,,,
5020501,,,,
5020502,,,,
5020503,,,,
5020511,,,,
5020512,,,,
5020513,,,,
5020521,,,,
5020522,,,,
5020523,,,,
5020531,,,,
5020532,,,,
5020533,,,,
5020901,,,,
5020902,,,,
5020903,,,,
5020911,,,,
5020912,,,,
5020913,,,,
5020921,,,,
5020922,,,,
5020923,,,,
5020931,,,,
5020932,,,,
5020933,,,,
5020941,,,,
5020942,,,,
5020943,,,,
5021301,,,,
5021302,,,,
5021303,,,,
5021311,,,,
5021312,,,,
5021313,,,,
5021321,,,,
5021322,,,,
5021323,,,,
5021331,,,,
5021332,,,,
5021333,,,,
5030101,,,,
5030102,,,,
5030103,,,,
5030111,,,,
5030112,,,,
5030113,,,,
5030121,,,,
5030122,,,,
5030123,,,,
5030501,,,,
5030502,,,,
5030503,,,,
5030511,,,,
5030512,,,,
5030513,,,,
5030521,,,,
5030522,,,,
5030523,,,,
5030531,,,,
5030532,,,,
5030533,,,,
5030541,,,,
5030542,,,,
5030543,,,,
5030901,,,,
5030902,,,,
5030903,,,,
5030911,,,,
5030912,,,,
5030913,,,,
5030921,,,,
5030922,,,,
5030923,,,,
5031301,,,,
5031302,,,,
5031303,,,,
5031311,,,,
5031312,,,,
5031313,,,,
5031321,,,,
5031322,,,,
5031323,,,,
5031331,,,,
5031332,,,,
5031333,,,,
5040101,,,,
5040102,,,,
5040103,,,,
5040111,,,,
5040112,,,,
5040113,,,,
5040121,,,,
5040122,,,,
5040123,,,,
5040131,,,,
5040132,,,,
5040133,,,,
5040401,,,,
5040402,,,,
5040403,,,,
5040411,,,,
5040412,,,,
5040413,,,,
5040421,,,,
5040422,,,,
5040423,,,,
5040901,,,,
5040902,,,,
5040903,,,,
5040911,,,,
5040912,,,,
5040913,,,,
5040921,,,,
5040922,,,,
5040923,,,,
5040931,,,,
5040932,,,,
5040933,,,,
5041301,,,,
5041302,,,,
5041303,,,,
5041311,,,,
5041312,,,,
5041313,,,,
5041321,,,,
5041322,,,,
5041323,,,,
5041331,,,,
5041332,,,,
5041333,,,,
5011601,,,,
5011602,,,,
5011603,,,,
5011611,,,,
5011612,,,,
5011613,,,,
5011621,,,,
5011622,,,,
5011623,,,,
5012001,,,,
5012002,,,,
5012003,,,,
5012011,,,,
5012012,,,,
5012013,,,,
5012021,,,,
5012022,,,,
5012023,,,,
5012401,,,,
5012402,,,,
5012403,,,,
5012411,,,,
5012412,,,,
5012413,,,,
5012421,,,,
5012422,,,,
5012423,,,,
5012801,,,,
5012802,,,,
5012803,,,,
5012811,,,,
5012812,,,,
5012813,,,,
5012821,,,,
5012822,,,,
5012823,,,,
5021601,,,,
5021602,,,,
5021603,,,,
5021611,,,,
5021612,,,,
5021613,,,,
5021621,,,,
5021622,,,,
5021623,,,,
5021631,,,,
5021632,,,,
5021633,,,,
5021641,,,,
5021642,,,,
5021643,,,,
5022001,,,,
5022002,,,,
5022003,,,,
5022011,,,,
5022012,,,,
5022013,,,,
5022021,,,,
5022022,,,,
5022023,,,,
5022031,,,,
5022032,,,,
5022033,,,,
5022401,,,,
5022402,,,,
5022403,,,,
5022411,,,,
5022412,,,,
5022413,,,,
5022421,,,,
5022422,,,,
5022423,,,,
5022431,,,,
5022432,,,,
5022433,,,,
5022441,,,,
5022442,,,,
5022443,,,,
5022801,,,,
5022802,,,,
5022803,,,,
5022811,,,,
5022812,,,,
5022813,,,,
5022821,,,,
5022822,,,,
5022823,,,,
5022831,,,,
5022832,,,,
5022833,,,,
5031601,,,,
5031602,,,,
5031603,,,,
5031611,,,,
5031612,,,,
5031613,,,,
5031621,,,,
5031622,,,,
5031623,,,,
5032001,,,,
5032002,,,,
5032003,,,,
5032011,,,,
5032012,,,,
5032013,,,,
5032021,,,,
5032022,,,,
5032023,,,,
5032031,,,,
5032032,,,,
5032033,,,,
5032041,,,,
5032042,,,,
5032043,,,,
5032401,,,,
5032402,,,,
5032403,,,,
5032411,,,,
5032412,,,,
5032413,,,,
5032421,,,,
5032422,,,,
5032423,,,,
5032801,,,,
5032802,,,,
5032803,,,,
5032811,,,,
5032812,,,,
5032813,,,,
5032821,,,,
5032822,,,,
5032823,,,,
5032831,,,,
5032832,,,,
5032833,,,,
5041601,,,,
5041602,,,,
5041603,,,,
5041611,,,,
5041612,,,,
5041613,,,,
5041621,,,,
5041622,,,,
5041623,,,,
5041631,,,,
5041632,,,,
5041633,,,,
5041901,,,,
5041902,,,,
5041903,,,,
5041911,,,,
5041912,,,,
5041913,,,,
5041921,,,,
5041922,,,,
5041923,,,,
5042401,,,,
5042402,,,,
5042403,,,,
5042411,,,,
5042412,,,,
5042413,,,,
5042421,,,,
5042422,,!,,
5042423,,,,
5042431,,,,
5042432,,,,
5042433,,,,
5042801,,,,
5042802,,,,
5042803,,,,
5042811,,,,
5042812,,,,
5042813,,,,
5042821,,,,
5042822,,,,
5042823,,,,
5042831,,,,
5042832,,,,
5042833,,,,
5050101,,,,
5050102,,,,
5050103,,,,
5050301,,,,
5050302,,,,
5050303,,,,
5050311,,,,
5050312,,,,
5050313,,,,
5050701,,,,
5050702,,,,
5050703,,,,
5050901,,,,
5050902,,,,
5050903,,,,
5050911,,,,
5050912,,,,
5050913,,,,
5051301,,,,
5051302,,,,
5051303,,,,
11000011,,,,
11000012,,,,
11000013,,,,
11000014,,,,
11000021,,,,
11000022,,,,
11000031,,,,
11000101,,,,
12000001,Movement Speed Increase,Aumenta a velocidade de movimento em <Orange>{EffectParam1}</>%,,
12000002,Attack Speed Increase,aumenta a velocidade de ataque em <Orange>{EffectParam1}</>%,,
12000003,Redução do tempo de espera Skill,Reduz Recarga de Skill em <Orange>{EffectParam1}</> %,,
12000004,Damage Increase,Aumenta o dano por <Orange>{EffectParam1}</>%,,
12000041,Tempestade Furiosa,Reduz a velocidade de movimento em <Red>{EffectParam1}</>%,Lento,
13000001,Tempestade de Areia dos Sertões,Aumenta a velocidade de movimento em <Orange>{EffectParam1}</>%,,
13000002,Lago Spindrift,Aumenta o dano por <Orange>{EffectParam1}</>%,,
13000003,Brisa do cume,aumenta a velocidade de ataque em <Orange>{EffectParam1}</>%,,
13000004,Nevasca do Planalto,Reduz Recarga de Skill em <Orange>{EffectParam1}</> %,,
13000011,,,,
13000012,,,,
13000013,,,,
13000014,,,,
9010103,Earth Tremor,Reduz a velocidade de movimento em <Red>{EffectParam1}</>%,Lento,
9010107,Rasgar armadura,Dano recebido de monstros aumentado em <Red>{EffectParam1}</>%,Enfraquece a Defesa,
9010108,Cena,,,
15000001,Redução do tempo de espera Skill,Reduz Recarga de Skill em <Orange>{EffectParam1}</> %,,
15000002,Movement Speed Increase,Aumenta a velocidade de movimento em <Orange>{EffectParam1}</>%,,
15000003,Aumento da precisão do chefe,Aumenta a precisão contra monstros chefes em <Orange>{EffectParam1}</>%,,
15000004,Aumento de dano do chefe,Aumenta o dano aos monstros chefes em <Orange>{EffectParam1}</>%,,
15000005,Dano Reduzido Sofrido de Chefes,Reduz o dano recebido de monstros chefes em <Orange>{EffectParam1}</>%,,
