Id,Name,Desc
2011,Subir de nível em qualquer Gudua {RequiredStackCount} vezes,Subir de nível em qualquer Gudua {RequiredStackCount} vezes
2023,Traje para subir de nível {RequiredStackCount} Vezes,Traje para subir de nível {RequiredStackCount} Vezes
2024,Aprimorar equipamento {RequiredStackCount} vezes,Aprimorar equipamento {RequiredStackCount} vezes
2025,Derrote Monstros {RequiredStackCount} na Giant's Tower,Derrote Monstros {RequiredStackCount} na Giant's Tower
20301,Alcance o nível. {RequiredStackCount},Alcance o nível. {RequiredStackCount}
20302,Alcance o nível. {RequiredStackCount},Alcance o nível. {RequiredStackCount}
20303,Lute em tempos Monolith War {RequiredStackCount},Lute em tempos Monolith War {RequiredStackCount}
20304,Limpar Trial Gates {RequiredStackCount} Vezes,Limpar Trial Gates {RequiredStackCount} Vezes
20305,Limpe o Ethereal Sanctum {RequiredStackCount} Vezes,Limpe o Ethereal Sanctum {RequiredStackCount} Vezes
20306,Concluído {RequiredStackCount} Comissões semanais,Concluído {RequiredStackCount} Comissões semanais
20307,Ganhe recompensas de contribuição de incursão {RequiredStackCount} vezes,Ganhe recompensas de contribuição de incursão {RequiredStackCount} vezes
20308,Colete {RequiredStackCount} brilhos,Colete {RequiredStackCount} brilhos
20309,Derrote monstros {RequiredStackCount} nas Forsaken Lands,Derrote monstros {RequiredStackCount} nas Forsaken Lands
20310,Doe para o seu clã {RequiredStackCount} vezes,Doe para o seu clã {RequiredStackCount} vezes
20311,Concluído {RequiredStackCount} Comissões diárias,Concluído {RequiredStackCount} Comissões diárias
20312,Tentativa de aprimoramento de equipamento {RequiredStackCount} vezes,Tentativa de aprimoramento de equipamento {RequiredStackCount} vezes
20401,Ganhe recompensas de contribuição de incursão {RequiredStackCount} vezes,Ganhe recompensas de contribuição de incursão {RequiredStackCount} vezes
20402,Alcance o nível. {RequiredStackCount},Alcance o nível. {RequiredStackCount}
20403,Limpar Rift {RequiredStackCount} Vezes,Limpar Rift {RequiredStackCount} Vezes
20404,Use 5 horas de tempo quente da Giant's Tower,Use 5 horas de tempo quente da Giant's Tower
20405,Lute em tempos Monolith War {RequiredStackCount},Lute em tempos Monolith War {RequiredStackCount}
20406,Derrote os monstros chefes {RequiredStackCount} nos Campos de Caça,Derrote os monstros chefes {RequiredStackCount} nos Campos de Caça
20407,Concluído {RequiredStackCount} Comissões diárias,Concluído {RequiredStackCount} Comissões diárias
20408,Tentativa de despertar da célula {RequiredStackCount} vezes,Tentativa de despertar da célula {RequiredStackCount} vezes
20409,Derrote monstros {RequiredStackCount} nas Forsaken Lands,Derrote monstros {RequiredStackCount} nas Forsaken Lands
20410,Limpar Arbiter’s Ordeal {RequiredStackCount} vezes,Limpar Arbiter’s Ordeal {RequiredStackCount} vezes
20411,Desmontar item {RequiredStackCount} vezes,Desmontar item {RequiredStackCount} vezes
20501,Alcance o nível. {RequiredStackCount},Alcance o nível. {RequiredStackCount}
20502,Use Tesseract {RequiredStackCount} vezes,Use Tesseract {RequiredStackCount} vezes
20503,Aprimorar armadura {RequiredStackCount} vezes,Aprimorar armadura {RequiredStackCount} vezes
20504,Melhorar os acessórios {RequiredStackCount} vezes,Melhorar os acessórios {RequiredStackCount} vezes
20505,Melhore as armas {RequiredStackCount} vezes,Melhore as armas {RequiredStackCount} vezes
20506,Lute em tempos Monolith War {RequiredStackCount},Lute em tempos Monolith War {RequiredStackCount}
20507,Use 8 horas de Tempo quente da Giant's Tower,Use 8 horas de Tempo quente da Giant's Tower
20508,Ganhe recompensas de contribuição de incursão {RequiredStackCount} vezes,Ganhe recompensas de contribuição de incursão {RequiredStackCount} vezes
20509,Derrote monstros {RequiredStackCount} nas Forsaken Lands,Derrote monstros {RequiredStackCount} nas Forsaken Lands
20510,Concluído {RequiredStackCount} Comissões diárias,Concluído {RequiredStackCount} Comissões diárias
20511,Tentativa de aprimoramento de equipamento {RequiredStackCount} vezes,Tentativa de aprimoramento de equipamento {RequiredStackCount} vezes
20601,Alcance o nível. {RequiredStackCount},Alcance o nível. {RequiredStackCount}
20602,Conclua o avanço da 2ª classe,Conclua o avanço da 2ª classe
20603,Ganhe recompensas de contribuição de incursão {RequiredStackCount} vezes,Ganhe recompensas de contribuição de incursão {RequiredStackCount} vezes
20604,Use 8 horas de Tempo quente da Giant's Tower,Use 8 horas de Tempo quente da Giant's Tower
20605,Derrote os monstros chefes {RequiredStackCount} nos Campos de Caça,Derrote os monstros chefes {RequiredStackCount} nos Campos de Caça
20606,Lute em tempos Monolith War {RequiredStackCount},Lute em tempos Monolith War {RequiredStackCount}
20607,Commit PK {RequiredStackCount} vezes,Commit PK {RequiredStackCount} vezes
20608,Use Tesseract {RequiredStackCount} vezes,Use Tesseract {RequiredStackCount} vezes
20609,Limpar Rift {RequiredStackCount} Vezes,Limpar Rift {RequiredStackCount} Vezes
20610,Derrote monstros {RequiredStackCount} nas Forsaken Lands,Derrote monstros {RequiredStackCount} nas Forsaken Lands
20611,Concluído {RequiredStackCount} Projetos de pesquisa da Adventurers Alliance,Concluído {RequiredStackCount} Projetos de pesquisa da Adventurers Alliance
21001,Alcance a reputação da Blacksmiths Guild Lv. {RequiredStackCount},Alcance a reputação da Blacksmiths Guild Lv. {RequiredStackCount}
21002,Alcance Artisans Guild Reputação Lv. {RequiredStackCount},Alcance Artisans Guild Reputação Lv. {RequiredStackCount}
21003,Alcance a reputação da Blacksmiths Guild Lv. {RequiredStackCount},Alcance a reputação da Blacksmiths Guild Lv. {RequiredStackCount}
21004,Alcance Artisans Guild Reputação Lv. {RequiredStackCount},Alcance Artisans Guild Reputação Lv. {RequiredStackCount}
21005,Usar Weapon Enhancement Stone Recipe,Usar Weapon Enhancement Stone Recipe
21006,Subir de nível Gudua,Subir de nível em qualquer Gudua {RequiredStackCount} vezes
21007,Alcance a reputação da Blacksmiths Guild Lv. {RequiredStackCount},Alcance a reputação da Blacksmiths Guild Lv. {RequiredStackCount}
21008,Alcance Artisans Guild Reputação Lv. {RequiredStackCount},Alcance Artisans Guild Reputação Lv. {RequiredStackCount}
3011,Subir de nível Gudua,Subir de nível em qualquer Gudua {RequiredStackCount} vezes
3012,Insira o Trial Gate,Insira Trial Gates {RequiredStackCount} vezes
3013,Concluir Trial Gate,Limpar Trial Gates {RequiredStackCount} Vezes
3014,Traje para subir de nível,Traje para subir de nível {RequiredStackCount} Vezes
3015,Aprimorar equipamento,Aprimorar equipamento {RequiredStackCount} vezes
3016,Derrote monstros na Giant's Tower,Derrote Monstros {RequiredStackCount} na Giant's Tower
3017,Conquista de Nível,Alcance o nível. {RequiredStackCount}
3018,Conquista de Nível,Alcance o nível. {RequiredStackCount}
3019,Lute na batalha Monolith War,Lute em tempos Monolith War {RequiredStackCount}
3020,Concluir Trial Gate,Limpar Trial Gates {RequiredStackCount} Vezes
3021,Conclua o Ethereal Sanctum,Limpe o Ethereal Sanctum {RequiredStackCount} Vezes
3022,Completar comissões semanais,Concluído {RequiredStackCount} Comissões semanais
3023,Ganhe recompensas de contribuição de incursão,Ganhe recompensas de contribuição de incursão {RequiredStackCount} vezes
3024,Colete brilhos,Colete {RequiredStackCount} brilhos
3025,Derrote monstros da Forsaken Lands,Derrote monstros {RequiredStackCount} nas Forsaken Lands
3026,Doação do Clã,Doe para o seu clã {RequiredStackCount} vezes
3027,Complete comissões diárias,Concluído {RequiredStackCount} Comissões diárias
3028,Tentativa de aprimoramento de equipamento,Tentativa de aprimoramento de equipamento {RequiredStackCount} vezes
3029,Ganhe recompensas de contribuição de incursão,Ganhe recompensas de contribuição de incursão {RequiredStackCount} vezes
3030,Conquista de Nível,Alcance o nível. {RequiredStackCount}
3031,Limpar Rifts,Limpar Rift {RequiredStackCount} Vezes
3032,Use o tempo quente da Giant's Tower,Use 5 horas de tempo quente da Giant's Tower
3033,Lute na batalha Monolith War,Lute em tempos Monolith War {RequiredStackCount}
3034,Derrote os chefes do Hunting Grounds,Derrote os monstros chefes {RequiredStackCount} nos Campos de Caça
3035,Complete comissões diárias,Concluído {RequiredStackCount} Comissões diárias
3036,Tentativa de despertar da célula,Tentativa de despertar da célula {RequiredStackCount} vezes
3037,Derrote monstros da Forsaken Lands,Derrote monstros {RequiredStackCount} nas Forsaken Lands
3038,Limpar Arbiter’s Ordeal,Limpar Arbiter’s Ordeal {RequiredStackCount} vezes
3039,Desmontar item,Desmontar item {RequiredStackCount} vezes
3040,Conquista de Nível,Alcance o nível. {RequiredStackCount}
3041,Usar Tesseract,Use Tesseract {RequiredStackCount} vezes
3042,Aprimorar armadura,Aprimorar armadura {RequiredStackCount} vezes
3043,Aprimorar acessório,Melhorar os acessórios {RequiredStackCount} vezes
3044,Melhore a arma,Melhore as armas {RequiredStackCount} vezes
3045,Lute na batalha Monolith War,Lute em tempos Monolith War {RequiredStackCount}
3046,Use o tempo quente da Giant's Tower,Use 8 horas de Tempo quente da Giant's Tower
3047,Ganhe recompensas de contribuição de incursão,Ganhe recompensas de contribuição de incursão {RequiredStackCount} vezes
3048,Derrote monstros da Forsaken Lands,Derrote monstros {RequiredStackCount} nas Forsaken Lands
3049,Complete comissões diárias,Concluído {RequiredStackCount} Comissões diárias
3050,Tentativa de aprimoramento de equipamento,Tentativa de aprimoramento de equipamento {RequiredStackCount} vezes
3051,Conquista de Nível,Alcance o nível. {RequiredStackCount}
3052,Avanço de classe,Conclua o avanço da 2ª classe
3053,Ganhe recompensas de contribuição de incursão,Ganhe recompensas de contribuição de incursão {RequiredStackCount} vezes
3054,Use o tempo quente da Giant's Tower,Use 8 horas de Tempo quente da Giant's Tower
3055,Derrote os chefes do Hunting Grounds,Derrote os monstros chefes {RequiredStackCount} nos Campos de Caça
3056,Lute na batalha Monolith War,Lute em tempos Monolith War {RequiredStackCount}
3057,Commit PK,Commit PK {RequiredStackCount} vezes
3058,Usar Tesseract,Use Tesseract {RequiredStackCount} vezes
3059,Limpar Rifts,Limpar Rift {RequiredStackCount} Vezes
3060,Derrote monstros da Forsaken Lands,Derrote monstros {RequiredStackCount} nas Forsaken Lands
3061,Conclua o projeto de pesquisa da Adventurers Alliance,Concluído {RequiredStackCount} Projetos de pesquisa da Adventurers Alliance
3062,Ganhe reputação na Blacksmiths Guild,Alcance a reputação da Blacksmiths Guild Lv. {RequiredStackCount}
3063,Ganhe reputação Artisans Guild,Alcance Artisans Guild Reputação Lv. {RequiredStackCount}
3064,Ganhe reputação na Blacksmiths Guild,Alcance a reputação da Blacksmiths Guild Lv. {RequiredStackCount}
3065,Ganhe reputação Artisans Guild,Alcance Artisans Guild Reputação Lv. {RequiredStackCount}
3066,Usar itens,Usar ‘Weapon Enhancement Stone Recipe’
3067,Subir de nível Gudua,Subir de nível em qualquer Gudua {RequiredStackCount} vezes
3068,Insira o Trial Gate,Insira Trial Gates {RequiredStackCount} vezes
3069,Concluir Trial Gate,Limpar Trial Gates {RequiredStackCount} Vezes
3070,Traje para subir de nível,Traje para subir de nível {RequiredStackCount} Vezes
3071,Aprimorar equipamento,Aprimorar equipamento {RequiredStackCount} vezes
3072,Derrote monstros na Giant's Tower,Derrote Monstros {RequiredStackCount} na Giant's Tower
3073,Conquista de Nível,Alcance o nível. {RequiredStackCount}
3074,Conquista de Nível,Alcance o nível. {RequiredStackCount}
3075,Lute na batalha Monolith War,Lute em tempos Monolith War {RequiredStackCount}
3076,Concluir Trial Gate,Limpar Trial Gates {RequiredStackCount} Vezes
3077,Conclua o Ethereal Sanctum,Limpe o Ethereal Sanctum {RequiredStackCount} Vezes
3078,Completar comissões semanais,Concluído {RequiredStackCount} Comissões semanais
3079,Ganhe recompensas de contribuição de incursão,Ganhe recompensas de contribuição de incursão {RequiredStackCount} vezes
3080,Colete brilhos,Colete {RequiredStackCount} brilhos
3081,Derrote monstros da Forsaken Lands,Derrote monstros {RequiredStackCount} nas Forsaken Lands
3082,Doação do Clã,Doe para o seu clã {RequiredStackCount} vezes
3083,Complete comissões diárias,Concluído {RequiredStackCount} Comissões diárias
3084,Tentativa de aprimoramento de equipamento,Tentativa de aprimoramento de equipamento {RequiredStackCount} vezes
3085,Ganhe recompensas de contribuição de incursão,Ganhe recompensas de contribuição de incursão {RequiredStackCount} vezes
3086,Conquista de Nível,Alcance o nível. {RequiredStackCount}
3087,Limpar Rifts,Limpar Rift {RequiredStackCount} Vezes
3088,Use o tempo quente da Giant's Tower,Use 5 horas de tempo quente da Giant's Tower
3089,Lute na batalha Monolith War,Lute em tempos Monolith War {RequiredStackCount}
3090,Derrote os chefes do Hunting Grounds,Derrote os monstros chefes {RequiredStackCount} nos Campos de Caça
3091,Complete comissões diárias,Concluído {RequiredStackCount} Comissões diárias
3092,Tentativa de despertar da célula,Tentativa de despertar da célula {RequiredStackCount} vezes
3093,Derrote monstros da Forsaken Lands,Derrote monstros {RequiredStackCount} nas Forsaken Lands
3094,Limpar Arbiter’s Ordeal,Limpar Arbiter’s Ordeal {RequiredStackCount} vezes
3095,Desmontar item,Desmontar item {RequiredStackCount} vezes
3096,Conquista de Nível,Alcance o nível. {RequiredStackCount}
3097,Usar Tesseract,Use Tesseract {RequiredStackCount} vezes
3098,Aprimorar armadura,Aprimorar armadura {RequiredStackCount} vezes
3099,Aprimorar acessório,Melhorar os acessórios {RequiredStackCount} vezes
3100,Melhore a arma,Melhore as armas {RequiredStackCount} vezes
3101,Lute na batalha Monolith War,Lute em tempos Monolith War {RequiredStackCount}
3102,Use o tempo quente da Giant's Tower,Use 8 horas de Tempo quente da Giant's Tower
3103,Ganhe recompensas de contribuição de incursão,Ganhe recompensas de contribuição de incursão {RequiredStackCount} vezes
3104,Derrote monstros da Forsaken Lands,Derrote monstros {RequiredStackCount} nas Forsaken Lands
3105,Complete comissões diárias,Concluído {RequiredStackCount} Comissões diárias
3106,Tentativa de aprimoramento de equipamento,Tentativa de aprimoramento de equipamento {RequiredStackCount} vezes
3107,Conquista de Nível,Alcance o nível. {RequiredStackCount}
3108,Avançar Classes,Conclua o avanço da 2ª classe
3109,Ganhe recompensas de contribuição de incursão,Ganhe recompensas de contribuição de incursão {RequiredStackCount} vezes
3110,Use o tempo quente da Giant's Tower,Use 8 horas de Tempo quente da Giant's Tower
3111,Derrote os chefes do Hunting Grounds,Derrote os monstros chefes {RequiredStackCount} nos Campos de Caça
3112,Lute na batalha Monolith War,Lute em tempos Monolith War {RequiredStackCount}
3113,Commit PK,Commit PK {RequiredStackCount} vezes
3114,Usar Tesseract,Use Tesseract {RequiredStackCount} vezes
3115,Limpar Rifts,Limpar Rift {RequiredStackCount} Vezes
3116,Derrote monstros da Forsaken Lands,Derrote monstros {RequiredStackCount} nas Forsaken Lands
3117,Conclua o projeto de pesquisa da Adventurers Alliance,Concluído {RequiredStackCount} Projetos de pesquisa da Adventurers Alliance
3118,Ganhe reputação na Blacksmiths Guild,Alcance a reputação da Blacksmiths Guild Lv. {RequiredStackCount}
3119,Ganhe reputação Artisans Guild,Alcance Artisans Guild Reputação Lv. {RequiredStackCount}
3120,Ganhe reputação na Blacksmiths Guild,Alcance a reputação da Blacksmiths Guild Lv. {RequiredStackCount}
3121,Ganhe reputação Artisans Guild,Alcance Artisans Guild Reputação Lv. {RequiredStackCount}
3122,Usar itens,Usar ‘Weapon Enhancement Stone Recipe’
3123,Subir de nível Gudua,Subir de nível em qualquer Gudua {RequiredStackCount} vezes
3124,Insira o Trial Gate,Insira Trial Gates {RequiredStackCount} vezes
3125,Concluir Trial Gate,Limpar Trial Gates {RequiredStackCount} Vezes
3126,Traje para subir de nível,Traje para subir de nível {RequiredStackCount} Vezes
3127,Aprimorar equipamento,Aprimorar equipamento {RequiredStackCount} vezes
3128,Derrote monstros na Giant's Tower,Derrote Monstros {RequiredStackCount} na Giant's Tower
3129,Conquista de Nível,Alcance o nível. {RequiredStackCount}
3130,Conquista de Nível,Alcance o nível. {RequiredStackCount}
3131,Lute na batalha Monolith War,Lute em tempos Monolith War {RequiredStackCount}
3132,Concluir Trial Gate,Limpar Trial Gates {RequiredStackCount} Vezes
3133,Conclua o Ethereal Sanctum,Limpe o Ethereal Sanctum {RequiredStackCount} Vezes
3134,Completar comissões semanais,Concluído {RequiredStackCount} Comissões semanais
3135,Ganhe recompensas de contribuição de incursão,Ganhe recompensas de contribuição de incursão {RequiredStackCount} vezes
3136,Colete brilhos,Colete {RequiredStackCount} brilhos
3137,Derrote monstros da Forsaken Lands,Derrote monstros {RequiredStackCount} nas Forsaken Lands
3138,Doação do Clã,Doe para o seu clã {RequiredStackCount} vezes
3139,Complete comissões diárias,Concluído {RequiredStackCount} Comissões diárias
3140,Tentativa de aprimoramento de equipamento,Tentativa de aprimoramento de equipamento {RequiredStackCount} vezes
3141,Ganhe recompensas de contribuição de incursão,Ganhe recompensas de contribuição de incursão {RequiredStackCount} vezes
3142,Conquista de Nível,Alcance o nível. {RequiredStackCount}
3143,Limpar Rifts,Limpar Rift {RequiredStackCount} Vezes
3144,Use o tempo quente da Giant's Tower,Use 5 horas de tempo quente da Giant's Tower
3145,Lute na batalha Monolith War,Lute em tempos Monolith War {RequiredStackCount}
3146,Derrote os chefes do Hunting Grounds,Derrote os monstros chefes {RequiredStackCount} nos Campos de Caça
3147,Complete comissões diárias,Concluído {RequiredStackCount} Comissões diárias
3148,Tentativa de despertar da célula,Tentativa de despertar da célula {RequiredStackCount} vezes
3149,Derrote monstros da Forsaken Lands,Derrote monstros {RequiredStackCount} nas Forsaken Lands
3150,Limpar Arbiter’s Ordeal,Limpar Arbiter’s Ordeal {RequiredStackCount} vezes
3151,Desmontar item,Desmontar item {RequiredStackCount} vezes
3152,Conquista de Nível,Alcance o nível. {RequiredStackCount}
3153,Usar Tesseract,Use Tesseract {RequiredStackCount} vezes
3154,Aprimorar armadura,Aprimorar armadura {RequiredStackCount} vezes
3155,Aprimorar acessório,Melhorar os acessórios {RequiredStackCount} vezes
3156,Melhore a arma,Melhore as armas {RequiredStackCount} vezes
3157,Lute na batalha Monolith War,Lute em tempos Monolith War {RequiredStackCount}
3158,Use o tempo quente da Giant's Tower,Use 8 horas de Tempo quente da Giant's Tower
3159,Ganhe recompensas de contribuição de incursão,Ganhe recompensas de contribuição de incursão {RequiredStackCount} vezes
3160,Derrote monstros da Forsaken Lands,Derrote monstros {RequiredStackCount} nas Forsaken Lands
3161,Complete comissões diárias,Concluído {RequiredStackCount} Comissões diárias
3162,Tentativa de aprimoramento de equipamento,Tentativa de aprimoramento de equipamento {RequiredStackCount} vezes
3163,Conquista de Nível,Alcance o nível. {RequiredStackCount}
3164,Avançar Classes,Conclua o avanço da 2ª classe
3165,Ganhe recompensas de contribuição de incursão,Ganhe recompensas de contribuição de incursão {RequiredStackCount} vezes
3166,Use o tempo quente da Giant's Tower,Use 8 horas de Tempo quente da Giant's Tower
3167,Derrote os chefes do Hunting Grounds,Derrote os monstros chefes {RequiredStackCount} nos Campos de Caça
3168,Lute na batalha Monolith War,Lute em tempos Monolith War {RequiredStackCount}
3169,Commit PK,Commit PK {RequiredStackCount} vezes
3170,Usar Tesseract,Use Tesseract {RequiredStackCount} vezes
3171,Limpar Rifts,Limpar Rift {RequiredStackCount} Vezes
3172,Derrote monstros da Forsaken Lands,Derrote monstros {RequiredStackCount} nas Forsaken Lands
3173,Conclua o projeto de pesquisa da Adventurers Alliance,Concluído {RequiredStackCount} Projetos de pesquisa da Adventurers Alliance
3174,Ganhe reputação na Blacksmiths Guild,Alcance a reputação da Blacksmiths Guild Lv. {RequiredStackCount}
3175,Ganhe reputação Artisans Guild,Alcance Artisans Guild Reputação Lv. {RequiredStackCount}
3176,Ganhe reputação na Blacksmiths Guild,Alcance a reputação da Blacksmiths Guild Lv. {RequiredStackCount}
3177,Ganhe reputação Artisans Guild,Alcance Artisans Guild Reputação Lv. {RequiredStackCount}
3178,Usar itens,Usar ‘Weapon Enhancement Stone Recipe’
4011,Subir de nível Gudua,Subir de nível em qualquer Gudua {RequiredStackCount} vezes
4012,Insira o Trial Gate,Insira Trial Gates {RequiredStackCount} vezes
4013,Concluir Trial Gate,Limpar Trial Gates {RequiredStackCount} Vezes
4014,Traje para subir de nível,Traje para subir de nível {RequiredStackCount} Vezes
4015,Aprimorar equipamento,Aprimorar equipamento {RequiredStackCount} vezes
4016,Derrote monstros na Giant's Tower,Derrote Monstros {RequiredStackCount} na Giant's Tower
4017,Conquista de Nível,Alcance o nível. {RequiredStackCount}
4018,Conquista de Nível,Alcance o nível. {RequiredStackCount}
4019,Lute na batalha Monolith War,Lute em tempos Monolith War {RequiredStackCount}
4020,Concluir Trial Gate,Limpar Trial Gates {RequiredStackCount} Vezes
4021,Conclua o Ethereal Sanctum,Limpe o Ethereal Sanctum {RequiredStackCount} Vezes
4022,Completar comissões semanais,Concluído {RequiredStackCount} Comissões semanais
4023,Ganhe recompensas de contribuição de incursão,Ganhe recompensas de contribuição de incursão {RequiredStackCount} vezes
4024,Colete brilhos,Colete {RequiredStackCount} brilhos
4025,Derrote monstros da Forsaken Lands,Derrote monstros {RequiredStackCount} nas Forsaken Lands
4026,Doação do Clã,Doe para o seu clã {RequiredStackCount} vezes
4027,Complete comissões diárias,Concluído {RequiredStackCount} Comissões diárias
4028,Tentativa de aprimoramento de equipamento,Tentativa de aprimoramento de equipamento {RequiredStackCount} vezes
4029,Ganhe recompensas de contribuição de incursão,Ganhe recompensas de contribuição de incursão {RequiredStackCount} vezes
4030,Conquista de Nível,Alcance o nível. {RequiredStackCount}
4031,Limpar Rifts,Limpar Rift {RequiredStackCount} Vezes
4032,Use o tempo quente da Giant's Tower,Use 5 horas de tempo quente da Giant's Tower
4033,Lute na batalha Monolith War,Lute em tempos Monolith War {RequiredStackCount}
4034,Derrote os chefes do Hunting Grounds,Derrote os monstros chefes {RequiredStackCount} nos Campos de Caça
4035,Complete comissões diárias,Concluído {RequiredStackCount} Comissões diárias
4036,Tentativa de despertar da célula,Tentativa de despertar da célula {RequiredStackCount} vezes
4037,Derrote monstros da Forsaken Lands,Derrote monstros {RequiredStackCount} nas Forsaken Lands
4038,Limpar Arbiter’s Ordeal,Limpar Arbiter’s Ordeal {RequiredStackCount} vezes
4039,Desmontar item,Desmontar item {RequiredStackCount} vezes
4040,Conquista de Nível,Alcance o nível. {RequiredStackCount}
4041,Usar Tesseract,Use Tesseract {RequiredStackCount} vezes
4042,Aprimorar armadura,Aprimorar armadura {RequiredStackCount} vezes
4067,Subir de nível Gudua,Subir de nível em qualquer Gudua {RequiredStackCount} vezes
4068,Insira o Trial Gate,Insira Trial Gates {RequiredStackCount} vezes
4069,Concluir Trial Gate,Limpar Trial Gates {RequiredStackCount} Vezes
4070,Traje para subir de nível,Traje para subir de nível {RequiredStackCount} Vezes
4071,Aprimorar equipamento,Aprimorar equipamento {RequiredStackCount} vezes
4072,Derrote monstros na Giant's Tower,Derrote Monstros {RequiredStackCount} na Giant's Tower
4073,Conquista de Nível,Alcance o nível. {RequiredStackCount}
4074,Conquista de Nível,Alcance o nível. {RequiredStackCount}
4075,Lute na batalha Monolith War,Lute em tempos Monolith War {RequiredStackCount}
4076,Concluir Trial Gate,Limpar Trial Gates {RequiredStackCount} Vezes
4077,Conclua o Ethereal Sanctum,Limpe o Ethereal Sanctum {RequiredStackCount} Vezes
4078,Completar comissões semanais,Concluído {RequiredStackCount} Comissões semanais
4079,Ganhe recompensas de contribuição de incursão,Ganhe recompensas de contribuição de incursão {RequiredStackCount} vezes
4080,Colete brilhos,Colete {RequiredStackCount} brilhos
4081,Derrote monstros da Forsaken Lands,Derrote monstros {RequiredStackCount} nas Forsaken Lands
4082,Doação do Clã,Doe para o seu clã {RequiredStackCount} vezes
4083,Complete comissões diárias,Concluído {RequiredStackCount} Comissões diárias
4084,Tentativa de aprimoramento de equipamento,Tentativa de aprimoramento de equipamento {RequiredStackCount} vezes
4085,Ganhe recompensas de contribuição de incursão,Ganhe recompensas de contribuição de incursão {RequiredStackCount} vezes
4086,Conquista de Nível,Alcance o nível. {RequiredStackCount}
4087,Limpar Rifts,Limpar Rift {RequiredStackCount} Vezes
4088,Use o tempo quente da Giant's Tower,Use 5 horas de tempo quente da Giant's Tower
4089,Lute na batalha Monolith War,Lute em tempos Monolith War {RequiredStackCount}
4090,Derrote os chefes do Hunting Grounds,Derrote os monstros chefes {RequiredStackCount} nos Campos de Caça
4091,Complete comissões diárias,Concluído {RequiredStackCount} Comissões diárias
4092,Tentativa de despertar da célula,Tentativa de despertar da célula {RequiredStackCount} vezes
4093,Derrote monstros da Forsaken Lands,Derrote monstros {RequiredStackCount} nas Forsaken Lands
4094,Limpar Arbiter’s Ordeal,Limpar Arbiter’s Ordeal {RequiredStackCount} vezes
4095,Desmontar item,Desmontar item {RequiredStackCount} vezes
4096,Conquista de Nível,Alcance o nível. {RequiredStackCount}
4097,Usar Tesseract,Use Tesseract {RequiredStackCount} vezes
4098,Aprimorar armadura,Aprimorar armadura {RequiredStackCount} vezes
4123,Subir de nível Gudua,Subir de nível em qualquer Gudua {RequiredStackCount} vezes
4124,Insira o Trial Gate,Insira Trial Gates {RequiredStackCount} vezes
4125,Concluir Trial Gate,Limpar Trial Gates {RequiredStackCount} Vezes
4126,Traje para subir de nível,Traje para subir de nível {RequiredStackCount} Vezes
4127,Aprimorar equipamento,Aprimorar equipamento {RequiredStackCount} vezes
4128,Derrote monstros na Giant's Tower,Derrote Monstros {RequiredStackCount} na Giant's Tower
4129,Conquista de Nível,Alcance o nível. {RequiredStackCount}
4130,Conquista de Nível,Alcance o nível. {RequiredStackCount}
4131,Lute na batalha Monolith War,Lute em tempos Monolith War {RequiredStackCount}
4132,Concluir Trial Gate,Limpar Trial Gates {RequiredStackCount} Vezes
4133,Conclua o Ethereal Sanctum,Limpe o Ethereal Sanctum {RequiredStackCount} Vezes
4134,Completar comissões semanais,Concluído {RequiredStackCount} Comissões semanais
4135,Ganhe recompensas de contribuição de incursão,Ganhe recompensas de contribuição de incursão {RequiredStackCount} vezes
4136,Colete brilhos,Colete {RequiredStackCount} brilhos
4137,Derrote monstros da Forsaken Lands,Derrote monstros {RequiredStackCount} nas Forsaken Lands
4138,Doação do Clã,Doe para o seu clã {RequiredStackCount} vezes
4139,Complete comissões diárias,Concluído {RequiredStackCount} Comissões diárias
4140,Tentativa de aprimoramento de equipamento,Tentativa de aprimoramento de equipamento {RequiredStackCount} vezes
4141,Ganhe recompensas de contribuição de incursão,Ganhe recompensas de contribuição de incursão {RequiredStackCount} vezes
4142,Conquista de Nível,Alcance o nível. {RequiredStackCount}
4143,Limpar Rifts,Limpar Rift {RequiredStackCount} Vezes
4144,Use o tempo quente da Giant's Tower,Use 5 horas de tempo quente da Giant's Tower
4145,Lute na batalha Monolith War,Lute em tempos Monolith War {RequiredStackCount}
4146,Derrote os chefes do Hunting Grounds,Derrote os monstros chefes {RequiredStackCount} nos Campos de Caça
4147,Complete comissões diárias,Concluído {RequiredStackCount} Comissões diárias
4148,Tentativa de despertar da célula,Tentativa de despertar da célula {RequiredStackCount} vezes
4149,Derrote monstros da Forsaken Lands,Derrote monstros {RequiredStackCount} nas Forsaken Lands
4150,Limpar Arbiter’s Ordeal,Limpar Arbiter’s Ordeal {RequiredStackCount} vezes
4151,Desmontar item,Desmontar item {RequiredStackCount} vezes
4152,Conquista de Nível,Alcance o nível. {RequiredStackCount}
4153,Usar Tesseract,Use Tesseract {RequiredStackCount} vezes
4154,Aprimorar armadura,Aprimorar armadura {RequiredStackCount} vezes
1011001,Traje para subir de nível,Traje para subir de nível {RequiredStackCount} vezes
1011002,Equipar Spellstones,Equipar Spellstones {RequiredStackCount} vezes
1011003,Usar tickets de expansão de slot de inventário,Usar tickets de expansão de slot de inventário {RequiredStackCount} vezes
1011004,Desmontar equipamento,Desmontar equipamento {RequiredStackCount} vezes
1011005,Assistência com Adventurers Alliance Research,Concluído {RequiredStackCount} Projetos de pesquisa da Adventurers Alliance
1011006,Crie Pedras de Aprimoramento de Arma,Crie Pedras de Aprimoramento de Arma {RequiredStackCount} vezes
1011007,Limpar Guia,Limpar Estágio do Guia {RequiredStackCount}
1011008,Doe para a Adventurers Alliance,Doe para a Adventurers Alliance {RequiredStackCount} vezes
1011009,Limpar comissões diárias,Limpar {RequiredStackCount} Comissões Diárias
1011010,Participe de Incursões,Participe de incursões {RequiredStackCount} vezes
1011011,Participe da Grande Incursão,Participe de Grandes Incursões {RequiredStackCount} vezes
1011012,Avançando uma Classe,Alcançar Avanço de 1ª Classe
1011013,Tentativa de aprimoramento de equipamento,Tentativa de aprimoramento de arma/sub-arma
1011014,Tentativa de aprimoramento de equipamento,Tentativa de aprimoramento de armadura
1011015,Melhorar equipamento com sucesso,Aprimorar com sucesso uma arma/sub-arma para +{RequiredStackCount}
1011016,Melhorar equipamento com sucesso,Aprimorar com sucesso uma peça de armadura para +{RequiredStackCount}
1011017,Limpar Rifts,Limpar Rifts {RequiredStackCount} vezes
1011018,Núcleos de infusão artesanal,Criar {RequiredStackCount} Núcleos de infusão
1011019,Limpar Guia,Limpar Estágio do Guia {RequiredStackCount}
1011020,Aumentar a reputação da Adventurers Alliance,Aumentar a reputação com a Adventurers Alliance para {RequiredStackCount} ou superior
1011021,Obtenha ouro,Obtenha ouro {RequiredStackCount}
1011022,Limpar Arbiter’s Ordeal,Receba recompensas após limpar Arbiter’s Ordeal {RequiredStackCount} vezes
1011023,Participe da Grande Incursão,Participe de Grandes Incursões {RequiredStackCount} vezes
1011024,Limpar Grandes Incursões,Limpar {RequiredStackCount} Grandes Incursões
1012001,Por Combat Power,Alcance o poder de combate {RequiredStackCount}
1012002,Por Combat Power,Alcance o poder de combate {RequiredStackCount}
1012003,Por Combat Power,Alcance o poder de combate {RequiredStackCount}
1012004,Por Combat Power,Alcance o poder de combate {RequiredStackCount}
1012005,Aventura diária,Login {RequiredStackCount} vezes no total
1012006,Aventura diária,Login {RequiredStackCount} vezes no total
1012007,Aventura diária,Login {RequiredStackCount} vezes no total
1012008,Aventura diária,Login {RequiredStackCount} vezes no total
1012009,Aventura diária,Login {RequiredStackCount} vezes no total
1012010,Aventura diária,Login {RequiredStackCount} vezes no total
1012011,Aventura diária,Login {RequiredStackCount} vezes no total
1012012,Aventura diária,Login {RequiredStackCount} vezes no total
1013001,Desmontar {RequiredStackCount} equipamento de 1 estrela,Desmontar {RequiredStackCount} equipamento de 1 estrela
1013002,Desmontar {RequiredStackCount} equipamento de 2 estrelas,Desmontar {RequiredStackCount} equipamento de 2 estrelas
1013003,Desmontar {RequiredStackCount} equipamento de 3 estrelas,Desmontar {RequiredStackCount} equipamento de 3 estrelas
1013004,Usar elementos de animação {RequiredStackCount},Usar elementos de animação {RequiredStackCount}
1013005,Usar {RequiredStackCount} Anima Essence,Usar {RequiredStackCount} Anima Essence
1013006,Use {RequiredStackCount} Núcleos de animação,Use {RequiredStackCount} Núcleos de animação
1013007,Use {RequiredStackCount} Núcleos de animação,Use {RequiredStackCount} Núcleos de animação
1013008,Use {RequiredStackCount} Núcleos de animação,Use {RequiredStackCount} Núcleos de animação
1014001,Parar {RequiredStackCount} Incursões de tempestade,Parar {RequiredStackCount} Incursões de tempestade
1014002,Parar {RequiredStackCount} Incursões de chamas,Parar {RequiredStackCount} Incursões de chamas
1014003,Parar {RequiredStackCount} Incursões de trovões,Parar {RequiredStackCount} Incursões de trovões
1014004,Participe da Grande Incursão {RequiredStackCount} Vezes,Participe da Grande Incursão {RequiredStackCount} Vezes
1014005,Participe da Grande Incursão {RequiredStackCount} Vezes,Participe da Grande Incursão {RequiredStackCount} Vezes
1014006,Participe da Grande Incursão {RequiredStackCount} Vezes,Participe da Grande Incursão {RequiredStackCount} Vezes
1014007,Derrote {RequiredStackCount} Monstros de Incursão ou Grande Incursão,Derrote {RequiredStackCount} Monstros de Incursão ou Grande Incursão
1014008,Derrote {RequiredStackCount} Monstros de Incursão ou Grande Incursão,Derrote {RequiredStackCount} Monstros de Incursão ou Grande Incursão
1014009,Use máquinas de venda automática {RequiredStackCount} vezes,Use máquinas de venda automática {RequiredStackCount} vezes
1014010,Use máquinas de venda automática {RequiredStackCount} vezes,Use máquinas de venda automática {RequiredStackCount} vezes
1015001,Junte-se a um Clã,Junte-se a um Clã
1015002,Faça check-in com seu clã {RequiredStackCount} vezes,Faça check-in com seu clã {RequiredStackCount} vezes
1015003,Faça check-in com seu clã {RequiredStackCount} vezes,Faça check-in com seu clã {RequiredStackCount} vezes
1015004,Faça check-in com seu clã {RequiredStackCount} vezes,Faça check-in com seu clã {RequiredStackCount} vezes
1015005,Doe para o seu clã {RequiredStackCount} vezes,Doe para o seu clã {RequiredStackCount} vezes
1015006,Doe para o seu clã {RequiredStackCount} vezes,Doe para o seu clã {RequiredStackCount} vezes
1015007,Doe para o seu clã {RequiredStackCount} vezes,Doe para o seu clã {RequiredStackCount} vezes
1015008,Doe para o seu clã {RequiredStackCount} vezes,Doe para o seu clã {RequiredStackCount} vezes
1015009,"Compre no Ancient Coin Shop 
{RequiredStackCount} vezes","Compre no Ancient Coin Shop 
{RequiredStackCount} vezes"
1015010,"Usar
{RequiredStackCount} Moedas antigas","Usar
{RequiredStackCount} Moedas antigas"
1016101,Conquiste Santuários Etéreos,Receba troféus {RequiredStackCount} no total de Ethereal Sanctums
1016102,Conquiste Trial Gates,Receba troféus {RequiredStackCount} no total de Trial Gates
1016103,Registro de Giant,Descubra {RequiredStackCount} Giant’s Remnants
1016104,Tesouro Antigo,Descubra os Treasure Chests de {RequiredStackCount}
1016201,Conquiste Santuários Etéreos,Receba troféus {RequiredStackCount} no total de Ethereal Sanctums
1016202,Conquiste Trial Gates,Receba troféus {RequiredStackCount} no total de Trial Gates
1016203,Registro de Giant,Descubra {RequiredStackCount} Giant’s Remnants
1016204,Tesouro Antigo,Descubra os Treasure Chests de {RequiredStackCount}
1016301,Conquiste Santuários Etéreos,Receba troféus {RequiredStackCount} no total de Ethereal Sanctums
1016302,Conquiste Trial Gates,Receba troféus {RequiredStackCount} no total de Trial Gates
1016303,Registro de Giant,Descubra {RequiredStackCount} Giant’s Remnants
1016304,Tesouro Antigo,Descubra os Treasure Chests de {RequiredStackCount}
1016401,Conquiste Santuários Etéreos,Receba troféus {RequiredStackCount} no total de Ethereal Sanctums
1016402,Conquiste Trial Gates,Receba troféus {RequiredStackCount} no total de Trial Gates
1016403,Registro de Giant,Descubra {RequiredStackCount} Giant’s Remnants
1016404,Tesouro Antigo,Descubra os Treasure Chests de {RequiredStackCount}
1017101,Conquista de Nível,Alcance o nível. {RequiredStackCount}
1017102,Descubra a Incursão,Participe de Incursões {RequiredStackCount} Vezes
1017103,Novo Skills,Comprar itens na Skillbook Shop {RequiredStackCount} vezes
1017104,Skill Nível,Nível de subida Skills {RequiredStackCount} vezes
1017105,Observatório,Ativar {RequiredStackCount} Observatórios
1017106,Monstro Hunter,Derrote Monstros {RequiredStackCount}
1017201,Conquista de Nível,Alcance o personagem Lv.{RequiredStackCount}
1017202,Fabricar Armor Enhancement Stone,Crie pedras de aprimoramento de armadura {RequiredStackCount} vezes
1017203,Fabricar Weapon Enhancement Stone,Crie Pedras de Aprimoramento de Arma {RequiredStackCount} vezes
1017204,Tentativa de aprimoramento de equipamento,Tentativa de aprimoramento de equipamento {RequiredStackCount} vezes
1017205,Equipamento de artesanato,Equipamento de artesanato {RequiredStackCount} vezes
1017206,Monstro Hunter,Derrote Monstros {RequiredStackCount}
1017301,Conquista de Nível,Alcance o personagem Lv.{RequiredStackCount}
1017302,Arbiter’s Ordeal,Limpar Arbiter’s Ordeal {RequiredStackCount} vezes
1017303,Desmontar equipamento,Desmontar equipamento {RequiredStackCount} vezes
1017304,Prosseguir com o despertar,Tentativa de desbloquear e despertar {RequiredStackCount} vezes
1017305,Chefe de campo,Derrote chefes de campo {RequiredStackCount} vezes
1017306,Monstro Hunter,Derrote Monstros {RequiredStackCount}
1017401,Conquista de Nível,Alcance o personagem Lv.{RequiredStackCount}
1017402,The Vitalizing Sanctum,Grave o Santuário Vitalizante {RequiredStackCount} vezes
1017403,Gastar Ouro,Gaste {RequiredStackCount}Gold
1017404,Grande Incursão,Participe da Grande Incursão {RequiredStackCount} vezes
1017405,Tempo Quente da Giant's Tower,Use 8 horas de tempo quente da Giant's Tower
1017406,Stardust,Use {RequiredStackCount} Stardust
5001001,Usar elementos de animação {RequiredStackCount},Usar elementos de animação {RequiredStackCount}
5001002,Usar elementos de animação {RequiredStackCount},Usar elementos de animação {RequiredStackCount}
5001003,Usar elementos de animação {RequiredStackCount},Usar elementos de animação {RequiredStackCount}
5001004,Usar elementos de animação {RequiredStackCount},Usar elementos de animação {RequiredStackCount}
5001005,Usar elementos de animação {RequiredStackCount},Usar elementos de animação {RequiredStackCount}
5001006,Usar elementos de animação {RequiredStackCount},Usar elementos de animação {RequiredStackCount}
6011,Subir de nível Gudua,Subir de nível em qualquer Gudua {RequiredStackCount} vezes
6012,Insira o Trial Gate,Insira Trial Gates {RequiredStackCount} vezes
6013,Concluir Trial Gate,Limpar Trial Gates {RequiredStackCount} Vezes
6014,Traje para subir de nível,Traje para subir de nível {RequiredStackCount} Vezes
6015,Lute na batalha Monolith War,Lute em tempos Monolith War {RequiredStackCount}
6016,Concluir Trial Gate,Limpar Trial Gates {RequiredStackCount} Vezes
6017,Conclua o Ethereal Sanctum,Limpe o Ethereal Sanctum {RequiredStackCount} Vezes
6018,Completar comissões semanais,Concluído {RequiredStackCount} Comissões semanais
6019,Complete comissões diárias,Concluído {RequiredStackCount} Comissões diárias
6020,Tentativa de aprimoramento de equipamento,Tentativa de aprimoramento de equipamento {RequiredStackCount} vezes
6021,Ganhe recompensas de contribuição de incursão,Ganhe recompensas de contribuição de incursão {RequiredStackCount} vezes
6022,Conquista de Nível,Alcance o nível. {RequiredStackCount}
6023,Complete comissões diárias,Concluído {RequiredStackCount} Comissões diárias
6024,Tentativa de despertar da célula,Tentativa de despertar da célula {RequiredStackCount} vezes
6025,Derrote monstros da Forsaken Lands,Derrote monstros {RequiredStackCount} nas Forsaken Lands
6026,Limpar Arbiter’s Ordeal,Limpar Arbiter’s Ordeal {RequiredStackCount} vezes
6027,Aprimorar acessório,Melhorar os acessórios {RequiredStackCount} vezes
6028,Melhore a arma,Melhore as armas {RequiredStackCount} vezes
6029,Lute na batalha Monolith War,Lute em tempos Monolith War {RequiredStackCount}
6030,Use o tempo quente da Giant's Tower,Use 8 horas de Tempo quente da Giant's Tower
6031,Conquista de Nível,Alcance o nível. {RequiredStackCount}
6032,Avanço de classe,Conclua o avanço da 2ª classe
6033,Ganhe recompensas de contribuição de incursão,Ganhe recompensas de contribuição de incursão {RequiredStackCount} vezes
6034,Use o tempo quente da Giant's Tower,Use 8 horas de Tempo quente da Giant's Tower
6035,Derrote os chefes do Hunting Grounds,Derrote os monstros chefes {RequiredStackCount} nos Campos de Caça
6036,Lute na batalha Monolith War,Lute em tempos Monolith War {RequiredStackCount}
6037,Commit PK,Commit PK {RequiredStackCount} vezes
6038,Usar Tesseract,Use Tesseract {RequiredStackCount} vezes
6039,Limpar Rifts,Limpar Rift {RequiredStackCount} Vezes
6040,Derrote monstros da Forsaken Lands,Derrote monstros {RequiredStackCount} nas Forsaken Lands
6041,Conclua o projeto de pesquisa da Adventurers Alliance,Concluído {RequiredStackCount} Projetos de pesquisa da Adventurers Alliance
6042,Ganhe reputação na Blacksmiths Guild,Alcance a reputação da Blacksmiths Guild Lv. {RequiredStackCount}
6043,Ganhe reputação Artisans Guild,Alcance Artisans Guild Reputação Lv. {RequiredStackCount}
6044,Ganhe reputação na Blacksmiths Guild,Alcance a reputação da Blacksmiths Guild Lv. {RequiredStackCount}
6045,Ganhe reputação Artisans Guild,Alcance Artisans Guild Reputação Lv. {RequiredStackCount}
6046,Usar itens,Usar ‘Weapon Enhancement Stone Recipe’
7011,Subir de nível Gudua,Subir de nível em qualquer Gudua {RequiredStackCount} vezes
7012,Insira o Trial Gate,Insira Trial Gates {RequiredStackCount} vezes
7013,Concluir Trial Gate,Limpar Trial Gates {RequiredStackCount} Vezes
7014,Traje para subir de nível,Traje para subir de nível {RequiredStackCount} Vezes
7015,Lute na batalha Monolith War,Lute em tempos Monolith War {RequiredStackCount}
7016,Concluir Trial Gate,Limpar Trial Gates {RequiredStackCount} Vezes
7017,Conclua o Ethereal Sanctum,Limpe o Ethereal Sanctum {RequiredStackCount} Vezes
7018,Completar comissões semanais,Concluído {RequiredStackCount} Comissões semanais
7019,Complete comissões diárias,Concluído {RequiredStackCount} Comissões diárias
7020,Tentativa de aprimoramento de equipamento,Tentativa de aprimoramento de equipamento {RequiredStackCount} vezes
7021,Ganhe recompensas de contribuição de incursão,Ganhe recompensas de contribuição de incursão {RequiredStackCount} vezes
7022,Conquista de Nível,Alcance o nível. {RequiredStackCount}
7023,Complete comissões diárias,Concluído {RequiredStackCount} Comissões diárias
7024,Tentativa de despertar da célula,Tentativa de despertar da célula {RequiredStackCount} vezes
7025,Derrote monstros da Forsaken Lands,Derrote monstros {RequiredStackCount} nas Forsaken Lands
7026,Limpar Arbiter’s Ordeal,Limpar Arbiter’s Ordeal {RequiredStackCount} vezes
8011,Tentativa de aprimoramento de equipamento,Tentativa de aprimoramento de equipamento {RequiredStackCount} vezes
101801,Use pedras de aprimoramento de armas,Use {RequiredStackCount} Pedras de aprimoramento de arma
101802,Use pedras de aprimoramento de armas,Use {RequiredStackCount} Pedras de aprimoramento de arma
101803,Use Pedras de Aprimoramento de Armadura,Use {RequiredStackCount} Pedras de Aprimoramento de Armadura
101804,Use Pedras de Aprimoramento de Armadura,Use {RequiredStackCount} Pedras de Aprimoramento de Armadura
101805,Aprimorar com sucesso a arma/equipamento secundário,Aprimorar com sucesso a arma/equipamento secundário para +{RequiredStackCount}
101806,Melhorar armadura com sucesso,Melhorar armadura com sucesso para +{RequiredStackCount}
101807,Use pedras de aprimoramento de armas,Use {RequiredStackCount} Pedras de aprimoramento de arma
101808,Use pedras de aprimoramento de armas,Use {RequiredStackCount} Pedras de aprimoramento de arma
101809,Use Pedras de Aprimoramento de Armadura,Use {RequiredStackCount} Pedras de Aprimoramento de Armadura
101810,Use Pedras de Aprimoramento de Armadura,Use {RequiredStackCount} Pedras de Aprimoramento de Armadura
101811,Aprimorar com sucesso a arma/equipamento secundário,Aprimorar com sucesso a arma/equipamento secundário para +{RequiredStackCount}
101812,Melhorar armadura com sucesso,Melhorar armadura com sucesso para +{RequiredStackCount}
101813,Use pedras de aprimoramento de armas,Use {RequiredStackCount} Pedras de aprimoramento de arma
101814,Use Pedras de Aprimoramento de Armadura,Use {RequiredStackCount} Pedras de Aprimoramento de Armadura
101815,Use Pedras de Aprimoramento de Acessórios,Use {RequiredStackCount} Pedras de Aprimoramento de Acessórios
101816,Aprimorar com sucesso a arma/equipamento secundário,Aprimorar com sucesso a arma/equipamento secundário para +{RequiredStackCount}
101817,Melhorar armadura com sucesso,Melhorar armadura com sucesso para +{RequiredStackCount}
101818,Aprimorar com sucesso o acessório,Aprimorar com sucesso o acessório para +{RequiredStackCount}
101819,Use pedras de aprimoramento de armas,Use {RequiredStackCount} Pedras de aprimoramento de arma
101820,Use Pedras de Aprimoramento de Armadura,Use {RequiredStackCount} Pedras de Aprimoramento de Armadura
101821,Use Pedras de Aprimoramento de Acessórios,Use {RequiredStackCount} Pedras de Aprimoramento de Acessórios
101822,Aprimorar com sucesso a arma/equipamento secundário,Aprimorar com sucesso a arma/equipamento secundário para +{RequiredStackCount}
101823,Melhorar armadura com sucesso,Melhorar armadura com sucesso para +{RequiredStackCount}
101824,Aprimorar com sucesso o acessório,Aprimorar com sucesso o acessório para +{RequiredStackCount}
10190,Use {RequiredStackCount} Rift Seals em Rifts,Use {RequiredStackCount} Rift Seals em Rifts
10191,Use {RequiredStackCount} Rift Seals em Rifts,Use {RequiredStackCount} Rift Seals em Rifts
10192,Use {RequiredStackCount} Rift Seals em Rifts,Use {RequiredStackCount} Rift Seals em Rifts
10193,Use {RequiredStackCount} Rift Seals em Rifts,Use {RequiredStackCount} Rift Seals em Rifts
10194,Use {RequiredStackCount} Rift Seals em Rifts,Use {RequiredStackCount} Rift Seals em Rifts
10195,Use {RequiredStackCount} Rift Seals em Rifts,Use {RequiredStackCount} Rift Seals em Rifts
9011101,Hearty Baba Bread,Use {RequiredStackCount} Baba Bread
9011102,Sweet Baba Crackers,Use {RequiredStackCount} Baba Crackers
9011103,UlTaimate Baba Liquor,Usar {RequiredStackCount} Baba Liquor
9011104,Artesanato Elixires,Elixires de artesanato {RequiredStackCount} vezes
9011105,Equipamento de artesanato,Equipamento de artesanato {RequiredStackCount} vezes
9011106,Monstro Hunter,Derrote Monstros {RequiredStackCount}
9011107,Grande Incursão,Participe da Grande Incursão {RequiredStackCount} vezes
9011201,Hearty Baba Bread,Use {RequiredStackCount} Baba Bread
9011202,Sweet Baba Crackers,Use {RequiredStackCount} Baba Crackers
9011203,UlTaimate Baba Liquor,Usar {RequiredStackCount} Baba Liquor
9011204,Núcleos de infusão artesanal,Criar {RequiredStackCount} Núcleos de infusão
9011205,Incursão,Participe de incursões {RequiredStackCount} vezes
9011206,Purifique a Giant's Tower,Derrote {RequiredStackCount} Monstros na Giant's Tower
9011207,Grande Incursão,Participe da Grande Incursão {RequiredStackCount} vezes
9011301,Hearty Baba Bread,Use {RequiredStackCount} Baba Bread
9011302,Sweet Baba Crackers,Use {RequiredStackCount} Baba Crackers
9011303,UlTaimate Baba Liquor,Usar {RequiredStackCount} Baba Liquor
9011304,Criar Pedras Mágicas,Criar Pedras Mágicas {RequiredStackCount} vezes
9011305,Memorite,Consumir memórias {RequiredStackCount}
9011306,Purifique a Forsaken Land,Derrote {RequiredStackCount} Monstros na Forsaken Land
9011307,Grande Incursão,Participe da Grande Incursão {RequiredStackCount} vezes
9011308,Gastar Ouro,Gaste {RequiredStackCount}Gold
9011309,Tentativa de aprimoramento de equipamento,Tentativa de aprimoramento de equipamento {RequiredStackCount} vezes
9011310,Limpar Rifts,Limpar Rifts {RequiredStackCount} vezes
9011401,Hearty Baba Bread,Use {RequiredStackCount} Baba Bread
9011402,Sweet Baba Crackers,Use {RequiredStackCount} Baba Crackers
9011403,UlTaimate Baba Liquor,Usar {RequiredStackCount} Baba Liquor
9011404,Planador artesanal,Planadores artesanais {RequiredStackCount} vezes
9011405,Crie equipamento de 3 estrelas,Crie equipamento de 3 estrelas {RequiredStackCount} vezes
9011406,Monstro Hunter,Derrote Monstros {RequiredStackCount}
9011407,Grande Incursão,Participe da Grande Incursão {RequiredStackCount} vezes
9011408,Prosseguir com o despertar,tentativa de desbloqueio {RequiredStackCount} vezes
9011409,Desmontar item,Desmontar item {RequiredStackCount} vezes
9011410,Arbiter’s Ordeal,Limpar Arbiter’s Ordeal {RequiredStackCount} vezes
1020101,Aumentar o nível,Alcance o personagem Lv.{RequiredStackCount}
1020102,Aumentar o nível,Alcance o personagem Lv.{RequiredStackCount}
1020103,Aumentar o nível,Alcance o personagem Lv.{RequiredStackCount}
1020104,Aumentar o nível,Alcance o personagem Lv.{RequiredStackCount}
1020105,Aumentar o nível,Alcance o personagem Lv.{RequiredStackCount}
1020106,Aumentar o nível,Alcance o personagem Lv.{RequiredStackCount}
1020107,Aumentar o nível,Alcance o personagem Lv.{RequiredStackCount}
1020108,Aumentar o nível,Alcance o personagem Lv.{RequiredStackCount}
1020109,Aumentar o nível,Alcance o personagem Lv.{RequiredStackCount}
1020110,Aumentar o nível,Alcance o personagem Lv.{RequiredStackCount}
1020111,Aumentar o nível,Alcance o personagem Lv.{RequiredStackCount}
1020112,Derrote o Monstro Chefe,Derrote Black Reaper Karugura
1020113,Aumentar o nível,Alcance o personagem Lv.{RequiredStackCount}
1020114,Aumentar o nível,Alcance o personagem Lv.{RequiredStackCount}
1020115,Aumentar o nível,Alcance o personagem Lv.{RequiredStackCount}
1020116,Aumentar o nível,Alcance o personagem Lv.{RequiredStackCount}
1020117,Aumentar o nível,Alcance o personagem Lv.{RequiredStackCount}
1020118,Parar a grande incursão,Limpar {RequiredStackCount} Grandes Incursões
1020119,Aumentar o nível,Alcance o personagem Lv.{RequiredStackCount}
1020120,Aumentar o nível,Alcance o personagem Lv.{RequiredStackCount}
1020121,Aumentar o nível,Alcance o personagem Lv.{RequiredStackCount}
1020122,Aumentar o nível,Alcance o personagem Lv.{RequiredStackCount}
1020123,Aumentar o nível,Alcance o personagem Lv.{RequiredStackCount}
1020124,Aumentar o nível,Alcance o personagem Lv.{RequiredStackCount}
1021101,Participe da Grande Incursão,Participe da Grande Incursão {RequiredStackCount} vezes
1021102,Participe de Incursões,Participe de incursões {RequiredStackCount} vezes
1021103,Use o tempo quente da Giant's Tower,Use 4 horas de tempo quente da Giant's Tower
1021104,Derrote Monstros,Derrote Monstros {RequiredStackCount}
1021105,Use tokens Giant’s Vending Machine,Use Giant’s Vending Machine {RequiredStackCount} vezes
1021106,Consumir Rift Seal,Use {RequiredStackCount} Rift Seals em Rifts
1021107,Participe da Grande Incursão,Participe da Grande Incursão {RequiredStackCount} vezes
1021108,Participe de Incursões,Participe de incursões {RequiredStackCount} vezes
1021109,Use o tempo quente da Giant's Tower,Use 8 horas de Tempo quente da Giant's Tower
1021110,Derrote Monstros,Derrote Monstros {RequiredStackCount}
1021111,Use tokens Giant’s Vending Machine,Use Giant’s Vending Machine {RequiredStackCount} vezes
1021112,Consumir Rift Seal,Use {RequiredStackCount} Rift Seals em Rifts
1021113,Participe da Grande Incursão,Participe da Grande Incursão {RequiredStackCount} vezes
1021114,Participe de Incursões,Participe de incursões {RequiredStackCount} vezes
1021115,Use o tempo quente da Giant's Tower,Use 12 horas de Hot Time da Giant's Tower
1021116,Derrote Monstros,Derrote Monstros {RequiredStackCount}
1021117,Use tokens Giant’s Vending Machine,Use Giant’s Vending Machine {RequiredStackCount} vezes
1021118,Consumir Rift Seal,Use {RequiredStackCount} Rift Seals em Rifts
1021119,Participe da Grande Incursão,Participe da Grande Incursão {RequiredStackCount} vezes
1021120,Participe de Incursões,Participe de incursões {RequiredStackCount} vezes
1021121,Use o tempo quente da Giant's Tower,Use 16 horas de Hot Time da Giant's Tower
1021122,Derrote Monstros,Derrote Monstros {RequiredStackCount}
1021123,Use tokens Giant’s Vending Machine,Use Giant’s Vending Machine {RequiredStackCount} vezes
1021124,Consumir Rift Seal,Use {RequiredStackCount} Rift Seals em Rifts
1022101,Usar Istarium,Use {RequiredStackCount} Istarium
1022102,Crie equipamento de 1 estrela,Crie equipamento de 1 estrela {RequiredStackCount} vezes
1022103,Crie equipamento de 1 estrela,Crie equipamento de 1 estrela {RequiredStackCount} vezes
1022104,Crie equipamento de 2 estrelas,Crie equipamento de 2 estrelas {RequiredStackCount} vezes
1022105,Crie equipamento de 2 estrelas,Crie equipamento de 2 estrelas {RequiredStackCount} vezes
1022106,Crie equipamento de 3 estrelas,Crie equipamento de 3 estrelas {RequiredStackCount} vezes
1022107,Usar Aetherium,Use {RequiredStackCount} Minérios de Aetherium
1022108,Usar Istarium,Use {RequiredStackCount} Istarium
1022109,Crie equipamento de 1 estrela,Crie equipamento de 1 estrela {RequiredStackCount} vezes
1022110,Crie equipamento de 1 estrela,Crie equipamento de 1 estrela {RequiredStackCount} vezes
1022111,Crie equipamento de 2 estrelas,Crie equipamento de 2 estrelas {RequiredStackCount} vezes
1022112,Crie equipamento de 2 estrelas,Crie equipamento de 2 estrelas {RequiredStackCount} vezes
1022113,Crie equipamento de 3 estrelas,Crie equipamento de 3 estrelas {RequiredStackCount} vezes
1022114,Usar Aetherium,Use {RequiredStackCount} Minérios de Aetherium
1022115,Usar Istarium,Use {RequiredStackCount} Istarium
1022116,Crie armas de 3 estrelas,Craft {RequiredStackCount} Armas de 3 estrelas
1022117,Crie armadura de 3 estrelas,Artesanato {RequiredStackCount} Armadura de 3 estrelas
1022118,Crie acessórios de 3 estrelas,Artesanato {RequiredStackCount} Acessórios de 3 estrelas
1022119,Usar Aetherium,Use {RequiredStackCount} Minérios de Aetherium
1022120,Usar Istarium,Use {RequiredStackCount} Istarium
1022121,Crie armas de 3 estrelas,Craft {RequiredStackCount} Armas de 3 estrelas
1022122,Crie armadura de 3 estrelas,Artesanato {RequiredStackCount} Armadura de 3 estrelas
1022123,Crie acessórios de 3 estrelas,Artesanato {RequiredStackCount} Acessórios de 3 estrelas
1022124,Usar Aetherium,Use {RequiredStackCount} Minérios de Aetherium
10230,Limpar Estágio 1,Limpar estágio do corredor perpétuo {RequiredStackCount}
10231,Limpar Estágio 3,Limpar estágio do corredor perpétuo {RequiredStackCount}
10232,Limpar Estágio 5,Limpar estágio do corredor perpétuo {RequiredStackCount}
10233,Limpar Estágio 7,Limpar estágio do corredor perpétuo {RequiredStackCount}
10234,Limpar Estágio 9,Limpar estágio do corredor perpétuo {RequiredStackCount}
10235,Jogar a fase de classificação 1 vez,Jogar a fase de classificação {RequiredStackCount} vezes
10236,Jogar a fase de classificação 3 vezes,Jogar a fase de classificação {RequiredStackCount} vezes
10237,Jogar a fase de classificação 5 vezes,Jogar a fase de classificação {RequiredStackCount} vezes
10240,Complete comissões diárias,Concluído {RequiredStackCount} Comissões diárias
10241,Complete comissões diárias,Concluído {RequiredStackCount} Comissões diárias
10242,Complete comissões diárias,Concluído {RequiredStackCount} Comissões diárias
10243,Complete comissões diárias,Concluído {RequiredStackCount} Comissões diárias
10244,Complete comissões diárias,Concluído {RequiredStackCount} Comissões diárias
10245,Complete comissões diárias,Concluído {RequiredStackCount} Comissões diárias
10246,Completar comissões semanais,Concluído {RequiredStackCount} Comissões semanais
10247,Completar comissões semanais,Concluído {RequiredStackCount} Comissões semanais
10250,Use {RequiredStackCount} Rift Seals em Rifts,Use {RequiredStackCount} Rift Seals em Rifts
10251,Use {RequiredStackCount} Rift Seals em Rifts,Use {RequiredStackCount} Rift Seals em Rifts
10252,Use {RequiredStackCount} Rift Seals em Rifts,Use {RequiredStackCount} Rift Seals em Rifts
10253,Use {RequiredStackCount} Rift Seals em Rifts,Use {RequiredStackCount} Rift Seals em Rifts
10254,Use {RequiredStackCount} Rift Seals em Rifts,Use {RequiredStackCount} Rift Seals em Rifts
10255,Use {RequiredStackCount} Rift Seals em Rifts,Use {RequiredStackCount} Rift Seals em Rifts
10260,Crie equipamento de 1 estrela,Crie equipamento de 1 estrela {RequiredStackCount} vezes
10261,Aprimorar equipamento de 1 estrela,Aprimorar Equipamento de 1 estrela {RequiredStackCount} vezes
10262,Desmontar equipamento de 1 estrela,Desmontar {RequiredStackCount} equipamento de 1 estrela
10263,Crie equipamento de 2 estrelas,Crie equipamento de 2 estrelas {RequiredStackCount} vezes
10264,Melhorar equipamento de 2 estrelas,Melhorar equipamento de 2 estrelas {RequiredStackCount} vezes
10265,Desmontar equipamento de 2 estrelas,Desmontar {RequiredStackCount} equipamento de 2 estrelas
10266,Crie equipamento de 3 estrelas,Crie equipamento de 3 estrelas {RequiredStackCount} vezes
10267,Melhorar equipamento de 3 estrelas,Melhorar equipamento de 3 estrelas {RequiredStackCount} vezes
10268,Desmontar equipamento 3 estrelas,Desmontar {RequiredStackCount} equipamento de 3 estrelas
102700,Usar núcleos de infusão,Use Infusion-Core {RequiredStackCount} vezes
102701,Equipar Spellstones,Equipar Spellstones {RequiredStackCount} vezes
102702,Usar Stardust,Use {RequiredStackCount} Stardust
102703,Obtenha ouro,Obtenha ouro {RequiredStackCount}
102704,Fabricar Armor Enhancement Stone,Crie pedras de aprimoramento de armadura {RequiredStackCount} vezes
102705,Fabricar Weapon Enhancement Stone,Crie Pedras de Aprimoramento de Arma {RequiredStackCount} vezes
102710,Ativar Vitalização Santuários,Ativar Santuários Vitalizantes {RequiredStackCount} vezes
102711,Consumir Rift Seal,Use {RequiredStackCount} Rift Seals em Rifts
102712,Limpar Arbiter’s Ordeal,Limpar Arbiter’s Ordeal {RequiredStackCount} vezes
102713,Participe de Incursões,Participe de incursões {RequiredStackCount} vezes
102714,Participe da Grande Incursão,Participe da Grande Incursão {RequiredStackCount} vezes
102715,Derrote Monstros,Derrote Monstros {RequiredStackCount}
102720,Usar núcleos de infusão,Use Infusion-Core {RequiredStackCount} vezes
102721,Equipar Spellstones,Equipar Spellstones {RequiredStackCount} vezes
102722,Usar Stardust,Use {RequiredStackCount} Stardust
102723,Obtenha ouro,Obtenha ouro {RequiredStackCount}
102724,Fabricar Armor Enhancement Stone,Crie pedras de aprimoramento de armadura {RequiredStackCount} vezes
102725,Fabricar Weapon Enhancement Stone,Crie Pedras de Aprimoramento de Arma {RequiredStackCount} vezes
102730,Ativar Vitalização Santuários,Ativar Santuários Vitalizantes {RequiredStackCount} vezes
102731,Consumir Rift Seal,Use {RequiredStackCount} Rift Seals em Rifts
102732,Limpar Arbiter’s Ordeal,Limpar Arbiter’s Ordeal {RequiredStackCount} vezes
102733,Participe de Incursões,Participe de incursões {RequiredStackCount} vezes
102734,Participe da Grande Incursão,Participe da Grande Incursão {RequiredStackCount} vezes
102735,Derrote Monstros,Derrote Monstros {RequiredStackCount}
102800,Use Combat Consumable,Use consumíveis de combate {RequiredStackCount} vezes
102801,Use Combat Consumable,Use consumíveis de combate {RequiredStackCount} vezes
102802,Use Combat Consumable,Use consumíveis de combate {RequiredStackCount} vezes
102803,Derrote Monstros,Derrote Monstros {RequiredStackCount}
102804,Derrote Monstros,Derrote Monstros {RequiredStackCount}
102805,Derrote Monstros,Derrote Monstros {RequiredStackCount}
102806,Derrote os monstros da Giant's Tower,Derrote Monstros {RequiredStackCount}
102807,Derrote os monstros da Giant's Tower,Derrote Monstros {RequiredStackCount}
102808,Derrote os monstros da Giant's Tower,Derrote Monstros {RequiredStackCount}
102809,Derrote Monstros Chefes de Campo,Derrotar {RequiredStackCount} Monstros chefes
102810,Derrote Monstros Chefes de Campo,Derrotar {RequiredStackCount} Monstros chefes
102811,Derrote Monstros Chefes de Campo,Derrotar {RequiredStackCount} Monstros chefes
102900,Doe para o seu clã,Doe para o seu clã {RequiredStackCount} vezes
102901,Doe para o seu clã,Doe para o seu clã {RequiredStackCount} vezes
102902,Doe para o seu clã,Doe para o seu clã {RequiredStackCount} vezes
102903,Doe para o seu clã,Doe para o seu clã {RequiredStackCount} vezes
102904,Doe para o seu clã,Doe para o seu clã {RequiredStackCount} vezes
102905,Lute na Angbar Arena,Lute na Angbar Arena {RequiredStackCount} vezes
102906,Lute na Angbar Arena,Lute na Angbar Arena {RequiredStackCount} vezes
102907,Lute na Angbar Arena,Lute na Angbar Arena {RequiredStackCount} vezes
103000,Limpar Arbiter’s Ordeal,Limpar Arbiter’s Ordeal {RequiredStackCount} vezes
103001,Limpar Arbiter’s Ordeal,Limpar Arbiter’s Ordeal {RequiredStackCount} vezes
103002,Limpar Arbiter’s Ordeal,Limpar Arbiter’s Ordeal {RequiredStackCount} vezes
103003,Limpar Arbiter’s Ordeal,Limpar Arbiter’s Ordeal {RequiredStackCount} vezes
103004,Limpar Arbiter’s Ordeal,Limpar Arbiter’s Ordeal {RequiredStackCount} vezes
103005,Limpar Arbiter’s Ordeal,Limpar Arbiter’s Ordeal {RequiredStackCount} vezes
103006,Limpar Arbiter’s Ordeal,Limpar Arbiter’s Ordeal {RequiredStackCount} vezes
103007,Limpar Arbiter’s Ordeal,Limpar Arbiter’s Ordeal {RequiredStackCount} vezes
103008,Limpar Arbiter’s Ordeal,Limpar Arbiter’s Ordeal {RequiredStackCount} vezes
103009,Limpar Arbiter’s Ordeal,Limpar Arbiter’s Ordeal {RequiredStackCount} vezes
103010,Limpar Arbiter’s Ordeal,Limpar Arbiter’s Ordeal {RequiredStackCount} vezes
103011,Limpar Arbiter’s Ordeal,Limpar Arbiter’s Ordeal {RequiredStackCount} vezes
9012101,Usar Halo Bread,Usar {RequiredStackCount} Halo Bread
9012102,Use biscoitos Star Halo,Use {RequiredStackCount} Star Halo Cookies
9012103,Use Moon Halo Wine,Use {RequiredStackCount} Moon Halo Wine
9012105,Equipamento de artesanato,Equipamento de artesanato {RequiredStackCount} vezes
9012106,Derrote Monstros,Derrote Monstros {RequiredStackCount}
9012107,Participe da Grande Incursão,Participe da Grande Incursão {RequiredStackCount} vezes
9012201,Usar Halo Bread,Usar {RequiredStackCount} Halo Bread
9012202,Use biscoitos Star Halo,Use {RequiredStackCount} Star Halo Cookies
9012203,Use Moon Halo Wine,Use {RequiredStackCount} Moon Halo Wine
9012204,Núcleos de infusão artesanal,Criar {RequiredStackCount} Núcleos de infusão
9012205,Parar a incursão,Participe de incursões {RequiredStackCount} vezes
9012206,Derrote os monstros da Giant's Tower,Derrote {RequiredStackCount} Monstros na Giant's Tower
9012207,Participe da Grande Incursão,Participe da Grande Incursão {RequiredStackCount} vezes
9012208,Derrote monstros da Forsaken Land,Derrote {RequiredStackCount} Monstros na Forsaken Land
9012301,Usar Halo Bread,Usar {RequiredStackCount} Halo Bread
9012302,Use biscoitos Star Halo,Use {RequiredStackCount} Star Halo Cookies
9012303,Use Moon Halo Wine,Use {RequiredStackCount} Moon Halo Wine
9012304,Criar Pedras Mágicas,Criar Pedras Mágicas {RequiredStackCount} vezes
9012305,Memorite,Consumir memórias {RequiredStackCount}
9012306,Derrote monstros da Forsaken Land,Derrote {RequiredStackCount} Monstros na Forsaken Land
9012307,Participe da Grande Incursão,Participe da Grande Incursão {RequiredStackCount} vezes
9012308,Gastar Ouro,Gaste {RequiredStackCount}Gold
9012309,Tentativa de aprimoramento de equipamento,Tentativa de aprimoramento de equipamento {RequiredStackCount} vezes
9012310,Limpar Rifts,Limpar Rifts {RequiredStackCount} vezes
9012311,Derrote os monstros da Giant's Tower,Derrote {RequiredStackCount} Monstros na Giant's Tower
9012401,Usar Halo Bread,Usar {RequiredStackCount} Halo Bread
9012402,Use biscoitos Star Halo,Use {RequiredStackCount} Star Halo Cookies
9012403,Use Moon Halo Wine,Use {RequiredStackCount} Moon Halo Wine
9012404,Planador artesanal,Planadores artesanais {RequiredStackCount} vezes
9012405,Crie equipamento de 3 estrelas,Crie equipamento de 3 estrelas {RequiredStackCount} vezes
9012406,Derrote Monstros,Derrote Monstros {RequiredStackCount}
9012407,Participe da Grande Incursão,Participe da Grande Incursão {RequiredStackCount} vezes
9012408,Despertar,tentativa de desbloqueio {RequiredStackCount} vezes
9012409,Desmontagem,Desmontar item {RequiredStackCount} vezes
9012410,Arbiter’s Ordeal,Limpar Arbiter’s Ordeal {RequiredStackCount} vezes
9012411,Derrote Monstros,Derrote Monstros {RequiredStackCount}
103110,Use pedras de aprimoramento de armas,Use {RequiredStackCount} Pedras de aprimoramento de arma
103111,Use pedras de aprimoramento de armas,Use {RequiredStackCount} Pedras de aprimoramento de arma
103112,Use Pedras de Aprimoramento de Armadura,Use {RequiredStackCount} Pedras de Aprimoramento de Armadura
103113,Use Pedras de Aprimoramento de Armadura,Use {RequiredStackCount} Pedras de Aprimoramento de Armadura
103114,Aprimorar com sucesso arma/arma secundária,Melhore as armas {RequiredStackCount} vezes
103115,Melhorar armadura com sucesso,Aprimorar armadura {RequiredStackCount} vezes
103120,Use pedras de aprimoramento de armas,Use {RequiredStackCount} Pedras de aprimoramento de arma
103121,Use pedras de aprimoramento de armas,Use {RequiredStackCount} Pedras de aprimoramento de arma
103122,Use Pedras de Aprimoramento de Armadura,Use {RequiredStackCount} Pedras de Aprimoramento de Armadura
103123,Use Pedras de Aprimoramento de Armadura,Use {RequiredStackCount} Pedras de Aprimoramento de Armadura
103124,Aprimorar com sucesso arma/arma secundária,Melhore as armas {RequiredStackCount} vezes
103125,Melhorar armadura com sucesso,Aprimorar armadura {RequiredStackCount} vezes
103130,Use pedras de aprimoramento de armas,Use {RequiredStackCount} Pedras de aprimoramento de arma
103131,Use Pedras de Aprimoramento de Armadura,Use {RequiredStackCount} Pedras de Aprimoramento de Armadura
103132,Use Pedras de Aprimoramento de Acessórios,Use {RequiredStackCount} Pedras de Aprimoramento de Acessórios
103133,Aprimorar com sucesso arma/arma secundária,Melhore as armas {RequiredStackCount} vezes
103134,Melhorar armadura com sucesso,Aprimorar armadura {RequiredStackCount} vezes
103135,Aprimorar com sucesso o acessório,Melhorar os acessórios {RequiredStackCount} vezes
103140,Use pedras de aprimoramento de armas,Use {RequiredStackCount} Pedras de aprimoramento de arma
103141,Use Pedras de Aprimoramento de Armadura,Use {RequiredStackCount} Pedras de Aprimoramento de Armadura
103142,Use Pedras de Aprimoramento de Acessórios,Use {RequiredStackCount} Pedras de Aprimoramento de Acessórios
103143,Aprimorar com sucesso arma/arma secundária,Melhore as armas {RequiredStackCount} vezes
103144,Melhorar armadura com sucesso,Aprimorar armadura {RequiredStackCount} vezes
103145,Aprimorar com sucesso o acessório,Melhorar os acessórios {RequiredStackCount} vezes
103310,Complete comissões diárias {RequiredStackCount} vezes,Concluído {RequiredStackCount} Comissões diárias
103311,Doe para o Clã {RequiredStackCount} vezes,Doe para o seu clã {RequiredStackCount} vezes
103312,Derrote Monstros {RequiredStackCount},Derrote Monstros {RequiredStackCount}
103313,Participe de Incursões {RequiredStackCount} Vezes,Participe de incursões {RequiredStackCount} vezes
103314,Use {RequiredStackCount} Stardust,Use {RequiredStackCount} Stardust
103320,Complete comissões diárias {RequiredStackCount} vezes,Concluído {RequiredStackCount} Comissões diárias
103321,Doe para o seu clã,Doe para o seu clã {RequiredStackCount} vezes
103322,Derrote Monstros {RequiredStackCount},Derrote Monstros {RequiredStackCount}
103323,Participe de Incursões {RequiredStackCount} Vezes,Participe de incursões {RequiredStackCount} vezes
103324,Use {RequiredStackCount} Stardust,Use {RequiredStackCount} Stardust
103330,Complete comissões diárias {RequiredStackCount} vezes,Concluído {RequiredStackCount} Comissões diárias
103331,Doe para o seu clã,Doe para o seu clã {RequiredStackCount} vezes
103332,Derrote Monstros {RequiredStackCount},Derrote Monstros {RequiredStackCount}
103333,Participe de Incursões {RequiredStackCount} Vezes,Participe de incursões {RequiredStackCount} vezes
103334,Use {RequiredStackCount} Stardust,Use {RequiredStackCount} Stardust
103340,Complete comissões diárias {RequiredStackCount} vezes,Concluído {RequiredStackCount} Comissões diárias
103341,Doe para o seu clã,Doe para o seu clã {RequiredStackCount} vezes
103342,Derrote Monstros {RequiredStackCount},Derrote Monstros {RequiredStackCount}
103343,Participe de Incursões {RequiredStackCount} Vezes,Participe de incursões {RequiredStackCount} vezes
103344,Use {RequiredStackCount} Stardust,Use {RequiredStackCount} Stardust
103350,Complete comissões diárias {RequiredStackCount} vezes,Concluído {RequiredStackCount} Comissões diárias
103351,Doe para o seu clã,Doe para o seu clã {RequiredStackCount} vezes
103352,Derrote Monstros {RequiredStackCount},Derrote Monstros {RequiredStackCount}
103353,Participe de Incursões {RequiredStackCount} Vezes,Participe de incursões {RequiredStackCount} vezes
103354,Use {RequiredStackCount} Stardust,Use {RequiredStackCount} Stardust
103360,Complete comissões diárias {RequiredStackCount} vezes,Concluído {RequiredStackCount} Comissões diárias
103361,Doe para o seu clã,Doe para o seu clã {RequiredStackCount} vezes
103362,Derrote Monstros {RequiredStackCount},Derrote Monstros {RequiredStackCount}
103363,Participe de Incursões {RequiredStackCount} Vezes,Participe de incursões {RequiredStackCount} vezes
103364,Use {RequiredStackCount} Stardust,Use {RequiredStackCount} Stardust
103370,Complete comissões diárias {RequiredStackCount} vezes,Concluído {RequiredStackCount} Comissões diárias
103371,Doe para o seu clã,Doe para o seu clã {RequiredStackCount} vezes
103372,Derrote Monstros {RequiredStackCount},Derrote Monstros {RequiredStackCount}
103373,Participe de Incursões {RequiredStackCount} Vezes,Participe de incursões {RequiredStackCount} vezes
103374,Use {RequiredStackCount} Stardust,Use {RequiredStackCount} Stardust
103210,Use Halo Wish Boxes {RequiredStackCount} vezes,Use Halo Wish Boxes {RequiredStackCount} vezes
103211,Use Halo Wish Boxes {RequiredStackCount} vezes,Use Halo Wish Boxes {RequiredStackCount} vezes
103212,Use Halo Wish Boxes {RequiredStackCount} vezes,Use Halo Wish Boxes {RequiredStackCount} vezes
103213,Use Halo Wish Boxes {RequiredStackCount} vezes,Use Halo Wish Boxes {RequiredStackCount} vezes
103214,Use Halo Wish Boxes {RequiredStackCount} vezes,Use Halo Wish Boxes {RequiredStackCount} vezes
103215,Use Halo Wish Boxes {RequiredStackCount} vezes,Use Halo Wish Boxes {RequiredStackCount} vezes
103216,Use Halo Wish Boxes {RequiredStackCount} vezes,Use Halo Wish Boxes {RequiredStackCount} vezes
103400,Limpar Estágio 3,Limpar estágio do corredor perpétuo {RequiredStackCount}
103401,Limpar Estágio 5,Limpar estágio do corredor perpétuo {RequiredStackCount}
103402,Limpar Estágio 7,Limpar estágio do corredor perpétuo {RequiredStackCount}
103403,Limpar Estágio 10,Limpar estágio do corredor perpétuo {RequiredStackCount}
103404,Limpar Estágio 15,Limpar estágio do corredor perpétuo {RequiredStackCount}
103405,Jogar a fase de classificação 3 vezes,Jogar a fase de classificação {RequiredStackCount} vezes
103406,Jogar a fase de classificação 5 vezes,Jogar a fase de classificação {RequiredStackCount} vezes
103407,Jogar a fase de classificação 10 vezes,Jogar a fase de classificação {RequiredStackCount} vezes
103510,Usar Istarium,Use {RequiredStackCount} Istarium
103511,Usar Minérios de Aetherium,Use {RequiredStackCount} Minérios de Aetherium
103512,Crie armas de 3 estrelas armas / armas secundárias,Craft {RequiredStackCount} Armas de 3 estrelas/armas secundárias
103513,Crie armadura de 3 estrelas,Artesanato {RequiredStackCount} Armadura de 3 estrelas
103514,Crie acessórios de 3 estrelas,Artesanato {RequiredStackCount} Acessórios de 3 estrelas
103520,Usar Istarium,Use {RequiredStackCount} Istarium
103521,Usar Minérios de Aetherium,Use {RequiredStackCount} Minérios de Aetherium
103522,Crie armas de 3 estrelas armas / armas secundárias,Craft {RequiredStackCount} Armas de 3 estrelas/armas secundárias
103523,Crie armadura de 3 estrelas,Artesanato {RequiredStackCount} Armadura de 3 estrelas
103524,Crie acessórios de 3 estrelas,Artesanato {RequiredStackCount} Acessórios de 3 estrelas
103530,Usar Istarium,Use {RequiredStackCount} Istarium
103531,Usar Minérios de Aetherium,Use {RequiredStackCount} Minérios de Aetherium
103532,Crie armas de 3 estrelas armas / armas secundárias,Craft {RequiredStackCount} Armas de 3 estrelas/armas secundárias
103533,Crie armadura de 3 estrelas,Artesanato {RequiredStackCount} Armadura de 3 estrelas
103534,Crie acessórios de 3 estrelas,Artesanato {RequiredStackCount} Acessórios de 3 estrelas
103535,Alcance o Sucesso UlTaimate para equipamentos de 3 estrelas,Alcance o Sucesso UlTaimate para equipamentos de 3 estrelas {RequiredStackCount} vezes
103540,Usar Istarium,Use {RequiredStackCount} Istarium
103541,Usar Minérios de Aetherium,Use {RequiredStackCount} Minérios de Aetherium
103542,Crie armas de 3 estrelas armas / armas secundárias,Craft {RequiredStackCount} Armas de 3 estrelas/armas secundárias
103543,Crie armadura de 3 estrelas,Artesanato {RequiredStackCount} Armadura de 3 estrelas
103544,Crie acessórios de 3 estrelas,Artesanato {RequiredStackCount} Acessórios de 3 estrelas
103545,Alcance o Sucesso UlTaimate para equipamentos de 3 estrelas,Alcance o Sucesso UlTaimate para equipamentos de 3 estrelas {RequiredStackCount} vezes
103610,Use máquinas de venda automática,Use máquinas de venda automática {RequiredStackCount} vezes
103611,Use selos de fenda em fendas,Use {RequiredStackCount} Rift Seals em Rifts
103612,Usar Stardust,Use {RequiredStackCount} Stardust
103613,Fusível Graça das constelações,Sintetizar Bênção da Constelação {RequiredStackCount} vezes
103614,Reproduzir comissões semanais,Reproduzir comissões semanais {RequiredStackCount} vezes
103620,Use tokens Giant’s Vending Machine,Use máquinas de venda automática de Giant {RequiredStackCount} vezes
103621,Limpar Arbiter’s Ordeal,Limpar Arbiter’s Ordeal {RequiredStackCount} vezes
103623,Tentativa de desbloqueio,tentativa de desbloqueio {RequiredStackCount} vezes
103624,Núcleos de infusão artesanal,Núcleos de infusão artesanal {RequiredStackCount} vezes
103625,Derrote Monstros Chefes de Campo,Derrote Monstros Chefes de Campo {RequiredStackCount} vezes
103630,Use máquinas de venda automática,Use máquinas de venda automática {RequiredStackCount} vezes
103631,Use selos de fenda em fendas,Use {RequiredStackCount} Rift Seals em Rifts
103632,Usar Stardust,Use {RequiredStackCount} Stardust
103633,Fusível Graça das constelações,Sintetizar Bênção da Constelação {RequiredStackCount} vezes
103634,Reproduzir comissões semanais,Reproduzir comissões semanais {RequiredStackCount} vezes
103640,Use tokens Giant’s Vending Machine,Use máquinas de venda automática de Giant {RequiredStackCount} vezes
103641,Limpar Arbiter’s Ordeal,Limpar Arbiter’s Ordeal {RequiredStackCount} vezes
103642,Lute na Angbar Arena,Lute na Angbar Arena {RequiredStackCount} vezes
103643,Tentativa de desbloqueio,tentativa de desbloqueio {RequiredStackCount} vezes
103644,Núcleos de infusão artesanal,Núcleos de infusão artesanal {RequiredStackCount} vezes
103645,Derrote Monstros Chefes de Campo,Derrote Monstros Chefes de Campo {RequiredStackCount} vezes
103710,Use Combat Consumable,Use consumíveis de combate {RequiredStackCount} vezes
103711,Derrote Monstros,Derrote Monstros {RequiredStackCount}
103712,Complete comissões diárias,Complete comissões diárias {RequiredStackCount} vezes
103713,Completar comissões semanais,Completar comissões semanais {RequiredStackCount} vezes
103714,Participe da Grande Incursão,Participe da Grande Incursão {RequiredStackCount} Vezes
103720,Use Combat Consumable,Use consumíveis de combate {RequiredStackCount} vezes
103721,Derrote Monstros,Derrote Monstros {RequiredStackCount}
103722,Complete comissões diárias,Complete comissões diárias {RequiredStackCount} vezes
103723,Completar comissões semanais,Completar comissões semanais {RequiredStackCount} vezes
103724,Participe da Grande Incursão,Participe da Grande Incursão {RequiredStackCount} Vezes
103730,Use Combat Consumable,Use consumíveis de combate {RequiredStackCount} vezes
103731,Derrote Monstros,Derrote Monstros {RequiredStackCount}
103732,Complete comissões diárias,Complete comissões diárias {RequiredStackCount} vezes
103733,Completar comissões semanais,Completar comissões semanais {RequiredStackCount} vezes
103734,Participe da Grande Incursão,Participe da Grande Incursão {RequiredStackCount} Vezes
103740,Use Combat Consumable,Use consumíveis de combate {RequiredStackCount} vezes
103741,Derrote Monstros,Derrote Monstros {RequiredStackCount}
103742,Complete comissões diárias,Complete comissões diárias {RequiredStackCount} vezes
103743,Completar comissões semanais,Completar comissões semanais {RequiredStackCount} vezes
103744,Participe da Grande Incursão,Participe da Grande Incursão {RequiredStackCount} Vezes
103810,Participe de Tesseract,Participe de Tesseract {RequiredStackCount} vezes
103811,Participe de Tesseract,Participe de Tesseract {RequiredStackCount} vezes
103812,Participe de Tesseract,Participe de Tesseract {RequiredStackCount} vezes
103813,Participe de Tesseract,Participe de Tesseract {RequiredStackCount} vezes
103814,Participe de Tesseract,Participe de Tesseract {RequiredStackCount} vezes
103815,Participe de Tesseract,Participe de Tesseract {RequiredStackCount} vezes
103910,Doação do Clã,Doe para o Clã {RequiredStackCount} vezes
103911,Doação do Clã,Doe para o Clã {RequiredStackCount} vezes
103912,Doação do Clã,Doe para o Clã {RequiredStackCount} vezes
103913,Doação do Clã,Doe para o Clã {RequiredStackCount} vezes
103914,Doação do Clã,Doe para o Clã {RequiredStackCount} vezes
103915,Doação do Clã,Doe para o Clã {RequiredStackCount} vezes
104011,Derrote Monstros Chefes de Campo,Derrote chefes de campo {RequiredStackCount} vezes
104012,Usar Stardust,Use {RequiredStackCount} Stardust
104013,Complete comissões diárias,Concluído {RequiredStackCount} Comissões diárias
104021,Derrote Monstros,Derrote Monstros {RequiredStackCount}
104022,Limpar Rifts,Limpar Rift {RequiredStackCount} Vezes
104023,Completar comissões semanais,Concluído {RequiredStackCount} Comissões semanais
104024,Usar Tokens de comemoração de 100 dias,Use {RequiredStackCount} Tokens de comemoração de 100 dias
104031,Derrote Monstros Chefes de Campo,Derrote chefes de campo {RequiredStackCount} vezes
104032,Usar Stardust,Use {RequiredStackCount} Stardust
104034,Complete comissões diárias,Concluído {RequiredStackCount} Comissões diárias
104035,Usar Tokens de comemoração de 100 dias,Use {RequiredStackCount} Tokens de comemoração de 100 dias
104041,Derrote Monstros,Derrote Monstros {RequiredStackCount}
104042,Limpar Rifts,Limpar Rift {RequiredStackCount} Vezes
104043,Completar comissões semanais,Concluído {RequiredStackCount} Comissões semanais
104044,Usar Tokens de comemoração de 100 dias,Use {RequiredStackCount} Tokens de comemoração de 100 dias
104110,Desmontar equipamento de 1 estrela,Desmontar {RequiredStackCount} equipamento de 1 estrela
104111,Desmontar equipamento de 2 estrelas,Desmontar {RequiredStackCount} equipamento de 2 estrelas
104112,Desmontar equipamento 3 estrelas,Desmontar {RequiredStackCount} equipamento de 3 estrelas
104113,Use Anima Elements,Usar elementos de animação {RequiredStackCount}
104114,Use Anima Essence,Usar {RequiredStackCount} Anima Essence
104115,Use Anima Cores,Use {RequiredStackCount} Núcleos de animação
104116,Use Anima Cores,Use {RequiredStackCount} Núcleos de animação
104117,Use Anima Cores,Use {RequiredStackCount} Núcleos de animação
104210,Derrote monstros da Forsaken Land,Derrote monstros {RequiredStackCount} nas Forsaken Lands
104211,Complete as comissões diárias Commission House,Concluído {RequiredStackCount} Comissões diárias
104212,Limpar Arbiter’s Ordeal,Limpar Arbiter’s Ordeal {RequiredStackCount} vezes
104213,Ativar Vitalização Santuários,Grave o Santuário Vitalizante {RequiredStackCount} vezes
104214,Aprimoramentos de itens,Melhorar itens {RequiredStackCount} vezes
104220,Derrote monstros da Forsaken Land,Derrote {RequiredStackCount} monstros de Forsaken Lands
104221,Complete as comissões diárias Commission House,Concluído {RequiredStackCount} Comissões diárias
104222,Limpar Arbiter’s Ordeal,Limpar Arbiter’s Ordeal {RequiredStackCount} vezes
104223,Derrote chefes de campo,Derrote chefes de campo {RequiredStackCount} vezes
104224,Participe da Grande Incursão,Participe de Grandes Incursões {RequiredStackCount} vezes
104230,Derrote monstros da Forsaken Land,Derrote {RequiredStackCount} monstros de Forsaken Lands
104231,Completar comissões semanais Commission House,Concluído {RequiredStackCount} Comissões semanais
104232,Derrote chefes de campo,Derrote chefes de campo {RequiredStackCount} vezes
104233,Itens de artesanato,Itens de artesanato {RequiredStackCount} vezes
104234,Aprimoramentos de itens,Melhorar itens {RequiredStackCount} vezes
104240,Derrote monstros da Forsaken Land,Derrote {RequiredStackCount} monstros de Forsaken Lands
104241,Use máquinas de venda automática de Giant,Use máquinas de venda automática de Giant {RequiredStackCount} vezes
104242,Derrote chefes de campo,Derrote chefes de campo {RequiredStackCount} vezes
104243,Participe da Grande Incursão,Participe de Grandes Incursões {RequiredStackCount} vezes
104244,Junte-se ao Tesseract Batalha,Participe de Tesseract {RequiredStackCount} vezes
104250,Derrote monstros da Forsaken Land,Derrote {RequiredStackCount} monstros de Forsaken Lands
104251,Participe do Arbiter’s Ordeal,Limpar Arbiter’s Ordeal {RequiredStackCount} vezes
104252,Derrote chefes de campo,Derrote chefes de campo {RequiredStackCount} vezes
104253,Itens de artesanato,Itens de artesanato {RequiredStackCount} vezes
104254,Junte-se ao Tesseract Batalha,Participe de Tesseract {RequiredStackCount} vezes
104260,Derrote monstros da Forsaken Land,Derrote {RequiredStackCount} monstros de Forsaken Lands
104261,Lute na Angbar Arena,Lute na Angbar Arena {RequiredStackCount} vezes
104262,Derrote chefes de campo,Derrote chefes de campo {RequiredStackCount} vezes
104263,Participe da Grande Incursão,Participe de Grandes Incursões {RequiredStackCount} vezes
104264,Junte-se ao Tesseract Batalha,Participe de Tesseract {RequiredStackCount} vezes
104300,Insira o corredor perpétuo,Usar tíquetes de corredor perpétuo {RequiredStackCount} vezes
104301,Insira o corredor perpétuo,Usar tíquetes de corredor perpétuo {RequiredStackCount} vezes
104302,Insira o corredor perpétuo,Usar tíquetes de corredor perpétuo {RequiredStackCount} vezes
104303,Concluir estágio {RequiredStackCount},Limpar estágio do corredor perpétuo {RequiredStackCount}
104304,Concluir estágio {RequiredStackCount},Limpar estágio do corredor perpétuo {RequiredStackCount}
104305,Concluir estágio {RequiredStackCount},Limpar estágio do corredor perpétuo {RequiredStackCount}
104306,Jogar a fase de classificação,Jogar a fase de classificação {RequiredStackCount} vezes
104307,Jogar a fase de classificação,Jogar a fase de classificação {RequiredStackCount} vezes
104308,Jogar a fase de classificação,Jogar a fase de classificação {RequiredStackCount} vezes
104400,Participe de Tesseract Combate,Participe de Tesseract {RequiredStackCount} vezes
104401,Participe de Tesseract Combate,Participe de Tesseract {RequiredStackCount} vezes
104402,Participe de Tesseract Combate,Participe de Tesseract {RequiredStackCount} vezes
104403,Derrote chefes de campo,Derrote chefes de campo {RequiredStackCount} vezes
104404,Derrote chefes de campo,Derrote chefes de campo {RequiredStackCount} vezes
104405,Derrote chefes de campo,Derrote chefes de campo {RequiredStackCount} vezes
104406,Limpar Rifts,Limpar Rift {RequiredStackCount} Vezes
104407,Limpar Rifts,Limpar Rift {RequiredStackCount} Vezes
104408,Participe da Grande Incursão,Participe de Grandes Incursões {RequiredStackCount} vezes
104409,Participe da Grande Incursão,Participe de Grandes Incursões {RequiredStackCount} vezes
104410,Lute na Angbar Arena,Lute na Angbar Arena {RequiredStackCount} vezes
104420,Participe de Monolith War,Participe de Monolith War {RequiredStackCount} vezes
104500,Tentativa de ressonância,Tentativa de ressonância {RequiredStackCount} vezes
104501,Tentativa de ressonância,Tentativa de ressonância {RequiredStackCount} vezes
104502,Tentativa de ressonância,Tentativa de ressonância {RequiredStackCount} vezes
104503,Tentativa de ressonância,Tentativa de ressonância {RequiredStackCount} vezes
104504,Amplificar Ressonância,Amplificar Ressonância {RequiredStackCount} vezes
104505,Alcançar Ressonância Abissal I Intensidade de Ressonância {RequiredStackCount},Alcançar Ressonância Abissal I Intensidade de Ressonância {RequiredStackCount}
104600,Consumir Istarium,Use {RequiredStackCount} Istarium
104601,Usar Minérios de Aetherium,Use {RequiredStackCount} Minérios de Aetherium
104602,Use minerais refinados,Use {RequiredStackCount} Minerais Refinados
104603,Usar fibras refinadas,Use {RequiredStackCount} Fibras Refinadas
104604,Use gemas refinadas,Use {RequiredStackCount} Gemas Refinadas
104610,Consumir Istarium,Use {RequiredStackCount} Istarium
104611,Usar Minérios de Aetherium,Use {RequiredStackCount} Minérios de Aetherium
104612,Use minerais refinados,Use {RequiredStackCount} Minerais Refinados
104613,Usar fibras refinadas,Use {RequiredStackCount} Fibras Refinadas
104614,Use gemas refinadas,Use {RequiredStackCount} Gemas Refinadas
104620,Consumir Istarium,Use {RequiredStackCount} Istarium
104621,Usar Minérios de Aetherium,Use {RequiredStackCount} Minérios de Aetherium
104622,Use minerais refinados,Use {RequiredStackCount} Minerais Refinados
104623,Usar fibras refinadas,Use {RequiredStackCount} Fibras Refinadas
104624,Use gemas refinadas,Use {RequiredStackCount} Gemas Refinadas
104630,Consumir Istarium,Use {RequiredStackCount} Istarium
104631,Usar Minérios de Aetherium,Use {RequiredStackCount} Minérios de Aetherium
104632,Use minerais refinados,Use {RequiredStackCount} Minerais Refinados
104633,Usar fibras refinadas,Use {RequiredStackCount} Fibras Refinadas
104634,Use gemas refinadas,Use {RequiredStackCount} Gemas Refinadas
104700,Limpar Arbiter’s Ordeal,Limpar Arbiter’s Ordeal {RequiredStackCount} vezes
104701,Limpar Arbiter’s Ordeal,Limpar Arbiter’s Ordeal {RequiredStackCount} vezes
104702,Limpar Arbiter’s Ordeal,Limpar Arbiter’s Ordeal {RequiredStackCount} vezes
104703,Limpar Arbiter’s Ordeal,Limpar Arbiter’s Ordeal {RequiredStackCount} vezes
104704,Limpar Arbiter’s Ordeal,Limpar Arbiter’s Ordeal {RequiredStackCount} vezes
104705,Limpar Arbiter’s Ordeal,Limpar Arbiter’s Ordeal {RequiredStackCount} vezes
104706,Limpar Arbiter’s Ordeal,Limpar Arbiter’s Ordeal {RequiredStackCount} vezes
104707,Limpar Arbiter’s Ordeal,Limpar Arbiter’s Ordeal {RequiredStackCount} vezes
104708,Limpar Arbiter’s Ordeal,Limpar Arbiter’s Ordeal {RequiredStackCount} vezes
104709,Limpar Arbiter’s Ordeal,Limpar Arbiter’s Ordeal {RequiredStackCount} vezes
104710,Limpar Arbiter’s Ordeal,Limpar Arbiter’s Ordeal {RequiredStackCount} vezes
104711,Limpar Arbiter’s Ordeal,Limpar Arbiter’s Ordeal {RequiredStackCount} vezes
104810,Derrote monstros da Forsaken Land,Derrote {RequiredStackCount} monstros de Forsaken Lands
104811,Participe de Incursões,Participe de incursões {RequiredStackCount} vezes
104812,Complete comissões diárias,Concluído {RequiredStackCount} Comissões diárias
104813,Equipar Spellstones,Equipar Spellstones {RequiredStackCount} vezes
104814,Consumir Memorites,Consumir memórias {RequiredStackCount}
104820,Derrote Monstros na Temporal Barrier,Derrote Monstros {RequiredStackCount} (Temporal Barrier)
104821,Participe da Grande Incursão,Participe de Grandes Incursões {RequiredStackCount} vezes
104822,Completar comissões semanais,Concluído {RequiredStackCount} Comissões semanais
104823,Participe do Artificial Tesseract,Participe de Tesseract {RequiredStackCount} vezes
104824,Limpar Arbiter’s Ordeal,Limpar Arbiter’s Ordeal {RequiredStackCount} vezes
104830,Derrote os monstros da Giant's Tower,Derrote Monstros {RequiredStackCount} na Giant's Tower
104831,Participe de Incursões,Participe de incursões {RequiredStackCount} vezes
104832,Limpar Rifts,Limpar Rift {RequiredStackCount} Vezes
104833,Participe do Artificial Tesseract,Participe de Tesseract {RequiredStackCount} vezes
104834,Consumir Memorites,Consumir memórias {RequiredStackCount}
104840,Derrote Abyss Battlefield Monstros,Derrotar {RequiredStackCount} Abyss Battlefield Monstros
104841,Participe da Grande Incursão,Participe de Grandes Incursões {RequiredStackCount} vezes
104842,Limpar Rifts,Limpar Rift {RequiredStackCount} Vezes
104843,Limpar Arbiter’s Ordeal,Limpar Arbiter’s Ordeal {RequiredStackCount} vezes
104844,Lute na Angbar Arena,Lute na Angbar Arena {RequiredStackCount} vezes
104900,Derrote Chefes Mundiais,Derrote Chefes Mundiais {RequiredStackCount} vezes
104901,Derrote Chefes Mundiais,Derrote Chefes Mundiais {RequiredStackCount} vezes
104902,Derrote Chefes Mundiais,Derrote Chefes Mundiais {RequiredStackCount} vezes
104903,Derrote chefes de campo,Derrote chefes de campo {RequiredStackCount} vezes
104904,Derrote chefes de campo,Derrote chefes de campo {RequiredStackCount} vezes
104905,Derrote chefes de campo,Derrote chefes de campo {RequiredStackCount} vezes
105000,Verifique se,Login {RequiredStackCount} vezes no total
105001,Equipamento de artesanato,Equipamento de artesanato {RequiredStackCount} vezes
105002,Melhorar equipamento,Aprimorar equipamento {RequiredStackCount} vezes
105003,Tentativa de infusão,Use Infusion-Core {RequiredStackCount} vezes
105004,Usar Stardust,Use {RequiredStackCount} Stardust
105005,Fusível Graça das constelações,Sintetizar Bênção da Constelação {RequiredStackCount} vezes
105006,Fantasia de fusível,Fantasia de fusível {RequiredStackCount} vezes
105007,Fusível Arma Fantasma,Fusível Arma Fantasma {RequiredStackCount} vezes
105008,Avanço da Relíquia Sagrada,Avançando Relíquia Sagrada {RequiredStackCount} vezes
105110,Derrote Monstros,Derrote Monstros {RequiredStackCount}
105111,Obtenha a graça das constelações,Obtenha Bênçãos das Constelações {RequiredStackCount}
105112,Usar Stardust,Use {RequiredStackCount} Stardust
105113,Fusível Graça das constelações,Sintetizar Bênção da Constelação {RequiredStackCount} vezes
105114,Limpar Arbiter’s Ordeal,Limpar Arbiter’s Ordeal {RequiredStackCount} vezes
105120,Derrote Monstros,Derrote Monstros {RequiredStackCount}
105121,Derrote chefes de campo,Derrote chefes de campo {RequiredStackCount} vezes
105122,Derrote o Chefe Mundial,Derrote Chefes Mundiais {RequiredStackCount} vezes
105123,Use tokens Giant’s Vending Machine,Use Giant’s Vending Machine {RequiredStackCount} vezes
105124,Usar cristais de ouro,Use {RequiredStackCount} Cristais de Ouro
105130,Derrote Monstros,Derrote Monstros {RequiredStackCount}
105131,Equipamento de artesanato,Equipamento de artesanato {RequiredStackCount} vezes
105132,Desmontar equipamento,Desmontar equipamento {RequiredStackCount} vezes
105133,Melhorar equipamento,Aprimorar equipamento {RequiredStackCount} vezes
105134,Limpar Rifts,Limpar Rift {RequiredStackCount} Vezes
105200,Complete comissões diárias,Concluído {RequiredStackCount} Comissões diárias
105201,Participe da Grande Incursão,Participe de Grandes Incursões {RequiredStackCount} vezes
105202,Faça login no clã,Faça check-in com seu clã {RequiredStackCount} vezes
105203,Faça login no clã,Faça check-in com seu clã {RequiredStackCount} vezes
105204,Verifique se,Login {RequiredStackCount} vezes no total
105205,Verifique se,Login {RequiredStackCount} vezes no total
105206,Verifique se,Login {RequiredStackCount} vezes no total
105207,Alcance o nível do personagem {RequiredStackCount},Alcance o nível. {RequiredStackCount}
105300,Compre item na Golden Crystal Shop,Compre itens da Golden Crystal Shop {RequiredStackCount} vezes
105301,Compre item na Golden Crystal Shop,Compre itens da Golden Crystal Shop {RequiredStackCount} vezes
105302,Compre item na Golden Crystal Shop,Compre itens da Golden Crystal Shop {RequiredStackCount} vezes
105303,Derrote Abyss Battlefield Monstros,Derrotar {RequiredStackCount} Abyss Battlefield Monstros
105304,Derrote Abyss Battlefield Monstros,Derrotar {RequiredStackCount} Abyss Battlefield Monstros
105305,Derrote Abyss Battlefield Monstros,Derrotar {RequiredStackCount} Abyss Battlefield Monstros
105306,Derrote Abyss Battlefield Monstros,Derrotar {RequiredStackCount} Abyss Battlefield Monstros
105400,Derrote Monstros,Derrote Monstros {RequiredStackCount}
105401,Derrote Monstros,Derrote Monstros {RequiredStackCount}
105402,Complete comissões diárias,Concluído {RequiredStackCount} Comissões diárias
105403,Completar comissões semanais,Concluído {RequiredStackCount} Comissões semanais
105404,Limpar Rifts,Limpar Rift {RequiredStackCount} Vezes
105405,Participe da Grande Incursão,Participe de Grandes Incursões {RequiredStackCount} vezes
105406,Participe de Tesseract Combate,Participe de Tesseract {RequiredStackCount} vezes
105500,Complete comissões diárias,Concluído {RequiredStackCount} Comissões diárias
105501,Participe da Grande Incursão,Participe de Grandes Incursões {RequiredStackCount} vezes
105502,Faça login no clã,Faça check-in com seu clã {RequiredStackCount} vezes
105503,Faça login no clã,Faça check-in com seu clã {RequiredStackCount} vezes
105504,Verifique se,Login {RequiredStackCount} vezes no total
105505,Verifique se,Login {RequiredStackCount} vezes no total
105506,Verifique se,Login {RequiredStackCount} vezes no total
105507,Alcance o nível do personagem. {RequiredStackCount},Alcance o nível. {RequiredStackCount}
105600,Use Selo da Fenda,Use {RequiredStackCount} Selos da Rift
105601,Use Selo da Fenda,Use {RequiredStackCount} Selos da Rift
105602,Use Selo da Fenda,Use {RequiredStackCount} Selos da Rift
105603,Use Selo da Fenda,Use {RequiredStackCount} Selos da Rift
105604,Use Selo da Fenda,Use {RequiredStackCount} Selos da Rift
105605,Use Selo da Fenda,Use {RequiredStackCount} Selos da Rift
105700,Derrote Monstros,Derrote Monstros {RequiredStackCount}
105701,Complete comissões diárias,Concluído {RequiredStackCount} Comissões diárias
105702,Prossiga com o desbloqueio e Despertar,Tentativa de desbloquear e despertar {RequiredStackCount} vezes
105703,Limpar Arbiter’s Ordeal,Limpar Arbiter’s Ordeal {RequiredStackCount} vezes
105704,Participe de Tesseract Combate,Participe de Tesseract {RequiredStackCount} vezes
105705,Derrote Monstros,Derrote Monstros {RequiredStackCount}
105706,Complete comissões diárias,Concluído {RequiredStackCount} Comissões diárias
105707,Prossiga com o desbloqueio e Despertar,Tentativa de desbloquear e despertar {RequiredStackCount} vezes
105708,Limpar Arbiter’s Ordeal,Limpar Arbiter’s Ordeal {RequiredStackCount} vezes
105709,Participe de Tesseract Combate,Participe de Tesseract {RequiredStackCount} vezes
105710,Derrote Monstros,Derrote Monstros {RequiredStackCount}
105711,Completar comissões semanais,Concluído {RequiredStackCount} Comissões semanais
105712,Derrote chefes de campo,Derrote chefes de campo {RequiredStackCount} vezes
105713,Use o tempo quente da Giant's Tower,Use 4 horas de tempo quente da Giant's Tower
105714,Participe da Grande Incursão,Participe de Grandes Incursões {RequiredStackCount} vezes
105715,Derrote Monstros,Derrote Monstros {RequiredStackCount}
105716,Completar comissões semanais,Concluído {RequiredStackCount} Comissões semanais
105717,Derrote chefes de campo,Derrote chefes de campo {RequiredStackCount} vezes
105718,Use o tempo quente da Giant's Tower,Use 8 horas de Tempo quente da Giant's Tower
105719,Participe da Grande Incursão,Participe de Grandes Incursões {RequiredStackCount} vezes
200101,Derrote chefes de campo,Derrote chefes de campo {RequiredStackCount} vezes
200102,Derrote chefes de campo,Derrote chefes de campo {RequiredStackCount} vezes
200103,Derrote chefes de campo,Derrote chefes de campo {RequiredStackCount} vezes
200104,Derrote chefes de campo,Derrote chefes de campo {RequiredStackCount} vezes
200105,Derrote chefes de campo,Derrote chefes de campo {RequiredStackCount} vezes
200106,Derrote chefes de campo,Derrote chefes de campo {RequiredStackCount} vezes
200111,Derrote monstros da Forsaken Lands,Derrote monstros {RequiredStackCount} nas Forsaken Lands
200112,Derrote monstros da Forsaken Lands,Derrote monstros {RequiredStackCount} nas Forsaken Lands
200113,Derrote monstros da Forsaken Lands,Derrote monstros {RequiredStackCount} nas Forsaken Lands
200114,Derrote monstros da Forsaken Lands,Derrote monstros {RequiredStackCount} nas Forsaken Lands
200115,Derrote monstros da Forsaken Lands,Derrote monstros {RequiredStackCount} nas Forsaken Lands
200116,Derrote monstros da Forsaken Lands,Derrote monstros {RequiredStackCount} nas Forsaken Lands
200117,Derrote monstros da Forsaken Lands,Derrote monstros {RequiredStackCount} nas Forsaken Lands
200121,Derrote os monstros da Giant's Tower,Derrote Monstros {RequiredStackCount} na Giant's Tower
200122,Derrote os monstros da Giant's Tower,Derrote Monstros {RequiredStackCount} na Giant's Tower
200123,Derrote os monstros da Giant's Tower,Derrote Monstros {RequiredStackCount} na Giant's Tower
200124,Derrote os monstros da Giant's Tower,Derrote Monstros {RequiredStackCount} na Giant's Tower
200125,Derrote os monstros da Giant's Tower,Derrote Monstros {RequiredStackCount} na Giant's Tower
200126,Derrote os monstros da Giant's Tower,Derrote Monstros {RequiredStackCount} na Giant's Tower
200127,Derrote os monstros da Giant's Tower,Derrote Monstros {RequiredStackCount} na Giant's Tower
200131,Derrote Abyss Battlefield Monstros,Derrotar {RequiredStackCount} Abyss Battlefield Monstros
200132,Derrote Abyss Battlefield Monstros,Derrotar {RequiredStackCount} Abyss Battlefield Monstros
200133,Derrote Abyss Battlefield Monstros,Derrotar {RequiredStackCount} Abyss Battlefield Monstros
200134,Derrote Abyss Battlefield Monstros,Derrotar {RequiredStackCount} Abyss Battlefield Monstros
200135,Derrote Abyss Battlefield Monstros,Derrotar {RequiredStackCount} Abyss Battlefield Monstros
200136,Derrote Abyss Battlefield Monstros,Derrotar {RequiredStackCount} Abyss Battlefield Monstros
200137,Derrote Abyss Battlefield Monstros,Derrotar {RequiredStackCount} Abyss Battlefield Monstros
200141,Derrote Monstros na Temporal Barrier,Derrote Monstros {RequiredStackCount} (Temporal Barrier)
200142,Derrote Monstros na Temporal Barrier,Derrote Monstros {RequiredStackCount} (Temporal Barrier)
200143,Derrote Monstros na Temporal Barrier,Derrote Monstros {RequiredStackCount} (Temporal Barrier)
200144,Derrote Monstros na Temporal Barrier,Derrote Monstros {RequiredStackCount} (Temporal Barrier)
200145,Derrote Monstros na Temporal Barrier,Derrote Monstros {RequiredStackCount} (Temporal Barrier)
200146,Derrote Monstros na Temporal Barrier,Derrote Monstros {RequiredStackCount} (Temporal Barrier)
200147,Derrote Monstros na Temporal Barrier,Derrote Monstros {RequiredStackCount} (Temporal Barrier)
200151,Primeira Repulsão da Grande Incursão,Primeira Repulsão da Grande Incursão Level 2
200152,Primeira Repulsão da Grande Incursão,Primeira Repulsão da Grande Incursão Level 3
200153,Primeira Repulsão da Grande Incursão,Primeira Repulsão da Grande Incursão Level 4
200154,Primeira Repulsão da Grande Incursão,Primeira Repulsão da Grande Incursão Level 5
200201,Primeiro a atingir o nível,Primeiro a atingir o nível {RequiredStackCount}
200202,Primeiro a atingir o nível,Primeiro a atingir o nível {RequiredStackCount}
200203,Primeiro a atingir o nível,Primeiro a atingir o nível {RequiredStackCount}
200204,Primeiro a atingir o nível,Alcance o poder de combate {RequiredStackCount}
200205,Primeiro a atingir o nível,Alcance o poder de combate {RequiredStackCount}
200206,Primeiro a atingir o nível,Alcance o poder de combate {RequiredStackCount}
200207,Primeiro a atingir o nível,Alcance o poder de combate {RequiredStackCount}
200208,Primeiro a atingir o nível,Alcance o poder de combate {RequiredStackCount}
200209,Primeiro a obter a fantasia,Primeiro a obter a fantasia de 5 estrelas
200210,Primeiro a obter a fantasia,Primeiro a obter a fantasia de 6 estrelas
200211,Adquirir Arma Fantasma,Primeiro a obter a arma fantasma de 5 estrelas
200212,Adquirir Arma Fantasma,Primeiro a obter a arma fantasma de 6 estrelas
200213,Primeiro a adquirir o cartão Grace of the constellations,Primeiro a adquirir o cartão 5 estrelas Grace of the constellations
200214,Primeiro a obter obtenha Glide Mount,Primeiro a obter 4 estrelas Glide Mount
200220,Primeiro a atingir o nível de aprimoramento de arma,Primeiro a alcançar +{RequiredStackCount} em arma de 3 estrelas ou superior
200221,Primeiro a atingir o nível de aprimoramento de arma,Primeiro a alcançar +{RequiredStackCount} em arma de 3 estrelas ou superior
200222,Primeiro a atingir o nível de aprimoramento de arma,Primeiro a alcançar +{RequiredStackCount} em arma de 3 estrelas ou superior
200223,Primeiro a atingir o nível de aprimoramento de armadura,Primeiro a alcançar +{RequiredStackCount} em armadura de 3 estrelas ou superior
200224,Primeiro a atingir o nível de aprimoramento de armadura,Primeiro a alcançar +{RequiredStackCount} em armadura de 3 estrelas ou superior
200225,Primeiro a atingir o nível de aprimoramento de armadura,Primeiro a alcançar +{RequiredStackCount} em armadura de 3 estrelas ou superior
200226,Primeiro a atingir o nível de aprimoramento de acessório,Primeiro a alcançar +{RequiredStackCount} em acessório de 3 estrelas ou superior
200227,Primeiro a atingir o nível de aprimoramento de acessório,Primeiro a alcançar +{RequiredStackCount} em acessório de 3 estrelas ou superior
200228,Primeiro a atingir o nível de aprimoramento de acessório,Primeiro a alcançar +{RequiredStackCount} em acessório de 3 estrelas ou superior
200229,Adquira uma Relic of Subjugation pela primeira vez,Adquira uma Relic of Subjugation de Nível 8 pela primeira vez
200230,Adquira uma Relic of Subjugation pela primeira vez,Adquira uma Relic of Subjugation de Nível 9 pela primeira vez
200231,Adquira uma Relic of Subjugation pela primeira vez,Adquira uma Relic of Subjugation Nível 10 pela primeira vez
200232,Adquira uma Relic of Loyalty pela primeira vez,Adquira uma Relic of Loyalty Nível 8 pela primeira vez
200233,Adquira uma Relic of Loyalty pela primeira vez,Adquira uma Relic of Loyalty Nível 9 pela primeira vez
200234,Adquira uma Relic of Loyalty pela primeira vez,Adquira uma Relic of Loyalty Nível 10 pela primeira vez
200241,Primeiro a atingir o nível de clã,Primeiro a atingir o nível de clã {RequiredStackCount}
200242,Primeiro a atingir o nível de clã,Primeiro a atingir o nível de clã {RequiredStackCount}
200243,Primeiro a atingir o nível de clã,Primeiro a atingir o nível de clã {RequiredStackCount}
200244,Primeiro a limpar o Clan Raid,Limpar Angbar Arena I (Fácil)
200245,Primeiro a limpar o Clan Raid,Limpar Angbar Arena I (Normal)
200246,Primeiro a limpar o Clan Raid,Limpar Angbar Arena I (Difícil)
200247,Primeiro a limpar o Clan Raid,Limpar Angbar Arena II (Fácil)
200248,Primeiro a limpar o Clan Raid,Limpar Angbar Arena II (Normal)
200249,Primeiro a limpar o Clan Raid,Limpar Angbar Arena II (Difícil)
200251,Conseguir Pesquisa da Guilda dos Ferreiros,Primeiro a alcançar a Pesquisa da Guilda dos Ferreiros {RequiredStackCount} vezes
200252,Conseguir Pesquisa da Guilda dos Ferreiros,Primeiro a alcançar a Pesquisa da Guilda dos Ferreiros {RequiredStackCount} vezes
200253,Conseguir Pesquisa da Guilda dos Ferreiros,Primeiro a alcançar a Pesquisa da Guilda dos Ferreiros {RequiredStackCount} vezes
200254,Conseguir Pesquisa da Guilda dos Ferreiros,Primeiro a alcançar a Pesquisa da Guilda dos Ferreiros {RequiredStackCount} vezes
200255,Alcançar Pesquisa da Guilda dos Artesãos,Primeiro a alcançar a Pesquisa da Guilda dos Artesãos {RequiredStackCount} vezes
200256,Alcançar Pesquisa da Guilda dos Artesãos,Primeiro a alcançar a Pesquisa da Guilda dos Artesãos {RequiredStackCount} vezes
200257,Alcançar Pesquisa da Guilda dos Artesãos,Primeiro a alcançar a Pesquisa da Guilda dos Artesãos {RequiredStackCount} vezes
200258,Alcançar Pesquisa da Guilda dos Artesãos,Primeiro a alcançar a Pesquisa da Guilda dos Artesãos {RequiredStackCount} vezes
200261,Primeiro a derrotar o chefe,Primeiro a derrotar Karugura
200262,Primeiro a derrotar o chefe,Primeiro a derrotar Tagar
200263,Primeiro a derrotar o chefe,Primeiro a derrotar Gigaz
200264,Primeiro a derrotar o chefe,Primeiro a derrotar Urukkur
200265,Primeiro a derrotar o chefe,Primeiro para derrotar Mushgal
200266,Primeiro a derrotar o chefe,Primeiro a derrotar Kirjur
200267,Primeiro a derrotar o chefe,Primeiro a derrotar Agarash
200268,Primeiro a derrotar o chefe,Primeiro a derrotar Shagriga
200269,Primeiro a derrotar o chefe,Primeiro a derrotar Ereshianna
200270,Primeiro a derrotar o chefe,Primeira derrota de Saharnugal
200271,Primeiro a derrotar o chefe,Primeira derrota de Daidalkur
200272,Primeiro a derrotar o chefe,Primeira derrota de Saurgir
200273,Primeiro a derrotar o chefe,Primeira derrota de Galarusia
200274,Primeiro a derrotar o chefe,Primeira derrota de Aluk
200275,Primeiro a derrotar o chefe,Primeira derrota de Kakazu
200276,Primeiro a derrotar o chefe,Primeira derrota de Lugaz
200277,Primeiro a derrotar o chefe,Primeira derrota de Shahgal
200278,Primeiro a derrotar o chefe,Primeira derrota de Gishkal
200279,Primeiro a derrotar o chefe,Primeira derrota de Halpasiam
105800,Derrote Monstros,Derrote Monstros {RequiredStackCount}
105801,Derrote Monstros,Derrote Monstros {RequiredStackCount}
105802,Derrote Monstros,Derrote Monstros {RequiredStackCount}
105803,Use Combat Consumable,Use consumíveis de combate {RequiredStackCount} vezes
105804,Use Combat Consumable,Use consumíveis de combate {RequiredStackCount} vezes
105805,Use Combat Consumable,Use consumíveis de combate {RequiredStackCount} vezes
105806,Derrote chefes de campo,Derrote chefes de campo {RequiredStackCount} vezes
105807,Derrote chefes de campo,Derrote chefes de campo {RequiredStackCount} vezes
105808,Derrote chefes de campo,Derrote chefes de campo {RequiredStackCount} vezes
105900,Lesser Attunement Chest: uso do personagem,Lesser Attunement Chest: use o de {RequiredStackCount} personagens
105901,página de desbloqueio,Desbloquear qualquer página {RequiredStackCount} vezes
105902,Alcance o nível de sintonização total,Alcance o nível de sintonização total {RequiredStackCount}
105903,Alcance o nível de sintonização total,Alcance o nível de sintonização total {RequiredStackCount}
105904,Alcance o nível de sintonização total,Alcance o nível de sintonização total {RequiredStackCount}
105905,Alcance o nível de sintonização total,Alcance o nível de sintonização total {RequiredStackCount}
105906,Lesser Attunement Chest: obtenha o personagem,Lesser Attunement Chest: obtenha o de personagem {RequiredStackCount} vezes
106000,Doação do Clã,Doe para o seu clã {RequiredStackCount} vezes
106001,Doação do Clã,Doe para o seu clã {RequiredStackCount} vezes
106002,Doação do Clã,Doe para o seu clã {RequiredStackCount} vezes
106003,Missão do clã concluída,Complete as missões do clã {RequiredStackCount} vezes
106004,Missão do clã concluída,Complete as missões do clã {RequiredStackCount} vezes
106005,Concluir Clan Expedition,Limpar Clan Expedition {RequiredStackCount} vezes
106006,Concluir Clan Expedition,Limpar Clan Expedition {RequiredStackCount} vezes
106007,Limpar Angbar Arena,Limpar Angbar Arena {RequiredStackCount} vezes
106100,Participe de Shadow Incursion,Participe da Shadow Incursion {RequiredStackCount} vezes
106101,Participe de Shadow Incursion,Participe da Shadow Incursion {RequiredStackCount} vezes
106102,Participe de Shadow Incursion,Participe da Shadow Incursion {RequiredStackCount} vezes
106103,Parar a incursão,Parar a incursão {RequiredStackCount} vezes
106104,Parar a incursão,Parar a incursão {RequiredStackCount} vezes
106105,Parar a incursão,Parar a incursão {RequiredStackCount} vezes
106106,Participe da Grande Incursão,Participe de Grandes Incursões {RequiredStackCount} vezes
106107,Participe da Grande Incursão,Participe de Grandes Incursões {RequiredStackCount} vezes
106200,Derrote chefes de campo,Derrote chefes de campo {RequiredStackCount} vezes
106201,Derrote chefes de campo,Derrote chefes de campo {RequiredStackCount} vezes
106202,Derrote chefes de campo,Derrote chefes de campo {RequiredStackCount} vezes
106203,Derrote chefes de campo,Derrote chefes de campo {RequiredStackCount} vezes
106204,Derrote chefes de campo,Derrote chefes de campo {RequiredStackCount} vezes
106205,Derrote chefes de campo,Derrote chefes de campo {RequiredStackCount} vezes
106300,Derrote Abyss Battlefield Monstros,Derrotar {RequiredStackCount} Abyss Battlefield Monstros
106301,Use Selo da Fenda,Use {RequiredStackCount} Selos da Rift
106302,Desmontar equipamento,Desmontar equipamento {RequiredStackCount} vezes
106303,Melhorar equipamento,Aprimorar equipamento {RequiredStackCount} vezes
106304,Tentativa de ressonância,Tentativa de ressonância {RequiredStackCount} vezes
106305,Tentativa de ressonância,Tentativa de ressonância {RequiredStackCount} vezes
106306,Tentativa de ressonância,Tentativa de ressonância {RequiredStackCount} vezes
106307,Redefinir ressonância,Redefinir ressonância {RequiredStackCount} vezes
106400,Derrote Monstros,Derrote Monstros {RequiredStackCount}
106401,Derrote Monstros,Derrote Monstros {RequiredStackCount}
106402,Derrote Monstros,Derrote Monstros {RequiredStackCount}
106403,Derrote chefes de campo,Derrote chefes de campo {RequiredStackCount} vezes
106404,Derrote chefes de campo,Derrote chefes de campo {RequiredStackCount} vezes
106405,Use Selo da Fenda,Use {RequiredStackCount} Selos da Rift
106406,Use Selo da Fenda,Use {RequiredStackCount} Selos da Rift
106407,Participe de Tesseract,Participe de Tesseract {RequiredStackCount} vezes
106408,Participe de Tesseract,Participe de Tesseract {RequiredStackCount} vezes
106409,Limpar Arbiter’s Ordeal,Limpar Arbiter’s Ordeal {RequiredStackCount} vezes
106410,Limpar Arbiter’s Ordeal,Limpar Arbiter’s Ordeal {RequiredStackCount} vezes
106411,Participe da Grande Incursão,Participe de Grandes Incursões {RequiredStackCount} vezes
106412,Participe da Grande Incursão,Participe de Grandes Incursões {RequiredStackCount} vezes
106500,Use baú especial de aniversário de 200 dias,Use {RequiredStackCount} Baús especiais de aniversário de 200 dias
106501,Use baú especial de aniversário de 200 dias,Use {RequiredStackCount} Baús especiais de aniversário de 200 dias
106502,Use baú especial de aniversário de 200 dias,Use {RequiredStackCount} Baús especiais de aniversário de 200 dias
106503,Use baú especial de aniversário de 200 dias,Use {RequiredStackCount} Baús especiais de aniversário de 200 dias
106504,Use baú especial de aniversário de 200 dias,Use {RequiredStackCount} Baús especiais de aniversário de 200 dias
106505,Use baú especial de aniversário de 200 dias,Use {RequiredStackCount} Baús especiais de aniversário de 200 dias
106601,Derrote o Monstro Chefe de Campo,Derrote chefes de campo {RequiredStackCount} vezes
106602,Complete as comissões diárias Commission House,Concluído {RequiredStackCount} Comissões diárias
106603,Limpar Arbiter’s Ordeal,Limpar Arbiter’s Ordeal {RequiredStackCount} vezes
106604,Use 200-Day Anniversary Celebration Coins,Use {RequiredStackCount} 200-Day Anniversary Celebration Coins
106606,Derrote o Monstro Chefe de Campo,Derrote chefes de campo {RequiredStackCount} vezes
106607,Complete as comissões diárias Commission House,Concluído {RequiredStackCount} Comissões diárias
106608,Limpar Arbiter’s Ordeal,Limpar Arbiter’s Ordeal {RequiredStackCount} vezes
106609,Use 200-Day Anniversary Celebration Coins,Use {RequiredStackCount} 200-Day Anniversary Celebration Coins
106611,Derrote o Monstro Chefe de Campo,Derrote chefes de campo {RequiredStackCount} vezes
106612,Parar a incursão,Parar a incursão {RequiredStackCount} vezes
106613,Participe da Grande Incursão,Participe de Grandes Incursões {RequiredStackCount} vezes
106614,Use o 200-Day Anniversary Celebration Roulette Ticket,Use {RequiredStackCount} Bilhetes de Roleta para comemoração de aniversário de 200 dias
106616,Derrote o Monstro Chefe de Campo,Derrote chefes de campo {RequiredStackCount} vezes
106617,Parar a incursão,Parar a incursão {RequiredStackCount} vezes
106618,Participe da Grande Incursão,Participe de Grandes Incursões {RequiredStackCount} vezes
106619,Use o Roulette Ticket para comemoração de aniversário de 200 dias,Use {RequiredStackCount} Bilhetes de Roleta para comemoração de aniversário de 200 dias
106700,Use Selos da Fenda,Use {RequiredStackCount} Selos da Rift
106800,Primeiro a alcançar a posição de Governante Supremo no Campo de Batalha,Primeiro a alcançar a posição de Governante Supremo no Campo de Batalha
106801,Primeira Ativação de Buff de Servidor,Ativar Buff de Servidor pela primeira vez
106802,Primeiro a obter a Alma do Guardião,Obtenha a Alma do Guardião pela primeira vez
106803,Golpe final em Akarakatum,Golpe final em Akarakatam {RequiredStackCount} vezes
106804,Golpe final em Akarakatum,Golpe final em Akarakatam {RequiredStackCount} vezes
106805,Golpe final em Akarakatum,Golpe final em Akarakatam {RequiredStackCount} vezes
106806,Obtenha Tesouro Abissal,Obtenha o Tesouro Abissal {RequiredStackCount} vezes
106807,Obtenha Tesouro Abissal,Obtenha o Tesouro Abissal {RequiredStackCount} vezes
106808,Obtenha Tesouro Abissal,Obtenha o Tesouro Abissal {RequiredStackCount} vezes
106900,Participe de Raids de Rift Boss,Participe de Rift Boss Raids {RequiredStackCount} vezes
106901,Participe de Raids de Rift Boss,Participe de Rift Boss Raids {RequiredStackCount} vezes
106902,Participe de Raids de Rift Boss,Participe de Rift Boss Raids {RequiredStackCount} vezes
106903,Participe de Raids de Rift Boss,Participe de Rift Boss Raids {RequiredStackCount} vezes
106904,Reivindicar recompensas do Rift Boss,Reivindique recompensas do Rift Boss {RequiredStackCount} vezes
106905,Reivindicar recompensas do Rift Boss,Reivindique recompensas do Rift Boss {RequiredStackCount} vezes
106906,Reivindicar recompensas do Rift Boss,Reivindique recompensas do Rift Boss {RequiredStackCount} vezes
107000,Derrote chefes de campo,Derrote chefes de campo {RequiredStackCount} vezes
107001,Derrote chefes de campo,Derrote chefes de campo {RequiredStackCount} vezes
107002,Derrote chefes de campo,Derrote chefes de campo {RequiredStackCount} vezes
107003,Derrote chefes de campo,Derrote chefes de campo {RequiredStackCount} vezes
107004,Derrote Chefes Mundiais,Derrote Chefes Mundiais {RequiredStackCount} vezes
107005,Derrote Chefes Mundiais,Derrote Chefes Mundiais {RequiredStackCount} vezes
107006,Derrote Chefes Mundiais,Derrote Chefes Mundiais {RequiredStackCount} vezes
107007,Derrote Chefes Mundiais,Derrote Chefes Mundiais {RequiredStackCount} vezes
107100,Insira o corredor perpétuo,Usar tíquetes de corredor perpétuo {RequiredStackCount} vezes
107101,Insira o corredor perpétuo,Usar tíquetes de corredor perpétuo {RequiredStackCount} vezes
107102,Insira o corredor perpétuo,Usar tíquetes de corredor perpétuo {RequiredStackCount} vezes
107103,Concluir estágio {RequiredStackCount},Limpar estágio do corredor perpétuo {RequiredStackCount}
107104,Concluir estágio {RequiredStackCount},Limpar estágio do corredor perpétuo {RequiredStackCount}
107105,Concluir estágio {RequiredStackCount},Limpar estágio do corredor perpétuo {RequiredStackCount}
107106,Jogar a fase de classificação,Jogar a fase de classificação {RequiredStackCount} vezes
107107,Jogar a fase de classificação,Jogar a fase de classificação {RequiredStackCount} vezes
107108,Jogar a fase de classificação,Jogar a fase de classificação {RequiredStackCount} vezes
107200,Derrote Monstros,Derrote Monstros {RequiredStackCount}
107201,Participe da Grande Incursão,Participe de Grandes Incursões {RequiredStackCount} vezes
107202,Use Combat Consumable,Use consumíveis de combate {RequiredStackCount} vezes
107203,Melhorar equipamento,Aprimorar equipamento {RequiredStackCount} vezes
107204,Limpar Arbiter’s Ordeal,Limpar Arbiter’s Ordeal {RequiredStackCount} vezes
107205,Derrote Monstros,Derrote Monstros {RequiredStackCount}
107206,Participe da Grande Incursão,Participe de Grandes Incursões {RequiredStackCount} vezes
107207,Consumir Memorites,Consumir memórias {RequiredStackCount}
107208,Desmontar equipamento,Desmontar equipamento {RequiredStackCount} vezes
107209,Limpar Arbiter’s Ordeal,Limpar Arbiter’s Ordeal {RequiredStackCount} vezes
107210,Derrote Monstros,Derrote Monstros {RequiredStackCount}
107211,Participe de Shadow Incursion,Participe da Shadow Incursion {RequiredStackCount} vezes
107212,Participe de Tesseract,Participe de Tesseract {RequiredStackCount} vezes
107213,Use o tempo quente da Giant's Tower,Use 4 horas de tempo quente da Giant's Tower
107214,Use Selo da Fenda,Use {RequiredStackCount} Selos da Rift
107215,Derrote Monstros,Derrote Monstros {RequiredStackCount}
107216,Participe de Shadow Incursion,Participe da Shadow Incursion {RequiredStackCount} vezes
107217,Participe de Tesseract,Participe de Tesseract {RequiredStackCount} vezes
107218,Use Abyss Battlefield,Use Abyss Battlefield por 2 horas
107219,Participe de Raids de Rift Boss,Participe de Rift Boss Raids {RequiredStackCount} vezes
107301,Usar Istarium,Use {RequiredStackCount} Istarium
107302,Usar Istarium,Use {RequiredStackCount} Istarium
107303,Crie equipamento de 1 estrela,Crie equipamento de 1 estrela {RequiredStackCount} vezes
107304,Crie equipamento de 1 estrela,Crie equipamento de 1 estrela {RequiredStackCount} vezes
107305,Crie equipamento de 2 estrelas,Crie equipamento de 2 estrelas {RequiredStackCount} vezes
107306,Crie equipamento de 2 estrelas,Crie equipamento de 2 estrelas {RequiredStackCount} vezes
107307,Crie equipamento de 3 estrelas,Crie equipamento de 3 estrelas {RequiredStackCount} vezes
107308,Crie equipamento de 3 estrelas,Crie equipamento de 3 estrelas {RequiredStackCount} vezes
107309,Craft 4★ Equipamento,Craft 4★ Equipamento {RequiredStackCount} tempo(s)
107310,Criar Equipment Lucky Chest,Criar Equipment Lucky Chest {RequiredStackCount} vez(es)
107412,Limpar a Incursão de Ataque,Limpar a Incursão de Ataque {RequiredStackCount} tempo(s)
107413,Reivindicar recompensa Beast Giant,Reivindicar recompensa Beast Giant {RequiredStackCount} tempo(s)
107414,Desbloquear Attunement de Attack on Titan,Desbloquear Attunement de Attack on Titan
107415,Use Attack on Titan Vending Machine,Usar a Attack on Titan Vending Machine {RequiredStackCount} vez(es)
107422,Limpar a Incursão de Ataque,Limpar a Incursão de Ataque {RequiredStackCount} tempo(s)
107423,Reivindicar recompensa Beast Giant,Reivindicar recompensa Beast Giant {RequiredStackCount} tempo(s)
107424,Subir o nível do Attunement de Attack on Titan,Subir o nível do Attunement de Attack on Titan {RequiredStackCount} vez(es)
107425,Use Attack on Titan Vending Machine,Usar Attack on Titan Vending Machine {RequiredStackCount} tempo(s)
107432,Limpar a Incursão de Ataque,Limpar a Incursão de Ataque {RequiredStackCount} tempo(s)
107433,Reivindicar recompensa Beast Giant,Reivindicar recompensa Beast Giant {RequiredStackCount} tempo(s)
107434,Aumentar o nível da página de sintonia do regimento Scount,Alcance o nível {RequiredStackCount} em Página de sintonização do Survey Corps
107435,Use Attack on Titan Vending Machine,Usar Attack on Titan Vending Machine {RequiredStackCount} tempo(s)
107442,Participe do Beast Giant,Participe do(s) tempo(s) Beast Giant {RequiredStackCount}
107443,Reivindicar recompensa Beast Giant,Reivindicar recompensa Beast Giant {RequiredStackCount} tempo(s)
107444,Aumentar o nível da página de sintonia de Colossal Titan,Alcance o nível {RequiredStackCount} na página de sintonização Colossal Titan
107445,Use Attack on Titan Vending Machine,Usar Attack on Titan Vending Machine {RequiredStackCount} tempo(s)
210000,Conquista de Nível,Alcance o nível {RequiredStackCount}
210001,Conquista de Nível,Alcance o nível {RequiredStackCount}
210002,Conquista de Nível,Alcance o nível {RequiredStackCount}
210003,Conquista de Nível,Alcance o nível {RequiredStackCount}
210004,Conquista de Nível,Alcance o nível {RequiredStackCount}
210005,Conquista de Nível,Alcance o nível {RequiredStackCount}
210006,Conquista de Nível,Alcance o nível {RequiredStackCount}
210100,Derrote Monstros,Derrote Monstros {RequiredStackCount}
210101,Derrote Monstros,Derrote Monstros {RequiredStackCount}
210102,Derrote chefes de campo,Derrote chefes de campo {RequiredStackCount} vezes
210103,Derrote chefes de campo,Derrote chefes de campo {RequiredStackCount} vezes
210104,Doação do Clã,Doe para o seu clã {RequiredStackCount} vezes
210105,Doação do Clã,Doe para o seu clã {RequiredStackCount} vezes
210106,Equipamento de artesanato,Equipamento de artesanato {RequiredStackCount} vezes
210107,Desmontar equipamento,Desmontar equipamento {RequiredStackCount} vezes
210108,Limpar Arbiter’s Ordeal,Limpar Arbiter’s Ordeal {RequiredStackCount} vezes
210109,Limpar Arbiter’s Ordeal,Limpar Arbiter’s Ordeal {RequiredStackCount} vezes
210110,Use o tempo quente da Giant's Tower,Use o tempo quente da Giant's Tower por 3 horas
210111,Participe da Grande Incursão,Participe da Grande Incursão {RequiredStackCount} vezes
210112,Participe da Grande Incursão,Participe da Grande Incursão {RequiredStackCount} vezes
210200,Equipamento de artesanato,Equipamento de artesanato {RequiredStackCount} vezes
210201,Desmontar equipamento,Desmontar equipamento {RequiredStackCount} vezes
210202,Melhorar equipamento,Tentativa de aprimoramento de equipamento {RequiredStackCount} vezes
210203,Obtenha a graça das constelações,Obtenha Bênçãos das Constelações {RequiredStackCount}
210204,Complete comissões diárias,Concluído {RequiredStackCount} Comissões diárias
210205,Doação do Clã,Doe para o seu clã {RequiredStackCount} vezes
210206,Derrote Monstros,Derrote Monstros {RequiredStackCount}
210207,Usar Stardust,Use {RequiredStackCount} Stardust
210208,Fusível Graça das constelações,Sintetizar Bênção da Constelação {RequiredStackCount} vezes
210209,Use consumíveis de combate,Use consumíveis de combate {RequiredStackCount} vezes
210210,Limpar Rifts,Limpar Rift {RequiredStackCount} Vezes
210211,Derrote chefes de campo,Derrote chefes de campo {RequiredStackCount} vezes
210212,Use o tempo quente da Giant's Tower,Use o tempo quente da Giant's Tower por 4 horas
210213,Participe de Incursões,Participe de incursões {RequiredStackCount} vezes
210214,Completar comissões semanais,Concluído {RequiredStackCount} Comissões semanais
210215,Derrote Monstros,Derrote Monstros {RequiredStackCount}
210216,Derrote Monstros,Derrote Monstros {RequiredStackCount}
210217,Participe da Grande Incursão,Participe da Grande Incursão {RequiredStackCount} vezes
210218,Melhorar equipamento,Tentativa de aprimoramento de equipamento {RequiredStackCount} vezes
210219,Use tokens Giant’s Vending Machine,Use Giant’s Vending Machine {RequiredStackCount} vezes
9031101,Use pão bruto,Use {RequiredStackCount} Pão cru
9031102,Use Meia Batata,Use {RequiredStackCount} Meia Batata
9031103,Usar Cup of Black Tea,Use {RequiredStackCount} Xícaras de chá preto
9031104,Derrote Monstros,Derrote Monstros {RequiredStackCount}
9031105,Use Attack on Titan Vending Machine,Usar Attack on Titan Vending Machine {RequiredStackCount} tempo(s)
9031106,Equipamento de artesanato,Equipamento de artesanato {RequiredStackCount} vezes
9031107,Use Combat Consumable,Use {RequiredStackCount} Consumíveis de combate
9031108,Participe de Tesseract,Participe de Tesseract {RequiredStackCount} vezes
9031109,Melhorar equipamento,Melhorar equipamento {RequiredStackCount} tempo(s)
9031110,Participe da Grande Incursão,Participe da Grande Incursão {RequiredStackCount} vezes
9031201,Use pão bruto,Use {RequiredStackCount} Pão cru
9031202,Use Meia Batata,Use {RequiredStackCount} Meia Batata
9031203,Usar Cup of Black Tea,Use {RequiredStackCount} Xícaras de chá preto
9031204,Derrote Monstros na Temporal Barrier,Derrote Monstros {RequiredStackCount} (Temporal Barrier)
9031205,Use máquinas de venda automática,Use máquinas de venda automática {RequiredStackCount} vezes
9031206,Núcleos de infusão artesanal,Craft {RequiredStackCount} Núcleos de Infusão
9031207,Usar Stardust,Use {RequiredStackCount} Stardust
9031208,Lute na Angbar Arena,Lute na Angbar Arena {RequiredStackCount} vezes
9031209,Fantasia de fusível,Fantasia de fusível {RequiredStackCount} vezes
9031210,Participe da Incursão de Ataque,Participe da incursão de ataque {RequiredStackCount} tempo(s)
9031301,Use pão bruto,Use {RequiredStackCount} Pão cru
9031302,Use Meia Batata,Use {RequiredStackCount} Meia Batata
9031303,Usar Cup of Black Tea,Use {RequiredStackCount} Xícaras de chá preto
9031304,Derrote Monstros,Derrote Monstros {RequiredStackCount}
9031305,Use tokens Giant’s Vending Machine,Use tempo(s) Giant’s Vending Machine {RequiredStackCount}
9031306,Criar Equipment Lucky Chest,Crie {RequiredStackCount} Equipment Lucky Chests
9031307,Usar Minérios de Aetherium,Use {RequiredStackCount} Minérios de Aetherium
9031308,Participe em Rift,Participe de Rift {RequiredStackCount} vez(es)
9031309,Fusível Arma Fantasma,Fusível Arma Fantasma {RequiredStackCount} vezes
9031310,Participe da Incursão de Ataque,Participe da incursão de ataque {RequiredStackCount} tempo(s)
9031401,Use pão bruto,Use {RequiredStackCount} Pão cru
9031402,Use Meia Batata,Use {RequiredStackCount} Meia Batata
9031403,Usar Cup of Black Tea,Use {RequiredStackCount} Xícaras de chá preto
9031404,Derrote Monstros na Temporal Barrier,Derrote Monstros {RequiredStackCount} (Temporal Barrier)
9031405,Use Attack on Titan Vending Machine,Usar Attack on Titan Vending Machine {RequiredStackCount} tempo(s)
9031406,Planador artesanal,Craft {RequiredStackCount} Planadores
9031407,Use Memorites,Use memórias {RequiredStackCount}
9031408,Limpar Arbiter’s Ordeal,Limpar Arbiter’s Ordeal {RequiredStackCount} vezes
9031409,Fusível Graça das constelações,Sintetizar Bênção da Constelação {RequiredStackCount} vezes
9031410,Participe da Grande Incursão de Ataque,Participe da Grande Incursão de Ataque {RequiredStackCount} vez(es)
107501,Participe da Grande Incursão de Ataque,Participe da Grande Incursão de Ataque {RequiredStackCount} vez(es)
107502,Participe da Grande Incursão de Ataque,Participe da Grande Incursão de Ataque {RequiredStackCount} vez(es)
107503,Participe da Grande Incursão de Ataque,Participe da Grande Incursão de Ataque {RequiredStackCount} vez(es)
107504,Pare o Ataque da Incursão,Limpar a Incursão de Ataque {RequiredStackCount} tempo(s)
107505,Pare o Ataque da Incursão,Limpar a Incursão de Ataque {RequiredStackCount} tempo(s)
107506,Pare o Ataque da Incursão,Limpar a Incursão de Ataque {RequiredStackCount} tempo(s)
107507,Limpar a Grande Incursão de Ataque,Limpar a Grande Incursão de Ataque {RequiredStackCount} tempo(s)
107508,Limpar a Grande Incursão de Ataque,Limpar a Grande Incursão de Ataque {RequiredStackCount} tempo(s)
107509,Limpar a Grande Incursão de Ataque,Limpar a Grande Incursão de Ataque {RequiredStackCount} tempo(s)
107601,Compre item na Golden Crystal Shop,Compre itens da Golden Crystal Shop {RequiredStackCount} vezes
107602,Compre item na Golden Crystal Shop,Compre itens da Golden Crystal Shop {RequiredStackCount} vezes
107603,Compre item na Golden Crystal Shop,Compre itens da Golden Crystal Shop {RequiredStackCount} vezes
107604,Derrote Abyss Battlefield Monstros,Derrotar {RequiredStackCount} Abyss Battlefield Monstros
107605,Derrote Abyss Battlefield Monstros,Derrotar {RequiredStackCount} Abyss Battlefield Monstros
107606,Derrote Abyss Battlefield Monstros,Derrotar {RequiredStackCount} Abyss Battlefield Monstros
107607,Derrote Abyss Battlefield Monstros,Derrotar {RequiredStackCount} Abyss Battlefield Monstros
1080001,Derrote monstros da Forsaken Land,Derrotar {RequiredStackCount} Monstros de Forsaken Land
1080002,Derrote monstros da Forsaken Land,Derrotar {RequiredStackCount} Monstros de Forsaken Land
1080003,Derrote monstros da Forsaken Land,Derrotar {RequiredStackCount} Monstros de Forsaken Land
1080004,Derrote monstros da Forsaken Land,Derrotar {RequiredStackCount} Monstros de Forsaken Land
1080005,Derrote monstros da Forsaken Land,Derrotar {RequiredStackCount} Monstros de Forsaken Land
1080006,Derrote monstros da Forsaken Land,Derrotar {RequiredStackCount} Monstros de Forsaken Land
1080007,Derrote monstros da Forsaken Land,Derrotar {RequiredStackCount} Monstros de Forsaken Land
1080008,Derrote monstros da Forsaken Land,Derrotar {RequiredStackCount} Monstros de Forsaken Land
1080009,Derrote monstros da Forsaken Land,Derrotar {RequiredStackCount} Monstros de Forsaken Land
1080010,Derrote monstros da Forsaken Land,Derrotar {RequiredStackCount} Monstros de Forsaken Land
1081001,Use Selo da Fenda,Use {RequiredStackCount} Rift Seals em Rifts
1082001,Adquira Chaveiros,Adquirir chaveiros {RequiredStackCount} vezes
1082002,Adquira Chaveiros,Adquirir chaveiros {RequiredStackCount} vezes
1082003,Adquira Chaveiros,Adquirir chaveiros {RequiredStackCount} vezes
1082004,Adquira Chaveiros,Adquirir chaveiros {RequiredStackCount} vezes
1082005,Fusão do chaveiro,Fusível Chaveiros {RequiredStackCount} vezes
1082006,Treinamento de chaveiro,Treine chaveiros {RequiredStackCount} vezes
1082007,Ascensão do limite do chaveiro,Ascend Keyrings {RequiredStackCount} vezes
1083001,Derrote os monstros da Giant's Tower,Derrote monstros {RequiredStackCount} na Giant's Tower
1083002,Derrote os monstros da Giant's Tower,Derrote monstros {RequiredStackCount} na Giant's Tower
1083003,Derrote os monstros da Giant's Tower,Derrote monstros {RequiredStackCount} na Giant's Tower
1083004,Derrote os monstros da Giant's Tower,Derrote monstros {RequiredStackCount} na Giant's Tower
1083005,Derrote os monstros da Giant's Tower,Derrote monstros {RequiredStackCount} na Giant's Tower
1083006,Derrote os monstros da Giant's Tower,Derrote monstros {RequiredStackCount} na Giant's Tower
1083007,Derrote os monstros da Giant's Tower,Derrote monstros {RequiredStackCount} na Giant's Tower
1083008,Derrote os monstros da Giant's Tower,Derrote monstros {RequiredStackCount} na Giant's Tower
1083009,Derrote os monstros da Giant's Tower,Derrote monstros {RequiredStackCount} na Giant's Tower
1083010,Derrote os monstros da Giant's Tower,Derrote monstros {RequiredStackCount} na Giant's Tower
1084001,Doação do Clã,Doe para o Clã {RequiredStackCount} vezes
1084002,Doação do Clã,Doe para o Clã {RequiredStackCount} vezes
1084003,Missão do clã concluída,Complete as missões do clã {RequiredStackCount} vezes
1084004,Missão do clã concluída,Complete as missões do clã {RequiredStackCount} vezes
1084005,Missão do clã concluída,Complete as missões do clã {RequiredStackCount} vezes
1084006,Junte-se a uma Clan Expedition,Junte-se a uma Clan Expedition {RequiredStackCount} vezes
1084007,Junte-se a uma Clan Expedition,Junte-se a uma Clan Expedition {RequiredStackCount} vezes
1084008,Lute na Angbar Arena,Lute na Angbar Arena {RequiredStackCount} vezes
1084009,Lute na Angbar Arena,Lute na Angbar Arena {RequiredStackCount} vezes
1085001,Equipamento de artesanato,Equipamento de artesanato {RequiredStackCount} vezes
1085002,Equipamento de artesanato,Equipamento de artesanato {RequiredStackCount} vezes
1085003,Obter Equipamento,Adquira Equipamento {RequiredStackCount}
1085004,Obter Equipamento,Adquira Equipamento {RequiredStackCount}
1085005,Obter Equipamento,Adquira Equipamento {RequiredStackCount}
1085006,Melhorar equipamento,Melhorar equipamento {RequiredStackCount} tempo(s)
1085007,Melhorar equipamento,Melhorar equipamento {RequiredStackCount} tempo(s)
1085008,Melhorar equipamento,Melhorar equipamento {RequiredStackCount} tempo(s)
1085009,Melhorar equipamento,Melhorar equipamento {RequiredStackCount} tempo(s)
1085010,Melhorar equipamento,Melhorar equipamento {RequiredStackCount} tempo(s)
1085011,Melhorar equipamento para +9,Aprimorar com sucesso o equipamento para +9
1085012,Melhorar equipamento para +10,Melhorar equipamento com sucesso para +10
1085013,Melhorar equipamento para +11,Melhorar equipamento com sucesso para +11
1086001,Derrote Abyss Battlefield Monstros,Derrotar {RequiredStackCount} Abyss Battlefield Monstros
1086002,Derrote Abyss Battlefield Monstros,Derrotar {RequiredStackCount} Abyss Battlefield Monstros
1086003,Derrote Abyss Battlefield Monstros,Derrotar {RequiredStackCount} Abyss Battlefield Monstros
1086004,Possuir uma Sentinela do Abismo,Possuir {RequiredStackCount} Abyss Battlefield Guardiões
1086005,Possuir uma Sentinela do Abismo,Possuir {RequiredStackCount} Abyss Battlefield Guardiões
1086006,Possuir uma Sentinela do Abismo,Possuir {RequiredStackCount} Abyss Battlefield Guardiões
1086007,Golpe final em Akarakatum,Golpe final em Akarakatam {RequiredStackCount} vezes
1086008,Golpe final em Akarakatum,Golpe final em Akarakatam {RequiredStackCount} vezes
1086009,Golpe final em Akarakatum,Golpe final em Akarakatam {RequiredStackCount} vezes
1086010,Obtenha Tesouro Abissal,Obtenha o Tesouro Abissal {RequiredStackCount} vezes
1086011,Obtenha Tesouro Abissal,Obtenha o Tesouro Abissal {RequiredStackCount} vezes
1086012,Obtenha Tesouro Abissal,Obtenha o Tesouro Abissal {RequiredStackCount} vezes
1087001,Participe da Arena,Participe da Arena {RequiredStackCount} vezes
1087002,Participe da Arena,Participe da Arena {RequiredStackCount} vezes
1087003,Participe da Arena,Participe da Arena {RequiredStackCount} vezes
1087004,Participe da Arena,Participe da Arena {RequiredStackCount} vezes
1087005,Participe da Arena,Participe da Arena {RequiredStackCount} vezes
1087006,Ganhe uma partida de Arena,Ganhe {RequiredStackCount} Partidas de Arena
1087007,Compre itens de Arena Shop,Compre itens de Arena Shop {RequiredStackCount} vezes
1087008,Compre itens de Arena Shop,Compre itens de Arena Shop {RequiredStackCount} vezes
1088101,Derrote chefes de campo,Derrote chefes de campo {RequiredStackCount} vezes
1088102,Complete comissões diárias,Concluído {RequiredStackCount} Comissões diárias
1088103,Limpar Arbiter’s Ordeal,Limpar Arbiter’s Ordeal {RequiredStackCount} vezes
1088104,Participe de Incursões,Participe de incursões {RequiredStackCount} vezes
1088105,Use máquinas de venda automática,Use máquinas de venda automática {RequiredStackCount} vezes
1088201,Derrote chefes de campo,Derrote chefes de campo {RequiredStackCount} vezes
1088202,Completar comissões semanais,Concluído {RequiredStackCount} Comissões semanais
1088203,Limpar Arbiter’s Ordeal,Limpar Arbiter’s Ordeal {RequiredStackCount} vezes
1088204,Participe da Grande Incursão,Participe da Grande Incursão {RequiredStackCount} vezes
1088205,Use máquinas de venda automática,Use máquinas de venda automática {RequiredStackCount} vezes
1088301,Derrote chefes de campo,Derrote chefes de campo {RequiredStackCount} vezes
1088302,Use Selo da Fenda,Use {RequiredStackCount} Rift Seals em Rifts
1088303,Limpar Arbiter’s Ordeal,Limpar Arbiter’s Ordeal {RequiredStackCount} vezes
1088304,Participe de Shadow Incursion,Participe da Shadow Incursion {RequiredStackCount} vezes
1088305,Use tokens Giant’s Vending Machine,Use Giant’s Vending Machine {RequiredStackCount} vezes
1088401,Derrote chefes de campo,Derrote chefes de campo {RequiredStackCount} vezes
1088402,Reivindicar recompensas do Rift Boss,Reivindique recompensas do Rift Boss {RequiredStackCount} vezes
1088403,Limpar Arbiter’s Ordeal,Limpar Arbiter’s Ordeal {RequiredStackCount} vezes
1088404,Participe da Grande Incursão,Participe da Grande Incursão {RequiredStackCount} vezes
1088405,Use tokens Giant’s Vending Machine,Use Giant’s Vending Machine {RequiredStackCount} vezes
108901,Insira o corredor perpétuo,Usar tíquetes de corredor perpétuo {RequiredStackCount} vezes
108902,Insira o corredor perpétuo,Usar tíquetes de corredor perpétuo {RequiredStackCount} vezes
108903,Insira o corredor perpétuo,Usar tíquetes de corredor perpétuo {RequiredStackCount} vezes
108904,Concluir estágio {RequiredStackCount},Limpar estágio do corredor perpétuo {RequiredStackCount}
108905,Concluir estágio {RequiredStackCount},Limpar estágio do corredor perpétuo {RequiredStackCount}
108906,Concluir estágio {RequiredStackCount},Limpar estágio do corredor perpétuo {RequiredStackCount}
108907,Jogar a fase de classificação,Jogar a fase de classificação {RequiredStackCount} vezes
108908,Jogar a fase de classificação,Jogar a fase de classificação {RequiredStackCount} vezes
108909,Jogar a fase de classificação,Jogar a fase de classificação {RequiredStackCount} vezes
1090001,Obtenha a fantasia,Adquira Trajes {RequiredStackCount}
1090002,Obtenha a fantasia,Adquira Trajes {RequiredStackCount}
1090003,Fantasia de fusível,Fantasia de fusível {RequiredStackCount} vezes
1090004,Fantasia de fusível,Fantasia de fusível {RequiredStackCount} vezes
1090005,Ascend Costume,Ascend Costume {RequiredStackCount} vezes
1090006,Adquirir Armas Fantasmas,Adquira Armas Fantasmas {RequiredStackCount}
1090007,Adquirir Armas Fantasmas,Adquira Armas Fantasmas {RequiredStackCount}
1090008,Fusível Arma Fantasma,Fusível Arma Fantasma {RequiredStackCount} vezes
1090009,Fusível Arma Fantasma,Fusível Arma Fantasma {RequiredStackCount} vezes
1090010,Subir Armas Fantasmas,Subir Armas Fantasmas {RequiredStackCount} vezes
109101,Use Selo da Fenda,Use {RequiredStackCount} Selos da Rift
109102,Use Selo da Fenda,Use {RequiredStackCount} Selos da Rift
109103,Desmontar equipamento,Desmontar equipamento {RequiredStackCount} vezes
109104,Tentativa de ressonância,Tentativa de ressonância {RequiredStackCount} vezes
109105,Tentativa de ressonância,Tentativa de ressonância {RequiredStackCount} vezes
109106,Tentativa de ressonância,Tentativa de ressonância {RequiredStackCount} vezes
109107,Redefinir ressonância,Redefinir ressonância {RequiredStackCount} vezes
109108,Redefinir ressonância,Redefinir ressonância {RequiredStackCount} vezes
109109,Redefinir ressonância,Redefinir ressonância {RequiredStackCount} vezes
109201,Use Baús de Relíquias do Abismo,Use {RequiredStackCount} Baús de Relíquias do Abismo
109202,Use Baús de Relíquias do Abismo,Use {RequiredStackCount} Baús de Relíquias do Abismo
109203,Use Baús de Relíquias do Abismo,Use {RequiredStackCount} Baús de Relíquias do Abismo
109204,Use Baús de Relíquias do Abismo,Use {RequiredStackCount} Baús de Relíquias do Abismo
109205,Use Baús de Relíquias do Abismo,Use {RequiredStackCount} Baús de Relíquias do Abismo
109206,Use Baús de Relíquias do Abismo,Use {RequiredStackCount} Baús de Relíquias do Abismo
220000,Alcance o nível {RequiredStackCount},Alcance o nível {RequiredStackCount}
220001,Alcance o nível {RequiredStackCount},Alcance o nível {RequiredStackCount}
220002,Alcance o nível {RequiredStackCount},Alcance o nível {RequiredStackCount}
220003,Alcance o nível {RequiredStackCount},Alcance o nível {RequiredStackCount}
220004,Alcance o nível {RequiredStackCount},Alcance o nível {RequiredStackCount}
220005,Alcance o nível {RequiredStackCount},Alcance o nível {RequiredStackCount}
220006,Alcance o nível {RequiredStackCount},Alcance o nível {RequiredStackCount}
220007,Alcance o nível {RequiredStackCount},Alcance o nível {RequiredStackCount}
220008,Alcance o nível {RequiredStackCount},Alcance o nível {RequiredStackCount}
109301,Equipamento de artesanato,Equipamento de artesanato {RequiredStackCount} vezes
109302,Equipamento de artesanato,Equipamento de artesanato {RequiredStackCount} vezes
109303,Obter Equipamento,Adquira Equipamento {RequiredStackCount}
109304,Obter Equipamento,Adquira Equipamento {RequiredStackCount}
109305,Obter Equipamento,Adquira Equipamento {RequiredStackCount}
109306,Melhorar equipamento,Melhorar equipamento {RequiredStackCount} tempo(s)
109307,Melhorar equipamento,Melhorar equipamento {RequiredStackCount} tempo(s)
109308,Melhorar equipamento,Melhorar equipamento {RequiredStackCount} tempo(s)
109309,Melhorar equipamento,Melhorar equipamento {RequiredStackCount} tempo(s)
109310,Melhorar equipamento,Melhorar equipamento {RequiredStackCount} tempo(s)
109311,Melhorar equipamento para +10,Melhorar equipamento com sucesso para +10
109312,Melhorar equipamento para +11,Melhorar equipamento com sucesso para +11
109313,Melhorar equipamento para +12,Aprimorar com sucesso o equipamento para +12
109401,Insira o Hall of Proof,Insira o Hall of Proof {RequiredStackCount} vezes
109402,Insira o Hall of Proof,Insira o Hall of Proof {RequiredStackCount} vezes
109403,Alcance a pontuação Hall of Proof,Alcance {RequiredStackCount} Pontos para Hall of Proof
109404,Alcance a pontuação Hall of Proof,Alcance {RequiredStackCount} Pontos para Hall of Proof
109405,Alcance a pontuação Hall of Proof,Alcance {RequiredStackCount} Pontos para Hall of Proof
109406,Alcance a pontuação Hall of Proof,Alcance {RequiredStackCount} Pontos para Hall of Proof
109407,Alcance a pontuação Hall of Proof,Alcance {RequiredStackCount} Pontos para Hall of Proof
109501,Derrote chefes de campo,Derrote chefes de campo {RequiredStackCount} vezes
109502,Derrote o Chefe Mundial,Derrote Chefes Mundiais {RequiredStackCount} vezes
109503,Obtenha Baú de Decoração,Obtenha baús de decoração {RequiredStackCount} de chefes de campo menores
109504,Obtenha Baú de Decoração,Obtenha baús de decoração {RequiredStackCount} de chefes mundiais
109505,Participe da Shadow Incursions,Participe da Shadow Incursion {RequiredStackCount} vezes
109506,Use máquinas de venda automática,Use máquinas de venda automática {RequiredStackCount} vezes
109507,Use tokens Giant’s Vending Machine,Use Giant’s Vending Machine {RequiredStackCount} vezes
109508,Obtenha decorações,Obtenha decorações {RequiredStackCount}
109611,Derrote Monstros,Derrote Monstros {RequiredStackCount}
109612,Participe da Grande Incursão,Participe da Grande Incursão {RequiredStackCount} vezes
109613,Participe de Tesseract,Participe de Tesseract {RequiredStackCount} vezes
109614,Melhorar equipamento,Aprimorar equipamento {RequiredStackCount} vezes
109615,Limpar Arbiter’s Ordeal,Limpar Arbiter’s Ordeal {RequiredStackCount} vezes
109621,Derrote Monstros,Derrote Monstros {RequiredStackCount}
109622,Participe da Grande Incursão,Participe da Grande Incursão {RequiredStackCount} vezes
109623,Participe de Tesseract,Participe de Tesseract {RequiredStackCount} vezes
109624,Desmontar equipamento,Desmontar equipamento {RequiredStackCount} vezes
109625,Limpar Arbiter’s Ordeal,Limpar Arbiter’s Ordeal {RequiredStackCount} vezes
109631,Derrote Monstros,Derrote Monstros {RequiredStackCount}
109632,Participe da Shadow Incursions,Participe da Shadow Incursion {RequiredStackCount} vezes
109633,Participe de Tesseract,Participe de Tesseract {RequiredStackCount} vezes
109634,Use o tempo quente da Giant's Tower,Use o tempo quente da Giant's Tower por 4 horas
109635,Use Selo da Fenda,Use {RequiredStackCount} Selos da Rift
109641,Derrote Monstros,Derrote Monstros {RequiredStackCount}
109642,Participe da Shadow Incursions,Participe da Shadow Incursion {RequiredStackCount} vezes
109643,Participe de Tesseract,Participe de Tesseract {RequiredStackCount} vezes
109644,Derrote Monstros na Temporal Barrier,Derrote Monstros {RequiredStackCount} (Temporal Barrier)
109645,Participe de Raids de Rift Boss,Participe de Rift Boss Raids {RequiredStackCount} vezes
2003001,Derrote Monstros Chefes de Campo,Derrote chefes de campo {RequiredStackCount} vezes
2003002,Derrote Monstros Chefes de Campo,Derrote chefes de campo {RequiredStackCount} vezes
2003003,Derrote Monstros Chefes de Campo,Derrote chefes de campo {RequiredStackCount} vezes
2003004,Derrote Monstros Chefes de Campo,Derrote chefes de campo {RequiredStackCount} vezes
2003005,Derrote Monstros Chefes de Campo,Derrote chefes de campo {RequiredStackCount} vezes
2003006,Derrote Monstros Chefes de Campo,Derrote chefes de campo {RequiredStackCount} vezes
2003007,Derrote Monstros Chefes de Campo,Derrote chefes de campo {RequiredStackCount} vezes
2003008,Derrote Monstros Chefes de Campo,Derrote chefes de campo {RequiredStackCount} vezes
2003009,Derrote Monstros Chefes de Campo,Derrote chefes de campo {RequiredStackCount} vezes
2003101,Derrote monstros da Forsaken Lands,Derrote monstros {RequiredStackCount} nas Forsaken Lands
2003102,Derrote monstros da Forsaken Lands,Derrote monstros {RequiredStackCount} nas Forsaken Lands
2003103,Derrote monstros da Forsaken Lands,Derrote monstros {RequiredStackCount} nas Forsaken Lands
2003104,Derrote monstros da Forsaken Lands,Derrote monstros {RequiredStackCount} nas Forsaken Lands
2003105,Derrote monstros da Forsaken Lands,Derrote monstros {RequiredStackCount} nas Forsaken Lands
2003106,Derrote monstros da Forsaken Lands,Derrote monstros {RequiredStackCount} nas Forsaken Lands
2003107,Derrote monstros da Forsaken Lands,Derrote monstros {RequiredStackCount} nas Forsaken Lands
2003108,Derrote monstros da Forsaken Lands,Derrote monstros {RequiredStackCount} nas Forsaken Lands
2003201,Derrote os monstros da Giant's Tower,Derrote Monstros {RequiredStackCount} na Giant's Tower
2003202,Derrote os monstros da Giant's Tower,Derrote Monstros {RequiredStackCount} na Giant's Tower
2003203,Derrote os monstros da Giant's Tower,Derrote Monstros {RequiredStackCount} na Giant's Tower
2003204,Derrote os monstros da Giant's Tower,Derrote Monstros {RequiredStackCount} na Giant's Tower
2003205,Derrote os monstros da Giant's Tower,Derrote Monstros {RequiredStackCount} na Giant's Tower
2003206,Derrote os monstros da Giant's Tower,Derrote Monstros {RequiredStackCount} na Giant's Tower
2003207,Derrote os monstros da Giant's Tower,Derrote Monstros {RequiredStackCount} na Giant's Tower
2003208,Derrote os monstros da Giant's Tower,Derrote Monstros {RequiredStackCount} na Giant's Tower
2003209,Derrote os monstros da Giant's Tower,Derrote Monstros {RequiredStackCount} na Giant's Tower
2003301,Derrote Abyss Battlefield Monstros,Derrotar {RequiredStackCount} Abyss Battlefield Monstros
2003302,Derrote Abyss Battlefield Monstros,Derrotar {RequiredStackCount} Abyss Battlefield Monstros
2003303,Derrote Abyss Battlefield Monstros,Derrotar {RequiredStackCount} Abyss Battlefield Monstros
2003304,Derrote Abyss Battlefield Monstros,Derrotar {RequiredStackCount} Abyss Battlefield Monstros
2003305,Derrote Abyss Battlefield Monstros,Derrotar {RequiredStackCount} Abyss Battlefield Monstros
2003306,Derrote Abyss Battlefield Monstros,Derrotar {RequiredStackCount} Abyss Battlefield Monstros
2003307,Derrote Abyss Battlefield Monstros,Derrotar {RequiredStackCount} Abyss Battlefield Monstros
2003308,Derrote Abyss Battlefield Monstros,Derrotar {RequiredStackCount} Abyss Battlefield Monstros
2003309,Derrote Abyss Battlefield Monstros,Derrotar {RequiredStackCount} Abyss Battlefield Monstros
2003401,Derrote Monstros na Temporal Barrier,Derrote Monstros {RequiredStackCount} (Temporal Barrier)
2003402,Derrote Monstros na Temporal Barrier,Derrote Monstros {RequiredStackCount} (Temporal Barrier)
2003403,Derrote Monstros na Temporal Barrier,Derrote Monstros {RequiredStackCount} (Temporal Barrier)
2003404,Derrote Monstros na Temporal Barrier,Derrote Monstros {RequiredStackCount} (Temporal Barrier)
2003405,Derrote Monstros na Temporal Barrier,Derrote Monstros {RequiredStackCount} (Temporal Barrier)
2003406,Derrote Monstros na Temporal Barrier,Derrote Monstros {RequiredStackCount} (Temporal Barrier)
2003407,Derrote Monstros na Temporal Barrier,Derrote Monstros {RequiredStackCount} (Temporal Barrier)
2003408,Derrote Monstros na Temporal Barrier,Derrote Monstros {RequiredStackCount} (Temporal Barrier)
2003409,Derrote Monstros na Temporal Barrier,Derrote Monstros {RequiredStackCount} (Temporal Barrier)
2003501,Primeira Repulsão da Grande Incursão,Primeira Repulsão da Grande Incursão Level 2
2003502,Primeira Repulsão da Grande Incursão,Primeira Repulsão da Grande Incursão Level 3
2003503,Primeira Repulsão da Grande Incursão,Primeira Repulsão da Grande Incursão Level 4
2003504,Primeira Repulsão da Grande Incursão,Primeira Repulsão da Grande Incursão Level 5
2003505,Primeira Repulsão da Grande Incursão,Repelir Grand Incursion Lv. 6 pela primeira vez
2003506,Primeira Repulsão da Grande Incursão,Repelir Grand Incursion Lv. 7 pela primeira vez
2003507,Primeira Repulsão da Grande Incursão,Repelir Grand Incursion Lv. 8 pela primeira vez
2003508,Primeira Repulsão da Grande Incursão,Repelir Grand Incursion Lv. 9 pela primeira vez
2003509,Primeira Repulsão da Grande Incursão,Repelir Grande Incursão Lv. 10 pela primeira vez
2003510,Primeira Repulsão da Grande Incursão,Repelir Grand Incursion Lv. 11 pela primeira vez
2003511,Primeira Repulsão da Grande Incursão,Repelir Grand Incursion Lv. 12 pela primeira vez
2003512,Primeira Repulsão da Grande Incursão,Repelir Grand Incursion Lv. 13 pela primeira vez
2003513,Primeira Repulsão da Grande Incursão,Repelir Grand Incursion Lv. 14 pela primeira vez
2003514,Primeira Repulsão da Grande Incursão,Repelir Grand Incursion Lv. 15 pela primeira vez
2004001,Primeiro a atingir o nível,Primeiro a atingir o nível {RequiredStackCount}
2004002,Primeiro a atingir o nível,Primeiro a atingir o nível {RequiredStackCount}
2004003,Primeiro a atingir o nível,Primeiro a atingir o nível {RequiredStackCount}
2004004,Primeiro a atingir o nível,Primeiro a atingir o nível {RequiredStackCount}
2004005,Primeiro a atingir o nível,Primeiro a atingir o nível {RequiredStackCount}
2004006,Primeiro a atingir o nível,Primeiro a atingir o nível {RequiredStackCount}
2004007,Primeiro a atingir o nível,Primeiro a atingir o nível {RequiredStackCount}
2004008,Primeiro a atingir o nível,Primeiro a atingir o nível {RequiredStackCount}
2004009,Por Combat Power,Alcance o poder de combate {RequiredStackCount}
2004010,Por Combat Power,Alcance o poder de combate {RequiredStackCount}
2004011,Por Combat Power,Alcance o poder de combate {RequiredStackCount}
2004012,Por Combat Power,Alcance o poder de combate {RequiredStackCount}
2004013,Por Combat Power,Alcance o poder de combate {RequiredStackCount}
2004014,Por Combat Power,Alcance o poder de combate {RequiredStackCount}
2004015,Por Combat Power,Alcance o poder de combate {RequiredStackCount}
2004016,Por Combat Power,Alcance o poder de combate {RequiredStackCount}
2004017,Por Combat Power,Alcance o poder de combate {RequiredStackCount}
2004018,Por Combat Power,Alcance o poder de combate {RequiredStackCount}
2004019,Por Combat Power,Alcance o poder de combate {RequiredStackCount}
2004020,Por Combat Power,Alcance o poder de combate {RequiredStackCount}
2004021,Por Combat Power,Alcance o poder de combate {RequiredStackCount}
2004022,Por Combat Power,Alcance o poder de combate {RequiredStackCount}
2004023,Primeiro a obter a fantasia,Primeiro a obter a fantasia de 5 estrelas
2004024,Primeiro a obter a fantasia,Primeiro a obter a fantasia de 6 estrelas
2004025,Adquirir Arma Fantasma,Primeiro a obter a arma fantasma de 5 estrelas
2004026,Adquirir Arma Fantasma,Primeiro a obter a arma fantasma de 6 estrelas
2004027,Adquira Chaveiros,Obtenha um chaveiro 5 estrelas pela primeira vez
2004028,Adquira Chaveiros,Obtenha um chaveiro de 6 estrelas pela primeira vez
2004029,Primeiro a adquirir o cartão Grace of the constellations,Primeiro a adquirir o cartão 5 estrelas Grace of the constellations
2004030,Primeiro a adquirir o cartão Grace of the constellations,Obtenha seu primeiro cartão Graça das constelações de 6 estrelas
2004031,Primeiro a obter obtenha Glide Mount,Primeiro a obter 4 estrelas Glide Mount
2004101,Primeiro a atingir o nível de aprimoramento de arma,Primeiro a alcançar +{RequiredStackCount} em arma de 3 estrelas ou superior
2004102,Primeiro a atingir o nível de aprimoramento de arma,Primeiro a alcançar +{RequiredStackCount} em arma de 3 estrelas ou superior
2004103,Primeiro a atingir o nível de aprimoramento de arma,Primeiro a alcançar +{RequiredStackCount} em arma de 3 estrelas ou superior
2004104,Primeiro a atingir o nível de aprimoramento de armadura,Primeiro a alcançar +{RequiredStackCount} em armadura de 3 estrelas ou superior
2004105,Primeiro a atingir o nível de aprimoramento de armadura,Primeiro a alcançar +{RequiredStackCount} em armadura de 3 estrelas ou superior
2004106,Primeiro a atingir o nível de aprimoramento de armadura,Primeiro a alcançar +{RequiredStackCount} em armadura de 3 estrelas ou superior
2004107,Primeiro a atingir o nível de aprimoramento de acessório,Primeiro a alcançar +{RequiredStackCount} em acessório de 3 estrelas ou superior
2004108,Primeiro a atingir o nível de aprimoramento de acessório,Primeiro a alcançar +{RequiredStackCount} em acessório de 3 estrelas ou superior
2004109,Primeiro a atingir o nível de aprimoramento de acessório,Primeiro a alcançar +{RequiredStackCount} em acessório de 3 estrelas ou superior
2004110,Adquira uma Relic of Subjugation pela primeira vez,Adquira uma Relic of Subjugation de Nível 8 pela primeira vez
2004111,Adquira uma Relic of Subjugation pela primeira vez,Adquira uma Relic of Subjugation de Nível 9 pela primeira vez
2004112,Adquira uma Relic of Subjugation pela primeira vez,Adquira uma Relic of Subjugation Nível 10 pela primeira vez
2004113,Adquira uma Relic of Subjugation pela primeira vez,Adquira uma Relic of Subjugation Nível 11 pela primeira vez
2004114,Adquira uma Relic of Subjugation pela primeira vez,Adquira uma Relic of Subjugation de Nível 12 pela primeira vez
2004115,Adquira uma Relic of Subjugation pela primeira vez,Adquira uma Relic of Subjugation Nível 13 pela primeira vez
2004116,Adquira uma Relic of Subjugation pela primeira vez,Adquira uma Relic of Subjugation de nível 14 pela primeira vez
2004117,Adquira uma Relic of Subjugation pela primeira vez,Adquira uma Relic of Subjugation de nível 15 pela primeira vez
2004118,Adquira uma Relic of Loyalty pela primeira vez,Adquira uma Relic of Loyalty Nível 8 pela primeira vez
2004119,Adquira uma Relic of Loyalty pela primeira vez,Adquira uma Relic of Loyalty Nível 9 pela primeira vez
2004120,Adquira uma Relic of Loyalty pela primeira vez,Adquira uma Relic of Loyalty Nível 10 pela primeira vez
2004121,Adquira uma Relic of Loyalty pela primeira vez,Adquira uma Relic of Loyalty Nível 11 pela primeira vez
2004122,Adquira uma Relic of Loyalty pela primeira vez,Adquira uma Relic of Loyalty de Nível 12 pela primeira vez
2004123,Adquira uma Relic of Loyalty pela primeira vez,Adquira um Relic of Loyalty de Tier 13 pela primeira vez
2004124,Adquira uma Relic of Loyalty pela primeira vez,Adquira uma Relic of Loyalty Nível 14 pela primeira vez
2004125,Adquira uma Relic of Loyalty pela primeira vez,Adquira uma Relic of Loyalty Nível 15 pela primeira vez
2004126,Adquira uma Relic of Infinity pela primeira vez,Adquira uma Relic of Infinity Nível 8 pela primeira vez
2004127,Adquira uma Relic of Infinity pela primeira vez,Adquira uma Relic of Infinity de Nível 9 pela primeira vez
2004128,Adquira uma Relic of Infinity pela primeira vez,Adquira uma Relic of Infinity Nível 10 pela primeira vez
2004129,Adquira uma Relic of Infinity pela primeira vez,Adquira uma Relic of Infinity Nível 11 pela primeira vez
2004130,Adquira uma Relic of Infinity pela primeira vez,Adquira uma Relic of Infinity de Nível 12 pela primeira vez
2004131,Adquira uma Relic of Infinity pela primeira vez,Adquira uma Relic of Infinity Nível 13 pela primeira vez
2004132,Adquira uma Relic of Infinity pela primeira vez,Adquira uma Relic of Infinity Nível 14 pela primeira vez
2004133,Adquira uma Relic of Infinity pela primeira vez,Adquira uma Relic of Infinity de nível 15 pela primeira vez
2004134,Adquira uma Relic of Abyss pela primeira vez,Adquira uma Relic of Abyss de nível 8 pela primeira vez
2004135,Adquira uma Relic of Abyss pela primeira vez,Adquira uma Relic of Abyss de nível 9 pela primeira vez
2004136,Adquira uma Relic of Abyss pela primeira vez,Adquira uma Relic of Abyss Nível 10 pela primeira vez
2004137,Adquira uma Relic of Abyss pela primeira vez,Adquira uma Relic of Abyss Nível 11 pela primeira vez
2004138,Adquira uma Relic of Abyss pela primeira vez,Adquira uma Relic of Abyss Nível 12 pela primeira vez
2004139,Adquira uma Relic of Abyss pela primeira vez,Adquira uma Relic of Abyss Nível 13 pela primeira vez
2004140,Adquira uma Relic of Abyss pela primeira vez,Adquira uma Relic of Abyss de nível 14 pela primeira vez
2004141,Adquira uma Relic of Abyss pela primeira vez,Adquira uma Relic of Abyss de nível 15 pela primeira vez
2004142,Adquira Arena Relic pela primeira vez,Adquira uma Relíquia de Arena Nível 8 pela primeira vez
2004143,Adquira Arena Relic pela primeira vez,Adquira uma Relíquia de Arena Nível 9 pela primeira vez
2004144,Adquira Arena Relic pela primeira vez,Adquira uma Relíquia de Arena Nível 10 pela primeira vez
2004145,Adquira Arena Relic pela primeira vez,Adquira uma Relíquia de Arena Nível 11 pela primeira vez
2004146,Adquira Arena Relic pela primeira vez,Adquira uma Relíquia de Arena Nível 12 pela primeira vez
2004147,Adquira Arena Relic pela primeira vez,Adquira uma Relíquia de Arena Nível 13 pela primeira vez
2004148,Adquira Arena Relic pela primeira vez,Adquira uma Relíquia de Arena Nível 14 pela primeira vez
2004149,Adquira Arena Relic pela primeira vez,Adquira uma Relíquia de Arena Nível 15 pela primeira vez
2004150,Adquirir Relíquia de Conflito para o Primeira Vez,Adquira uma Relíquia de Conflito de nível 8 pela primeira vez
2004151,Adquirir Relíquia de Conflito para o Primeira Vez,Adquira uma Relíquia de Conflito Nível 9 pela primeira vez
2004152,Adquirir Relíquia de Conflito para o Primeira Vez,Adquira uma Relíquia de Conflito Nível 10 pela primeira vez
2004153,Adquirir Relíquia de Conflito para o Primeira Vez,Adquira uma Relíquia Nível 11 Relíquia de Conflito pela Primeira Vez
2004154,Adquirir Relíquia de Conflito para o Primeira Vez,Adquira uma Relíquia de Conflito de Nível 12 pela primeira vez
2004155,Adquirir Relíquia de Conflito para o Primeira Vez,Adquira uma Relíquia de Conflito Nível 13 pela primeira vez
2004156,Adquirir Relíquia de Conflito para o Primeira Vez,Adquira uma Relíquia de Conflito de nível 14 pela primeira vez
2004157,Adquirir Relíquia de Conflito para o Primeira Vez,Adquira uma Relíquia de Conflito de nível 15 pela primeira vez
2004201,Primeiro a atingir o nível de clã,Primeiro a atingir o nível de clã {RequiredStackCount}
2004202,Primeiro a atingir o nível de clã,Primeiro a atingir o nível de clã {RequiredStackCount}
2004203,Primeiro a atingir o nível de clã,Primeiro a atingir o nível de clã {RequiredStackCount}
2004204,Primeiro a atingir o nível de clã,Primeiro a atingir o nível de clã {RequiredStackCount}
2004205,Primeiro a atingir o nível de clã,Primeiro a atingir o nível de clã {RequiredStackCount}
2004206,Primeiro a atingir o nível de clã,Primeiro a atingir o nível de clã {RequiredStackCount}
2004207,Primeiro a limpar o Clan Raid,Limpar Angbar Arena I (Fácil)
2004208,Primeiro a limpar o Clan Raid,Limpar Angbar Arena I (Normal)
2004209,Primeiro a limpar o Clan Raid,Limpar Angbar Arena I (Difícil)
2004210,Primeiro a limpar o Clan Raid,Limpar Angbar Arena II (Fácil)
2004211,Primeiro a limpar o Clan Raid,Limpar Angbar Arena II (Normal)
2004212,Primeiro a limpar o Clan Raid,Limpar Angbar Arena II (Difícil)
2004213,Primeiro a limpar o Clan Raid,Limpar Angbar Arena III (Fácil)
2004214,Primeiro a limpar o Clan Raid,Limpar Angbar Arena III (Normal)
2004215,Primeiro a limpar o Clan Raid,Limpar Angbar Arena III (Difícil)
2004216,Primeiro a limpar o Clan Raid,Limpar Angbar Arena IV (Fácil)
2004217,Primeiro a limpar o Clan Raid,Limpar Angbar Arena IV (Normal)
2004218,Primeiro a limpar o Clan Raid,Limpar Angbar Arena IV (Difícil)
2004219,Limpar Clan Expedition pela primeira vez,Concluir Clan Expedition Lv. 1
2004220,Limpar Clan Expedition pela primeira vez,Conclua a Clan Expedition Lv. 2
2004221,Limpar Clan Expedition pela primeira vez,Conclua a Clan Expedition Lv. 3
2004222,Limpar Clan Expedition pela primeira vez,Conclua a Clan Expedition Lv. 4
2004301,Merchants Guild,Alcance o nível de afinidade da Merchants Guild. {RequiredStackCount}
2004302,Artisans Guild,Alcance Artisans Guild Reputação Lv. {RequiredStackCount}
2004303,Appraisers' Guild,Reach Appraisers Guild Affinity Lv. {RequiredStackCount}
2004304,Explorers Guild,Alcance o Nv. de Afinidade da Explorers Guild. {RequiredStackCount}
2004305,Hunters Guild,Alcance o nível de afinidade da Hunters Guild. {RequiredStackCount}
2004306,Blacksmiths Guild,Alcance a reputação da Blacksmiths Guild Lv. {RequiredStackCount}
2004307,Wayfinders Guild,Alcance a afinidade da Wayfinders Guild Nv. {RequiredStackCount}
2004308,Merchants Guild,Alcance o nível de afinidade da Merchants Guild. {RequiredStackCount}
2004309,Artisans Guild,Alcance Artisans Guild Reputação Lv. {RequiredStackCount}
2004310,Appraisers' Guild,Reach Appraisers Guild Affinity Lv. {RequiredStackCount}
2004311,Explorers Guild,Alcance o Nv. de Afinidade da Explorers Guild. {RequiredStackCount}
2004312,Hunters Guild,Alcance o nível de afinidade da Hunters Guild. {RequiredStackCount}
2004313,Blacksmiths Guild,Alcance a reputação da Blacksmiths Guild Lv. {RequiredStackCount}
2004314,Wayfinders Guild,Alcance a afinidade da Wayfinders Guild Nv. {RequiredStackCount}
2004315,Merchants Guild,Alcance o nível de afinidade da Merchants Guild. {RequiredStackCount}
2004316,Artisans Guild,Alcance Artisans Guild Reputação Lv. {RequiredStackCount}
2004317,Appraisers' Guild,Reach Appraisers Guild Affinity Lv. {RequiredStackCount}
2004318,Explorers Guild,Alcance o Nv. de Afinidade da Explorers Guild. {RequiredStackCount}
2004319,Hunters Guild,Alcance o nível de afinidade da Hunters Guild. {RequiredStackCount}
2004320,Blacksmiths Guild,Alcance a reputação da Blacksmiths Guild Lv. {RequiredStackCount}
2004321,Wayfinders Guild,Alcance a afinidade da Wayfinders Guild Nv. {RequiredStackCount}
2004322,Conseguir Pesquisa da Guilda dos Ferreiros,Primeiro a alcançar a Pesquisa da Guilda dos Ferreiros {RequiredStackCount} vezes
2004323,Conseguir Pesquisa da Guilda dos Ferreiros,Primeiro a alcançar a Pesquisa da Guilda dos Ferreiros {RequiredStackCount} vezes
2004324,Conseguir Pesquisa da Guilda dos Ferreiros,Primeiro a alcançar a Pesquisa da Guilda dos Ferreiros {RequiredStackCount} vezes
2004325,Conseguir Pesquisa da Guilda dos Ferreiros,Primeiro a alcançar a Pesquisa da Guilda dos Ferreiros {RequiredStackCount} vezes
2004326,Alcançar Pesquisa da Guilda dos Artesãos,Primeiro a alcançar a Pesquisa da Guilda dos Artesãos {RequiredStackCount} vezes
2004327,Alcançar Pesquisa da Guilda dos Artesãos,Primeiro a alcançar a Pesquisa da Guilda dos Artesãos {RequiredStackCount} vezes
2004328,Alcançar Pesquisa da Guilda dos Artesãos,Primeiro a alcançar a Pesquisa da Guilda dos Artesãos {RequiredStackCount} vezes
2004329,Alcançar Pesquisa da Guilda dos Artesãos,Primeiro a alcançar a Pesquisa da Guilda dos Artesãos {RequiredStackCount} vezes
2004401,Chefe de campo,Primeiro a derrotar Karugura
2004402,Chefe de campo,Primeiro a derrotar Tagar
2004403,Chefe de campo,Primeiro a derrotar Gigaz
2004404,Chefe de campo,Primeiro a derrotar Urukkur
2004405,Chefe de campo,Primeiro para derrotar Mushgal
2004406,Chefe de campo,Primeiro a derrotar Kirjur
2004407,Chefe de campo,Primeiro a derrotar Shagriga
2004408,Chefe de campo,Primeiro a derrotar Ereshianna
2004409,Chefe de campo,Primeira derrota de Saharnugal
2004410,Chefe de campo,Primeira derrota de Daidalkur
2004411,Chefe de campo,Primeira derrota de Saurgir
2004412,Chefe de campo,Primeira derrota de Galarusia
2004413,Chefe de campo,Primeira derrota de Aluk
2004414,Chefe de campo,Primeira derrota de Kakazu
2004415,Chefe de campo,Primeira derrota de Lugaz
2004416,Chefe de campo,Derrote Gnumar pela primeira vez
2004417,Chefe de campo,Derrote Tilaga pela primeira vez
2004418,Chefe de campo,Derrote Shagan pela primeira vez
2004419,Chefe de campo,Derrote Damuradid pela primeira vez
2004420,World chefe,Primeiro a derrotar Agarash
2004421,World chefe,Primeira derrota de Shahgal
2004422,World chefe,Derrote Behemoth pela primeira vez
2004423,World chefe,Derrote Dariente pela primeira vez
2004424,Chefe da Giant's Tower,Primeira derrota de Gishkal
2004425,Chefe da Giant's Tower,Primeira derrota de Halpasiam
2004426,Chefe da Giant's Tower,Derrote Drugamu pela primeira vez
2004427,Chefe da Giant's Tower,Derrote Arcanon pela primeira vez
1097001,Derrote Abyss Battlefield Monstros,Derrotar {RequiredStackCount} Abyss Battlefield Monstros
1097002,Derrote Abyss Battlefield Monstros,Derrotar {RequiredStackCount} Abyss Battlefield Monstros
1097003,Derrote Abyss Battlefield Monstros,Derrotar {RequiredStackCount} Abyss Battlefield Monstros
1097004,Possuir uma Sentinela do Abismo,Possuir {RequiredStackCount} Abyss Battlefield Guardiões
1097005,Possuir uma Sentinela do Abismo,Possuir {RequiredStackCount} Abyss Battlefield Guardiões
1097006,Possuir uma Sentinela do Abismo,Possuir {RequiredStackCount} Abyss Battlefield Guardiões
1097007,Golpe final em Akarakatum,Golpe final em Akarakatam {RequiredStackCount} vezes
1097008,Golpe final em Akarakatum,Golpe final em Akarakatam {RequiredStackCount} vezes
1097009,Golpe final em Akarakatum,Golpe final em Akarakatam {RequiredStackCount} vezes
1097010,Obtenha Tesouro Abissal,Obtenha o Tesouro Abissal {RequiredStackCount} vezes
1097011,Obtenha Tesouro Abissal,Obtenha o Tesouro Abissal {RequiredStackCount} vezes
1097012,Obtenha Tesouro Abissal,Obtenha o Tesouro Abissal {RequiredStackCount} vezes
1098001,Conduzir Exploração OOPArt Padrão,Conduzir Exploração OOPArt Padrão {RequiredStackCount} vezes
1098002,Conduzir Exploração OOPArt Padrão,Conduzir Exploração OOPArt Padrão {RequiredStackCount} vezes
1098003,Conduzir Exploração OOPArt Especial,Conduzir Exploração OOPArt Especial {RequiredStackCount} vezes
1098004,Investigar OOPArt,Investigue OOPArt {RequiredStackCount} tempo(s)
1098005,Investigar OOPArt,Investigue OOPArt {RequiredStackCount} tempo(s)
1098006,Melhorar OOPArt,Melhorar OOPArt {RequiredStackCount} tempo(s)
1098007,Melhorar OOPArt,Melhorar OOPArt {RequiredStackCount} tempo(s)
1099001,Use Selos da Fenda,Use {RequiredStackCount} Selos da Rift
1100001,Insira o corredor perpétuo,Usar tíquetes de corredor perpétuo {RequiredStackCount} vezes
1100002,Insira o corredor perpétuo,Usar tíquetes de corredor perpétuo {RequiredStackCount} vezes
1100003,Insira o corredor perpétuo,Usar tíquetes de corredor perpétuo {RequiredStackCount} vezes
1100004,Concluir estágio {RequiredStackCount},Limpar estágio do corredor perpétuo {RequiredStackCount}
1100005,Concluir estágio {RequiredStackCount},Limpar estágio do corredor perpétuo {RequiredStackCount}
1100006,Concluir estágio {RequiredStackCount},Limpar estágio do corredor perpétuo {RequiredStackCount}
1100007,Jogar a fase de classificação,Jogar a fase de classificação {RequiredStackCount} vezes
1100008,Jogar a fase de classificação,Jogar a fase de classificação {RequiredStackCount} vezes
1100009,Jogar a fase de classificação,Jogar a fase de classificação {RequiredStackCount} vezes
1101001,Derrote chefes de campo,Derrote chefes de campo {RequiredStackCount} vezes
1102001,Derrote Monstros,Derrote Monstros {RequiredStackCount}
1102002,Derrote Monstros,Derrote Monstros {RequiredStackCount}
1102003,Derrote Monstros,Derrote Monstros {RequiredStackCount}
1102004,Participe da Grande Incursão,Participe da Grande Incursão {RequiredStackCount} vezes
1102005,Participe da Grande Incursão,Participe da Grande Incursão {RequiredStackCount} vezes
1102006,Complete comissões diárias,Concluído {RequiredStackCount} Comissões diárias
1102007,Complete comissões diárias,Concluído {RequiredStackCount} Comissões diárias
1103001,Alcance o nível {RequiredStackCount},Alcance o nível {RequiredStackCount}
1103002,Pesquisa da Adventurers' Alliance,Concluído {RequiredStackCount} Projetos de pesquisa da Adventurers Alliance
1103003,Melhorar equipamento,Aprimorar equipamento {RequiredStackCount} vezes
1103004,Alcance Skill Lv. {RequiredStackCount},Alcance Skill Lv. {RequiredStackCount}
1103005,Alcance o nível {RequiredStackCount},Alcance o nível {RequiredStackCount}
1103006,Crie equipamento de 3 estrelas,Craft 3★ equipamento {RequiredStackCount} tempo(s)
1103007,Alcance o Traje Lv. {RequiredStackCount},Alcance o nível total de fantasia. {RequiredStackCount}
1103008,Limpar Arbiter’s Ordeal {RequiredStackCount} vezes,Limpar Arbiter’s Ordeal {RequiredStackCount} vezes
1103009,Alcance o nível {RequiredStackCount},Alcance o nível {RequiredStackCount}
1103010,Completar comissões semanais,Concluído {RequiredStackCount} Comissões semanais
1103011,Alcance Graça das constelações Lv. {RequiredStackCount},alcance a graça total das constelações Lv. {RequiredStackCount}
1103012,Prossiga com o desbloqueio e Despertar,tentativa de desbloqueio e despertar {RequiredStackCount} vez(es)
1103013,Alcance o nível {RequiredStackCount},Alcance o nível {RequiredStackCount}
1103014,Alcance a Crest of the Ancients Lv. {RequiredStackCount},Alcance a Crest of the Ancients Lv. {RequiredStackCount}
1103015,Refinar Powerstone,Refinar Powerstone {RequiredStackCount} tempo(s)
1103016,Tentativa de infusão,Use Infusion Core {RequiredStackCount} tempo(s)
1104001,Use Selos da Fenda,Use {RequiredStackCount} Selos da Rift
1105001,Use pedras de aprimoramento de armas,Use {RequiredStackCount} Pedras de aprimoramento de arma
1105002,Use pedras de aprimoramento de armas,Use {RequiredStackCount} Pedras de aprimoramento de arma
1105003,Use Pedras de Aprimoramento de Armadura,Use {RequiredStackCount} Pedras de Aprimoramento de Armadura
1105004,Use Pedras de Aprimoramento de Armadura,Use {RequiredStackCount} Pedras de Aprimoramento de Armadura
1105005,Aprimorar com sucesso a arma/equipamento secundário,Aprimorar com sucesso a arma/equipamento secundário para +{RequiredStackCount}
1105006,Melhorar armadura com sucesso,Melhorar armadura com sucesso para +{RequiredStackCount}
1105007,Use pedras de aprimoramento de armas,Use {RequiredStackCount} Pedras de aprimoramento de arma
1105008,Use pedras de aprimoramento de armas,Use {RequiredStackCount} Pedras de aprimoramento de arma
1105009,Use Pedras de Aprimoramento de Armadura,Use {RequiredStackCount} Pedras de Aprimoramento de Armadura
1105010,Use Pedras de Aprimoramento de Armadura,Use {RequiredStackCount} Pedras de Aprimoramento de Armadura
1105011,Aprimorar com sucesso a arma/equipamento secundário,Aprimorar com sucesso a arma/equipamento secundário para +{RequiredStackCount}
1105012,Melhorar armadura com sucesso,Melhorar armadura com sucesso para +{RequiredStackCount}
1105013,Use pedras de aprimoramento de armas,Use {RequiredStackCount} Pedras de aprimoramento de arma
1105014,Use Pedras de Aprimoramento de Armadura,Use {RequiredStackCount} Pedras de Aprimoramento de Armadura
1105015,Use Pedras de Aprimoramento de Acessórios,Use {RequiredStackCount} Pedras de Aprimoramento de Acessórios
1105016,Aprimorar com sucesso a arma/equipamento secundário,Aprimorar com sucesso a arma/equipamento secundário para +{RequiredStackCount}
1105017,Melhorar armadura com sucesso,Melhorar armadura com sucesso para +{RequiredStackCount}
1105018,Aprimorar com sucesso o acessório,Aprimorar com sucesso o acessório para +{RequiredStackCount}
1105019,Use pedras de aprimoramento de armas,Use {RequiredStackCount} Pedras de aprimoramento de arma
1105020,Use Pedras de Aprimoramento de Armadura,Use {RequiredStackCount} Pedras de Aprimoramento de Armadura
1105021,Use Pedras de Aprimoramento de Acessórios,Use {RequiredStackCount} Pedras de Aprimoramento de Acessórios
1105022,Aprimorar com sucesso a arma/equipamento secundário,Aprimorar com sucesso a arma/equipamento secundário para +{RequiredStackCount}
1105023,Melhorar armadura com sucesso,Melhorar armadura com sucesso para +{RequiredStackCount}
1105024,Aprimorar com sucesso o acessório,Aprimorar com sucesso o acessório para +{RequiredStackCount}
1106001,Derrote Abyss Battlefield Monstros,Derrotar {RequiredStackCount} Abyss Battlefield Monstros
1106002,Derrote Abyss Battlefield Monstros,Derrotar {RequiredStackCount} Abyss Battlefield Monstros
1106003,Derrote Abyss Battlefield Monstros,Derrotar {RequiredStackCount} Abyss Battlefield Monstros
1106004,Possuir uma Sentinela do Abismo,Possuir {RequiredStackCount} Abyss Battlefield Guardiões
1106005,Possuir uma Sentinela do Abismo,Possuir {RequiredStackCount} Abyss Battlefield Guardiões
1106006,Possuir uma Sentinela do Abismo,Possuir {RequiredStackCount} Abyss Battlefield Guardiões
1106007,Golpe final em Akarakatum,Golpe final em Akarakatam {RequiredStackCount} vezes
1106008,Golpe final em Akarakatum,Golpe final em Akarakatam {RequiredStackCount} vezes
1106009,Golpe final em Akarakatum,Golpe final em Akarakatam {RequiredStackCount} vezes
1106010,Obtenha Tesouro Abissal,Obtenha o Tesouro Abissal {RequiredStackCount} vezes
1106011,Obtenha Tesouro Abissal,Obtenha o Tesouro Abissal {RequiredStackCount} vezes
1106012,Obtenha Tesouro Abissal,Obtenha o Tesouro Abissal {RequiredStackCount} vezes
9021101,Hearty Baba Bread,Use {RequiredStackCount} Baba Bread
9021102,Sweet Baba Crackers,Use {RequiredStackCount} Baba Crackers
9021103,UlTaimate Baba Liquor,Usar {RequiredStackCount} Baba Liquor
9021104,Artesanato Elixires,Elixires de artesanato {RequiredStackCount} vezes
9021105,Equipamento de artesanato,Equipamento de artesanato {RequiredStackCount} vezes
9021106,Monstro Hunter,Derrote Monstros {RequiredStackCount}
9021107,Grande Incursão,Participe da Grande Incursão {RequiredStackCount} vezes
9021201,Hearty Baba Bread,Use {RequiredStackCount} Baba Bread
9021202,Sweet Baba Crackers,Use {RequiredStackCount} Baba Crackers
9021203,UlTaimate Baba Liquor,Usar {RequiredStackCount} Baba Liquor
9021204,Núcleos de infusão artesanal,Criar {RequiredStackCount} Núcleos de infusão
9021205,Incursão,Participe de incursões {RequiredStackCount} vezes
9021206,Purifique a Giant's Tower,Derrote {RequiredStackCount} Monstros na Giant's Tower
9021207,Grande Incursão,Participe da Grande Incursão {RequiredStackCount} vezes
9021301,Hearty Baba Bread,Use {RequiredStackCount} Baba Bread
9021302,Sweet Baba Crackers,Use {RequiredStackCount} Baba Crackers
9021303,UlTaimate Baba Liquor,Usar {RequiredStackCount} Baba Liquor
9021304,Criar Pedras Mágicas,Criar Pedras Mágicas {RequiredStackCount} vezes
9021305,Memorite,Consumir memórias {RequiredStackCount}
9021306,Purifique a Forsaken Land,Derrote {RequiredStackCount} Monstros na Forsaken Land
9021307,Grande Incursão,Participe da Grande Incursão {RequiredStackCount} vezes
9021308,Gastar Ouro,Gaste {RequiredStackCount}Gold
9021309,Tentativa de aprimoramento de equipamento,Tentativa de aprimoramento de equipamento {RequiredStackCount} vezes
9021310,Limpar Rifts,Limpar Rifts {RequiredStackCount} vezes
9021401,Hearty Baba Bread,Use {RequiredStackCount} Baba Bread
9021402,Sweet Baba Crackers,Use {RequiredStackCount} Baba Crackers
9021403,UlTaimate Baba Liquor,Usar {RequiredStackCount} Baba Liquor
9021404,Planador artesanal,Planadores artesanais {RequiredStackCount} vezes
9021405,Crie equipamento de 3 estrelas,Crie equipamento de 3 estrelas {RequiredStackCount} vezes
9021406,Monstro Hunter,Derrote Monstros {RequiredStackCount}
9021407,Grande Incursão,Participe da Grande Incursão {RequiredStackCount} vezes
9021408,Prosseguir com o despertar,tentativa de desbloqueio {RequiredStackCount} vezes
9021409,Desmontar item,Desmontar item {RequiredStackCount} vezes
9021410,Arbiter’s Ordeal,Limpar Arbiter’s Ordeal {RequiredStackCount} vezes
