Id,Text
11,"A bênção de Ea esteja com você, roo! Que bom ver você, aventureiro!"
12,Saí para cumprimentá-lo assim que soube que um aventureiro estava chegando!
13,"Você parece um pouco faminto. Você gostaria de um lanche? Nossa aldeia fica a uma curta caminhada! Vamos lá, roo!"
22,
23,
24,
25,
10000011,[Não parece haver nada particularmente incomum.]
10000021,"Um fragmento do Tesseract do qual Vardad falou.
Parece ser uma relíquia antiga, mas não irradia nenhum poder discernível.
Vamos pegá-lo por enquanto."
10000031,"[Traços fracos de um enorme círculo mágico... Nada mais parece fora do comum aqui. Espere, alguma coisa está brilhando perto do rio. Vamos dar uma olhada mais de perto.]"
10000041,Parece que os monstros ainda não chegaram até a cisterna de água.
10000051,"Uma placa de sinalização marcando o caminho para a guarnição.
Que nenhum aventureiro se perca…"
10000061,"[Sem dúvida, este brasão pertence aos Mercenários.]"
10000071,"[Operação: Recuperar Babylon]
- Extermine aqueles miseráveis Impostores e mostre-lhes quem são os verdadeiros mestres. 
- Estabeleça uma base perto de Babylon e Taima Pioneer Village. Fique de olho neles. 
- Derrube Aman, aquele líder da Aliança da Guilda que trata Babylon como seu jogo pessoal. Suas riquezas e bens – eles são nossos para serem tomados. 
 - Elimine Muina. Ela nada mais é do que o bichinho de estimação de Arhan Shah brincando de Lieutenant. Assim que ela partir, o Shadow Wolf Alpha ocupará seu lugar."
10000081,"Assim como Kamiya disse, o corte está limpo.
Este é claramente o trabalho de um mestre... o que aconteceu aqui?"
10000091,"Lê-se: [""Pedaços de carne ainda grudados nos dentes.""]"
10000101,[Comi a carne presa entre os dentes.]
10000111,"[Lê-se: ""A neve começa a cair sobre o deserto.""]"
10000121,"Um cacto desconhecido que eu nunca vi antes...
Deve ser aquele de quem Yasta estava falando.
Será que os monstros realmente recuarão com isso? Difícil dizer, mas vou aceitar por enquanto."
10000131,"Solo coletado do primeiro local para recuperação, conforme mencionado por Uzar.
A qualidade é decente, mas os monstros próximos são uma preocupação.
Devo verificar a margem do rio também."
10000141,[Esta não se parece com a carga que Nanda mencionou. Vamos continuar procurando pelo restante das malas.]
10000151,"Roupas pretas e tatuagem de lobo.
É o Shadow Wolf Clan, sem dúvida."
10000161,[Sugar Plums são frutas do tamanho de um punho. As crianças adoram-nos pelo seu sabor doce.]
10000171,"[A Europae é uma árvore frutífera que produz frutos redondos e pesados. Comê-los - crus, assados ​​ou em conserva - restaura a vitalidade.]"
10000181,Parece que o relatório Baran foi descartado. Eu deveria devolvê-lo para ele.
10000191,"Carga dispersa, provavelmente da unidade de transporte.
Preciso pesquisar mais na área. Programação"
10000201,"Nenhum sinal de Elin. Restaram apenas uma pequena adaga e uma única pena. 
 O artesanato da adaga era diferente de tudo que eu já tinha visto."
10000211,"Parece o escudo de um guarda mercante.
Alguma coisa aconteceu com a caravana à frente?
Se isso estiver ligado à anomalia do céu... é melhor eu me mover rápido."
10000221,"Um dispositivo de design desconhecido.
Parece não funcionar devido a danos graves."
10000231,"Um leve traço permanece.
Rada estava certo – está ligado a uma civilização antiga, mas aparentemente não tem relação com o Rift.
Nada mais para ver aqui. Eu deveria contar a Lada o que descobri."
10000241,Ninguém se esconderia aqui com monstros rondando. É melhor verificar os andares superiores.
10000251,"Parece semelhante à forma Beretta descrita. 
Devo verificar outros pontos também."
10000261,Isso é exatamente o que Beretta mencionou. Vamos pegar.
10000271,Parecem rastreios da unidade de transporte. Vou seguir o rastro de sangue.
10000281,"Este é definitivamente o vagão de transporte, mas não há sinal dos soldados."
10000291,"A julgar pelos sulcos profundos, estes devem ser os rastros do vagão.
Eles devem ter sido perseguidos para sair da estrada principal assim.
Preciso acelerar o ritmo."
10000301,Nada parece fora do comum. Vamos procurar em outro lugar.
10000311,Vejo pegadas fracas. Como isso aconteceu em um lugar tão remoto? Eu deveria examinar a passagem.
10000321,O corpo do guarda do esconderijo não foi encontrado em lugar nenhum. Vamos vasculhar os arredores.
10000331,Sem pulso. Eles se foram. Devo voltar para Khoon e explicar a situação.
10000341,Não se parece com o local. Vamos continuar procurando.
10000351,Aqui também não. Onde eles poderiam estar se escondendo?
10000361,A grama foi mexida. Este deve ser o caminho certo....
10000371,"…Não existe paraíso, em nenhum lugar deste mundo.
Então, por favor, nunca siga estranhos,
e nunca coma nada só porque parece interessante...

Ainda me lembro da primeira vez que segurei você em meus braços, Atessa.

Se eu pudesse voltar àquele momento, eu...
Eu nunca teria trazido você para os Renegados Land.
Mesmo que minhas mãos estivessem congeladas e meu corpo oprimido pela fome,
Eu teria ficado ao seu lado em uma pequena tenda perto do oásis..."
10000381,"A flor Orica mencionada.
Parece que está inclinando a cabeça timidamente."
10000391,"Para a expulsão de ■■ e ■■■,
para o ressurgimento de ■■■■■,
para reivindicar Babylon como nosso próprio,
esta grande caçada deve ter sucesso.

-■■■-"
10000401,"A rotação de turnos a cada dois dias faz sentido?
Dê-nos uma pausa uma vez a cada oito horas, pelo menos."
10000411,"△ Comerciante Snare: O estoque aumentou em 6 em relação ao mês passado (Sandmaw Tusk Necklace) 
 ▼ Comerciante Starcluster: O estoque diminuiu em 10 em relação ao mês passado (Kuduru Hind Leg) 
= Rappie Ranch: Sem alteração."
10000421,"■■■ o caminho para ■■■ ■■■■.
Nada serve melhor para cortar o alcance de ■■."
10000431,"No dia em que o ■■ surgir, capture ■■■ vivo e mova-o para ■■■.
Já que pretendo relatar que eu ■■■ ■■■■, ■■■■ ■■ ■■."
10000441,"Uma flor vermelha.
Esta deve ser a erva mencionada por Muina. É melhor colher com cuidado."
10000451,"Mergulhe no vestígios de tempo perdido.
Agora mesmo.
Do seu cliente."
10000461,"O nível de cozimento é um pouco insuficiente.

 ""O que isso deveria significar? Isso era algum tipo de piada popular naquela época?"""
10000471,"Hoje é meu dia de folga.
Não estou fazendo absolutamente, definitivamente, literalmente nada."
10000481,"Uma flor desabrochando em meio ao mato grosso.
Posso sentir sua teimosa vontade de viver."
10000491,"Parece os restos de um observatório destruído.
É melhor recuperar as peças das quais Bardad falou primeiro."
10000501,"Solo coletado na sombra.
Está úmido ao toque, provavelmente devido à falta de sol."
10000511,"Solo coletado debaixo de uma árvore.
É macio, graças a muito sol."
10000521,"Uma adaga gravada com o brasão Sverd Mercenary.
Pertenceu a Mitchell, e ainda posso sentir um leve calor no punho.
Devo levar isso para Sharaf."
10000531,"Esta é a flor Sharaf mencionada; ele brilha com uma luz radiante.
Vamos levar isso com cuidado, com Mitchell em mente."
10000541,"Nada útil aqui.
Devo procurar em outro lugar."
10000551,"Isso deve ser uma isca suficiente.
Hora de voltar para Zuabu."
10000561,"Solo coletado do segundo local para recuperação, conforme mencionado por Uzar.
A qualidade do solo é ruim, provavelmente resultado da incursão.
Vamos levar isso de volta para Uzar."
10000571,"Um palheiro que parece apetitoso à primeira vista.
Vamos levar isso para Rappie imediatamente."
10000581,"Pegadas frescas aqui.
Elas parecem ser de um homem adulto.
Eles estão indo para fora."
10000591,"Nada aqui parece um artefato.
Vamos prosseguir na direção Helene mencionada."
10000601,"Um fragmento encontrado entre as ruínas com um script desconhecido.
Isso pode ser o que Helene mencionou; Vamos protegê-lo."
10000611,"Parece vazio por dentro.
Vamos procurar em outro lugar."
10000621,"Esse é um cacto enorme.
O suficiente para agradar Vahista, eu acho.
Vamos procurar mais cactos por perto."
10000631,"Água clara que sustenta a aldeia pioneira.
Sua pureza é suficiente para satisfazer até mesmo os Naruru, tornando-a um bem valioso."
10000641,"Cuidado agora! Devemos sempre estar atentos a queimaduras de baixa temperatura.
Vamos retirá-los uma garrafa de cada vez, mesmo que Beretta esteja esperando."
10000651,"Um barril velho, muito comum em cervejarias.
Por que a Aliança Babaju esconderia um artefato aqui, entre todos os lugares?"
10000661,"O éter está emaranhado anormalmente.
Parece que está girando violentamente."
10000671,"Não sinto nenhuma energia especial.
Vamos verificar mais detalhadamente."
10000681,"Trepadeiras estranhas... elas se estendem por toda a parede.
Posso sentir uma energia fraca vinda do outro lado. Vamos subir com cuidado."
10000691,"Apenas aja com naturalidade, como se estivesse cuidando das plantações.
Ninguém lhe dará uma segunda olhada."
10000701,"Uma bolsa pequena e fofa fica aqui. 
 Quase não pesa nada... O que poderia ter dentro?"
10000711,"Organize os couros pendurados corretamente.
Ninguém dará você uma segunda olhada."
10000721,"Sulcos profundos no solo.
A julgar pelas marcas, eles passaram há pouco tempo. Vamos nos apressar e seguir a trilha."
10000731,"O corpo de um aldeão jaz, morto de uma forma horrível."
10000741,Preenchido com letra ilegível.
10000751,"Um Kiguru, um Naruru e um humano são retratados aqui.
Há algum texto rabiscado às pressas."
10000761,Vejo símbolos de Ironblood Brigade junto com alguns sinais desconhecidos.
10000771,"Encontrou uma nota ao pesquisar o corpo do membro.
Lê-se: [Atraso na obtenção de suprimentos]."
10000781,Roupas estão espalhadas. Eles parecem pertencer à tribo Kiguru.
10000791,"Parece que pertence à tribo Kiguru.
Vamos pegar um e mostrá-lo para Zisen."
10000801,"Ainda quente... deve ter morrido há pouco tempo.
O que aconteceu aqui?"
10000811,"As armas Kuduru estão empilhadas em um mess.
Pegue um que pareça bom."
10000821,"Nenhum vestígio de Etherium aqui.
Vamos procurar em outro lugar."
10000831,"Armas bem conservadas são armazenadas, prontas para uso imediato."
10000841,À direita: Trilha de montanha.
10000851,À esquerda: Hesperia.
10000861,"Parece um pouco desgastado, mas surpreendentemente bem conservado.
Posso ver claramente o fluxo constante de pessoas passando pelo Frantia Gate à distância."
10000871,"Nenhuma arma ou pedaço de armadura à vista.
Com esses edifícios humildes, parece mais um aconchegante alojamento na montanha do que um posto avançado.
Um bom lugar para passar a noite..."
10000881,"Não há estruturas defensivas separadas para proteger o posto avançado.
Quando você vê assim, Hesperia parece um bairro verdadeiramente habitável..."
10000891,"Um mapa amassado de Ophelia.
Parece representar a totalidade de Pulsing Ridge.
Símbolos enigmáticos estão escritos nele."
10000901,"Resta apenas o último farol.
Termine rapidamente e volte para Jean."
10000911,"Nenhum problema com o beacon.
Passando para o próximo."
10000921,"Não há necessidade de recuperar o beacon ainda.
Devo informar Jean."
10000931,"Com esse peso, até o Kuduru terá dificuldades. 
Vamos embalar o resto das caixas com pedras, exatamente como Thierry planejou."
10000941,"Uma coroa de flores tecida com cuidado para Dunie.
Quase consigo imaginar o rosto sorridente de Dunie."
10000951,O ■ quando ■■■ é ■■ e ■■ está ■■ não muito longe.
10000961,"Deixado para trás pelo Leão Branco, para sempre um passo atrás.
As presas do lobo ainda estão intactas."
10000971,A carga está cheia de pedras em vez de Etherium.
10000981,"O sangue oxidou para uma tonalidade marrom.
Parece que já passou algum tempo desde que as manchas foram deixadas."
10000991,"Uma carta endereçada à Guilda dos Mercadores.
Manchado de sangue em alguns lugares,
o nome do remetente está rabiscado às pressas: North Sea Light."
10001001,"Um recibo assinado pela North Sea Light, junto com um pouco de Etherium.
Ele ainda tem alguns doces de Etherium misturados."
10001011,"Uma carta é visível através das roupas rasgadas.
Ela carrega o selo da mansão."
10001021,Deitado em colapso enquanto segurava um doce Etherium.
10001031,"Um mineiro, vestido com o traje Shadow Wolf Clan, está caído."
10001041,"Doces de Etherium no pincel.
Eles se parecem exatamente com os distribuídos pelo Paraíso Advento."
10001051,"Parece um doce Etherium falso, feito pelos Naruru a partir de esterco e dentes de monstros."
10001061,Uma mistura de doces Etherium reais e falsos aqui.
10001071,"Surpreendentemente bem feito para um trabalho urgente.
Definitivamente o suficiente para enganar o Clã Lobo."
10001081,"Uma flor desabrochando na rocha. Posso sentir sua teimosa vontade de viver.
Devo entregar isso a Yasta."
10001091,
10001101,A condição da água... não é tão ruim quanto eu temia.
10001111,"Um bloco de pedra necessário para esculpir uma falsa relíquia.
I devo levar isso para Orha."
10001121,Uma poção que parece poder ser usada como antídoto.
10001131,
10002011,"Não é uma cabeça humana - é a de uma lontra.
Não, não é uma lontra, é um Naruru!
Espere, aquela parte de trás parece familiar... é de Azid!"
10002021,"Sangue está espalhado por toda parte.
Alguém deve estar gravemente ferido...
Eles não terão chegado longe, perdendo tanto sangue.
De quem é essa trilha?"
10002031,"A energia é ainda mais potente do que na entrada.
É como aqueles doces de Etherium...
Será que este minério pode ser mais um vestígio do Advento do Paraíso?"
10002041,"O cheiro é inacreditável, além da imaginação.
Eles fazem Babaju com isso?
Mas a bebida não cheirava nada parecido..."
10002051,"O cheiro é inacreditável, além da imaginação.
Não, sinto uma ponta de intoxicação... Minha cabeça está girando…
O mundo está girando…"
10002061,"Fede, embora não tão ruim quanto fermentar Baba.
Como esses são excrementos de uma espécie evoluída, o formato é... bem, perfeito."
10002071,"Como eles transformam isso em remédio? 
Ninguém aguentaria isso se soubesse do que é feito - não importa o quão bom seja para eles."
10002081,"Os coletores podem não ter temido os animais mutantes.
É possível que eles estivessem com medo disso… É uma tarefa verdadeiramente cansativa."
10002091,Isto é... uma carta?
10002101,É uma estátua que se parece exatamente com o Naruru.
10002111,"Para evitar que os monstros o engolissem,
I recuperou o Aetherium."
10002121,Existem apenas pedras na bolsa.
10002131,É uma erva de aparência robusta.
10002141,"É uma erva de aparência fresca.
Acho que juntei o suficiente... só mais um pouco para ter certeza."
10002151,"Acho que isso deve ser suficiente.
Hora de voltar para Beretta."
10002161,"Assim como Beretta me ensinou...
Piquei as ervas finamente e misturei-as com a poção."
10002171,Possui uma cor semelhante ao Aetherium.
10002181,"Uma posse do Prophet.
Parece um tomo muito grosso."
10002191,
10002201,
10002211,
10002221,
10002231,
10002241,
10002251,
10002261,
10003011,"Nenhuma escada ou corda à vista.
Um passo errado e torço o tornozelo.
Esta travessia definitivamente não foi construída pensando na conveniência."
10003021,"Uma estalagmite grossa lembra um pilar de madeira.
Garrafas de água, armadilhas e caixotes estão espalhados em torno de sua base.
Isso poderia ter servido como depósito de alimentos?"
10003031,"A madeira está bem empilhada.
Nunca ouvi falar de monstros fazendo fogueiras,
então as pessoas que moravam aqui devem ter deixado isso para trás."
10003041,"Uma pequena torre de vigia, baixa o suficiente para escalar sem uma escada.
Pano esfarrapado e couro pendurados em sua estrutura.
Se você não virar e virar muito, ela pode passar por uma cama."
10003051,"Vestígios de solo recém-revolvido.
Parece que alguém cavou fundo para plantar sementes aqui."
10003061,"Um pequeno broto surgiu.
Embora seja apenas uma muda, as pontas já estão começando a amarelar…"
10003071,"Um pequeno animal – talvez um coelho ou um esquilo – desenterrou o solo.
Não sobrou nenhuma folha; apenas raízes finas e expostas são deixadas para trás."
10003081,Um mapa mostrando a área ao redor do Acampamento.
10003091,"Esta deve ser a erva Beretta mencionada.
É melhor tomar isso com cuidado."
10003101,
10003111,Madeira que parece adequada para treinamento físico.
10003121,Parece resistente. Deveria constituir uma barricada decente.
10003131,"Com esse tamanho e peso, ele deve caber perfeitamente no peito."
10003141,
10004011,"O artesanato parece muito mais sofisticado do que qualquer coisa do Clã Shadow Wolf 
 ou da Tribo Kiguru."
10004021,Um manto de um seguidor do Paraíso Advento. Parece que já sofreu anos de desgaste.
10004031,"Uma descrição do lugar sagrado do Advento do Paraíso.
O texto está manchado, deixando os detalhes ilegíveis."
10004041,Nada aqui. vou ter que procurar em outro lugar.
10004051,"Um fragmento Tesseract, o tipo encontrado onde ocorreu uma incursão.
Ele se parece com aqueles usados ​​pelo Shadow Wolf Clan."
10004061,"Pegadas na grama.
Parece que alguém passou por aqui."
10004071,"As pegadas são uma bagunça.
Elas devem pertencer a um grupo de pessoas."
10004111,Gostaria que o manual tivesse instruções mais claras sobre como usar isso.
10004121,Mais algumas cadeiras e um pouco de comida tornariam este lugar perfeito.
10004131,"A água flui em direção às fontes termais.
O riacho parece refrescante enquanto cai em cascata."
10004141,"A cachoeira ruge.
Suas águas são incrivelmente claras."
10004151,"Parece escaldante.
Não tenho certeza do que é isso, mas o cheiro é penetrante - quase ardendo em meu nariz."
10004161,"Isso deve ser obra do Kuduru.
É muito desleixado para ser o trabalho dos soldados."
10004171,"Suprimentos, provavelmente transportados do posto avançado."
10004181,Embalado até a borda com doces Etherium.
10004191,"Caixas de suprimentos.
Nenhum sinal de doces Etherium nelas."
10004201,Vasculhou os pertences e encontrou um doce Etherium.
10004211,"Um enorme estoque de doces Etherium.
Vamos pegar até o último."
10004221,"Mais doces de Etherium empilhados aqui.
Melhor não deixar cair nenhum."
10004231,Ervas raras que prosperam mesmo no frio intenso.
10004241,"Limpar a neve, mas não há nada por baixo."
10004251,"Parece o selo Gale usado.
É melhor mantê-lo seguro e não perdê-lo."
10004261,Respiração constante. Parece estar em sono profundo.
10004271,Eu não esperava ver isso aqui. Parece reter ainda mais água do que os do deserto.
10004281,Uma Flor Estrela do Mar grande e robusta. Davin de Taima Pioneer Village certamente valorizaria isso.
10004291,
10004301,
10004321,
10004331,
10004341,"Para Gilbert...
O banquete está pronto."
10004351,
10004361,
10004371,
10004381,
10004391,
10004401,
10004411,
10004421,
10004431,
10004441,
10004451,
10004461,
10004471,
10005211,"Uma recompensa de monstro de Ranon.
As recompensas estão listadas em retratos de criaturas ameaçadoras.
Bestas, insetos e plantas…
Vá em frente e escolha o de aparência mais formidável do lote."
10005221,"<Food Storage – No Entry>
- O gerente está temporariamente ausente. Contate o Armazém Geral para suprimentos de grãos de emergência.

<Hunting Grounds Cleaning Schedule Change>
- Os Campos de Caça do Sul não serão 'limpos' até que o caçador designado retorne.
- Os não caçadores são aconselhados a seguir um caminho alternativo."
10005231,"Nenhum sinal de nada perto das âncoras de dobra.
Vamos procurar novamente a partir de um local com uma visão clara da aldeia."
10005241,"Ouço sussurros... Quem é?
Preciso me aproximar para ver melhor."
10005251,"Nenhum sinal de algo parecido com um chifre, não importa o quão minuciosamente eu procure.
Se é realmente algo que um dragão cobiçaria, deve estar escondido mais profundamente."
10005261,Nada de especial do outro lado da água. Concentre a pesquisa ainda mais no interior.
10005271,"Ressonância de vitalidade do lago.
É quase idêntico ao que descobrimos com Beretta,
, mas parece que impurezas vazaram para dentro dele."
10005281,"Uma massa sem forma que orbitava o último andar da Giant's Tower.
A equipe no local refere-se a ela como 'matéria flutuante' enquanto continuam sua investigação.
Eu posso sentir um leve pulso de Éter saindo dela."
10005291,"Uma oferenda — não, uma refeição adequada para o falcão caçador de Khoon.
Alguém tomou muito cuidado para não chamuscá-lo.
Nenhuma ave de rapina poderia recusar isso."
10005301,"A área comum do Nameless Village.
Surpreendentemente, a pesquisa não revelou absolutamente nada fora do comum.
Apenas grãos e vegetais comuns estão bem organizados - 
 e mesmo esses são tão escassos que você não consegue encontrar um único pedaço para limpar, contaminado ou caso contrário."
10005311,"Um poço que extrai água subterrânea limpa.
Seu cheiro e sabor parecem perfeitamente bons."
10005321,"Está escrito com uma caligrafia elegante, embora transmita uma leve sensação de tensão.
No final, lê-se “Hekima, Liberator of Knowledge.”

- A localização provável é Tan, o antigo território de Karadia.
- Investigará se a fonte de energia foi disfarçada como um artefato especial e divulgada ao público."
10005331,"... Rappie não está em lugar nenhum.
Não se parece com o local. Vamos continuar procurando."
10005341,"<Volunteers Wanted: 'Nameless Village' Dispatch>
- Procurando voluntários para procurar os desaparecidos.
- Almoços embalados fornecidos (sem subsídio de refeição adicional).
- Congratulamo-nos com qualquer descendente de Tan que esteja disposto a ajudar!"
10005351,"Uma erva comumente usada para desinfecção e estancar sangramentos.
Considerando o físico de Seta, você precisa levar bastante bagagem."
10005361,"...Não me diga que eles realmente comeram pedras por fome?
Deve haver outro uso para isso."
10005371,"As cascas das árvores são comestíveis se bem secas e alisadas.
Embora possa ser preparada em água potável como remédio,
mas ainda tem um gosto que você não gostaria na boca."
10005381,"Pelo menos essas ervas daninhas parecem que podem ser usadas como ingredientes.
Pode haver plantas venenosas misturadas..."
10005391,"Sementes da flor de bálsamo, que cresce bem em solo úmido.
Conhecida por ser usada para tingir e como um medicamento eficaz."
10005401,"Catnip plantado aqui e ali por Bau.
Vamos reunir um pouco mais antes saindo."
10005411,"O que há nessa grama
que faz os gatos ficarem tão loucos...?"
10005421,"Isso deve ser suficiente.
Vamos retornar a Bau."
10005431,"A água parece límpida, mas deixa um gosto amargo na ponta da língua.
Talvez devêssemos fazer algo sobre a qualidade da água aqui."
10005441,"A casca do tronco da árvore está seca e quebradiça.
Retirá-la revela formigas brancas se movendo em linha.
Esta árvore já está sofrendo!"
10005451,"Parece adequadamente úmido e saudável à primeira vista, mas
a julgar pela cor desbotada nas pontas das folhas, não está recebendo nutrientes suficientes."
10005011,"Uma pilha de convites para torneios.
Levaria um bom tempo para assinar todos eles...
Minha mão já fica dolorida só de pensar nisso."
10005012,"Encontrei um objeto com um leve traço de Éter, mas ele brilhou brevemente antes de desaparecer.
Ele rapidamente perdeu a cor, transformando-se em uma pedra cinza comum.
É difícil até considerá-lo um artefato."
10005013,"Há uma réplica Tesseract entre o lixo misturado.
Ouvi dizer que a tribo Kuduru frequentemente rouba pertences humanos...
Poderia ter pertencido a alguém que não sabia seu propósito?"
10005041,"Fator de Karugura.
Quando o coloco na Replica Seed, uma luz fraca pisca."
10005051,"Fator de Karugura.
Coloquei-o na Replica Seed, mas nada muda.
Acredito ter seguido as instruções de Bailey, então isso é estranho."
10005061,"Fator de Karugura.
Coloquei-o na Replica Seed, mas nada muda.
Acredito ter seguido as instruções de Bailey, então isso é estranho."
10005071,"Uma boneca inspirada na tribo Naruru.
Parece aconchegante e macio.
Parece completamente deslocado aqui."
10005081,"Fator de Tagar.
Quando o coloco na Replica Seed, uma luz fraca pisca."
10005091,"Fator de Tagar.
Quando o coloco na Replica Seed, ela emite uma luz intensa."
10005101,"Uma erva para ser usada como ingrediente nos lanches de Rappie.
Parece estar em boas condições."
10005111,Acho que isso deveria ser suficiente.
10005121,"Esperançosamente, o Rappie selvagem reagirá bem a isso..."
10005131,
10005141,
10005151,
10005161,
10005171,"O símbolo de romance que Uran mencionou.
Ele é alto e floresce até mesmo na colina murcha."
10006011,"O dispositivo de gravação de formulário não está funcionando.
Parece estar quebrado."
10006021,"Verifique o dispositivo de gravação de formulário em Ancient Tree Bower.

P.S. As coisas eram urgentes demais para colocá-lo no cofre.
I, em vez disso, deixei uma poção. Aplique-o na marca do grupo mercenário e, em seguida, ilumine-o."
10006031,Não há nada na fenda da rocha.
10006041,Também não há vestígios do Dispositivo de Gravação de Formulários entre a grama.
10006051,É um dispositivo de gravação de formulário intacto.
10006061,Contém sobras de carne e o que parece ser uma homenagem da tribo Naruru.
10006071,Contém um dispositivo de gravação de formulário quebrado.
10006081,É um pergaminho com a marca do Clã Polaris.
10006091,Estes são os ossos das pessoas que foram arrastadas para o santuário.
10006101,Parece que a vela se apagou não muito tempo atrás.
10006111,"Dadas as claras manchas de sangue, parece ter sido usado recentemente."
10006121,Há marcas de sangue deixadas para trás.
10006131,"Algo caiu perto da vela.
… Parece a bandana que Libby sempre usava."
10006211,"O aglomerado de luz que Hekima chama de “meu remanescente”. 
Está fragmentado como se uma fenda tivesse se formado no espaço."
10006221,"Tem uma cor mais profunda do que parecia do lado de fora.
Por alguma razão, sinto-me estranhamente atraído por ele."
10006231,Um pássaro grande deixou cair esta pena? Não se parece com nenhuma espécie que vi em Elsetia.
10006241,"Olhando mais de perto, ele tem um formato familiar. Quase parece que pertenceu a uma pessoa..."
10006251,"Uma grande pena branca, do tamanho da palma da mão de um adulto.
Estranhamente, a energia que cobre o “Labyrinth” emana desta pena.
Pode estar relacionada ao antigo império."
10006261,"Procurei minuciosamente, mas não encontrei nada.
Parecia um bom lugar para esconder coisas..."
10006271,"Isso poderia estar escrito na escrita Talim que os Libertadores mencionaram?
Eu nem consigo entender o título.

Eu poderia lê-lo naturalmente nas ruínas...
Mas agora parece apenas desenhos."
10006281,Descobri um dispositivo de gravação de formulário intacto.
10006291,"É a adaga que vi quando conheci Elin. De jeito nenhum... 
Vamos descer rapidamente."
10006301,"A erva ilustrada na receita Weifel mencionada.
É melhor tomar isso com cuidado."
10006311,
10006321,
10006341,"A pilha de livros para a qual o velho apontou com um aceno de cabeça.
Alguns estão tão desbotados da capa à página que o texto é quase ilegível.
<The Three Little Bisons>, <The Rappia Piper>...
Ainda assim, entre eles... nem um único livro é sobre o 'Sentinela das Florestas Profundas'!"
10006351,"Em um instante, um flash! A luz refletida no monte de terra empoeirada.
Eu cavei cuidadosamente aquele local, mas o que apareceu foi... uma peça desgastada de armadura de latão."
10006361,"Enquanto eu vasculhava as aberturas nos pilares de pedra, minha mão pegou um objeto pequeno e redondo.
Enquanto eu esfregava a superfície suja... uma moeda de ouro apareceu!"
10006371,"Não há batimentos cardíacos, nem mesmo uma leve respiração para ser ouvida.
Sem o menor movimento... é como olhar para uma boneca linda."
10006381,"É semelhante ao que verifiquei com Beretta nas cristas.
Vitalidade, um frio intenso, distorção e um vórtice violento... Posso sentir todos eles."
10006391,"Já vi objetos que ancoram Aether antes,
Mas esta é a primeira vez que vejo um que coleta tudo em um só lugar...
É confiável o suficiente para usar, suponho?"
10007071,"Uma flor desabrochando no meio de um prado.
Acho que Etana adoraria isso."
10007081,"Uma pequena flor desabrochando debaixo de uma árvore.
Isso também seria uma boa adição."
10007091,"Uma flor quase escondida contra uma pedra.
Suas cores são verdadeiramente impressionantes."
10007131,"Um dispositivo de mudança de fase modificado feito por Asli.
Ele está quebrado sem possibilidade de reparo."
10007141,"É uma mancha de sangue recente.
Pode ser de Asli, então precisamos encontrá-la rapidamente."
10007151,Eu nunca esperei encontrar um emaranhado de Éter em um lugar como este...
10007161,"Talvez por serem ruínas antigas, elas são mais fáceis de encontrar."
10007171,"Um objeto quebrado que parece antigo está emaranhado com luz.
Parece perigoso. É melhor eu levá-lo comigo."
10007181,"Éter fluindo de um mago suspeito.
Pode ser perigoso, então devo coletá-lo com cuidado."
10007191,"Éter fluindo de um mago suspeito.
 Parece extraordinariamente complexo e emaranhado."
10007201,"Uma caixa de armazenamento cercada por Éter fraco.
Parece ter medidas de proteção para evitar acidentes.
O objeto dentro... parece incrivelmente bizarro!"
10007211,"Sinto uma densidade maior do que a fenda que vi anteriormente.
 Não parece especial na superfície,
mas parece estranhamente massivo..."
10007221,"Assim como Adel disse, isso não se parece com um ferimento causado em combate comum.
A carne está rasgada e irregular, como se mandíbulas fortes rasgassem a carne...
Eu vejo um cadáver à distância sem metade de seu torso, provavelmente com as mesmas marcas horríveis."
10007231,"Não sei dizer se o gigante já escapou.
Devo procurar pegadas logo no início caso...
Espere, isso é uma carta?"
10007241,"Terminei de preencher o questionário de Evrin.
Isso deve ser suficiente, certo...?"
10007251,
10007261,"Nada fora do comum, além das grandes marcas de mordida.
Eu deveria pelo menos coletar uma amostra de sangue, já que Monica me colocou neste trabalho."
10007271,"A luz piscando rapidamente sugere que um artefato está próximo.
E a agulha do detector... está apontando para o sul."
10007281,"Aviso aos habitantes da Terra Abandonada.

Para minimizar as baixas causadas por uma criatura 'Giant Humanóide',
é emitida uma ordem de evacuação de emergência. emitiu.

Babylon classifica esta situação como uma anomalia desencadeada por um artefato e está fazendo todos os esforços para recuperá-la."
10007291,"- Formação de conduítes entre Elsetia e os confins instáveis ​​do espaço e do tempo.
- Materialização de entidades que imitam aquelas dos reinos conectados.

Entidades não identificadas podem emergir desses conduítes. Todos devem cumprir rigorosamente a ordem de evacuação."
1000730,"Rastros deixados onde Giant desapareceu.
Parece fumaça cinza."
1000731,Seria desagradável se isso pegasse você.
1000732,"Rastros deixados onde o Giant inteligente desapareceu.
Parece mais escuro do que antes."
1000733,"Líquido semelhante ao encontrado anteriormente.
Quanto mais você olha para ele, mais desagradável parece."
1000734,As pegadas humanas são misturadas caoticamente.
1010301011,Contém suprimentos militares a serem enviados ao Gabinete do Governador-Geral de Ashientet.
1010301021,Parece que eles usaram todo o remédio que prepararam.
1010301031,Parece que eles usam as folhas caídas como lenha.
1010301041,Contém grãos cultivados através do trabalho árduo dos agricultores.
1010301071,Dizem que seu desejo se tornará realidade se você beber água desta fonte.
1010301101,Tigelas com padrões impressionantes. Diz-se que um artesão fez um trabalho artesanal após um único.
1010301121,Essas frutas foram cultivadas sob o sol escaldante de Scything Barrens.
1010301131,"Armas contendo Istarium, encontradas apenas na Terra Abandonada."
1010301151,"Uma caixa apreciada por Imad, o gerente do Stash. O que poderia estar dentro?"
1010301171,Um frasco contendo itens supostamente mostrados apenas para convidados especiais. Parece que estão todos esgotados hoje.
1010301191,"Vim aqui esperando bebida de graça, mas saí de mãos vazias."
1010301221,É o lugar perfeito para se esconder do sol e do olhar dos soldados.
1010301231,Uma estátua de pedra inspirada no grande herói de Asientet.
1010301261,"Uma almofada costurada à mão.
Os padrões são supostamente decididos por capricho."
1010301291,"Por alguma razão, sinto que visitarei este lugar com frequência."
1010301301,Um aroma delicioso vem da panela fervendo.
1010301331,Parece que foi usado para transportar grãos.
1010301351,"Uma caixa com conteúdo desconhecido. Pode ser perigoso, então vamos deixar isso de lado."
1010301391,"A julgar pelos potes, sacos e pequenos tapetes próximos, essas caixas provavelmente foram deixadas para trás pelos comerciantes."
1010301431,Parece o lugar perfeito para se esconder da Incursão.
1010301451,Um ponto de vista com vista para todo o Bardad Expedition Garrison.
1010301461,Lanche preferido dos integrantes da expedição. Eles supostamente preferem batatas cozidas no vapor às assadas.
1010301481,Caixas cheias de mercadorias roubadas pela tribo Kuduru. Ficar muito curioso pode começar uma briga com eles.
1010301521,Parece ser uma carroça de mascate. Parece que quebrou recentemente.
1010301531,"Parece que alguém deixou alguma bebida para trás. Estou com sede, então vou beber agora."
1010301541,São grãos trazidos de Babylon. São suprimentos de comida para os moradores do Acampamento das Ruínas Gale.
1010301551,O cadáver de um recém-falecido Sandmaw. Quem poderia tê-lo matado?
1010301561,O cadáver ainda está quente. Há marcas indicando que foi perfurado por algo pontiagudo.
1010301571,Parece ter sido derrubado com um único golpe e com grande força. Foi um mago? Ou um guerreiro..?
1020501011,"Com tantas frutas e grãos aqui, ninguém notaria se alguns desaparecessem."
1020501041,"Uma caixa contendo produtos artesanais da tribo Naruru.
Os comerciantes Naruru os transportam diretamente até Babylon."
1020501061,Hay se reuniu para as orações do sacerdote ao deus Ea.
1020501071,O feno empilhado é entregue ao sacerdote ou usado como alimento para os Rappies.
1020501081,"Ingredientes para macarrão de salmão seco, uma especialidade de Naruru."
1020501111,Um smoothie feito moendo salmão seco e vegetais variados. Fornece uma refeição farta para os Naruru.
1020501141,Um cacto gigante com flores vermelhas desabrochando. As pétalas vermelhas são usadas como corante ou decoração de festivais para os Naruru.
1020501171,"Uma carruagem conduzida pelo Naruru. Contém caixas de peixes, grãos e artesanato para serem levadas para Babylon."
1020501201,Um barril cheio de licor forte feito de Baba. Parece que ninguém se lembra há quantos anos envelheceu.
1020501211,Os restos de uma instalação onde o antigo império perfurou e refinou o Éter.
1020501241,Os restos de uma instalação onde o antigo império perfurou e refinou o Éter. Caracteres antigos estão gravados nele.
1020501251,Uma manjedoura cheia de feno fresco que os Rappies gostam. Os Naruru enchem-no diariamente com feno fresco.
1020501281,"O Naruru embebe Baba, o ingrediente de seu licor, em água para remover suas toxinas."
1020501301,Um campo de Baba cuidadosamente cultivado pelos Naruru. A maior parte do Baba produzido é usada para preparar bebidas alcoólicas.
1020501321,Baba bem aparada. Para se tornar um mestre cervejeiro é preciso saber preparar o Baba adequadamente.
1020501371,Baba recém-colhido. Deve ser embebido em água para remover toxinas e preparado antes de ser usado.
1020501391,Uma árvore com raízes grandes e robustas. Você pode atravessar para o outro lado através de uma ponte construída acima da árvore.
1020501401,Muitas velas estão acesas sob uma estátua de pedra que parece ser do estilo do Império Antigo.
1020501421,Um altar onde prega o profeta do Advento do Paraíso. É também um lugar sonhado pelos seguidores do Paraíso Advento.
1020501431,Uma caixa mantida pelos Lobos das Sombras. Está cheio de mercadorias saqueadas de Babylon.
1020501461,Sacos e caixas de madeira sendo armazenados pelos Lobos das Sombras. Eles parecem conter Etherium.
1020501481,"Atrás da porta de ferro bem fechada, há vestígios de alguém que foi preso."
1010401011,"Uma cidade construída por aventureiros em direção à Terra Abandonada.
No início, não era nada mais do que um dos pequenos acampamentos perto da Torre, mas à medida que crescia em tamanho, tornou-se a maior cidade da Terra Abandonada.

Pelo menos aqui, a cooperação que transcende os interesses nacionais ocorre sob o compartilhamento. objetivo da Torre e das relíquias.

No entanto, esta é apenas uma aparência externa.

Ashientet, Frantia e Stormkel, que construíram legações e despacharam cônsules, competem há anos para expandir sua respectiva influência dentro da Terra Abandonada, enquanto a Aliança de Aventureiros está simultaneamente apoiando e mantendo os cônsules de cada nação sob controle para operar de forma independente Babylon."
1010401021,"Ashientet é uma nação monárquica centrada em torno do “Xá”. ◈
Pars

◈ Meio Ambiente ◈
A maior parte do país é deserta e devastada, e a agricultura e a pecuária se desenvolveram em torno de oásis e grandes rios. 
Aldeias e cidades também se desenvolveram em torno de oásis e rios, e é o mais abundante em Etherium entre as cinco nações do continente Elsetia.

◈ História ◈
Devido ao ambiente árido, alimentos e suprimentos eram escassos, levando ao desenvolvimento de comerciantes grupos. À medida que o comércio se expandia, o comércio entre cidades aumentava, levando eventualmente a conflitos e guerras em grande escala entre as famílias governantes de cada cidade. 
Essa disputa de séculos entre as famílias poderosas foi finalmente encerrada por um indivíduo que se declarou o Xá, o rei dos reis. Desde então, Ashientet evoluiu para uma monarquia centrada no Xá, e hoje o trono é ocupado por “Arhan Shah”."
1010401031,"Eu sei que esta carta nunca chegará até você, e ainda assim escrevo novamente, para você, que permanece sem nome.

Você, que veio para a Terra Abandonada, deve estar na mesma situação que eu, certo?
Quando ouvi que a Torre havia sido aberta e chegado à Terra Abandonada, você não tem ideia de como meu coração acelerou ao pensar em encontrar aquela pessoa novamente. Como eu poderia esquecer a pessoa que me transformou – um morador de favela que sobrevive do lixo – em um Aventureiro?

Até chegar em Babylon com o coração inchado, eu...
Fiquei entusiasmado pelo fato de ter cumprido minha missão. 

Eu estava desesperado para dizer isso imediatamente: veja o que consegui agora. Trouxe tudo que você queria! Talvez você tenha se sentido da mesma maneira.

Ah, há muitos olhos observando. Vou parar por aqui por hoje."
1010401041,"Esta guilda é uma das 7 que compõem a Aliança dos Aventureiros, liderada por Aman.
A Guilda dos Comerciantes exerce a maior influência dentro da Aliança e também supervisiona o estabelecimento e apoio de outras guildas.

◈ Líder da Guilda: Aman ◈
He é o líder da “Estrela do Oeste”, um grupo mercantil histórico com sede em Ashientet. Vindo de Ashientet, ele é avaliado como o líder mercantil mais notável da história.

◈ Introdução à guilda ◈
A maioria dos grupos de comerciantes que compõem a guilda estão baseados em Ashientet.
Suas principais funções incluem gerenciar grupos de comerciantes e mercados que entram e saem Babylon, bem como alugar seu Stash compartilhado.
Alguns comerciantes gerais, comerciantes de equipamentos e gerentes de Stash são enviados para cada Waypoint, então os comerciantes da Guilda dos Comerciantes podem ser encontrados em toda a Terra Abandonada."
1010401051,"Em Babylon, há uma fonte que concede desejos.
Construída sobre uma fonte incessante em um terreno baldio com escassez de água, a fonte simboliza milagres fortuna.

A lenda diz que no dia em que a fonte foi concluída, o Alto Priest de Enkia e o Arquimago de Frantia concederam uma bênção que nunca teria fim. À medida que o boato se espalhava, aventureiros e residentes visitaram a fonte com seus próprios desejos. Com o coração desesperado, eles jogaram moedas na fonte e fizeram desejos.

Depois disso, como num passe de mágica, alguém encontrou a entrada da Torre, alguém se reuniu com sua família perdida e alguém se tornou um herói para grandes aventureiros.

Mesmo agora, aqueles que visitam a fonte jogam moedas nela, desesperadamente esperando que seus desejos se tornem realidade.
No entanto, esteja ciente de que um desejo não se tornará realidade se for falado em voz alta."
1010401061,"A Aliança dos Aventureiros é o órgão governante da cidade unida de Babylon, consistindo de 7 guildas.
O líder da aliança é Aman, chefe da Guilda dos Comerciantes.

◈ Composição ◈ 
1. Guilda dos Comerciantes
2. Guilda dos Ferreiros
3. Guilda dos Artesãos
4. Guilda dos Avaliadores
5. Guilda dos Caçadores
6. Guilda dos Exploradores
7. Guilda dos Wayfinders"
1010401071,"O esconderijo do Clã Polaris está localizado nos arredores de Babylon.
Como sede do “Clã Polaris” fundado por Warrior Ragnar de Stormkel, também é um lugar frequentemente visitado pelos Novas.

Em uma idade jovem, Ragnar uniu forças com membros do clã e aventureiros que conheceu na Terra Abandonada - Beretaa, Azran, Koon e Rada - e derrotou Ancient com sucesso. Gatekeeper “Gishkal” guardando o 1º Andar da Torre... 
Através deste evento, Ragnar—junto com Beretta, Azran, Koon e Rada — ganhou o título de Nova, e o Clã Polaris tornou-se conhecido como o melhor clã em nome e realidade. necessário, fornecendo grande ajuda tanto para os aventureiros quanto para Babylon."
1010401081,"Para ■th■as■.
A■ru■ diria que isso não é verdade, mas você ■■ não me ouviu.
...Como ■■■ você compartilha conhecimento com um ■■ tão ignorante?
Você também ■ sabe que tipo de consequências esse ■■■ conhecimento pode trazer.
■■■■■■ também viraram as costas para você, mas não seria ■■ para ■ ■?
Se nós ■ para ■ ■■, isso ■■... irá ■■ desaparecer para sempre ■."
1010401091,"Uma das 7 guildas que formam a Aliança dos Aventureiros, liderada por Monica.
A Guilda dos Avaliadores coleta, avalia e pesquisa relíquias escavadas na Terra Abandonada e gerencia os Conduítes de Dobra em cada Realm.

◈ Líder da Guilda: Monica ◈
Descendente de uma família rica de Frantia, ela coloca todas as suas capacidades na pesquisa de relíquias para um melhor futuro.

◈ Introdução à Guilda ◈
A Guilda dos Avaliadores detém a autoridade para pesquisar Relíquias escavadas na Terra Abandonada. Embora a maioria sejam estudiosos de Frantia, diz-se que ingressar não é difícil, desde que se tenha talento para avaliar relíquias."
1010401101,"Havia gigantes que procuravam se tornar deuses.
Consumidos pela arrogância e ganância, eles construíram uma torre para alcançar os céus.
No momento em que a torre, construída sobre sangue, finalmente tocou o céu, o mundo inteiro ficou coberto de escuridão e os gigantes desapareceram sem parar. trace.

Dez mil anos se passaram e os humanos se tornaram os mestres do mundo.
Os gigantes que antes governavam o mundo se foram, mas a torre que eles deixaram para trás compartilhou a ascensão e queda da humanidade. 

Mesmo em meio a repetidos ciclos de nascimento e morte, prosperidade e ruína, os humanos adoravam a torre que permanecia imutável no centro do mundo."
1010401111,"Os Predators são alguns dos monstros mais comuns em Forsaken Land.
Eles recebem nomes diferentes conforme sua coloração; o mais conhecido é o Black Predator.

◈ Aparência ◈
Têm dentes específicos para fora da boca, chifres que lembram orelhas, uma juba de pelos grossos e pontiagudos e uma cauda de escorpião.

◈ Comportamento ◈
Costumam vagar sozinhos à procura de presas. Ao avistar uma, porém, juntam-se e passam a caçar em matilha.

◈ Informações adicionais ◈
Dizem que a cor do pelo de um Predator varia conforme o ambiente. Segundo uma investigação de um membro da Hunters Guild, também existem Predators brancos, cinzentos e castanho-amarelados."
1010401121,"Os humanos chamaram o mundo de continente de Elsetia e fundaram sete nações:

Karadia, Tan, Stormkel, Frantia, Ashientet, Enkia e Krea.
Essas sete nações reconstruíram a civilização caída e inauguraram uma era de ouro graças ao legado deixado pelo gigantes.

Entre eles, Karadia e Tan, que estavam localizados perto da torre e prosperaram rapidamente com as relíquias deixadas pelos gigantes, lutavam pela supremacia sobre o continente quando as portas bem fechadas da torre se abriram e monstros surgiram.

Karadia e Tan foram destruídos pelos massacre indiscriminado de humanos, e uma barreira foi construída, liderada por Frantia e Ashientet, para deter o avanço dos monstros. 

Nos últimos dias, as pessoas chamaram esse desastre de Grande Incursão."
1010401131,"◈ Coma bem e viva bem! Taima Pioneer Village ◈
Aqui estão as notícias desta semana da vila pioneira.

 1. Há notícias de que o Capitão Pioneiro Kamiya trouxe outro novo trabalhador... 
 Não, um novo member.
 Como temos uma nova boca para alimentar, os campos que precisamos arar ficarão maiores, certo? 
 Mas não há tempo para chorar por isso. Você só pode sentar quando todo o trabalho estiver concluído!

 2. Há notícias de que um comércio de longo prazo com a Jamira Merchant Company foi iniciado.
 Não há nada para vender para a tribo Naruru ainda, mas o apelo de que podemos fornecer-lhes um lugar para descansar por um tempo 
 deve ter funcionado, certo? Espere um minuto, se for esse o caso. 
 Então os únicos que trabalharão nesta aldeia serão... humanos!"
1010401141,"O Taima Pioneer Village foi estabelecido sob a liderança de “Aman”, o Merchants Guild Master.

O Scything Barrens, onde está localizada a cidade aliada de Babylon, tem um ambiente semelhante ao de Ashientet, portanto, a maior parte de sua escassez de alimentos tem sido historicamente coberta pelo comércio. No entanto, à medida que a agressão dos monstros ficou mais forte, o número de caravanas mercantes viajando do Portão Ashientet para Babylon começou a diminuir em algum momento. Além disso, ao saber que a torre havia sido aberta, aventureiros de todo o continente migraram para Babylon, agravando ainda mais a escassez de alimentos.

Para superar esse problema, Aman encontrou uma fonte de água perto de Babylon e começou a cultivar a terra, que se transformou na corrente Taima Pioneer Village. O objetivo do Taima Pioneer Village é tornar-se autossuficiente em alimentos sem depender do comércio."
1010401151,"O Portão Ashientet é um dos quatro portões localizados na Terra Abandonada.
É um portão tipo barreira construído para impedir a primeira Grande Incursão que ocorreu há 100 anos e faz fronteira com Scything Barrens.

Em particular, o Portão Ashientet pode ser usado por qualquer pessoa como desde que paguem o pedágio, aventureiros de vários países o utilizam com frequência. Porém, é melhor ter cuidado, pois alguns dos que passam pelo portão são criminosos que se autodenominam aventureiros.

Não há restrições à entrada, mas a saída requer autorização das respectivas legações nacionais e uma inspeção no portão.
Exceto burocratas ou soldados sob as legações e comerciantes autorizados, muito poucos estão autorizados a sair do portão. Terra Abandonada."
1010402011,"Para quem busca saber, deixo esta carta para você hoje.
Quanto tempo esperei que você encontrasse isso...! 

Que “hora” é aí? 
Ah, talvez essa não seja a maneira certa de perguntar. Não me diga... já passou muito tempo? Isso seria um pouco problemático.
Finalmente... recebi permissão de ■■■■ para sair!
■■■■■ disse não, mas eles são apenas fantoches na frente de ■■■■ de qualquer maneira!

Então, por favor, espere um pouco mais!
...Porque certamente conseguirei sair antes que a torre seja concluída."
1010402021,"Uma das sete guildas que compõem a Aliança dos Aventureiros, liderada por Kian.
Foi formada principalmente por caçadores de Krea, e seu principal negócio é subjugar monstros, pesquisar, compilar bestiários e processar subprodutos.

◈ Guildmaster: Kian ◈
Ele é o responsável pela Guilda dos Caçadores, dedicada ao sucessor do soberano em quem ele confiava e seguia.
Ele era um excelente caçador, mas devido a um ferimento grave há muito tempo, ele raramente participa de atividades reais combat.

◈ Introdução à Guilda ◈
Um lugar onde caçadores com personalidades fortes julgam uns aos outros apenas por seus skills.
Embora alguns membros ocasionalmente causem problemas, diz-se que a maioria é genuinamente devotada à caça."
1010402031,"Certa vez, nesta terra árida, uma alma ansiava por ser um oásis e cantar sobre o amor.

...Hah, romances de fofoca não vendem uma única cópia com esses clichês cansados!
Ei, você aí, aquele que está lendo isso. Como você encontrou esse lugar?
Pensando na minha honra, não, no meu prestígio social, tentei o meu melhor para escondê-lo de alguma forma.
Bem, pensando bem, as pessoas realmente não mudaram, no passado ou no presente.

Uh... De qualquer forma, desde que você encontrou isso, vou te contar uma história muito, muito incrível de agora em diante. É sobre um leitor de corações e será muito interessante.

W-Espere... o tempo de gravação já acabou? De jeito nenhum!
Com certeza trarei o próximo capítulo! Eu realmente irei - então espere! Espere, caro leitor!"
1010402041,"Uma breve descrição da política de Ashientet.

◈ Política ◈
Depois que os assentamentos se formaram em torno do oásis, aqueles que tinham propriedade ou autoridade sobre a fonte de água transformaram-se em famílias poderosas.
Essas famílias poderosas governaram o cidade, desenvolveu minas de aetherium e acumulou riqueza por meio de atividades mercantis. Durante este processo, surgiram conflitos com outras famílias poderosas, o que levou ao surgimento do “Xá”. 

Atualmente, sob o governo do “Xá”, as lutas abertas pelo poder entre famílias poderosas quase desapareceram. autoridade e aumentar o controle sobre eles, e ao fechar os olhos aos massacres que ocorrem neste processo, ele infunde medo entre as famílias poderosas. Como ninguém sabe quem será o próximo a cair até que a tragédia aconteça, as famílias poderosas são forçadas a provar constantemente a sua lealdade inabalável ao “Xá”."
1010402051,"◈ Solicitação de investigação ◈
""Se você me ama, dê-me seu coração.""

O que você acha de um cônjuge que sussurra algo assim para você todos os dias?
É realmente assustador, mas não posso cancelar um casamento que é essencialmente um acordo juramentado entre nossas famílias.
I inicialmente presumi que fosse uma figura de linguagem, mas eles faziam a mesma pergunta exatamente na mesma hora todos os dias com a mesma expressão, o que me convenceu de que não era brincadeira.

Claro, também tentei usar o leitor de coração conforme você instruiu. 
...Mas nada apareceu. 

Mas não é muito estranho?
Meu “coração” está escaneado perfeitamente, mas não consigo ver... o do meu cônjuge?
Com um noivado arranjado pessoalmente pelo Imperador, e votos já feitos, não sei o que fazer do.

[Continua no próximo capítulo...]"
1020401011,"Coautoria de Raguda, Pesquisador de 1ª Classe da Imperial Research Instituto


◈ Aparência ◈
Os adultos normalmente medem 1,5 metros, embora variantes superiores a 2 metros tenham sido observadas.
Seus corpos são cobertos por pêlo curto e macio com um brilho brilhante de um natural revestimento de óleo, que serve para regular a temperatura corporal e reduzir a resistência à água. Eles andam principalmente bípedes como os humanos, ocasionalmente revertendo para movimentos quadrúpedes dependendo da situação.

◈ Ecologia ◈
 Eles são observados predominantemente em áreas residenciais de classe baixa. Habitam principalmente locais com água, mas parece que também podem viver fora da água. 
Seus gêneros são distintos como os humanos, mas é difícil diferenciá-los pela aparência. Eles dão à luz dois ou três filhotes de cada vez.
Sua expectativa de vida é comparável ou ligeiramente menor que a dos humanos.

◈ Relacionamento com Humanos ◈Eles mantêm um relacionamento amigável com a humanidade, coexistindo naturalmente dentro dos assentamentos. No entanto, a sua natureza inerentemente beligerante torna-os inadequados para a escravização. Este é um facto altamente lamentável, especialmente tendo em conta a sua aparência cativante e a sua excepcional proficiência como caçadores empunhando arcos e lanças."
1020401021,"Aburu Village está localizado perto do Umbigo de Ea, onde três rios caem como cachoeiras.

Composto por palafitas de madeira e barro, é o maior assentamento Naruru dentro da Terra Abandonada. A vila é amplamente dividida em uma área residencial e uma área comercial.
 
A vila de Aburu é governada por ""Barba Robusta"", que corresponde ao título de chefe da vila.
O atual Barba Robusta é um Naruru chamado ""Etura.""
 
Ele é famoso por ter a natureza mais benevolente e calorosa da história de Aburu Village. Sua preocupação singular é o agravamento da queda de cabelo, uma condição agravada por seu amado filho, Azid. Toda a aldeia se esforça secretamente para curar a condição de Etura, embora seus esforços ainda não tenham dado frutos."
1020401031,"Coautoria de Raguda, pesquisador de 1ª classe do Imperial Research Institute

◈ Curtidas ◈
Observações secretas no distrito residencial de classe baixa confirmaram o seguinte preferências:

1. Água: Eles exibem uma forte afinidade por água limpa, frequentemente brincando na água e tomando banho.
2. Álcool: Eles gostam de preparar cerveja e beber álcool. Experimentei um copo que me foi oferecido e tinha um acabamento notavelmente limpo.
3. Luta: Impulsionados por sua natureza beligerante, nunca fogem de uma briga provocada; em vez disso, eles apreciam isso. 

◈ Antipatias ◈
Observações secretas no bairro residencial de classe baixa confirmaram as seguintes aversões:

1. Muda: Eles ficam altamente irritáveis ​​durante a época da muda, coçando constantemente o corpo com coceira e evitando totalmente a água. 
2. Água Suja: Sendo sensíveis à qualidade da água, eles se recusam a chegar perto de água poluída. 
3. Legumes: Embora tolerem vegetais como acompanhamento, eles se recusam a consumi-los sozinhos."
1020401041,"Estas são as palavras que o grande Ea nos transmite.

Eu moro em todas as águas.
Desde o momento em que você respira pela primeira vez neste mundo até o dia em que você exala a última, estarei com você, então não tenha medo.
O O caminho da água flui eternamente e assim nos encontraremos novamente no início e no fim."
1020401051,"Após a Grande Incursão, a região dentro da barreira foi designada como Terra Abandonada e a entrada foi estritamente proibida. circulam que a entrada para a Giant's Tower foi finalmente encontrada.

""O poder de remodelar o mundo está dentro da torre.""

Essas palavras, proferidas pelo aventureiro que primeiro descobriu o portal, surgiram em todo o continente de Elsetia.
Agora, não apenas os aventureiros, mas até mesmo os governantes de cada nação estavam desesperados para obter as relíquias da torre."
1020401061,"Como você não pode andar dois passos sem tropeçar em um cacto, eu, um chef genial, estou documentando especialmente esta receita.
 
◈ Peixe cozido no vapor embrulhado em cacto ◈
 1. Fatie um cactus.
 2. Esvazie o centro e apare os espinhos externos. Sinta-se à vontade para deixá-los se gostar de uma textura espinhosa.
 3. Encha bem a cavidade com peixe bem seco... salmão, truta ou goby funcionam perfeitamente.
 4. Adicione sal, pimenta e noz-moscada para realçar o sabor. Adicione apenas meio punhado. Qualquer coisa a mais estragará o prato.
 5. Forre o fundo de uma panela com folhas. Contanto que não sejam ervas venenosas, tudo bem.
 6. Despeje água suficiente para cobrir levemente o fundo e espere até que a fumaça o cegue. Esperar mais deixará o peixe mole e destruirá a textura em borracha.
 7. Termine regando o prato com licor forte para eliminar qualquer odor de peixe e estimular o apetite.
 
◈ Uma palavra do chef genial ◈
 1. A textura é uma delícia! É secretamente emocionante quando um espinho pica o céu da sua boca!
 2. Você tem que encontrar maneiras inteligentes de comer verduras se quiser que as coisas corram bem no banheiro... É assim que as coisas são."
1020401071,"Esta pesquisa recebeu a prioridade mais alta. 
Todos os pesquisadores de 1ª classe do Imperial Research Institute devem suspender imediatamente suas pesquisas e experimentos em andamento e verificar esta solicitação de pesquisa.

◈ Objetivo de pesquisa ◈
Exigimos um estudo sobre a viabilidade de um fornecimento contínuo e ilimitado de água potável dentro de um ambiente selado ambiente.
Isso deve incluir métodos abrangentes para a recuperação e reutilização de águas residuais domésticas geradas no espaço.

◈ Cliente de pesquisa ◈
Não pode ser divulgado porque é confidencial. 

◈ Detalhes da pesquisa ◈
 1. Seleção de fontes potenciais de água
 2. Confirmação da adequação para uso doméstico de água 
 3. Projeto de abastecimento de água instalações

Para outras dúvidas, consulte a área de arquivo seguro G-AK01 no Imperial Research Institute.
Obrigado."
1020401081,"Coautoria de Raguda, pesquisador de 1ª classe do Imperial Research Institute
 
◈ Aparência ◈
Eles têm aproximadamente a mesma altura dos humanos ou um pouco mais altos. Suas crinas e padrões manchados lembram hienas. A julgar pelos seus braços longos e grossos, seu desenvolvimento físico parece ser particularmente bem desenvolvido na parte superior do corpo.
 
◈ Ecologia ◈
É necessária uma investigação mais aprofundada sobre seu habitat.
No entanto, uma característica comportamental notável foi registrada: eles têm o hábito de apreender qualquer coisa que pareça cara. ou incomum. Estranhamente, eles parecem não entender como usar os itens que coletam. 
 
◈ Relacionamento com Humanos ◈
Eles são hostis com os humanos. As tentativas de comunicação não tiveram sucesso. Como eles responderam com força, eles foram mortos. A autópsia foi inviável porque o cadáver estava gravemente danificado."
1020401091,"Rappie - habitante comum da Terra Abandonada.
 
◈ Aparência ◈
Rappies são caracterizados por patas traseiras musculosas construídas para corridas rápidas e patas dianteiras relativamente curtas e um tanto degeneradas. Eles possuem uma cauda longa que ajuda a manter o equilíbrio durante movimentos rápidos, olhos grandes e gentis e uma pelagem macia.
 
◈ Hábitos ◈
Naturalmente tímidas, essas criaturas examinam constantemente o ambiente com ouvidos altamente sensíveis. Seu habitat principal é o Jardim Giant, onde a comida é abundante. Os Rappies põem ninhadas de 4 a 8 ovos, que requerem um período de incubação de 42 dias para eclodir.
 
◈ Informações Adicionais ◈
Nativos exclusivamente da Terra Abandonada, os Rappies são notoriamente difíceis de capturar. Porém, uma vez capturados, seu temperamento dócil os torna fáceis de domesticar. 
Como resultado, eles se tornaram o principal meio de transporte terrestre na Terra Abandonada, utilizado tanto pelos humanos quanto pela tribo Naruru."
1020401101,"A classe dominante do Império Antigo possuía habilidades inatas.
 
◈ Habilidades inatas ◈
Habilidades inatas referem-se aos poderes sobrenaturais inerentes possuídos pelos seres vivos. Embora a maioria das espécies manifeste um tipo de poder específico e uniforme, as habilidades humanas são notavelmente diversas tanto em forma quanto em potência. Essa diferença é frequentemente caracterizada como ""talento"". 
 
As habilidades inatas são principalmente hereditárias, embora haja exceções. Ocorrem exceções notáveis. As crianças podem manifestar habilidades apesar de terem pais não dotados e, inversamente, os filhos de usuários poderosos podem nascer sem qualquer poder inato.
 
Como a posse e o domínio de habilidades inatas dividiam naturalmente a sociedade em classes dominantes e governadas, a posse de uma habilidade inata herdada era um tópico importante entre a família imperial e os nobres. Existem até registros de alguns nobres matando ou abandonando crianças que não possuíam habilidades inatas."
1020401111,"◈ Somente humanos que aspiram ser o melhor discípulo deveriam ler isto! ◈

Licor é...!
A obra-prima definitiva, uma verdadeira obra de arte, criada a partir da água concedida pelo deus Ea!
Eu normalmente não aceito discípulos humanos. No entanto, como você persiste em retornar com tanta frequência - com muita frequência - apenas aqueles que puderem cumprir essas regras poderão permanecer!

[Regras de vida simples e fáceis na cervejaria]
1. As palavras do Mestre Ishinu são absolutas.
2. Você descansa apenas quando o Mestre Ishinu lhe diz para descansar, e você come apenas quando lhe diz para comer.
3. Preparar bebidas alcoólicas significa colocar seu coração e alma nisso. Não tenho utilidade para um discípulo que não considera as pessoas bebendo a bebida! Qualquer ser humano que só pensa em si mesmo não merece comer ou dormir aqui.
4. Se você brincar, vou denunciá-lo ao Angrytail, então é melhor você se comportar."
1020401121,"O Mestre Cervejeiro não me contou nada, então me escondi e anotei o que vi secretamente. Se não fosse por mim, você ficaria no escuro pelo resto da vida.
 
◈ Licor Baba Forte ◈
 1. Colha Babas maduros. Se você usar os verdes, você será chutado por esse malvado Naruru.
 2. Mergulhe os Babas em água para extrair as toxinas. Achei que se chamava licor venenoso porque continha veneno. Que decepção.
 3. Depois que as toxinas forem removidas, descasque os Babas e cozinhe-os no vapor. 
 4. De repente, eles abrem um enorme barril de madeira e um Naruru entra. Huh? O que diabos eles estão fazendo lá? 
 5. Então, os aprendizes cantam uma música e jogam pétalas. Ouvindo com atenção, é uma canção de gratidão ao deus Ea. Ahem, eu quase cantei junto. 
 6. Eles esmagam os Babas cozidos no vapor, e o Mestre Cervejeiro sobe no barril de madeira com os pés descalços e sujos e pisa violentamente... neles. 
 7. Dizem que você simplesmente precisa abrir o barril depois de cem noites.
 
◈ Uma palavra do chef genial ◈
 1. Por que eles pisam com os pés sujos? Não me diga que é por isso que o licor forte é salgado...
 2. A propósito, essas pétalas... elas não florescem de grama venenosa?
 3. Ouvi pessoas às vezes pedirem para se tornarem discípulos, mas é claramente um ato de loucura."
1020401131,"Uma das sete guildas que compõem a Aliança de Aventureiros, liderada por Orica.
Seus membros consistem principalmente de aventureiros e exploradores de vários países, que compartilham e estudam ativamente as descobertas de suas investigações.

◈ Líder da Guilda: Orica ◈
Apesar de sua aparência liberal e descontraída, a líder da guilda também tem um lado atencioso.
Ela tende a se preocupar bastante com os membros da guilda que enfrentam lugares perigosos. No entanto, como nada se sabe sobre seu passado antes de vir para as Terras Abandonadas, há algumas pessoas que desconfiam dela.

◈ Introdução à Guilda ◈
Eles coletam e organizam todas as informações coletadas nas Terras Abandonadas e as enviam na forma de Codexs. Eles também administram a Commossion House."
1020401141,"Não se deixe enganar por sua beleza. As pétalas medicinais dessas flores podem facilmente se transformar em veneno.
Foi uma medida desesperada para sobreviver entre animais nocivos? No Jardim do Giant, todo o conhecimento que eu tinha parece completamente inútil.
 
Talvez devêssemos nos considerar afortunados porque essas flores só crescem no norte. Elas parecem ter se tornado conhecidas como remédios em algumas regiões, porque já vi muitas pessoas correndo para um curandeiro por causa de uma erupção cutânea com hera venenosa.
 
Mas vou descobrir o uso desta planta, não importa o que aconteça. As mixagens anteriores parecem ter falhado, mas o tempo de recuperação do coma ficou mais curto do que da última vez. Encontrar a combinação correta expandirá o horizonte da fitoterapia."
1020401151,"<Urgent!>
 
O caminho para Frantia foi designado como uma zona restrita temporária.
A medida permanecerá em vigor até novo aviso.
 
Isso evita maiores danos causados por incidentes de sequestro direcionados a um maioria não especificada, e os residentes são aconselhados a permanecer dentro da área residencial tanto quanto possível.
 
Para mais informações, entre em contato com Hunter ‘Chermi’ do ‘Shadowed Wave Camp’...
 
(O resto foi desbotado e se tornou elegível.)"
1020402011,"(A primeira parte está muito desfocada para ser lida.)

Considerando que há pouco tráfego de pedestres e a Legação Asientet terá dificuldade em chegar tão fundo no Jardim Giant, este local parece apropriado para uma nova mina site.

O terreno baldio se aproxima do Asientet Gate e da fronteira em direção à periferia, será mais fácil de ser detectado.
Aqui, só precisamos lidar com a Tribo Kururu, então seria melhor que eles se instalassem aqui do que mandar todos eles para o Taima Pioneer Village. Kamiya terá dificuldade em acomodar todas essas pessoas de qualquer maneira.

Estou ansioso para ouvir de você.

- Nasser -"
1020402021,"◈ Responder ◈
O leitor de coração que você recebeu distingue humanos de não-humanos.
Lamento informar que parece que seu cônjuge é um ■■■■.
Diz-se que eles muitas vezes casam um ■■■■ com defeito com um lugaliano, e parece que você era o alvo.
No entanto, um ■■■■ é uma entidade quase idêntica a um ser humano real, então não deve haver nenhum grande problema na vida diária.
A falta de coração é questionável, mas acho que posso consertar isso.

No entanto, você deve manter este assunto em segredo do Imperador.

[Continua...]"
1020402031,"Estou escrevendo para você novamente, querendo saber mais.
Você saiu da mansão com pressa, está tudo bem?

Estou muito feliz por estar fora da Torre, mas parte meu coração ver que você não está.
Eu tentei assim difícil sair de lá, mas você só fica ressentido comigo quando me vê...

Mas o tempo cura todas as coisas, certo?
Acredito que você entenderá que estar dentro da Torre não é a resposta.

Porque se você soubesse das coisas terríveis lá, você não seria capaz de dizer que você quer voltar."
1020402041,"A fonte de poder que move todas as coisas é chamada de 'Aether'.
'Aetherium' é a forma materializada de 'Aether' e pode ser obtido através da mineração.

De acordo com os registros, o Império Antigo poderia fabricar e produzir Aetherium diretamente em massa.
O acadêmico Diz-se também que a disciplina da Magitech deu grandes saltos durante este período, mas, infelizmente, registros relacionados a ela não podem mais ser encontrados.

Aetherium é atualmente extraído principalmente em Asientet, mas à medida que veios são descobertos nas Terras Abandonadas, o número de minas está aumentando gradualmente."
1020402051,"◈ Fique na moda e experimente a emoção da liberdade! ◈

1. Você quer voar pelas Árvores dos Deuses Anciões?
2. Você deseja experimentar adequadamente o ‘Flower Flight’? 
3. Você afirma ser o melhor em voar?

Se você fizer isso, visite Fleur na sombra da Árvore Antiga.
Você não vai se arrepender!

※ Atualmente, estamos com falta em montagens de vôo, então você deve trazer o seu próprio.
※ Deixe um comentário e ganhe 2 ingressos grátis para o Flower Flight."
1030401011,"Estou escrevendo outra carta para você, cujo nome ainda permanece um mistério.

Ao contrário do deserto, não quero deixar este lugar verde e exuberante. Mas sei muito bem que esse sentimento é apenas temporário.
Quando cheguei às Terras Abandonadas pela primeira vez, tinha mais de dez camaradas. Agora estou sozinho. Você... deve estar perseguindo aquela pessoa assim como eu, certo? Claro. Você não tem escolha a não ser persegui-los. Porque percebi que minha missão era levar meus camaradas à morte.

Meus camaradas, mais próximos que uma família, morreram pelas mãos daquela pessoa, sem exceção. Não consegui parar... não, nem consegui resistir. Essa pessoa é uma entidade diferente de nós.

Como devo superar esse desamparo? Você... encontrou a resposta?"
1030401021,"Hesperia, a Vila da Esperança.

A região tem sido um local de esforços ativos de assentamento liderados por Xavier, que já foi um renomado mago de Frantia.
A maioria dos residentes são refugiados das Terras Abandonadas, muitos dos quais desistiram de suas vidas em seus países de origem, Frantia ou Stormkel.
Aqueles que querem escapar de uma vida de apenas fugir para sobreviver estão lutando ativamente contra o Ironblood Brigade e a Tribo Kiguru, sonhando com um amanhã em seu novo home.

Uma aldeia transbordante de vitalidade e resiliência, a ponto de todos, desde os idosos às crianças, contribuírem com a sua força para o desenvolvimento da aldeia sem excepção."
1030401031,"Frantia é governada pelas nove famílias que foram pioneiras na arte da magia.
Uma delas é a Família Royal Magitech, governante de Frantia.

◈ Capital ◈
Albismont

◈ Meio Ambiente ◈
Tem um ambiente rico para os humanos viverem.
Graças às quatro estações distintas, a região possui agricultura e infraestrutura altamente avançadas alimentadas por Aetherium.
Graças a este ambiente rico, esta região foi abençoada com grandes conquistas acadêmicas, culturais, ideológicas e artísticas em comparação com outros países.

◈ História ◈
Durante a reconstrução da civilização humana, famílias de cada região se levantaram e se declararam governantes baseado em comida abundante. Durante esse processo, a magia fez grande progresso e os senhores substituíram os magoas como centro de poder.
Como os magos mantêm o poder de suas famílias com base na magia, é difícil sustentá-lo apenas com o Aetherium produzido em seu próprio país. Por causa disso, eles não têm escolha a não ser continuar as interações com a Asientet, apesar dos grandes e pequenos conflitos que surgem."
1030401041,"O Frantia Gate é um dos quatro portões que existem na Terra Abandonada.
É um portão em forma de barreira construído para evitar a primeira Grande Incursão que ocorreu há 100 anos e faz fronteira com Pulsing Ridge.

O Asientet Gate está aberto para qualquer pessoa usar, desde que pague o pedágio, mas o Frantia Gate está aberto apenas para pessoal autorizado.
A maioria dos que usam o portão são soldados, acadêmicos e burocratas despachados de Frantia.

Como outros portões, a permissão da Legação e a inspeção do portão são necessárias na saída.
Exceto para burocratas ou soldados servindo na Legação e comerciantes autorizados, é extremamente difícil entrar no país de origem, exceto em casos especiais."
1030401051,"Uma organização com uma longa história, o Portão Guard aceita apenas os soldados de elite.

Eles são selecionados entre as nove famílias que governam Frantia e estão desesperados para trazer honra às suas respectivas famílias.
No entanto, também houve rumores de que alguns dos soldados foram enviados intencionalmente para as Terras Abandonadas porque suas famílias não conseguiam lidar com eles.

O atual Guard Captain é Renaud, que tem a confiança da Família Real.
Em vez de julgar o certo ou o errado, ele segue fielmente as ordens e valoriza apenas as orientações de seus superiores e a segurança. dos seus cidadãos."
1030401061,"◈ Aqueles sem honra não devem desembainhar a espada ◈
Os Cavaleiros do Vento Cortante estão recrutando novos membros.
Aqueles que desejam praticar o cavalheirismo em primeira mão são sempre bem-vindos, então visite-nos quando for conveniente.
Vamos lutar juntos pela paz do colinas.

◈ Qualificações ◈
1. Sem restrição de gênero 
2. Sem restrição de idade 
3. Sem restrição de nacionalidade 

◈ Qualidades Preferenciais ◈
1. Lealdade para acreditar e seguir o Comandante
2. Coragem para enfrentar o perigo em prol da justiça
3. Respeito pelos vulneráveis
4. Destemor diante de um fim honroso"
1030401071,"Estamos relatando o experimento solicitado pelo país de origem.
O objetivo deste experimento era observar o progresso de humanos expostos ao Aetherium por um período prolongado, e foi conduzido em um total de 6 estágios.
Para garantir um grande número de amostras, protegemos dez amostras de Hesperia, classificamos-as por sexo e idade e continuamos o experimento.
Para a segurança dos pesquisadores, eles observaram e registraram o progresso em grupos de dois e, em caso de emergência, os assuntos de teste foram imediatamente eliminados para minimizar humanos vítimas.

◈ Número de série: HT01892 ◈
◈ Classificação: Humano ◈
◈ Origem: Hesperia ◈
◈ Resumo ◈
1. Após a exposição ao Aetherium, as habilidades físicas são temporariamente aprimoradas.
2. A exposição de longo prazo transforma o corpo do sujeito, fazendo com que ele perca o senso de identidade.
3. A lavagem cerebral não é muito eficaz, mas parece útil como arma descartável."
1030401081,"Co-autoria de Raguda, Pesquisador do Laboratório Imperial Nível 1

◈ Aparência ◈
Uma figura grande com pele cinza, possuindo habilidades físicas que ultrapassam em muito humanos.

◈ Ecologia ◈
Embora sejam menos inteligentes que os humanos, eles podem se reproduzir rapidamente em um curto período, o que os torna escravos de Taimal.
Eles têm uma hierarquia centrada no guerreiro, mas o Senhor Supremo e o Alto Priest são líderes de fato da raça.
Na minha opinião pessoal, é mais fácil eliminar o Alto Priest primeiro para evitar que formem um grupo.

◈ Relacionamento com Humanos ◈
Eles são usados como escravos e são hostis a humanos. Diz-se que antes da fundação do Império eles tinham um alto nível de conhecimento e cultura a ponto de travar guerra com os humanos, mas agora parecem tão inferiores que é difícil imaginar aqueles tempos."
1030401091,"Esta é a canção dos esquecidos.
Não anseie pelo tempo que não pode ser devolvido.
Não procure por aqueles que não podem mais ser vistos.

O Rei se sacrificou pela humanidade, mas eu não perdi meu casa?
Diga-me, por quem estava lutando tudo isso?

Oh Rei, toda vez que você acenou, foram meus pais e meus filhos que sangraram.
Oh Rei, toda vez que você lutou na frente, foram meus irmãos e irmãs que caíram diante do Torre.

Ah... Meu Rei.
O que você procurou ganhar sacrificando Qaradia?"
1030401101,"Hoje tomamos uma decisão importante.

O Élder Xavier só nos dá vegetais cozidos e pão integral todos os dias sob a desculpa de nos manter saudáveis.
Mas se apenas comermos essas coisas, certamente... algo terrível acontecerá.
Aprendi que os agricultores devem comer bem. e manter seus estômagos cheios.
Assim, eles não se ressentirão de seu trabalho duro.

Decidimos fazer pão de batata para nós mesmos.
Claro que esta jornada não será fácil.
Teremos que preparar as batatas, a farinha e o fermento para usar como pão em nosso tempo livre enquanto cultivamos.
Claro, também temos que procurar ervas para adicionar sabor.
Vamos deixar isso para o clube de montanhismo... sim, o clube de montanhismo.

Quero fazer Pão de Batata assim que possível possível.
Então vou fornecê-lo como um novo prato no restaurante de Nina... ganhe Ouro... e fique rico!"
1030401111,"Estamos relatando o experimento solicitado pelo país de origem.
Antes disso, precisamos compartilhar algumas informações sobre o local.
Recentemente, com a resistência crescente dos residentes de Hesperia, tem sido difícil garantir o pessoal necessário para o experimento.
Nós recorreram à tribo Kiguru por falta de uma opção melhor, mas seu desempenho ficou aquém das expectativas.
Por favor, leve isso em consideração e envie mais prisioneiros.

◈ Número de série: HT02985 ◈
◈ Classificação: Tribo Kiguru ◈
◈ Origem: Hallowed Obsidian Mountain ◈
◈ Resumo ◈
1. Após a exposição ao Aetherium, as habilidades físicas são temporariamente aprimoradas, mas sua baixa inteligência torna-as difíceis de controlar.
2. Um mago não identificado apareceu e...

(O resto está muito desfocado para ser lido.)"
1030401121,"Os reinos arruinados de Qaradia e Tan.
A maioria das pessoas pensa que aqueles que lutaram pela propriedade do continente Elsetia desapareceram, mas a realidade é diferente.

A maioria dos refugiados de Qaradia fluiu para Asientet, e a maioria dos refugiados de Tan também em e em torno de Crea.
O processo não foi tranquilo, mas como resultado, eles não foram extintos ou eliminados do mundo.

Então, alguns sonham com glórias passadas, alguns planejam o renascimento de seu clã e alguns abrem um novo caminho."
1030401131,"[Mês X, Dia X, XX:XX:XX]
> Weifel: Haa... Não acredito que estou fazendo isso. Eu sou o auge da grande tecnologia antiga! 
< Zisen: Come on, I told you not to keep saying that, didn’t I?
> Weifel: Professor, pare de importunar. Você não poderia chegar tão longe com esse seu corpo patético, então estou fazendo esse 'trabalho chato' para você.
> Weifel: Por que diabos um gênio como eu tem que observar esta 'Tribo Kiguru'?
< Zisen: ...That is because we are the ‘Liberators of Knowledge’. We must not neglect our given duties.
> Weifel: Ugh, você e seu senso de responsabilidade... Estou farto disso! Seja como for, não quero mais olhar para essas criaturas inferiores - Professor, você cuida disso! 

◈ Antes de o sinal ser cortado, um detalhe incomum foi confirmado e registrado automaticamente. ◈
Diz-se que a tribo Kiguru se estabeleceu em Hallowed Obsidian Mountain para o renascimento de seu clã.
Parece que eles estão recebendo ajuda de uma entidade inteligente não identificada."
1030401141,"Para Sky-Roundy, de quem sempre sinto falta.

Na verdade, ainda acho que contar os dias não faz sentido... mas dizem que devo para você amor.

Sky-Roundy... quando voltei aqui depois de deixar você ir, senti como se fosse ver você correndo em minha direção como sempre.

Como poderia esquecer seus lindos olhos que sempre me seguiam em qualquer lugar e em todos os lugares, mesmo sendo tão tímido com estranhos. É por isso que, enquanto estava aqui, desejei desesperadamente que o tempo parasse para sempre ou até mesmo voltasse. 

Mas agora acho que é hora de deixar você ir, Sky-Roundy.
Eles dizem que Deus Ea não será capaz de cuidar de você se eu segurar você aqui.

...Então Sky-Roundy, espere por mim com uma cara feliz até eu ir te encontrar novamente."
1030401151,"Enquanto o Jardim do Giant possui o Rappie Ranch. o Pulsing Ridge tem o Rappie Training Ground.

Como a maioria dos Rappies são negociados após completar seu treinamento no Rappie Ranch, educação adicional não é necessária. No entanto, aventureiros que desejam Rappies mais rápidos e inteligentes visitam aqui. Se você for um pouco mais ao norte, lá está o Starfall Plateau famoso por seu frio intenso, então os treinadores Naruru ensinam os Rappies de uma maneira diferente da fazenda.

A mensalidade é de 1 ingresso por pessoa. Sem ingresso você não pode entrar no centro de treinamento.
Diz-se que eles oferecem treinamento especial não só para Rappies, mas também para aventureiros, então não deixe de participar."
1030402011,"◈ Aviso de resultado ◈
Amartu disse que os Lagar que sentem emoções são entidades fracassadas.
Então ele aplicou uma punição removendo suas corações.
...Não é engraçado? Para punir uma entidade que imitou um humano por se tornar um humano.

Então eu fiz o meu melhor para consertá-la.
Você deve saber bem que o caminho que percorri, e o caminho que seguirei, não terá para sempre outra escolha a não ser ser o oposto do de Amartu.
Mesmo que este coração mecânico pare algum dia, espero que você não se ressinta dela e de mim.

P.S.
 1. Dizem que ela pediu um coração porque queria aumentar o senso de homogeneidade entre você e ela... Mesmo que você morresse sem coração.
 2. Então eu transplantei um coração mecânico então que ela escolheria se parecer com você. Afinal, ela é uma Lagar. Aquele que ela mais deseja imitar certamente será um ‘Gudua’."
1030402021,"Este é um breve relato do cenário político de Frantia.

◈ Política ◈
Magic é supervisionada por nove famílias governantes chamadas de Nove Reinos. A Família Royal Magitech é uma delas; eles governaram Frantia desde que tomaram o trono após uma feroz luta pelo poder. Cada família mantém constantemente os outros sob controle para serem o centro do poder, e eles estão dispostos a fazer o que for preciso para quebrar o equilíbrio mútuo.

Para eles, as Terras Abandonadas são um tesouro com recursos ocultos que apoiarão sua busca pelo poder, e o melhor lugar para conduzir livremente vários experimentos mágicos antiéticos que eles não ousam realizar em seu próprio país."
1030402031,"Todo esse tempo, trabalhei como um cachorro fazendo pão de batata.
Todos esses dias, segui Quentin subindo e descendo as montanhas sem um único dia de descanso.
Será que tudo isso poderia ter sido por isso mesmo? dia…?

Já faz meio ano que vivo como um membro íntegro desta aldeia, graças à misericórdia do Sr. limpando aqueles nobres pirralhos. Aqui, eu deveria ser capaz de ganhar uma boa vida.
Tudo bem, vamos nos apressar e entregar esta notícia para a aldeia.

Não seria muito estranho se eu dissesse a eles que desta vez quero me tornar capitão, seria?"
1030402041,"Estou escrevendo outra carta para você, a quem estou ansioso para conhecer melhor.
Parece que você se tornou muito mais amigável, e deve ser por causa de Athraharis, não é?

Fiquei preocupado por ter sido muito intimidador quando conversei com Athraharis outro dia.
Mas acho que estava desesperado. Eu esperava que você se sentisse da mesma maneira que eu.

Meu coração está batendo forte só de pensar no que podemos alcançar juntos.
Agora que eu também tenho um coração, deveria estar tudo bem se eu me sentisse assim, certo?"
1030402051,"Os Libertadores do Conhecimento são conhecidos por sua reverência ao antigo império.
No entanto, o que eles realmente buscam é implementar o conhecimento antigo em um contexto moderno e usá-lo para o bem de Elsetia.
Há um total de 5 pessoas que são a personificação do insaciável e puro paixão.

1. Primeiro Libertador: Sekien
2. Segundo Libertador: Zisen
3. Terceiro Libertador: Blockio
4. Quarto Libertador: Naie
5. Quinto Libertador: Hechimar"
1040401011,"Em Stormkel, o mais forte de cada tribo torna-se o chefe, e o Grande Chefe é escolhido através de um julgamento entre os chefes.
O Grande Chefe é mais uma figura simbólica do que um governante.

◈Capital◈
Svaltstad

◈Meio Ambiente◈
Embora a terra seja vasta, ela consiste principalmente de tundras e vales. Apesar de seu ambiente extremo, vários minérios e Etherium estão espalhados por toda a região.
Mesmo fazendo fronteira com o Mar do Norte a oeste, os esforços de expansão marítima foram prejudicados por redemoinhos traiçoeiros.
O povo de Svaltstad deve suportar climas severos e tempestades quase todos os dias. Como tal, eles têm dependido principalmente da caça, com algumas regiões também engajadas na pecuária e na pesca.

◈História◈
A maioria das pessoas sobrevive da caça e do pastoreio, com exceção da costa oeste, onde os habitantes locais se dedicam à pesca e alguns até recorrem à pirataria e ao saque. O artesanato interno floresceu devido ao clima rigoroso e sua metalurgia skills permanece incomparável."
1040401021,"◈ Que frio! O frio dói! Machucar é ruim! Venha para Naruru Hot Springs◈

O melhor lugar nos gêiseres é nosso. Nossas fontes termais são as melhores.
Novos lutadores, lutadores em fuga, qualquer um... venha para nossas fontes termais!
O corpo fica quente. Quente significa sem resfriado, sem tosse.

Uma estrela caiu, bateu e explodiu! Criou grandes fontes termais, pequenas fontes termais e não pequenas fontes termais.
Banhe-se na energia da estrela! E espalhe as palavras. Espalhe-os amplamente.

Se você não fizer isso, Ea ficará muito irritado.
Muito irritado. Não culpe Ninda quando Ea ficar com raiva!

◈ escreveu Fluffy-Hair Ninda ◈"
1040401031,"Verzard Outpost é onde os recrutas de Stormkel são treinados e os recursos das Terras Abandonadas são pesquisados.

Enquanto Stormkel Gate serve como centro administrativo e destino final para relíquias exportadas para a terra natal, Verzard pode ser descrito como o principal local para expandir a influência de Stormkel dentro das Terras Abandonadas.

No entanto, Outpost Commander Marten está preocupado com o alto número de mortes entre recrutas submetidos a treinamento severo e o número crescente de desertores que fogem do posto avançado por medo. Sem revelar estes factos à legação, ele tem apresentado repetidos relatórios alegando falta de novos recrutas."
1040401041,"◈ O Caminho do Fluffy-Hair ◈
Fluffy-Hair, o primeiro e o melhor, aquele que será lembrado para sempre, escreveu e leu isto.

1. Fluffy-Hair é o rosto e a confiança da tribo Naruru. Se falhar na tribo, perco todo o cabelo. Ea fica com raiva, com muita raiva.
2. Chamaremos o principal líder comercial de líder do grupo comercial. Então eles se lembram bem disso. Os humanos não entendem tão bem a língua Naruru.
3. O jardim de Giant está em Aburu Village e Pulsing Ridge está em Rappie Training Ground. Mas não temos nada aqui. Então começo de novo, em algum lugar com muita água! Eles chamam isso de... o que foi? Fonte Quente? Não, Hot Spring!

Mesmo Kima não pode corresponder ao que eu fiz agora, certo?"
1040401051,"Este é um breve relato do cenário político de Stormkel.

◈ Política ◈
O território é vasto, mas a dificuldade de comunicação levou ao desenvolvimento de aldeias centradas em clãs. O representante de cada aldeia é chamado de Chefe. Os chefes são selecionados entre os guerreiros mais fortes ou os mais velhos dos aldeões.

Para evitar disputas desnecessárias, os clãs criaram a posição de Grande Chefe e concederam o título de líder de Stormkel àqueles que provaram suas proezas por meio de um julgamento justo.

No entanto, depois que Norman se tornou o Grande Chefe, essas tradições começaram lentamente a desmoronar. Os seguidores de seus rivais, Astrid e Ragnar, os seguiram até as Terras Abandonadas."
1040401061,"Ofereço esta canção ao Deus das Vidas Passadas. Que chegue aos ouvidos de Astrid.
O você que corajosamente embarcou no caminho do destino,
Com os louvores e reverência de todos, seus méritos nunca desaparecerão.

Você que perdeu o trono para a ganância de seus próprios sangue,
Todos conhecemos seus pensamentos, embora eles permaneçam tácitos.

Em uma mão, um machado.
Na outra, um escudo.

Nunca iremos traí-lo, mesmo que seja o caminho de sangue nos espera."
1040401071,"Você está pronto para desistir de tudo pelo Paraíso?
Para obter o que deseja, você deve aprender a deixar ir.
Os desejos humanos são infinitamente tolos, então você está fadado a se perder sem um guia.

Como um profeta do Paraíso Advento, eu digo a vocês.
Inclinem suas cabeças diante da Torre.
E ofereçam-se pelo poder que remodelará este mundo.

Eu deixarei bênçãos por todas as terras para vocês.
Espero que vocês não se esqueçam de minhas palavras."
1040401081,"Estou escrevendo outra carta para você, cujo nome ainda permanece um mistério.

■ Quero viver. Eu não quero viver. Eu quero ■■ viver. Eu quero ■■ve. ■ ■■■■ ■■ ■■■■.
Não sei mais o que dizer… Não resta muito tempo…

Conheci alguém numa situação semelhante à minha.
Ela me disse a mesma coisa. Ah, tenho certeza que sim, não é? 

■■■■■ tempo até eu perder a cabeça. Eu quero ■■ ao vivo.
Não tenho muito tempo.
Sei que vou morrer em breve, mas espero que pelo menos uma pessoa ouça minha história.

Por favor, tome cuidado com os antigos.
Eles estão se reunindo em grande número números, escondidos entre nós.
Lugalians, Lagarnis, todos eles… Eles só querem nos subjugar."
1040401091,"◈Relatório de Exploração◈
1. Reino: Planalto Starfall
2. Local descoberto: Caminho da Serpente
3. Objetivo da Investigação: Identificar o uso das ruínas antigas
4. Explorador Responsável: Geólogo Gilbert

As ruínas descobertas no Caminho da Serpente parecem ser estruturas do Império Antigo.
O propósito exato permanece desconhecido, mas a julgar pelo longo caminho subterrâneo, parece ser uma das rotas de transporte.
Dado o fato de que eles usaram um caminho subterrâneo em vez de na superfície, a estrutura não parece ser destinada a humanos.
O equipamento necessário para investigações adicionais é…

(O resto foi desbotado e tornou-se ilegível.)"
1040401101,"Uma nova raça emergiu no mundo com a Grande Incursão.

Lugalians.
Como descendentes da antiga realeza, eles conquistaram Elsetia enquanto sua realeza estava desaparecida, unidos sob a ambição de governar humanidade.

No entanto, eles passaram por inúmeras mudanças ao longo do último século.
Aqueles influenciados pelos humanos viveram entre eles, impulsionando seu progresso. Aqueles que aderiram à tradição controlaram os que estavam no poder e causaram guerras e perturbações.

Apesar de seus caminhos serem completamente diferentes, os Lugalianos compartilhavam a mesma crença em relação à torre.
Eles acreditavam firmemente que o poder de governar o mundo residia dentro da torre."
1040401111,"Este é um registro de anomalias que ocorreram perto do portão.

◈Relator: Sarah
◈ Afiliação: 3ª Divisão de Apoio Administrativo, Stormkel Gate 
◈ Anomalia registrada: Incursão
1. Evento Precursor: Nenhum
2. Status do dano: 5 Scouts falecidos / 1 ferido
 ※ O indivíduo ferido desmaiou após testemunhar e ainda não recuperou a consciência.
3. Resumo do depoimento: Depois que o seguidor do Paradise Advent jogou um objeto não identificado, a Incursão ocorreu repentinamente.
4. Comentário: O batedor ferido desmaiou após perguntar repetidamente se um humano poderia causar uma Incursão, mas parece que a raiva deles por ver seus camaradas morrerem diante de seus olhos levou a um mal-entendido."
1040401121,"O Stormkel Gate é um dos quatro portões existentes na Terra Abandonada.
Ashientet e Frantia tiveram que construir os muros para evitar a Grande Incursão. Mas em Stormkel, um penhasco gigante congelado serviu de parede.

Assim como o Frantia Gate, é necessária uma licença para passar pelo Stormkel Gate, que faz fronteira com o Starfall Plateau.
A maioria dos que passam no portão estão guerreiros Stormkel, mestres artesãos e oficiais.

Como outros portões, a saída requer permissão da legação e uma inspeção no portão.
Além de oficiais ou soldados sob a legação e comerciantes autorizados, é extremamente difícil entrar no país de origem sem um especial razão.

Por outro lado, como as relíquias são frequentemente exportadas, há rumores de que as pessoas que desejam deixar as Terras Abandonadas muitas vezes se escondem em carroças para contrabandearem-se para Stormkel."
1040401131,"Oh, Deus da Guerra.
Mesmo quando meus irmãos, de minha própria carne e sangue, tomaram seu trono, e quando camaradas, que uma vez prometeram lealdade eterna, o entenderam mal, pensei que tudo tinha acontecido por um motivo. 

Porque prometi que mesmo que o caminho que você escolheu fosse coberto de espinhos, eu sempre permaneceria ao seu lado.
Mas não posso suportar o fato de que eles nos rotularam de rebeldes.

Mesmo que você tenha escolhido proteger Stormkel apesar de tudo esse mal-entendido, temo não poder fazer o mesmo.
Se eu puder me livrar dessa desonra para sempre, terei prazer em me juntar ao exército rebelde e enfrentar espadas com minha espécie.

Rezo para que seu machado seja aquele que me decapitará..."
1040401141,"◈ Uma oração para o Paraíso ◈

Por favor, chame os nomes dos indignos.
Por favor, agracie as moradas dos famintos com sua presença.
Por favor, guie os caminhos dos sem abrigo.

Que nossos passos se unam para encontrar o caminho para o Paraíso.

Aqueles que sofrem por viver.
Aqueles que lutam apenas para existir.
Aqueles que se ajoelharam diante desejos.

Todos nos encontraremos sob a Torre.
Pois quando estivermos juntos, o poder fará brotar a semente do Paraíso."
1040401151,"◈ Limpe este mundo poluído e torne-se o novo senhor destas terras. ◈

O Desbravador do Gênesis provocará a queda dos falsos administradores que usam a máscara da hipocrisia,
e o Desbravador da Sabedoria guiará os tolos para o caminho justo.
Então, o Desbravador da Misericórdia distinguirá o certo do errado, julgando aqueles destinados a viver e aqueles destinados a morrer, 
 e o Wayfinder of Faith concederão uma segunda chance. 

 Aqueles enviados ao Wayfinder of Power serão presenteados com um sonho do qual nunca mais acordarão, 
 e aqueles enviados ao Wayfinder of Justice terão a oportunidade de nascer anew.

Assim, todos viveremos no Paraíso e cantaremos a eternidade."
1040402011,"XX, XX 
Finalmente estou livre! Sério, os superiores só falam e não agem.
Por quanto tempo eles conseguem se safar buscando o prazer sem responsabilidade?

YY, YY
É disso que estou falando! Estava frio perto da base, mas está quente e muito verde aqui.
Seria bom se eu pudesse trazer mais pessoas depois…

ZZ ZZ
Hmm, um cara de Naruru apareceu e me disse para sair. Eu disse a ele que estava aqui primeiro, mas ele me disse para parar de falar besteiras.
Ele disse que me deixaria trabalhar para ele se eu provasse minha força... Por que ele está chorando?"
1040402021,"◈ Recital de Poesia ◈
Preparamos um recital de poesia para o Romantic Hunter Uran.
Ele falará sobre os encontros românticos que viveu e desfrutou ao longo dos anos. Portanto, todos os membros do Clube Romântico, por favor, preparem-se com antecedência!

1. Deve trazer: uma carta de amor e um presente para Uran.
※ Não incluí Amor para Uran aqui, porque é muito óbvio. Afinal, o amor por Uran é o que nos une.

2. Não traga: anestésicos, tranquilizantes para caça
※ Aparentemente, a regra ‘Sem Arma’ não foi clara o suficiente para você. Portanto, estamos excluindo explicitamente os itens acima. Isto é um recital, não uma caçada!"
1040402031,"A Fountain Raven Society é uma organização de pesquisa que se reporta diretamente ao Grande Chefe de Stormkel.
Foi estabelecida sob a liderança de ferreiros e estudiosos e interage ativamente com outras nações.

Seus membros são mais frequentemente encontrados enviados para as Terras Abandonadas ou países estrangeiros, em vez de permanecerem em a pátria.
É bem financiado em comparação com outras sociedades, estendendo seu alcance a vários campos, desde simples artefatos até armas de guerra.

◈ Declaração de missão ◈
O progresso do conhecimento trará transformação.
Deixe o passado seja seu trampolim e aponte suas lâminas para nossos inimigos.

◈ Atividades principais ◈
Pesquisa de artefatos antigos, desenvolvimento de tecnologia para prever e responder a incursões, recrutamento de engenheiros mágicos, etc."
1040402041,"Deixo esta carta para você, que finalmente verá isso hoje.

Compreendo sua escolha... Tenho certeza de que você não teve outra escolha.
 Provavelmente é por isso que ■■■■■ nos procurou como bem.

Se conseguirmos enganá-los completamente, isso durará apenas alguns dias, no máximo.
Mesmo se nos escondermos na câmara secreta com nosso filho antes disso, não há garantia de que sobreviveremos.

É por isso que tenho um último pedido para você.
Vá para Athraharis agora mesmo.
Ele pode saber uma maneira de esconder nosso filho…"
1040402051,"""◈ O pedido final ◈
Eu confio nosso filho a você.
Agora que ■■■■■ nos encontrou, estamos praticamente mortos.

Ainda assim, estávamos muito felizes.
Quando era apenas o nós dois, não importava que ela fosse da raça Ragar, nem importava que eu fosse um mero Lugaliano comum. 

Oh, Grande Sábio. uma vida que nunca deveria nascer, prometi a eternidade à minha esposa, sem saber que isso significaria a nossa morte. 

Ainda assim, por favor... Quando você seguir um caminho diferente do Imperador, leve esta criança com você."
1050401011,"Por que as Terras do Norte encontram os Jardins da Primavera?

Deixe-me tirar a poeira de um assunto de debate antigo e instável.

Passando pelos campos de neve - onde até mesmo os guerreiros mais ferozes de Stormkel falharam em plantar suas bandeiras de conquista - nos deparamos com uma estação em plena floração.
Isso é uma pegadinha de um ser transcendente? Um quebra-cabeça montado à força por mero capricho?

Eles dizem que o antigo império já conduziu experimentos bizarros com propósitos imprevisíveis.
Talvez esta terra de abundância seja simplesmente um de seus campos de testes."
1050401021,"◈ Junte-se ao Movimento Anti-Abate ◈

Desde quando nós, caçadores, pensamos que tínhamos o direito de pegar vida?
A caça foi criada para ser um meio de sobrevivência, nascida da necessidade - não um caminho forjado por pura malícia.
Ainda assim, alguns de nossos próprios membros da guilda vão caçar simplesmente porque estão ""entediados"".

Uma caçada desprovida de propósito e necessidade é nada menos que abate! 
Amigos membros da Guilda dos Caçadores, pretendo expor esses assassinos e recuperar nossa honra.
Junte-se ao movimento, para que possamos apresentar um protesto formal ao Mestre da Guilda e…

(O resto do texto está borrado e ilegível.)"
1050401031,"Hoje marca a sexta lua cheia.

Mamãe e papai foram comprar bolos lunares, mas ainda não voltaram.
Eles me disseram para ir em frente com meu tio. Dizem que ele é um caçador.

Ele realmente não brinca comigo. Mas há outras crianças aqui que estão esperando pelos pais, assim como eu.
Eu deveria perguntar a eles se eles vieram de Krea também."
1050401041,"[AVISO URGENTE]

Escutem, seus idiotas absolutos! Você tem ideia de quantas reivindicações de danos estão se acumulando todos os dias?
Lembro-me claramente de ter dito a você para proteger os aldeões, para não causar o caos completo no segundo em que eu virar as costas.
Graças a você, me tornei motivo de chacota de todos Babylon.

Você esgotou completamente nosso orçamento, então seu salário foi reduzido. Para Zero.
Se você tiver algum problema com isso, leve uma carta de desculpas para a sede da guilda."
1050401051,"[Mês: X, Dia: X, XX(h):XX(m):XX(s)]

Então, todo mundo vive dizendo que dragões viviam em Elysium, certo?
Claro, você nunca saberia apenas olhando em volta lugar.

As únicas coisas rastejando por aqui são monstros com cabeça de lagarto e algumas coisas viscosas que se contorcem um pouco.
Nada lá fora cospe fogo ou realmente voa no céu.

Olha, eu posso ser um corretor de informações, mas como vou vender um boato quando não há uma única evidência? 
Ugh, o que vou dizer ao Merchant Head?"
1050401061,"[Relatório de Investigação da Toca do Dragão]

- Um sinal fraco detectado no Medidor de Éter, logo a leste da Vila dos Caçadores.
- Descobriu uma enorme caverna subterrânea. Inacessível a pé; a entrada requer um planador (alto risco de quedas fatais). 
- Presença de monstro pesado. Investigações adicionais não são viáveis ​​com nossos números atuais.
- Os caçadores locais parecem não ter conhecimento da existência desta caverna.
- Discutiremos planos para investigação conjunta na próxima semana."
1050401071,"◈ Ashen Crows ◈

Filhos de Tahn.
Sobrevivemos através das cinzas e chegou a hora de forjar nosso futuro.

Levante-se contra Krea — os açougueiros que matam em nome da prosperidade.
Devemos recuperar nossa história apagada e devolver nossos filhos à sua terra natal.
Junte-se aos Corvos Cinzentos por esta causa nobre."
1050401081,"Encontrei uma pedra minúscula e brilhante.
É uma coisinha fofa que cabe na palma da minha mão.
Essa coisinha tem muita energia! Às vezes até quebra! Crack-crack!

Lá do outro lado... como eles foram chamados mesmo?
Ah, a Expedição Bardad, ou algo parecido.

Eles disseram que vieram ver um pedra misteriosa enterrada no subsolo.
Mas ninguém pode entrar por causa de alguma magia protetora.
Não é visível, mas se você chegar muito perto, será empurrado de volta...?

Talvez esta pedrinha seja amiga da pedra ali.
Mas desde que eu encontrei, vou cuidar bem dele.
Enquanto essas pessoas não me pegarem, tudo ficará bem."
1050401091,"◈ Bardad Waypoint de avanço da expedição ◈

Diretor: Conselheiro Técnico Chedar
Membros da expedição: Vaddat, Devora
Primary Objetivo: Investigar conexões entre os detritos flutuantes e a Giant's Tower; conduzir estudo epidemológico sobre Twisted Elysium.
Duração: Do ​​Mês XX, Dia YY até que os objetivos sejam alcançados

Chefe... tem certeza de que não há problema em escrever assim?
Existem literalmente apenas três de nós. Podemos chamar isso de ""waypoint avançado""?
E eu sou o novato... Por que sou eu quem está escrevendo o relatório para o Comandante Bardad?!"
1050401101,"Vovô, finalmente cheguei ao Lake of Spirits.
Pai disse que uma segunda Floresta Estelar não poderia existir, mas ele estava errado.

Você me disse que o Reino de Tahn desapareceu antes mesmo de você nascer nascido.
Isso em sua época já se tornou parte de Krea.

Mas parece que a Floresta Estelar poupou esse destino. Há pessoas aqui neste lago que ainda honram Tahn, e...

(O resto do texto está arrancado.)"
5010401011,"Eu nunca imaginei que acabaria morando aqui.

Quando eu estava no campo de trabalhos forçados, pensei em passar minha vida inteira trabalhando para os nobres...
Será que eu possuo um poder especial, como os Lugalianos ou a Família Imperial?

Ter partido sem nem me despedir da minha família pesa no meu coração, mas tenho certeza que vai ficar tudo bem, certo?
Quero acreditar no rumores sobre a morte de estrelas ou o início de uma grande guerra são absurdos... 
Hmm, em vez de deixar essa ansiedade crescer, é melhor eu ir ver o Grande Sábio."
5010401021,"Repórter: Geração Número 111311

Estou relatando os resultados do recente experimento de formação ecológica.

Grupo 1: Áreas residenciais divididas de acordo com o grau de expressão do fator Gudua.
Grupo 2: Residencial áreas divididas independentemente do grau de expressão do fator Gudua.

De acordo com os resultados computacionais, esperava-se que aqueles com alto grau de expressão do fator Gudua nascessem com maior frequência no Grupo 1; no entanto, eles foram encontrados com mais frequência no Grupo 2.
Consequentemente, a hipótese existente de que o fator Gudua é expresso apenas devido a elementos genéticos parece estar incorreta.
Se uma ação de acompanhamento for necessária, prosseguirei com projetos experimentais adicionais."
5010401031,"Devido aos infelizes incidentes resultantes do movimento irrestrito entre os andares, implantaremos Guardiões a partir de hoje para manter a vigilância.
Todos os residentes da Torre serão considerados como tendo concordado com esta medida; portanto, nenhuma outra objeção será aceita.
Se, por acaso, houver alguma reclamação, entre em contato com Administrator.

Aceite isso como o preço de trair o Imperador Amartu, que concedeu uma graça tão vasta quanto os céus."
5020401011,"Não acredite em tudo que você vê.
Nem tudo o que você acha bonito pertence a você.

Não dê ouvidos às vozes que ecoam em seus ouvidos.
Eles não estão falando por você amor.

Isso mesmo, você pode ignorar tudo isso.
Mas pense por que alguém se daria ao trabalho de deixar esta mensagem em um lugar tão perigoso e infestado de monstros.
Você quer viver... Não quer?"
5020401021,"Eu tiro minha própria vida aqui e agora.
Nunca fui infeliz durante meu tempo na Torre, mas não foi a felicidade que sonhei.
É justo que eu faça essa escolha enquanto ainda sou humano, antes da queda deste dinheiro, que foi construído sobre o sangue de outros.

Então muitas coisas começaram a se deteriorar.
Eu até ocasionalmente vejo aqueles que abandonaram sua forma humana.
Mas o que é realmente insuportável é o fato de que o Grande Sábio, não, Athraharis, está se afastando e deixando tudo isso acontecer.
O único capaz de parar o Imperador está fazendo absolutamente nada.

E então eu escolho a morte, enquanto ainda posso viver como um humano…"
5020401031,"[Destruir após o recebimento]
→ Anomalia detectada!
→ O algoritmo inserido para segurança está atualmente em cálculo reverso.
→ O código de parada inserido pelo administrador não foi ativado. ■■■■■■ para calcular o nível de energia ■■ a variável de condição do fator está ausente.

Todas as almas em todos os andares, reúnam-se ao lado do Guardião."
5030401011,"Entre os Lugalianos, os mergulhos fatais do Lagar tornaram-se a última fofoca.
Pelo projeto experimental, os Lagar foram projetados para serem desprovidos de emoção e desejo, mas eles repetidamente optam por parar de funcionar.
Atrahasis chamou isso de evolução, mas para mim, é uma mera falha.
Esses Lagar com defeito deveriam ser descartados.
O que diabos a Família Imperial estava pensando, criando produtos orgânicos tão inúteis?"
5030401021,"[Relatório de danos]
→ A ponte que conecta Zone 4 e Zone 5 desabou.
→ Equipe de pesquisa 3 do Lost Paradise e uma família Lugaliana foram mortas enquanto travessia.
→ A equipa de investigação está a fazer todos os esforços para recuperar os corpos, mas os Lagar continuam teimosamente não cooperantes.
→ Estranhamente, os Lagar recusam-se a entrar na água. Embora não exista um protocolo para insubordinação, eles continuam a exibir reações anormais.

(O resto do texto está borrado e ilegível.)"
5030401031,"Atrahasis.
Você é tão idealista que nunca entenderá minha escolha.

O mundo não gira por uma questão de 'proteção'.
Essa é uma arrogância reservada apenas para o poderoso.

Pessoas comuns, sim... para alguém como eu.
Nós criamos esses monstros apenas para 'sobreviver'.
Você não pode imaginar a alegria que sinto, alimentando os monstros em cada andar até o limite e vendo-os crescer, dia após dia dia...

Atrahasis.
I não tornarei esses monstros Guardiões. Eu farei deles matadouros."
5040401011,"Amarut, prometemos... nunca usar... esta função.
Esta era nossa única... e inquebrável... condição para cooperação.
... Como eu poderia simplesmente ficar parado... e observar o desenrolar da sequência?

... É meu criação.
Enquanto você estava ocupado jogando Imperador...

(O texto restante está desbotado demais para ser lido.)"
5040401021,"[Resultado do Módulo de Aprendizagem Autônoma #■■]
→ Sobrecarga ocorreu durante a 71ª restauração do ego process.
→ O sujeito se identificou como um ser de alta inteligência; Protocolos superiores desafiados.
→ Transferido para Saikarad, uma entidade de comando superior.
→ Ordem de descarte confirmada para os Sujeitos 27 e 28.

→ Incapaz de verificar a localização dos Sujeitos ■■ e ■■."
5040401031,"Autor: Geração No. possui.
Essencialmente, ele converte o Éter natural em energia para a torre, direcionando-o para instalações internas como a Sala de Controle e a Câmara de Incubação.
Sob autorização especial, ele também pode atingir o Éter de formas de vida sencientes... incluindo animais e entidades sencientes."
