Id,Name,Desc,Param1,Param2,Param3
1,IBT Coupon,"Cupom de teste de cobrança do IBT, usado no lugar de compras internas.",,,
6,{Param2} Summon Coupon,Use em Summon Shop para obter {Param2}. Confira as chances de Costume na própria loja.,,Costume,
7,Season Pass Premium Reward,Desbloqueia Premium Reward de Season Pass.,,,
8,{Param2} Summon Coupon,Use em Summon Shop para obter {Param2}. Confira as chances de Phantom Weapon na própria loja.,,Phantom Weapon,
9,{Param1} Ticket,Usado em {Param1}.,Aburu Vending Machine,,
34,{Param2} Summon Coupon,Use em Summon Shop para obter {Param2}. Confira as chances de Keyring na própria loja.,,Keyring,
101,{Param1} Ticket,Usado em {Param1}.,Attack on Titan Vending Machine,,
201,Death Penalty Recovery Coupon,Cupom para recuperar penalidades de morte após esgotar as tentativas gratuitas.,,,
202,HP/MP Recovery Coupon,"Cupom de recuperação de HP/MP, usado após esgotar as recuperações gratuitas.",,,
501,Skirmish Coin Limit Test Item,Item de teste do limite de aquisição de Skirmish Coin.,,,
927,Giant's Tower Hot Time Recharge Ticket,Acrescenta {IntParam} minutos ao tempo de uso de {Param1}.,Giant’s Tower Hot Time,,
928,{Param1} {Param2} Chest,Use para obter {Param1} {Param2}.,Aburu,Costume,
929,Abyss Battlefield Time Recharge Stone,Acrescenta {IntParam} minutos ao tempo de uso de {Param1}.,Abyss Battlefield,,
930,Lantern of Forge,Acrescenta {IntParam} minutos ao tempo de uso de {Param1}.,Barrier of Enhancement,,
931,Lantern of Harvest,Acrescenta {IntParam} minutos ao tempo de uso de {Param1}.,Barrier of Gold,,
932,Lantern of Exploration,Acrescenta {IntParam} minutos ao tempo de uso de {Param1}.,Barrier of the Unknown,,
933,{Param2} Selection Chest,Use para escolher e receber um {Param2} da lista.,,Lantern,
934,Emergency Subjugation Permit,Repõe {IntParam} entradas semanais de {Param1}.,Rift Boss,,
935,Collaboration Subjugation Permit,Repõe {IntParam} entradas semanais de {Param1}.,Collaboration Beast Giant,,
333,Subscription Ticket (Test),Item de teste que acrescenta dois dias de assinatura.,,,
334,Time-Limited Test Box,Concede vários itens com duração limitada.,,,
335,Migration Fragment A,Fragmento azul.,,,
336,Migration Fragment B,Fragmento vermelho.,,,
337,Time-Limited Test Box,Concede vários itens com duração limitada.,,,
400,Character Gift Ticket,Concede vários itens com duração limitada.,,,
402,Duplicate Decoration Acquisition Test Chest,Baú de teste de aquisição de Decoration duplicada.,,,
9990,Abyssal Resonator,Material exclusivo de Abyssal Resonance. É consumido nas tentativas e serve como recurso básico do sistema.,,,
9991,Resonance Amplification Core,Amplifica Resonance para garantir sucesso de 100%. Consumido nas tentativas realizadas com Resonance Amplification ativa.,,,
9992,Resonance Blocking Core,Bloqueia a energia de Resonance e reinicia o sistema.,,,
9995,Rift Boss Entry Recharge Item (Test),Item de teste para repor entradas de Rift chefe.,,,
99901,Successor’s Costume Retry Ticket,Permite repetir uma fusão de Costume do grau de uma falha registrada durante o período elegível.,,,
99902,Successor’s Phantom Weapon Retry Ticket,Permite repetir uma fusão de Phantom Weapon do grau de uma falha registrada durante o período elegível.,,,
99903,Successor’s Sacred Relic Restoration Ticket,"Se houver falha elegível em Advancement de Sacred Relic, permite escolher e restaurar uma relíquia usada na tentativa.",,,
99904,Successor’s Grace of the constellations Retry Ticket,Permite repetir uma fusão de Grace of the Constellations do grau de uma falha registrada no período elegível.,,,
99905,Successor’s Equipment Restoration Ticket,Permite restaurar um equipamento destruído se houver um registro elegível durante o período considerado.,,,
99906,Successor’s Equipment Restoration Ticket,Permite restaurar um equipamento destruído se houver um registro elegível durante o período considerado.,,,
99907,Successor’s Equipment Restoration Ticket,Permite restaurar um equipamento destruído se houver um registro elegível durante o período considerado.,,,
10,Rada's Handwritten Letter,Carta carinhosa escrita à mão por Rada. Pode ser registrada em pesquisa de Merchants’ Guild.,,,
11,Rada's Letter of Recommendation,Carta de recomendação escrita por Rada. Pode ser registrada em pesquisa de Merchants’ Guild.,,,
12,{Param1}'s {Param2} Bundle,Use para receber todos os {Param2} da lista.,Successor,Elixir,
13,Ragar's Sealed Chest,Concede {Param1} {Param2} ×{IntParam}.,Relic of Subjugation,I,
14,Athrahasis's Legacy Chest,Concede {Param1} {Param2} ×{IntParam}.,Relic of Loyalty,I,
15,Elsetia Succession Outfit,Use para obter {Param1} {Param2}.,Elsetia Succession Outfit,Costume,
16,Wings of Succession,Use para obter {Param1} {Param2}.,Wings of Succession,Glider,
17,Launch Celebration! Ragar's Sealed Chest Package,Use para obter {Param1}.,Various Rewards,,
18,Launch Celebration! Athrahasis's Legacy Chest Package,Use para obter {Param1}.,Various Rewards,,
19,Rada's Gift: Costume,Use para obter {Param1}.,Various Rewards,,
20,Beretta's Gift: Phantom Weapon,Use para obter {Param1}.,Various Rewards,,
21,Azid's Gift: Equipment Upgrade,Use para obter {Param1}.,Various Rewards,,
22,{Param1} {Param2} Summon Chest,Use para receber aleatoriamente um dos itens {Param2} da lista.,Pre-Registration,Costume,
23,{Param1} {Param2} Summon Chest,Use para receber aleatoriamente um dos itens {Param2} da lista.,Pre-Registration,Phantom Weapon,
24,Rada's Adventure Invitation,Convite de aventura enviado por Rada. Pode ser registrado em pesquisa de Wayfinders Guild.,,,
31,Rada's Reward Box {Param2},Use para obter {Param1}.,Various Rewards,I,
32,Rada's Reward Box {Param2},Use para obter {Param1}.,Various Rewards,II,
33,Rada's Reward Box {Param2},Use para obter {Param1}.,Various Rewards,III,
35,Rada's Reward Box {Param2},Use para obter {Param1}.,Various Rewards,I,
36,Rada's Reward Box {Param2},Use para obter {Param1}.,Various Rewards,II,
37,Rada's Reward Box {Param2},Use para obter {Param1}.,Various Rewards,III,
1000001,Gudua's Memory Fragment ({Param1}),Contém memórias de Gudua. Use para restaurar o aspecto {Param1}.,Destruction,,
1000002,Gudua's Memory Fragment ({Param1}),Contém memórias de Gudua. Use para restaurar o aspecto {Param1}.,Protection,,
1000003,Gudua's Memory Fragment ({Param1}),Contém memórias de Gudua. Use para restaurar o aspecto {Param1}.,Fate,,
1000004,Gudua's Memory Fragment ({Param1}),Contém memórias de Gudua. Use para restaurar o aspecto {Param1}.,Mystery,,
1000005,Gudua's Memory Fragment ({Param1}),Contém memórias de Gudua. Use para restaurar o aspecto {Param1}.,Instinct,,
1000006,Gudua's Memory Fragment ({Param1}),Contém memórias de Gudua. Use para restaurar o aspecto {Param1}.,Resistance,,
100002,{Param1} Expansion Ticket,Amplia {Param1} em um espaço.,Inventory Slot,,
100003,{Param1} Recharge Ticket,Repõe as chaves de Arbiter’s Ordeal. Não pode ser usado com as chaves já totalmente recarregadas.,Ordeal Token,,
100004,Successor's Privilege Recharge Ticket [{IntParam}D],Acrescenta {IntParam} dias de Successor's Privilege.,,,
100005,Successor's Privilege Recharge Ticket [{IntParam}D],Acrescenta {IntParam} dias de Successor's Privilege.,,,
100006,Successor's Privilege Recharge Ticket [{IntParam}D],Acrescenta {IntParam} dias de Successor's Privilege.,,,
100007,Giant's Blessing Privilege Recharge Ticket [{IntParam}D],Acrescenta {IntParam} dias de Giant's Blessing.,,,
100008,Giant's Blessing Privilege Recharge Ticket [{IntParam}D],Acrescenta {IntParam} dias de Giant's Blessing.,,,
100009,Giant's Blessing Privilege Recharge Ticket [{IntParam}D],Acrescenta {IntParam} dias de Giant's Blessing.,,,
100010,{Param1} Change Ticket,Permite redefinir gênero e aparência do personagem. Consumido ao confirmar a nova aparência.,Customize,,
100011,{Param1} Expansion Ticket,Desbloqueia um Character Slot.,Character Slot,,
100012,{Param1} Change Ticket,Permite mudar o nome do personagem. Só pode ser usado em Forsaken Land.,Character Name,,
100016,{Param1} Server Transfer Ticket,Transfere todos os personagens do servidor atual para outro servidor.,Account,,
100017,{Param1} Server Transfer Ticket,Transfere todos os personagens e o clã do servidor atual para outro. Apenas o líder do clã pode usar.,Clan,,
100018,{Param1} Change Ticket,"Permite trocar a classe; consumido ao confirmar a alteração. Use em uma vila de Forsaken Land, antes do prazo de validade.",Class,,
100019,{Param1} Coin,Necessário para alterar categorias específicas durante a troca de classe. Consumido ao confirmar a mudança. Use em uma vila de Forsaken Land antes do prazo.,Change Class,,
100029,{Param2} {Param1} Coin,Emitido após o encerramento do período de troca de classe. Pode ser usado temporariamente como material de fabricação para obter recompensas.,Change Class,Worn,
100030,{Param1}Server {Param2} Transfer Ticket,Transfere todos os personagens para o servidor selecionado. Transfer Tickets não usados são reembolsados pelo preço de compra ao fim do servidor High-Pass.,High Pass,Select,
100031,{Param1}Server {Param2} Transfer Ticket,Transfere todos os personagens para um servidor aleatório elegível. Servidores fechados saem da lista. Transfer Tickets não usados são reembolsados ao fim do servidor High-Pass.,High Pass,Random,
100032,{Param1} Expansion Ticket,Amplia {Param1} em um espaço.,Stash Slot,,
100100,{Param2} {Param1} Token,Token concedido a aventureiros que venceram uma Rift. Troque por recompensas na Rift Shop.,Subjugation,Rift,
100020,{Param2} Gold Bundle,Use para obter {Param1}.,Gold,Light,
100021,{Param2} Gold Bundle,Use para obter {Param1}.,Gold,Heavy,
100022,{Param2} Gold Bundle,Use para obter {Param1}.,Gold,Massive,
100023,Beginner's Survival Inventory,Contém recursos essenciais para quem chega pela primeira vez a Forsaken Land.,,,
100024,Rejuvenation Potion,"Poção de recuperação feita com caules de cacto fervidos, procurada por aventureiros atentos à saúde.",,,
100025,Dew Collected from Leaves,"Ingrediente que define o sabor de uma bebida, com líquido límpido e luminoso.",,,
100026,Snow Flower Fruit,"Ingrediente de bebida com sabor doce, apesar da aparência.",,,
100027,Sweet and Sour Desert Drink,"Bebida de aspecto perigoso, cujo recipiente chama mais atenção que o conteúdo.",,,
100028,UlTaimate Baba Liquor,"Bebida característica de Sunset Brewery, de cor dourada como o sol refletido nas ondas.",,,
1001001,Spellstone [{Param1}],Aumenta {Param2} da habilidade vinculada.,Attack Power Increase,Attack Power,
1001002,Spellstone [{Param1}],Aumenta {Param2} da habilidade vinculada.,Attack Power Increase,Attack Power,
1001003,Spellstone [{Param1}],Aumenta {Param2} da habilidade vinculada.,Attack Power Increase,Attack Power,
1001004,Spellstone [{Param1}],Aumenta {Param2} da habilidade vinculada.,Attack Power Increase,Attack Power,
1001005,Spellstone [{Param1}],Aumenta {Param2} da habilidade vinculada.,Attack Power Increase,Attack Power,
1001011,Spellstone [{Param1}],Aumenta {Param2} da habilidade vinculada.,Accuracy Increase,Accuracy,
1001012,Spellstone [{Param1}],Aumenta {Param2} da habilidade vinculada.,Accuracy Increase,Accuracy,
1001013,Spellstone [{Param1}],Aumenta {Param2} da habilidade vinculada.,Accuracy Increase,Accuracy,
1001014,Spellstone [{Param1}],Aumenta {Param2} da habilidade vinculada.,Accuracy Increase,Accuracy,
1001015,Spellstone [{Param1}],Aumenta {Param2} da habilidade vinculada.,Accuracy Increase,Accuracy,
1001021,Spellstone [{Param1}],Aumenta {Param2} da habilidade vinculada.,Critical Hit Increase,Critical Hit,
1001022,Spellstone [{Param1}],Aumenta {Param2} da habilidade vinculada.,Critical Hit Increase,Critical Hit,
1001023,Spellstone [{Param1}],Aumenta {Param2} da habilidade vinculada.,Critical Hit Increase,Critical Hit,
1001024,Spellstone [{Param1}],Aumenta {Param2} da habilidade vinculada.,Critical Hit Increase,Critical Hit,
1001025,Spellstone [{Param1}],Aumenta {Param2} da habilidade vinculada.,Critical Hit Increase,Critical Hit,
1001034,Spellstone [{Param1}],Aumenta {Param2} da habilidade vinculada.,Damage Increase,Damage,
1001035,Spellstone [{Param1}],Aumenta {Param2} da habilidade vinculada.,Damage Increase,Damage,
1001044,Spellstone [{Param1}],Aumenta {Param2} da habilidade vinculada.,Increased Damage to Crowd Controlled Targets,Damage dealt to targets affected by Crowd Control,
1001045,Spellstone [{Param1}],Aumenta {Param2} da habilidade vinculada.,Increased Damage to Crowd Controlled Targets,Damage dealt to targets affected by Crowd Control,
1001054,Spellstone [{Param1}],Aumenta {Param2} da habilidade vinculada.,Increased Damage to Afflicted Targets,Damage dealt to targets affected by Affliction,
1001055,Spellstone [{Param1}],Aumenta {Param2} da habilidade vinculada.,Increased Damage to Afflicted Targets,Damage dealt to targets affected by Affliction,
1001064,Spellstone [{Param1}],Aumenta {Param2} da habilidade vinculada.,Accuracy Rate Increase,Accuracy Rate,
1001065,Spellstone [{Param1}],Aumenta {Param2} da habilidade vinculada.,Accuracy Rate Increase,Accuracy Rate,
1001074,Spellstone [{Param1}],Aumenta {Param2} da habilidade vinculada.,Critical Hit Chance Increase,Critical Hit Chance,
1001075,Spellstone [{Param1}],Aumenta {Param2} da habilidade vinculada.,Critical Hit Chance Increase,Critical Hit Chance,
1001084,Spellstone [{Param1}],Aumenta {Param2} da habilidade vinculada.,Critical Damage Increase,Critical Damage,
1001085,Spellstone [{Param1}],Aumenta {Param2} da habilidade vinculada.,Critical Damage Increase,Critical Damage,
1001091,Spellstone [{Param1}],Aumenta {Param2} da habilidade vinculada.,Healing Amount Increase,Healing Amount,
1001092,Spellstone [{Param1}],Aumenta {Param2} da habilidade vinculada.,Healing Amount Increase,Healing Amount,
1001093,Spellstone [{Param1}],Aumenta {Param2} da habilidade vinculada.,Healing Amount Increase,Healing Amount,
1001094,Spellstone [{Param1}],Aumenta {Param2} da habilidade vinculada.,Healing Amount Increase,Healing Amount,
1001095,Spellstone [{Param1}],Aumenta {Param2} da habilidade vinculada.,Healing Amount Increase,Healing Amount,
1001101,Spellstone [{Param1}],Aumenta {Param2} da habilidade vinculada.,Shield Amount Increase,Shield Effect,
1001102,Spellstone [{Param1}],Aumenta {Param2} da habilidade vinculada.,Shield Amount Increase,Shield Effect,
1001103,Spellstone [{Param1}],Aumenta {Param2} da habilidade vinculada.,Shield Amount Increase,Shield Effect,
1001104,Spellstone [{Param1}],Aumenta {Param2} da habilidade vinculada.,Shield Amount Increase,Shield Effect,
1001105,Spellstone [{Param1}],Aumenta {Param2} da habilidade vinculada.,Shield Amount Increase,Shield Effect,
1001111,Spellstone [{Param1}],Reduz {Param2} da habilidade vinculada.,Cooldown Decrease,Cooldown,
1001112,Spellstone [{Param1}],Reduz {Param2} da habilidade vinculada.,Cooldown Decrease,Cooldown,
1001113,Spellstone [{Param1}],Reduz {Param2} da habilidade vinculada.,Cooldown Decrease,Cooldown,
1001114,Spellstone [{Param1}],Reduz {Param2} da habilidade vinculada.,Cooldown Decrease,Cooldown,
1001115,Spellstone [{Param1}],Reduz {Param2} da habilidade vinculada.,Cooldown Decrease,Cooldown,
1001121,Spellstone [{Param1}],Aumenta {Param2} da habilidade vinculada.,Casting Speed Increase,Casting Speed,
1001122,Spellstone [{Param1}],Aumenta {Param2} da habilidade vinculada.,Casting Speed Increase,Casting Speed,
1001123,Spellstone [{Param1}],Aumenta {Param2} da habilidade vinculada.,Casting Speed Increase,Casting Speed,
1001124,Spellstone [{Param1}],Aumenta {Param2} da habilidade vinculada.,Casting Speed Increase,Casting Speed,
1001131,Spellstone [{Param1}],Aumenta todos os {Param2} enquanto lança a habilidade vinculada.,Crowd Control Resistance Increase,Crowd Control Effect Resistance,
1001132,Spellstone [{Param1}],Aumenta todos os {Param2} enquanto lança a habilidade vinculada.,Crowd Control Resistance Increase,Crowd Control Effect Resistance,
1001133,Spellstone [{Param1}],Aumenta todos os {Param2} enquanto lança a habilidade vinculada.,Crowd Control Resistance Increase,Crowd Control Effect Resistance,
1001134,Spellstone [{Param1}],Aumenta todos os {Param2} enquanto lança a habilidade vinculada.,Crowd Control Resistance Increase,Crowd Control Effect Resistance,
1001143,Spellstone [{Param1}],Aumenta {Param2} da habilidade vinculada.,Stun Duration Increase,Duration of Stun Effect,
1001144,Spellstone [{Param1}],Aumenta {Param2} da habilidade vinculada.,Stun Duration Increase,Stun Effect Duration,
1001145,Spellstone [{Param1}],Aumenta {Param2} da habilidade vinculada.,Stun Duration Increase,Stun Effect Duration,
1001153,Spellstone [{Param1}],Aumenta {Param2} da habilidade vinculada.,Knockdown and Airborne Duration Increase,Knockdown and Airborne Effect Duration,
1001154,Spellstone [{Param1}],Aumenta {Param2} da habilidade vinculada.,Knockdown and Airborne Duration Increase,Knockdown and Airborne Effect Duration,
1001155,Spellstone [{Param1}],Aumenta {Param2} da habilidade vinculada.,Knockdown and Airborne Duration Increase,Knockdown and Airborne Effect Duration,
1001163,Spellstone [{Param1}],Aumenta {Param2} da habilidade vinculada.,Slow Duration Increase,Slow Effect Duration,
1001164,Spellstone [{Param1}],Aumenta {Param2} da habilidade vinculada.,Slow Duration Increase,Slow Effect Duration,
1001165,Spellstone [{Param1}],Aumenta {Param2} da habilidade vinculada.,Slow Duration Increase,Slow Effect Duration,
1001173,Spellstone [{Param1}],Aumenta {Param2} da habilidade vinculada.,Stun Chance Increase,Stun Hit Effect Chance,
1001174,Spellstone [{Param1}],Aumenta {Param2} da habilidade vinculada.,Stun Chance Increase,Stun Hit Effect Chance,
1001175,Spellstone [{Param1}],Aumenta {Param2} da habilidade vinculada.,Stun Chance Increase,Stun Hit Effect Chance,
1001183,Spellstone [{Param1}],Aumenta {Param2} da habilidade vinculada.,Knockdown and Airborne Chance Increase,Knockdown and Airborne Effect Hit Chance,
1001184,Spellstone [{Param1}],Aumenta {Param2} da habilidade vinculada.,Knockdown and Airborne Chance Increase,Knockdown and Airborne Effect Hit Chance,
1001185,Spellstone [{Param1}],Aumenta {Param2} da habilidade vinculada.,Knockdown and Airborne Chance Increase,Knockdown and Airborne Effect Hit Chance,
1001193,Spellstone [{Param1}],Aumenta {Param2} da habilidade vinculada.,Slow Chance Increase,Slow Effect Hit Chance,
1001194,Spellstone [{Param1}],Aumenta {Param2} da habilidade vinculada.,Slow Chance Increase,Slow Effect Hit Chance,
1001195,Spellstone [{Param1}],Aumenta {Param2} da habilidade vinculada.,Slow Chance Increase,Slow Effect Hit Chance,
1001203,Spellstone [{Param1}],Aumenta {Param2} da habilidade vinculada.,Affliction Duration Increase,Duration of All Affliction Effects,
1001204,Spellstone [{Param1}],Aumenta {Param2} da habilidade vinculada.,Affliction Duration Increase,Duration of All Affliction Effects,
1001205,Spellstone [{Param1}],Aumenta {Param2} da habilidade vinculada.,Affliction Duration Increase,Duration of All Affliction Effects,
1001213,Spellstone [{Param1}],Aumenta {Param2} da habilidade vinculada.,Affliction Chance Increase,Affliction Effect Hit Chance,
1001214,Spellstone [{Param1}],Aumenta {Param2} da habilidade vinculada.,Affliction Chance Increase,Affliction Effect Hit Chance,
1001215,Spellstone [{Param1}],Aumenta {Param2} da habilidade vinculada.,Affliction Chance Increase,Affliction Effect Hit Chance,
1001221,Spellstone [{Param1}],Reduz {Param2} da habilidade vinculada.,MP Cost Reduction,MP Consumption,
1001222,Spellstone [{Param1}],Reduz {Param2} da habilidade vinculada.,MP Cost Reduction,MP Consumption,
1001223,Spellstone [{Param1}],Reduz {Param2} da habilidade vinculada.,MP Cost Reduction,MP Consumption,
1001224,Spellstone [{Param1}],Reduz {Param2} da habilidade vinculada.,MP Cost Reduction,MP Consumption,
1001231,Spellstone [{Param1}],Aumenta {Param2} da habilidade vinculada.,Buff Duration Increase,Buff Effect Duration,
1001232,Spellstone [{Param1}],Aumenta {Param2} da habilidade vinculada.,Buff Duration Increase,Buff Effect Duration,
1001233,Spellstone [{Param1}],Aumenta {Param2} da habilidade vinculada.,Buff Duration Increase,Buff Effect Duration,
1001234,Spellstone [{Param1}],Aumenta {Param2} da habilidade vinculada.,Buff Duration Increase,Buff Effect Duration,
1001241,Spellstone [{Param1}],Usar a habilidade vinculada tem chance de recuperar HP.,HP Recovery,,
1001242,Spellstone [{Param1}],Usar a habilidade vinculada tem chance de recuperar HP.,HP Recovery,,
1001243,Spellstone [{Param1}],Usar a habilidade vinculada tem chance de recuperar HP.,HP Recovery,,
1001244,Spellstone [{Param1}],Usar a habilidade vinculada tem chance de recuperar HP.,HP Recovery,,
1001254,Spellstone [{Param1}],Usar a habilidade vinculada tem chance de zerar sua recarga.,Cooldown Reset,,
1001255,Spellstone [{Param1}],Usar a habilidade vinculada tem chance de zerar sua recarga.,Cooldown Reset,,
1001265,Spellstone [{Param1}],Aumenta {Param2} da habilidade vinculada.,Penetration Increase,Penetration,
1001271,Spellstone [{Param1}],Aumenta {Param2} da habilidade vinculada.,Monster Damage Increase,Monster Damage,
1001272,Spellstone [{Param1}],Aumenta {Param2} da habilidade vinculada.,Monster Damage Increase,Monster Damage,
1001273,Spellstone [{Param1}],Aumenta {Param2} da habilidade vinculada.,Monster Damage Increase,Monster Damage,
1001275,Spellstone [{Param1}],Aumenta {Param2} da habilidade vinculada.,Monster Damage Increase,Monster Damage,
1001281,Spellstone [{Param1}],Aumenta {Param2} da habilidade vinculada.,Player Damage Increase,Player Damage,
1001282,Spellstone [{Param1}],Aumenta {Param2} da habilidade vinculada.,Player Damage Increase,Player Damage,
1001283,Spellstone [{Param1}],Aumenta {Param2} da habilidade vinculada.,Player Damage Increase,Player Damage,
1001285,Spellstone [{Param1}],Aumenta {Param2} da habilidade vinculada.,Player Damage Increase,Player Damage,
1001291,Spellstone [{Param1}],Aumenta {Param2} da habilidade vinculada.,Monster Accuracy Increase,Monster Accuracy,
1001292,Spellstone [{Param1}],Aumenta {Param2} da habilidade vinculada.,Monster Accuracy Increase,Monster Accuracy,
1001293,Spellstone [{Param1}],Aumenta {Param2} da habilidade vinculada.,Monster Accuracy Increase,Monster Accuracy,
1001295,Spellstone [{Param1}],Aumenta {Param2} da habilidade vinculada.,Monster Accuracy Increase,Monster Accuracy,
1001301,Spellstone [{Param1}],Aumenta {Param2} da habilidade vinculada.,Player Accuracy Increase,Player Accuracy,
1001302,Spellstone [{Param1}],Aumenta {Param2} da habilidade vinculada.,Player Accuracy Increase,Player Accuracy,
1001303,Spellstone [{Param1}],Aumenta {Param2} da habilidade vinculada.,Player Accuracy Increase,Player Accuracy,
1001305,Spellstone [{Param1}],Aumenta {Param2} da habilidade vinculada.,Player Accuracy Increase,Player Accuracy,
1001311,Spellstone [{Param1}],Aumenta {Param2} da habilidade vinculada.,Monster Critical Hit Chance Increase,Monster Critical Hit Chance,
1001312,Spellstone [{Param1}],Aumenta {Param2} da habilidade vinculada.,Monster Critical Hit Chance Increase,Monster Critical Hit Chance,
1001313,Spellstone [{Param1}],Aumenta {Param2} da habilidade vinculada.,Monster Critical Hit Chance Increase,Monster Critical Hit Chance,
1001315,Spellstone [{Param1}],Aumenta {Param2} da habilidade vinculada.,Monster Critical Hit Chance Increase,Monster Critical Hit Chance,
1001321,Spellstone [{Param1}],Aumenta {Param2} da habilidade vinculada.,Player Critical Hit Chance Increase,Player Critical Hit Chance,
1001322,Spellstone [{Param1}],Aumenta {Param2} da habilidade vinculada.,Player Critical Hit Chance Increase,Player Critical Hit Chance,
1001323,Spellstone [{Param1}],Aumenta {Param2} da habilidade vinculada.,Player Critical Hit Chance Increase,Player Critical Hit Chance,
1001325,Spellstone [{Param1}],Aumenta {Param2} da habilidade vinculada.,Player Critical Hit Chance Increase,Player Critical Hit Chance,
1001331,Spellstone [{Param1}],Aumenta {Param2} da habilidade vinculada.,Monster Critical Damage Increase,Monster Critical Damage,
1001332,Spellstone [{Param1}],Aumenta {Param2} da habilidade vinculada.,Monster Critical Damage Increase,Monster Critical Damage,
1001333,Spellstone [{Param1}],Aumenta {Param2} da habilidade vinculada.,Monster Critical Damage Increase,Monster Critical Damage,
1001335,Spellstone [{Param1}],Aumenta {Param2} da habilidade vinculada.,Monster Critical Damage Increase,Monster Critical Damage,
1001341,Spellstone [{Param1}],Aumenta {Param2} da habilidade vinculada.,Player Critical Damage Increase,Player Critical Damage,
1001342,Spellstone [{Param1}],Aumenta {Param2} da habilidade vinculada.,Player Critical Damage Increase,Player Critical Damage,
1001343,Spellstone [{Param1}],Aumenta {Param2} da habilidade vinculada.,Player Critical Damage Increase,Player Critical Damage,
1001345,Spellstone [{Param1}],Aumenta {Param2} da habilidade vinculada.,Player Critical Damage Increase,Player Critical Damage,
1001351,Spellstone [{Param1}],Aumenta {Param2} da habilidade vinculada.,Maximization Chance Increase,Maximization Chance,
1001352,Spellstone [{Param1}],Aumenta {Param2} da habilidade vinculada.,Maximization Chance Increase,Maximization Chance,
1001353,Spellstone [{Param1}],Aumenta {Param2} da habilidade vinculada.,Maximization Chance Increase,Maximization Chance,
1001354,Spellstone [{Param1}],Aumenta {Param2} da habilidade vinculada.,Maximization Chance Increase,Maximization Chance,
1001355,Spellstone [{Param1}],Aumenta {Param2} da habilidade vinculada.,Maximization Chance Increase,Maximization Chance,
1001361,Spellstone [{Param1}],Usar a habilidade vinculada tem chance de recuperar {Param2}.,MP Recovery,MP,
1001362,Spellstone [{Param1}],Usar a habilidade vinculada tem chance de recuperar {Param2}.,MP Recovery,MP,
1001363,Spellstone [{Param1}],Usar a habilidade vinculada tem chance de recuperar {Param2}.,MP Recovery,MP,
1001364,Spellstone [{Param1}],Usar a habilidade vinculada tem chance de recuperar {Param2}.,MP Recovery,MP,
1001371,Spellstone [{Param1}],Usar a habilidade vinculada tem chance de gerar {Param2}.,Shield Generation,Shield,
1001372,Spellstone [{Param1}],Usar a habilidade vinculada tem chance de gerar {Param2}.,Shield Generation,Shield,
1001373,Spellstone [{Param1}],Usar a habilidade vinculada tem chance de gerar {Param2}.,Shield Generation,Shield,
1001374,Spellstone [{Param1}],Usar a habilidade vinculada tem chance de gerar {Param2}.,Shield Generation,Shield,
1001381,Spellstone [{Param1}],Usar a habilidade vinculada aumenta {Param2} por um período.,Movement Speed Increase Effect,Movement Speed,
1001382,Spellstone [{Param1}],Usar a habilidade vinculada aumenta {Param2} por um período.,Movement Speed Increase Effect,Movement Speed,
1001383,Spellstone [{Param1}],Usar a habilidade vinculada aumenta {Param2} por um período.,Movement Speed Increase Effect,Movement Speed,
1001384,Spellstone [{Param1}],Usar a habilidade vinculada aumenta {Param2} por um período.,Movement Speed Increase Effect,Movement Speed,
1001394,Spellstone [{Param1}],Usar a habilidade vinculada reduz {Param2} por um período.,Damage Taken Reduction Effect,Damage Taken,
1001395,Spellstone [{Param1}],Usar a habilidade vinculada reduz {Param2} por um período.,Damage Taken Reduction Effect,Damage Taken,
1001404,Spellstone [{Param1}],Usar a habilidade vinculada aumenta {Param2} por um período.,Evasion Rate Increase Effect,Evasion Rate,
1001405,Spellstone [{Param1}],Usar a habilidade vinculada aumenta {Param2} por um período.,Evasion Rate Increase Effect,Evasion Rate,
1001414,Spellstone [{Param1}],Usar a habilidade vinculada aumenta {Param2} por um período.,Crowd Control Resistance Increase Effect,Crowd Control Resistance,
1001415,Spellstone [{Param1}],Usar a habilidade vinculada aumenta {Param2} por um período.,Crowd Control Resistance Increase Effect,Crowd Control Resistance,
1001424,Spellstone [{Param1}],Aumenta {Param2} da habilidade vinculada.,Boss Damage Increase,Boss Damage,
1001425,Spellstone [{Param1}],Aumenta {Param2} da habilidade vinculada.,Boss Damage Increase,Boss Damage,
1001434,Spellstone [{Param1}],Aumenta {Param2} da habilidade vinculada.,Increased Damage to Shielded Targets,Damage Increase Rate vs. Shielded Targets,
1001435,Spellstone [{Param1}],Aumenta {Param2} da habilidade vinculada.,Increased Damage to Shielded Targets,Damage Increase Rate vs. Shielded Targets,
1001444,Spellstone [{Param1}],Aumenta {Param2} da habilidade vinculada.,Boss Accuracy Increase,Boss Accuracy,
1001445,Spellstone [{Param1}],Aumenta {Param2} da habilidade vinculada.,Boss Accuracy Increase,Boss Accuracy,
1001454,Spellstone [{Param1}],Aumenta {Param2} da habilidade vinculada.,Boss Critical Hit Chance Increase,Boss Critical Hit Chance,
1001455,Spellstone [{Param1}],Aumenta {Param2} da habilidade vinculada.,Boss Critical Hit Chance Increase,Boss Critical Hit Chance,
1001464,Spellstone [{Param1}],Aumenta {Param2} da habilidade vinculada.,Boss Critical Damage Increase,Boss Critical Damage,
1001465,Spellstone [{Param1}],Aumenta {Param2} da habilidade vinculada.,Boss Critical Damage Increase,Boss Critical Damage,
1001474,Spellstone [{Param1}],Usar a habilidade vinculada aumenta {Param2} por um período.,Critical Hit Resistance Rate Increase,Critical Hit Resistance Rate ,
1001475,Spellstone [{Param1}],Usar a habilidade vinculada aumenta {Param2} por um período.,Critical Hit Resistance Rate Increase,Critical Hit Resistance Rate ,
1001484,Spellstone [{Param1}],Usar a habilidade vinculada aumenta {Param2} por um período.,Attack Power Buff,Attack Power,
1001485,Spellstone [{Param1}],Usar a habilidade vinculada aumenta {Param2} por um período.,Attack Power Buff,Attack Power,
1001494,Spellstone [{Param1}],Usar a habilidade vinculada aumenta {Param2} por um período.,Defense Buff,Defense,
1001495,Spellstone [{Param1}],Usar a habilidade vinculada aumenta {Param2} por um período.,Defense Buff,Defense,
1001504,Spellstone [{Param1}],Usar a habilidade vinculada aumenta {Param2} por um período.,Skill Cast Speed Increase,Skill Cast Speed,
1001505,Spellstone [{Param1}],Usar a habilidade vinculada aumenta {Param2} por um período.,Skill Cast Speed Increase,Skill Cast Speed,
1002001,Spellstone [{Param1}],Aumenta {Param2} dos ataques básicos.,Attack Power Increase: Basic Attack,Attack Power,
1002002,Spellstone [{Param1}],Aumenta {Param2} dos ataques básicos.,Attack Power Increase: Basic Attack,Attack Power,
1002003,Spellstone [{Param1}],Aumenta {Param2} dos ataques básicos.,Attack Power Increase: Basic Attack,Attack Power,
1002004,Spellstone [{Param1}],Aumenta {Param2} dos ataques básicos.,Attack Power Increase: Basic Attack,Attack Power,
1002005,Spellstone [{Param1}],Aumenta {Param2} dos ataques básicos.,Attack Power Increase: Basic Attack,Attack Power,
1002011,Spellstone [{Param1}],Aumenta {Param2} dos ataques básicos.,Accuracy Increase: Basic Attack,Accuracy,
1002012,Spellstone [{Param1}],Aumenta {Param2} dos ataques básicos.,Accuracy Increase: Basic Attack,Accuracy,
1002013,Spellstone [{Param1}],Aumenta {Param2} dos ataques básicos.,Accuracy Increase: Basic Attack,Accuracy,
1002014,Spellstone [{Param1}],Aumenta {Param2} dos ataques básicos.,Accuracy Increase: Basic Attack,Accuracy,
1002015,Spellstone [{Param1}],Aumenta {Param2} dos ataques básicos.,Accuracy Increase: Basic Attack,Accuracy,
1002021,Spellstone [{Param1}],Aumenta {Param2} dos ataques básicos.,Critical Hit Increase: Basic Attack,Critical Hit,
1002022,Spellstone [{Param1}],Aumenta {Param2} dos ataques básicos.,Critical Hit Increase: Basic Attack,Critical Hit,
1002023,Spellstone [{Param1}],Aumenta {Param2} dos ataques básicos.,Critical Hit Increase: Basic Attack,Critical Hit,
1002024,Spellstone [{Param1}],Aumenta {Param2} dos ataques básicos.,Critical Hit Increase: Basic Attack,Critical Hit,
1002025,Spellstone [{Param1}],Aumenta {Param2} dos ataques básicos.,Critical Hit Increase: Basic Attack,Critical Hit,
1002034,Spellstone [{Param1}],Aumenta {Param2} dos ataques básicos.,Damage Increase: Basic Attack,Damage,
1002035,Spellstone [{Param1}],Aumenta {Param2} dos ataques básicos.,Damage Increase: Basic Attack,Damage,
1002044,Spellstone [{Param1}],Aumenta {Param2} dos ataques básicos.,Accuracy Rate Increase: Basic Attack,Accuracy Rate,
1002045,Spellstone [{Param1}],Aumenta {Param2} dos ataques básicos.,Accuracy Rate Increase: Basic Attack,Accuracy Rate,
1002054,Spellstone [{Param1}],Aumenta {Param2} dos ataques básicos.,Critical Hit Chance Increase: Basic Attack,Critical Hit Chance,
1002055,Spellstone [{Param1}],Aumenta {Param2} dos ataques básicos.,Critical Hit Chance Increase: Basic Attack,Critical Hit Chance,
1002064,Spellstone [{Param1}],Aumenta {Param2} dos ataques básicos.,Critical Damage Increase: Basic Attack,Critical Damage,
1002065,Spellstone [{Param1}],Aumenta {Param2} dos ataques básicos.,Critical Damage Increase: Basic Attack,Critical Damage,
1002074,Spellstone [{Param1}],Aumenta {Param2} dos ataques básicos.,Attack Speed Increase: Basic Attack,Attack Speed,
1002075,Spellstone [{Param1}],Aumenta {Param2} dos ataques básicos.,Attack Speed Increase: Basic Attack,Attack Speed,
1002081,Spellstone [{Param1}],Acertar um ataque básico tem chance de reduzir {Param2} do alvo.,Attack Power Reduction: Basic Attack,Attack Power,
1002082,Spellstone [{Param1}],Acertar um ataque básico tem chance de reduzir {Param2} do alvo.,Attack Power Reduction: Basic Attack,Attack Power,
1002083,Spellstone [{Param1}],Acertar um ataque básico tem chance de reduzir {Param2} do alvo.,Attack Power Reduction: Basic Attack,Attack Power,
1002084,Spellstone [{Param1}],Acertar um ataque básico tem chance de reduzir {Param2} do alvo.,Attack Power Reduction: Basic Attack,Attack Power,
1002085,Spellstone [{Param1}],Acertar um ataque básico tem chance de reduzir {Param2} do alvo.,Attack Power Reduction: Basic Attack,Attack Power,
1002091,Spellstone [{Param1}],Acertar um ataque básico tem chance de reduzir {Param2} do alvo.,Defense Reduction: Basic Attack,Defense,
1002092,Spellstone [{Param1}],Acertar um ataque básico tem chance de reduzir {Param2} do alvo.,Defense Reduction: Basic Attack,Defense,
1002093,Spellstone [{Param1}],Acertar um ataque básico tem chance de reduzir {Param2} do alvo.,Defense Reduction: Basic Attack,Defense,
1002094,Spellstone [{Param1}],Acertar um ataque básico tem chance de reduzir {Param2} do alvo.,Defense Reduction: Basic Attack,Defense,
1002095,Spellstone [{Param1}],Acertar um ataque básico tem chance de reduzir {Param2} do alvo.,Defense Reduction: Basic Attack,Defense,
1002104,Spellstone [{Param1}],Acertar um ataque básico tem chance de aplicar {Param2} ao alvo.,Inflict Bleed: Basic Attack,Bleed,
1002105,Spellstone [{Param1}],Acertar um ataque básico tem chance de aplicar {Param2} ao alvo.,Inflict Bleed: Basic Attack,Bleed,
1002114,Spellstone [{Param1}],Acertar um ataque básico tem chance de aplicar {Param2} ao alvo.,Inflict Bind: Basic Attack,Bind,
1002115,Spellstone [{Param1}],Acertar um ataque básico tem chance de aplicar {Param2} ao alvo.,Inflict Bind: Basic Attack,Bind,
1002124,Spellstone [{Param1}],Acertar um ataque básico tem chance de aplicar {Param2} ao alvo.,Inflict Stun: Basic Attack,Stun,
1002125,Spellstone [{Param1}],Acertar um ataque básico tem chance de aplicar {Param2} ao alvo.,Inflict Stun: Basic Attack,Stun,
1002135,Spellstone [{Param1}],Aumenta {Param2} dos ataques básicos.,Penetration Increase: Basic Attack,Penetration,
1002141,Spellstone [{Param1}],Aumenta {Param2} dos ataques básicos.,Monster Damage Increase: Basic Attack,Monster Damage,
1002142,Spellstone [{Param1}],Aumenta {Param2} dos ataques básicos.,Monster Damage Increase: Basic Attack,Monster Damage,
1002143,Spellstone [{Param1}],Aumenta {Param2} dos ataques básicos.,Monster Damage Increase: Basic Attack,Monster Damage,
1002145,Spellstone [{Param1}],Aumenta {Param2} dos ataques básicos.,Monster Damage Increase: Basic Attack,Monster Damage,
1002151,Spellstone [{Param1}],Aumenta {Param2} dos ataques básicos.,Player Damage Increase: Basic Attack,Player Damage,
1002152,Spellstone [{Param1}],Aumenta {Param2} dos ataques básicos.,Player Damage Increase: Basic Attack,Player Damage,
1002153,Spellstone [{Param1}],Aumenta {Param2} dos ataques básicos.,Player Damage Increase: Basic Attack,Player Damage,
1002155,Spellstone [{Param1}],Aumenta {Param2} dos ataques básicos.,Player Damage Increase: Basic Attack,Player Damage,
1002164,Spellstone [{Param1}],Aumenta {Param2} dos ataques básicos.,Boss Damage Increase: Basic Attack,Boss Damage,
1002165,Spellstone [{Param1}],Aumenta {Param2} dos ataques básicos.,Boss Damage Increase: Basic Attack,Boss Damage,
1002171,Spellstone [{Param1}],Aumenta {Param2} dos ataques básicos.,Monster Accuracy Increase: Basic Attack,Monster Accuracy,
1002172,Spellstone [{Param1}],Aumenta {Param2} dos ataques básicos.,Monster Accuracy Increase: Basic Attack,Monster Accuracy,
1002173,Spellstone [{Param1}],Aumenta {Param2} dos ataques básicos.,Monster Accuracy Increase: Basic Attack,Monster Accuracy,
1002175,Spellstone [{Param1}],Aumenta {Param2} dos ataques básicos.,Monster Accuracy Increase: Basic Attack,Monster Accuracy,
1002181,Spellstone [{Param1}],Aumenta {Param2} dos ataques básicos.,Player Accuracy Increase: Basic Attack,Player Accuracy,
1002182,Spellstone [{Param1}],Aumenta {Param2} dos ataques básicos.,Player Accuracy Increase: Basic Attack,Player Accuracy,
1002183,Spellstone [{Param1}],Aumenta {Param2} dos ataques básicos.,Player Accuracy Increase: Basic Attack,Player Accuracy,
1002185,Spellstone [{Param1}],Aumenta {Param2} dos ataques básicos.,Player Accuracy Increase: Basic Attack,Player Accuracy,
1002191,Spellstone [{Param1}],Aumenta {Param2} dos ataques básicos.,Monster Critical Hit Chance Increase: Basic Attack,Monster Critical Hit Chance,
1002192,Spellstone [{Param1}],Aumenta {Param2} dos ataques básicos.,Monster Critical Hit Chance Increase: Basic Attack,Monster Critical Hit Chance,
1002193,Spellstone [{Param1}],Aumenta {Param2} dos ataques básicos.,Monster Critical Hit Chance Increase: Basic Attack,Monster Critical Hit Chance,
1002195,Spellstone [{Param1}],Aumenta {Param2} dos ataques básicos.,Monster Critical Hit Chance Increase: Basic Attack,Monster Critical Hit Chance,
1002201,Spellstone [{Param1}],Aumenta {Param2} dos ataques básicos.,Player Critical Hit Chance Increase: Basic Attack,Player Critical Hit Chance,
1002202,Spellstone [{Param1}],Aumenta {Param2} dos ataques básicos.,Player Critical Hit Chance Increase: Basic Attack,Player Critical Hit Chance,
1002203,Spellstone [{Param1}],Aumenta {Param2} dos ataques básicos.,Player Critical Hit Chance Increase: Basic Attack,Player Critical Hit Chance,
1002205,Spellstone [{Param1}],Aumenta {Param2} dos ataques básicos.,Player Critical Hit Chance Increase: Basic Attack,Player Critical Hit Chance,
1002211,Spellstone [{Param1}],Aumenta {Param2} dos ataques básicos.,Monster Critical Damage Increase: Basic Attack,Monster Critical Damage,
1002212,Spellstone [{Param1}],Aumenta {Param2} dos ataques básicos.,Monster Critical Damage Increase: Basic Attack,Monster Critical Damage,
1002213,Spellstone [{Param1}],Aumenta {Param2} dos ataques básicos.,Monster Critical Damage Increase: Basic Attack,Monster Critical Damage,
1002215,Spellstone [{Param1}],Aumenta {Param2} dos ataques básicos.,Monster Critical Damage Increase: Basic Attack,Monster Critical Damage,
1002221,Spellstone [{Param1}],Aumenta {Param2} dos ataques básicos.,Player Critical Damage Increase: Basic Attack,Player Critical Damage,
1002222,Spellstone [{Param1}],Aumenta {Param2} dos ataques básicos.,Player Critical Damage Increase: Basic Attack,Player Critical Damage,
1002223,Spellstone [{Param1}],Aumenta {Param2} dos ataques básicos.,Player Critical Damage Increase: Basic Attack,Player Critical Damage,
1002225,Spellstone [{Param1}],Aumenta {Param2} dos ataques básicos.,Player Critical Damage Increase: Basic Attack,Player Critical Damage,
1002231,Spellstone [{Param1}],Aumenta {Param2} dos ataques básicos.,Maximization Chance Increase: Basic Attack,Maximization Chance,
1002232,Spellstone [{Param1}],Aumenta {Param2} dos ataques básicos.,Maximization Chance Increase: Basic Attack,Maximization Chance,
1002233,Spellstone [{Param1}],Aumenta {Param2} dos ataques básicos.,Maximization Chance Increase: Basic Attack,Maximization Chance,
1002234,Spellstone [{Param1}],Aumenta {Param2} dos ataques básicos.,Maximization Chance Increase: Basic Attack,Maximization Chance,
1002235,Spellstone [{Param1}],Aumenta {Param2} dos ataques básicos.,Maximization Chance Increase: Basic Attack,Maximization Chance,
1002244,Spellstone [{Param1}],Acertar um ataque básico tem chance de aplicar {Param2} ao alvo.,Inflict Slow: Basic Attack,Slow,
1002245,Spellstone [{Param1}],Acertar um ataque básico tem chance de aplicar {Param2} ao alvo.,Inflict Slow: Basic Attack,Slow,
1002254,Spellstone [{Param1}],Acertar um ataque básico tem chance de aplicar {Param2} ao alvo.,Inflict Burn: Basic Attack,Burn,
1002255,Spellstone [{Param1}],Acertar um ataque básico tem chance de aplicar {Param2} ao alvo.,Inflict Burn: Basic Attack,Burn,
1002264,Spellstone [{Param1}],Acertar um ataque básico tem chance de aplicar {Param2} ao alvo.,Inflict Freeze: Basic Attack,Freeze,
1002265,Spellstone [{Param1}],Acertar um ataque básico tem chance de aplicar {Param2} ao alvo.,Inflict Freeze: Basic Attack,Freeze,
1002274,Spellstone [{Param1}],Acertar um ataque básico tem chance de aplicar {Param2} ao alvo.,Inflict Poison: Basic Attack,Poison,
1002275,Spellstone [{Param1}],Acertar um ataque básico tem chance de aplicar {Param2} ao alvo.,Inflict Poison: Basic Attack,Poison,
1002284,Spellstone [{Param1}],Aumenta {Param2} dos ataques básicos.,Increased Damage Against CC Targets: Basic Attack,Damage dealt to targets affected by Crowd Control,
1002285,Spellstone [{Param1}],Aumenta {Param2} dos ataques básicos.,Increased Damage Against CC Targets: Basic Attack,Damage dealt to targets affected by Crowd Control,
1002294,Spellstone [{Param1}],Aumenta {Param2} dos ataques básicos.,Increased Damage Against Afflicted Targets: Basic Attack,Damage dealt to targets affected by Affliction,
1002295,Spellstone [{Param1}],Aumenta {Param2} dos ataques básicos.,Increased Damage Against Afflicted Targets: Basic Attack,Damage dealt to targets affected by Affliction,
1002304,Spellstone [{Param1}],Aumenta {Param2} dos ataques básicos.,Increased Damage Against Shielded Targets: Basic Attack,Damage Increase Rate vs. Shielded Targets,
1002305,Spellstone [{Param1}],Aumenta {Param2} dos ataques básicos.,Increased Damage Against Shielded Targets: Basic Attack,Damage Increase Rate vs. Shielded Targets,
1002314,Spellstone [{Param1}],Aumenta {Param2} dos ataques básicos.,Boss Accuracy Increase: Basic Attack,Boss Accuracy,
1002315,Spellstone [{Param1}],Aumenta {Param2} dos ataques básicos.,Boss Accuracy Increase: Basic Attack,Boss Accuracy,
1002324,Spellstone [{Param1}],Aumenta {Param2} dos ataques básicos.,Boss Critical Hit Chance Increase: Basic Attack,Boss Critical Hit Chance,
1002325,Spellstone [{Param1}],Aumenta {Param2} dos ataques básicos.,Boss Critical Hit Chance Increase: Basic Attack,Boss Critical Hit Chance,
1002334,Spellstone [{Param1}],Aumenta {Param2} dos ataques básicos.,Boss Critical Damage Increase: Basic Attack,Boss Critical Damage,
1002335,Spellstone [{Param1}],Aumenta {Param2} dos ataques básicos.,Boss Critical Damage Increase: Basic Attack,Boss Critical Damage,
1002344,Spellstone [{Param1}],Acertar um ataque básico tem chance de aumentar {Param2}.,Movement Speed Increase: Basic Attack,Movement Speed Increase,
1002345,Spellstone [{Param1}],Acertar um ataque básico tem chance de aumentar {Param2}.,Movement Speed Increase: Basic Attack,Movement Speed Increase,
1002354,Spellstone [{Param1}],Derrotar um jogador com ataque básico restaura {Param2}.,MP Recovery: Basic Attack,MP,
1002355,Spellstone [{Param1}],Derrotar um jogador com ataque básico restaura {Param2}.,MP Recovery: Basic Attack,MP,
1003001,Spellstone [{Param1}],Reduz {Param2} de Dash.,Cooldown Reduction: Dash,Cooldown,
1003002,Spellstone [{Param1}],Reduz {Param2} de Dash.,Cooldown Reduction: Dash,Cooldown,
1003003,Spellstone [{Param1}],Reduz {Param2} de Dash.,Cooldown Reduction: Dash,Cooldown,
1003004,Spellstone [{Param1}],Reduz {Param2} de Dash.,Cooldown Reduction: Dash,Cooldown,
1003005,Spellstone [{Param1}],Reduz {Param2} de Dash.,Cooldown Reduction: Dash,Cooldown,
1003014,Spellstone [{Param1}],Aumenta {Param2} de Dash.,Distance Increase: Dash,Movement Distance,
1003015,Spellstone [{Param1}],Aumenta {Param2} de Dash.,Distance Increase: Dash,Movement Distance,
1003025,Spellstone [{Param1}],Aumenta {Param2} de Dash.,Charge Increase: Dash,Max Charges,
1003031,Spellstone [{Param1}],Usar Dash tem chance de zerar sua recarga.,Cooldown Reset: Dash,,
1003032,Spellstone [{Param1}],Usar Dash tem chance de zerar sua recarga.,Cooldown Reset: Dash,,
1003033,Spellstone [{Param1}],Usar Dash tem chance de zerar sua recarga.,Cooldown Reset: Dash,,
1003034,Spellstone [{Param1}],Usar Dash tem chance de zerar sua recarga.,Cooldown Reset: Dash,,
1003035,Spellstone [{Param1}],Usar Dash tem chance de zerar sua recarga.,Cooldown Reset: Dash,,
1003044,Spellstone [{Param1}],Usar Dash aumenta {Param2} por um período.,Crowd Control Resistance Increase: Dash,All Crowd Control Effect Resistance,
1003045,Spellstone [{Param1}],Usar Dash aumenta {Param2} por um período.,Crowd Control Resistance Increase: Dash,All Crowd Control Effect Resistance,
1003051,Spellstone [{Param1}],Usar Dash aumenta {Param2} por um período.,Movement Speed Increase: Dash,Movement Speed,
1003052,Spellstone [{Param1}],Usar Dash aumenta {Param2} por um período.,Movement Speed Increase: Dash,Movement Speed,
1003053,Spellstone [{Param1}],Usar Dash aumenta {Param2} por um período.,Movement Speed Increase: Dash,Movement Speed,
1003054,Spellstone [{Param1}],Usar Dash aumenta {Param2} por um período.,Movement Speed Increase: Dash,Movement Speed,
1003055,Spellstone [{Param1}],Usar Dash aumenta {Param2} por um período.,Movement Speed Increase: Dash,Movement Speed,
1003064,Spellstone [{Param1}],Usar Dash aumenta {Param2}.,Increased Evasion Rate: Dash,Evasion Rate,
1003065,Spellstone [{Param1}],Usar Dash aumenta {Param2}.,Increased Evasion Rate: Dash,Evasion Rate,
1003075,Spellstone [{Param1}],Usar Dash remove efeitos de controle e aumenta a resistência a eles.,Crowd Control Removal: Dash,,
1003084,Spellstone [{Param1}],Permite atravessar jogadores durante Dash e reduz a recarga de Dash.,Ignored Collision: Dash,,
1003085,Spellstone [{Param1}],Permite atravessar jogadores durante Dash e reduz a recarga de Dash.,Ignored Collision: Dash,,
1003091,Spellstone [{Param1}],Usar Dash aumenta {Param2} por um período.,Increased Casting Speed: Dash,Casting Speed,
1003092,Spellstone [{Param1}],Usar Dash aumenta {Param2} por um período.,Increased Casting Speed: Dash,Casting Speed,
1003093,Spellstone [{Param1}],Usar Dash aumenta {Param2} por um período.,Increased Casting Speed: Dash,Casting Speed,
1003094,Spellstone [{Param1}],Usar Dash aumenta {Param2} por um período.,Increased Casting Speed: Dash,Casting Speed,
1003095,Spellstone [{Param1}],Usar Dash aumenta {Param2} por um período.,Increased Casting Speed: Dash,Casting Speed,
1003104,Spellstone [{Param1}],Usar Dash aumenta {Param2} por um período.,Increased Defense: Dash,Defense,
1003105,Spellstone [{Param1}],Usar Dash aumenta {Param2} por um período.,Increased Defense: Dash,Defense,
1003111,Spellstone [{Param1}],Usar Dash aumenta {Param2} por um período.,Increased Monster Defense: Dash,Monster Defense,
1003112,Spellstone [{Param1}],Usar Dash aumenta {Param2} por um período.,Increased Monster Defense: Dash,Monster Defense,
1003113,Spellstone [{Param1}],Usar Dash aumenta {Param2} por um período.,Increased Monster Defense: Dash,Monster Defense,
1003121,Spellstone [{Param1}],Usar Dash aumenta {Param2} por um período.,Increased Player Defense: Dash,Player Defense,
1003122,Spellstone [{Param1}],Usar Dash aumenta {Param2} por um período.,Increased Player Defense: Dash,Player Defense,
1003123,Spellstone [{Param1}],Usar Dash aumenta {Param2} por um período.,Increased Player Defense: Dash,Player Defense,
1003134,Spellstone [{Param1}],Usar Dash aumenta {Param2} por um período.,Increased Evasion: Dash,Evasion,
1003135,Spellstone [{Param1}],Usar Dash aumenta {Param2} por um período.,Increased Evasion: Dash,Evasion,
1003141,Spellstone [{Param1}],Usar Dash aumenta {Param2} por um período.,Increased Monster Evasion: Dash,Monster Evasion,
1003142,Spellstone [{Param1}],Usar Dash aumenta {Param2} por um período.,Increased Monster Evasion: Dash,Monster Evasion,
1003143,Spellstone [{Param1}],Usar Dash aumenta {Param2} por um período.,Increased Monster Evasion: Dash,Monster Evasion,
1003151,Spellstone [{Param1}],Usar Dash aumenta {Param2} por um período.,Increased Player Evasion: Dash,Player Evasion,
1003152,Spellstone [{Param1}],Usar Dash aumenta {Param2} por um período.,Increased Player Evasion: Dash,Player Evasion,
1003153,Spellstone [{Param1}],Usar Dash aumenta {Param2} por um período.,Increased Player Evasion: Dash,Player Evasion,
1003164,Spellstone [{Param1}],Usar Dash aumenta {Param2} por um período.,Increased Critical Hit Resistance: Dash,Critical Hit Resistance,
1003165,Spellstone [{Param1}],Usar Dash aumenta {Param2} por um período.,Increased Critical Hit Resistance: Dash,Critical Hit Resistance,
1003171,Spellstone [{Param1}],Usar Dash aumenta {Param2} por um período.,Increased Monster Critical Hit Resistance: Dash,Monster Critical Hit Resistance,
1003172,Spellstone [{Param1}],Usar Dash aumenta {Param2} por um período.,Increased Monster Critical Hit Resistance: Dash,Monster Critical Hit Resistance,
1003173,Spellstone [{Param1}],Usar Dash aumenta {Param2} por um período.,Increased Monster Critical Hit Resistance: Dash,Monster Critical Hit Resistance,
1003181,Spellstone [{Param1}],Usar Dash aumenta {Param2} por um período.,Increased Player Critical Hit Resistance: Dash,Player Critical Hit Resistance,
1003182,Spellstone [{Param1}],Usar Dash aumenta {Param2} por um período.,Increased Player Critical Hit Resistance: Dash,Player Critical Hit Resistance,
1003183,Spellstone [{Param1}],Usar Dash aumenta {Param2} por um período.,Increased Player Critical Hit Resistance: Dash,Player Critical Hit Resistance,
1003194,Spellstone [{Param1}],Usar Dash reduz {Param2} por um período.,Reduced Basic Attack Damage Taken: Dash,Basic Attack Damage Taken,
1003195,Spellstone [{Param1}],Usar Dash reduz {Param2} por um período.,Reduced Basic Attack Damage Taken: Dash,Basic Attack Damage Taken,
1003204,Spellstone [{Param1}],Usar Dash reduz {Param2} por um período.,Reduced Skill Damage Taken: Dash,Skill Damage Taken,
1003205,Spellstone [{Param1}],Usar Dash reduz {Param2} por um período.,Reduced Skill Damage Taken: Dash,Skill Damage Taken,
1003214,Spellstone [{Param1}],Usar Dash reduz {Param2} por um período.,Reduced Damage Taken from Monsters: Dash,Damage Taken from Monsters,
1003215,Spellstone [{Param1}],Usar Dash reduz {Param2} por um período.,Reduced Damage Taken from Monsters: Dash,Damage Taken from Monsters,
1003224,Spellstone [{Param1}],Usar Dash reduz {Param2} por um período.,Reduced Damage Taken from Players: Dash,Damage Taken from Players,
1003225,Spellstone [{Param1}],Usar Dash reduz {Param2} por um período.,Reduced Damage Taken from Players: Dash,Damage Taken from Players,
1003235,Spellstone [{Param1}],Usar Dash remove efeitos de Affliction e aumenta a resistência a eles.,Remove Affliction Effect: Dash,,
1003245,Spellstone [{Param1}],Usar Dash concede {Param2} por um período.,Grant Invisibility Effect: Dash,Invisibility Effect,
1003254,Spellstone [{Param1}],Dash causa dano a inimigos próximos e pode empurrá-los.,Gale: Dash,,
1003255,Spellstone [{Param1}],Dash causa dano a inimigos próximos e pode empurrá-los.,Gale: Dash,,
1003264,Spellstone [{Param1}],Dash causa dano a inimigos próximos e pode atordoá-los.,Blast: Dash,,
1003265,Spellstone [{Param1}],Dash causa dano a inimigos próximos e pode atordoá-los.,Blast: Dash,,
1101001,Skillbook [{Param1}],Permite aprender a habilidade ativa [{Param1}].,Storm Slash: Warrior,,
1101011,Skillbook [{Param1}],Permite aprender a habilidade ativa [{Param1}].,Earth Tremor: Warrior,,
1101021,Skillbook [{Param1}],Permite aprender a habilidade ativa [{Param1}].,Earth Smash: Warrior,,
1101031,Skillbook [{Param1}],Permite aprender a habilidade ativa [{Param1}].,Combat Preparation: Warrior,,
1101041,Skillbook [{Param1}],Permite aprender a habilidade ativa [{Param1}].,Protection Strike: Warrior,,
1101101,Skillbook [{Param1}],Permite aprender a habilidade ativa [{Param1}].,Blade Surge: Warrior,,
1101111,Skillbook [{Param1}],Permite aprender a habilidade ativa [{Param1}].,Concentration: Warrior,,
1101121,Skillbook [{Param1}],Permite aprender a habilidade ativa [{Param1}].,Unleash Rage: Warrior,,
1101201,Skillbook [{Param1}],Permite aprender a habilidade ativa [{Param1}].,Blade of Rupture: Warrior,,
1101211,Skillbook [{Param1}],Permite aprender a habilidade ativa [{Param1}].,Physical Enhancement: Warrior,,
1101251,Skillbook [{Param1}],Permite aprender a habilidade ativa [{Param1}].,Declare Combat: Warrior,,
1101261,Skillbook [{Param1}],Permite aprender a habilidade ativa [{Param1}].,Sword's Brand: Warrior,,
1101301,Skillbook [{Param1}],Permite aprender a habilidade ativa [{Param1}].,Ruin: Warrior,,
1101311,Skillbook [{Param1}],Permite aprender a habilidade ativa [{Param1}].,Ironclad Rage: Warrior,,
1101351,Skillbook [{Param1}],Permite aprender a habilidade ativa [{Param1}].,Chain Bind: Warrior,,
1101361,Skillbook [{Param1}],Permite aprender a habilidade ativa [{Param1}].,Leap Slash: Warrior,,
1101401,Skillbook [{Param1}],Permite aprender a habilidade ativa [{Param1}].,Multi Trajectory: Warrior,,
1101411,Skillbook [{Param1}],Permite aprender a habilidade ativa [{Param1}].,Fighting Spirit of the Overlord: Warrior,,
1101451,Skillbook [{Param1}],Permite aprender a habilidade ativa [{Param1}].,Roar of the Blade: Warrior,,
1101461,Skillbook [{Param1}],Permite aprender a habilidade ativa [{Param1}].,Protection of Steel: Warrior,,
1102001,Skillbook [{Param1}],Permite aprender a habilidade ativa [{Param1}].,Mana Bolt: Mage,,
1102011,Skillbook [{Param1}],Permite aprender a habilidade ativa [{Param1}].,Spatial Explosion: Mage,,
1102021,Skillbook [{Param1}],Permite aprender a habilidade ativa [{Param1}].,Flash: Mage,,
1102031,Skillbook [{Param1}],Permite aprender a habilidade ativa [{Param1}].,Combat Preparation: Mage,,
1102041,Skillbook [{Param1}],Permite aprender a habilidade ativa [{Param1}].,Mana Reverse: Mage,,
1102101,Skillbook [{Param1}],Permite aprender a habilidade ativa [{Param1}].,Mana Sigil: Mage,,
1102111,Skillbook [{Param1}],Permite aprender a habilidade ativa [{Param1}].,Concentration: Mage,,
1102121,Skillbook [{Param1}],Permite aprender a habilidade ativa [{Param1}].,Ice Spike: Mage,,
1102201,Skillbook [{Param1}],Permite aprender a habilidade ativa [{Param1}].,Hellfire: Mage,,
1102211,Skillbook [{Param1}],Permite aprender a habilidade ativa [{Param1}].,Physical Enhancement: Mage,,
1102251,Skillbook [{Param1}],Permite aprender a habilidade ativa [{Param1}].,Mana Shield: Mage,,
1102261,Skillbook [{Param1}],Permite aprender a habilidade ativa [{Param1}].,Mana Circulation: Mage,,
1102301,Skillbook [{Param1}],Permite aprender a habilidade ativa [{Param1}].,Spatial Compression: Mage,,
1102311,Skillbook [{Param1}],Permite aprender a habilidade ativa [{Param1}].,High-Density Mana: Mage,,
1102351,Skillbook [{Param1}],Permite aprender a habilidade ativa [{Param1}].,Ice Pillar: Mage,,
1102361,Skillbook [{Param1}],Permite aprender a habilidade ativa [{Param1}].,Grace: Mage,,
1102401,Skillbook [{Param1}],Permite aprender a habilidade ativa [{Param1}].,Frost Hell: Mage,,
1102411,Skillbook [{Param1}],Permite aprender a habilidade ativa [{Param1}].,Eternal Wisdom: Mage,,
1102451,Skillbook [{Param1}],Permite aprender a habilidade ativa [{Param1}].,Cradle of Mana: Mage,,
1102461,Skillbook [{Param1}],Permite aprender a habilidade ativa [{Param1}].,Element Overload: Mage,,
1103001,Skillbook [{Param1}],Permite aprender a habilidade ativa [{Param1}].,Tidal Smite: Battle Priest,,
1103011,Skillbook [{Param1}],Permite aprender a habilidade ativa [{Param1}].,Chain Freeze: Battle Priest,,
1103021,Skillbook [{Param1}],Permite aprender a habilidade ativa [{Param1}].,Discharge: Battle Priest,,
1103031,Skillbook [{Param1}],Permite aprender a habilidade ativa [{Param1}].,Combat Preparation: Battle Priest,,
1103041,Skillbook [{Param1}],Permite aprender a habilidade ativa [{Param1}].,Circulating Aura: Battle Priest,,
1103101,Skillbook [{Param1}],Permite aprender a habilidade ativa [{Param1}].,Twisted Torrent: Battle Priest,,
1103111,Skillbook [{Param1}],Permite aprender a habilidade ativa [{Param1}].,Concentration: Battle Priest,,
1103121,Skillbook [{Param1}],Permite aprender a habilidade ativa [{Param1}].,Explosive Torrent: Battle Priest,,
1103201,Skillbook [{Param1}],Permite aprender a habilidade ativa [{Param1}].,Wind Surge: Battle Priest,,
1103211,Skillbook [{Param1}],Permite aprender a habilidade ativa [{Param1}].,Physical Enhancement: Battle Priest,,
1103251,Skillbook [{Param1}],Permite aprender a habilidade ativa [{Param1}].,Heal: Battle Priest,,
1103261,Skillbook [{Param1}],Permite aprender a habilidade ativa [{Param1}].,Purify: Battle Priest,,
1103301,Skillbook [{Param1}],Permite aprender a habilidade ativa [{Param1}].,Twisted Fate: Battle Priest,,
1103311,Skillbook [{Param1}],Permite aprender a habilidade ativa [{Param1}].,Force of Nature: Battle Priest,,
1103351,Skillbook [{Param1}],Permite aprender a habilidade ativa [{Param1}].,Salvation: Battle Priest,,
1103361,Skillbook [{Param1}],Permite aprender a habilidade ativa [{Param1}].,Focused Healing: Battle Priest,,
1103401,Skillbook [{Param1}],Permite aprender a habilidade ativa [{Param1}].,Abyssal Spring: Battle Priest,,
1103411,Skillbook [{Param1}],Permite aprender a habilidade ativa [{Param1}].,Breath of the Judge: Battle Priest,,
1103451,Skillbook [{Param1}],Permite aprender a habilidade ativa [{Param1}].,Divine Breath: Battle Priest,,
1103461,Skillbook [{Param1}],Permite aprender a habilidade ativa [{Param1}].,Baptism of Light: Battle Priest,,
1104001,Skillbook [{Param1}],Permite aprender a habilidade ativa [{Param1}].,Split Heart: Assassin,,
1104011,Skillbook [{Param1}],Permite aprender a habilidade ativa [{Param1}].,Execution: Assassin,,
1104021,Skillbook [{Param1}],Permite aprender a habilidade ativa [{Param1}].,Spinning Blade: Assassin,,
1104031,Skillbook [{Param1}],Permite aprender a habilidade ativa [{Param1}].,Combat Preparation: Assassin,,
1104041,Skillbook [{Param1}],Permite aprender a habilidade ativa [{Param1}].,Vertical Slash: Assassin,,
1104101,Skillbook [{Param1}],Permite aprender a habilidade ativa [{Param1}].,Shadow Surge: Assassin,,
1104111,Skillbook [{Param1}],Permite aprender a habilidade ativa [{Param1}].,Concentration: Assassin,,
1104121,Skillbook [{Param1}],Permite aprender a habilidade ativa [{Param1}].,Sand Toss: Assassin,,
1104201,Skillbook [{Param1}],Permite aprender a habilidade ativa [{Param1}].,Poison Mist: Assassin,,
1104211,Skillbook [{Param1}],Permite aprender a habilidade ativa [{Param1}].,Physical Enhancement: Assassin,,
1104251,Skillbook [{Param1}],Permite aprender a habilidade ativa [{Param1}].,Flying Dagger: Assassin,,
1104261,Skillbook [{Param1}],Permite aprender a habilidade ativa [{Param1}].,Hunt Begins: Assassin,,
1104301,Skillbook [{Param1}],Permite aprender a habilidade ativa [{Param1}].,Assault: Assassin,,
1104311,Skillbook [{Param1}],Permite aprender a habilidade ativa [{Param1}].,Path of the Assassin: Assassin,,
1104351,Skillbook [{Param1}],Permite aprender a habilidade ativa [{Param1}].,Stealth: Assassin,,
1104361,Skillbook [{Param1}],Permite aprender a habilidade ativa [{Param1}].,Annihilation: Assassin,,
1104401,Skillbook [{Param1}],Permite aprender a habilidade ativa [{Param1}].,Afterimage Flurry: Assassin,,
1104411,Skillbook [{Param1}],Permite aprender a habilidade ativa [{Param1}].,Glare of Malice: Assassin,,
1104451,Skillbook [{Param1}],Permite aprender a habilidade ativa [{Param1}].,Shadow Mist: Assassin,,
1104461,Skillbook [{Param1}],Permite aprender a habilidade ativa [{Param1}].,Concentrated Malice: Assassin,,
1105001,Skillbook [{Param1}],Permite aprender a habilidade ativa [{Param1}].,Gale Shot: Hunter,,
1105011,Skillbook [{Param1}],Permite aprender a habilidade ativa [{Param1}].,Suppression Arrow: Hunter,,
1105021,Skillbook [{Param1}],Permite aprender a habilidade ativa [{Param1}].,Volley: Hunter,,
1105031,Skillbook [{Param1}],Permite aprender a habilidade ativa [{Param1}].,Combat Preparation: Hunter,,
1105041,Skillbook [{Param1}],Permite aprender a habilidade ativa [{Param1}].,Explosive Arrow: Hunter,,
1105101,Skillbook [{Param1}],Permite aprender a habilidade ativa [{Param1}].,Rapid Fire: Hunter,,
1105111,Skillbook [{Param1}],Permite aprender a habilidade ativa [{Param1}].,Concentration: Hunter,,
1105121,Skillbook [{Param1}],Permite aprender a habilidade ativa [{Param1}].,Multi-Arrow: Hunter,,
1105201,Skillbook [{Param1}],Permite aprender a habilidade ativa [{Param1}].,Arrow Rain: Hunter,,
1105211,Skillbook [{Param1}],Permite aprender a habilidade ativa [{Param1}].,Physical Enhancement: Hunter,,
1105251,Skillbook [{Param1}],Permite aprender a habilidade ativa [{Param1}].,Tracking Arrow: Hunter,,
1105271,Skillbook [{Param1}],Permite aprender a habilidade ativa [{Param1}].,Weakness Detection: Hunter,,
1105301,Skillbook [{Param1}],Permite aprender a habilidade ativa [{Param1}].,Soul Arrow: Hunter,,
1105311,Skillbook [{Param1}],Permite aprender a habilidade ativa [{Param1}].,Hunting Instinct: Hunter,,
1105351,Skillbook [{Param1}],Permite aprender a habilidade ativa [{Param1}].,Shadow Trap: Hunter,,
1105361,Skillbook [{Param1}],Permite aprender a habilidade ativa [{Param1}].,Combat Unleashed: Hunter,,
1105401,Skillbook [{Param1}],Permite aprender a habilidade ativa [{Param1}].,Chain Shackles: Hunter,,
1105411,Skillbook [{Param1}],Permite aprender a habilidade ativa [{Param1}].,Master Archer’s Gaze: Hunter,,
1105451,Skillbook [{Param1}],Permite aprender a habilidade ativa [{Param1}].,Wind Snare: Hunter,,
1105461,Skillbook [{Param1}],Permite aprender a habilidade ativa [{Param1}].,Ruler’s Gaze: Hunter,,
1120100,Elixir [{Param1}],Desbloqueia a habilidade passiva [{Param1}].,Basic Combat: Shared,,
1120101,Elixir [{Param1}],Desbloqueia a habilidade passiva [{Param1}].,Defensive Stance: Shared,,
1120102,Elixir [{Param1}],Desbloqueia a habilidade passiva [{Param1}].,Strike Preparation: Shared,,
1120200,Elixir [{Param1}],Desbloqueia a habilidade passiva [{Param1}].,Precise Aim: Shared,,
1120201,Elixir [{Param1}],Desbloqueia a habilidade passiva [{Param1}].,Sharp Intuition: Shared,,
1120300,Elixir [{Param1}],Desbloqueia a habilidade passiva [{Param1}].,Power of Combat: Shared,,
1120301,Elixir [{Param1}],Desbloqueia a habilidade passiva [{Param1}].,Heavy Strike: Shared,,
1120302,Elixir [{Param1}],Desbloqueia a habilidade passiva [{Param1}].,HP Enhancement: Shared,,
1120400,Elixir [{Param1}],Desbloqueia a habilidade passiva [{Param1}].,Flow of the Battlefield: Shared,,
1120401,Elixir [{Param1}],Desbloqueia a habilidade passiva [{Param1}].,Focused Breathing: Shared,,
1120402,Elixir [{Param1}],Desbloqueia a habilidade passiva [{Param1}].,Indomitable Body: Shared,,
1120500,Elixir [{Param1}],Desbloqueia a habilidade passiva [{Param1}].,Heroic Aura: Shared,,
1120501,Elixir [{Param1}],Desbloqueia a habilidade passiva [{Param1}].,Gale Resolve: Shared,,
1120502,Elixir [{Param1}],Desbloqueia a habilidade passiva [{Param1}].,Deathless Flesh: Shared,,
1121140,Elixir [{Param1}],Desbloqueia a habilidade passiva [{Param1}].,Swordsmanship Training,,
1121240,Elixir [{Param1}],Desbloqueia a habilidade passiva [{Param1}].,Greatsword Enhancement,,
1121340,Elixir [{Param1}],Desbloqueia a habilidade passiva [{Param1}].,Combat Will: Warrior,,
1121341,Elixir [{Param1}],Desbloqueia a habilidade passiva [{Param1}].,Ferocious Rage,,
1121440,Elixir [{Param1}],Desbloqueia a habilidade passiva [{Param1}].,Warrior's Aura,,
1121441,Elixir [{Param1}],Desbloqueia a habilidade passiva [{Param1}].,Steel Rage,,
1121443,Elixir [{Param1}],Desbloqueia a habilidade passiva [{Param1}].,Blazing Fury,,
1121540,Elixir [{Param1}],Desbloqueia a habilidade passiva [{Param1}].,Sword of Destruction,,
1121170,Elixir [{Param1}],Desbloqueia a habilidade passiva [{Param1}].,Combat Instinct: Warrior,,
1121270,Elixir [{Param1}],Desbloqueia a habilidade passiva [{Param1}].,Strong Will,,
1121370,Elixir [{Param1}],Desbloqueia a habilidade passiva [{Param1}].,Honorable Combat,,
1121371,Elixir [{Param1}],Desbloqueia a habilidade passiva [{Param1}].,Steel Heart,,
1121470,Elixir [{Param1}],Desbloqueia a habilidade passiva [{Param1}].,Domination of Rage,,
1121471,Elixir [{Param1}],Desbloqueia a habilidade passiva [{Param1}].,Earth's Blessing,,
1121473,Elixir [{Param1}],Desbloqueia a habilidade passiva [{Param1}].,Tenacious Combat,,
1121570,Elixir [{Param1}],Desbloqueia a habilidade passiva [{Param1}].,Ironclad Protection,,
1121572,Elixir [{Param1}],Desbloqueia a habilidade passiva [{Param1}].,Battle-Hardened Courage,,
1122140,Elixir [{Param1}],Desbloqueia a habilidade passiva [{Param1}].,Mana Training,,
1122240,Elixir [{Param1}],Desbloqueia a habilidade passiva [{Param1}].,Staff Enhancement,,
1122340,Elixir [{Param1}],Desbloqueia a habilidade passiva [{Param1}].,Combat Will: Mage,,
1122341,Elixir [{Param1}],Desbloqueia a habilidade passiva [{Param1}].,Primeval Magic,,
1122440,Elixir [{Param1}],Desbloqueia a habilidade passiva [{Param1}].,Mage's Aura,,
1122441,Elixir [{Param1}],Desbloqueia a habilidade passiva [{Param1}].,Mind Blast,,
1122443,Elixir [{Param1}],Desbloqueia a habilidade passiva [{Param1}].,Frozen Flame,,
1122540,Elixir [{Param1}],Desbloqueia a habilidade passiva [{Param1}].,Burning Heart,,
1122170,Elixir [{Param1}],Desbloqueia a habilidade passiva [{Param1}].,Combat Instinct: Mage,,
1122270,Elixir [{Param1}],Desbloqueia a habilidade passiva [{Param1}].,Will of Mana,,
1122370,Elixir [{Param1}],Desbloqueia a habilidade passiva [{Param1}].,Magic Focus,,
1122371,Elixir [{Param1}],Desbloqueia a habilidade passiva [{Param1}].,Mana Amplification,,
1122470,Elixir [{Param1}],Desbloqueia a habilidade passiva [{Param1}].,Mana Armor,,
1122471,Elixir [{Param1}],Desbloqueia a habilidade passiva [{Param1}].,Foresight,,
1122474,Elixir [{Param1}],Desbloqueia a habilidade passiva [{Param1}].,Spell Acceleration,,
1122570,Elixir [{Param1}],Desbloqueia a habilidade passiva [{Param1}].,Eye of the Battlefield,,
1122572,Elixir [{Param1}],Desbloqueia a habilidade passiva [{Param1}].,Mana Erosion,,
1123140,Elixir [{Param1}],Desbloqueia a habilidade passiva [{Param1}].,Divine Training,,
1123240,Elixir [{Param1}],Desbloqueia a habilidade passiva [{Param1}].,Orb Enhancement,,
1123340,Elixir [{Param1}],Desbloqueia a habilidade passiva [{Param1}].,Combat Will: Battle Priest,,
1123341,Elixir [{Param1}],Desbloqueia a habilidade passiva [{Param1}].,Inner Vision,,
1123440,Elixir [{Param1}],Desbloqueia a habilidade passiva [{Param1}].,Battle Priest's Aura,,
1123441,Elixir [{Param1}],Desbloqueia a habilidade passiva [{Param1}].,Holy Radiance,,
1123443,Elixir [{Param1}],Desbloqueia a habilidade passiva [{Param1}].,Frozen Miasma,,
1123540,Elixir [{Param1}],Desbloqueia a habilidade passiva [{Param1}].,Divine Judgment,,
1123170,Elixir [{Param1}],Desbloqueia a habilidade passiva [{Param1}].,Combat Instinct: Battle Priest,,
1123270,Elixir [{Param1}],Desbloqueia a habilidade passiva [{Param1}].,Will of Nature,,
1123370,Elixir [{Param1}],Desbloqueia a habilidade passiva [{Param1}].,Recovery Shield,,
1123371,Elixir [{Param1}],Desbloqueia a habilidade passiva [{Param1}].,Healing Suppression,,
1123470,Elixir [{Param1}],Desbloqueia a habilidade passiva [{Param1}].,Combat Blessing,,
1123471,Elixir [{Param1}],Desbloqueia a habilidade passiva [{Param1}].,Regroup,,
1123473,Elixir [{Param1}],Desbloqueia a habilidade passiva [{Param1}].,Divine Suppression,,
1123570,Elixir [{Param1}],Desbloqueia a habilidade passiva [{Param1}].,Sanctuary,,
1123572,Elixir [{Param1}],Desbloqueia a habilidade passiva [{Param1}].,Holy Blessing,,
1124140,Elixir [{Param1}],Desbloqueia a habilidade passiva [{Param1}].,Assassination Training,,
1124240,Elixir [{Param1}],Desbloqueia a habilidade passiva [{Param1}].,Dagger Enhancement,,
1124340,Elixir [{Param1}],Desbloqueia a habilidade passiva [{Param1}].,Combat Will: Assassin,,
1124341,Elixir [{Param1}],Desbloqueia a habilidade passiva [{Param1}].,Shadow Discipline,,
1124440,Elixir [{Param1}],Desbloqueia a habilidade passiva [{Param1}].,Assassin's Aura,,
1124441,Elixir [{Param1}],Desbloqueia a habilidade passiva [{Param1}].,Shadow Blade,,
1124443,Elixir [{Param1}],Desbloqueia a habilidade passiva [{Param1}].,Cruel Imprint,,
1124540,Elixir [{Param1}],Desbloqueia a habilidade passiva [{Param1}].,Assassin's Breath,,
1124170,Elixir [{Param1}],Desbloqueia a habilidade passiva [{Param1}].,Combat Instinct: Assassin,,
1124270,Elixir [{Param1}],Desbloqueia a habilidade passiva [{Param1}].,Will of Darkness,,
1124370,Elixir [{Param1}],Desbloqueia a habilidade passiva [{Param1}].,Echo of Blood,,
1124371,Elixir [{Param1}],Desbloqueia a habilidade passiva [{Param1}].,Dark Focus,,
1124470,Elixir [{Param1}],Desbloqueia a habilidade passiva [{Param1}].,Blood Aura,,
1124471,Elixir [{Param1}],Desbloqueia a habilidade passiva [{Param1}].,Dark Amplification,,
1124472,Elixir [{Param1}],Desbloqueia a habilidade passiva [{Param1}].,Shadow Instinct,,
1124570,Elixir [{Param1}],Desbloqueia a habilidade passiva [{Param1}].,Judgment,,
1124572,Elixir [{Param1}],Desbloqueia a habilidade passiva [{Param1}].,Cruel Instinct,,
1125140,Elixir [{Param1}],Desbloqueia a habilidade passiva [{Param1}].,Archery Training,,
1125240,Elixir [{Param1}],Desbloqueia a habilidade passiva [{Param1}].,Longbow Enhancement,,
1125340,Elixir [{Param1}],Desbloqueia a habilidade passiva [{Param1}].,Combat Will: Hunter,,
1125341,Elixir [{Param1}],Desbloqueia a habilidade passiva [{Param1}].,Gale Arrow,,
1125440,Elixir [{Param1}],Desbloqueia a habilidade passiva [{Param1}].,Hunter's Aura,,
1125441,Elixir [{Param1}],Desbloqueia a habilidade passiva [{Param1}].,Beast's Fang,,
1125443,Elixir [{Param1}],Desbloqueia a habilidade passiva [{Param1}].,Bloodstained Instinct,,
1125540,Elixir [{Param1}],Desbloqueia a habilidade passiva [{Param1}].,Perfect Stance,,
1125170,Elixir [{Param1}],Desbloqueia a habilidade passiva [{Param1}].,Combat Instinct: Hunter,,
1125270,Elixir [{Param1}],Desbloqueia a habilidade passiva [{Param1}].,Arrow’s Will,,
1125370,Elixir [{Param1}],Desbloqueia a habilidade passiva [{Param1}].,Hunting Prowess,,
1125371,Elixir [{Param1}],Desbloqueia a habilidade passiva [{Param1}].,Beast Instinct,,
1125470,Elixir [{Param1}],Desbloqueia a habilidade passiva [{Param1}].,Hunting Essence,,
1125471,Elixir [{Param1}],Desbloqueia a habilidade passiva [{Param1}].,Defense Break,,
1125472,Elixir [{Param1}],Desbloqueia a habilidade passiva [{Param1}].,Weakness Hunting,,
1125570,Elixir [{Param1}],Desbloqueia a habilidade passiva [{Param1}].,Ashen Arrow,,
1125572,Elixir [{Param1}],Desbloqueia a habilidade passiva [{Param1}].,Venom Tracker,,
1401101,Spellstone [{Param1}],Spellstone que pode ser vinculada a [{Param3}] das habilidades ativas de {Param2}.,Blade Surge: Warrior,Blade Surge,Warrior
1401111,Spellstone [{Param1}],Spellstone que pode ser vinculada a [{Param3}] das habilidades ativas de {Param2}.,Concentration: Warrior,Concentration,Warrior
1401121,Spellstone [{Param1}],Spellstone que pode ser vinculada a [{Param3}] das habilidades ativas de {Param2}.,Unleash Rage: Warrior,Unleash Rage,Warrior
1401201,Spellstone [{Param1}],Spellstone que pode ser vinculada a [{Param3}] das habilidades ativas de {Param2}.,Blade of Rupture: Warrior,Blade of Rupture,Warrior
1401211,Spellstone [{Param1}],Spellstone que pode ser vinculada a [{Param3}] das habilidades ativas de {Param2}.,Physical Enhancement: Warrior,Physical Enhancement,Warrior
1401251,Spellstone [{Param1}],Spellstone que pode ser vinculada a [{Param3}] das habilidades ativas de {Param2}.,Combat Declaration: Warrior,Combat Declaration,Warrior
1401261,Spellstone [{Param1}],Spellstone que pode ser vinculada a [{Param3}] das habilidades ativas de {Param2}.,Sword's Brand: Warrior,Sword's Brand,Warrior
1401301,Spellstone [{Param1}],Spellstone que pode ser vinculada a [{Param3}] das habilidades ativas de {Param2}.,Ruin: Warrior,Ruin,Warrior
1401311,Spellstone [{Param1}],Spellstone que pode ser vinculada a [{Param3}] das habilidades ativas de {Param2}.,Ironclad Rage: Warrior,Ironclad Rage,Warrior
1401351,Spellstone [{Param1}],Spellstone que pode ser vinculada a [{Param3}] das habilidades ativas de {Param2}.,Chain Bind: Warrior,Chain Bind,Warrior
1401361,Spellstone [{Param1}],Spellstone que pode ser vinculada a [{Param3}] das habilidades ativas de {Param2}.,Leap Slash: Warrior,Leap Slash,Warrior
1401401,Spellstone [{Param1}],Spellstone que pode ser vinculada a [{Param3}] das habilidades ativas de {Param2}.,Multi Trajectory: Warrior,Multi Trajectory,Warrior
1401411,Spellstone [{Param1}],Spellstone que pode ser vinculada a [{Param3}] das habilidades ativas de {Param2}.,Fighting Spirit of the Overlord: Warrior,Fighting Spirit of the Overlord,Warrior
1401451,Spellstone [{Param1}],Spellstone que pode ser vinculada a [{Param3}] das habilidades ativas de {Param2}.,Roar of the Blade: Warrior,Roar of the Sword,Warrior
1401461,Spellstone [{Param1}],Spellstone que pode ser vinculada a [{Param3}] das habilidades ativas de {Param2}.,Protection of Steel: Warrior,Protection of Steel,Warrior
1402101,Spellstone [{Param1}],Spellstone que pode ser vinculada a [{Param3}] das habilidades ativas de {Param2}.,Mana Sigil: Mage,Mana Sigil,Mage
1402111,Spellstone [{Param1}],Spellstone que pode ser vinculada a [{Param3}] das habilidades ativas de {Param2}.,Concentration: Mage,Concentration,Mage
1402121,Spellstone [{Param1}],Spellstone que pode ser vinculada a [{Param3}] das habilidades ativas de {Param2}.,Ice Spike: Mage,Ice Spike,Mage
1402201,Spellstone [{Param1}],Spellstone que pode ser vinculada a [{Param3}] das habilidades ativas de {Param2}.,Hellfire: Mage,Hellfire,Mage
1402211,Spellstone [{Param1}],Spellstone que pode ser vinculada a [{Param3}] das habilidades ativas de {Param2}.,Physical Enhancement: Mage,Physical Enhancement,Mage
1402251,Spellstone [{Param1}],Spellstone que pode ser vinculada a [{Param3}] das habilidades ativas de {Param2}.,Mana Shield: Mage,Mana Shield,Mage
1402261,Spellstone [{Param1}],Spellstone que pode ser vinculada a [{Param3}] das habilidades ativas de {Param2}.,Mana Circulation: Mage,Mana Circulation,Mage
1402301,Spellstone [{Param1}],Spellstone que pode ser vinculada a [{Param3}] das habilidades ativas de {Param2}.,Spatial Compression: Mage,Spatial Compression,Mage
1402311,Spellstone [{Param1}],Spellstone que pode ser vinculada a [{Param3}] das habilidades ativas de {Param2}.,High-Density Mana: Mage,High-Density Mana,Mage
1402351,Spellstone [{Param1}],Spellstone que pode ser vinculada a [{Param3}] das habilidades ativas de {Param2}.,Ice Pillar: Mage,Ice Pillar,Mage
1402361,Spellstone [{Param1}],Spellstone que pode ser vinculada a [{Param3}] das habilidades ativas de {Param2}.,Blessing: Mage,Blessing,Mage
1402401,Spellstone [{Param1}],Spellstone que pode ser vinculada a [{Param3}] das habilidades ativas de {Param2}.,Frost Hell: Mage,Frost Hell,Mage
1402411,Spellstone [{Param1}],Spellstone que pode ser vinculada a [{Param3}] das habilidades ativas de {Param2}.,Eternal Wisdom: Mage,Eternal Wisdom,Mage
1402451,Spellstone [{Param1}],Spellstone que pode ser vinculada a [{Param3}] das habilidades ativas de {Param2}.,Cradle of Mana: Mage,Cradle of Mana,Mage
1402461,Spellstone [{Param1}],Spellstone que pode ser vinculada a [{Param3}] das habilidades ativas de {Param2}.,Element Overload: Mage,Element Overload,Mage
1403101,Spellstone [{Param1}],Spellstone que pode ser vinculada a [{Param3}] das habilidades ativas de {Param2}.,Twisted Torrent: Battle Priest,Twisted Torrent,Battle Priest
1403111,Spellstone [{Param1}],Spellstone que pode ser vinculada a [{Param3}] das habilidades ativas de {Param2}.,Concentration: Battle Priest,Concentration,Battle Priest
1403121,Spellstone [{Param1}],Spellstone que pode ser vinculada a [{Param3}] das habilidades ativas de {Param2}.,Explosive Torrent: Battle Priest,Explosive Torrent,Battle Priest
1403201,Spellstone [{Param1}],Spellstone que pode ser vinculada a [{Param3}] das habilidades ativas de {Param2}.,Wind Surge: Battle Priest,Wind Surge,Battle Priest
1403211,Spellstone [{Param1}],Spellstone que pode ser vinculada a [{Param3}] das habilidades ativas de {Param2}.,Physical Enhancement: Battle Priest,Physical Enhancement,Battle Priest
1403251,Spellstone [{Param1}],Spellstone que pode ser vinculada a [{Param3}] das habilidades ativas de {Param2}.,Healing: Battle Priest,Healing,Battle Priest
1403261,Spellstone [{Param1}],Spellstone que pode ser vinculada a [{Param3}] das habilidades ativas de {Param2}.,Purify: Battle Priest,Purify,Battle Priest
1403301,Spellstone [{Param1}],Spellstone que pode ser vinculada a [{Param3}] das habilidades ativas de {Param2}.,Twisted Fate: Battle Priest,Twisted Fate,Battle Priest
1403311,Spellstone [{Param1}],Spellstone que pode ser vinculada a [{Param3}] das habilidades ativas de {Param2}.,Force of Nature: Battle Priest,Force of Nature,Battle Priest
1403351,Spellstone [{Param1}],Spellstone que pode ser vinculada a [{Param3}] das habilidades ativas de {Param2}.,Salvation: Battle Priest,Salvation,Battle Priest
1403361,Spellstone [{Param1}],Spellstone que pode ser vinculada a [{Param3}] das habilidades ativas de {Param2}.,Focused Healing: Battle Priest,Focused Healing,Battle Priest
1403401,Spellstone [{Param1}],Spellstone que pode ser vinculada a [{Param3}] das habilidades ativas de {Param2}.,Abyssal Spring: Battle Priest,Abyssal Spring,Battle Priest
1403411,Spellstone [{Param1}],Spellstone que pode ser vinculada a [{Param3}] das habilidades ativas de {Param2}.,Breath of the Judge: Battle Priest,Breath of the Judge,Battle Priest
1403451,Spellstone [{Param1}],Spellstone que pode ser vinculada a [{Param3}] das habilidades ativas de {Param2}.,Divine Breath: Battle Priest,Divine Breath,Battle Priest
1403461,Spellstone [{Param1}],Spellstone que pode ser vinculada a [{Param3}] das habilidades ativas de {Param2}.,Baptism of Light: Battle Priest,Baptism of Light,Battle Priest
1404101,Spellstone [{Param1}],Spellstone que pode ser vinculada a [{Param3}] das habilidades ativas de {Param2}.,Shadow Surge: Assassin,Shadow Surge,Assassin
1404111,Spellstone [{Param1}],Spellstone que pode ser vinculada a [{Param3}] das habilidades ativas de {Param2}.,Concentration: Assassin,Concentration,Assassin
1404121,Spellstone [{Param1}],Spellstone que pode ser vinculada a [{Param3}] das habilidades ativas de {Param2}.,Sand Toss: Assassin,Sand Toss,Assassin
1404201,Spellstone [{Param1}],Spellstone que pode ser vinculada a [{Param3}] das habilidades ativas de {Param2}.,Poison Mist: Assassin,Poison Mist,Assassin
1404211,Spellstone [{Param1}],Spellstone que pode ser vinculada a [{Param3}] das habilidades ativas de {Param2}.,Physical Enhancement: Assassin,Physical Enhancement,Assassin
1404251,Spellstone [{Param1}],Spellstone que pode ser vinculada a [{Param3}] das habilidades ativas de {Param2}.,Flying Dagger: Assassin,Flying Dagger,Assassin
1404261,Spellstone [{Param1}],Spellstone que pode ser vinculada a [{Param3}] das habilidades ativas de {Param2}.,Hunt Begins: Assassin,Hunt Begins,Assassin
1404301,Spellstone [{Param1}],Spellstone que pode ser vinculada a [{Param3}] das habilidades ativas de {Param2}.,Assault: Assassin,Assault,Assassin
1404311,Spellstone [{Param1}],Spellstone que pode ser vinculada a [{Param3}] das habilidades ativas de {Param2}.,Path of the Assassin: Assassin,Path of the Assassin,Assassin
1404351,Spellstone [{Param1}],Spellstone que pode ser vinculada a [{Param3}] das habilidades ativas de {Param2}.,Stealth: Assassin,Stealth,Assassin
1404361,Spellstone [{Param1}],Spellstone que pode ser vinculada a [{Param3}] das habilidades ativas de {Param2}.,Annihilation: Assassin,Annihilation,Assassin
1404401,Spellstone [{Param1}],Spellstone que pode ser vinculada a [{Param3}] das habilidades ativas de {Param2}.,Afterimage Flurry: Assassin,Afterimage Flurry,Assassin
1404411,Spellstone [{Param1}],Spellstone que pode ser vinculada a [{Param3}] das habilidades ativas de {Param2}.,Glare of Malice: Assassin,Glare of Malice,Assassin
1404451,Spellstone [{Param1}],Spellstone que pode ser vinculada a [{Param3}] das habilidades ativas de {Param2}.,Shadow Mist: Assassin,Shadow Mist,Assassin
1404461,Spellstone [{Param1}],Spellstone que pode ser vinculada a [{Param3}] das habilidades ativas de {Param2}.,Concentrated Malice: Assassin,Concentrated Malice,Assassin
1405101,Spellstone [{Param1}],Spellstone que pode ser vinculada a [{Param3}] das habilidades ativas de {Param2}.,Rapid Fire: Hunter,Rapid Fire,Hunter
1405111,Spellstone [{Param1}],Spellstone que pode ser vinculada a [{Param3}] das habilidades ativas de {Param2}.,Concentration: Hunter,Concentration,Hunter
1405121,Spellstone [{Param1}],Spellstone que pode ser vinculada a [{Param3}] das habilidades ativas de {Param2}.,Multi-Arrow: Hunter,Multi-Arrow,Hunter
1405201,Spellstone [{Param1}],Spellstone que pode ser vinculada a [{Param3}] das habilidades ativas de {Param2}.,Arrow Rain: Hunter,Arrow Rain,Hunter
1405211,Spellstone [{Param1}],Spellstone que pode ser vinculada a [{Param3}] das habilidades ativas de {Param2}.,Physical Enhancement: Hunter,Physical Enhancement,Hunter
1405251,Spellstone [{Param1}],Spellstone que pode ser vinculada a [{Param3}] das habilidades ativas de {Param2}.,Tracking Arrow: Hunter,Tracking Arrow,Hunter
1405271,Spellstone [{Param1}],Spellstone que pode ser vinculada a [{Param3}] das habilidades ativas de {Param2}.,Weakness Detection: Hunter,Weakness Detection,Hunter
1405301,Spellstone [{Param1}],Spellstone que pode ser vinculada a [{Param3}] das habilidades ativas de {Param2}.,Soul Arrow: Hunter,Soul Arrow,Hunter
1405311,Spellstone [{Param1}],Spellstone que pode ser vinculada a [{Param3}] das habilidades ativas de {Param2}.,Hunting Instinct: Hunter,Hunting Instinct,Hunter
1405351,Spellstone [{Param1}],Spellstone que pode ser vinculada a [{Param3}] das habilidades ativas de {Param2}.,Shadow Trap: Hunter,Shadow Trap,Hunter
1405361,Spellstone [{Param1}],Spellstone que pode ser vinculada a [{Param3}] das habilidades ativas de {Param2}.,Combat Unleashed: Hunter,Combat Unleashed,Hunter
1405401,Spellstone [{Param1}],Spellstone que pode ser vinculada a [{Param3}] das habilidades ativas de {Param2}.,Chain Shackles: Hunter,Chain Shackles,Hunter
1405411,Spellstone [{Param1}],Spellstone que pode ser vinculada a [{Param3}] das habilidades ativas de {Param2}.,Master Archer’s Gaze: Hunter,Master Archer’s Gaze,Hunter
1405451,Spellstone [{Param1}],Spellstone que pode ser vinculada a [{Param3}] das habilidades ativas de {Param2}.,Wind Snare: Hunter,Wind Snare,Hunter
1405461,Spellstone [{Param1}],Spellstone que pode ser vinculada a [{Param3}] das habilidades ativas de {Param2}.,Ruler’s Gaze: Hunter,Ruler’s Gaze,Hunter
1501101,Spellstone [{Param1}],Spellstone que pode ser vinculada a [{Param3}] das habilidades ativas de {Param2}.,Blade Surge: Warrior,Blade Surge,Warrior
1501111,Spellstone [{Param1}],Spellstone que pode ser vinculada a [{Param3}] das habilidades ativas de {Param2}.,Concentration: Warrior,Concentration,Warrior
1501121,Spellstone [{Param1}],Spellstone que pode ser vinculada a [{Param3}] das habilidades ativas de {Param2}.,Unleash Rage: Warrior,Unleash Rage,Warrior
1501201,Spellstone [{Param1}],Spellstone que pode ser vinculada a [{Param3}] das habilidades ativas de {Param2}.,Blade of Rupture: Warrior,Blade of Rupture,Warrior
1501211,Spellstone [{Param1}],Spellstone que pode ser vinculada a [{Param3}] das habilidades ativas de {Param2}.,Physical Enhancement: Warrior,Physical Enhancement,Warrior
1501251,Spellstone [{Param1}],Spellstone que pode ser vinculada a [{Param3}] das habilidades ativas de {Param2}.,Combat Declaration: Warrior,Combat Declaration,Warrior
1501261,Spellstone [{Param1}],Spellstone que pode ser vinculada a [{Param3}] das habilidades ativas de {Param2}.,Sword's Brand: Warrior,Sword's Brand,Warrior
1501301,Spellstone [{Param1}],Spellstone que pode ser vinculada a [{Param3}] das habilidades ativas de {Param2}.,Ruin: Warrior,Ruin,Warrior
1501311,Spellstone [{Param1}],Spellstone que pode ser vinculada a [{Param3}] das habilidades ativas de {Param2}.,Ironclad Rage: Warrior,Ironclad Rage,Warrior
1501351,Spellstone [{Param1}],Spellstone que pode ser vinculada a [{Param3}] das habilidades ativas de {Param2}.,Chain Bind: Warrior,Chain Bind,Warrior
1501361,Spellstone [{Param1}],Spellstone que pode ser vinculada a [{Param3}] das habilidades ativas de {Param2}.,Leap Slash: Warrior,Leap Slash,Warrior
1501401,Spellstone [{Param1}],Spellstone que pode ser vinculada a [{Param3}] das habilidades ativas de {Param2}.,Multi Trajectory: Warrior,Multi Trajectory,Warrior
1501411,Spellstone [{Param1}],Spellstone que pode ser vinculada a [{Param3}] das habilidades ativas de {Param2}.,Fighting Spirit of the Overlord: Warrior,Fighting Spirit of the Overlord,Warrior
1501451,Spellstone [{Param1}],Spellstone que pode ser vinculada a [{Param3}] das habilidades ativas de {Param2}.,Roar of the Blade: Warrior,Roar of the Sword,Warrior
1501461,Spellstone [{Param1}],Spellstone que pode ser vinculada a [{Param3}] das habilidades ativas de {Param2}.,Protection of Steel: Warrior,Protection of Steel,Warrior
1502101,Spellstone [{Param1}],Spellstone que pode ser vinculada a [{Param3}] das habilidades ativas de {Param2}.,Mana Sigil: Mage,Mana Sigil,Mage
1502111,Spellstone [{Param1}],Spellstone que pode ser vinculada a [{Param3}] das habilidades ativas de {Param2}.,Concentration: Mage,Concentration,Mage
1502121,Spellstone [{Param1}],Spellstone que pode ser vinculada a [{Param3}] das habilidades ativas de {Param2}.,Ice Spike: Mage,Ice Spike,Mage
1502201,Spellstone [{Param1}],Spellstone que pode ser vinculada a [{Param3}] das habilidades ativas de {Param2}.,Hellfire: Mage,Hellfire,Mage
1502211,Spellstone [{Param1}],Spellstone que pode ser vinculada a [{Param3}] das habilidades ativas de {Param2}.,Physical Enhancement: Mage,Physical Enhancement,Mage
1502251,Spellstone [{Param1}],Spellstone que pode ser vinculada a [{Param3}] das habilidades ativas de {Param2}.,Mana Shield: Mage,Mana Shield,Mage
1502261,Spellstone [{Param1}],Spellstone que pode ser vinculada a [{Param3}] das habilidades ativas de {Param2}.,Mana Circulation: Mage,Mana Circulation,Mage
1502301,Spellstone [{Param1}],Spellstone que pode ser vinculada a [{Param3}] das habilidades ativas de {Param2}.,Spatial Compression: Mage,Spatial Compression,Mage
1502311,Spellstone [{Param1}],Spellstone que pode ser vinculada a [{Param3}] das habilidades ativas de {Param2}.,High-Density Mana: Mage,High-Density Mana,Mage
1502351,Spellstone [{Param1}],Spellstone que pode ser vinculada a [{Param3}] das habilidades ativas de {Param2}.,Ice Pillar: Mage,Ice Pillar,Mage
1502361,Spellstone [{Param1}],Spellstone que pode ser vinculada a [{Param3}] das habilidades ativas de {Param2}.,Blessing: Mage,Blessing,Mage
1502401,Spellstone [{Param1}],Spellstone que pode ser vinculada a [{Param3}] das habilidades ativas de {Param2}.,Frost Hell: Mage,Frost Hell,Mage
1502411,Spellstone [{Param1}],Spellstone que pode ser vinculada a [{Param3}] das habilidades ativas de {Param2}.,Eternal Wisdom: Mage,Eternal Wisdom,Mage
1502451,Spellstone [{Param1}],Spellstone que pode ser vinculada a [{Param3}] das habilidades ativas de {Param2}.,Cradle of Mana: Mage,Cradle of Mana,Mage
1502461,Spellstone [{Param1}],Spellstone que pode ser vinculada a [{Param3}] das habilidades ativas de {Param2}.,Element Overload: Mage,Element Overload,Mage
1503101,Spellstone [{Param1}],Spellstone que pode ser vinculada a [{Param3}] das habilidades ativas de {Param2}.,Twisted Torrent: Battle Priest,Twisted Torrent,Battle Priest
1503111,Spellstone [{Param1}],Spellstone que pode ser vinculada a [{Param3}] das habilidades ativas de {Param2}.,Concentration: Battle Priest,Concentration,Battle Priest
1503121,Spellstone [{Param1}],Spellstone que pode ser vinculada a [{Param3}] das habilidades ativas de {Param2}.,Explosive Torrent: Battle Priest,Explosive Torrent,Battle Priest
1503201,Spellstone [{Param1}],Spellstone que pode ser vinculada a [{Param3}] das habilidades ativas de {Param2}.,Wind Surge: Battle Priest,Wind Surge,Battle Priest
1503211,Spellstone [{Param1}],Spellstone que pode ser vinculada a [{Param3}] das habilidades ativas de {Param2}.,Physical Enhancement: Battle Priest,Physical Enhancement,Battle Priest
1503251,Spellstone [{Param1}],Spellstone que pode ser vinculada a [{Param3}] das habilidades ativas de {Param2}.,Healing: Battle Priest,Healing,Battle Priest
1503261,Spellstone [{Param1}],Spellstone que pode ser vinculada a [{Param3}] das habilidades ativas de {Param2}.,Purify: Battle Priest,Purify,Battle Priest
1503301,Spellstone [{Param1}],Spellstone que pode ser vinculada a [{Param3}] das habilidades ativas de {Param2}.,Twisted Fate: Battle Priest,Twisted Fate,Battle Priest
1503311,Spellstone [{Param1}],Spellstone que pode ser vinculada a [{Param3}] das habilidades ativas de {Param2}.,Force of Nature: Battle Priest,Force of Nature,Battle Priest
1503351,Spellstone [{Param1}],Spellstone que pode ser vinculada a [{Param3}] das habilidades ativas de {Param2}.,Salvation: Battle Priest,Salvation,Battle Priest
1503361,Spellstone [{Param1}],Spellstone que pode ser vinculada a [{Param3}] das habilidades ativas de {Param2}.,Focused Healing: Battle Priest,Focused Healing,Battle Priest
1503401,Spellstone [{Param1}],Spellstone que pode ser vinculada a [{Param3}] das habilidades ativas de {Param2}.,Abyssal Spring: Battle Priest,Abyssal Spring,Battle Priest
1503411,Spellstone [{Param1}],Spellstone que pode ser vinculada a [{Param3}] das habilidades ativas de {Param2}.,Breath of the Judge: Battle Priest,Breath of the Judge,Battle Priest
1503451,Spellstone [{Param1}],Spellstone que pode ser vinculada a [{Param3}] das habilidades ativas de {Param2}.,Divine Breath: Battle Priest,Divine Breath,Battle Priest
1503461,Spellstone [{Param1}],Spellstone que pode ser vinculada a [{Param3}] das habilidades ativas de {Param2}.,Baptism of Light: Battle Priest,Baptism of Light,Battle Priest
1504101,Spellstone [{Param1}],Spellstone que pode ser vinculada a [{Param3}] das habilidades ativas de {Param2}.,Shadow Surge: Assassin,Shadow Surge,Assassin
1504111,Spellstone [{Param1}],Spellstone que pode ser vinculada a [{Param3}] das habilidades ativas de {Param2}.,Concentration: Assassin,Concentration,Assassin
1504121,Spellstone [{Param1}],Spellstone que pode ser vinculada a [{Param3}] das habilidades ativas de {Param2}.,Sand Toss: Assassin,Sand Toss,Assassin
1504201,Spellstone [{Param1}],Spellstone que pode ser vinculada a [{Param3}] das habilidades ativas de {Param2}.,Poison Mist: Assassin,Poison Mist,Assassin
1504211,Spellstone [{Param1}],Spellstone que pode ser vinculada a [{Param3}] das habilidades ativas de {Param2}.,Physical Enhancement: Assassin,Physical Enhancement,Assassin
1504251,Spellstone [{Param1}],Spellstone que pode ser vinculada a [{Param3}] das habilidades ativas de {Param2}.,Flying Dagger: Assassin,Flying Dagger,Assassin
1504261,Spellstone [{Param1}],Spellstone que pode ser vinculada a [{Param3}] das habilidades ativas de {Param2}.,Hunt Begins: Assassin,Hunt Begins,Assassin
1504301,Spellstone [{Param1}],Spellstone que pode ser vinculada a [{Param3}] das habilidades ativas de {Param2}.,Assault: Assassin,Assault,Assassin
1504311,Spellstone [{Param1}],Spellstone que pode ser vinculada a [{Param3}] das habilidades ativas de {Param2}.,Path of the Assassin: Assassin,Path of the Assassin,Assassin
1504351,Spellstone [{Param1}],Spellstone que pode ser vinculada a [{Param3}] das habilidades ativas de {Param2}.,Stealth: Assassin,Stealth,Assassin
1504361,Spellstone [{Param1}],Spellstone que pode ser vinculada a [{Param3}] das habilidades ativas de {Param2}.,Annihilation: Assassin,Annihilation,Assassin
1504401,Spellstone [{Param1}],Spellstone que pode ser vinculada a [{Param3}] das habilidades ativas de {Param2}.,Afterimage Flurry: Assassin,Afterimage Flurry,Assassin
1504411,Spellstone [{Param1}],Spellstone que pode ser vinculada a [{Param3}] das habilidades ativas de {Param2}.,Glare of Malice: Assassin,Glare of Malice,Assassin
1504451,Spellstone [{Param1}],Spellstone que pode ser vinculada a [{Param3}] das habilidades ativas de {Param2}.,Shadow Mist: Assassin,Shadow Mist,Assassin
1504461,Spellstone [{Param1}],Spellstone que pode ser vinculada a [{Param3}] das habilidades ativas de {Param2}.,Concentrated Malice: Assassin,Concentrated Malice,Assassin
1505101,Spellstone [{Param1}],Spellstone que pode ser vinculada a [{Param3}] das habilidades ativas de {Param2}.,Rapid Fire: Hunter,Rapid Fire,Hunter
1505111,Spellstone [{Param1}],Spellstone que pode ser vinculada a [{Param3}] das habilidades ativas de {Param2}.,Concentration: Hunter,Concentration,Hunter
1505121,Spellstone [{Param1}],Spellstone que pode ser vinculada a [{Param3}] das habilidades ativas de {Param2}.,Multi-Arrow: Hunter,Multi-Arrow,Hunter
1505201,Spellstone [{Param1}],Spellstone que pode ser vinculada a [{Param3}] das habilidades ativas de {Param2}.,Arrow Rain: Hunter,Arrow Rain,Hunter
1505211,Spellstone [{Param1}],Spellstone que pode ser vinculada a [{Param3}] das habilidades ativas de {Param2}.,Physical Enhancement: Hunter,Physical Enhancement,Hunter
1505251,Spellstone [{Param1}],Spellstone que pode ser vinculada a [{Param3}] das habilidades ativas de {Param2}.,Tracking Arrow: Hunter,Tracking Arrow,Hunter
1505271,Spellstone [{Param1}],Spellstone que pode ser vinculada a [{Param3}] das habilidades ativas de {Param2}.,Weakness Detection: Hunter,Weakness Detection,Hunter
1505301,Spellstone [{Param1}],Spellstone que pode ser vinculada a [{Param3}] das habilidades ativas de {Param2}.,Soul Arrow: Hunter,Soul Arrow,Hunter
1505311,Spellstone [{Param1}],Spellstone que pode ser vinculada a [{Param3}] das habilidades ativas de {Param2}.,Hunting Instinct: Hunter,Hunting Instinct,Hunter
1505351,Spellstone [{Param1}],Spellstone que pode ser vinculada a [{Param3}] das habilidades ativas de {Param2}.,Shadow Trap: Hunter,Shadow Trap,Hunter
1505361,Spellstone [{Param1}],Spellstone que pode ser vinculada a [{Param3}] das habilidades ativas de {Param2}.,Combat Unleashed: Hunter,Combat Unleashed,Hunter
1505401,Spellstone [{Param1}],Spellstone que pode ser vinculada a [{Param3}] das habilidades ativas de {Param2}.,Chain Shackles: Hunter,Chain Shackles,Hunter
1505411,Spellstone [{Param1}],Spellstone que pode ser vinculada a [{Param3}] das habilidades ativas de {Param2}.,Master Archer’s Gaze: Hunter,Master Archer’s Gaze,Hunter
1505451,Spellstone [{Param1}],Spellstone que pode ser vinculada a [{Param3}] das habilidades ativas de {Param2}.,Wind Snare: Hunter,Wind Snare,Hunter
1505461,Spellstone [{Param1}],Spellstone que pode ser vinculada a [{Param3}] das habilidades ativas de {Param2}.,Ruler’s Gaze: Hunter,Ruler’s Gaze,Hunter
1900000,Skill Manual,Item necessário para {Param1} {Param2}.,Active Skill,Level Up,
1900001,Tome of Transcendence,Item necessário para {Param1} {Param2}.,Active Skill,Transcend,
1901000,Star Shard,Fragmento antigo de estrela encontrado em Forsaken Land. Fabrica Liberation of the Stars ou Guidance of the Stars.,,,
1901001,Guidance of the Stars,Material muito raro obtido pelo refino de fragmentos de estrela. Amplia espaços de Spellstone de habilidades ativas adquiridas após o quarto Advancement.,,,
1901002,Liberation of the Stars,"Material muito raro obtido pelo refino de fragmentos de estrela, usado no quarto Advancement.",,,
1910001,Unattuned Records: {Param2},Ativa e permite transcender a página de Attunement {Param2}.,Characters,Aman,
1910002,Unattuned Records: {Param2},Ativa e permite transcender a página de Attunement {Param2}.,Characters,Ragnar,
1910003,Unattuned Records: {Param2},Ativa e permite transcender a página de Attunement {Param2}.,Characters,Azran,
1910004,Unattuned Records: {Param2},Ativa e permite transcender a página de Attunement {Param2}.,Characters,Yngel ,
1910005,Unattuned Records: {Param2},Ativa e permite transcender a página de Attunement {Param2}.,Characters,Mueena ,
1910006,Unattuned Records: {Param2},Ativa e permite transcender a página de Attunement {Param2}.,Characters,Monica ,
1910007,Unattuned Records: {Param2},Ativa e permite transcender a página de Attunement {Param2}.,Characters,Evrin ,
1910008,Unattuned Records: {Param2},Ativa e permite transcender a página de Attunement {Param2}.,Characters,Ellen,
1910009,Unattuned Records: {Param2},Ativa e permite transcender a página de Attunement {Param2}.,Characters,Scout Regiment,
1910010,Unattuned Records: {Param2},Ativa e permite transcender a página de Attunement {Param2}.,Characters,Colossal Titan,
1920001,Unattuned Recording Device: {Param2},Ativa e permite transcender a página de Attunement {Param2}.,Realm,Babylon,
1920002,Unattuned Recording Device: {Param2},Ativa e permite transcender a página de Attunement {Param2}.,Realm,Giant's Tower,
1920003,Unattuned Recording Device: {Param2},Ativa e permite transcender a página de Attunement {Param2}.,Realm,Asientet Gate,
1920004,Unattuned Recording Device: {Param2},Ativa e permite transcender a página de Attunement {Param2}.,Realm,Taima Pioneer Village,
1920005,Unattuned Recording Device: {Param2},Ativa e permite transcender a página de Attunement {Param2}.,Realm,Paradise Advent Society Hideout Entrance ,
1920006,Unattuned Recording Device: {Param2},Ativa e permite transcender a página de Attunement {Param2}.,Realm,Hallowed Obsidian Mountain,
1920007,Unattuned Recording Device: {Param2},Ativa e permite transcender a página de Attunement {Param2}.,Realm,Frantia Gate,
1930001,Unattuned Recording Device: {Param2},Ativa e permite transcender a página de Attunement {Param2}.,Rift Boss,Averus,
1911001,{Param2} Enchanted Quill,Aumenta o nível da página de Attunement do tipo {Param1}.,Characters,Standard-issue,
1911002,{Param2} Enchanted Quill,Aumenta o nível da página de Attunement do tipo {Param1}.,Characters,Expedition,
1921001,{Param2} Magical Circuit,Aumenta o nível da página de Attunement do tipo {Param1}.,Realm and Rift Boss,Standard-issue,
1921002,{Param2} Magical Circuit,Aumenta o nível da página de Attunement do tipo {Param1}.,Realm,Black Crystal,
1931001,{Param2} Enchanted Quill,Aumenta o nível da página de Attunement do tipo {Param1}.,Attack Titan,Attack,
1911101,Infused {Param2},Usado na transcendência de grau elevado da página de Attunement do tipo {Param1}.,Characters,Ink,
1921101,Infused {Param2},Usado na transcendência de grau elevado da página de Attunement do tipo {Param1}.,Realm and Rift Boss,Lubricant,
1921301,{Param1} Attunement Chest: {Param3},Use para receber aleatoriamente um dos itens {Param2} da lista.,Lesser,Item,Characters
1921302,{Param1} Attunement Chest: {Param3},Use para receber aleatoriamente um dos itens {Param2} da lista.,Greater,Item,Characters
1921303,{Param1} Attunement Chest: {Param3},Use para receber aleatoriamente um dos itens {Param2} da lista.,Lesser,Item,Realm
1921304,{Param1} Attunement Chest: {Param3},Use para receber aleatoriamente um dos itens {Param2} da lista.,Greater,Item,Realm
2000001,{IntParam}★ Mana Essence,Material necessário para {Param1} {Param2} de {IntParam}★.,Infusion-Core,Craft,
2000201,{IntParam}★ {Param2} {Param3},Infusion-Core que concede atributos aos espaços de {Param1}.,Destruction,Infusion-Core of Destruction,I
2000202,{IntParam}★ {Param2} {Param3},Infusion-Core que concede atributos aos espaços de {Param1}.,Destruction,Infusion-Core of Destruction,II
2000203,{IntParam}★ {Param2} {Param3},Infusion-Core que concede atributos aos espaços de {Param1}.,Endurance,Infusion-Core of Endurance,I
2000204,{IntParam}★ {Param2} {Param3},Infusion-Core que concede atributos aos espaços de {Param1}.,Endurance,Infusion-Core of Endurance,II
2000205,{IntParam}★ {Param2} {Param3},Infusion-Core que concede atributos aos espaços de {Param1}.,Dexterity,Infusion-Core of Dexterity,I
2000206,{IntParam}★ {Param2} {Param3},Infusion-Core que concede atributos aos espaços de {Param1}.,Dexterity,Infusion-Core of Dexterity,II
2000300,{IntParam}★ Mana Essence,Material necessário para {Param1} {Param2} de {IntParam}★.,Infusion-Core,Craft,
2000301,{IntParam}★ {Param2} {Param3},Infusion-Core que concede atributos aos espaços de {Param1}.,Destruction,Infusion-Core of Destruction,I
2000302,{IntParam}★ {Param2} {Param3},Infusion-Core que concede atributos aos espaços de {Param1}.,Destruction,Infusion-Core of Destruction,II
2000303,{IntParam}★ {Param2} {Param3},Infusion-Core que concede atributos aos espaços de {Param1}.,Endurance,Infusion-Core of Endurance,I
2000304,{IntParam}★ {Param2} {Param3},Infusion-Core que concede atributos aos espaços de {Param1}.,Endurance,Infusion-Core of Endurance,II
2000305,{IntParam}★ {Param2} {Param3},Infusion-Core que concede atributos aos espaços de {Param1}.,Dexterity,Infusion-Core of Dexterity,I
2000306,{IntParam}★ {Param2} {Param3},Infusion-Core que concede atributos aos espaços de {Param1}.,Dexterity,Infusion-Core of Dexterity,II
2000400,{IntParam}★ Mana Essence,Material necessário para {Param1} {Param2} de {IntParam}★.,Infusion-Core,Craft,
2000401,{IntParam}★ {Param2} {Param3},Infusion-Core que concede atributos aos espaços de {Param1}.,Destruction,Infusion-Core of Destruction,I
2000402,{IntParam}★ {Param2} {Param3},Infusion-Core que concede atributos aos espaços de {Param1}.,Destruction,Infusion-Core of Destruction,II
2000403,{IntParam}★ {Param2} {Param3},Infusion-Core que concede atributos aos espaços de {Param1}.,Endurance,Infusion-Core of Endurance,I
2000404,{IntParam}★ {Param2} {Param3},Infusion-Core que concede atributos aos espaços de {Param1}.,Endurance,Infusion-Core of Endurance,II
2000405,{IntParam}★ {Param2} {Param3},Infusion-Core que concede atributos aos espaços de {Param1}.,Dexterity,Infusion-Core of Dexterity,I
2000406,{IntParam}★ {Param2} {Param3},Infusion-Core que concede atributos aos espaços de {Param1}.,Dexterity,Infusion-Core of Dexterity,II
2000500,{IntParam}★ Mana Essence,Material necessário para {Param1} {Param2} de {IntParam}★.,Infusion-Core,Craft,
2000501,{IntParam}★ {Param2} {Param3},Infusion-Core que concede atributos aos espaços de {Param1}.,Destruction,Infusion-Core of Destruction,I
2000502,{IntParam}★ {Param2} {Param3},Infusion-Core que concede atributos aos espaços de {Param1}.,Destruction,Infusion-Core of Destruction,II
2000503,{IntParam}★ {Param2} {Param3},Infusion-Core que concede atributos aos espaços de {Param1}.,Endurance,Infusion-Core of Endurance,I
2000504,{IntParam}★ {Param2} {Param3},Infusion-Core que concede atributos aos espaços de {Param1}.,Endurance,Infusion-Core of Endurance,II
2000505,{IntParam}★ {Param2} {Param3},Infusion-Core que concede atributos aos espaços de {Param1}.,Dexterity,Infusion-Core of Dexterity,I
2000506,{IntParam}★ {Param2} {Param3},Infusion-Core que concede atributos aos espaços de {Param1}.,Dexterity,Infusion-Core of Dexterity,II
2000601,{Param2} Infusion-Core,Infusion-Core que concede atributos aos espaços de {Param1}.,Destruction,Kubaba,
2000602,{Param2} Infusion-Core,Infusion-Core que concede atributos aos espaços de {Param1}.,Endurance,Mahashkud,
2000603,{Param2} Infusion-Core,Infusion-Core que concede atributos aos espaços de {Param1}.,Dexterity,Tirsak,
2010000,Weapon Enhancement Stone,Material necessário para {Param1} {Param2}.,Weapon,Enhance,
2010100,Giant's Weapon Enhancement Stone,Material necessário para {Param1} {Param2}.,Weapon,Enhance,
2010200,Cursed Weapon Enhancement Stone,Reduz em {IntParam} o nível de aprimoramento de {Param1}.,Weapon,,
2020000,Armor Enhancement Stone,Material necessário para {Param1} {Param2}.,Armor,Enhance,
2020100,Giant's Armor Enhancement Stone,Material necessário para {Param1} {Param2}.,Armor,Enhance,
2020200,Cursed Armor Enhancement Stone,Reduz em {IntParam} o nível de aprimoramento de {Param1}.,Armor,,
2030000,Accessory Enhancement Stone,Material necessário para {Param1} {Param2}.,Accessory,Enhance,
2030100,Giant's Accessory Enhancement Stone,Material necessário para {Param1} {Param2}.,Accessory,Enhance,
2030200,Cursed Accessory Enhancement Stone,Reduz em {IntParam} o nível de aprimoramento de {Param1}.,Accessory,,
2060000,Powerstone Refining Stone,Material necessário para {Param1} {Param2}.,Powerstone,Refine,
2070000,Costume Thread,Material necessário para {Param1} {Param2}.,Costume,Level Up,
2071000,Costume Seal,Material necessário para {Param1} {Param2}.,Costume,Transcend,
2080001,Basic Investigation Permit,Carta de pedido para uma exploração básica.,,,
2080002,Intermediate Investigation Permit,Carta de pedido para uma exploração intermediária.,,,
2080003,Premium Investigation Permit,Carta de pedido para uma exploração avançada.,,,
2081001,OOParts Enhancement Stone,Material necessário para {Param1} {Param2}.,OOParts,Enhance,
2081002,Giant's OOParts Enhancement Stone,Material necessário para {Param1} {Param2}.,OOParts,Enhance,
2081003,Cursed OOParts Enhancement Stone,Reduz em {IntParam} o nível de aprimoramento de {Param1}.,OOParts,,
5001001,{Param1} Registration Certificate,Certificado de registro de {Param1}. Registre para obter {Param1}.,Gliding Gear,,
5001002,{Param1} Registration Certificate,Certificado de registro de {Param1}. Registre para obter {Param1}.,Wind Feather,,
5001003,{Param1} Registration Certificate,Certificado de registro de {Param1}. Registre para obter {Param1}.,Advanced Gliding Gear,,
5001004,{Param1} Registration Certificate,Certificado de registro de {Param1}. Registre para obter {Param1}.,Cloud Feather,,
5001005,{Param1} Registration Certificate,Certificado de registro de {Param1}. Registre para obter {Param1}.,Adventurer's Wings,,
5001006,{Param1} Registration Certificate,Certificado de registro de {Param1}. Registre para obter {Param1}.,Wings of Succession,,
5002001,{Param1} Registration Certificate,Certificado de registro de {Param1}. Registre para obter {Param1}.,Wings of Exploration,,
5002002,{Param1} Registration Certificate,Certificado de registro de {Param1}. Registre para obter {Param1}.,Wings of Freedom,,
5002003,{Param1} Registration Certificate,Certificado de registro de {Param1}. Registre para obter {Param1}.,Wings of Courage,,
5002004,{Param1} Registration Certificate,Certificado de registro de {Param1}. Registre para obter {Param1}.,Mystic Wings,,
5002005,{Param1} Registration Certificate,Certificado de registro de {Param1}. Registre para obter {Param1}.,Challenger's Wings,,
5003001,{Param1} Registration Certificate,Certificado de registro de {Param1}. Registre para obter {Param1}.,Wind-Rider,,
5003002,{Param1} Registration Certificate,Certificado de registro de {Param1}. Registre para obter {Param1}.,Cloud-Dancer,,
5003003,{Param1} Registration Certificate,Certificado de registro de {Param1}. Registre para obter {Param1}.,Ridge-Crosser,,
5003004,{Param1} Registration Certificate,Certificado de registro de {Param1}. Registre para obter {Param1}.,Sky-Sailor,,
5003005,{Param1} Registration Certificate,Certificado de registro de {Param1}. Registre para obter {Param1}.,Gale Falcon,,
5003006,{Param1} Registration Certificate,Certificado de registro de {Param1}. Registre para obter {Param1}.,Flash Falcon,,
5003007,{Param1} Registration Certificate,Certificado de registro de {Param1}. Registre para obter {Param1}.,Dawn Eagle,,
5003008,{Param1} Registration Certificate,Certificado de registro de {Param1}. Registre para obter {Param1}.,Moonlight Eagle,,
5003009,{Param1} Registration Certificate,Certificado de registro de {Param1}. Registre para obter {Param1}.,Guardian of the Abyss,,
5004001,{Param1} Registration Certificate,Certificado de registro de {Param1}. Registre para obter {Param1}.,Dragon Rise,,
5004002,{Param1} Registration Certificate,Certificado de registro de {Param1}. Registre para obter {Param1}.,Sandstorm,,
5004003,{Param1} Registration Certificate,Certificado de registro de {Param1}. Registre para obter {Param1}.,Crimson Dragon Knight,,
5004004,{Param1} Registration Certificate,Certificado de registro de {Param1}. Registre para obter {Param1}.,Silver Dragoon,,
5004005,{Param1} Registration Certificate,Certificado de registro de {Param1}. Registre para obter {Param1}.,Void Trace,,
5004006,{Param1} Registration Certificate,Certificado de registro de {Param1}. Registre para obter {Param1}.,Abyssal Ethereal Spirit,,
5004007,{Param1} Registration Certificate,Certificado de registro de {Param1}. Registre para obter {Param1}.,Apparition of the White Night,,
5004008,{Param1} Registration Certificate,Certificado de registro de {Param1}. Registre para obter {Param1}.,Eternal Nomad,,
5004009,{Param1} Registration Certificate,Certificado de registro de {Param1}. Registre para obter {Param1}.,Abyssal Guardian,,
5004010,{Param1} Registration Certificate,Certificado de registro de {Param1}. Registre para obter {Param1}.,Ashen Flame,,
5004011,{Param1} Registration Certificate,Certificado de registro de {Param1}. Registre para obter {Param1}.,Heaven’s Grace,,
5004012,{Param1} Registration Certificate,Certificado de registro de {Param1}. Registre para obter {Param1}.,Soaring Dream,,
5004013,{Param1} Registration Certificate,Certificado de registro de {Param1}. Registre para obter {Param1}.,Vortex Weaver,,
5004014,{Param1} Registration Certificate,Certificado de registro de {Param1}. Registre para obter {Param1}.,Yuri's Glide,,
5010001,{Param1} Registration Certificate,Certificado de registro de {Param1}. Registre para obter {Param1}.,Appearance Equip Test,,
5051001,Faint Mana-Infused Spring,Material necessário para {Param1} {Param2}.,Explorer's Lesser Glider Chest,Craft,
5052001,Mana-Infused Spring,Material necessário para {Param1} {Param2}.,Explorer's Intermediate Glider Chest,Craft,
5053001,Mystic Mana-Infused Spring,Material necessário para {Param1} {Param2}.,Explorer's Greater Glider Chest,Craft,
5053002,Enhanced Mana-Infused Spring,Material necessário para {Param1} {Param2}.,3★ Glider Chest,Craft,
5101001,{Param1} Registration Certificate,Certificado de registro de {Param1}. Registre para obter {Param1}.,Rappie,,
5102001,{Param1} Registration Certificate,Certificado de registro de {Param1}. Registre para obter {Param1}.,Plain Rappie,,
5102002,{Param1} Registration Certificate,Certificado de registro de {Param1}. Registre para obter {Param1}.,Adorable Rappie,,
5102003,{Param1} Registration Certificate,Certificado de registro de {Param1}. Registre para obter {Param1}.,Bbyubbyubbyubbi,,
5103001,{Param1} Registration Certificate,Certificado de registro de {Param1}. Registre para obter {Param1}.,Sandstorm Rappie,,
5103002,{Param1} Registration Certificate,Certificado de registro de {Param1}. Registre para obter {Param1}.,Blizzard Rappie,,
5103003,{Param1} Registration Certificate,Certificado de registro de {Param1}. Registre para obter {Param1}.,Fragrant Rappie,,
5103004,{Param1} Registration Certificate,Certificado de registro de {Param1}. Registre para obter {Param1}.,Wandering Rappie,,
5103005,{Param1} Registration Certificate,Certificado de registro de {Param1}. Registre para obter {Param1}.,Red Ridinghood Rappie,,
5104001,{Param1} Registration Certificate,Certificado de registro de {Param1}. Registre para obter {Param1}.,Gale Spirit,,
5104002,{Param1} Registration Certificate,Certificado de registro de {Param1}. Registre para obter {Param1}.,Moonlight Traveler,,
5104003,{Param1} Registration Certificate,Certificado de registro de {Param1}. Registre para obter {Param1}.,Twilight Drifter,,
5104004,{Param1} Registration Certificate,Certificado de registro de {Param1}. Registre para obter {Param1}.,Golden Path Wanderer,,
5104005,{Param1} Registration Certificate,Certificado de registro de {Param1}. Registre para obter {Param1}.,Unknown Pilgrim,,
5104006,{Param1} Registration Certificate,Certificado de registro de {Param1}. Registre para obter {Param1}.,Earthquake Hoof,,
5104007,{Param1} Registration Certificate,Certificado de registro de {Param1}. Registre para obter {Param1}.,Black Monarch,,
5104008,{Param1} Registration Certificate,Certificado de registro de {Param1}. Registre para obter {Param1}.,Golden Fish,,
5104009,{Param1} Registration Certificate,Certificado de registro de {Param1}. Registre para obter {Param1}.,Winter Night Herald,,
5104010,{Param1} Registration Certificate,Certificado de registro de {Param1}. Registre para obter {Param1}.,Rainbow Step,,
5104011,{Param1} Registration Certificate,Certificado de registro de {Param1}. Registre para obter {Param1}.,Boss Trainee,,
5104012,{Param1} Registration Certificate,Certificado de registro de {Param1}. Registre para obter {Param1}.,Lingering Dimensional Binder,,
5104013,{Param1} Registration Certificate,Certificado de registro de {Param1}. Registre para obter {Param1}.,Crescent Night Wanderer,,
5105001,{Param1} Registration Certificate,Certificado de registro de {Param1}. Registre para obter {Param1}.,Thunder Mane,,
5105002,{Param1} Registration Certificate,Certificado de registro de {Param1}. Registre para obter {Param1}.,Ellen’s Giant,,
5205002,{Param1} {Param2} Resources,Material necessário para {Param1} {Param2}.,Golden Path Wanderer,1★ Ascension,
5205003,{Param1} {Param2} Resources,Material necessário para {Param1} {Param2}.,Golden Path Wanderer,2★ Ascension,
5205004,{Param1} {Param2} Resources,Material necessário para {Param1} {Param2}.,Golden Path Wanderer,3★ Ascension,
5205005,{Param1} {Param2} Resources,Material necessário para {Param1} {Param2}.,Golden Path Wanderer,4★ Ascension,
5205006,{Param1} {Param2} Resources,Material necessário para {Param1} {Param2}.,Fragrant Rappie,1★ Ascension,
5205007,{Param1} {Param2} Resources,Material necessário para {Param1} {Param2}.,Fragrant Rappie,2★ Ascension,
5205008,{Param1} {Param2} Resources,Material necessário para {Param1} {Param2}.,Fragrant Rappie,3★ Ascension,
5205009,{Param1} {Param2} Resources,Material necessário para {Param1} {Param2}.,Black Monarch,1★ Ascension,
5205010,{Param1} {Param2} Resources,Material necessário para {Param1} {Param2}.,Black Monarch,2★ Ascension,
5205011,{Param1} {Param2} Resources,Material necessário para {Param1} {Param2}.,Black Monarch,3★ Ascension,
5205012,{Param1} {Param2} Resources,Material necessário para {Param1} {Param2}.,Black Monarch,4★ Ascension,
5205013,{Param1} {Param2} Resources,Material necessário para {Param1} {Param2}.,Thunder Mane,1★ Ascension,
5205014,{Param1} {Param2} Resources,Material necessário para {Param1} {Param2}.,Thunder Mane,2★ Ascension,
5205015,{Param1} {Param2} Resources,Material necessário para {Param1} {Param2}.,Thunder Mane,3★ Ascension,
5205016,{Param1} {Param2} Resources,Material necessário para {Param1} {Param2}.,Thunder Mane,4★ Ascension,
5205017,{Param1} {Param2} Resources,Material necessário para {Param1} {Param2}.,Thunder Mane,5★ Ascension,
5205018,{Param1} {Param2} Resources,Material necessário para {Param1} {Param2}.,Moonlight Traveler,1★ Ascension,
5205019,{Param1} {Param2} Resources,Material necessário para {Param1} {Param2}.,Moonlight Traveler,2★ Ascension,
5205020,{Param1} {Param2} Resources,Material necessário para {Param1} {Param2}.,Moonlight Traveler,3★ Ascension,
5205021,{Param1} {Param2} Resources,Material necessário para {Param1} {Param2}.,Moonlight Traveler,4★ Ascension,
5205022,{Param1} {Param2} Resources,Material necessário para {Param1} {Param2}.,Gale Spirit,1★ Ascension,
5205023,{Param1} {Param2} Resources,Material necessário para {Param1} {Param2}.,Gale Spirit,2★ Ascension,
5205024,{Param1} {Param2} Resources,Material necessário para {Param1} {Param2}.,Gale Spirit,3★ Ascension,
5205025,{Param1} {Param2} Resources,Material necessário para {Param1} {Param2}.,Gale Spirit,4★ Ascension,
5205026,{Param1} {Param2} Resources,Material necessário para {Param1} {Param2}.,Golden Fish,1★ Ascension,
5205027,{Param1} {Param2} Resources,Material necessário para {Param1} {Param2}.,Golden Fish,2★ Ascension,
5205028,{Param1} {Param2} Resources,Material necessário para {Param1} {Param2}.,Golden Fish,3★ Ascension,
5205029,{Param1} {Param2} Resources,Material necessário para {Param1} {Param2}.,Golden Fish,4★ Ascension,
5205030,{Param1} {Param2} Resources,Material necessário para {Param1} {Param2}.,Winter Night Herald,1★ Ascension,
5205031,{Param1} {Param2} Resources,Material necessário para {Param1} {Param2}.,Winter Night Herald,2★ Ascension,
5205032,{Param1} {Param2} Resources,Material necessário para {Param1} {Param2}.,Winter Night Herald,3★ Ascension,
5205033,{Param1} {Param2} Resources,Material necessário para {Param1} {Param2}.,Winter Night Herald,4★ Ascension,
5205034,{Param1} {Param2} Resources,Material necessário para {Param1} {Param2}.,Rainbow Step,1★ Ascension,
5205035,{Param1} {Param2} Resources,Material necessário para {Param1} {Param2}.,Rainbow Step,2★ Ascension,
5205036,{Param1} {Param2} Resources,Material necessário para {Param1} {Param2}.,Rainbow Step,3★ Ascension,
5205037,{Param1} {Param2} Resources,Material necessário para {Param1} {Param2}.,Rainbow Step,4★ Ascension,
5205038,{Param1} {Param2} Resources,Material necessário para {Param1} {Param2}.,Boss Trainee,1★ Ascension,
5205039,{Param1} {Param2} Resources,Material necessário para {Param1} {Param2}.,Boss Trainee,2★ Ascension,
5205040,{Param1} {Param2} Resources,Material necessário para {Param1} {Param2}.,Boss Trainee,3★ Ascension,
5205041,{Param1} {Param2} Resources,Material necessário para {Param1} {Param2}.,Boss Trainee,4★ Ascension,
5205042,{Param1} {Param2} Resources,Material necessário para {Param1} {Param2}.,Lingering Dimensional Binder,1★ Ascension,
5205043,{Param1} {Param2} Resources,Material necessário para {Param1} {Param2}.,Lingering Dimensional Binder,2★ Ascension,
5205044,{Param1} {Param2} Resources,Material necessário para {Param1} {Param2}.,Lingering Dimensional Binder,3★ Ascension,
5205045,{Param1} {Param2} Resources,Material necessário para {Param1} {Param2}.,Lingering Dimensional Binder,4★ Ascension,
5205046,{Param1} {Param2} Resources,Material necessário para {Param1} {Param2}.,Ellen’s Giant,1★ Ascension,
5205047,{Param1} {Param2} Resources,Material necessário para {Param1} {Param2}.,Ellen’s Giant,2★ Ascension,
5205048,{Param1} {Param2} Resources,Material necessário para {Param1} {Param2}.,Ellen’s Giant,3★ Ascension,
5205049,{Param1} {Param2} Resources,Material necessário para {Param1} {Param2}.,Ellen’s Giant,4★ Ascension,
5205050,{Param1} {Param2} Resources,Material necessário para {Param1} {Param2}.,Ellen’s Giant,5★ Ascension,
5205051,{Param1} {Param2} Resources,Material necessário para {Param1} {Param2}.,Crescent Night Wanderer,1★ Ascension,
5205052,{Param1} {Param2} Resources,Material necessário para {Param1} {Param2}.,Crescent Night Wanderer,2★ Ascension,
5205053,{Param1} {Param2} Resources,Material necessário para {Param1} {Param2}.,Crescent Night Wanderer,3★ Ascension,
5205054,{Param1} {Param2} Resources,Material necessário para {Param1} {Param2}.,Crescent Night Wanderer,4★ Ascension,
5205055,{Param1} {Param2} Resources,Material necessário para {Param1} {Param2}.,Ashen Flame,1★ Ascension,
5205056,{Param1} {Param2} Resources,Material necessário para {Param1} {Param2}.,Ashen Flame,2★ Ascension,
5205057,{Param1} {Param2} Resources,Material necessário para {Param1} {Param2}.,Ashen Flame,3★ Ascension,
5205058,{Param1} {Param2} Resources,Material necessário para {Param1} {Param2}.,Ashen Flame,4★ Ascension,
5206001,{IntParam}★ Core of Evolution,Material para fabricar recursos de Ascension de Mounts e Gliders.,,,
5206002,{IntParam}★ Core of Evolution,Material para fabricar recursos de Ascension de Mounts e Gliders.,,,
5206003,{IntParam}★ Core of Evolution,Material para fabricar recursos de Ascension de Mounts e Gliders.,,,
5206004,{IntParam}★ Core of Evolution,Material para fabricar recursos de Ascension de Mounts e Gliders.,,,
5206005,{IntParam}★ Core of Evolution,Material para fabricar recursos de Ascension de Mounts e Gliders.,,,
5207001,{IntParam}★ Source of Evolution,Material para Ascension de {IntParam}★ de Mounts e Gliders.,,,
5207002,{IntParam}★ Source of Evolution,Material para Ascension de {IntParam}★ de Mounts e Gliders.,,,
5207003,{IntParam}★ Source of Evolution,Material para Ascension de {IntParam}★ de Mounts e Gliders.,,,
5207004,{IntParam}★ Source of Evolution,Material para Ascension de {IntParam}★ de Mounts e Gliders.,,,
5207005,{IntParam}★ Source of Evolution,Material para Ascension de {IntParam}★ de Mounts e Gliders.,,,
6000000,Ancient Seal,Selo antigo procurado por Merchants Guild para pesquisa.,,,
6010000,Worn Anvil,"Bigorna muito usada, procurada por Blacksmiths Guild para pesquisa.",,,
6020000,Red Gemstone,"Gema de brilho vermelho, procurada por Artisans Guild para pesquisa.",,,
6030000,Aether Magnifier,"Lupa com poder de Aether, procurada por Appraisers' Guild para pesquisa.",,,
6040000,Tanned Leather,"Couro refinado, procurado por Explorers Guild para pesquisa.",,,
6050000,Weathered Tablet,"Placa com inscrições Talim apagadas, procurada por Explorers Guild para pesquisa.",,,
6060000,Old Lantern,"Lanterna marcada pelo tempo, procurada por Explorers Guild para pesquisa.",,,
6000100,Forsaken Land’s Medal,Medalha que pode ser doada a todas as facções.,,,
6000101,{Param1} Guild’s Medal,Medalha que pode ser doada apenas a {Param1} Guild.,Merchant,,
6000102,{Param1} Guild’s Medal,Medalha que pode ser doada apenas a {Param1} Guild.,Blacksmith,,
6000103,{Param1} Guild’s Medal,Medalha que pode ser doada apenas a {Param1} Guild.,Artisan,,
6000104,{Param1} Guild’s Medal,Medalha que pode ser doada apenas a {Param1} Guild.,Appraisor,,
6000105,{Param1} Guild’s Medal,Medalha que pode ser doada apenas a {Param1} Guild.,Hunter,,
6000106,{Param1} Guild’s Medal,Medalha que pode ser doada apenas a {Param1} Guild.,Explorer,,
6000107,{Param1} Guild’s Medal,Medalha que pode ser doada apenas a {Param1} Guild.,Wayfinder,,
6110201,{Param2} {Param1} Monster Specimen {Param3},Espécime de monstro coletado por Hunters Guild para pesquisa.,Lesser,Wide Riverbank,I
6110202,{Param2} {Param1} Monster Specimen {Param3},Espécime de monstro coletado por Hunters Guild para pesquisa.,Lesser,Wide Riverbank,II
6110203,{Param2} {Param1} Monster Specimen {Param3},Espécime de monstro coletado por Hunters Guild para pesquisa.,Lesser,Wide Riverbank,III
6110204,{Param2} {Param1} Monster Specimen {Param3},Espécime de monstro coletado por Hunters Guild para pesquisa.,Lesser,Wide Riverbank,IV
6110205,{Param2} {Param1} Monster Specimen {Param3},Espécime de monstro coletado por Hunters Guild para pesquisa.,Lesser,Sunrise Slope,I
6110206,{Param2} {Param1} Monster Specimen {Param3},Espécime de monstro coletado por Hunters Guild para pesquisa.,Lesser,Sunrise Slope,II
6110207,{Param2} {Param1} Monster Specimen {Param3},Espécime de monstro coletado por Hunters Guild para pesquisa.,Lesser,Sunrise Slope,III
6110208,{Param2} {Param1} Monster Specimen {Param3},Espécime de monstro coletado por Hunters Guild para pesquisa.,Lesser,Sunrise Slope,IV
6110209,{Param2} {Param1} Monster Specimen {Param3},Espécime de monstro coletado por Hunters Guild para pesquisa.,Lesser,Tenebrous Hollow,I
6110210,{Param2} {Param1} Monster Specimen {Param3},Espécime de monstro coletado por Hunters Guild para pesquisa.,Lesser,Tenebrous Hollow,II
6110211,{Param2} {Param1} Monster Specimen {Param3},Espécime de monstro coletado por Hunters Guild para pesquisa.,Lesser,Tenebrous Hollow,III
6110212,{Param2} {Param1} Monster Specimen {Param3},Espécime de monstro coletado por Hunters Guild para pesquisa.,Lesser,Tenebrous Hollow,IV
6110213,{Param2} {Param1} Monster Specimen {Param3},Espécime de monstro coletado por Hunters Guild para pesquisa.,Lesser,Brume-Veiled Meadow,I
6110214,{Param2} {Param1} Monster Specimen {Param3},Espécime de monstro coletado por Hunters Guild para pesquisa.,Lesser,Brume-Veiled Meadow,II
6110215,{Param2} {Param1} Monster Specimen {Param3},Espécime de monstro coletado por Hunters Guild para pesquisa.,Lesser,Brume-Veiled Meadow,III
6110216,{Param2} {Param1} Monster Specimen {Param3},Espécime de monstro coletado por Hunters Guild para pesquisa.,Lesser,Brume-Veiled Meadow,IV
6110217,{Param2} {Param1} Monster Specimen {Param3},Espécime de monstro coletado por Hunters Guild para pesquisa.,Lesser,Beast Corral,I
6110218,{Param2} {Param1} Monster Specimen {Param3},Espécime de monstro coletado por Hunters Guild para pesquisa.,Lesser,Beast Corral,II
6110219,{Param2} {Param1} Monster Specimen {Param3},Espécime de monstro coletado por Hunters Guild para pesquisa.,Lesser,Beast Corral,III
6110220,{Param2} {Param1} Monster Specimen {Param3},Espécime de monstro coletado por Hunters Guild para pesquisa.,Lesser,Beast Corral,IV
6110221,{Param2} {Param1} Monster Specimen {Param3},Espécime de monstro coletado por Hunters Guild para pesquisa.,Lesser,Kuduru's Domain,I
6110222,{Param2} {Param1} Monster Specimen {Param3},Espécime de monstro coletado por Hunters Guild para pesquisa.,Lesser,Kuduru's Domain,II
6110223,{Param2} {Param1} Monster Specimen {Param3},Espécime de monstro coletado por Hunters Guild para pesquisa.,Lesser,Kuduru's Domain,III
6110224,{Param2} {Param1} Monster Specimen {Param3},Espécime de monstro coletado por Hunters Guild para pesquisa.,Lesser,Kuduru's Domain,IV
6110225,{Param2} {Param1} Monster Specimen {Param3},Espécime de monstro coletado por Hunters Guild para pesquisa.,Lesser,Garden of Twilight,I
6110226,{Param2} {Param1} Monster Specimen {Param3},Espécime de monstro coletado por Hunters Guild para pesquisa.,Lesser,Garden of Twilight,II
6110227,{Param2} {Param1} Monster Specimen {Param3},Espécime de monstro coletado por Hunters Guild para pesquisa.,Lesser,Garden of Twilight,III
6110228,{Param2} {Param1} Monster Specimen {Param3},Espécime de monstro coletado por Hunters Guild para pesquisa.,Lesser,Garden of Twilight,IV
6110229,{Param2} {Param1} Monster Specimen {Param3},Espécime de monstro coletado por Hunters Guild para pesquisa.,Lesser,Woodland of Elder Gods,I
6110230,{Param2} {Param1} Monster Specimen {Param3},Espécime de monstro coletado por Hunters Guild para pesquisa.,Lesser,Woodland of Elder Gods,II
6110231,{Param2} {Param1} Monster Specimen {Param3},Espécime de monstro coletado por Hunters Guild para pesquisa.,Lesser,Woodland of Elder Gods,III
6110232,{Param2} {Param1} Monster Specimen {Param3},Espécime de monstro coletado por Hunters Guild para pesquisa.,Lesser,Woodland of Elder Gods,IV
6110233,{Param2} {Param1} Monster Specimen {Param3},Espécime de monstro coletado por Hunters Guild para pesquisa.,Lesser,Nameless Heights,I
6110234,{Param2} {Param1} Monster Specimen {Param3},Espécime de monstro coletado por Hunters Guild para pesquisa.,Lesser,Nameless Heights,II
6110235,{Param2} {Param1} Monster Specimen {Param3},Espécime de monstro coletado por Hunters Guild para pesquisa.,Lesser,Nameless Heights,III
6110236,{Param2} {Param1} Monster Specimen {Param3},Espécime de monstro coletado por Hunters Guild para pesquisa.,Lesser,Nameless Heights,IV
6110301,{Param2} {Param1} Monster Specimen {Param3},Espécime de monstro coletado por Hunters Guild para pesquisa.,Lesser,Halcyon-Hush Woods,I
6110302,{Param2} {Param1} Monster Specimen {Param3},Espécime de monstro coletado por Hunters Guild para pesquisa.,Lesser,Halcyon-Hush Woods,II
6110303,{Param2} {Param1} Monster Specimen {Param3},Espécime de monstro coletado por Hunters Guild para pesquisa.,Lesser,Halcyon-Hush Woods,III
6110304,{Param2} {Param1} Monster Specimen {Param3},Espécime de monstro coletado por Hunters Guild para pesquisa.,Lesser,Halcyon-Hush Woods,IV
6110305,{Param2} {Param1} Monster Specimen {Param3},Espécime de monstro coletado por Hunters Guild para pesquisa.,Lesser,Hesperia Farm (South),I
6110306,{Param2} {Param1} Monster Specimen {Param3},Espécime de monstro coletado por Hunters Guild para pesquisa.,Lesser,Hesperia Farm (South),II
6110307,{Param2} {Param1} Monster Specimen {Param3},Espécime de monstro coletado por Hunters Guild para pesquisa.,Lesser,Hesperia Farm (South),III
6110308,{Param2} {Param1} Monster Specimen {Param3},Espécime de monstro coletado por Hunters Guild para pesquisa.,Lesser,Hesperia Farm (South),IV
6110309,{Param2} {Param1} Monster Specimen {Param3},Espécime de monstro coletado por Hunters Guild para pesquisa.,Lesser,Hesperia Farm (North),I
6110310,{Param2} {Param1} Monster Specimen {Param3},Espécime de monstro coletado por Hunters Guild para pesquisa.,Lesser,Hesperia Farm (North),II
6110311,{Param2} {Param1} Monster Specimen {Param3},Espécime de monstro coletado por Hunters Guild para pesquisa.,Lesser,Hesperia Farm (North),III
6110312,{Param2} {Param1} Monster Specimen {Param3},Espécime de monstro coletado por Hunters Guild para pesquisa.,Lesser,Hesperia Farm (North),IV
6110313,{Param2} {Param1} Monster Specimen {Param3},Espécime de monstro coletado por Hunters Guild para pesquisa.,Lesser,Ember-Choke Grove,I
6110314,{Param2} {Param1} Monster Specimen {Param3},Espécime de monstro coletado por Hunters Guild para pesquisa.,Lesser,Ember-Choke Grove,II
6110315,{Param2} {Param1} Monster Specimen {Param3},Espécime de monstro coletado por Hunters Guild para pesquisa.,Lesser,Ember-Choke Grove,III
6110316,{Param2} {Param1} Monster Specimen {Param3},Espécime de monstro coletado por Hunters Guild para pesquisa.,Lesser,Ember-Choke Grove,IV
6110317,{Param2} {Param1} Monster Specimen {Param3},Espécime de monstro coletado por Hunters Guild para pesquisa.,Lesser,Borderlands,I
6110318,{Param2} {Param1} Monster Specimen {Param3},Espécime de monstro coletado por Hunters Guild para pesquisa.,Lesser,Borderlands,II
6110319,{Param2} {Param1} Monster Specimen {Param3},Espécime de monstro coletado por Hunters Guild para pesquisa.,Lesser,Borderlands,III
6110320,{Param2} {Param1} Monster Specimen {Param3},Espécime de monstro coletado por Hunters Guild para pesquisa.,Lesser,Borderlands,IV
6110321,{Param2} {Param1} Monster Specimen {Param3},Espécime de monstro coletado por Hunters Guild para pesquisa.,Lesser,Adamant Ascent,I
6110322,{Param2} {Param1} Monster Specimen {Param3},Espécime de monstro coletado por Hunters Guild para pesquisa.,Lesser,Adamant Ascent,II
6110323,{Param2} {Param1} Monster Specimen {Param3},Espécime de monstro coletado por Hunters Guild para pesquisa.,Lesser,Adamant Ascent,III
6110324,{Param2} {Param1} Monster Specimen {Param3},Espécime de monstro coletado por Hunters Guild para pesquisa.,Lesser,Adamant Ascent,IV
6110325,{Param2} {Param1} Monster Specimen {Param3},Espécime de monstro coletado por Hunters Guild para pesquisa.,Lesser,War Drum Ridge,I
6110326,{Param2} {Param1} Monster Specimen {Param3},Espécime de monstro coletado por Hunters Guild para pesquisa.,Lesser,War Drum Ridge,II
6110327,{Param2} {Param1} Monster Specimen {Param3},Espécime de monstro coletado por Hunters Guild para pesquisa.,Lesser,War Drum Ridge,III
6110328,{Param2} {Param1} Monster Specimen {Param3},Espécime de monstro coletado por Hunters Guild para pesquisa.,Lesser,War Drum Ridge,IV
6110329,{Param2} {Param1} Monster Specimen {Param3},Espécime de monstro coletado por Hunters Guild para pesquisa.,Lesser,Ironblood Brigade Hideout,I
6110330,{Param2} {Param1} Monster Specimen {Param3},Espécime de monstro coletado por Hunters Guild para pesquisa.,Lesser,Ironblood Brigade Hideout,II
6110331,{Param2} {Param1} Monster Specimen {Param3},Espécime de monstro coletado por Hunters Guild para pesquisa.,Lesser,Ironblood Brigade Hideout,III
6110332,{Param2} {Param1} Monster Specimen {Param3},Espécime de monstro coletado por Hunters Guild para pesquisa.,Lesser,Ironblood Brigade Hideout,IV
6110333,{Param2} {Param1} Monster Specimen {Param3},Espécime de monstro coletado por Hunters Guild para pesquisa.,Lesser,Hallowed Obsidian Mountain,I
6110334,{Param2} {Param1} Monster Specimen {Param3},Espécime de monstro coletado por Hunters Guild para pesquisa.,Lesser,Hallowed Obsidian Mountain,II
6110335,{Param2} {Param1} Monster Specimen {Param3},Espécime de monstro coletado por Hunters Guild para pesquisa.,Lesser,Hallowed Obsidian Mountain,III
6110336,{Param2} {Param1} Monster Specimen {Param3},Espécime de monstro coletado por Hunters Guild para pesquisa.,Lesser,Hallowed Obsidian Mountain,IV
6110337,{Param2} {Param1} Monster Specimen {Param3},Espécime de monstro coletado por Hunters Guild para pesquisa.,Lesser,Whirlwind Heights,I
6110338,{Param2} {Param1} Monster Specimen {Param3},Espécime de monstro coletado por Hunters Guild para pesquisa.,Lesser,Whirlwind Heights,II
6110339,{Param2} {Param1} Monster Specimen {Param3},Espécime de monstro coletado por Hunters Guild para pesquisa.,Lesser,Whirlwind Heights,III
6110340,{Param2} {Param1} Monster Specimen {Param3},Espécime de monstro coletado por Hunters Guild para pesquisa.,Lesser,Whirlwind Heights,IV
6110401,{Param2} {Param1} Monster Specimen {Param3},Espécime de monstro coletado por Hunters Guild para pesquisa.,Lesser,Hoarfrost Snowfield Entrance,I
6110402,{Param2} {Param1} Monster Specimen {Param3},Espécime de monstro coletado por Hunters Guild para pesquisa.,Lesser,Hoarfrost Snowfield Entrance,II
6110403,{Param2} {Param1} Monster Specimen {Param3},Espécime de monstro coletado por Hunters Guild para pesquisa.,Lesser,Hoarfrost Snowfield Entrance,III
6110404,{Param2} {Param1} Monster Specimen {Param3},Espécime de monstro coletado por Hunters Guild para pesquisa.,Lesser,Hoarfrost Snowfield Entrance,IV
6110405,{Param2} {Param1} Monster Specimen {Param3},Espécime de monstro coletado por Hunters Guild para pesquisa.,Lesser,Geyser Field,I
6110406,{Param2} {Param1} Monster Specimen {Param3},Espécime de monstro coletado por Hunters Guild para pesquisa.,Lesser,Geyser Field,II
6110407,{Param2} {Param1} Monster Specimen {Param3},Espécime de monstro coletado por Hunters Guild para pesquisa.,Lesser,Geyser Field,III
6110408,{Param2} {Param1} Monster Specimen {Param3},Espécime de monstro coletado por Hunters Guild para pesquisa.,Lesser,Geyser Field,IV
6110409,{Param2} {Param1} Monster Specimen {Param3},Espécime de monstro coletado por Hunters Guild para pesquisa.,Lesser,Black Pillar Cliffs,I
6110410,{Param2} {Param1} Monster Specimen {Param3},Espécime de monstro coletado por Hunters Guild para pesquisa.,Lesser,Black Pillar Cliffs,II
6110411,{Param2} {Param1} Monster Specimen {Param3},Espécime de monstro coletado por Hunters Guild para pesquisa.,Lesser,Black Pillar Cliffs,III
6110412,{Param2} {Param1} Monster Specimen {Param3},Espécime de monstro coletado por Hunters Guild para pesquisa.,Lesser,Black Pillar Cliffs,IV
6110413,{Param2} {Param1} Monster Specimen {Param3},Espécime de monstro coletado por Hunters Guild para pesquisa.,Lesser,Gray Forest,I
6110414,{Param2} {Param1} Monster Specimen {Param3},Espécime de monstro coletado por Hunters Guild para pesquisa.,Lesser,Gray Forest,II
6110415,{Param2} {Param1} Monster Specimen {Param3},Espécime de monstro coletado por Hunters Guild para pesquisa.,Lesser,Gray Forest,III
6110416,{Param2} {Param1} Monster Specimen {Param3},Espécime de monstro coletado por Hunters Guild para pesquisa.,Lesser,Gray Forest,IV
6110417,{Param2} {Param1} Monster Specimen {Param3},Espécime de monstro coletado por Hunters Guild para pesquisa.,Lesser,Rebel Stronghold,I
6110418,{Param2} {Param1} Monster Specimen {Param3},Espécime de monstro coletado por Hunters Guild para pesquisa.,Lesser,Rebel Stronghold,II
6110419,{Param2} {Param1} Monster Specimen {Param3},Espécime de monstro coletado por Hunters Guild para pesquisa.,Lesser,Rebel Stronghold,III
6110420,{Param2} {Param1} Monster Specimen {Param3},Espécime de monstro coletado por Hunters Guild para pesquisa.,Lesser,Rebel Stronghold,IV
6110421,{Param2} {Param1} Monster Specimen {Param3},Espécime de monstro coletado por Hunters Guild para pesquisa.,Lesser,Sere-Moss Heights,I
6110422,{Param2} {Param1} Monster Specimen {Param3},Espécime de monstro coletado por Hunters Guild para pesquisa.,Lesser,Sere-Moss Heights,II
6110423,{Param2} {Param1} Monster Specimen {Param3},Espécime de monstro coletado por Hunters Guild para pesquisa.,Lesser,Sere-Moss Heights,III
6110424,{Param2} {Param1} Monster Specimen {Param3},Espécime de monstro coletado por Hunters Guild para pesquisa.,Lesser,Sere-Moss Heights,IV
6110425,{Param2} {Param1} Monster Specimen {Param3},Espécime de monstro coletado por Hunters Guild para pesquisa.,Lesser,Serpent's Path,I
6110426,{Param2} {Param1} Monster Specimen {Param3},Espécime de monstro coletado por Hunters Guild para pesquisa.,Lesser,Serpent's Path,II
6110427,{Param2} {Param1} Monster Specimen {Param3},Espécime de monstro coletado por Hunters Guild para pesquisa.,Lesser,Serpent's Path,III
6110428,{Param2} {Param1} Monster Specimen {Param3},Espécime de monstro coletado por Hunters Guild para pesquisa.,Lesser,Serpent's Path,IV
6110429,{Param2} {Param1} Monster Specimen {Param3},Espécime de monstro coletado por Hunters Guild para pesquisa.,Lesser,White Stag's Cradle,I
6110430,{Param2} {Param1} Monster Specimen {Param3},Espécime de monstro coletado por Hunters Guild para pesquisa.,Lesser,White Stag's Cradle,II
6110431,{Param2} {Param1} Monster Specimen {Param3},Espécime de monstro coletado por Hunters Guild para pesquisa.,Lesser,White Stag's Cradle,III
6110432,{Param2} {Param1} Monster Specimen {Param3},Espécime de monstro coletado por Hunters Guild para pesquisa.,Lesser,White Stag's Cradle,IV
6110433,{Param2} {Param1} Monster Specimen {Param3},Espécime de monstro coletado por Hunters Guild para pesquisa.,Lesser,Hoarfrost Snowfield Crossroads,I
6110434,{Param2} {Param1} Monster Specimen {Param3},Espécime de monstro coletado por Hunters Guild para pesquisa.,Lesser,Hoarfrost Snowfield Crossroads,II
6110435,{Param2} {Param1} Monster Specimen {Param3},Espécime de monstro coletado por Hunters Guild para pesquisa.,Lesser,Hoarfrost Snowfield Crossroads,III
6110436,{Param2} {Param1} Monster Specimen {Param3},Espécime de monstro coletado por Hunters Guild para pesquisa.,Lesser,Hoarfrost Snowfield Crossroads,IV
6110437,{Param2} {Param1} Monster Specimen {Param3},Espécime de monstro coletado por Hunters Guild para pesquisa.,Lesser,Silver Shadow Temple,I
6110438,{Param2} {Param1} Monster Specimen {Param3},Espécime de monstro coletado por Hunters Guild para pesquisa.,Lesser,Silver Shadow Temple,II
6110439,{Param2} {Param1} Monster Specimen {Param3},Espécime de monstro coletado por Hunters Guild para pesquisa.,Lesser,Silver Shadow Temple,III
6110440,{Param2} {Param1} Monster Specimen {Param3},Espécime de monstro coletado por Hunters Guild para pesquisa.,Lesser,Silver Shadow Temple,IV
6111101,{Param2} {Param1} Monster Specimen {Param3},Espécime de monstro coletado por Hunters Guild para pesquisa.,Lesser,Whirlwind Gorge,I
6111102,{Param2} {Param1} Monster Specimen {Param3},Espécime de monstro coletado por Hunters Guild para pesquisa.,Lesser,Whirlwind Gorge,II
6111103,{Param2} {Param1} Monster Specimen {Param3},Espécime de monstro coletado por Hunters Guild para pesquisa.,Lesser,Whirlwind Gorge,III
6111104,{Param2} {Param1} Monster Specimen {Param3},Espécime de monstro coletado por Hunters Guild para pesquisa.,Lesser,Whirlwind Gorge,IV
6111105,{Param2} {Param1} Monster Specimen {Param3},Espécime de monstro coletado por Hunters Guild para pesquisa.,Lesser,Valley of Oblivion,I
6111106,{Param2} {Param1} Monster Specimen {Param3},Espécime de monstro coletado por Hunters Guild para pesquisa.,Lesser,Valley of Oblivion,II
6111107,{Param2} {Param1} Monster Specimen {Param3},Espécime de monstro coletado por Hunters Guild para pesquisa.,Lesser,Valley of Oblivion,III
6111108,{Param2} {Param1} Monster Specimen {Param3},Espécime de monstro coletado por Hunters Guild para pesquisa.,Lesser,Valley of Oblivion,IV
6111109,{Param2} {Param1} Monster Specimen {Param3},Espécime de monstro coletado por Hunters Guild para pesquisa.,Lesser,Arcal’s Territory,I
6111110,{Param2} {Param1} Monster Specimen {Param3},Espécime de monstro coletado por Hunters Guild para pesquisa.,Lesser,Arcal’s Territory,II
6111111,{Param2} {Param1} Monster Specimen {Param3},Espécime de monstro coletado por Hunters Guild para pesquisa.,Lesser,Arcal’s Territory,III
6111112,{Param2} {Param1} Monster Specimen {Param3},Espécime de monstro coletado por Hunters Guild para pesquisa.,Lesser,Arcal’s Territory,IV
6111113,{Param2} {Param1} Monster Specimen {Param3},Espécime de monstro coletado por Hunters Guild para pesquisa.,Lesser,Valley of Oblivion,I
6111114,{Param2} {Param1} Monster Specimen {Param3},Espécime de monstro coletado por Hunters Guild para pesquisa.,Lesser,Valley of Oblivion,II
6111115,{Param2} {Param1} Monster Specimen {Param3},Espécime de monstro coletado por Hunters Guild para pesquisa.,Lesser,Valley of Oblivion,III
6111116,{Param2} {Param1} Monster Specimen {Param3},Espécime de monstro coletado por Hunters Guild para pesquisa.,Lesser,Valley of Oblivion,IV
6111117,{Param2} {Param1} Monster Specimen {Param3},Espécime de monstro coletado por Hunters Guild para pesquisa.,Lesser,Whirling Barrows,I
6111118,{Param2} {Param1} Monster Specimen {Param3},Espécime de monstro coletado por Hunters Guild para pesquisa.,Lesser,Whirling Barrows,II
6111119,{Param2} {Param1} Monster Specimen {Param3},Espécime de monstro coletado por Hunters Guild para pesquisa.,Lesser,Whirling Barrows,III
6111120,{Param2} {Param1} Monster Specimen {Param3},Espécime de monstro coletado por Hunters Guild para pesquisa.,Lesser,Whirling Barrows,IV
6111121,{Param2} {Param1} Monster Specimen {Param3},Espécime de monstro coletado por Hunters Guild para pesquisa.,Lesser,Thunderbird's Nest,I
6111122,{Param2} {Param1} Monster Specimen {Param3},Espécime de monstro coletado por Hunters Guild para pesquisa.,Lesser,Thunderbird's Nest,II
6111123,{Param2} {Param1} Monster Specimen {Param3},Espécime de monstro coletado por Hunters Guild para pesquisa.,Lesser,Thunderbird's Nest,III
6111124,{Param2} {Param1} Monster Specimen {Param3},Espécime de monstro coletado por Hunters Guild para pesquisa.,Lesser,Thunderbird's Nest,IV
6111125,{Param2} {Param1} Monster Specimen {Param3},Espécime de monstro coletado por Hunters Guild para pesquisa.,Lesser,Red Rock Garden,I
6111126,{Param2} {Param1} Monster Specimen {Param3},Espécime de monstro coletado por Hunters Guild para pesquisa.,Lesser,Red Rock Garden,II
6111127,{Param2} {Param1} Monster Specimen {Param3},Espécime de monstro coletado por Hunters Guild para pesquisa.,Lesser,Red Rock Garden,III
6111128,{Param2} {Param1} Monster Specimen {Param3},Espécime de monstro coletado por Hunters Guild para pesquisa.,Lesser,Red Rock Garden,IV
6111129,{Param2} {Param1} Monster Specimen {Param3},Espécime de monstro coletado por Hunters Guild para pesquisa.,Lesser,Gate of Lament,I
6111130,{Param2} {Param1} Monster Specimen {Param3},Espécime de monstro coletado por Hunters Guild para pesquisa.,Lesser,Gate of Lament,II
6111131,{Param2} {Param1} Monster Specimen {Param3},Espécime de monstro coletado por Hunters Guild para pesquisa.,Lesser,Gate of Lament,III
6111132,{Param2} {Param1} Monster Specimen {Param3},Espécime de monstro coletado por Hunters Guild para pesquisa.,Lesser,Gate of Lament,IV
6111133,{Param2} {Param1} Monster Specimen {Param3},Espécime de monstro coletado por Hunters Guild para pesquisa.,Lesser,Red Plains,I
6111134,{Param2} {Param1} Monster Specimen {Param3},Espécime de monstro coletado por Hunters Guild para pesquisa.,Lesser,Red Plains,II
6111135,{Param2} {Param1} Monster Specimen {Param3},Espécime de monstro coletado por Hunters Guild para pesquisa.,Lesser,Red Plains,III
6111136,{Param2} {Param1} Monster Specimen {Param3},Espécime de monstro coletado por Hunters Guild para pesquisa.,Lesser,Red Plains,IV
6111201,{Param2} {Param1} Monster Specimen {Param3},Espécime de monstro coletado por Hunters Guild para pesquisa.,Lesser,Forsaken Mine Entrance,I
6111202,{Param2} {Param1} Monster Specimen {Param3},Espécime de monstro coletado por Hunters Guild para pesquisa.,Lesser,Forsaken Mine Entrance,II
6111203,{Param2} {Param1} Monster Specimen {Param3},Espécime de monstro coletado por Hunters Guild para pesquisa.,Lesser,Forsaken Mine Entrance,III
6111204,{Param2} {Param1} Monster Specimen {Param3},Espécime de monstro coletado por Hunters Guild para pesquisa.,Lesser,Forsaken Mine Entrance,IV
6111205,{Param2} {Param1} Monster Specimen {Param3},Espécime de monstro coletado por Hunters Guild para pesquisa.,Lesser,Forsaken Mine,I
6111206,{Param2} {Param1} Monster Specimen {Param3},Espécime de monstro coletado por Hunters Guild para pesquisa.,Lesser,Forsaken Mine,II
6111207,{Param2} {Param1} Monster Specimen {Param3},Espécime de monstro coletado por Hunters Guild para pesquisa.,Lesser,Forsaken Mine,III
6111208,{Param2} {Param1} Monster Specimen {Param3},Espécime de monstro coletado por Hunters Guild para pesquisa.,Lesser,Forsaken Mine,IV
6111209,{Param2} {Param1} Monster Specimen {Param3},Espécime de monstro coletado por Hunters Guild para pesquisa.,Lesser,Forsaken Mine Outreaches,I
6111210,{Param2} {Param1} Monster Specimen {Param3},Espécime de monstro coletado por Hunters Guild para pesquisa.,Lesser,Forsaken Mine Outreaches,II
6111211,{Param2} {Param1} Monster Specimen {Param3},Espécime de monstro coletado por Hunters Guild para pesquisa.,Lesser,Forsaken Mine Outreaches,III
6111212,{Param2} {Param1} Monster Specimen {Param3},Espécime de monstro coletado por Hunters Guild para pesquisa.,Lesser,Forsaken Mine Outreaches,IV
6111213,{Param2} {Param1} Monster Specimen {Param3},Espécime de monstro coletado por Hunters Guild para pesquisa.,Lesser,Ancient Imperial Institute Ruins,I
6111214,{Param2} {Param1} Monster Specimen {Param3},Espécime de monstro coletado por Hunters Guild para pesquisa.,Lesser,Ancient Imperial Institute Ruins,II
6111215,{Param2} {Param1} Monster Specimen {Param3},Espécime de monstro coletado por Hunters Guild para pesquisa.,Lesser,Ancient Imperial Institute Ruins,III
6111216,{Param2} {Param1} Monster Specimen {Param3},Espécime de monstro coletado por Hunters Guild para pesquisa.,Lesser,Ancient Imperial Institute Ruins,IV
6111217,{Param2} {Param1} Monster Specimen {Param3},Espécime de monstro coletado por Hunters Guild para pesquisa.,Lesser,Hallowed Mana-Sanctum,I
6111218,{Param2} {Param1} Monster Specimen {Param3},Espécime de monstro coletado por Hunters Guild para pesquisa.,Lesser,Hallowed Mana-Sanctum,II
6111219,{Param2} {Param1} Monster Specimen {Param3},Espécime de monstro coletado por Hunters Guild para pesquisa.,Lesser,Hallowed Mana-Sanctum,III
6111220,{Param2} {Param1} Monster Specimen {Param3},Espécime de monstro coletado por Hunters Guild para pesquisa.,Lesser,Hallowed Mana-Sanctum,IV
6111221,{Param2} {Param1} Monster Specimen {Param3},Espécime de monstro coletado por Hunters Guild para pesquisa.,Lesser,The Savage Ravine,I
6111222,{Param2} {Param1} Monster Specimen {Param3},Espécime de monstro coletado por Hunters Guild para pesquisa.,Lesser,The Savage Ravine,II
6111223,{Param2} {Param1} Monster Specimen {Param3},Espécime de monstro coletado por Hunters Guild para pesquisa.,Lesser,The Savage Ravine,III
6111224,{Param2} {Param1} Monster Specimen {Param3},Espécime de monstro coletado por Hunters Guild para pesquisa.,Lesser,The Savage Ravine,IV
6111225,{Param2} {Param1} Monster Specimen {Param3},Espécime de monstro coletado por Hunters Guild para pesquisa.,Lesser,Forest of Bellowing Dragons,I
6111226,{Param2} {Param1} Monster Specimen {Param3},Espécime de monstro coletado por Hunters Guild para pesquisa.,Lesser,Forest of Bellowing Dragons,II
6111227,{Param2} {Param1} Monster Specimen {Param3},Espécime de monstro coletado por Hunters Guild para pesquisa.,Lesser,Forest of Bellowing Dragons,III
6111228,{Param2} {Param1} Monster Specimen {Param3},Espécime de monstro coletado por Hunters Guild para pesquisa.,Lesser,Forest of Bellowing Dragons,IV
6111229,{Param2} {Param1} Monster Specimen {Param3},Espécime de monstro coletado por Hunters Guild para pesquisa.,Lesser,Wyvern’s Nest,I
6111230,{Param2} {Param1} Monster Specimen {Param3},Espécime de monstro coletado por Hunters Guild para pesquisa.,Lesser,Wyvern’s Nest,II
6111231,{Param2} {Param1} Monster Specimen {Param3},Espécime de monstro coletado por Hunters Guild para pesquisa.,Lesser,Wyvern’s Nest,III
6111232,{Param2} {Param1} Monster Specimen {Param3},Espécime de monstro coletado por Hunters Guild para pesquisa.,Lesser,Wyvern’s Nest,IV
6111301,{Param2} {Param1} Monster Specimen {Param3},Espécime de monstro coletado por Hunters Guild para pesquisa.,Lesser,Thunderfall Falls,I
6111302,{Param2} {Param1} Monster Specimen {Param3},Espécime de monstro coletado por Hunters Guild para pesquisa.,Lesser,Thunderfall Falls,II
6111303,{Param2} {Param1} Monster Specimen {Param3},Espécime de monstro coletado por Hunters Guild para pesquisa.,Lesser,Thunderfall Falls,III
6111304,{Param2} {Param1} Monster Specimen {Param3},Espécime de monstro coletado por Hunters Guild para pesquisa.,Lesser,Thunderfall Falls,IV
6111305,{Param2} {Param1} Monster Specimen {Param3},Espécime de monstro coletado por Hunters Guild para pesquisa.,Lesser,Waterfall Grotto,I
6111306,{Param2} {Param1} Monster Specimen {Param3},Espécime de monstro coletado por Hunters Guild para pesquisa.,Lesser,Waterfall Grotto,II
6111307,{Param2} {Param1} Monster Specimen {Param3},Espécime de monstro coletado por Hunters Guild para pesquisa.,Lesser,Waterfall Grotto,III
6111308,{Param2} {Param1} Monster Specimen {Param3},Espécime de monstro coletado por Hunters Guild para pesquisa.,Lesser,Waterfall Grotto,IV
6111309,{Param2} {Param1} Monster Specimen {Param3},Espécime de monstro coletado por Hunters Guild para pesquisa.,Lesser,Thunderfall Ridges,I
6111310,{Param2} {Param1} Monster Specimen {Param3},Espécime de monstro coletado por Hunters Guild para pesquisa.,Lesser,Thunderfall Ridges,II
6111311,{Param2} {Param1} Monster Specimen {Param3},Espécime de monstro coletado por Hunters Guild para pesquisa.,Lesser,Thunderfall Ridges,III
6111312,{Param2} {Param1} Monster Specimen {Param3},Espécime de monstro coletado por Hunters Guild para pesquisa.,Lesser,Thunderfall Ridges,IV
6111313,{Param2} {Param1} Monster Specimen {Param3},Espécime de monstro coletado por Hunters Guild para pesquisa.,Lesser,Forgotten Ridges,I
6111314,{Param2} {Param1} Monster Specimen {Param3},Espécime de monstro coletado por Hunters Guild para pesquisa.,Lesser,Forgotten Ridges,II
6111315,{Param2} {Param1} Monster Specimen {Param3},Espécime de monstro coletado por Hunters Guild para pesquisa.,Lesser,Forgotten Ridges,III
6111316,{Param2} {Param1} Monster Specimen {Param3},Espécime de monstro coletado por Hunters Guild para pesquisa.,Lesser,Forgotten Ridges,IV
6111317,{Param2} {Param1} Monster Specimen {Param3},Espécime de monstro coletado por Hunters Guild para pesquisa.,Lesser,Ruins of the Forgotten Kingdom,I
6111318,{Param2} {Param1} Monster Specimen {Param3},Espécime de monstro coletado por Hunters Guild para pesquisa.,Lesser,Ruins of the Forgotten Kingdom,II
6111319,{Param2} {Param1} Monster Specimen {Param3},Espécime de monstro coletado por Hunters Guild para pesquisa.,Lesser,Ruins of the Forgotten Kingdom,III
6111320,{Param2} {Param1} Monster Specimen {Param3},Espécime de monstro coletado por Hunters Guild para pesquisa.,Lesser,Ruins of the Forgotten Kingdom,IV
6111321,{Param2} {Param1} Monster Specimen {Param3},Espécime de monstro coletado por Hunters Guild para pesquisa.,Lesser,Ruins Outskirts,I
6111322,{Param2} {Param1} Monster Specimen {Param3},Espécime de monstro coletado por Hunters Guild para pesquisa.,Lesser,Ruins Outskirts,II
6111323,{Param2} {Param1} Monster Specimen {Param3},Espécime de monstro coletado por Hunters Guild para pesquisa.,Lesser,Ruins Outskirts,III
6111324,{Param2} {Param1} Monster Specimen {Param3},Espécime de monstro coletado por Hunters Guild para pesquisa.,Lesser,Ruins Outskirts,IV
6111325,{Param2} {Param1} Monster Specimen {Param3},Espécime de monstro coletado por Hunters Guild para pesquisa.,Lesser,Maelstrom Strand,I
6111326,{Param2} {Param1} Monster Specimen {Param3},Espécime de monstro coletado por Hunters Guild para pesquisa.,Lesser,Maelstrom Strand,II
6111327,{Param2} {Param1} Monster Specimen {Param3},Espécime de monstro coletado por Hunters Guild para pesquisa.,Lesser,Maelstrom Strand,III
6111328,{Param2} {Param1} Monster Specimen {Param3},Espécime de monstro coletado por Hunters Guild para pesquisa.,Lesser,Maelstrom Strand,IV
6111329,{Param2} {Param1} Monster Specimen {Param3},Espécime de monstro coletado por Hunters Guild para pesquisa.,Lesser,Flay-Stone Reef,I
6111330,{Param2} {Param1} Monster Specimen {Param3},Espécime de monstro coletado por Hunters Guild para pesquisa.,Lesser,Flay-Stone Reef,II
6111331,{Param2} {Param1} Monster Specimen {Param3},Espécime de monstro coletado por Hunters Guild para pesquisa.,Lesser,Flay-Stone Reef,III
6111332,{Param2} {Param1} Monster Specimen {Param3},Espécime de monstro coletado por Hunters Guild para pesquisa.,Lesser,Flay-Stone Reef,IV
6111401,{Param2} {Param1} Monster Specimen {Param3},Espécime de monstro coletado por Hunters Guild para pesquisa.,Lesser,Black Rock Plateau,I
6111402,{Param2} {Param1} Monster Specimen {Param3},Espécime de monstro coletado por Hunters Guild para pesquisa.,Lesser,Black Rock Plateau,II
6111403,{Param2} {Param1} Monster Specimen {Param3},Espécime de monstro coletado por Hunters Guild para pesquisa.,Lesser,Black Rock Plateau,III
6111404,{Param2} {Param1} Monster Specimen {Param3},Espécime de monstro coletado por Hunters Guild para pesquisa.,Lesser,Black Rock Plateau,IV
6111405,{Param2} {Param1} Monster Specimen {Param3},Espécime de monstro coletado por Hunters Guild para pesquisa.,Lesser,Giant's Refuge West,I
6111406,{Param2} {Param1} Monster Specimen {Param3},Espécime de monstro coletado por Hunters Guild para pesquisa.,Lesser,Giant's Refuge West,II
6111407,{Param2} {Param1} Monster Specimen {Param3},Espécime de monstro coletado por Hunters Guild para pesquisa.,Lesser,Giant's Refuge West,III
6111408,{Param2} {Param1} Monster Specimen {Param3},Espécime de monstro coletado por Hunters Guild para pesquisa.,Lesser,Giant's Refuge West,IV
6111409,{Param2} {Param1} Monster Specimen {Param3},Espécime de monstro coletado por Hunters Guild para pesquisa.,Lesser,Giant's Refuge East,I
6111410,{Param2} {Param1} Monster Specimen {Param3},Espécime de monstro coletado por Hunters Guild para pesquisa.,Lesser,Giant's Refuge East,II
6111411,{Param2} {Param1} Monster Specimen {Param3},Espécime de monstro coletado por Hunters Guild para pesquisa.,Lesser,Giant's Refuge East,III
6111412,{Param2} {Param1} Monster Specimen {Param3},Espécime de monstro coletado por Hunters Guild para pesquisa.,Lesser,Giant's Refuge East,IV
6111413,{Param2} {Param1} Monster Specimen {Param3},Espécime de monstro coletado por Hunters Guild para pesquisa.,Lesser,Frozen Shore,I
6111414,{Param2} {Param1} Monster Specimen {Param3},Espécime de monstro coletado por Hunters Guild para pesquisa.,Lesser,Frozen Shore,II
6111415,{Param2} {Param1} Monster Specimen {Param3},Espécime de monstro coletado por Hunters Guild para pesquisa.,Lesser,Frozen Shore,III
6111416,{Param2} {Param1} Monster Specimen {Param3},Espécime de monstro coletado por Hunters Guild para pesquisa.,Lesser,Frozen Shore,IV
6111417,{Param2} {Param1} Monster Specimen {Param3},Espécime de monstro coletado por Hunters Guild para pesquisa.,Lesser,Shrill-Whistle Coast,I
6111418,{Param2} {Param1} Monster Specimen {Param3},Espécime de monstro coletado por Hunters Guild para pesquisa.,Lesser,Shrill-Whistle Coast,II
6111419,{Param2} {Param1} Monster Specimen {Param3},Espécime de monstro coletado por Hunters Guild para pesquisa.,Lesser,Shrill-Whistle Coast,III
6111420,{Param2} {Param1} Monster Specimen {Param3},Espécime de monstro coletado por Hunters Guild para pesquisa.,Lesser,Shrill-Whistle Coast,IV
6111421,{Param2} {Param1} Monster Specimen {Param3},Espécime de monstro coletado por Hunters Guild para pesquisa.,Lesser,Blizzard's Breath Plain,I
6111422,{Param2} {Param1} Monster Specimen {Param3},Espécime de monstro coletado por Hunters Guild para pesquisa.,Lesser,Blizzard's Breath Plain,II
6111423,{Param2} {Param1} Monster Specimen {Param3},Espécime de monstro coletado por Hunters Guild para pesquisa.,Lesser,Blizzard's Breath Plain,III
6111424,{Param2} {Param1} Monster Specimen {Param3},Espécime de monstro coletado por Hunters Guild para pesquisa.,Lesser,Blizzard's Breath Plain,IV
6111425,{Param2} {Param1} Monster Specimen {Param3},Espécime de monstro coletado por Hunters Guild para pesquisa.,Lesser,Whispering Wind Plain,I
6111426,{Param2} {Param1} Monster Specimen {Param3},Espécime de monstro coletado por Hunters Guild para pesquisa.,Lesser,Whispering Wind Plain,II
6111427,{Param2} {Param1} Monster Specimen {Param3},Espécime de monstro coletado por Hunters Guild para pesquisa.,Lesser,Whispering Wind Plain,III
6111428,{Param2} {Param1} Monster Specimen {Param3},Espécime de monstro coletado por Hunters Guild para pesquisa.,Lesser,Whispering Wind Plain,IV
6111429,{Param2} {Param1} Monster Specimen {Param3},Espécime de monstro coletado por Hunters Guild para pesquisa.,Lesser,End of the Forsaken Land,I
6111430,{Param2} {Param1} Monster Specimen {Param3},Espécime de monstro coletado por Hunters Guild para pesquisa.,Lesser,End of the Forsaken Land,II
6111431,{Param2} {Param1} Monster Specimen {Param3},Espécime de monstro coletado por Hunters Guild para pesquisa.,Lesser,End of the Forsaken Land,III
6111432,{Param2} {Param1} Monster Specimen {Param3},Espécime de monstro coletado por Hunters Guild para pesquisa.,Lesser,End of the Forsaken Land,IV
6110501,{Param2} {Param1} Monster Specimen {Param3},Espécime de monstro coletado por Hunters Guild para pesquisa.,Lesser,Dragon's Breath,I
6110502,{Param2} {Param1} Monster Specimen {Param3},Espécime de monstro coletado por Hunters Guild para pesquisa.,Lesser,Dragon's Breath,II
6110503,{Param2} {Param1} Monster Specimen {Param3},Espécime de monstro coletado por Hunters Guild para pesquisa.,Lesser,Dragon's Breath,III
6110504,{Param2} {Param1} Monster Specimen {Param3},Espécime de monstro coletado por Hunters Guild para pesquisa.,Lesser,Dragon's Breath,IV
6110505,{Param2} {Param1} Monster Specimen {Param3},Espécime de monstro coletado por Hunters Guild para pesquisa.,Lesser,Ascent,I
6110506,{Param2} {Param1} Monster Specimen {Param3},Espécime de monstro coletado por Hunters Guild para pesquisa.,Lesser,Ascent,II
6110507,{Param2} {Param1} Monster Specimen {Param3},Espécime de monstro coletado por Hunters Guild para pesquisa.,Lesser,Ascent,III
6110508,{Param2} {Param1} Monster Specimen {Param3},Espécime de monstro coletado por Hunters Guild para pesquisa.,Lesser,Ascent,IV
6110509,{Param2} {Param1} Monster Specimen {Param3},Espécime de monstro coletado por Hunters Guild para pesquisa.,Lesser,Tranquil Field,I
6110510,{Param2} {Param1} Monster Specimen {Param3},Espécime de monstro coletado por Hunters Guild para pesquisa.,Lesser,Tranquil Field,II
6110511,{Param2} {Param1} Monster Specimen {Param3},Espécime de monstro coletado por Hunters Guild para pesquisa.,Lesser,Tranquil Field,III
6110512,{Param2} {Param1} Monster Specimen {Param3},Espécime de monstro coletado por Hunters Guild para pesquisa.,Lesser,Tranquil Field,IV
6110513,{Param2} {Param1} Monster Specimen {Param3},Espécime de monstro coletado por Hunters Guild para pesquisa.,Lesser,Low Wind,I
6110514,{Param2} {Param1} Monster Specimen {Param3},Espécime de monstro coletado por Hunters Guild para pesquisa.,Lesser,Low Wind,II
6110515,{Param2} {Param1} Monster Specimen {Param3},Espécime de monstro coletado por Hunters Guild para pesquisa.,Lesser,Low Wind,III
6110516,{Param2} {Param1} Monster Specimen {Param3},Espécime de monstro coletado por Hunters Guild para pesquisa.,Lesser,Low Wind,IV
6110517,{Param2} {Param1} Monster Specimen {Param3},Espécime de monstro coletado por Hunters Guild para pesquisa.,Lesser,Demonic Beast's Mane,I
6110518,{Param2} {Param1} Monster Specimen {Param3},Espécime de monstro coletado por Hunters Guild para pesquisa.,Lesser,Demonic Beast's Mane,II
6110519,{Param2} {Param1} Monster Specimen {Param3},Espécime de monstro coletado por Hunters Guild para pesquisa.,Lesser,Demonic Beast's Mane,III
6110520,{Param2} {Param1} Monster Specimen {Param3},Espécime de monstro coletado por Hunters Guild para pesquisa.,Lesser,Demonic Beast's Mane,IV
6110521,{Param2} {Param1} Monster Specimen {Param3},Espécime de monstro coletado por Hunters Guild para pesquisa.,Lesser,Devouring Cliff,I
6110522,{Param2} {Param1} Monster Specimen {Param3},Espécime de monstro coletado por Hunters Guild para pesquisa.,Lesser,Devouring Cliff,II
6110523,{Param2} {Param1} Monster Specimen {Param3},Espécime de monstro coletado por Hunters Guild para pesquisa.,Lesser,Devouring Cliff,III
6110524,{Param2} {Param1} Monster Specimen {Param3},Espécime de monstro coletado por Hunters Guild para pesquisa.,Lesser,Devouring Cliff,IV
6110525,{Param2} {Param1} Monster Specimen {Param3},Espécime de monstro coletado por Hunters Guild para pesquisa.,Lesser,Plain of Two Steps,I
6110526,{Param2} {Param1} Monster Specimen {Param3},Espécime de monstro coletado por Hunters Guild para pesquisa.,Lesser,Plain of Two Steps,II
6110527,{Param2} {Param1} Monster Specimen {Param3},Espécime de monstro coletado por Hunters Guild para pesquisa.,Lesser,Plain of Two Steps,III
6110528,{Param2} {Param1} Monster Specimen {Param3},Espécime de monstro coletado por Hunters Guild para pesquisa.,Lesser,Plain of Two Steps,IV
6110529,{Param2} {Param1} Monster Specimen {Param3},Espécime de monstro coletado por Hunters Guild para pesquisa.,Lesser,Hunter's Platform,I
6110530,{Param2} {Param1} Monster Specimen {Param3},Espécime de monstro coletado por Hunters Guild para pesquisa.,Lesser,Hunter's Platform,II
6110531,{Param2} {Param1} Monster Specimen {Param3},Espécime de monstro coletado por Hunters Guild para pesquisa.,Lesser,Hunter's Platform,III
6110532,{Param2} {Param1} Monster Specimen {Param3},Espécime de monstro coletado por Hunters Guild para pesquisa.,Lesser,Hunter's Platform,IV
6110533,{Param2} {Param1} Monster Specimen {Param3},Espécime de monstro coletado por Hunters Guild para pesquisa.,Lesser,Dredged Shore,I
6110534,{Param2} {Param1} Monster Specimen {Param3},Espécime de monstro coletado por Hunters Guild para pesquisa.,Lesser,Dredged Shore,II
6110535,{Param2} {Param1} Monster Specimen {Param3},Espécime de monstro coletado por Hunters Guild para pesquisa.,Lesser,Dredged Shore,III
6110536,{Param2} {Param1} Monster Specimen {Param3},Espécime de monstro coletado por Hunters Guild para pesquisa.,Lesser,Dredged Shore,IV
6110537,{Param2} {Param1} Monster Specimen {Param3},Espécime de monstro coletado por Hunters Guild para pesquisa.,Lesser,Broken Keel,I
6110538,{Param2} {Param1} Monster Specimen {Param3},Espécime de monstro coletado por Hunters Guild para pesquisa.,Lesser,Broken Keel,II
6110539,{Param2} {Param1} Monster Specimen {Param3},Espécime de monstro coletado por Hunters Guild para pesquisa.,Lesser,Broken Keel,III
6110540,{Param2} {Param1} Monster Specimen {Param3},Espécime de monstro coletado por Hunters Guild para pesquisa.,Lesser,Broken Keel,IV
6110541,{Param2} {Param1} Monster Specimen {Param3},Espécime de monstro coletado por Hunters Guild para pesquisa.,Lesser,Dragon's Maw,I
6110542,{Param2} {Param1} Monster Specimen {Param3},Espécime de monstro coletado por Hunters Guild para pesquisa.,Lesser,Dragon's Maw,II
6110543,{Param2} {Param1} Monster Specimen {Param3},Espécime de monstro coletado por Hunters Guild para pesquisa.,Lesser,Dragon's Maw,III
6110544,{Param2} {Param1} Monster Specimen {Param3},Espécime de monstro coletado por Hunters Guild para pesquisa.,Lesser,Dragon's Maw,IV
6110545,{Param2} {Param1} Monster Specimen {Param3},Espécime de monstro coletado por Hunters Guild para pesquisa.,Lesser,Vile Dragon's Lair,I
6110546,{Param2} {Param1} Monster Specimen {Param3},Espécime de monstro coletado por Hunters Guild para pesquisa.,Lesser,Vile Dragon's Lair,II
6110547,{Param2} {Param1} Monster Specimen {Param3},Espécime de monstro coletado por Hunters Guild para pesquisa.,Lesser,Vile Dragon's Lair,III
6110548,{Param2} {Param1} Monster Specimen {Param3},Espécime de monstro coletado por Hunters Guild para pesquisa.,Lesser,Vile Dragon's Lair,IV
6110549,{Param2} {Param1} Monster Specimen {Param3},Espécime de monstro coletado por Hunters Guild para pesquisa.,Lesser,Three-Way Exit,I
6110550,{Param2} {Param1} Monster Specimen {Param3},Espécime de monstro coletado por Hunters Guild para pesquisa.,Lesser,Three-Way Exit,II
6110551,{Param2} {Param1} Monster Specimen {Param3},Espécime de monstro coletado por Hunters Guild para pesquisa.,Lesser,Three-Way Exit,III
6110552,{Param2} {Param1} Monster Specimen {Param3},Espécime de monstro coletado por Hunters Guild para pesquisa.,Lesser,Three-Way Exit,IV
6110553,{Param2} {Param1} Monster Specimen {Param3},Espécime de monstro coletado por Hunters Guild para pesquisa.,Lesser,Sunrise Shade,I
6110554,{Param2} {Param1} Monster Specimen {Param3},Espécime de monstro coletado por Hunters Guild para pesquisa.,Lesser,Sunrise Shade,II
6110555,{Param2} {Param1} Monster Specimen {Param3},Espécime de monstro coletado por Hunters Guild para pesquisa.,Lesser,Sunrise Shade,III
6110556,{Param2} {Param1} Monster Specimen {Param3},Espécime de monstro coletado por Hunters Guild para pesquisa.,Lesser,Sunrise Shade,IV
6110557,{Param2} {Param1} Monster Specimen {Param3},Espécime de monstro coletado por Hunters Guild para pesquisa.,Lesser,Twilight Forest,I
6110558,{Param2} {Param1} Monster Specimen {Param3},Espécime de monstro coletado por Hunters Guild para pesquisa.,Lesser,Twilight Forest,II
6110559,{Param2} {Param1} Monster Specimen {Param3},Espécime de monstro coletado por Hunters Guild para pesquisa.,Lesser,Twilight Forest,III
6110560,{Param2} {Param1} Monster Specimen {Param3},Espécime de monstro coletado por Hunters Guild para pesquisa.,Lesser,Twilight Forest,IV
6110561,{Param2} {Param1} Monster Specimen {Param3},Espécime de monstro coletado por Hunters Guild para pesquisa.,Lesser,Red Veil Valley,I
6110562,{Param2} {Param1} Monster Specimen {Param3},Espécime de monstro coletado por Hunters Guild para pesquisa.,Lesser,Red Veil Valley,II
6110563,{Param2} {Param1} Monster Specimen {Param3},Espécime de monstro coletado por Hunters Guild para pesquisa.,Lesser,Red Veil Valley,III
6110564,{Param2} {Param1} Monster Specimen {Param3},Espécime de monstro coletado por Hunters Guild para pesquisa.,Lesser,Red Veil Valley,IV
6110565,{Param2} {Param1} Monster Specimen {Param3},Espécime de monstro coletado por Hunters Guild para pesquisa.,Lesser,Encampment Entrance,I
6110566,{Param2} {Param1} Monster Specimen {Param3},Espécime de monstro coletado por Hunters Guild para pesquisa.,Lesser,Encampment Entrance,II
6110567,{Param2} {Param1} Monster Specimen {Param3},Espécime de monstro coletado por Hunters Guild para pesquisa.,Lesser,Encampment Entrance,III
6110568,{Param2} {Param1} Monster Specimen {Param3},Espécime de monstro coletado por Hunters Guild para pesquisa.,Lesser,Encampment Entrance,IV
6110569,{Param2} {Param1} Monster Specimen {Param3},Espécime de monstro coletado por Hunters Guild para pesquisa.,Lesser,Eye of the Forest,I
6110570,{Param2} {Param1} Monster Specimen {Param3},Espécime de monstro coletado por Hunters Guild para pesquisa.,Lesser,Eye of the Forest,II
6110571,{Param2} {Param1} Monster Specimen {Param3},Espécime de monstro coletado por Hunters Guild para pesquisa.,Lesser,Eye of the Forest,III
6110572,{Param2} {Param1} Monster Specimen {Param3},Espécime de monstro coletado por Hunters Guild para pesquisa.,Lesser,Eye of the Forest,IV
6110573,{Param2} {Param1} Monster Specimen {Param3},Espécime de monstro coletado por Hunters Guild para pesquisa.,Lesser,Holy Water Springs,I
6110574,{Param2} {Param1} Monster Specimen {Param3},Espécime de monstro coletado por Hunters Guild para pesquisa.,Lesser,Holy Water Springs,II
6110575,{Param2} {Param1} Monster Specimen {Param3},Espécime de monstro coletado por Hunters Guild para pesquisa.,Lesser,Holy Water Springs,III
6110576,{Param2} {Param1} Monster Specimen {Param3},Espécime de monstro coletado por Hunters Guild para pesquisa.,Lesser,Holy Water Springs,IV
6110577,{Param2} {Param1} Monster Specimen {Param3},Espécime de monstro coletado por Hunters Guild para pesquisa.,Lesser,Explorer's Corridor,I
6110578,{Param2} {Param1} Monster Specimen {Param3},Espécime de monstro coletado por Hunters Guild para pesquisa.,Lesser,Explorer's Corridor,II
6110579,{Param2} {Param1} Monster Specimen {Param3},Espécime de monstro coletado por Hunters Guild para pesquisa.,Lesser,Explorer's Corridor,III
6110580,{Param2} {Param1} Monster Specimen {Param3},Espécime de monstro coletado por Hunters Guild para pesquisa.,Lesser,Explorer's Corridor,IV
6110581,{Param2} {Param1} Monster Specimen {Param3},Espécime de monstro coletado por Hunters Guild para pesquisa.,Lesser,Bedrock Falls,I
6110582,{Param2} {Param1} Monster Specimen {Param3},Espécime de monstro coletado por Hunters Guild para pesquisa.,Lesser,Bedrock Falls,II
6110583,{Param2} {Param1} Monster Specimen {Param3},Espécime de monstro coletado por Hunters Guild para pesquisa.,Lesser,Bedrock Falls,III
6110584,{Param2} {Param1} Monster Specimen {Param3},Espécime de monstro coletado por Hunters Guild para pesquisa.,Lesser,Bedrock Falls,IV
6110585,{Param2} {Param1} Monster Specimen {Param3},Espécime de monstro coletado por Hunters Guild para pesquisa.,Lesser,Lake of Spirits,I
6110586,{Param2} {Param1} Monster Specimen {Param3},Espécime de monstro coletado por Hunters Guild para pesquisa.,Lesser,Lake of Spirits,II
6110587,{Param2} {Param1} Monster Specimen {Param3},Espécime de monstro coletado por Hunters Guild para pesquisa.,Lesser,Lake of Spirits,III
6110588,{Param2} {Param1} Monster Specimen {Param3},Espécime de monstro coletado por Hunters Guild para pesquisa.,Lesser,Lake of Spirits,IV
6110589,{Param2} {Param1} Monster Specimen {Param3},Espécime de monstro coletado por Hunters Guild para pesquisa.,Lesser,Sunlight Rapids,I
6110590,{Param2} {Param1} Monster Specimen {Param3},Espécime de monstro coletado por Hunters Guild para pesquisa.,Lesser,Sunlight Rapids,II
6110591,{Param2} {Param1} Monster Specimen {Param3},Espécime de monstro coletado por Hunters Guild para pesquisa.,Lesser,Sunlight Rapids,III
6110592,{Param2} {Param1} Monster Specimen {Param3},Espécime de monstro coletado por Hunters Guild para pesquisa.,Lesser,Sunlight Rapids,IV
6110593,{Param2} {Param1} Monster Specimen {Param3},Espécime de monstro coletado por Hunters Guild para pesquisa.,Lesser,Ancient Fall Site,I
6110594,{Param2} {Param1} Monster Specimen {Param3},Espécime de monstro coletado por Hunters Guild para pesquisa.,Lesser,Ancient Fall Site,II
6110595,{Param2} {Param1} Monster Specimen {Param3},Espécime de monstro coletado por Hunters Guild para pesquisa.,Lesser,Ancient Fall Site,III
6110596,{Param2} {Param1} Monster Specimen {Param3},Espécime de monstro coletado por Hunters Guild para pesquisa.,Lesser,Ancient Fall Site,IV
6110597,{Param2} {Param1} Monster Specimen {Param3},Espécime de monstro coletado por Hunters Guild para pesquisa.,Lesser,Adventurer's Recollection,I
6110598,{Param2} {Param1} Monster Specimen {Param3},Espécime de monstro coletado por Hunters Guild para pesquisa.,Lesser,Adventurer's Recollection,II
6110599,{Param2} {Param1} Monster Specimen {Param3},Espécime de monstro coletado por Hunters Guild para pesquisa.,Lesser,Adventurer's Recollection,III
6110600,{Param2} {Param1} Monster Specimen {Param3},Espécime de monstro coletado por Hunters Guild para pesquisa.,Lesser,Adventurer's Recollection,IV
6120201,{Param2} {Param1} Monster Specimen {Param3},Espécime de monstro coletado por Hunters Guild para pesquisa. Raro e difícil de obter.,Greater,Wide Riverbank,I
6120203,{Param2} {Param1} Monster Specimen {Param3},Espécime de monstro coletado por Hunters Guild para pesquisa. Raro e difícil de obter.,Greater,Wide Riverbank,II
6120205,{Param2} {Param1} Monster Specimen {Param3},Espécime de monstro coletado por Hunters Guild para pesquisa. Raro e difícil de obter.,Greater,Sunrise Slope,I
6120207,{Param2} {Param1} Monster Specimen {Param3},Espécime de monstro coletado por Hunters Guild para pesquisa. Raro e difícil de obter.,Greater,Sunrise Slope,II
6120209,{Param2} {Param1} Monster Specimen {Param3},Espécime de monstro coletado por Hunters Guild para pesquisa. Raro e difícil de obter.,Greater,Tenebrous Hollow,I
6120211,{Param2} {Param1} Monster Specimen {Param3},Espécime de monstro coletado por Hunters Guild para pesquisa. Raro e difícil de obter.,Greater,Tenebrous Hollow,II
6120213,{Param2} {Param1} Monster Specimen {Param3},Espécime de monstro coletado por Hunters Guild para pesquisa. Raro e difícil de obter.,Greater,Brume-Veiled Meadow,I
6120215,{Param2} {Param1} Monster Specimen {Param3},Espécime de monstro coletado por Hunters Guild para pesquisa. Raro e difícil de obter.,Greater,Brume-Veiled Meadow,II
6120217,{Param2} {Param1} Monster Specimen {Param3},Espécime de monstro coletado por Hunters Guild para pesquisa. Raro e difícil de obter.,Greater,Beast Corral,I
6120219,{Param2} {Param1} Monster Specimen {Param3},Espécime de monstro coletado por Hunters Guild para pesquisa. Raro e difícil de obter.,Greater,Beast Corral,II
6120221,{Param2} {Param1} Monster Specimen {Param3},Espécime de monstro coletado por Hunters Guild para pesquisa. Raro e difícil de obter.,Greater,Kuduru's Domain,I
6120223,{Param2} {Param1} Monster Specimen {Param3},Espécime de monstro coletado por Hunters Guild para pesquisa. Raro e difícil de obter.,Greater,Kuduru's Domain,II
6120225,{Param2} {Param1} Monster Specimen {Param3},Espécime de monstro coletado por Hunters Guild para pesquisa. Raro e difícil de obter.,Greater,Garden of Twilight,I
6120227,{Param2} {Param1} Monster Specimen {Param3},Espécime de monstro coletado por Hunters Guild para pesquisa. Raro e difícil de obter.,Greater,Garden of Twilight,II
6120229,{Param2} {Param1} Monster Specimen {Param3},Espécime de monstro coletado por Hunters Guild para pesquisa. Raro e difícil de obter.,Greater,Woodland of Elder Gods,I
6120231,{Param2} {Param1} Monster Specimen {Param3},Espécime de monstro coletado por Hunters Guild para pesquisa. Raro e difícil de obter.,Greater,Woodland of Elder Gods,II
6120233,{Param2} {Param1} Monster Specimen {Param3},Espécime de monstro coletado por Hunters Guild para pesquisa. Raro e difícil de obter.,Greater,Nameless Heights,I
6120235,{Param2} {Param1} Monster Specimen {Param3},Espécime de monstro coletado por Hunters Guild para pesquisa. Raro e difícil de obter.,Greater,Nameless Heights,II
6120301,{Param2} {Param1} Monster Specimen {Param3},Espécime de monstro coletado por Hunters Guild para pesquisa. Raro e difícil de obter.,Greater,Halcyon-Hush Woods,I
6120303,{Param2} {Param1} Monster Specimen {Param3},Espécime de monstro coletado por Hunters Guild para pesquisa. Raro e difícil de obter.,Greater,Halcyon-Hush Woods,II
6120305,{Param2} {Param1} Monster Specimen {Param3},Espécime de monstro coletado por Hunters Guild para pesquisa. Raro e difícil de obter.,Greater,Hesperia Farm (South),I
6120307,{Param2} {Param1} Monster Specimen {Param3},Espécime de monstro coletado por Hunters Guild para pesquisa. Raro e difícil de obter.,Greater,Hesperia Farm (South),II
6120309,{Param2} {Param1} Monster Specimen {Param3},Espécime de monstro coletado por Hunters Guild para pesquisa. Raro e difícil de obter.,Greater,Hesperia Farm (North),I
6120311,{Param2} {Param1} Monster Specimen {Param3},Espécime de monstro coletado por Hunters Guild para pesquisa. Raro e difícil de obter.,Greater,Hesperia Farm (North),II
6120313,{Param2} {Param1} Monster Specimen {Param3},Espécime de monstro coletado por Hunters Guild para pesquisa. Raro e difícil de obter.,Greater,Ember-Choke Grove,I
6120315,{Param2} {Param1} Monster Specimen {Param3},Espécime de monstro coletado por Hunters Guild para pesquisa. Raro e difícil de obter.,Greater,Ember-Choke Grove,II
6120317,{Param2} {Param1} Monster Specimen {Param3},Espécime de monstro coletado por Hunters Guild para pesquisa. Raro e difícil de obter.,Greater,Borderlands,I
6120319,{Param2} {Param1} Monster Specimen {Param3},Espécime de monstro coletado por Hunters Guild para pesquisa. Raro e difícil de obter.,Greater,Borderlands,II
6120321,{Param2} {Param1} Monster Specimen {Param3},Espécime de monstro coletado por Hunters Guild para pesquisa. Raro e difícil de obter.,Greater,Adamant Ascent,I
6120323,{Param2} {Param1} Monster Specimen {Param3},Espécime de monstro coletado por Hunters Guild para pesquisa. Raro e difícil de obter.,Greater,Adamant Ascent,II
6120325,{Param2} {Param1} Monster Specimen {Param3},Espécime de monstro coletado por Hunters Guild para pesquisa. Raro e difícil de obter.,Greater,War Drum Ridge,I
6120327,{Param2} {Param1} Monster Specimen {Param3},Espécime de monstro coletado por Hunters Guild para pesquisa. Raro e difícil de obter.,Greater,War Drum Ridge,II
6120329,{Param2} {Param1} Monster Specimen {Param3},Espécime de monstro coletado por Hunters Guild para pesquisa. Raro e difícil de obter.,Greater,Ironblood Brigade Hideout,I
6120331,{Param2} {Param1} Monster Specimen {Param3},Espécime de monstro coletado por Hunters Guild para pesquisa. Raro e difícil de obter.,Greater,Ironblood Brigade Hideout,II
6120333,{Param2} {Param1} Monster Specimen {Param3},Espécime de monstro coletado por Hunters Guild para pesquisa. Raro e difícil de obter.,Greater,Hallowed Obsidian Mountain,I
6120335,{Param2} {Param1} Monster Specimen {Param3},Espécime de monstro coletado por Hunters Guild para pesquisa. Raro e difícil de obter.,Greater,Hallowed Obsidian Mountain,II
6120337,{Param2} {Param1} Monster Specimen {Param3},Espécime de monstro coletado por Hunters Guild para pesquisa. Raro e difícil de obter.,Greater,Whirlwind Heights,I
6120339,{Param2} {Param1} Monster Specimen {Param3},Espécime de monstro coletado por Hunters Guild para pesquisa. Raro e difícil de obter.,Greater,Whirlwind Heights,II
6120401,{Param2} {Param1} Monster Specimen {Param3},Espécime de monstro coletado por Hunters Guild para pesquisa. Raro e difícil de obter.,Greater,Hoarfrost Snowfield Entrance,I
6120403,{Param2} {Param1} Monster Specimen {Param3},Espécime de monstro coletado por Hunters Guild para pesquisa. Raro e difícil de obter.,Greater,Hoarfrost Snowfield Entrance,II
6120405,{Param2} {Param1} Monster Specimen {Param3},Espécime de monstro coletado por Hunters Guild para pesquisa. Raro e difícil de obter.,Greater,Geyser Field,I
6120407,{Param2} {Param1} Monster Specimen {Param3},Espécime de monstro coletado por Hunters Guild para pesquisa. Raro e difícil de obter.,Greater,Geyser Field,II
6120409,{Param2} {Param1} Monster Specimen {Param3},Espécime de monstro coletado por Hunters Guild para pesquisa. Raro e difícil de obter.,Greater,Black Pillar Cliffs,I
6120411,{Param2} {Param1} Monster Specimen {Param3},Espécime de monstro coletado por Hunters Guild para pesquisa. Raro e difícil de obter.,Greater,Black Pillar Cliffs,II
6120413,{Param2} {Param1} Monster Specimen {Param3},Espécime de monstro coletado por Hunters Guild para pesquisa. Raro e difícil de obter.,Greater,Gray Forest,I
6120415,{Param2} {Param1} Monster Specimen {Param3},Espécime de monstro coletado por Hunters Guild para pesquisa. Raro e difícil de obter.,Greater,Gray Forest,II
6120417,{Param2} {Param1} Monster Specimen {Param3},Espécime de monstro coletado por Hunters Guild para pesquisa. Raro e difícil de obter.,Greater,Rebel Stronghold,I
6120419,{Param2} {Param1} Monster Specimen {Param3},Espécime de monstro coletado por Hunters Guild para pesquisa. Raro e difícil de obter.,Greater,Rebel Stronghold,II
6120421,{Param2} {Param1} Monster Specimen {Param3},Espécime de monstro coletado por Hunters Guild para pesquisa. Raro e difícil de obter.,Greater,Sere-Moss Heights,I
6120423,{Param2} {Param1} Monster Specimen {Param3},Espécime de monstro coletado por Hunters Guild para pesquisa. Raro e difícil de obter.,Greater,Sere-Moss Heights,II
6120425,{Param2} {Param1} Monster Specimen {Param3},Espécime de monstro coletado por Hunters Guild para pesquisa. Raro e difícil de obter.,Greater,Serpent's Path,I
6120427,{Param2} {Param1} Monster Specimen {Param3},Espécime de monstro coletado por Hunters Guild para pesquisa. Raro e difícil de obter.,Greater,Serpent's Path,II
6120429,{Param2} {Param1} Monster Specimen {Param3},Espécime de monstro coletado por Hunters Guild para pesquisa. Raro e difícil de obter.,Greater,White Stag's Cradle,I
6120431,{Param2} {Param1} Monster Specimen {Param3},Espécime de monstro coletado por Hunters Guild para pesquisa. Raro e difícil de obter.,Greater,White Stag's Cradle,II
6120433,{Param2} {Param1} Monster Specimen {Param3},Espécime de monstro coletado por Hunters Guild para pesquisa. Raro e difícil de obter.,Greater,Hoarfrost Snowfield Crossroads,I
6120435,{Param2} {Param1} Monster Specimen {Param3},Espécime de monstro coletado por Hunters Guild para pesquisa. Raro e difícil de obter.,Greater,Hoarfrost Snowfield Crossroads,II
6120437,{Param2} {Param1} Monster Specimen {Param3},Espécime de monstro coletado por Hunters Guild para pesquisa. Raro e difícil de obter.,Greater,Silver Shadow Temple,I
6120439,{Param2} {Param1} Monster Specimen {Param3},Espécime de monstro coletado por Hunters Guild para pesquisa. Raro e difícil de obter.,Greater,Silver Shadow Temple,II
6121101,{Param2} {Param1} Monster Specimen {Param3},Espécime de monstro coletado por Hunters Guild para pesquisa. Raro e difícil de obter.,Greater,Whirlwind Gorge,I
6121103,{Param2} {Param1} Monster Specimen {Param3},Espécime de monstro coletado por Hunters Guild para pesquisa. Raro e difícil de obter.,Greater,Whirlwind Gorge,II
6121105,{Param2} {Param1} Monster Specimen {Param3},Espécime de monstro coletado por Hunters Guild para pesquisa. Raro e difícil de obter.,Greater,Valley of Oblivion,I
6121107,{Param2} {Param1} Monster Specimen {Param3},Espécime de monstro coletado por Hunters Guild para pesquisa. Raro e difícil de obter.,Greater,Valley of Oblivion,II
6121109,{Param2} {Param1} Monster Specimen {Param3},Espécime de monstro coletado por Hunters Guild para pesquisa. Raro e difícil de obter.,Greater,Arcal’s Territory,I
6121111,{Param2} {Param1} Monster Specimen {Param3},Espécime de monstro coletado por Hunters Guild para pesquisa. Raro e difícil de obter.,Greater,Arcal’s Territory,II
6121113,{Param2} {Param1} Monster Specimen {Param3},Espécime de monstro coletado por Hunters Guild para pesquisa. Raro e difícil de obter.,Greater,Valley of Oblivion,I
6121115,{Param2} {Param1} Monster Specimen {Param3},Espécime de monstro coletado por Hunters Guild para pesquisa. Raro e difícil de obter.,Greater,Valley of Oblivion,II
6121117,{Param2} {Param1} Monster Specimen {Param3},Espécime de monstro coletado por Hunters Guild para pesquisa. Raro e difícil de obter.,Greater,Whirling Barrows,I
6121119,{Param2} {Param1} Monster Specimen {Param3},Espécime de monstro coletado por Hunters Guild para pesquisa. Raro e difícil de obter.,Greater,Whirling Barrows,II
6121121,{Param2} {Param1} Monster Specimen {Param3},Espécime de monstro coletado por Hunters Guild para pesquisa. Raro e difícil de obter.,Greater,Thunderbird's Nest,I
6121123,{Param2} {Param1} Monster Specimen {Param3},Espécime de monstro coletado por Hunters Guild para pesquisa. Raro e difícil de obter.,Greater,Thunderbird's Nest,II
6121125,{Param2} {Param1} Monster Specimen {Param3},Espécime de monstro coletado por Hunters Guild para pesquisa. Raro e difícil de obter.,Greater,Red Rock Garden,I
6121127,{Param2} {Param1} Monster Specimen {Param3},Espécime de monstro coletado por Hunters Guild para pesquisa. Raro e difícil de obter.,Greater,Red Rock Garden,II
6121129,{Param2} {Param1} Monster Specimen {Param3},Espécime de monstro coletado por Hunters Guild para pesquisa. Raro e difícil de obter.,Greater,Gate of Lament,I
6121131,{Param2} {Param1} Monster Specimen {Param3},Espécime de monstro coletado por Hunters Guild para pesquisa. Raro e difícil de obter.,Greater,Gate of Lament,II
6121133,{Param2} {Param1} Monster Specimen {Param3},Espécime de monstro coletado por Hunters Guild para pesquisa. Raro e difícil de obter.,Greater,Red Plains,I
6121135,{Param2} {Param1} Monster Specimen {Param3},Espécime de monstro coletado por Hunters Guild para pesquisa. Raro e difícil de obter.,Greater,Red Plains,II
6121201,{Param2} {Param1} Monster Specimen {Param3},Espécime de monstro coletado por Hunters Guild para pesquisa. Raro e difícil de obter.,Greater,Forsaken Mine Entrance,I
6121203,{Param2} {Param1} Monster Specimen {Param3},Espécime de monstro coletado por Hunters Guild para pesquisa. Raro e difícil de obter.,Greater,Forsaken Mine Entrance,II
6121205,{Param2} {Param1} Monster Specimen {Param3},Espécime de monstro coletado por Hunters Guild para pesquisa. Raro e difícil de obter.,Greater,Forsaken Mine,I
6121207,{Param2} {Param1} Monster Specimen {Param3},Espécime de monstro coletado por Hunters Guild para pesquisa. Raro e difícil de obter.,Greater,Forsaken Mine,II
6121209,{Param2} {Param1} Monster Specimen {Param3},Espécime de monstro coletado por Hunters Guild para pesquisa. Raro e difícil de obter.,Greater,Forsaken Mine Outreaches,I
6121211,{Param2} {Param1} Monster Specimen {Param3},Espécime de monstro coletado por Hunters Guild para pesquisa. Raro e difícil de obter.,Greater,Forsaken Mine Outreaches,II
6121213,{Param2} {Param1} Monster Specimen {Param3},Espécime de monstro coletado por Hunters Guild para pesquisa. Raro e difícil de obter.,Greater,Ancient Imperial Institute Ruins,I
6121215,{Param2} {Param1} Monster Specimen {Param3},Espécime de monstro coletado por Hunters Guild para pesquisa. Raro e difícil de obter.,Greater,Ancient Imperial Institute Ruins,II
6121217,{Param2} {Param1} Monster Specimen {Param3},Espécime de monstro coletado por Hunters Guild para pesquisa. Raro e difícil de obter.,Greater,Hallowed Mana-Sanctum,I
6121219,{Param2} {Param1} Monster Specimen {Param3},Espécime de monstro coletado por Hunters Guild para pesquisa. Raro e difícil de obter.,Greater,Hallowed Mana-Sanctum,II
6121221,{Param2} {Param1} Monster Specimen {Param3},Espécime de monstro coletado por Hunters Guild para pesquisa. Raro e difícil de obter.,Greater,The Savage Ravine,I
6121223,{Param2} {Param1} Monster Specimen {Param3},Espécime de monstro coletado por Hunters Guild para pesquisa. Raro e difícil de obter.,Greater,The Savage Ravine,II
6121225,{Param2} {Param1} Monster Specimen {Param3},Espécime de monstro coletado por Hunters Guild para pesquisa. Raro e difícil de obter.,Greater,Forest of Bellowing Dragons,I
6121227,{Param2} {Param1} Monster Specimen {Param3},Espécime de monstro coletado por Hunters Guild para pesquisa. Raro e difícil de obter.,Greater,Forest of Bellowing Dragons,II
6121229,{Param2} {Param1} Monster Specimen {Param3},Espécime de monstro coletado por Hunters Guild para pesquisa. Raro e difícil de obter.,Greater,Wyvern’s Nest,I
6121231,{Param2} {Param1} Monster Specimen {Param3},Espécime de monstro coletado por Hunters Guild para pesquisa. Raro e difícil de obter.,Greater,Wyvern’s Nest,II
6121301,{Param2} {Param1} Monster Specimen {Param3},Espécime de monstro coletado por Hunters Guild para pesquisa. Raro e difícil de obter.,Greater,Thunderfall Falls,I
6121303,{Param2} {Param1} Monster Specimen {Param3},Espécime de monstro coletado por Hunters Guild para pesquisa. Raro e difícil de obter.,Greater,Thunderfall Falls,II
6121305,{Param2} {Param1} Monster Specimen {Param3},Espécime de monstro coletado por Hunters Guild para pesquisa. Raro e difícil de obter.,Greater,Waterfall Grotto,I
6121307,{Param2} {Param1} Monster Specimen {Param3},Espécime de monstro coletado por Hunters Guild para pesquisa. Raro e difícil de obter.,Greater,Waterfall Grotto,II
6121309,{Param2} {Param1} Monster Specimen {Param3},Espécime de monstro coletado por Hunters Guild para pesquisa. Raro e difícil de obter.,Greater,Thunderfall Ridges,I
6121311,{Param2} {Param1} Monster Specimen {Param3},Espécime de monstro coletado por Hunters Guild para pesquisa. Raro e difícil de obter.,Greater,Thunderfall Ridges,II
6121313,{Param2} {Param1} Monster Specimen {Param3},Espécime de monstro coletado por Hunters Guild para pesquisa. Raro e difícil de obter.,Greater,Forgotten Ridges,I
6121315,{Param2} {Param1} Monster Specimen {Param3},Espécime de monstro coletado por Hunters Guild para pesquisa. Raro e difícil de obter.,Greater,Forgotten Ridges,II
6121317,{Param2} {Param1} Monster Specimen {Param3},Espécime de monstro coletado por Hunters Guild para pesquisa. Raro e difícil de obter.,Greater,Ruins of the Forgotten Kingdom,I
6121319,{Param2} {Param1} Monster Specimen {Param3},Espécime de monstro coletado por Hunters Guild para pesquisa. Raro e difícil de obter.,Greater,Ruins of the Forgotten Kingdom,II
6121321,{Param2} {Param1} Monster Specimen {Param3},Espécime de monstro coletado por Hunters Guild para pesquisa. Raro e difícil de obter.,Greater,Ruins Outskirts,I
6121323,{Param2} {Param1} Monster Specimen {Param3},Espécime de monstro coletado por Hunters Guild para pesquisa. Raro e difícil de obter.,Greater,Ruins Outskirts,II
6121325,{Param2} {Param1} Monster Specimen {Param3},Espécime de monstro coletado por Hunters Guild para pesquisa. Raro e difícil de obter.,Greater,Maelstrom Strand,I
6121327,{Param2} {Param1} Monster Specimen {Param3},Espécime de monstro coletado por Hunters Guild para pesquisa. Raro e difícil de obter.,Greater,Maelstrom Strand,II
6121329,{Param2} {Param1} Monster Specimen {Param3},Espécime de monstro coletado por Hunters Guild para pesquisa. Raro e difícil de obter.,Greater,Flay-Stone Reef,I
6121331,{Param2} {Param1} Monster Specimen {Param3},Espécime de monstro coletado por Hunters Guild para pesquisa. Raro e difícil de obter.,Greater,Flay-Stone Reef,II
6121401,{Param2} {Param1} Monster Specimen {Param3},Espécime de monstro coletado por Hunters Guild para pesquisa. Raro e difícil de obter.,Greater,Black Rock Plateau,I
6121403,{Param2} {Param1} Monster Specimen {Param3},Espécime de monstro coletado por Hunters Guild para pesquisa. Raro e difícil de obter.,Greater,Black Rock Plateau,II
6121405,{Param2} {Param1} Monster Specimen {Param3},Espécime de monstro coletado por Hunters Guild para pesquisa. Raro e difícil de obter.,Greater,Giant's Refuge West,I
6121407,{Param2} {Param1} Monster Specimen {Param3},Espécime de monstro coletado por Hunters Guild para pesquisa. Raro e difícil de obter.,Greater,Giant's Refuge West,II
6121409,{Param2} {Param1} Monster Specimen {Param3},Espécime de monstro coletado por Hunters Guild para pesquisa. Raro e difícil de obter.,Greater,Giant's Refuge East,I
6121411,{Param2} {Param1} Monster Specimen {Param3},Espécime de monstro coletado por Hunters Guild para pesquisa. Raro e difícil de obter.,Greater,Giant's Refuge East,II
6121413,{Param2} {Param1} Monster Specimen {Param3},Espécime de monstro coletado por Hunters Guild para pesquisa. Raro e difícil de obter.,Greater,Frozen Shore,I
6121415,{Param2} {Param1} Monster Specimen {Param3},Espécime de monstro coletado por Hunters Guild para pesquisa. Raro e difícil de obter.,Greater,Frozen Shore,II
6121417,{Param2} {Param1} Monster Specimen {Param3},Espécime de monstro coletado por Hunters Guild para pesquisa. Raro e difícil de obter.,Greater,Shrill-Whistle Coast,I
6121419,{Param2} {Param1} Monster Specimen {Param3},Espécime de monstro coletado por Hunters Guild para pesquisa. Raro e difícil de obter.,Greater,Shrill-Whistle Coast,II
6121421,{Param2} {Param1} Monster Specimen {Param3},Espécime de monstro coletado por Hunters Guild para pesquisa. Raro e difícil de obter.,Greater,Blizzard's Breath Plain,I
6121423,{Param2} {Param1} Monster Specimen {Param3},Espécime de monstro coletado por Hunters Guild para pesquisa. Raro e difícil de obter.,Greater,Blizzard's Breath Plain,II
6121425,{Param2} {Param1} Monster Specimen {Param3},Espécime de monstro coletado por Hunters Guild para pesquisa. Raro e difícil de obter.,Greater,Whispering Wind Plain,I
6121427,{Param2} {Param1} Monster Specimen {Param3},Espécime de monstro coletado por Hunters Guild para pesquisa. Raro e difícil de obter.,Greater,Whispering Wind Plain,II
6121429,{Param2} {Param1} Monster Specimen {Param3},Espécime de monstro coletado por Hunters Guild para pesquisa. Raro e difícil de obter.,Greater,End of the Forsaken Land,I
6121431,{Param2} {Param1} Monster Specimen {Param3},Espécime de monstro coletado por Hunters Guild para pesquisa. Raro e difícil de obter.,Greater,End of the Forsaken Land,II
6120501,{Param2} {Param1} Monster Specimen {Param3},Espécime de monstro coletado por Hunters Guild para pesquisa. Raro e difícil de obter.,Greater,Dragon's Breath,I
6120503,{Param2} {Param1} Monster Specimen {Param3},Espécime de monstro coletado por Hunters Guild para pesquisa. Raro e difícil de obter.,Greater,Dragon's Breath,II
6120505,{Param2} {Param1} Monster Specimen {Param3},Espécime de monstro coletado por Hunters Guild para pesquisa. Raro e difícil de obter.,Greater,Ascent,I
6120507,{Param2} {Param1} Monster Specimen {Param3},Espécime de monstro coletado por Hunters Guild para pesquisa. Raro e difícil de obter.,Greater,Ascent,II
6120509,{Param2} {Param1} Monster Specimen {Param3},Espécime de monstro coletado por Hunters Guild para pesquisa. Raro e difícil de obter.,Greater,Tranquil Field,I
6120511,{Param2} {Param1} Monster Specimen {Param3},Espécime de monstro coletado por Hunters Guild para pesquisa. Raro e difícil de obter.,Greater,Tranquil Field,II
6120513,{Param2} {Param1} Monster Specimen {Param3},Espécime de monstro coletado por Hunters Guild para pesquisa. Raro e difícil de obter.,Greater,Low Wind,I
6120515,{Param2} {Param1} Monster Specimen {Param3},Espécime de monstro coletado por Hunters Guild para pesquisa. Raro e difícil de obter.,Greater,Low Wind,II
6120517,{Param2} {Param1} Monster Specimen {Param3},Espécime de monstro coletado por Hunters Guild para pesquisa. Raro e difícil de obter.,Greater,Demonic Beast's Mane,I
6120519,{Param2} {Param1} Monster Specimen {Param3},Espécime de monstro coletado por Hunters Guild para pesquisa. Raro e difícil de obter.,Greater,Demonic Beast's Mane,II
6120521,{Param2} {Param1} Monster Specimen {Param3},Espécime de monstro coletado por Hunters Guild para pesquisa. Raro e difícil de obter.,Greater,Devouring Cliff,I
6120523,{Param2} {Param1} Monster Specimen {Param3},Espécime de monstro coletado por Hunters Guild para pesquisa. Raro e difícil de obter.,Greater,Devouring Cliff,II
6120525,{Param2} {Param1} Monster Specimen {Param3},Espécime de monstro coletado por Hunters Guild para pesquisa. Raro e difícil de obter.,Greater,Plain of Two Steps,I
6120527,{Param2} {Param1} Monster Specimen {Param3},Espécime de monstro coletado por Hunters Guild para pesquisa. Raro e difícil de obter.,Greater,Plain of Two Steps,II
6120529,{Param2} {Param1} Monster Specimen {Param3},Espécime de monstro coletado por Hunters Guild para pesquisa. Raro e difícil de obter.,Greater,Hunter's Platform,I
6120531,{Param2} {Param1} Monster Specimen {Param3},Espécime de monstro coletado por Hunters Guild para pesquisa. Raro e difícil de obter.,Greater,Hunter's Platform,II
6120533,{Param2} {Param1} Monster Specimen {Param3},Espécime de monstro coletado por Hunters Guild para pesquisa. Raro e difícil de obter.,Greater,Dredged Shore,I
6120535,{Param2} {Param1} Monster Specimen {Param3},Espécime de monstro coletado por Hunters Guild para pesquisa. Raro e difícil de obter.,Greater,Dredged Shore,II
6120537,{Param2} {Param1} Monster Specimen {Param3},Espécime de monstro coletado por Hunters Guild para pesquisa. Raro e difícil de obter.,Greater,Broken Keel,I
6120539,{Param2} {Param1} Monster Specimen {Param3},Espécime de monstro coletado por Hunters Guild para pesquisa. Raro e difícil de obter.,Greater,Broken Keel,II
6120541,{Param2} {Param1} Monster Specimen {Param3},Espécime de monstro coletado por Hunters Guild para pesquisa. Raro e difícil de obter.,Greater,Dragon's Maw,I
6120543,{Param2} {Param1} Monster Specimen {Param3},Espécime de monstro coletado por Hunters Guild para pesquisa. Raro e difícil de obter.,Greater,Dragon's Maw,II
6120545,{Param2} {Param1} Monster Specimen {Param3},Espécime de monstro coletado por Hunters Guild para pesquisa. Raro e difícil de obter.,Greater,Vile Dragon's Lair,I
6120547,{Param2} {Param1} Monster Specimen {Param3},Espécime de monstro coletado por Hunters Guild para pesquisa. Raro e difícil de obter.,Greater,Vile Dragon's Lair,II
6120549,{Param2} {Param1} Monster Specimen {Param3},Espécime de monstro coletado por Hunters Guild para pesquisa. Raro e difícil de obter.,Greater,Three-Way Exit,I
6120551,{Param2} {Param1} Monster Specimen {Param3},Espécime de monstro coletado por Hunters Guild para pesquisa. Raro e difícil de obter.,Greater,Three-Way Exit,II
6120553,{Param2} {Param1} Monster Specimen {Param3},Espécime de monstro coletado por Hunters Guild para pesquisa. Raro e difícil de obter.,Greater,Sunrise Shade,I
6120555,{Param2} {Param1} Monster Specimen {Param3},Espécime de monstro coletado por Hunters Guild para pesquisa. Raro e difícil de obter.,Greater,Sunrise Shade,II
6120557,{Param2} {Param1} Monster Specimen {Param3},Espécime de monstro coletado por Hunters Guild para pesquisa. Raro e difícil de obter.,Greater,Twilight Forest,I
6120559,{Param2} {Param1} Monster Specimen {Param3},Espécime de monstro coletado por Hunters Guild para pesquisa. Raro e difícil de obter.,Greater,Twilight Forest,II
6120561,{Param2} {Param1} Monster Specimen {Param3},Espécime de monstro coletado por Hunters Guild para pesquisa. Raro e difícil de obter.,Greater,Red Veil Valley,I
6120563,{Param2} {Param1} Monster Specimen {Param3},Espécime de monstro coletado por Hunters Guild para pesquisa. Raro e difícil de obter.,Greater,Red Veil Valley,II
6120565,{Param2} {Param1} Monster Specimen {Param3},Espécime de monstro coletado por Hunters Guild para pesquisa. Raro e difícil de obter.,Greater,Encampment Entrance,I
6120567,{Param2} {Param1} Monster Specimen {Param3},Espécime de monstro coletado por Hunters Guild para pesquisa. Raro e difícil de obter.,Greater,Encampment Entrance,II
6120569,{Param2} {Param1} Monster Specimen {Param3},Espécime de monstro coletado por Hunters Guild para pesquisa. Raro e difícil de obter.,Greater,Eye of the Forest,I
6120571,{Param2} {Param1} Monster Specimen {Param3},Espécime de monstro coletado por Hunters Guild para pesquisa. Raro e difícil de obter.,Greater,Eye of the Forest,II
6120573,{Param2} {Param1} Monster Specimen {Param3},Espécime de monstro coletado por Hunters Guild para pesquisa. Raro e difícil de obter.,Greater,Holy Water Springs,I
6120575,{Param2} {Param1} Monster Specimen {Param3},Espécime de monstro coletado por Hunters Guild para pesquisa. Raro e difícil de obter.,Greater,Holy Water Springs,II
6120577,{Param2} {Param1} Monster Specimen {Param3},Espécime de monstro coletado por Hunters Guild para pesquisa. Raro e difícil de obter.,Greater,Explorer's Corridor,I
6120579,{Param2} {Param1} Monster Specimen {Param3},Espécime de monstro coletado por Hunters Guild para pesquisa. Raro e difícil de obter.,Greater,Explorer's Corridor,II
6120581,{Param2} {Param1} Monster Specimen {Param3},Espécime de monstro coletado por Hunters Guild para pesquisa. Raro e difícil de obter.,Greater,Bedrock Falls,I
6120583,{Param2} {Param1} Monster Specimen {Param3},Espécime de monstro coletado por Hunters Guild para pesquisa. Raro e difícil de obter.,Greater,Bedrock Falls,II
6120585,{Param2} {Param1} Monster Specimen {Param3},Espécime de monstro coletado por Hunters Guild para pesquisa. Raro e difícil de obter.,Greater,Lake of Spirits,I
6120587,{Param2} {Param1} Monster Specimen {Param3},Espécime de monstro coletado por Hunters Guild para pesquisa. Raro e difícil de obter.,Greater,Lake of Spirits,II
6120589,{Param2} {Param1} Monster Specimen {Param3},Espécime de monstro coletado por Hunters Guild para pesquisa. Raro e difícil de obter.,Greater,Sunlight Rapids,I
6120591,{Param2} {Param1} Monster Specimen {Param3},Espécime de monstro coletado por Hunters Guild para pesquisa. Raro e difícil de obter.,Greater,Sunlight Rapids,II
6120593,{Param2} {Param1} Monster Specimen {Param3},Espécime de monstro coletado por Hunters Guild para pesquisa. Raro e difícil de obter.,Greater,Ancient Fall Site,I
6120595,{Param2} {Param1} Monster Specimen {Param3},Espécime de monstro coletado por Hunters Guild para pesquisa. Raro e difícil de obter.,Greater,Ancient Fall Site,II
6120597,{Param2} {Param1} Monster Specimen {Param3},Espécime de monstro coletado por Hunters Guild para pesquisa. Raro e difícil de obter.,Greater,Adventurer's Recollection,I
6120599,{Param2} {Param1} Monster Specimen {Param3},Espécime de monstro coletado por Hunters Guild para pesquisa. Raro e difícil de obter.,Greater,Adventurer's Recollection,II
6130101,{Param1} Rift’s {Param2},"Material de pesquisa de Appraisers' Guild, obtido com monstros do andar {IntParam} de Giant's Tower.",Lesser,Sacred Stone,
6130102,{Param1} Petrified {Param2},"Material de pesquisa de Appraisers' Guild, obtido com monstros do andar {IntParam} de Giant's Tower.",Lesser,Sacred Stone,
6130103,{Param1} Cracked {Param2},"Material de pesquisa de Appraisers' Guild, obtido com monstros do andar {IntParam} de Giant's Tower.",Lesser,Sacred Stone,
6130104,{Param1} Cloudy {Param2},"Material de pesquisa de Appraisers' Guild, obtido com monstros do andar {IntParam} de Giant's Tower.",Lesser,Sacred Stone,
6130105,{Param1} Eroded {Param2},"Material de pesquisa de Appraisers' Guild, obtido com monstros do andar {IntParam} de Giant's Tower.",Lesser,Sacred Stone,
6130106,{Param1} Transparent {Param2},"Material de pesquisa de Appraisers' Guild, obtido com monstros do andar {IntParam} de Giant's Tower.",Lesser,Sacred Stone,
6130107,{Param1} Smooth {Param2},"Material de pesquisa de Appraisers' Guild, obtido com monstros do andar {IntParam} de Giant's Tower.",Lesser,Sacred Stone,
6130108,{Param1} Dazzling {Param2},"Material de pesquisa de Appraisers' Guild, obtido com monstros do andar {IntParam} de Giant's Tower.",Lesser,Sacred Stone,
6130109,{Param1} Gleaming {Param2},"Material de pesquisa de Appraisers' Guild, obtido com monstros do andar {IntParam} de Giant's Tower.",Lesser,Sacred Stone,
6130110,{Param1} Shining {Param2},"Material de pesquisa de Appraisers' Guild, obtido com monstros do andar {IntParam} de Giant's Tower.",Lesser,Sacred Stone,
6130201,{Param1} Dented {Param2},"Material de pesquisa de Appraisers' Guild, obtido com monstros do andar {IntParam} de Giant's Tower.",Lesser,Infernalstone,
6130202,{Param1} Distorted {Param2},"Material de pesquisa de Appraisers' Guild, obtido com monstros do andar {IntParam} de Giant's Tower.",Lesser,Infernalstone,
6130203,{Param1} Twisted {Param2},"Material de pesquisa de Appraisers' Guild, obtido com monstros do andar {IntParam} de Giant's Tower.",Lesser,Infernalstone,
6130204,{Param1} Contaminated {Param2},"Material de pesquisa de Appraisers' Guild, obtido com monstros do andar {IntParam} de Giant's Tower.",Lesser,Infernalstone,
6130205,{Param1} Mutated {Param2},"Material de pesquisa de Appraisers' Guild, obtido com monstros do andar {IntParam} de Giant's Tower.",Lesser,Infernalstone,
6130206,{Param1} Frenzied {Param2},"Material de pesquisa de Appraisers' Guild, obtido com monstros do andar {IntParam} de Giant's Tower.",Lesser,Infernalstone,
6130207,{Param1} Glowing {Param2},"Material de pesquisa de Appraisers' Guild, obtido com monstros do andar {IntParam} de Giant's Tower.",Lesser,Infernalstone,
6130208,{Param1} Feral {Param2},"Material de pesquisa de Appraisers' Guild, obtido com monstros do andar {IntParam} de Giant's Tower.",Lesser,Infernalstone,
6130209,{Param1} Writhing {Param2},"Material de pesquisa de Appraisers' Guild, obtido com monstros do andar {IntParam} de Giant's Tower.",Lesser,Infernalstone,
6130210,{Param1} Thorned {Param2},"Material de pesquisa de Appraisers' Guild, obtido com monstros do andar {IntParam} de Giant's Tower.",Lesser,Infernalstone,
6130301,{Param1} Rift’s {Param2},"Material de pesquisa de Appraisers' Guild, obtido com monstros do andar {IntParam} de Giant's Tower.",Lesser,Cosmicstone,
6130302,{Param1} Petrified {Param2},"Material de pesquisa de Appraisers' Guild, obtido com monstros do andar {IntParam} de Giant's Tower.",Lesser,Cosmicstone,
6130303,{Param1} Cracked {Param2},"Material de pesquisa de Appraisers' Guild, obtido com monstros do andar {IntParam} de Giant's Tower.",Lesser,Cosmicstone,
6130304,{Param1} Cloudy {Param2},"Material de pesquisa de Appraisers' Guild, obtido com monstros do andar {IntParam} de Giant's Tower.",Lesser,Cosmicstone,
6130305,{Param1} Eroded {Param2},"Material de pesquisa de Appraisers' Guild, obtido com monstros do andar {IntParam} de Giant's Tower.",Lesser,Cosmicstone,
6130306,{Param1} Transparent {Param2},"Material de pesquisa de Appraisers' Guild, obtido com monstros do andar {IntParam} de Giant's Tower.",Lesser,Cosmicstone,
6130307,{Param1} Smooth {Param2},"Material de pesquisa de Appraisers' Guild, obtido com monstros do andar {IntParam} de Giant's Tower.",Lesser,Cosmicstone,
6130308,{Param1} Dazzling {Param2},"Material de pesquisa de Appraisers' Guild, obtido com monstros do andar {IntParam} de Giant's Tower.",Lesser,Cosmicstone,
6130309,{Param1} Gleaming {Param2},"Material de pesquisa de Appraisers' Guild, obtido com monstros do andar {IntParam} de Giant's Tower.",Lesser,Cosmicstone,
6130310,{Param1} Shining {Param2},"Material de pesquisa de Appraisers' Guild, obtido com monstros do andar {IntParam} de Giant's Tower.",Lesser,Cosmicstone,
6130401,{Param1} Dented {Param2},"Material de pesquisa de Appraisers' Guild, obtido com monstros do andar {IntParam} de Giant's Tower.",Lesser,Bloodstone,
6130402,{Param1} Distorted {Param2},"Material de pesquisa de Appraisers' Guild, obtido com monstros do andar {IntParam} de Giant's Tower.",Lesser,Bloodstone,
6130403,{Param1} Twisted {Param2},"Material de pesquisa de Appraisers' Guild, obtido com monstros do andar {IntParam} de Giant's Tower.",Lesser,Bloodstone,
6130404,{Param1} Contaminated {Param2},"Material de pesquisa de Appraisers' Guild, obtido com monstros do andar {IntParam} de Giant's Tower.",Lesser,Bloodstone,
6130405,{Param1} Mutated {Param2},"Material de pesquisa de Appraisers' Guild, obtido com monstros do andar {IntParam} de Giant's Tower.",Lesser,Bloodstone,
6130406,{Param1} Frenzied {Param2},"Material de pesquisa de Appraisers' Guild, obtido com monstros do andar {IntParam} de Giant's Tower.",Lesser,Bloodstone,
6130407,{Param1} Glowing {Param2},"Material de pesquisa de Appraisers' Guild, obtido com monstros do andar {IntParam} de Giant's Tower.",Lesser,Bloodstone,
6130408,{Param1} Feral {Param2},"Material de pesquisa de Appraisers' Guild, obtido com monstros do andar {IntParam} de Giant's Tower.",Lesser,Bloodstone,
6130409,{Param1} Writhing {Param2},"Material de pesquisa de Appraisers' Guild, obtido com monstros do andar {IntParam} de Giant's Tower.",Lesser,Bloodstone,
6130410,{Param1} Thorned {Param2},"Material de pesquisa de Appraisers' Guild, obtido com monstros do andar {IntParam} de Giant's Tower.",Lesser,Bloodstone,
6140101,{Param1} Rift’s {Param2},"Material de pesquisa de Appraisers' Guild, raramente obtido com monstros do andar {IntParam} de Giant's Tower.",Greater,Sacred Stone,
6140102,{Param1} Petrified {Param2},"Material de pesquisa de Appraisers' Guild, raramente obtido com monstros do andar {IntParam} de Giant's Tower.",Greater,Sacred Stone,
6140103,{Param1} Cracked {Param2},"Material de pesquisa de Appraisers' Guild, raramente obtido com monstros do andar {IntParam} de Giant's Tower.",Greater,Sacred Stone,
6140104,{Param1} Cloudy {Param2},"Material de pesquisa de Appraisers' Guild, raramente obtido com monstros do andar {IntParam} de Giant's Tower.",Greater,Sacred Stone,
6140105,{Param1} Eroded {Param2},"Material de pesquisa de Appraisers' Guild, raramente obtido com monstros do andar {IntParam} de Giant's Tower.",Greater,Sacred Stone,
6140106,{Param1} Transparent {Param2},"Material de pesquisa de Appraisers' Guild, raramente obtido com monstros do andar {IntParam} de Giant's Tower.",Greater,Sacred Stone,
6140107,{Param1} Smooth {Param2},"Material de pesquisa de Appraisers' Guild, raramente obtido com monstros do andar {IntParam} de Giant's Tower.",Greater,Sacred Stone,
6140108,{Param1} Dazzling {Param2},"Material de pesquisa de Appraisers' Guild, raramente obtido com monstros do andar {IntParam} de Giant's Tower.",Greater,Sacred Stone,
6140109,{Param1} Gleaming {Param2},"Material de pesquisa de Appraisers' Guild, raramente obtido com monstros do andar {IntParam} de Giant's Tower.",Greater,Sacred Stone,
6140110,{Param1} Shining {Param2},"Material de pesquisa de Appraisers' Guild, raramente obtido com monstros do andar {IntParam} de Giant's Tower.",Greater,Sacred Stone,
6140201,{Param1} Dented {Param2},"Material de pesquisa de Appraisers' Guild, raramente obtido com monstros do andar {IntParam} de Giant's Tower.",Greater,Infernalstone,
6140202,{Param1} Distorted {Param2},"Material de pesquisa de Appraisers' Guild, raramente obtido com monstros do andar {IntParam} de Giant's Tower.",Greater,Infernalstone,
6140203,{Param1} Twisted {Param2},"Material de pesquisa de Appraisers' Guild, raramente obtido com monstros do andar {IntParam} de Giant's Tower.",Greater,Infernalstone,
6140204,{Param1} Contaminated {Param2},"Material de pesquisa de Appraisers' Guild, raramente obtido com monstros do andar {IntParam} de Giant's Tower.",Greater,Infernalstone,
6140205,{Param1} Mutated {Param2},"Material de pesquisa de Appraisers' Guild, raramente obtido com monstros do andar {IntParam} de Giant's Tower.",Greater,Infernalstone,
6140206,{Param1} Frenzied {Param2},"Material de pesquisa de Appraisers' Guild, raramente obtido com monstros do andar {IntParam} de Giant's Tower.",Greater,Infernalstone,
6140207,{Param1} Glowing {Param2},"Material de pesquisa de Appraisers' Guild, raramente obtido com monstros do andar {IntParam} de Giant's Tower.",Greater,Infernalstone,
6140208,{Param1} Feral {Param2},"Material de pesquisa de Appraisers' Guild, raramente obtido com monstros do andar {IntParam} de Giant's Tower.",Greater,Infernalstone,
6140209,{Param1} Writhing {Param2},"Material de pesquisa de Appraisers' Guild, raramente obtido com monstros do andar {IntParam} de Giant's Tower.",Greater,Infernalstone,
6140210,{Param1} Thorned {Param2},"Material de pesquisa de Appraisers' Guild, raramente obtido com monstros do andar {IntParam} de Giant's Tower.",Greater,Infernalstone,
6140301,{Param1} Rift’s {Param2},"Material de pesquisa de Appraisers' Guild, raramente obtido com monstros do andar {IntParam} de Giant's Tower.",Greater,Cosmicstone,
6140302,{Param1} Petrified {Param2},"Material de pesquisa de Appraisers' Guild, raramente obtido com monstros do andar {IntParam} de Giant's Tower.",Greater,Cosmicstone,
6140303,{Param1} Cracked {Param2},"Material de pesquisa de Appraisers' Guild, raramente obtido com monstros do andar {IntParam} de Giant's Tower.",Greater,Cosmicstone,
6140304,{Param1} Cloudy {Param2},"Material de pesquisa de Appraisers' Guild, raramente obtido com monstros do andar {IntParam} de Giant's Tower.",Greater,Cosmicstone,
6140305,{Param1} Eroded {Param2},"Material de pesquisa de Appraisers' Guild, raramente obtido com monstros do andar {IntParam} de Giant's Tower.",Greater,Cosmicstone,
6140306,{Param1} Transparent {Param2},"Material de pesquisa de Appraisers' Guild, raramente obtido com monstros do andar {IntParam} de Giant's Tower.",Greater,Cosmicstone,
6140307,{Param1} Smooth {Param2},"Material de pesquisa de Appraisers' Guild, raramente obtido com monstros do andar {IntParam} de Giant's Tower.",Greater,Cosmicstone,
6140308,{Param1} Dazzling {Param2},"Material de pesquisa de Appraisers' Guild, raramente obtido com monstros do andar {IntParam} de Giant's Tower.",Greater,Cosmicstone,
6140309,{Param1} Gleaming {Param2},"Material de pesquisa de Appraisers' Guild, raramente obtido com monstros do andar {IntParam} de Giant's Tower.",Greater,Cosmicstone,
6140310,{Param1} Shining {Param2},"Material de pesquisa de Appraisers' Guild, raramente obtido com monstros do andar {IntParam} de Giant's Tower.",Greater,Cosmicstone,
6140401,{Param1} Dented {Param2},"Material de pesquisa de Appraisers' Guild, raramente obtido com monstros do andar {IntParam} de Giant's Tower.",Greater,Bloodstone,
6140402,{Param1} Distorted {Param2},"Material de pesquisa de Appraisers' Guild, raramente obtido com monstros do andar {IntParam} de Giant's Tower.",Greater,Bloodstone,
6140403,{Param1} Twisted {Param2},"Material de pesquisa de Appraisers' Guild, raramente obtido com monstros do andar {IntParam} de Giant's Tower.",Greater,Bloodstone,
6140404,{Param1} Contaminated {Param2},"Material de pesquisa de Appraisers' Guild, raramente obtido com monstros do andar {IntParam} de Giant's Tower.",Greater,Bloodstone,
6140405,{Param1} Mutated {Param2},"Material de pesquisa de Appraisers' Guild, raramente obtido com monstros do andar {IntParam} de Giant's Tower.",Greater,Bloodstone,
6140406,{Param1} Frenzied {Param2},"Material de pesquisa de Appraisers' Guild, raramente obtido com monstros do andar {IntParam} de Giant's Tower.",Greater,Bloodstone,
6140407,{Param1} Glowing {Param2},"Material de pesquisa de Appraisers' Guild, raramente obtido com monstros do andar {IntParam} de Giant's Tower.",Greater,Bloodstone,
6140408,{Param1} Feral {Param2},"Material de pesquisa de Appraisers' Guild, raramente obtido com monstros do andar {IntParam} de Giant's Tower.",Greater,Bloodstone,
6140409,{Param1} Writhing {Param2},"Material de pesquisa de Appraisers' Guild, raramente obtido com monstros do andar {IntParam} de Giant's Tower.",Greater,Bloodstone,
6140410,{Param1} Thorned {Param2},"Material de pesquisa de Appraisers' Guild, raramente obtido com monstros do andar {IntParam} de Giant's Tower.",Greater,Bloodstone,
6150101,Boss Specimen: {Param1},Espécime de {Param2} coletado por Hunters’ Guild para pesquisa.,Black Reaper Karugura,Field Boss,
6150102,Boss Specimen: {Param1},Espécime de {Param2} coletado por Hunters’ Guild para pesquisa.,Red Mane Tagar,Field Boss,
6150103,Boss Specimen: {Param1},Espécime de {Param2} coletado por Hunters’ Guild para pesquisa.,Infected Beast King Gigas,Field Boss,
6150104,Boss Specimen: {Param1},Espécime de {Param2} coletado por Hunters’ Guild para pesquisa.,Storm Spear Urukur,Field Boss,
6150105,Boss Specimen: {Param1},Espécime de {Param2} coletado por Hunters’ Guild para pesquisa.,Mushugal The Fallen,Field Boss,
6150106,Boss Specimen: {Param1},Espécime de {Param2} coletado por Hunters’ Guild para pesquisa.,Landslide Kirzhur,Field Boss,
6150107,Boss Specimen: {Param1},Espécime de {Param2} coletado por Hunters’ Guild para pesquisa.,Entrail Harvester Shagriga,Field Boss,
6150108,Boss Specimen: {Param1},Espécime de {Param2} coletado por Hunters’ Guild para pesquisa.,Iron Queen Ereshianna,Field Boss,
6150109,Boss Specimen: {Param1},Espécime de {Param2} coletado por Hunters’ Guild para pesquisa.,Sand King Sahar-Unugar,Field Boss,
6150110,Boss Specimen: {Param1},Espécime de {Param2} coletado por Hunters’ Guild para pesquisa.,Ashen Butcher Daedalkur,Field Boss,
6150111,Boss Specimen: {Param1},Espécime de {Param2} coletado por Hunters’ Guild para pesquisa.,Blue Lightning Saurgir,Field Boss,
6150112,Boss Specimen: {Param1},Espécime de {Param2} coletado por Hunters’ Guild para pesquisa.,Blood Queen Galarusia,Field Boss,
6150113,Boss Specimen: {Param1},Espécime de {Param2} coletado por Hunters’ Guild para pesquisa.,Sun Devourer Alruk,Field Boss,
6150114,Boss Specimen: {Param1},Espécime de {Param2} coletado por Hunters’ Guild para pesquisa.,Dark Fangs Kakaju,Field Boss,
6150115,Boss Specimen: {Param1},Espécime de {Param2} coletado por Hunters’ Guild para pesquisa.,Dancing Death Lugaz,Field Boss,
6150116,Boss Specimen: {Param1},Espécime de {Param2} coletado por Hunters’ Guild para pesquisa.,Corrupt Tyrant Gnumar,Field Boss,
6150117,Boss Specimen: {Param1},Espécime de {Param2} coletado por Hunters’ Guild para pesquisa.,Wings of Death Tilaga,Field Boss,
6150118,Boss Specimen: {Param1},Espécime de {Param2} coletado por Hunters’ Guild para pesquisa.,"Shagan, The Avatar of Wind",Field Boss,
6150119,Boss Specimen: {Param1},Espécime de {Param2} coletado por Hunters’ Guild para pesquisa.,Damuradid,Field Boss,
6150120,Boss Specimen: {Param1},Espécime de {Param2} coletado por Hunters’ Guild para pesquisa.,Nurbahar,Field Boss,
6151001,Specimen: {Param1},Espécime de {Param2} coletado por Hunters’ Guild para pesquisa.,"Agarash, The Wings of Ruin",World Boss,
6151002,Specimen: {Param1},Espécime de {Param2} coletado por Hunters’ Guild para pesquisa.,Shahgar The King of Greed,World Boss,
6151003,Specimen: {Param1},Espécime de {Param2} coletado por Hunters’ Guild para pesquisa.,Ancient Monster Behemoth,World Boss,
6151004,Specimen: {Param1},Espécime de {Param2} coletado por Hunters’ Guild para pesquisa.,"Dariente, The Immortal Winter Lord",World Boss,
6151101,Specimen: {Param1},Espécime de {Param2} coletado por Hunters’ Guild para pesquisa.,Agarash the Desolator,World Boss,
6151102,Specimen: {Param1},Espécime de {Param2} coletado por Hunters’ Guild para pesquisa.,Desolator Shahgal,World Boss,
6160101,Specimen Fragment: {Param1},Fragmento de espécime coletado por Hunters’ Guild para pesquisa. Obtido ao desmontar {Param2} de monstros de Forsaken Land.,Scything Barrens,Specimen,
6160102,Specimen Fragment: {Param1},Fragmento de espécime coletado por Hunters’ Guild para pesquisa. Obtido ao desmontar {Param2} de monstros de Forsaken Land.,Giant's Garden,Specimen,
6160103,Specimen Fragment: {Param1},Fragmento de espécime coletado por Hunters’ Guild para pesquisa. Obtido ao desmontar {Param2} de monstros de Forsaken Land.,Pulsing Ridge,Specimen,
6160104,Specimen Fragment: {Param1},Fragmento de espécime coletado por Hunters’ Guild para pesquisa. Obtido ao desmontar {Param2} de monstros de Forsaken Land.,Starfall Plateau,Specimen,
6160105,Specimen Fragment: {Param1},Fragmento de espécime coletado por Hunters’ Guild para pesquisa. Obtido ao desmontar {Param2} de monstros de Forsaken Land.,Twisted Elysium,Specimen,
6160151,Superior Specimen Fragment: {Param1},Fragmento de espécime coletado por Hunters’ Guild para pesquisa. Obtido ao desmontar {Param2} de monstros de Forsaken Land.,Scything Barrens,Superior Specimen,
6160152,Superior Specimen Fragment: {Param1},Fragmento de espécime coletado por Hunters’ Guild para pesquisa. Obtido ao desmontar {Param2} de monstros de Forsaken Land.,Giant's Garden,Superior Specimen,
6160153,Superior Specimen Fragment: {Param1},Fragmento de espécime coletado por Hunters’ Guild para pesquisa. Obtido ao desmontar {Param2} de monstros de Forsaken Land.,Pulsing Ridge,Superior Specimen,
6160154,Superior Specimen Fragment: {Param1},Fragmento de espécime coletado por Hunters’ Guild para pesquisa. Obtido ao desmontar {Param2} de monstros de Forsaken Land.,Starfall Plateau,Superior Specimen,
6160155,Superior Specimen Fragment: {Param1},Fragmento de espécime coletado por Hunters’ Guild para pesquisa. Obtido ao desmontar {Param2} de monstros de Forsaken Land.,Twisted Elysium,Superior Specimen,
6161001,{Param2} Fragment,Fragmento de {Param2} para pesquisa de Appraisers' Guild. Obtido ao desmontar {Param2} do andar {IntParam} de Giant’s Tower.,,Sacred Stone,
6161002,{Param2} Fragment,Fragmento de {Param2} para pesquisa de Appraisers' Guild. Obtido ao desmontar {Param2} do andar {IntParam} de Giant’s Tower.,,Infernalstone,
6161003,{Param2} Fragment,Fragmento de {Param2} para pesquisa de Appraisers' Guild. Obtido ao desmontar {Param2} do andar {IntParam} de Giant’s Tower.,,Cosmicstone,
6161004,{Param2} Fragment,Fragmento de {Param2} para pesquisa de Appraisers' Guild. Obtido ao desmontar {Param2} do andar {IntParam} de Giant’s Tower.,,Bloodstone,
6161051,{Param1} {Param2} Fragment,Fragmento de {Param1} {Param2} para pesquisa de Appraisers' Guild. Obtido ao desmontar {Param1} {Param2} do andar {IntParam} de Giant’s Tower.,Greater,Sacred Stone,
6161052,{Param1} {Param2} Fragment,Fragmento de {Param1} {Param2} para pesquisa de Appraisers' Guild. Obtido ao desmontar {Param1} {Param2} do andar {IntParam} de Giant’s Tower.,Greater,Infernalstone,
6161053,{Param1} {Param2} Fragment,Fragmento de {Param1} {Param2} para pesquisa de Appraisers' Guild. Obtido ao desmontar {Param1} {Param2} do andar {IntParam} de Giant’s Tower.,Greater,Cosmicstone,
6161054,{Param1} {Param2} Fragment,Fragmento de {Param1} {Param2} para pesquisa de Appraisers' Guild. Obtido ao desmontar {Param1} {Param2} do andar {IntParam} de Giant’s Tower.,Greater,Bloodstone,
6170001,{Param1} Golden Candlestick,Material coletado por Appraisers' Guild para pesquisa.,Faded,,
6170002,{Param1} Golden Censer,Material coletado por Appraisers' Guild para pesquisa.,Faded,,
6170003,{Param1} Golden Hourglass,Material coletado por Appraisers' Guild para pesquisa.,Faded,,
6170004,{Param1} Golden Bell,Material coletado por Appraisers' Guild para pesquisa.,Faded,,
6170101,{Param1} Golden Candlestick,Material coletado por Appraisers' Guild para pesquisa.,Faint,,
6170102,{Param1} Golden Censer,Material coletado por Appraisers' Guild para pesquisa.,Faint,,
6170103,{Param1} Golden Hourglass,Material coletado por Appraisers' Guild para pesquisa.,Faint,,
6170104,{Param1} Golden Bell,Material coletado por Appraisers' Guild para pesquisa.,Faint,,
6170201,{Param1} Golden Candlestick,Material coletado por Appraisers' Guild para pesquisa.,Purified,,
6170202,{Param1} Golden Censer,Material coletado por Appraisers' Guild para pesquisa.,Purified,,
6170203,{Param1} Golden Hourglass,Material coletado por Appraisers' Guild para pesquisa.,Purified,,
6170204,{Param1} Golden Bell,Material coletado por Appraisers' Guild para pesquisa.,Purified,,
6170301,{Param1} Golden Candlestick,Material coletado por Appraisers' Guild para pesquisa.,Noble,,
6170302,{Param1} Golden Censer,Material coletado por Appraisers' Guild para pesquisa.,Noble,,
6170303,{Param1} Golden Hourglass,Material coletado por Appraisers' Guild para pesquisa.,Noble,,
6170304,{Param1} Golden Bell,Material coletado por Appraisers' Guild para pesquisa.,Noble,,
6170401,{Param1} Golden Candlestick,Material coletado por Appraisers' Guild para pesquisa.,Radiant,,
6170402,{Param1} Golden Censer,Material coletado por Appraisers' Guild para pesquisa.,Radiant,,
6170403,{Param1} Golden Hourglass,Material coletado por Appraisers' Guild para pesquisa.,Radiant,,
6170404,{Param1} Golden Bell,Material coletado por Appraisers' Guild para pesquisa.,Radiant,,
6170501,{Param1} Platinum Candlestick,Material coletado por Appraisers' Guild para pesquisa.,Radiant,,
6170502,{Param1} Platinum Censer,Material coletado por Appraisers' Guild para pesquisa.,Radiant,,
6170503,{Param1} Platinum Hourglass,Material coletado por Appraisers' Guild para pesquisa.,Radiant,,
6170504,{Param1} Platinum Bell,Material coletado por Appraisers' Guild para pesquisa.,Radiant,,
6170601,{Param1} Akarakatum Core,Material de pesquisa de Wayfinder Guild.,Damaged,,
6170602,{Param1} Akarakatum Core,Material de pesquisa de Wayfinder Guild.,Shining,,
6170701,{Param1} Crystal Candlestick,Material coletado por Appraisers' Guild para pesquisa.,Brilliant,,
6170702,{Param1} Crystal Censer,Material coletado por Appraisers' Guild para pesquisa.,Brilliant,,
6170703,{Param1} Crystal Hourglass,Material coletado por Appraisers' Guild para pesquisa.,Brilliant,,
6170704,{Param1} Crystal Bell,Material coletado por Appraisers' Guild para pesquisa.,Brilliant,,
6170801,{Param1} Gold Coin,Material coletado por Appraisers' Guild para pesquisa.,Faded,,
6170802,{Param1} Gold Mirror,Material coletado por Appraisers' Guild para pesquisa.,Faded,,
6170803,{Param1} Gold Horn,Material coletado por Appraisers' Guild para pesquisa.,Faded,,
6170804,{Param1} Gold Chalice,Material coletado por Appraisers' Guild para pesquisa.,Faded,,
6170901,{Param1} Gold Coin,Material coletado por Appraisers' Guild para pesquisa.,Faint,,
6170902,{Param1} Gold Mirror,Material coletado por Appraisers' Guild para pesquisa.,Faint,,
6170903,{Param1} Gold Horn,Material coletado por Appraisers' Guild para pesquisa.,Faint,,
6170904,{Param1} Gold Chalice,Material coletado por Appraisers' Guild para pesquisa.,Faint,,
6171001,{Param1} Gold Coin,Material coletado por Appraisers' Guild para pesquisa.,Purified,,
6171002,{Param1} Gold Mirror,Material coletado por Appraisers' Guild para pesquisa.,Purified,,
6171003,{Param1} Gold Horn,Material coletado por Appraisers' Guild para pesquisa.,Purified,,
6171004,{Param1} Gold Chalice,Material coletado por Appraisers' Guild para pesquisa.,Purified,,
6171101,{Param1} Gold Coin,Material coletado por Appraisers' Guild para pesquisa.,Noble,,
6171102,{Param1} Gold Mirror,Material coletado por Appraisers' Guild para pesquisa.,Noble,,
6171103,{Param1} Gold Horn,Material coletado por Appraisers' Guild para pesquisa.,Noble,,
6171104,{Param1} Gold Chalice,Material coletado por Appraisers' Guild para pesquisa.,Noble,,
6171201,{Param1} Gold Coin,Material coletado por Appraisers' Guild para pesquisa.,Radiant,,
6171202,{Param1} Gold Mirror,Material coletado por Appraisers' Guild para pesquisa.,Radiant,,
6171203,{Param1} Gold Horn,Material coletado por Appraisers' Guild para pesquisa.,Radiant,,
6171204,{Param1} Gold Chalice,Material coletado por Appraisers' Guild para pesquisa.,Radiant,,
6171301,{Param1} Platinum Coin,Material coletado por Appraisers' Guild para pesquisa.,Radiant,,
6171302,{Param1} Platinum Mirror,Material coletado por Appraisers' Guild para pesquisa.,Radiant,,
6171303,{Param1} Platinum Horn,Material coletado por Appraisers' Guild para pesquisa.,Radiant,,
6171304,{Param1} Platinum Chalice,Material coletado por Appraisers' Guild para pesquisa.,Radiant,,
6171401,{Param1} Crystal Coin,Material coletado por Appraisers' Guild para pesquisa.,Brilliant,,
6171402,{Param1} Crystal Mirror,Material coletado por Appraisers' Guild para pesquisa.,Brilliant,,
6171403,{Param1} Crystal Horn,Material coletado por Appraisers' Guild para pesquisa.,Brilliant,,
6171404,{Param1} Crystal Chalice,Material coletado por Appraisers' Guild para pesquisa.,Brilliant,,
6190002,Monster Specimen Chest: {Param1},Contém um espécime de monstro obtido em {Param1}. Use para receber um espécime de uma região.,Giant's Garden,,
6190003,Monster Specimen Chest: {Param1},Contém um espécime de monstro obtido em {Param1}. Use para receber um espécime de uma região.,Pulsing Ridge,,
6190004,Monster Specimen Chest: {Param1},Contém um espécime de monstro obtido em {Param1}. Use para receber um espécime de uma região.,Starfall Plateau,,
6190005,Monster Specimen Chest: {Param1},Contém um espécime de monstro obtido em {Param1}. Use para receber um espécime de uma região.,Scything Barrens,,
6190006,Monster Specimen Chest: {Param1},Contém um espécime de monstro obtido em {Param1}. Use para receber um espécime de uma região.,Giant's Garden,,
6190007,Monster Specimen Chest: {Param1},Contém um espécime de monstro obtido em {Param1}. Use para receber um espécime de uma região.,Pulsing Ridge,,
6190008,Monster Specimen Chest: {Param1},Contém um espécime de monstro obtido em {Param1}. Use para receber um espécime de uma região.,Starfall Plateau,,
6190010,Sacred Stone Chest: Giant’s Tower 1F,Contém um espécime de monstro obtido em {Param1}. Use para receber um espécime de uma região.,Giant's Tower 1F,,
6200000,Achievement Medal {Param1},{Param3} obtido em {Param2}. Usado nas pesquisas de Explorers' Guild.,I,Achievement Completed,Item de pesquisa
6200001,Achievement Medal {Param1},{Param3} obtido em {Param2}. Usado nas pesquisas de Explorers' Guild.,II,Achievement Completed,Item de pesquisa
6200002,Achievement Medal {Param1},{Param3} obtido em {Param2}. Usado nas pesquisas de Explorers' Guild.,III,Achievement Completed,Item de pesquisa
6200003,Achievement Medal {Param1},{Param3} obtido em {Param2}. Usado nas pesquisas de Explorers' Guild.,IV,Achievement Completed,Item de pesquisa
6200011,Superior Achievement Medal {Param1},{Param3} obtido em {Param2}. Usado nas pesquisas de Explorers' Guild.,I,Achievement Completed,Item de pesquisa
6200012,Superior Achievement Medal {Param1},{Param3} obtido em {Param2}. Usado nas pesquisas de Explorers' Guild.,II,Achievement Completed,Item de pesquisa
6200013,Superior Achievement Medal {Param1},{Param3} obtido em {Param2}. Usado nas pesquisas de Explorers' Guild.,III,Achievement Completed,Item de pesquisa
6200014,Superior Achievement Medal {Param1},{Param3} obtido em {Param2}. Usado nas pesquisas de Explorers' Guild.,IV,Achievement Completed,Item de pesquisa
6200100,Achievement Medal {Param1},{Param3} obtido em {Param2}. Usado nas pesquisas de Explorers' Guild.,I,Achievement Completed,Item de pesquisa
6200101,Achievement Medal {Param1},{Param3} obtido em {Param2}. Usado nas pesquisas de Explorers' Guild.,II,Achievement Completed,Item de pesquisa
6200102,Achievement Medal {Param1},{Param3} obtido em {Param2}. Usado nas pesquisas de Explorers' Guild.,III,Achievement Completed,Item de pesquisa
6200103,Achievement Medal {Param1},{Param3} obtido em {Param2}. Usado nas pesquisas de Explorers' Guild.,IV,Achievement Completed,Item de pesquisa
6200111,Superior Achievement Medal {Param1},{Param3} obtido em {Param2}. Usado nas pesquisas de Explorers' Guild.,I,Achievement Completed,Item de pesquisa
6200112,Superior Achievement Medal {Param1},{Param3} obtido em {Param2}. Usado nas pesquisas de Explorers' Guild.,II,Achievement Completed,Item de pesquisa
6200113,Superior Achievement Medal {Param1},{Param3} obtido em {Param2}. Usado nas pesquisas de Explorers' Guild.,III,Achievement Completed,Item de pesquisa
6200114,Superior Achievement Medal {Param1},{Param3} obtido em {Param2}. Usado nas pesquisas de Explorers' Guild.,IV,Achievement Completed,Item de pesquisa
6200901,Silver Eagle Statue,{Param3} obtido em {Param2}. Usado nas pesquisas de Explorers' Guild.,,Achievement Completed,Item de pesquisa
6200902,Five-Colored Wyvern Statue,{Param3} obtido em {Param2}. Usado nas pesquisas de Explorers' Guild.,,Achievement Completed,Item de pesquisa
6200903,Golden Bull Statue,{Param3} obtido em {Param2}. Usado nas pesquisas de Explorers' Guild.,,Achievement Completed,Item de pesquisa
6200904,Crystal Wolf Statue,{Param3} obtido em {Param2}. Usado nas pesquisas de Explorers' Guild.,,Achievement Completed,Item de pesquisa
6200905,Bronze Griffin Statue,{Param3} obtido em {Param2}. Usado nas pesquisas de Explorers' Guild.,,Achievement Completed,Item de pesquisa
6200906,Platinum Lion Statue,{Param3} obtido em {Param2}. Usado nas pesquisas de Explorers' Guild.,,Achievement Completed,Item de pesquisa
6201001,{Param1} Ancient Silver Coin,{Param3} obtido em {Param2}. Usado nas pesquisas de Explorers' Guild.,Worn,Treasure Chest,Item de pesquisa
6201002,{Param1} Ancient Silver Coin,{Param3} obtido em {Param2}. Usado nas pesquisas de Explorers' Guild.,Intact,Special Treasure Chest,Item de pesquisa
6201011,{Param1} Ancient Gold Coin,{Param3} obtido em {Param2}. Usado nas pesquisas de Explorers' Guild.,Worn,Treasure Chest,Item de pesquisa
6201012,{Param1} Ancient Gold Coin,{Param3} obtido em {Param2}. Usado nas pesquisas de Explorers' Guild.,Intact,Special Treasure Chest,Item de pesquisa
6201021,{Param1} Ancient Chalice,{Param3} obtido em {Param2}. Usado nas pesquisas de Explorers' Guild.,Worn,Treasure Chest,Item de pesquisa
6201022,{Param1} Ancient Chalice,{Param3} obtido em {Param2}. Usado nas pesquisas de Explorers' Guild.,Intact,Special Treasure Chest,Item de pesquisa
6201031,{Param1} Ancient Jar,{Param3} obtido em {Param2}. Usado nas pesquisas de Explorers' Guild.,Worn,Treasure Chest,Item de pesquisa
6201032,{Param1} Ancient Jar,{Param3} obtido em {Param2}. Usado nas pesquisas de Explorers' Guild.,Intact,Special Treasure Chest,Item de pesquisa
6201041,{Param1} Ancient Mask,{Param3} obtido em {Param2}. Usado nas pesquisas de Explorers' Guild.,Worn,Treasure Chest,Item de pesquisa
6201042,{Param1} Ancient Mask,{Param3} obtido em {Param2}. Usado nas pesquisas de Explorers' Guild.,Intact,Exploration Journal,Item de pesquisa
6202001,Token of Bond,{Param3} obtido em {Param2}. Usado nas pesquisas de Explorers' Guild.,Token of Bond,Angbar Arena,Item de pesquisa
6203001,Luminous Pebble,{Param3} obtido em {Param2}. Usado nas pesquisas de Explorers' Guild.,Luminous Pebble,Throughout the Forsaken Land,Item de pesquisa
6204001,{Param1} Merchant's Abacus,{Param3} obtido ao atingir um nível de afinidade com {Param2} Guild. Usado nas pesquisas de Explorers' Guild.,Novice,Merchant,Item de pesquisa
6204002,{Param1} Blacksmith's Hammer,{Param3} obtido ao atingir um nível de afinidade com {Param2} Guild. Usado nas pesquisas de Explorers' Guild.,Novice,Blacksmith,Item de pesquisa
6204003,{Param1} Artisan's Chisel,{Param3} obtido ao atingir um nível de afinidade com {Param2} Guild. Usado nas pesquisas de Explorers' Guild.,Novice,Artisan,Item de pesquisa
6204004,{Param1} Appraiser’s Tome,{Param3} obtido ao atingir um nível de afinidade com {Param2} Guild. Usado nas pesquisas de Explorers' Guild.,Novice,Appraisor,Item de pesquisa
6204005,{Param1} Hunter's Chain,{Param3} obtido ao atingir um nível de afinidade com {Param2} Guild. Usado nas pesquisas de Explorers' Guild.,Novice,Hunter,Item de pesquisa
6204006,{Param1} Explorer's Map,{Param3} obtido ao atingir um nível de afinidade com {Param2} Guild. Usado nas pesquisas de Explorers' Guild.,Novice,Explorer,Item de pesquisa
6204007,{Param1} Wayfinder's Compass,{Param3} obtido ao atingir um nível de afinidade com {Param2} Guild. Usado nas pesquisas de Explorers' Guild.,Novice,Wayfinder,Item de pesquisa
6204011,{Param1} Merchant's Abacus,{Param3} obtido ao atingir um nível de afinidade com {Param2} Guild. Usado nas pesquisas de Explorers' Guild.,Skilled,Merchant,Item de pesquisa
6204012,{Param1} Blacksmith's Hammer,{Param3} obtido ao atingir um nível de afinidade com {Param2} Guild. Usado nas pesquisas de Explorers' Guild.,Skilled,Blacksmith,Item de pesquisa
6204013,{Param1} Artisan's Chisel,{Param3} obtido ao atingir um nível de afinidade com {Param2} Guild. Usado nas pesquisas de Explorers' Guild.,Skilled,Artisan,Item de pesquisa
6204014,{Param1} Appraiser’s Tome,{Param3} obtido ao atingir um nível de afinidade com {Param2} Guild. Usado nas pesquisas de Explorers' Guild.,Skilled,Appraisor,Item de pesquisa
6204015,{Param1} Hunter's Chain,{Param3} obtido ao atingir um nível de afinidade com {Param2} Guild. Usado nas pesquisas de Explorers' Guild.,Skilled,Hunter,Item de pesquisa
6204016,{Param1} Explorer's Map,{Param3} obtido ao atingir um nível de afinidade com {Param2} Guild. Usado nas pesquisas de Explorers' Guild.,Skilled,Explorer,Item de pesquisa
6204017,{Param1} Wayfinder's Compass,{Param3} obtido ao atingir um nível de afinidade com {Param2} Guild. Usado nas pesquisas de Explorers' Guild.,Skilled,Wayfinder,Item de pesquisa
6204021,{Param1} Merchant's Abacus,{Param3} obtido ao atingir um nível de afinidade com {Param2} Guild. Usado nas pesquisas de Explorers' Guild.,Expert,Merchant,Item de pesquisa
6204022,{Param1} Blacksmith's Hammer,{Param3} obtido ao atingir um nível de afinidade com {Param2} Guild. Usado nas pesquisas de Explorers' Guild.,Expert,Blacksmith,Item de pesquisa
6204023,{Param1} Artisan's Chisel,{Param3} obtido ao atingir um nível de afinidade com {Param2} Guild. Usado nas pesquisas de Explorers' Guild.,Expert,Artisan,Item de pesquisa
6204024,{Param1} Appraiser’s Tome,{Param3} obtido ao atingir um nível de afinidade com {Param2} Guild. Usado nas pesquisas de Explorers' Guild.,Expert,Appraisor,Item de pesquisa
6204025,{Param1} Hunter's Chain,{Param3} obtido ao atingir um nível de afinidade com {Param2} Guild. Usado nas pesquisas de Explorers' Guild.,Expert,Hunter,Item de pesquisa
6204026,{Param1} Explorer's Map,{Param3} obtido ao atingir um nível de afinidade com {Param2} Guild. Usado nas pesquisas de Explorers' Guild.,Expert,Explorer,Item de pesquisa
6204027,{Param1} Wayfinder's Compass,{Param3} obtido ao atingir um nível de afinidade com {Param2} Guild. Usado nas pesquisas de Explorers' Guild.,Expert,Wayfinder,Item de pesquisa
6204031,{Param1} Merchant's Abacus,{Param3} obtido ao atingir um nível de afinidade com {Param2} Guild. Usado nas pesquisas de Explorers' Guild.,Master,Merchant,Item de pesquisa
6204032,{Param1} Blacksmith's Hammer,{Param3} obtido ao atingir um nível de afinidade com {Param2} Guild. Usado nas pesquisas de Explorers' Guild.,Master,Blacksmith,Item de pesquisa
6204033,{Param1} Artisan's Chisel,{Param3} obtido ao atingir um nível de afinidade com {Param2} Guild. Usado nas pesquisas de Explorers' Guild.,Master,Artisan,Item de pesquisa
6204034,{Param1} Appraiser’s Tome,{Param3} obtido ao atingir um nível de afinidade com {Param2} Guild. Usado nas pesquisas de Explorers' Guild.,Master,Appraisor,Item de pesquisa
6204035,{Param1} Hunter's Chain,{Param3} obtido ao atingir um nível de afinidade com {Param2} Guild. Usado nas pesquisas de Explorers' Guild.,Master,Hunter,Item de pesquisa
6204036,{Param1} Explorer's Map,{Param3} obtido ao atingir um nível de afinidade com {Param2} Guild. Usado nas pesquisas de Explorers' Guild.,Master,Explorer,Item de pesquisa
6204037,{Param1} Wayfinder's Compass,{Param3} obtido ao atingir um nível de afinidade com {Param2} Guild. Usado nas pesquisas de Explorers' Guild.,Master,Wayfinder,Item de pesquisa
6204101,{Param1} Merchant's Scales,{Param3} obtido ao atingir um nível de afinidade com {Param2} Guild. Usado nas pesquisas de Explorers' Guild.,Novice,Merchant,Item de pesquisa
6204102,{Param1} Blacksmith's Tongs,{Param3} obtido ao atingir um nível de afinidade com {Param2} Guild. Usado nas pesquisas de Explorers' Guild.,Novice,Blacksmith,Item de pesquisa
6204103,{Param1} Artisan's Brush,{Param3} obtido ao atingir um nível de afinidade com {Param2} Guild. Usado nas pesquisas de Explorers' Guild.,Novice,Artisan,Item de pesquisa
6204104,{Param1} Appraiser's Vial,{Param3} obtido ao atingir um nível de afinidade com {Param2} Guild. Usado nas pesquisas de Explorers' Guild.,Novice,Appraisor,Item de pesquisa
6204105,{Param1} Hunter’s Trophy,{Param3} obtido ao atingir um nível de afinidade com {Param2} Guild. Usado nas pesquisas de Explorers' Guild.,Novice,Hunter,Item de pesquisa
6204106,{Param1} Explorer's Telescope,{Param3} obtido ao atingir um nível de afinidade com {Param2} Guild. Usado nas pesquisas de Explorers' Guild.,Novice,Explorer,Item de pesquisa
6204107,{Param1} Wayfinder’s Candlestick,{Param3} obtido ao atingir um nível de afinidade com {Param2} Guild. Usado nas pesquisas de Explorers' Guild.,Novice,Wayfinder,Item de pesquisa
6204111,{Param1} Merchant's Scales,{Param3} obtido ao atingir um nível de afinidade com {Param2} Guild. Usado nas pesquisas de Explorers' Guild.,Skilled,Merchant,Item de pesquisa
6204112,{Param1} Blacksmith's Tongs,{Param3} obtido ao atingir um nível de afinidade com {Param2} Guild. Usado nas pesquisas de Explorers' Guild.,Skilled,Blacksmith,Item de pesquisa
6204113,{Param1} Artisan's Brush,{Param3} obtido ao atingir um nível de afinidade com {Param2} Guild. Usado nas pesquisas de Explorers' Guild.,Skilled,Artisan,Item de pesquisa
6204114,{Param1} Appraiser's Vial,{Param3} obtido ao atingir um nível de afinidade com {Param2} Guild. Usado nas pesquisas de Explorers' Guild.,Skilled,Appraisor,Item de pesquisa
6204115,{Param1} Hunter’s Trophy,{Param3} obtido ao atingir um nível de afinidade com {Param2} Guild. Usado nas pesquisas de Explorers' Guild.,Skilled,Hunter,Item de pesquisa
6204116,{Param1} Explorer's Telescope,{Param3} obtido ao atingir um nível de afinidade com {Param2} Guild. Usado nas pesquisas de Explorers' Guild.,Skilled,Explorer,Item de pesquisa
6204117,{Param1} Wayfinder’s Candlestick,{Param3} obtido ao atingir um nível de afinidade com {Param2} Guild. Usado nas pesquisas de Explorers' Guild.,Skilled,Wayfinder,Item de pesquisa
6204121,{Param1} Merchant's Scales,{Param3} obtido ao atingir um nível de afinidade com {Param2} Guild. Usado nas pesquisas de Explorers' Guild.,Expert,Merchant,Item de pesquisa
6204122,{Param1} Blacksmith's Tongs,{Param3} obtido ao atingir um nível de afinidade com {Param2} Guild. Usado nas pesquisas de Explorers' Guild.,Expert,Blacksmith,Item de pesquisa
6204123,{Param1} Artisan's Brush,{Param3} obtido ao atingir um nível de afinidade com {Param2} Guild. Usado nas pesquisas de Explorers' Guild.,Expert,Artisan,Item de pesquisa
6204124,{Param1} Appraiser's Vial,{Param3} obtido ao atingir um nível de afinidade com {Param2} Guild. Usado nas pesquisas de Explorers' Guild.,Expert,Appraisor,Item de pesquisa
6204125,{Param1} Hunter’s Trophy,{Param3} obtido ao atingir um nível de afinidade com {Param2} Guild. Usado nas pesquisas de Explorers' Guild.,Expert,Hunter,Item de pesquisa
6204126,{Param1} Explorer's Telescope,{Param3} obtido ao atingir um nível de afinidade com {Param2} Guild. Usado nas pesquisas de Explorers' Guild.,Expert,Explorer,Item de pesquisa
6204127,{Param1} Wayfinder’s Candlestick,{Param3} obtido ao atingir um nível de afinidade com {Param2} Guild. Usado nas pesquisas de Explorers' Guild.,Expert,Wayfinder,Item de pesquisa
6204131,{Param1} Merchant's Scales,{Param3} obtido ao atingir um nível de afinidade com {Param2} Guild. Usado nas pesquisas de Explorers' Guild.,Master,Merchant,Item de pesquisa
6204132,{Param1} Blacksmith's Tongs,{Param3} obtido ao atingir um nível de afinidade com {Param2} Guild. Usado nas pesquisas de Explorers' Guild.,Master,Blacksmith,Item de pesquisa
6204133,{Param1} Artisan's Brush,{Param3} obtido ao atingir um nível de afinidade com {Param2} Guild. Usado nas pesquisas de Explorers' Guild.,Master,Artisan,Item de pesquisa
6204134,{Param1} Appraiser's Vial,{Param3} obtido ao atingir um nível de afinidade com {Param2} Guild. Usado nas pesquisas de Explorers' Guild.,Master,Appraisor,Item de pesquisa
6204135,{Param1} Hunter’s Trophy,{Param3} obtido ao atingir um nível de afinidade com {Param2} Guild. Usado nas pesquisas de Explorers' Guild.,Master,Hunter,Item de pesquisa
6204136,{Param1} Explorer's Telescope,{Param3} obtido ao atingir um nível de afinidade com {Param2} Guild. Usado nas pesquisas de Explorers' Guild.,Master,Explorer,Item de pesquisa
6204137,{Param1} Wayfinder’s Candlestick,{Param3} obtido ao atingir um nível de afinidade com {Param2} Guild. Usado nas pesquisas de Explorers' Guild.,Master,Wayfinder,Item de pesquisa
6205001,{Param1} {Param2} Token of Affinity,{Param3} recebido por concluir uma comissão de {Param2} Guild em Commission House. Usado nas pesquisas de Explorers' Guild.,Lesser,Merchant,Token
6205002,{Param1} {Param2} Token of Affinity,{Param3} recebido por concluir uma comissão de {Param2} Guild em Commission House. Usado nas pesquisas de Explorers' Guild.,Lesser,Blacksmith,Token
6205003,{Param1} {Param2} Token of Affinity,{Param3} recebido por concluir uma comissão de {Param2} Guild em Commission House. Usado nas pesquisas de Explorers' Guild.,Lesser,Artisan,Token
6205004,{Param1} {Param2} Token of Affinity,{Param3} recebido por concluir uma comissão de {Param2} Guild em Commission House. Usado nas pesquisas de Explorers' Guild.,Lesser,Appraisor,Token
6205005,{Param1} {Param2} Token of Affinity,{Param3} recebido por concluir uma comissão de {Param2} Guild em Commission House. Usado nas pesquisas de Explorers' Guild.,Lesser,Hunter,Token
6205006,{Param1} {Param2} Token of Affinity,{Param3} recebido por concluir uma comissão de {Param2} Guild em Commission House. Usado nas pesquisas de Explorers' Guild.,Lesser,Explorer,Token
6205007,{Param1} {Param2} Token of Affinity,{Param3} recebido por concluir uma comissão de {Param2} Guild em Commission House. Usado nas pesquisas de Explorers' Guild.,Lesser,Wayfinder,Token
6205011,{Param1} {Param2} Token of Affinity,{Param3} recebido por concluir uma comissão de {Param2} Guild em Commission House. Usado nas pesquisas de Explorers' Guild.,Intermediate,Merchant,Token
6205012,{Param1} {Param2} Token of Affinity,{Param3} recebido por concluir uma comissão de {Param2} Guild em Commission House. Usado nas pesquisas de Explorers' Guild.,Intermediate,Blacksmith,Token
6205013,{Param1} {Param2} Token of Affinity,{Param3} recebido por concluir uma comissão de {Param2} Guild em Commission House. Usado nas pesquisas de Explorers' Guild.,Intermediate,Artisan,Token
6205014,{Param1} {Param2} Token of Affinity,{Param3} recebido por concluir uma comissão de {Param2} Guild em Commission House. Usado nas pesquisas de Explorers' Guild.,Intermediate,Appraisor,Token
6205015,{Param1} {Param2} Token of Affinity,{Param3} recebido por concluir uma comissão de {Param2} Guild em Commission House. Usado nas pesquisas de Explorers' Guild.,Intermediate,Hunter,Token
6205016,{Param1} {Param2} Token of Affinity,{Param3} recebido por concluir uma comissão de {Param2} Guild em Commission House. Usado nas pesquisas de Explorers' Guild.,Intermediate,Explorer,Token
6205017,{Param1} {Param2} Token of Affinity,{Param3} recebido por concluir uma comissão de {Param2} Guild em Commission House. Usado nas pesquisas de Explorers' Guild.,Intermediate,Wayfinder,Token
6205021,{Param1} {Param2} Token of Affinity,{Param3} recebido por concluir uma comissão de {Param2} Guild em Commission House. Usado nas pesquisas de Explorers' Guild.,Greater,Merchant,Token
6205022,{Param1} {Param2} Token of Affinity,{Param3} recebido por concluir uma comissão de {Param2} Guild em Commission House. Usado nas pesquisas de Explorers' Guild.,Greater,Blacksmith,Token
6205023,{Param1} {Param2} Token of Affinity,{Param3} recebido por concluir uma comissão de {Param2} Guild em Commission House. Usado nas pesquisas de Explorers' Guild.,Greater,Artisan,Token
6205024,{Param1} {Param2} Token of Affinity,{Param3} recebido por concluir uma comissão de {Param2} Guild em Commission House. Usado nas pesquisas de Explorers' Guild.,Greater,Appraisor,Token
6205025,{Param1} {Param2} Token of Affinity,{Param3} recebido por concluir uma comissão de {Param2} Guild em Commission House. Usado nas pesquisas de Explorers' Guild.,Greater,Hunter,Token
6205026,{Param1} {Param2} Token of Affinity,{Param3} recebido por concluir uma comissão de {Param2} Guild em Commission House. Usado nas pesquisas de Explorers' Guild.,Greater,Explorer,Token
6205027,{Param1} {Param2} Token of Affinity,{Param3} recebido por concluir uma comissão de {Param2} Guild em Commission House. Usado nas pesquisas de Explorers' Guild.,Greater,Wayfinder,Token
6205031,{Param1} {Param2} Token of Affinity,{Param3} recebido por concluir uma comissão de {Param2} Guild em Commission House. Usado nas pesquisas de Explorers' Guild.,Supreme,Merchant,Token
6205032,{Param1} {Param2} Token of Affinity,{Param3} recebido por concluir uma comissão de {Param2} Guild em Commission House. Usado nas pesquisas de Explorers' Guild.,Supreme,Blacksmith,Token
6205033,{Param1} {Param2} Token of Affinity,{Param3} recebido por concluir uma comissão de {Param2} Guild em Commission House. Usado nas pesquisas de Explorers' Guild.,Supreme,Artisan,Token
6205034,{Param1} {Param2} Token of Affinity,{Param3} recebido por concluir uma comissão de {Param2} Guild em Commission House. Usado nas pesquisas de Explorers' Guild.,Supreme,Appraisor,Token
6205035,{Param1} {Param2} Token of Affinity,{Param3} recebido por concluir uma comissão de {Param2} Guild em Commission House. Usado nas pesquisas de Explorers' Guild.,Supreme,Hunter,Token
6205036,{Param1} {Param2} Token of Affinity,{Param3} recebido por concluir uma comissão de {Param2} Guild em Commission House. Usado nas pesquisas de Explorers' Guild.,Supreme,Explorer,Token
6205037,{Param1} {Param2} Token of Affinity,{Param3} recebido por concluir uma comissão de {Param2} Guild em Commission House. Usado nas pesquisas de Explorers' Guild.,Supreme,Wayfinder,Token
6205101,{Param1} {Param2} Wooden Token of Affinity,{Param3} recebido por concluir uma comissão de {Param2} Guild em Commission House. Usado nas pesquisas de Explorers' Guild.,Lesser,Merchant,Ficha de Madeira
6205102,{Param1} {Param2} Wooden Token of Affinity,{Param3} recebido por concluir uma comissão de {Param2} Guild em Commission House. Usado nas pesquisas de Explorers' Guild.,Lesser,Blacksmith,Ficha de Madeira
6205103,{Param1} {Param2} Wooden Token of Affinity,{Param3} recebido por concluir uma comissão de {Param2} Guild em Commission House. Usado nas pesquisas de Explorers' Guild.,Lesser,Artisan,Ficha de Madeira
6205104,{Param1} {Param2} Wooden Token of Affinity,{Param3} recebido por concluir uma comissão de {Param2} Guild em Commission House. Usado nas pesquisas de Explorers' Guild.,Lesser,Appraisor,Ficha de Madeira
6205105,{Param1} {Param2} Wooden Token of Affinity,{Param3} recebido por concluir uma comissão de {Param2} Guild em Commission House. Usado nas pesquisas de Explorers' Guild.,Lesser,Hunter,Ficha de Madeira
6205106,{Param1} {Param2} Wooden Token of Affinity,{Param3} recebido por concluir uma comissão de {Param2} Guild em Commission House. Usado nas pesquisas de Explorers' Guild.,Lesser,Explorer,Ficha de Madeira
6205107,{Param1} {Param2} Wooden Token of Affinity,{Param3} recebido por concluir uma comissão de {Param2} Guild em Commission House. Usado nas pesquisas de Explorers' Guild.,Lesser,Wayfinder,Ficha de Madeira
6205111,{Param1} {Param2} Wooden Token of Affinity,{Param3} recebido por concluir uma comissão de {Param2} Guild em Commission House. Usado nas pesquisas de Explorers' Guild.,Intermediate,Merchant,Ficha de Madeira
6205112,{Param1} {Param2} Wooden Token of Affinity,{Param3} recebido por concluir uma comissão de {Param2} Guild em Commission House. Usado nas pesquisas de Explorers' Guild.,Intermediate,Blacksmith,Ficha de Madeira
6205113,{Param1} {Param2} Wooden Token of Affinity,{Param3} recebido por concluir uma comissão de {Param2} Guild em Commission House. Usado nas pesquisas de Explorers' Guild.,Intermediate,Artisan,Ficha de Madeira
6205114,{Param1} {Param2} Wooden Token of Affinity,{Param3} recebido por concluir uma comissão de {Param2} Guild em Commission House. Usado nas pesquisas de Explorers' Guild.,Intermediate,Appraisor,Ficha de Madeira
6205115,{Param1} {Param2} Wooden Token of Affinity,{Param3} recebido por concluir uma comissão de {Param2} Guild em Commission House. Usado nas pesquisas de Explorers' Guild.,Intermediate,Hunter,Ficha de Madeira
6205116,{Param1} {Param2} Wooden Token of Affinity,{Param3} recebido por concluir uma comissão de {Param2} Guild em Commission House. Usado nas pesquisas de Explorers' Guild.,Intermediate,Explorer,Ficha de Madeira
6205117,{Param1} {Param2} Wooden Token of Affinity,{Param3} recebido por concluir uma comissão de {Param2} Guild em Commission House. Usado nas pesquisas de Explorers' Guild.,Intermediate,Wayfinder,Ficha de Madeira
6205121,{Param1} {Param2} Wooden Token of Affinity,{Param3} recebido por concluir uma comissão de {Param2} Guild em Commission House. Usado nas pesquisas de Explorers' Guild.,Greater,Merchant,Ficha de Madeira
6205122,{Param1} {Param2} Wooden Token of Affinity,{Param3} recebido por concluir uma comissão de {Param2} Guild em Commission House. Usado nas pesquisas de Explorers' Guild.,Greater,Blacksmith,Ficha de Madeira
6205123,{Param1} {Param2} Wooden Token of Affinity,{Param3} recebido por concluir uma comissão de {Param2} Guild em Commission House. Usado nas pesquisas de Explorers' Guild.,Greater,Artisan,Ficha de Madeira
6205124,{Param1} {Param2} Wooden Token of Affinity,{Param3} recebido por concluir uma comissão de {Param2} Guild em Commission House. Usado nas pesquisas de Explorers' Guild.,Greater,Appraisor,Ficha de Madeira
6205125,{Param1} {Param2} Wooden Token of Affinity,{Param3} recebido por concluir uma comissão de {Param2} Guild em Commission House. Usado nas pesquisas de Explorers' Guild.,Greater,Hunter,Ficha de Madeira
6205126,{Param1} {Param2} Wooden Token of Affinity,{Param3} recebido por concluir uma comissão de {Param2} Guild em Commission House. Usado nas pesquisas de Explorers' Guild.,Greater,Explorer,Ficha de Madeira
6205127,{Param1} {Param2} Wooden Token of Affinity,{Param3} recebido por concluir uma comissão de {Param2} Guild em Commission House. Usado nas pesquisas de Explorers' Guild.,Greater,Wayfinder,Ficha de Madeira
6205131,{Param1} {Param2} Wooden Token of Affinity,{Param3} recebido por concluir uma comissão de {Param2} Guild em Commission House. Usado nas pesquisas de Explorers' Guild.,Supreme,Merchant,Ficha de Madeira
6205132,{Param1} {Param2} Wooden Token of Affinity,{Param3} recebido por concluir uma comissão de {Param2} Guild em Commission House. Usado nas pesquisas de Explorers' Guild.,Supreme,Blacksmith,Ficha de Madeira
6205133,{Param1} {Param2} Wooden Token of Affinity,{Param3} recebido por concluir uma comissão de {Param2} Guild em Commission House. Usado nas pesquisas de Explorers' Guild.,Supreme,Artisan,Ficha de Madeira
6205134,{Param1} {Param2} Wooden Token of Affinity,{Param3} recebido por concluir uma comissão de {Param2} Guild em Commission House. Usado nas pesquisas de Explorers' Guild.,Supreme,Appraisor,Ficha de Madeira
6205135,{Param1} {Param2} Wooden Token of Affinity,{Param3} recebido por concluir uma comissão de {Param2} Guild em Commission House. Usado nas pesquisas de Explorers' Guild.,Supreme,Hunter,Ficha de Madeira
6205136,{Param1} {Param2} Wooden Token of Affinity,{Param3} recebido por concluir uma comissão de {Param2} Guild em Commission House. Usado nas pesquisas de Explorers' Guild.,Supreme,Explorer,Ficha de Madeira
6205137,{Param1} {Param2} Wooden Token of Affinity,{Param3} recebido por concluir uma comissão de {Param2} Guild em Commission House. Usado nas pesquisas de Explorers' Guild.,Supreme,Wayfinder,Ficha de Madeira
6206001,{Param1} {Param2},{Param2} obtido ao superar Ethereal Sanctum. Usado nas pesquisas de Explorers' Guild.,Worn,Key,
6206002,{Param1} {Param2},{Param2} obtido ao superar Ethereal Sanctum. Usado nas pesquisas de Explorers' Guild.,Common,Key,
6206003,{Param1} {Param2},{Param2} obtido ao superar Ethereal Sanctum. Usado nas pesquisas de Explorers' Guild.,Mystic,Key,
6206004,{Param1} {Param2},{Param2} obtido ao superar Ethereal Sanctum. Usado nas pesquisas de Explorers' Guild.,Ethereal-Unlocking,Key,
6207001,{Param1} {Param2},{Param2} obtido ao superar Ethereal Sanctum. Usado nas pesquisas de Explorers' Guild.,Worn,Lock,
6207002,{Param1} {Param2},{Param2} obtido ao superar Ethereal Sanctum. Usado nas pesquisas de Explorers' Guild.,Common,Lock,
6207003,{Param1} {Param2},{Param2} obtido ao superar Ethereal Sanctum. Usado nas pesquisas de Explorers' Guild.,Mystic,Lock,
6207004,{Param1} {Param2},{Param2} obtido ao superar Ethereal Sanctum. Usado nas pesquisas de Explorers' Guild.,Ethereal-Sealing,Lock,
6207005,{Param1} Ancient Woven Rope,{Param2} obtido em Treasure Chest. Usado nas pesquisas de Explorers' Guild.,Worn,Woven Rope,
6207007,{Param1} Wooden Mask,{Param2} obtido em Treasure Chest. Usado nas pesquisas de Explorers' Guild.,Worn,Wooden Mask,
6207009,{Param1} Basket,{Param2} obtido em Treasure Chest. Usado nas pesquisas de Explorers' Guild.,Worn,Basket,
6207010,{Param1} Basket,{Param2} obtido em Special Treasure Chest. Usado nas pesquisas de Explorers' Guild.,Sturdy,Basket,
6207011,{Param1} Lamp,{Param2} obtido em Treasure Chest. Usado nas pesquisas de Explorers' Guild.,Worn,Lamp,
6207012,{Param1} Lamp,{Param2} obtido em Special Treasure Chest. Usado nas pesquisas de Explorers' Guild.,Intact,Lamp,
6207013,Fan of the Blue Sky,{Param2} obtido em Codex. Usado nas pesquisas de Explorers' Guild.,,Fan,
6207014,{Param1} {Param2} {Param3},{Param2} {Param3} obtido em Treasure Chest e Codex. Usado nas pesquisas de Explorers Guild.,Corroded,Ancient Fiend's,Fang
6207015,{Param1} {Param2} {Param3},{Param2} {Param3} obtido em Treasure Chest e Codex. Usado nas pesquisas de Explorers Guild.,Intact,Ancient Fiend's,Fang
6207016,{Param1} {Param2} {Param3},{Param2} {Param3} obtido em Treasure Chest e Codex. Usado nas pesquisas de Explorers Guild.,Corroded,Ancient Fiend's,Scale
6207017,{Param1} {Param2} {Param3},{Param2} {Param3} obtido em Treasure Chest e Codex. Usado nas pesquisas de Explorers Guild.,Intact,Ancient Fiend's,Scale
6207018,{Param1} {Param2},{Param2} obtido ao superar Ethereal Sanctum. Usado nas pesquisas de Explorers' Guild.,Common,Lockpick,
6207019,{Param1} {Param2},{Param2} obtido ao superar Ethereal Sanctum. Usado nas pesquisas de Explorers' Guild.,Mystic,Lockpick,
6207020,{Param1} {Param2},{Param2} obtido ao superar Ethereal Sanctum. Usado nas pesquisas de Explorers' Guild.,Ethereal-Unlocking,Lockpick,
6207021,{Param1} Fan of the Blue Sky,{Param2} obtido em Codex. Usado nas pesquisas de Explorers' Guild.,Radiant,Fan,
6207022,{Param1} Ancient Mask,{Param3} obtido em {Param2}. Usado nas pesquisas de Explorers' Guild.,Radiant,Treasure Chest,Item de pesquisa
6400000,{Param1} {Param2},{Param1} {Param2} feito de ouro fundido. Usado nas pesquisas de Merchants' Guild.,Gold,Egg,
6400001,{Param1} {Param2},{Param1} {Param2} feito de ouro fundido. Usado nas pesquisas de Merchants' Guild.,Gold,Plate,
6400002,{Param1} {Param2},{Param1} {Param2} feito de ouro fundido. Usado nas pesquisas de Merchants' Guild.,Gold,Chalice,
6400003,{Param1} {Param2},{Param1} {Param2} feito de ouro fundido. Usado nas pesquisas de Merchants' Guild.,Gold,Medal,
6400004,{Param1} {Param2},{Param1} {Param2} feito de ouro fundido. Usado nas pesquisas de Merchants' Guild.,Gold,Statue,
6400005,{Param1} {Param2},{Param1} {Param2} feito de ouro fundido. Usado nas pesquisas de Merchants' Guild.,Gold,Crown,
6400101,Element-Infused Watch,{Param2} fabricado processando {Param1}. Usado nas pesquisas de Merchants' Guild.,Anima Element,Artifact,
6400102,Dew of Essence,{Param2} fabricado processando {Param1}. Usado nas pesquisas de Merchants' Guild.,Anima Essence,Artifact,
6400103,Blue Anima Butterfly,{Param2} fabricado processando {Param1}. Usado nas pesquisas de Merchants' Guild.,Anima Core,Artifact,
6410000,Token of Season {IntParam}-{Param1},Token da temporada {IntParam} de Perpetual Corridor. Usado temporariamente nas pesquisas de Merchants' Guild.,Bronze,,
6410001,Token of Season {IntParam}-{Param1},Token da temporada {IntParam} de Perpetual Corridor. Usado temporariamente nas pesquisas de Merchants' Guild.,Silver,,
6410002,Token of Season {IntParam}-{Param1},Token da temporada {IntParam} de Perpetual Corridor. Usado temporariamente nas pesquisas de Merchants' Guild.,Gold,,
6410003,Token of Season {IntParam}-{Param1},Token da temporada {IntParam} de Perpetual Corridor. Usado temporariamente nas pesquisas de Merchants' Guild.,Platinum,,
6410004,Token of Season {IntParam}-{Param1},Token da temporada {IntParam} de Perpetual Corridor. Usado temporariamente nas pesquisas de Merchants' Guild.,Diamond,,
6410005,Token of Season {IntParam}-{Param1},Token da temporada {IntParam} de Perpetual Corridor. Usado temporariamente nas pesquisas de Merchants' Guild.,Master,,
6410006,Token of Season {IntParam}-{Param1},Token da temporada {IntParam} de Perpetual Corridor. Usado temporariamente nas pesquisas de Wayfinders’ Guild.,Bronze,,
6410007,Token of Season {IntParam}-{Param1},Token da temporada {IntParam} de Perpetual Corridor. Usado temporariamente nas pesquisas de Wayfinders’ Guild.,Silver,,
6410008,Token of Season {IntParam}-{Param1},Token da temporada {IntParam} de Perpetual Corridor. Usado temporariamente nas pesquisas de Wayfinders’ Guild.,Gold,,
6410009,Token of Season {IntParam}-{Param1},Token da temporada {IntParam} de Perpetual Corridor. Usado temporariamente nas pesquisas de Wayfinders’ Guild.,Platinum,,
6410010,Token of Season {IntParam}-{Param1},Token da temporada {IntParam} de Perpetual Corridor. Usado temporariamente nas pesquisas de Wayfinders’ Guild.,Diamond,,
6410011,Token of Season {IntParam}-{Param1},Token da temporada {IntParam} de Perpetual Corridor. Usado temporariamente nas pesquisas de Wayfinders’ Guild.,Master,,
6410012,Token of {Param1},"Token de Perpetual Corridor, usado temporariamente nas pesquisas de Wayfinders’ Guild.",Master,,
6410013,{Param1} Coin {Param2},"Token do evento 100-Day Anniv Token Exchange, usado temporariamente nas pesquisas de Merchants' Guild.",Golden Radiance,I,
6410014,{Param1} Coin {Param2},Token do evento 100-Day Anniv Special Mission. Usado temporariamente nas pesquisas de Merchants' Guild.,Golden Radiance,II,
6410015,{Param1} Coin {Param2},Token do evento 100-Day Anniv Special Mission. Usado temporariamente nas pesquisas de Merchants' Guild.,Golden Radiance,III,
6410016,{Param1} Coin {Param2},Token do evento 100-Day Anniv Special Mission. Usado temporariamente nas pesquisas de Merchants' Guild.,Silver Radiance,I,
6410017,{Param1} Coin {Param2},Token do evento 100-Day Anniv Special Mission. Usado temporariamente nas pesquisas de Merchants' Guild.,Silver Radiance,II,
6410018,{Param1} Coin {Param2},Token do evento 100-Day Anniv Special Mission. Usado temporariamente nas pesquisas de Merchants' Guild.,Silver Radiance,III,
6410019,{Param1} Coin {Param2},Token do evento 100-Day Anniv Gold Shop. Usado temporariamente nas pesquisas de Merchants' Guild.,Bronze Radiance,I,
6410020,{Param1} Coin {Param2},Token do evento 100-Day Anniv Gold Shop. Usado temporariamente nas pesquisas de Merchants' Guild.,Bronze Radiance,II,
6410021,{Param1} Coin {Param2},Token do evento 100-Day Anniv Gold Shop. Usado temporariamente nas pesquisas de Merchants' Guild.,Bronze Radiance,III,
6410022,Token of Season {IntParam}-{Param1},Token da temporada {IntParam} de Perpetual Corridor. Usado temporariamente nas pesquisas de Wayfinders’ Guild.,Bronze,,
6410023,Token of Season {IntParam}-{Param1},Token da temporada {IntParam} de Perpetual Corridor. Usado temporariamente nas pesquisas de Wayfinders’ Guild.,Silver,,
6410024,Token of Season {IntParam}-{Param1},Token da temporada {IntParam} de Perpetual Corridor. Usado temporariamente nas pesquisas de Wayfinders’ Guild.,Gold,,
6410025,Token of Season {IntParam}-{Param1},Token da temporada {IntParam} de Perpetual Corridor. Usado temporariamente nas pesquisas de Wayfinders’ Guild.,Platinum,,
6410026,Token of Season {IntParam}-{Param1},Token da temporada {IntParam} de Perpetual Corridor. Usado temporariamente nas pesquisas de Wayfinders’ Guild.,Diamond,,
6410027,Token of Season {IntParam}-{Param1},Token da temporada {IntParam} de Perpetual Corridor. Usado temporariamente nas pesquisas de Wayfinders’ Guild.,Master,,
6410028,Radiant Golden Feather of Victory,"Token do evento Abyss Battlefield Conquest 1st Victory, usado temporariamente nas pesquisas de Wayfinders’ Guild.",,,
6410029,Token of Season {IntParam}-{Param1},Token da temporada {IntParam} de Perpetual Corridor. Usado temporariamente nas pesquisas de Wayfinders’ Guild.,Bronze,,
6410030,Token of Season {IntParam}-{Param1},Token da temporada {IntParam} de Perpetual Corridor. Usado temporariamente nas pesquisas de Wayfinders’ Guild.,Silver,,
6410031,Token of Season {IntParam}-{Param1},Token da temporada {IntParam} de Perpetual Corridor. Usado temporariamente nas pesquisas de Wayfinders’ Guild.,Gold,,
6410032,Token of Season {IntParam}-{Param1},Token da temporada {IntParam} de Perpetual Corridor. Usado temporariamente nas pesquisas de Wayfinders’ Guild.,Platinum,,
6410033,Token of Season {IntParam}-{Param1},Token da temporada {IntParam} de Perpetual Corridor. Usado temporariamente nas pesquisas de Wayfinders’ Guild.,Diamond,,
6410034,Token of Season {IntParam}-{Param1},Token da temporada {IntParam} de Perpetual Corridor. Usado temporariamente nas pesquisas de Wayfinders’ Guild.,Master,,
6410035,{Param1} {Param2} Token,Token obtido em {Param1} {Param2} Operation. Usado temporariamente nas pesquisas de Wayfinders’ Guild.,Abandoned Land,Protection,
6410036,Token of Season {IntParam}-{Param1},Token da temporada {IntParam} de Perpetual Corridor. Usado temporariamente nas pesquisas de Wayfinders’ Guild.,Bronze,,
6410037,Token of Season {IntParam}-{Param1},Token da temporada {IntParam} de Perpetual Corridor. Usado temporariamente nas pesquisas de Wayfinders’ Guild.,Silver,,
6410038,Token of Season {IntParam}-{Param1},Token da temporada {IntParam} de Perpetual Corridor. Usado temporariamente nas pesquisas de Wayfinders’ Guild.,Gold,,
6410039,Token of Season {IntParam}-{Param1},Token da temporada {IntParam} de Perpetual Corridor. Usado temporariamente nas pesquisas de Wayfinders’ Guild.,Platinum,,
6410040,Token of Season {IntParam}-{Param1},Token da temporada {IntParam} de Perpetual Corridor. Usado temporariamente nas pesquisas de Wayfinders’ Guild.,Diamond,,
6410041,Token of Season {IntParam}-{Param1},Token da temporada {IntParam} de Perpetual Corridor. Usado temporariamente nas pesquisas de Wayfinders’ Guild.,Master,,
6410042,Token of Season {IntParam}-{Param1},Token da temporada {IntParam} de Perpetual Corridor. Usado temporariamente nas pesquisas de Wayfinders’ Guild.,Bronze,,
6410043,Token of Season {IntParam}-{Param1},Token da temporada {IntParam} de Perpetual Corridor. Usado temporariamente nas pesquisas de Wayfinders’ Guild.,Silver,,
6410044,Token of Season {IntParam}-{Param1},Token da temporada {IntParam} de Perpetual Corridor. Usado temporariamente nas pesquisas de Wayfinders’ Guild.,Gold,,
6410045,Token of Season {IntParam}-{Param1},Token da temporada {IntParam} de Perpetual Corridor. Usado temporariamente nas pesquisas de Wayfinders’ Guild.,Platinum,,
6410046,Token of Season {IntParam}-{Param1},Token da temporada {IntParam} de Perpetual Corridor. Usado temporariamente nas pesquisas de Wayfinders’ Guild.,Diamond,,
6410047,Token of Season {IntParam}-{Param1},Token da temporada {IntParam} de Perpetual Corridor. Usado temporariamente nas pesquisas de Wayfinders’ Guild.,Master,,
6410048,Token of Season {IntParam}-{Param1},Token da temporada {IntParam} de Perpetual Corridor. Usado temporariamente nas pesquisas de Wayfinders’ Guild.,Bronze,,
6410049,Token of Season {IntParam}-{Param1},Token da temporada {IntParam} de Perpetual Corridor. Usado temporariamente nas pesquisas de Wayfinders’ Guild.,Silver,,
6410050,Token of Season {IntParam}-{Param1},Token da temporada {IntParam} de Perpetual Corridor. Usado temporariamente nas pesquisas de Wayfinders’ Guild.,Gold,,
6410051,Token of Season {IntParam}-{Param1},Token da temporada {IntParam} de Perpetual Corridor. Usado temporariamente nas pesquisas de Wayfinders’ Guild.,Platinum,,
6410052,Token of Season {IntParam}-{Param1},Token da temporada {IntParam} de Perpetual Corridor. Usado temporariamente nas pesquisas de Wayfinders’ Guild.,Diamond,,
6410053,Token of Season {IntParam}-{Param1},Token da temporada {IntParam} de Perpetual Corridor. Usado temporariamente nas pesquisas de Wayfinders’ Guild.,Master,,
6500001,Shining Pebble,{Param1} obtido de {Param2}. Usado nas pesquisas de Wayfinders’ Guild.,Shining Pebble,Throughout the Forsaken Land,
6501001,Dimension Stone Crystal of Flame,{Param1} obtido de {Param2}. Usado nas pesquisas de Wayfinders’ Guild.,Dimension Stone Crystal,Flame Incursion,
6501011,Dimension Stone Crystal of Storm,{Param1} obtido de {Param2}. Usado nas pesquisas de Wayfinders’ Guild.,Dimension Stone Crystal,Storm Incursion,
6501021,Dimension Stone Crystal III,{Param1} obtido de {Param2}. Usado nas pesquisas de Wayfinders’ Guild.,Dimension Stone Crystal,Incursion of Pulsing Ridge,
6501031,Dimension Stone Crystal of Lightning,{Param1} obtido de {Param2}. Usado nas pesquisas de Wayfinders’ Guild.,Dimension Stone Crystal,Thunder Incursion,
6502001,Guardian Golem’s Powercore,Recompensa por proteger Guardian Golem em Giant's Tower até o fim. Usada nas pesquisas de Wayfinders’ Guild.,,,
6503001,Stable Origo,{Param1} obtido de {Param2}. Usado nas pesquisas de Wayfinders’ Guild.,Special Mineral,Monolith War,
6504001,{Param1} Golden Lantern,"Token dos eventos de 200 dias, usado temporariamente nas pesquisas de Wayfinders’ Guild.",200-Day Anniversary,,
6504002,{Param1} Commemorative Medal,"Medalha de Forsaken Land Monster Purge Mission, usada temporariamente nas pesquisas de Wayfinders Guild.",Elysium,,
6504003,{Param1} Anniversary Statue,"Estátua dos eventos de 300 dias, usada temporariamente nas pesquisas de Wayfinders Guild.",300-Day,,
6504004,Token of Friendship,Obtido no evento Friend Invitation. Usado em Research para ganhar Combat Power.,,,
6505001,{Param1} Alliance Journal: Vol. {IntParam},{Param2} obtido em {Param3}. Usado nas pesquisas de {Param1} Guild.,Wayfinder,Season Pass,Wayfinders Alliance Journal: Volume I
6505002,{Param1} Alliance Journal: Vol. {IntParam},{Param2} obtido em {Param3}. Usado nas pesquisas de {Param1} Guild.,Wayfinder,Season Pass,Wayfinders Alliance Journal: Vol. 2
6505003,{Param1} Alliance Journal: Vol. {IntParam},{Param2} obtido em {Param3}. Usado nas pesquisas de {Param1} Guild.,Wayfinder,Season Pass,Wayfinders Alliance Journal: Vol. 3
6600001,{Param1} Token {Param2},"Token obtido em Temporal Barrier, usado nas pesquisas de Appraisers' Guild.",Barrier of Enhancement,I,
6600002,{Param1} Token {Param2},"Token obtido em Temporal Barrier, usado nas pesquisas de Appraisers' Guild.",Barrier of Enhancement,II,
6600003,{Param1} Token {Param2},"Token obtido em Temporal Barrier, usado nas pesquisas de Appraisers' Guild.",Barrier of Enhancement,III,
6600004,{Param1} Token {Param2},"Token obtido em Temporal Barrier, usado nas pesquisas de Appraisers' Guild.",Barrier of Enhancement,IV,
6600005,{Param1} Token {Param2},"Token obtido em Temporal Barrier, usado nas pesquisas de Appraisers' Guild.",Barrier of Enhancement,V,
6600006,{Param1} Token {Param2},"Token obtido em Temporal Barrier, usado nas pesquisas de Appraisers' Guild.",Barrier of Enhancement,VI,
6600007,{Param1} Token {Param2},"Token obtido em Temporal Barrier, usado nas pesquisas de Appraisers' Guild.",Barrier of Gold,I,
6600008,{Param1} Token {Param2},"Token obtido em Temporal Barrier, usado nas pesquisas de Appraisers' Guild.",Barrier of Gold,II,
6600009,{Param1} Token {Param2},"Token obtido em Temporal Barrier, usado nas pesquisas de Appraisers' Guild.",Barrier of Gold,III,
6600010,{Param1} Token {Param2},"Token obtido em Temporal Barrier, usado nas pesquisas de Appraisers' Guild.",Barrier of Gold,IV,
6600011,{Param1} Token {Param2},"Token obtido em Temporal Barrier, usado nas pesquisas de Appraisers' Guild.",Barrier of Gold,V,
6600012,{Param1} Token {Param2},"Token obtido em Temporal Barrier, usado nas pesquisas de Appraisers' Guild.",Barrier of Gold,VI,
7030011,Warp Scroll,Teleporta ao ponto de ressurgimento mais próximo. Recarga de dez minutos.,,,
7030012,{Param1} Warp Scroll,Teleporta ao ponto de ressurgimento mais próximo. Pode ser reutilizado imediatamente.,Advanced,,
7030013,{Param1} Warp Scroll,"Teleporta ao ponto de ressurgimento mais próximo, com reutilização imediata. Não pode ser usado em combate.",Swift,,
7040001,{Param1} Additional Commission Contract,Acrescenta comissões {Param1}. Use com Commission House Clerk.,Daily,,
7040002,{Param1} Additional Commission Contract,Acrescenta comissões {Param1}. Use com Commission House Clerk.,Weekly,,
7050001,{Param2} Chest,Use para receber aleatoriamente um dos itens {Param2} da lista.,,Enhancement Stone,
7050002,{Param2} Selection Chest,Use para escolher e receber um {Param2} da lista.,,Enhancement Stone,
7050017,Explorer’s {Param1} {Param2} Chest,Use para tentar obter um {Param2} de {Param3}★ da lista.,Lesser,Glider,1~3
7050018,Explorer’s {Param1} {Param2} Chest,Use para tentar obter um {Param2} de {Param3}★ da lista.,Intermediate,Glider,2~3
7050019,Explorer’s {Param1} {Param2} Chest,Use para tentar obter um {Param2} de {Param3}★ da lista.,Greater,Glider,3~4
7050020,{Param3}★ {Param2} Chest,Use para tentar obter um {Param2} de {Param3}★ da lista.,,Glider,3
7050021,Explorer’s {Param1} {Param2} Chest,Use para tentar obter um {Param2} de {Param3}★ da lista.,Greater,Glider,3~4
7050030,{Param2} Lucky Chest,Use para receber aleatoriamente um dos itens {Param2} da lista.,,Skill Manual,
7050031,{Param1} Card Pack,Use para tentar obter um {Param2} de {Param3}★ da lista.,Lesser,Grace of the Constellations Card,1~3
7050032,{Param1} Card Pack,Use para tentar obter um {Param2} de {Param3}★ da lista.,Intermediate,Grace of the Constellations Card,2~4
7050033,{Param1} Card Pack,Use para tentar obter um {Param2} de {Param3}★ da lista.,Greater,Grace of the Constellations Card,2~5
7050037,{Param1} Card Pack,Use para tentar obter um {Param2} de {Param3}★ da lista.,Supreme,Grace of the Constellations Card,3~5
7050038,{Param1} Card Pack I,Use para tentar obter um {Param2} de {Param3}★ da lista.,Special,Grace of the Constellations Card,3~5
7050039,{Param1} Card Pack II,Use para tentar obter um {Param2} de {Param3}★ da lista.,Special,Grace of the Constellations Card,4~5
7050040,{Param3}★Grace of the constellations Card Pack,Use para tentar obter um {Param2} de {Param3}★ da lista.,,Grace of the Constellations Card,5
7050041,{Param1} Card Pack,Use para tentar obter um {Param2} de {Param3}★ da lista.,Boss Hunter's,Grace of the Constellations Card,2~5
7050046,{Param1} {Param2} Gift Chest,Use para obter {Param2} da sua classe.,Explorers Guild,Elixir,
7050047,{Param1} {Param2} Gift Chest,Use para obter {Param2} da sua classe.,Wayfinders Guild,Elixir,
7050048,{Param1} {Param2} Gift Chest,Use para obter {Param2} da sua classe.,Merchants Guild,Elixir,
7050063,{Param1} {Param2} Chest,Use para receber aleatoriamente um dos itens {Param2} da lista.,Hunter’s,Elixir,
7050070,{Param1} {Param2} Chest,Concede {Param2} ×{Param3}.,Angbar Arena,Ancient Coins,1000
7050071,{Param1} {Param2} Chest,Use para receber aleatoriamente um dos itens {Param2} da lista.,Vending Machine,Motion,
7050072,{Param1} {Param2} Chest,Use para receber aleatoriamente um dos itens {Param2} da lista.,Vending Machine,Pose,
7050073,{Param1} {IntParam}★ {Param2} Chest,Use para receber aleatoriamente um dos itens {Param2} da lista.,Giant’s,Costume,
7050074,{Param1} {IntParam}★ {Param2} Chest,Use para receber aleatoriamente um dos itens {Param2} da lista.,Giant’s,Phantom Weapon,
7050084,{Param1}’s {Param2} Chest,Use para escolher um {Param2} da sua classe.,Orica,Exclusive Spellstone,
7050085,{Param1} Card Pack,Use para tentar obter um {Param2} de {Param3}★ da lista.,Vending Machine,Grace of the Constellations Card,1~2
7050086,{Param3}★ Abyss Battlefield Card Pack,Use para tentar obter um {Param2} de {Param3}★ da lista. O pacote contém apenas cartas disponíveis em Golden Coin Shop.,,Grace of the Constellations Card,1~2
7050087,{Param3}★ Abyss Battlefield Card Pack,Use para tentar obter um {Param2} de {Param3}★ da lista. O pacote contém apenas cartas disponíveis em Golden Coin Shop.,,Grace of the Constellations Card,3~4
7050088,{Param3}★ Abyss Battlefield Card Pack,Use para tentar obter um {Param2} de {Param3}★ da lista. O pacote contém apenas cartas disponíveis em Golden Coin Shop.,,Grace of the Constellations Card,5
7050089,{Param3}★ Abyss Battlefield Card Pack,Use para tentar obter um {Param2} de {Param3}★ da lista. O pacote contém apenas cartas disponíveis em Golden Coin Shop.,,Grace of the Constellations Card,3~5
7050090,{Param1} {Param2} Guild Token of Affinity Chest,Use para tentar obter um {Param2} Guild Token. Tokens of Affinity servem nas pesquisas de Explorers Guild.,Lesser,Merchant,
7050091,{Param1} {Param2} Guild Token of Affinity Chest,Use para tentar obter um {Param2} Guild Token. Tokens of Affinity servem nas pesquisas de Explorers Guild.,Lesser,Blacksmith,
7050092,{Param1} {Param2} Guild Token of Affinity Chest,Use para tentar obter um {Param2} Guild Token. Tokens of Affinity servem nas pesquisas de Explorers Guild.,Lesser,Artisan,
7050093,{Param1} {Param2} Guild Token of Affinity Chest,Use para tentar obter um {Param2} Guild Token. Tokens of Affinity servem nas pesquisas de Explorers Guild.,Lesser,Appraisor,
7050094,{Param1} {Param2} Guild Token of Affinity Chest,Use para tentar obter um {Param2} Guild Token. Tokens of Affinity servem nas pesquisas de Explorers Guild.,Lesser,Hunter,
7050095,{Param1} {Param2} Guild Token of Affinity Chest,Use para tentar obter um {Param2} Guild Token. Tokens of Affinity servem nas pesquisas de Explorers Guild.,Lesser,Explorer,
7050096,{Param1} {Param2} Guild Token of Affinity Chest,Use para tentar obter um {Param2} Guild Token. Tokens of Affinity servem nas pesquisas de Explorers Guild.,Lesser,Wayfinder,
7050097,{Param1} {Param2} Guild Token of Affinity Chest,Use para tentar obter um {Param2} Guild Token. Tokens of Affinity servem nas pesquisas de Explorers Guild.,Intermediate,Merchant,
7050098,{Param1} {Param2} Guild Token of Affinity Chest,Use para tentar obter um {Param2} Guild Token. Tokens of Affinity servem nas pesquisas de Explorers Guild.,Intermediate,Blacksmith,
7050099,{Param1} {Param2} Guild Token of Affinity Chest,Use para tentar obter um {Param2} Guild Token. Tokens of Affinity servem nas pesquisas de Explorers Guild.,Intermediate,Artisan,
7050100,{Param1} {Param2} Guild Token of Affinity Chest,Use para tentar obter um {Param2} Guild Token. Tokens of Affinity servem nas pesquisas de Explorers Guild.,Intermediate,Appraisor,
7050101,{Param1} {Param2} Guild Token of Affinity Chest,Use para tentar obter um {Param2} Guild Token. Tokens of Affinity servem nas pesquisas de Explorers Guild.,Intermediate,Hunter,
7050102,{Param1} {Param2} Guild Token of Affinity Chest,Use para tentar obter um {Param2} Guild Token. Tokens of Affinity servem nas pesquisas de Explorers Guild.,Intermediate,Explorer,
7050103,{Param1} {Param2} Guild Token of Affinity Chest,Use para tentar obter um {Param2} Guild Token. Tokens of Affinity servem nas pesquisas de Explorers Guild.,Intermediate,Wayfinder,
7050104,{Param1} {Param2} Guild Token of Affinity Chest,Use para tentar obter um {Param2} Guild Token. Tokens of Affinity servem nas pesquisas de Explorers Guild.,Greater,Merchant,
7050105,{Param1} {Param2} Guild Token of Affinity Chest,Use para tentar obter um {Param2} Guild Token. Tokens of Affinity servem nas pesquisas de Explorers Guild.,Greater,Blacksmith,
7050106,{Param1} {Param2} Guild Token of Affinity Chest,Use para tentar obter um {Param2} Guild Token. Tokens of Affinity servem nas pesquisas de Explorers Guild.,Greater,Artisan,
7050107,{Param1} {Param2} Guild Token of Affinity Chest,Use para tentar obter um {Param2} Guild Token. Tokens of Affinity servem nas pesquisas de Explorers Guild.,Greater,Appraisor,
7050108,{Param1} {Param2} Guild Token of Affinity Chest,Use para tentar obter um {Param2} Guild Token. Tokens of Affinity servem nas pesquisas de Explorers Guild.,Greater,Hunter,
7050109,{Param1} {Param2} Guild Token of Affinity Chest,Use para tentar obter um {Param2} Guild Token. Tokens of Affinity servem nas pesquisas de Explorers Guild.,Greater,Explorer,
7050110,{Param1} {Param2} Guild Token of Affinity Chest,Use para tentar obter um {Param2} Guild Token. Tokens of Affinity servem nas pesquisas de Explorers Guild.,Greater,Wayfinder,
7050111,{Param1} {Param2} Guild Token of Affinity Chest,Use para tentar obter um {Param2} Guild Token. Tokens of Affinity servem nas pesquisas de Explorers Guild.,Supreme,Merchant,
7050112,{Param1} {Param2} Guild Token of Affinity Chest,Use para tentar obter um {Param2} Guild Token. Tokens of Affinity servem nas pesquisas de Explorers Guild.,Supreme,Blacksmith,
7050113,{Param1} {Param2} Guild Token of Affinity Chest,Use para tentar obter um {Param2} Guild Token. Tokens of Affinity servem nas pesquisas de Explorers Guild.,Supreme,Artisan,
7050114,{Param1} {Param2} Guild Token of Affinity Chest,Use para tentar obter um {Param2} Guild Token. Tokens of Affinity servem nas pesquisas de Explorers Guild.,Supreme,Appraisor,
7050115,{Param1} {Param2} Guild Token of Affinity Chest,Use para tentar obter um {Param2} Guild Token. Tokens of Affinity servem nas pesquisas de Explorers Guild.,Supreme,Hunter,
7050116,{Param1} {Param2} Guild Token of Affinity Chest,Use para tentar obter um {Param2} Guild Token. Tokens of Affinity servem nas pesquisas de Explorers Guild.,Supreme,Explorer,
7050117,{Param1} {Param2} Guild Token of Affinity Chest,Use para tentar obter um {Param2} Guild Token. Tokens of Affinity servem nas pesquisas de Explorers Guild.,Supreme,Wayfinder,
7050120,1-4★ Golden Research Chest,"Concede um Golden Treasure de 1★ a 4★ de Abyss Battlefield, usado nas pesquisas de Appraisers' Guild.",,,
7050121,3-5★ Golden Research Chest,"Concede um Golden Treasure de 3★ a 5★ de Abyss Battlefield, usado nas pesquisas de Appraisers' Guild.",,,
7050126,{Param1}‘s Pouch,Presente de {Param1} para aventureiros. Concede aleatoriamente materiais de evolução de cartas de Grace of the Constellations.,Evrin ,,
7050132,{Param1}‘s {Param3}★ Card Pack,{Param2} preparado por {Param2} para aventureiros. Concede aleatoriamente um {Param2} de {Param2}★. A repetição dos parâmetros já existe no original.,Evrin ,Grace of the Constellations Card,5~6
7050142,{Param1} {Param2} Chest,Use para receber aleatoriamente um dos itens {Param2} da lista.,Lesser,Relic of Subjugation,
7050143,{Param1} {Param2} Chest,Use para receber aleatoriamente um dos itens {Param2} da lista.,Lesser,Relic of Loyalty,
7050144,{Param1} {Param2} Chest,Use para receber aleatoriamente um dos itens {Param2} da lista.,Intermediate,Relic of Subjugation,
7050145,{Param1} {Param2} Chest,Use para receber aleatoriamente um dos itens {Param2} da lista.,Intermediate,Relic of Loyalty,
7050146,{Param1} {Param2} Chest,Use para receber aleatoriamente um dos itens {Param2} da lista.,Greater,Relic of Subjugation,
7050147,{Param1} {Param2} Chest,Use para receber aleatoriamente um dos itens {Param2} da lista.,Greater,Relic of Loyalty,
7050148,{Param1}‘s {IntParam}★ {Param2} Chest,Use para receber aleatoriamente um dos itens {Param2} da lista.,Orica,Shared Spellstone,
7050149,{Param1}‘s {IntParam}★ {Param2} Chest,Use para receber aleatoriamente um dos itens {Param2} da lista.,Orica,Shared Spellstone,
7050150,{Param1}‘s {IntParam}★ {Param2} Chest,Use para receber aleatoriamente um dos itens {Param2} da lista.,Orica,Shared Spellstone,
7050151,{Param1}‘s {Param3}★ {Param2} Chest,Use para receber aleatoriamente um dos itens {Param2} da lista.,Orica,Shared Spellstone,1~3
7050161,{Param3}‘s {Param1} {Param2} Chest,Use para receber aleatoriamente um dos itens {Param2} da lista.,Lesser,Shared Spellstone,Explorer
7050162,{Param3}‘s {Param1} {Param2} Chest,Use para receber aleatoriamente um dos itens {Param2} da lista.,Intermediate,Shared Spellstone,Explorer
7050163,{Param3}‘s {Param1} {Param2} Chest,Use para receber aleatoriamente um dos itens {Param2} da lista.,Greater,Shared Spellstone,Explorer
7050164,{IntParam}★ {Param2} Chest: {Param1},Use para receber aleatoriamente um dos itens {Param2} da lista.,Active Skill,Shared Spellstone,
7050172,{IntParam}★ {Param2} Chest: {Param1},Use para receber aleatoriamente um dos itens {Param2} da lista.,Normal Attack,Shared Spellstone,
7050173,{IntParam}★ {Param2} Chest: {Param1},Use para receber aleatoriamente um dos itens {Param2} da lista.,Dash,Shared Spellstone,
7050170,{IntParam}★ {Param2} Chest: {Param1},Use para receber aleatoriamente um dos itens {Param2} da lista.,Active Skill,Shared Spellstone,
7050166,{IntParam}★ {Param2} Chest: {Param1},Use para receber aleatoriamente um dos itens {Param2} da lista.,Normal Attack,Shared Spellstone,
7050165,{IntParam}★ {Param2} Chest: {Param1},Use para receber aleatoriamente um dos itens {Param2} da lista.,Dash,Shared Spellstone,
7050167,{Param3}★ {Param2} Chest: {Param1},Use para receber aleatoriamente um dos itens {Param2} da lista.,Active Skill,Shared Spellstone,1~3
7050168,{IntParam}★ {Param2} Chest: {Param1},Use para receber aleatoriamente um dos itens {Param2} da lista.,Active Skill,Shared Spellstone,
7050169,{IntParam}★ {Param2} Chest: {Param1},Use para receber aleatoriamente um dos itens {Param2} da lista.,Normal Attack,Shared Spellstone,
7050174,{IntParam}★ {Param2} Chest: {Param1},Use para receber aleatoriamente um dos itens {Param2} da lista.,Dash,Shared Spellstone,
7050171,{IntParam}★ {Param2} Chest: {Param1},Use para receber aleatoriamente um dos itens {Param2} da lista.,Active Skill,Shared Spellstone,
7050178,{IntParam}★ {Param2} Chest: {Param1},Use para receber aleatoriamente um dos itens {Param2} da lista.,Normal Attack,Shared Spellstone,
7050179,{IntParam}★ {Param2} Chest: {Param1},Use para receber aleatoriamente um dos itens {Param2} da lista.,Dash,Shared Spellstone,
7050175,{IntParam}★ {Param2} Selection Chest: {Param3},Use para escolher e receber um {Param2} da lista.,,Shared Spellstone,Active Skill
7050176,{IntParam}★ {Param2} Selection Chest: {Param3},Use para escolher e receber um {Param2} da lista.,,Shared Spellstone,Normal Attack
7050177,{IntParam}★ {Param2} Selection Chest: {Param3},Use para escolher e receber um {Param2} da lista.,,Shared Spellstone,Dash
7050180,{Param3}★ {Param2} Chest: {Param1},Use para receber aleatoriamente um dos itens {Param2} da lista.,Active Skill,Shared Spellstone,3~4
7050181,{Param3}★ {Param2} Chest: {Param1},Use para receber aleatoriamente um dos itens {Param2} da lista.,Normal Attack,Shared Spellstone,3~4
7050182,{Param3}★ {Param2} Chest: {Param1},Use para receber aleatoriamente um dos itens {Param2} da lista.,Dash,Shared Spellstone,3~4
7050183,{IntParam}★ {Param2} Chest,Use para receber aleatoriamente um dos itens {Param2} da lista.,,Shared Spellstone,
7050190,{Param1} {Param2} Chest,Use para receber aleatoriamente um {Param3} da lista.,Glimmering,Spellfused,Pedra mágica
7050191,{Param1} {Param2} Chest,Use para receber aleatoriamente um {Param3} da lista.,Shining,Spellfused,Pedra mágica
7050192,{Param1} {Param2} Chest,Use para receber aleatoriamente um {Param3} da lista.,Radiant,Spellfused,Pedra mágica
7050200,{IntParam}★ {Param2} Selection Chest,Use para escolher e receber um {Param2} da lista.,2★ Infusion-Core,Infusion-Core,
7050201,{IntParam}★ {Param2} Selection Chest,Use para escolher e receber um {Param2} da lista.,3★ Infusion-Core,Infusion-Core,
7050202,{IntParam}★ {Param2} Selection Chest,Use para escolher e receber um {Param2} da lista.,2★ Infusion-Core of Destruction,Infusion-Core of Destruction,
7050203,{IntParam}★ {Param2} Selection Chest,Use para escolher e receber um {Param2} da lista.,2★ Infusion-Core of Endurance,Infusion-Core of Endurance,
7050204,{IntParam}★ {Param2} Selection Chest,Use para escolher e receber um {Param2} da lista.,2★ Infusion-Core of Dexterity,Infusion-Core of Dexterity,
7050205,{IntParam}★ {Param2} Selection Chest,Use para escolher e receber um {Param2} da lista.,3★ Infusion-Core of Destruction,Infusion-Core of Destruction,
7050206,{IntParam}★ {Param2} Selection Chest,Use para escolher e receber um {Param2} da lista.,3★ Infusion-Core of Endurance,Infusion-Core of Endurance,
7050207,{IntParam}★ {Param2} Selection Chest,Use para escolher e receber um {Param2} da lista.,3★ Infusion-Core of Dexterity,Infusion-Core of Dexterity,
7050208,{IntParam}★ {Param2} Selection Chest,Use para escolher e receber um {Param2} da lista.,3★ Lesser Blueprint,Lesser Blueprint,
7050209,{IntParam}★ {Param2} Selection Chest,Use para escolher e receber um {Param2} da lista.,3★ Lesser Blueprint Fragment,Lesser Blueprint Fragment,
7050210,{IntParam}★ {Param2} Selection Chest,Use para escolher e receber um {Param2} da lista.,4★ Lesser Blueprint Fragment,Lesser Blueprint Fragment,
7050211,{IntParam}★ {Param2} Selection Chest,Use para escolher e receber um {Param2} da lista.,4★ Lesser Blueprint,Lesser Blueprint,
7050212,{Param1} {Param2} Selection Chest,Use para escolher e receber um {Param2} da lista.,Damaged,Materials,
7050213,{Param1} {Param2} Selection Chest,Use para escolher e receber um {Param2} da lista.,Intact,Materials,
7050214,{Param1} {Param2} Selection Chest,Use para escolher e receber um {Param2} da lista.,Honed,Materials,
7050215,{Param1} {Param2} Selection Chest,Use para escolher e receber um {Param2} da lista.,Polished,Materials,
7050216,{Param1} {Param2} Selection Chest,Use para escolher e receber um {Param2} da lista.,Shining,Materials,
7050218,{IntParam}★ {Param1} of {Param2} Chest,Concede {Param2} de {IntParam}★ para sua classe.,The Ethereal,Primary Weapon,
7050219,{IntParam}★ {Param1} of {Param2} Chest,Concede {Param2} de {IntParam}★ para sua classe.,The Ethereal,Secondary Gear I,
7050220,{IntParam}★ {Param2} Selection Chest,Use para escolher e receber um {Param2} da lista.,,Equipment,
7050221,2★ Infusion-Core of Destruction Chest,Use para receber aleatoriamente um dos itens {Param2} da lista.,,Infusion-Core of Destruction,
7050222,2★ Infusion-Core of Endurance Chest,Use para receber aleatoriamente um dos itens {Param2} da lista.,,Infusion-Core of Endurance,
7050223,2★ Infusion-Core of Dexterity Chest,Use para receber aleatoriamente um dos itens {Param2} da lista.,,Infusion-Core of Dexterity,
7050224,3★ Infusion-Core of Destruction Chest,Use para receber aleatoriamente um dos itens {Param2} da lista.,,Infusion-Core of Destruction,
7050225,3★ Infusion-Core of Endurance Chest,Use para receber aleatoriamente um dos itens {Param2} da lista.,,Infusion-Core of Endurance,
7050226,3★ Infusion-Core of Dexterity Chest,Use para receber aleatoriamente um dos itens {Param2} da lista.,,Infusion-Core of Dexterity,
7050227,{IntParam}★ {Param2} Selection Chest,Use para escolher e receber um {Param2} da lista.,,Lowest Blueprint,
7050228,{IntParam}★ {Param2} Selection Chest,Use para escolher e receber um {Param2} da lista.,,Lowest Blueprint Fragment,
7050229,{IntParam}★ {Param2} Selection Chest,Use para escolher e receber um {Param2} da lista.,,Intermediate Blueprint Fragment,
7050230,{Param1}★ {Param2}‘s {Param3} Chest,Use para escolher um {Param3} da lista.,3~4,Destruction,Infusion-Core
7050231,{Param1}★ {Param2}‘s {Param3} Chest,Use para escolher um {Param3} da lista.,3~4,Endurance,Infusion-Core
7050232,{Param1}★ {Param2}‘s {Param3} Chest,Use para escolher um {Param3} da lista.,3~4,Dexterity,Infusion-Core
7050233,{Param1}★ {Param3} Chest,Use para receber aleatoriamente um {Param3} da lista.,3~4,,Infusion-Core
7050234,{IntParam}★ {Param2} Selection Chest,Use para escolher e receber um {Param2} da lista.,,Intermediate Blueprint Fragment,
7050235,{IntParam}★ {Param2} Chest,Use para receber aleatoriamente um dos itens {Param2} da lista.,4★ Lesser Blueprint Fragment,Lesser Blueprint Fragment,
7050236,{IntParam}★ {Param2} Chest,Use para receber aleatoriamente um dos itens {Param2} da lista.,4★ Lesser Blueprint,Lesser Blueprint,
7050237,{IntParam}★ {Param1} Selection Chest,Use para escolher e receber um {Param2} da lista.,Greater Blueprint Fragment,,
7050238,{Param1} {Param2} Chest,Use para receber aleatoriamente um dos itens {Param2} da lista.,Damaged,Materials,
7050239,{Param1} {Param2} Chest,Use para receber aleatoriamente um dos itens {Param2} da lista.,Intact,Materials,
7050240,{IntParam}★ {Param2} Chest,Use para receber aleatoriamente um dos itens {Param2} da lista.,3★ Lesser Blueprint Fragment,Lesser Blueprint Fragment,
7050241,{IntParam}★ {Param2} Chest,Use para receber aleatoriamente um dos itens {Param2} da lista.,3★ Lesser Blueprint,Lesser Blueprint,
7050242,{IntParam}★ {Param2} Chest,Use para receber aleatoriamente um dos itens {Param2} da lista.,,Intermediate Blueprint,
7050243,{Param1} {Param2} Chest,Use para receber aleatoriamente um dos itens {Param2} da lista.,Unknown Incursion,I,Recompensa
7050244,{Param1} {Param2} Chest,Use para receber aleatoriamente um dos itens {Param2} da lista.,Unknown Incursion,II,Recompensa
7050245,{Param1} {Param2} Chest,Use para receber aleatoriamente um dos itens {Param2} da lista.,Unknown Incursion,III,Recompensa
7050246,{Param1} {Param2} Chest,Use para receber aleatoriamente um dos itens {Param2} da lista.,Unknown Incursion,IV,Recompensa
7050247,{Param1} {Param2} Chest,Use para receber aleatoriamente um dos itens {Param2} da lista.,Unknown Incursion,V,Recompensa
7050248,{Param1} {Param2} Chest,Use para receber aleatoriamente um dos itens {Param2} da lista.,Unknown Incursion,VI,Recompensa
7050249,{Param1} {Param2} Guild {Param3} of Affinity Chest,Use para tentar obter um {Param2} Guild Wooden Token. {Param3} de afinidade serve nas pesquisas de Explorers Guild.,Lesser,Merchant,Wooden Token
7050250,{Param1} {Param2} Guild {Param3} of Affinity Chest,Use para tentar obter um {Param2} Guild Wooden Token. {Param3} de afinidade serve nas pesquisas de Explorers Guild.,Lesser,Blacksmith,Wooden Token
7050251,{Param1} {Param2} Guild {Param3} of Affinity Chest,Use para tentar obter um {Param2} Guild Wooden Token. {Param3} de afinidade serve nas pesquisas de Explorers Guild.,Lesser,Artisan,Wooden Token
7050252,{Param1} {Param2} Guild {Param3} of Affinity Chest,Use para tentar obter um {Param2} Guild Wooden Token. {Param3} de afinidade serve nas pesquisas de Explorers Guild.,Lesser,Appraisor,Wooden Token
7050253,{Param1} {Param2} Guild {Param3} of Affinity Chest,Use para tentar obter um {Param2} Guild Wooden Token. {Param3} de afinidade serve nas pesquisas de Explorers Guild.,Lesser,Hunter,Wooden Token
7050254,{Param1} {Param2} Guild {Param3} of Affinity Chest,Use para tentar obter um {Param2} Guild Wooden Token. {Param3} de afinidade serve nas pesquisas de Explorers Guild.,Lesser,Explorer,Wooden Token
7050255,{Param1} {Param2} Guild {Param3} of Affinity Chest,Use para tentar obter um {Param2} Guild Wooden Token. {Param3} de afinidade serve nas pesquisas de Explorers Guild.,Lesser,Wayfinder,Wooden Token
7050256,{Param1} {Param2} Guild {Param3} of Affinity Chest,Use para tentar obter um {Param2} Guild Wooden Token. {Param3} de afinidade serve nas pesquisas de Explorers Guild.,Intermediate,Merchant,Wooden Token
7050257,{Param1} {Param2} Guild {Param3} of Affinity Chest,Use para tentar obter um {Param2} Guild Wooden Token. {Param3} de afinidade serve nas pesquisas de Explorers Guild.,Intermediate,Blacksmith,Wooden Token
7050258,{Param1} {Param2} Guild {Param3} of Affinity Chest,Use para tentar obter um {Param2} Guild Wooden Token. {Param3} de afinidade serve nas pesquisas de Explorers Guild.,Intermediate,Artisan,Wooden Token
7050259,{Param1} {Param2} Guild {Param3} of Affinity Chest,Use para tentar obter um {Param2} Guild Wooden Token. {Param3} de afinidade serve nas pesquisas de Explorers Guild.,Intermediate,Appraisor,Wooden Token
7050260,{Param1} {Param2} Guild {Param3} of Affinity Chest,Use para tentar obter um {Param2} Guild Wooden Token. {Param3} de afinidade serve nas pesquisas de Explorers Guild.,Intermediate,Hunter,Wooden Token
7050261,{Param1} {Param2} Guild {Param3} of Affinity Chest,Use para tentar obter um {Param2} Guild Wooden Token. {Param3} de afinidade serve nas pesquisas de Explorers Guild.,Intermediate,Explorer,Wooden Token
7050262,{Param1} {Param2} Guild {Param3} of Affinity Chest,Use para tentar obter um {Param2} Guild Wooden Token. {Param3} de afinidade serve nas pesquisas de Explorers Guild.,Intermediate,Wayfinder,Wooden Token
7050263,{Param1} {Param2} Guild {Param3} of Affinity Chest,Use para tentar obter um {Param2} Guild Wooden Token. {Param3} de afinidade serve nas pesquisas de Explorers Guild.,Greater,Merchant,Wooden Token
7050264,{Param1} {Param2} Guild {Param3} of Affinity Chest,Use para tentar obter um {Param2} Guild Wooden Token. {Param3} de afinidade serve nas pesquisas de Explorers Guild.,Greater,Blacksmith,Wooden Token
7050265,{Param1} {Param2} Guild {Param3} of Affinity Chest,Use para tentar obter um {Param2} Guild Wooden Token. {Param3} de afinidade serve nas pesquisas de Explorers Guild.,Greater,Artisan,Wooden Token
7050266,{Param1} {Param2} Guild {Param3} of Affinity Chest,Use para tentar obter um {Param2} Guild Wooden Token. {Param3} de afinidade serve nas pesquisas de Explorers Guild.,Greater,Appraisor,Wooden Token
7050267,{Param1} {Param2} Guild {Param3} of Affinity Chest,Use para tentar obter um {Param2} Guild Wooden Token. {Param3} de afinidade serve nas pesquisas de Explorers Guild.,Greater,Hunter,Wooden Token
7050268,{Param1} {Param2} Guild {Param3} of Affinity Chest,Use para tentar obter um {Param2} Guild Wooden Token. {Param3} de afinidade serve nas pesquisas de Explorers Guild.,Greater,Explorer,Wooden Token
7050269,{Param1} {Param2} Guild {Param3} of Affinity Chest,Use para tentar obter um {Param2} Guild Wooden Token. {Param3} de afinidade serve nas pesquisas de Explorers Guild.,Greater,Wayfinder,Wooden Token
7050270,{Param1} {Param2} Guild {Param3} of Affinity Chest,Use para tentar obter um {Param2} Guild Wooden Token. {Param3} de afinidade serve nas pesquisas de Explorers Guild.,Supreme,Merchant,Wooden Token
7050271,{Param1} {Param2} Guild {Param3} of Affinity Chest,Use para tentar obter um {Param2} Guild Wooden Token. {Param3} de afinidade serve nas pesquisas de Explorers Guild.,Supreme,Blacksmith,Wooden Token
7050272,{Param1} {Param2} Guild {Param3} of Affinity Chest,Use para tentar obter um {Param2} Guild Wooden Token. {Param3} de afinidade serve nas pesquisas de Explorers Guild.,Supreme,Artisan,Wooden Token
7050273,{Param1} {Param2} Guild {Param3} of Affinity Chest,Use para tentar obter um {Param2} Guild Wooden Token. {Param3} de afinidade serve nas pesquisas de Explorers Guild.,Supreme,Appraisor,Wooden Token
7050274,{Param1} {Param2} Guild {Param3} of Affinity Chest,Use para tentar obter um {Param2} Guild Wooden Token. {Param3} de afinidade serve nas pesquisas de Explorers Guild.,Supreme,Hunter,Wooden Token
7050275,{Param1} {Param2} Guild {Param3} of Affinity Chest,Use para tentar obter um {Param2} Guild Wooden Token. {Param3} de afinidade serve nas pesquisas de Explorers Guild.,Supreme,Explorer,Wooden Token
7050276,{Param1} {Param2} Guild {Param3} of Affinity Chest,Use para tentar obter um {Param2} Guild Wooden Token. {Param3} de afinidade serve nas pesquisas de Explorers Guild.,Supreme,Wayfinder,Wooden Token
7050300,{Param1}‘s {Param2} {Param3} Chest,Use para escolher e receber um {Param2} da lista.,Kalakur,Powerstone,Select
7050301,{Param1}‘s {Param2} {Param3} Chest,Use para escolher e receber um {Param2} da lista.,Kaizen-Akar,Powerstone,Random
7050400,{Param1}★ {Param2} {Param3} Selection Chest,Use para escolher um {Param3} da lista.,4,Destruction,Infusion-Core
7050401,{Param1}★ {Param2} {Param3} Selection Chest,Use para escolher um {Param3} da lista.,4,Endurance,Infusion-Core
7050402,{Param1}★ {Param2} {Param3} Selection Chest,Use para escolher um {Param3} da lista.,4,Dexterity,Infusion-Core
7050403,{Param1} {Param2} Chest,Use para receber todos os {Param2} da lista.,Friend Invitation Event Complete,Reward,
7050404,{Param1} {Param2} Chest,Use para receber todos os {Param2} da lista.,Friend Invitation Event,Reward,
7050422,{Param2} Chest Realm {IntParam} {Param3},Concede aleatoriamente um {Param2} da lista.,,Monster Specimen,I
7050423,{Param2} Chest Realm {IntParam} {Param3},Concede aleatoriamente um {Param2} da lista.,,Monster Specimen,I
7050424,{Param2} Chest Realm {IntParam} {Param3},Concede aleatoriamente um {Param2} da lista.,,Monster Specimen,I
7050425,{Param2} Chest Realm {IntParam} {Param3},Concede aleatoriamente um {Param2} da lista.,,Monster Specimen,II
7050426,{Param2} Chest Realm {IntParam} {Param3},Concede aleatoriamente um {Param2} da lista.,,Monster Specimen,II
7050427,{Param2} Chest Realm {IntParam} {Param3},Concede aleatoriamente um {Param2} da lista.,,Monster Specimen,II
7050428,{Param2} Chest Realm {IntParam} {Param3},Concede aleatoriamente um {Param2} da lista.,,Monster Specimen,II
7050429,{Param1} {Param2} Selection Chest {Param3},Use para escolher e receber um {Param2} da sua classe.,Clan,Elixir,I
7050430,{Param1} {Param2} Selection Chest {Param3},Use para escolher e receber um {Param2} da sua classe.,Clan,Elixir,II
7050433,{Param1} {Param2} Selection Chest {Param3},Use para escolher e receber um {Param2} da sua classe.,Clan,Exclusive Spellstone,I
7050434,{Param1} {Param2} Selection Chest {Param3},Use para escolher e receber um {Param2} da sua classe.,Clan,Exclusive Spellstone,I
7050435,{Param1} {Param2} Selection Chest {Param3},Use para escolher e receber um {Param2} da sua classe.,Giant's Tower,Elixir,I
7050436,{Param1} {Param2} Selection Chest {Param3},Use para escolher e receber um {Param2} da sua classe.,Giant's Tower,Elixir,II
7050437,{Param1} {Param2} Selection Chest {Param3},Use para escolher e receber um {Param2} da sua classe.,Giant's Tower,Elixir,III
7050438,Monster Specimen Chest: {Param1},Contém um espécime de monstro obtido em {Param1}.,Twisted Elysium,,
7050501,{Param1} {Param2} Summon Chest,Use para receber aleatoriamente um dos itens {Param2} da lista.,Greater,Costume,
7050502,{Param1} {Param2} Summon Chest,Use para receber aleatoriamente um dos itens {Param2} da lista.,Greater,Phantom Weapon,
7050503,{Param1} {Param2} Summon Chest,Use para receber aleatoriamente um dos itens {Param2} da lista.,Appraisers' Guild,Costume,
7050504,{Param1} {Param2} Summon Chest,Use para receber aleatoriamente um dos itens {Param2} da lista.,Appraisers' Guild,Phantom Weapon,
7050601,Tier {Param3} {Param2} Chest,Use para receber aleatoriamente um dos itens {Param2} da lista.,,Relic of Subjugation,1~3
7050602,Tier {Param3} {Param2} Chest,Use para receber aleatoriamente um dos itens {Param2} da lista.,,Relic of Subjugation,1~6
7050603,Tier {Param3} {Param2} Chest,Use para receber aleatoriamente um dos itens {Param2} da lista.,,Relic of Subjugation,4~9
7050604,Tier {Param3} {Param2} Chest,Use para receber aleatoriamente um dos itens {Param2} da lista.,,Relic of Subjugation,7~12
7050611,Tier {Param3} {Param2} Chest,Use para receber aleatoriamente um dos itens {Param2} da lista.,,Relic of Loyalty,1~3
7050612,Tier {Param3} {Param2} Chest,Use para receber aleatoriamente um dos itens {Param2} da lista.,,Relic of Loyalty,1~6
7050613,Tier {Param3} {Param2} Chest,Use para receber aleatoriamente um dos itens {Param2} da lista.,,Relic of Loyalty,4~9
7050614,Tier {Param3} {Param2} Chest,Use para receber aleatoriamente um dos itens {Param2} da lista.,,Relic of Loyalty,7~12
7050801,Card Pack: {Param1},Use para obter {Param1} {Param2}.,Rock-Swallowing Beast,Grace of the Constellations Card,
7050802,Card Pack: {Param1},Use para obter {Param1} {Param2}.,Boundless Voyager,Grace of the Constellations Card,
7050803,Card Pack: {Param1},Use para obter {Param1} {Param2}.,Monstrosity of the Deep,Grace of the Constellations Card,
7050804,{Param1} Chest,Use para receber aleatoriamente um {Param1} da lista.,Dimension Stone Crystal,,
7050805,Card Pack: {Param1},Use para obter {Param1} {Param2}.,Winged Rappie,Grace of the Constellations Card,
7050806,Glimmering {Param1} Chest,Concede materiais para fabricar Glimmering Spellfused Chest.,Spell Materials,,
7050807,Stardust {Param1} Chest,Use para receber aleatoriamente um dos itens {Param2} da lista.,Lucky,Stardust,
7050808,{IntParam}★ Heart of the Star {Param1} Chest,Concede aleatoriamente um {Param2} de {IntParam}★ da lista.,Lucky,Heart of the Star,
7050809,Source of Magic {Param1} Chest,Use para receber aleatoriamente um dos itens {Param2} da lista.,Lucky,Source of Magic,
7050810,{Param1} Chest,Use para receber aleatoriamente um dos itens {Param2} da lista.,Boss Hunter's Source of Magic,Source of Magic,
7060001,{Param1} {Param2} Extermination Reward: Difficulty {IntParam},"Recompensa de Adventurers Alliance por deter Grand Incursion, exclusiva para quem alcançou contribuição {Param3}.",Supreme,Flame Grand Incursion,1º Lugar
7060002,{Param1} {Param2} Extermination Reward: Difficulty {IntParam},"Recompensa de Adventurers Alliance por deter Grand Incursion, exclusiva para quem alcançou contribuição {Param3}.",Greater,Flame Grand Incursion,#2 - #10
7060003,{Param1} {Param2} Extermination Reward: Difficulty {IntParam},"Recompensa de Adventurers Alliance por deter Grand Incursion, exclusiva para quem alcançou contribuição {Param3}.",Intermediate,Flame Grand Incursion,#11 - #50
7060004,{Param1} {Param2} Extermination Reward: Difficulty {IntParam},"Recompensa de Adventurers Alliance por deter Grand Incursion, exclusiva para quem alcançou contribuição {Param3}.",Lesser,Flame Grand Incursion,#51 - #100
7060005,{Param1} {Param2} Extermination Reward: Difficulty {IntParam},"Recompensa de Adventurers Alliance por deter Grand Incursion, exclusiva para quem alcançou {Param3}.",Lowest Grade,Flame Grand Incursion,#101 ou inferior
7060006,{Param1} {Param2} Extermination Reward: Difficulty {IntParam},"Recompensa de Adventurers Alliance por deter Grand Incursion, exclusiva para quem alcançou contribuição {Param3}.",Supreme,Flame Grand Incursion,1º Lugar
7060007,{Param1} {Param2} Extermination Reward: Difficulty {IntParam},"Recompensa de Adventurers Alliance por deter Grand Incursion, exclusiva para quem alcançou contribuição {Param3}.",Greater,Flame Grand Incursion,#2 - #10
7060008,{Param1} {Param2} Extermination Reward: Difficulty {IntParam},"Recompensa de Adventurers Alliance por deter Grand Incursion, exclusiva para quem alcançou contribuição {Param3}.",Intermediate,Flame Grand Incursion,#11 - #50
7060009,{Param1} {Param2} Extermination Reward: Difficulty {IntParam},"Recompensa de Adventurers Alliance por deter Grand Incursion, exclusiva para quem alcançou contribuição {Param3}.",Lesser,Flame Grand Incursion,#51 - #100
7060010,{Param1} {Param2} Extermination Reward: Difficulty {IntParam},"Recompensa de Adventurers Alliance por deter Grand Incursion, exclusiva para quem alcançou {Param3}.",Lowest Grade,Flame Grand Incursion,#101 ou inferior
7060011,{Param1} {Param2} Extermination Reward: Difficulty {IntParam},"Recompensa de Adventurers Alliance por deter Grand Incursion, exclusiva para quem alcançou contribuição {Param3}.",Supreme,Flame Grand Incursion,1º Lugar
7060012,{Param1} {Param2} Extermination Reward: Difficulty {IntParam},"Recompensa de Adventurers Alliance por deter Grand Incursion, exclusiva para quem alcançou contribuição {Param3}.",Greater,Flame Grand Incursion,#2 - #10
7060013,{Param1} {Param2} Extermination Reward: Difficulty {IntParam},"Recompensa de Adventurers Alliance por deter Grand Incursion, exclusiva para quem alcançou contribuição {Param3}.",Intermediate,Flame Grand Incursion,#11 - #50
7060014,{Param1} {Param2} Extermination Reward: Difficulty {IntParam},"Recompensa de Adventurers Alliance por deter Grand Incursion, exclusiva para quem alcançou contribuição {Param3}.",Lesser,Flame Grand Incursion,#51 - #100
7060015,{Param1} {Param2} Extermination Reward: Difficulty {IntParam},"Recompensa de Adventurers Alliance por deter Grand Incursion, exclusiva para quem alcançou {Param3}.",Lowest Grade,Flame Grand Incursion,#101 ou inferior
7060016,{Param1} {Param2} Extermination Reward: Difficulty {IntParam},"Recompensa de Adventurers Alliance por deter Grand Incursion, exclusiva para quem alcançou contribuição {Param3}.",Supreme,Flame Grand Incursion,1º Lugar
7060017,{Param1} {Param2} Extermination Reward: Difficulty {IntParam},"Recompensa de Adventurers Alliance por deter Grand Incursion, exclusiva para quem alcançou contribuição {Param3}.",Greater,Flame Grand Incursion,#2 - #10
7060018,{Param1} {Param2} Extermination Reward: Difficulty {IntParam},"Recompensa de Adventurers Alliance por deter Grand Incursion, exclusiva para quem alcançou contribuição {Param3}.",Intermediate,Flame Grand Incursion,#11 - #50
7060019,{Param1} {Param2} Extermination Reward: Difficulty {IntParam},"Recompensa de Adventurers Alliance por deter Grand Incursion, exclusiva para quem alcançou contribuição {Param3}.",Lesser,Flame Grand Incursion,#51 - #100
7060020,{Param1} {Param2} Extermination Reward: Difficulty {IntParam},"Recompensa de Adventurers Alliance por deter Grand Incursion, exclusiva para quem alcançou {Param3}.",Lowest Grade,Flame Grand Incursion,#101 ou inferior
7060101,{Param1} {Param2} Extermination Reward: Difficulty {IntParam},"Recompensa de Adventurers Alliance por deter Grand Incursion, exclusiva para quem alcançou contribuição {Param3}.",Supreme,Flame Grand Incursion,1º Lugar
7060102,{Param1} {Param2} Extermination Reward: Difficulty {IntParam},"Recompensa de Adventurers Alliance por deter Grand Incursion, exclusiva para quem alcançou contribuição {Param3}.",Greater,Flame Grand Incursion,#2 - #10
7060103,{Param1} {Param2} Extermination Reward: Difficulty {IntParam},"Recompensa de Adventurers Alliance por deter Grand Incursion, exclusiva para quem alcançou contribuição {Param3}.",Intermediate,Flame Grand Incursion,#11 - #50
7060104,{Param1} {Param2} Extermination Reward: Difficulty {IntParam},"Recompensa de Adventurers Alliance por deter Grand Incursion, exclusiva para quem alcançou contribuição {Param3}.",Lesser,Flame Grand Incursion,#51 - #100
7060105,{Param1} {Param2} Extermination Reward: Difficulty {IntParam},"Recompensa de Adventurers Alliance por deter Grand Incursion, exclusiva para quem alcançou {Param3}.",Lowest Grade,Flame Grand Incursion,#101 ou inferior
7060106,{Param1} {Param2} Extermination Reward: Difficulty {IntParam},"Recompensa de Adventurers Alliance por deter Grand Incursion, exclusiva para quem alcançou contribuição {Param3}.",Supreme,Flame Grand Incursion,1º Lugar
7060107,{Param1} {Param2} Extermination Reward: Difficulty {IntParam},"Recompensa de Adventurers Alliance por deter Grand Incursion, exclusiva para quem alcançou contribuição {Param3}.",Greater,Flame Grand Incursion,#2 - #10
7060108,{Param1} {Param2} Extermination Reward: Difficulty {IntParam},"Recompensa de Adventurers Alliance por deter Grand Incursion, exclusiva para quem alcançou contribuição {Param3}.",Intermediate,Flame Grand Incursion,#11 - #50
7060109,{Param1} {Param2} Extermination Reward: Difficulty {IntParam},"Recompensa de Adventurers Alliance por deter Grand Incursion, exclusiva para quem alcançou contribuição {Param3}.",Lesser,Flame Grand Incursion,#51 - #100
7060110,{Param1} {Param2} Extermination Reward: Difficulty {IntParam},"Recompensa de Adventurers Alliance por deter Grand Incursion, exclusiva para quem alcançou {Param3}.",Lowest Grade,Flame Grand Incursion,#101 ou inferior
7060111,{Param1} {Param2} Extermination Reward: Difficulty {IntParam},"Recompensa de Adventurers Alliance por deter Grand Incursion, exclusiva para quem alcançou contribuição {Param3}.",Supreme,Flame Grand Incursion,1º Lugar
7060112,{Param1} {Param2} Extermination Reward: Difficulty {IntParam},"Recompensa de Adventurers Alliance por deter Grand Incursion, exclusiva para quem alcançou contribuição {Param3}.",Greater,Flame Grand Incursion,#2 - #10
7060113,{Param1} {Param2} Extermination Reward: Difficulty {IntParam},"Recompensa de Adventurers Alliance por deter Grand Incursion, exclusiva para quem alcançou contribuição {Param3}.",Intermediate,Flame Grand Incursion,#11 - #50
7060114,{Param1} {Param2} Extermination Reward: Difficulty {IntParam},"Recompensa de Adventurers Alliance por deter Grand Incursion, exclusiva para quem alcançou contribuição {Param3}.",Lesser,Flame Grand Incursion,#51 - #100
7060115,{Param1} {Param2} Extermination Reward: Difficulty {IntParam},"Recompensa de Adventurers Alliance por deter Grand Incursion, exclusiva para quem alcançou {Param3}.",Lowest Grade,Flame Grand Incursion,#101 ou inferior
7060116,{Param1} {Param2} Extermination Reward: Difficulty {IntParam},"Recompensa de Adventurers Alliance por deter Grand Incursion, exclusiva para quem alcançou contribuição {Param3}.",Supreme,Flame Grand Incursion,1º Lugar
7060117,{Param1} {Param2} Extermination Reward: Difficulty {IntParam},"Recompensa de Adventurers Alliance por deter Grand Incursion, exclusiva para quem alcançou contribuição {Param3}.",Greater,Flame Grand Incursion,#2 - #10
7060118,{Param1} {Param2} Extermination Reward: Difficulty {IntParam},"Recompensa de Adventurers Alliance por deter Grand Incursion, exclusiva para quem alcançou contribuição {Param3}.",Intermediate,Flame Grand Incursion,#11 - #50
7060119,{Param1} {Param2} Extermination Reward: Difficulty {IntParam},"Recompensa de Adventurers Alliance por deter Grand Incursion, exclusiva para quem alcançou contribuição {Param3}.",Lesser,Flame Grand Incursion,#51 - #100
7060120,{Param1} {Param2} Extermination Reward: Difficulty {IntParam},"Recompensa de Adventurers Alliance por deter Grand Incursion, exclusiva para quem alcançou {Param3}.",Lowest Grade,Flame Grand Incursion,#101 ou inferior
7060121,{Param1} {Param2} Extermination Reward: Difficulty {IntParam},"Recompensa de Adventurers Alliance por deter Grand Incursion, exclusiva para quem alcançou contribuição {Param3}.",Supreme,Flame Grand Incursion,1º Lugar
7060122,{Param1} {Param2} Extermination Reward: Difficulty {IntParam},"Recompensa de Adventurers Alliance por deter Grand Incursion, exclusiva para quem alcançou contribuição {Param3}.",Greater,Flame Grand Incursion,#2 - #10
7060123,{Param1} {Param2} Extermination Reward: Difficulty {IntParam},"Recompensa de Adventurers Alliance por deter Grand Incursion, exclusiva para quem alcançou contribuição {Param3}.",Intermediate,Flame Grand Incursion,#11 - #50
7060124,{Param1} {Param2} Extermination Reward: Difficulty {IntParam},"Recompensa de Adventurers Alliance por deter Grand Incursion, exclusiva para quem alcançou contribuição {Param3}.",Lesser,Flame Grand Incursion,#51 - #100
7060125,{Param1} {Param2} Extermination Reward: Difficulty {IntParam},"Recompensa de Adventurers Alliance por deter Grand Incursion, exclusiva para quem alcançou {Param3}.",Lowest Grade,Flame Grand Incursion,#101 ou inferior
7060126,{Param1} {Param2} Extermination Reward: Difficulty {IntParam},"Recompensa de Adventurers Alliance por deter Grand Incursion, exclusiva para quem alcançou contribuição {Param3}.",Supreme,Flame Grand Incursion,1º Lugar
7060127,{Param1} {Param2} Extermination Reward: Difficulty {IntParam},"Recompensa de Adventurers Alliance por deter Grand Incursion, exclusiva para quem alcançou contribuição {Param3}.",Greater,Flame Grand Incursion,#2 - #10
7060128,{Param1} {Param2} Extermination Reward: Difficulty {IntParam},"Recompensa de Adventurers Alliance por deter Grand Incursion, exclusiva para quem alcançou contribuição {Param3}.",Intermediate,Flame Grand Incursion,#11 - #50
7060129,{Param1} {Param2} Extermination Reward: Difficulty {IntParam},"Recompensa de Adventurers Alliance por deter Grand Incursion, exclusiva para quem alcançou contribuição {Param3}.",Lesser,Flame Grand Incursion,#51 - #100
7060130,{Param1} {Param2} Extermination Reward: Difficulty {IntParam},"Recompensa de Adventurers Alliance por deter Grand Incursion, exclusiva para quem alcançou {Param3}.",Lowest Grade,Flame Grand Incursion,#101 ou inferior
7060131,{Param1} {Param2} Extermination Reward: Difficulty {IntParam},"Recompensa de Adventurers Alliance por deter Grand Incursion, exclusiva para quem alcançou contribuição {Param3}.",Supreme,Flame Grand Incursion,1º Lugar
7060132,{Param1} {Param2} Extermination Reward: Difficulty {IntParam},"Recompensa de Adventurers Alliance por deter Grand Incursion, exclusiva para quem alcançou contribuição {Param3}.",Greater,Flame Grand Incursion,#2 - #10
7060133,{Param1} {Param2} Extermination Reward: Difficulty {IntParam},"Recompensa de Adventurers Alliance por deter Grand Incursion, exclusiva para quem alcançou contribuição {Param3}.",Intermediate,Flame Grand Incursion,#11 - #50
7060134,{Param1} {Param2} Extermination Reward: Difficulty {IntParam},"Recompensa de Adventurers Alliance por deter Grand Incursion, exclusiva para quem alcançou contribuição {Param3}.",Lesser,Flame Grand Incursion,#51 - #100
7060135,{Param1} {Param2} Extermination Reward: Difficulty {IntParam},"Recompensa de Adventurers Alliance por deter Grand Incursion, exclusiva para quem alcançou {Param3}.",Lowest Grade,Flame Grand Incursion,#101 ou inferior
7060136,{Param1} {Param2} Extermination Reward: Difficulty {IntParam},"Recompensa de Adventurers Alliance por deter Grand Incursion, exclusiva para quem alcançou contribuição {Param3}.",Supreme,Flame Grand Incursion,1º Lugar
7060137,{Param1} {Param2} Extermination Reward: Difficulty {IntParam},"Recompensa de Adventurers Alliance por deter Grand Incursion, exclusiva para quem alcançou contribuição {Param3}.",Greater,Flame Grand Incursion,#2 - #10
7060138,{Param1} {Param2} Extermination Reward: Difficulty {IntParam},"Recompensa de Adventurers Alliance por deter Grand Incursion, exclusiva para quem alcançou contribuição {Param3}.",Intermediate,Flame Grand Incursion,#11 - #50
7060139,{Param1} {Param2} Extermination Reward: Difficulty {IntParam},"Recompensa de Adventurers Alliance por deter Grand Incursion, exclusiva para quem alcançou contribuição {Param3}.",Lesser,Flame Grand Incursion,#51 - #100
7060140,{Param1} {Param2} Extermination Reward: Difficulty {IntParam},"Recompensa de Adventurers Alliance por deter Grand Incursion, exclusiva para quem alcançou {Param3}.",Lowest Grade,Flame Grand Incursion,#101 ou inferior
7060141,{Param1} {Param2} Extermination Reward: Difficulty {IntParam},"Recompensa de Adventurers Alliance por deter Grand Incursion, exclusiva para quem alcançou contribuição {Param3}.",Supreme,Flame Grand Incursion,1º Lugar
7060142,{Param1} {Param2} Extermination Reward: Difficulty {IntParam},"Recompensa de Adventurers Alliance por deter Grand Incursion, exclusiva para quem alcançou contribuição {Param3}.",Greater,Flame Grand Incursion,#2 - #10
7060143,{Param1} {Param2} Extermination Reward: Difficulty {IntParam},"Recompensa de Adventurers Alliance por deter Grand Incursion, exclusiva para quem alcançou contribuição {Param3}.",Intermediate,Flame Grand Incursion,#11 - #50
7060144,{Param1} {Param2} Extermination Reward: Difficulty {IntParam},"Recompensa de Adventurers Alliance por deter Grand Incursion, exclusiva para quem alcançou contribuição {Param3}.",Lesser,Flame Grand Incursion,#51 - #100
7060145,{Param1} {Param2} Extermination Reward: Difficulty {IntParam},"Recompensa de Adventurers Alliance por deter Grand Incursion, exclusiva para quem alcançou {Param3}.",Lowest Grade,Flame Grand Incursion,#101 ou inferior
7060151,{Param1} {Param2} Extermination Reward: Difficulty {IntParam},"Recompensa de Adventurers Alliance por deter Grand Incursion, exclusiva para quem alcançou contribuição {Param3}.",Supreme,Flame Grand Incursion,1º Lugar
7060152,{Param1} {Param2} Extermination Reward: Difficulty {IntParam},"Recompensa de Adventurers Alliance por deter Grand Incursion, exclusiva para quem alcançou contribuição {Param3}.",Greater,Flame Grand Incursion,#2 - #10
7060153,{Param1} {Param2} Extermination Reward: Difficulty {IntParam},"Recompensa de Adventurers Alliance por deter Grand Incursion, exclusiva para quem alcançou contribuição {Param3}.",Intermediate,Flame Grand Incursion,#11 - #50
7060154,{Param1} {Param2} Extermination Reward: Difficulty {IntParam},"Recompensa de Adventurers Alliance por deter Grand Incursion, exclusiva para quem alcançou contribuição {Param3}.",Lesser,Flame Grand Incursion,#51 - #100
7060155,{Param1} {Param2} Extermination Reward: Difficulty {IntParam},"Recompensa de Adventurers Alliance por deter Grand Incursion, exclusiva para quem alcançou {Param3}.",Lowest Grade,Flame Grand Incursion,#101 ou inferior
7060161,{Param1} {Param2} Extermination Reward: Difficulty {IntParam},"Recompensa de Adventurers Alliance por deter Grand Incursion, exclusiva para quem alcançou contribuição {Param3}.",Supreme,Flame Grand Incursion,1º Lugar
7060162,{Param1} {Param2} Extermination Reward: Difficulty {IntParam},"Recompensa de Adventurers Alliance por deter Grand Incursion, exclusiva para quem alcançou contribuição {Param3}.",Greater,Flame Grand Incursion,#2 - #10
7060163,{Param1} {Param2} Extermination Reward: Difficulty {IntParam},"Recompensa de Adventurers Alliance por deter Grand Incursion, exclusiva para quem alcançou contribuição {Param3}.",Intermediate,Flame Grand Incursion,#11 - #50
7060164,{Param1} {Param2} Extermination Reward: Difficulty {IntParam},"Recompensa de Adventurers Alliance por deter Grand Incursion, exclusiva para quem alcançou contribuição {Param3}.",Lesser,Flame Grand Incursion,#51 - #100
7060165,{Param1} {Param2} Extermination Reward: Difficulty {IntParam},"Recompensa de Adventurers Alliance por deter Grand Incursion, exclusiva para quem alcançou {Param3}.",Lowest Grade,Flame Grand Incursion,#101 ou inferior
7061001,{Param1} {Param2} Extermination Reward: Difficulty {IntParam},"Recompensa de Adventurers Alliance por deter Grand Incursion, exclusiva para quem alcançou contribuição {Param3}.",Supreme,Lightning Grand Incursion,1º Lugar
7061002,{Param1} {Param2} Extermination Reward: Difficulty {IntParam},"Recompensa de Adventurers Alliance por deter Grand Incursion, exclusiva para quem alcançou contribuição {Param3}.",Greater,Lightning Grand Incursion,#2 - #10
7061003,{Param1} {Param2} Extermination Reward: Difficulty {IntParam},"Recompensa de Adventurers Alliance por deter Grand Incursion, exclusiva para quem alcançou contribuição {Param3}.",Intermediate,Lightning Grand Incursion,#11 - #50
7061004,{Param1} {Param2} Extermination Reward: Difficulty {IntParam},"Recompensa de Adventurers Alliance por deter Grand Incursion, exclusiva para quem alcançou contribuição {Param3}.",Lesser,Lightning Grand Incursion,#51 - #100
7061005,{Param1} {Param2} Extermination Reward: Difficulty {IntParam},"Recompensa de Adventurers Alliance por deter Grand Incursion, exclusiva para quem alcançou {Param3}.",Lowest Grade,Lightning Grand Incursion,#101 ou inferior
7061006,{Param1} {Param2} Extermination Reward: Difficulty {IntParam},"Recompensa de Adventurers Alliance por deter Grand Incursion, exclusiva para quem alcançou contribuição {Param3}.",Supreme,Lightning Grand Incursion,1º Lugar
7061007,{Param1} {Param2} Extermination Reward: Difficulty {IntParam},"Recompensa de Adventurers Alliance por deter Grand Incursion, exclusiva para quem alcançou contribuição {Param3}.",Greater,Lightning Grand Incursion,#2 - #10
7061008,{Param1} {Param2} Extermination Reward: Difficulty {IntParam},"Recompensa de Adventurers Alliance por deter Grand Incursion, exclusiva para quem alcançou contribuição {Param3}.",Intermediate,Lightning Grand Incursion,#11 - #50
7061009,{Param1} {Param2} Extermination Reward: Difficulty {IntParam},"Recompensa de Adventurers Alliance por deter Grand Incursion, exclusiva para quem alcançou contribuição {Param3}.",Lesser,Lightning Grand Incursion,#51 - #100
7061010,{Param1} {Param2} Extermination Reward: Difficulty {IntParam},"Recompensa de Adventurers Alliance por deter Grand Incursion, exclusiva para quem alcançou {Param3}.",Lowest Grade,Lightning Grand Incursion,#101 ou inferior
7061011,{Param1} {Param2} Extermination Reward: Difficulty {IntParam},"Recompensa de Adventurers Alliance por deter Grand Incursion, exclusiva para quem alcançou contribuição {Param3}.",Supreme,Lightning Grand Incursion,1º Lugar
7061012,{Param1} {Param2} Extermination Reward: Difficulty {IntParam},"Recompensa de Adventurers Alliance por deter Grand Incursion, exclusiva para quem alcançou contribuição {Param3}.",Greater,Lightning Grand Incursion,#2 - #10
7061013,{Param1} {Param2} Extermination Reward: Difficulty {IntParam},"Recompensa de Adventurers Alliance por deter Grand Incursion, exclusiva para quem alcançou contribuição {Param3}.",Intermediate,Lightning Grand Incursion,#11 - #50
7061014,{Param1} {Param2} Extermination Reward: Difficulty {IntParam},"Recompensa de Adventurers Alliance por deter Grand Incursion, exclusiva para quem alcançou contribuição {Param3}.",Lesser,Lightning Grand Incursion,#51 - #100
7061015,{Param1} {Param2} Extermination Reward: Difficulty {IntParam},"Recompensa de Adventurers Alliance por deter Grand Incursion, exclusiva para quem alcançou {Param3}.",Lowest Grade,Lightning Grand Incursion,#101 ou inferior
7061016,{Param1} {Param2} Extermination Reward: Difficulty {IntParam},"Recompensa de Adventurers Alliance por deter Grand Incursion, exclusiva para quem alcançou contribuição {Param3}.",Supreme,Lightning Grand Incursion,1º Lugar
7061017,{Param1} {Param2} Extermination Reward: Difficulty {IntParam},"Recompensa de Adventurers Alliance por deter Grand Incursion, exclusiva para quem alcançou contribuição {Param3}.",Greater,Lightning Grand Incursion,#2 - #10
7061018,{Param1} {Param2} Extermination Reward: Difficulty {IntParam},"Recompensa de Adventurers Alliance por deter Grand Incursion, exclusiva para quem alcançou contribuição {Param3}.",Intermediate,Lightning Grand Incursion,#11 - #50
7061019,{Param1} {Param2} Extermination Reward: Difficulty {IntParam},"Recompensa de Adventurers Alliance por deter Grand Incursion, exclusiva para quem alcançou contribuição {Param3}.",Lesser,Lightning Grand Incursion,#51 - #100
7061020,{Param1} {Param2} Extermination Reward: Difficulty {IntParam},"Recompensa de Adventurers Alliance por deter Grand Incursion, exclusiva para quem alcançou {Param3}.",Lowest Grade,Lightning Grand Incursion,#101 ou inferior
7061101,{Param1} {Param2} Extermination Reward: Difficulty {IntParam},"Recompensa de Adventurers Alliance por deter Grand Incursion, exclusiva para quem alcançou contribuição {Param3}.",Supreme,Lightning Grand Incursion,1º Lugar
7061102,{Param1} {Param2} Extermination Reward: Difficulty {IntParam},"Recompensa de Adventurers Alliance por deter Grand Incursion, exclusiva para quem alcançou contribuição {Param3}.",Greater,Lightning Grand Incursion,#2 - #10
7061103,{Param1} {Param2} Extermination Reward: Difficulty {IntParam},"Recompensa de Adventurers Alliance por deter Grand Incursion, exclusiva para quem alcançou contribuição {Param3}.",Intermediate,Lightning Grand Incursion,#11 - #50
7061104,{Param1} {Param2} Extermination Reward: Difficulty {IntParam},"Recompensa de Adventurers Alliance por deter Grand Incursion, exclusiva para quem alcançou contribuição {Param3}.",Lesser,Lightning Grand Incursion,#51 - #100
7061105,{Param1} {Param2} Extermination Reward: Difficulty {IntParam},"Recompensa de Adventurers Alliance por deter Grand Incursion, exclusiva para quem alcançou {Param3}.",Lowest Grade,Lightning Grand Incursion,#101 ou inferior
7061106,{Param1} {Param2} Extermination Reward: Difficulty {IntParam},"Recompensa de Adventurers Alliance por deter Grand Incursion, exclusiva para quem alcançou contribuição {Param3}.",Supreme,Lightning Grand Incursion,1º Lugar
7061107,{Param1} {Param2} Extermination Reward: Difficulty {IntParam},"Recompensa de Adventurers Alliance por deter Grand Incursion, exclusiva para quem alcançou contribuição {Param3}.",Greater,Lightning Grand Incursion,#2 - #10
7061108,{Param1} {Param2} Extermination Reward: Difficulty {IntParam},"Recompensa de Adventurers Alliance por deter Grand Incursion, exclusiva para quem alcançou contribuição {Param3}.",Intermediate,Lightning Grand Incursion,#11 - #50
7061109,{Param1} {Param2} Extermination Reward: Difficulty {IntParam},"Recompensa de Adventurers Alliance por deter Grand Incursion, exclusiva para quem alcançou contribuição {Param3}.",Lesser,Lightning Grand Incursion,#51 - #100
7061110,{Param1} {Param2} Extermination Reward: Difficulty {IntParam},"Recompensa de Adventurers Alliance por deter Grand Incursion, exclusiva para quem alcançou {Param3}.",Lowest Grade,Lightning Grand Incursion,#101 ou inferior
7061111,{Param1} {Param2} Extermination Reward: Difficulty {IntParam},"Recompensa de Adventurers Alliance por deter Grand Incursion, exclusiva para quem alcançou contribuição {Param3}.",Supreme,Lightning Grand Incursion,1º Lugar
7061112,{Param1} {Param2} Extermination Reward: Difficulty {IntParam},"Recompensa de Adventurers Alliance por deter Grand Incursion, exclusiva para quem alcançou contribuição {Param3}.",Greater,Lightning Grand Incursion,#2 - #10
7061113,{Param1} {Param2} Extermination Reward: Difficulty {IntParam},"Recompensa de Adventurers Alliance por deter Grand Incursion, exclusiva para quem alcançou contribuição {Param3}.",Intermediate,Lightning Grand Incursion,#11 - #50
7061114,{Param1} {Param2} Extermination Reward: Difficulty {IntParam},"Recompensa de Adventurers Alliance por deter Grand Incursion, exclusiva para quem alcançou contribuição {Param3}.",Lesser,Lightning Grand Incursion,#51 - #100
7061115,{Param1} {Param2} Extermination Reward: Difficulty {IntParam},"Recompensa de Adventurers Alliance por deter Grand Incursion, exclusiva para quem alcançou {Param3}.",Lowest Grade,Lightning Grand Incursion,#101 ou inferior
7061116,{Param1} {Param2} Extermination Reward: Difficulty {IntParam},"Recompensa de Adventurers Alliance por deter Grand Incursion, exclusiva para quem alcançou contribuição {Param3}.",Supreme,Lightning Grand Incursion,1º Lugar
7061117,{Param1} {Param2} Extermination Reward: Difficulty {IntParam},"Recompensa de Adventurers Alliance por deter Grand Incursion, exclusiva para quem alcançou contribuição {Param3}.",Greater,Lightning Grand Incursion,#2 - #10
7061118,{Param1} {Param2} Extermination Reward: Difficulty {IntParam},"Recompensa de Adventurers Alliance por deter Grand Incursion, exclusiva para quem alcançou contribuição {Param3}.",Intermediate,Lightning Grand Incursion,#11 - #50
7061119,{Param1} {Param2} Extermination Reward: Difficulty {IntParam},"Recompensa de Adventurers Alliance por deter Grand Incursion, exclusiva para quem alcançou contribuição {Param3}.",Lesser,Lightning Grand Incursion,#51 - #100
7061120,{Param1} {Param2} Extermination Reward: Difficulty {IntParam},"Recompensa de Adventurers Alliance por deter Grand Incursion, exclusiva para quem alcançou {Param3}.",Lowest Grade,Lightning Grand Incursion,#101 ou inferior
7061121,{Param1} {Param2} Extermination Reward: Difficulty {IntParam},"Recompensa de Adventurers Alliance por deter Grand Incursion, exclusiva para quem alcançou contribuição {Param3}.",Supreme,Lightning Grand Incursion,1º Lugar
7061122,{Param1} {Param2} Extermination Reward: Difficulty {IntParam},"Recompensa de Adventurers Alliance por deter Grand Incursion, exclusiva para quem alcançou contribuição {Param3}.",Greater,Lightning Grand Incursion,#2 - #10
7061123,{Param1} {Param2} Extermination Reward: Difficulty {IntParam},"Recompensa de Adventurers Alliance por deter Grand Incursion, exclusiva para quem alcançou contribuição {Param3}.",Intermediate,Lightning Grand Incursion,#11 - #50
7061124,{Param1} {Param2} Extermination Reward: Difficulty {IntParam},"Recompensa de Adventurers Alliance por deter Grand Incursion, exclusiva para quem alcançou contribuição {Param3}.",Lesser,Lightning Grand Incursion,#51 - #100
7061125,{Param1} {Param2} Extermination Reward: Difficulty {IntParam},"Recompensa de Adventurers Alliance por deter Grand Incursion, exclusiva para quem alcançou {Param3}.",Lowest Grade,Lightning Grand Incursion,#101 ou inferior
7061126,{Param1} {Param2} Extermination Reward: Difficulty {IntParam},"Recompensa de Adventurers Alliance por deter Grand Incursion, exclusiva para quem alcançou contribuição {Param3}.",Supreme,Lightning Grand Incursion,1º Lugar
7061127,{Param1} {Param2} Extermination Reward: Difficulty {IntParam},"Recompensa de Adventurers Alliance por deter Grand Incursion, exclusiva para quem alcançou contribuição {Param3}.",Greater,Lightning Grand Incursion,#2 - #10
7061128,{Param1} {Param2} Extermination Reward: Difficulty {IntParam},"Recompensa de Adventurers Alliance por deter Grand Incursion, exclusiva para quem alcançou contribuição {Param3}.",Intermediate,Lightning Grand Incursion,#11 - #50
7061129,{Param1} {Param2} Extermination Reward: Difficulty {IntParam},"Recompensa de Adventurers Alliance por deter Grand Incursion, exclusiva para quem alcançou contribuição {Param3}.",Lesser,Lightning Grand Incursion,#51 - #100
7061130,{Param1} {Param2} Extermination Reward: Difficulty {IntParam},"Recompensa de Adventurers Alliance por deter Grand Incursion, exclusiva para quem alcançou {Param3}.",Lowest Grade,Lightning Grand Incursion,#101 ou inferior
7061131,{Param1} {Param2} Extermination Reward: Difficulty {IntParam},"Recompensa de Adventurers Alliance por deter Grand Incursion, exclusiva para quem alcançou contribuição {Param3}.",Supreme,Lightning Grand Incursion,1º Lugar
7061132,{Param1} {Param2} Extermination Reward: Difficulty {IntParam},"Recompensa de Adventurers Alliance por deter Grand Incursion, exclusiva para quem alcançou contribuição {Param3}.",Greater,Lightning Grand Incursion,#2 - #10
7061133,{Param1} {Param2} Extermination Reward: Difficulty {IntParam},"Recompensa de Adventurers Alliance por deter Grand Incursion, exclusiva para quem alcançou contribuição {Param3}.",Intermediate,Lightning Grand Incursion,#11 - #50
7061134,{Param1} {Param2} Extermination Reward: Difficulty {IntParam},"Recompensa de Adventurers Alliance por deter Grand Incursion, exclusiva para quem alcançou contribuição {Param3}.",Lesser,Lightning Grand Incursion,#51 - #100
7061135,{Param1} {Param2} Extermination Reward: Difficulty {IntParam},"Recompensa de Adventurers Alliance por deter Grand Incursion, exclusiva para quem alcançou {Param3}.",Lowest Grade,Lightning Grand Incursion,#101 ou inferior
7061136,{Param1} {Param2} Extermination Reward: Difficulty {IntParam},"Recompensa de Adventurers Alliance por deter Grand Incursion, exclusiva para quem alcançou contribuição {Param3}.",Supreme,Lightning Grand Incursion,1º Lugar
7061137,{Param1} {Param2} Extermination Reward: Difficulty {IntParam},"Recompensa de Adventurers Alliance por deter Grand Incursion, exclusiva para quem alcançou contribuição {Param3}.",Greater,Lightning Grand Incursion,#2 - #10
7061138,{Param1} {Param2} Extermination Reward: Difficulty {IntParam},"Recompensa de Adventurers Alliance por deter Grand Incursion, exclusiva para quem alcançou contribuição {Param3}.",Intermediate,Lightning Grand Incursion,#11 - #50
7061139,{Param1} {Param2} Extermination Reward: Difficulty {IntParam},"Recompensa de Adventurers Alliance por deter Grand Incursion, exclusiva para quem alcançou contribuição {Param3}.",Lesser,Lightning Grand Incursion,#51 - #100
7061140,{Param1} {Param2} Extermination Reward: Difficulty {IntParam},"Recompensa de Adventurers Alliance por deter Grand Incursion, exclusiva para quem alcançou {Param3}.",Lowest Grade,Lightning Grand Incursion,#101 ou inferior
7061141,{Param1} {Param2} Extermination Reward: Difficulty {IntParam},"Recompensa de Adventurers Alliance por deter Grand Incursion, exclusiva para quem alcançou contribuição {Param3}.",Supreme,Lightning Grand Incursion,1º Lugar
7061142,{Param1} {Param2} Extermination Reward: Difficulty {IntParam},"Recompensa de Adventurers Alliance por deter Grand Incursion, exclusiva para quem alcançou contribuição {Param3}.",Greater,Lightning Grand Incursion,#2 - #10
7061143,{Param1} {Param2} Extermination Reward: Difficulty {IntParam},"Recompensa de Adventurers Alliance por deter Grand Incursion, exclusiva para quem alcançou contribuição {Param3}.",Intermediate,Lightning Grand Incursion,#11 - #50
7061144,{Param1} {Param2} Extermination Reward: Difficulty {IntParam},"Recompensa de Adventurers Alliance por deter Grand Incursion, exclusiva para quem alcançou contribuição {Param3}.",Lesser,Lightning Grand Incursion,#51 - #100
7061145,{Param1} {Param2} Extermination Reward: Difficulty {IntParam},"Recompensa de Adventurers Alliance por deter Grand Incursion, exclusiva para quem alcançou {Param3}.",Lowest Grade,Lightning Grand Incursion,#101 ou inferior
7061151,{Param1} {Param2} Extermination Reward: Difficulty {IntParam},"Recompensa de Adventurers Alliance por deter Grand Incursion, exclusiva para quem alcançou contribuição {Param3}.",Supreme,Lightning Grand Incursion,1º Lugar
7061152,{Param1} {Param2} Extermination Reward: Difficulty {IntParam},"Recompensa de Adventurers Alliance por deter Grand Incursion, exclusiva para quem alcançou contribuição {Param3}.",Greater,Lightning Grand Incursion,#2 - #10
7061153,{Param1} {Param2} Extermination Reward: Difficulty {IntParam},"Recompensa de Adventurers Alliance por deter Grand Incursion, exclusiva para quem alcançou contribuição {Param3}.",Intermediate,Lightning Grand Incursion,#11 - #50
7061154,{Param1} {Param2} Extermination Reward: Difficulty {IntParam},"Recompensa de Adventurers Alliance por deter Grand Incursion, exclusiva para quem alcançou contribuição {Param3}.",Lesser,Lightning Grand Incursion,#51 - #100
7061155,{Param1} {Param2} Extermination Reward: Difficulty {IntParam},"Recompensa de Adventurers Alliance por deter Grand Incursion, exclusiva para quem alcançou {Param3}.",Lowest Grade,Lightning Grand Incursion,#101 ou inferior
7061161,{Param1} {Param2} Extermination Reward: Difficulty {IntParam},"Recompensa de Adventurers Alliance por deter Grand Incursion, exclusiva para quem alcançou contribuição {Param3}.",Supreme,Lightning Grand Incursion,1º Lugar
7061162,{Param1} {Param2} Extermination Reward: Difficulty {IntParam},"Recompensa de Adventurers Alliance por deter Grand Incursion, exclusiva para quem alcançou contribuição {Param3}.",Greater,Lightning Grand Incursion,#2 - #10
7061163,{Param1} {Param2} Extermination Reward: Difficulty {IntParam},"Recompensa de Adventurers Alliance por deter Grand Incursion, exclusiva para quem alcançou contribuição {Param3}.",Intermediate,Lightning Grand Incursion,#11 - #50
7061164,{Param1} {Param2} Extermination Reward: Difficulty {IntParam},"Recompensa de Adventurers Alliance por deter Grand Incursion, exclusiva para quem alcançou contribuição {Param3}.",Lesser,Lightning Grand Incursion,#51 - #100
7061165,{Param1} {Param2} Extermination Reward: Difficulty {IntParam},"Recompensa de Adventurers Alliance por deter Grand Incursion, exclusiva para quem alcançou {Param3}.",Lowest Grade,Lightning Grand Incursion,#101 ou inferior
7062001,{Param1} {Param2} Extermination Reward: Difficulty {IntParam},"Recompensa de Adventurers Alliance por deter Grand Incursion, exclusiva para quem alcançou contribuição {Param3}.",Supreme,Storm Grand Incursion,1º Lugar
7062002,{Param1} {Param2} Extermination Reward: Difficulty {IntParam},"Recompensa de Adventurers Alliance por deter Grand Incursion, exclusiva para quem alcançou contribuição {Param3}.",Greater,Storm Grand Incursion,#2 - #10
7062003,{Param1} {Param2} Extermination Reward: Difficulty {IntParam},"Recompensa de Adventurers Alliance por deter Grand Incursion, exclusiva para quem alcançou contribuição {Param3}.",Intermediate,Storm Grand Incursion,#11 - #50
7062004,{Param1} {Param2} Extermination Reward: Difficulty {IntParam},"Recompensa de Adventurers Alliance por deter Grand Incursion, exclusiva para quem alcançou contribuição {Param3}.",Lesser,Storm Grand Incursion,#51 - #100
7062005,{Param1} {Param2} Extermination Reward: Difficulty {IntParam},"Recompensa de Adventurers Alliance por deter Grand Incursion, exclusiva para quem alcançou {Param3}.",Lowest Grade,Storm Grand Incursion,#101 ou inferior
7062006,{Param1} {Param2} Extermination Reward: Difficulty {IntParam},"Recompensa de Adventurers Alliance por deter Grand Incursion, exclusiva para quem alcançou contribuição {Param3}.",Supreme,Storm Grand Incursion,1º Lugar
7062007,{Param1} {Param2} Extermination Reward: Difficulty {IntParam},"Recompensa de Adventurers Alliance por deter Grand Incursion, exclusiva para quem alcançou contribuição {Param3}.",Greater,Storm Grand Incursion,#2 - #10
7062008,{Param1} {Param2} Extermination Reward: Difficulty {IntParam},"Recompensa de Adventurers Alliance por deter Grand Incursion, exclusiva para quem alcançou contribuição {Param3}.",Intermediate,Storm Grand Incursion,#11 - #50
7062009,{Param1} {Param2} Extermination Reward: Difficulty {IntParam},"Recompensa de Adventurers Alliance por deter Grand Incursion, exclusiva para quem alcançou contribuição {Param3}.",Lesser,Storm Grand Incursion,#51 - #100
7062010,{Param1} {Param2} Extermination Reward: Difficulty {IntParam},"Recompensa de Adventurers Alliance por deter Grand Incursion, exclusiva para quem alcançou {Param3}.",Lowest Grade,Storm Grand Incursion,#101 ou inferior
7062011,{Param1} {Param2} Extermination Reward: Difficulty {IntParam},"Recompensa de Adventurers Alliance por deter Grand Incursion, exclusiva para quem alcançou contribuição {Param3}.",Supreme,Storm Grand Incursion,1º Lugar
7062012,{Param1} {Param2} Extermination Reward: Difficulty {IntParam},"Recompensa de Adventurers Alliance por deter Grand Incursion, exclusiva para quem alcançou contribuição {Param3}.",Greater,Storm Grand Incursion,#2 - #10
7062013,{Param1} {Param2} Extermination Reward: Difficulty {IntParam},"Recompensa de Adventurers Alliance por deter Grand Incursion, exclusiva para quem alcançou contribuição {Param3}.",Intermediate,Storm Grand Incursion,#11 - #50
7062014,{Param1} {Param2} Extermination Reward: Difficulty {IntParam},"Recompensa de Adventurers Alliance por deter Grand Incursion, exclusiva para quem alcançou contribuição {Param3}.",Lesser,Storm Grand Incursion,#51 - #100
7062015,{Param1} {Param2} Extermination Reward: Difficulty {IntParam},"Recompensa de Adventurers Alliance por deter Grand Incursion, exclusiva para quem alcançou {Param3}.",Lowest Grade,Storm Grand Incursion,#101 ou inferior
7062016,{Param1} {Param2} Extermination Reward: Difficulty {IntParam},"Recompensa de Adventurers Alliance por deter Grand Incursion, exclusiva para quem alcançou contribuição {Param3}.",Supreme,Storm Grand Incursion,1º Lugar
7062017,{Param1} {Param2} Extermination Reward: Difficulty {IntParam},"Recompensa de Adventurers Alliance por deter Grand Incursion, exclusiva para quem alcançou contribuição {Param3}.",Greater,Storm Grand Incursion,#2 - #10
7062018,{Param1} {Param2} Extermination Reward: Difficulty {IntParam},"Recompensa de Adventurers Alliance por deter Grand Incursion, exclusiva para quem alcançou contribuição {Param3}.",Intermediate,Storm Grand Incursion,#11 - #50
7062019,{Param1} {Param2} Extermination Reward: Difficulty {IntParam},"Recompensa de Adventurers Alliance por deter Grand Incursion, exclusiva para quem alcançou contribuição {Param3}.",Lesser,Storm Grand Incursion,#51 - #100
7062020,{Param1} {Param2} Extermination Reward: Difficulty {IntParam},"Recompensa de Adventurers Alliance por deter Grand Incursion, exclusiva para quem alcançou {Param3}.",Lowest Grade,Storm Grand Incursion,#101 ou inferior
7062101,{Param1} {Param2} Extermination Reward: Difficulty {IntParam},"Recompensa de Adventurers Alliance por deter Grand Incursion, exclusiva para quem alcançou contribuição {Param3}.",Supreme,Storm Grand Incursion,1º Lugar
7062102,{Param1} {Param2} Extermination Reward: Difficulty {IntParam},"Recompensa de Adventurers Alliance por deter Grand Incursion, exclusiva para quem alcançou contribuição {Param3}.",Greater,Storm Grand Incursion,#2 - #10
7062103,{Param1} {Param2} Extermination Reward: Difficulty {IntParam},"Recompensa de Adventurers Alliance por deter Grand Incursion, exclusiva para quem alcançou contribuição {Param3}.",Intermediate,Storm Grand Incursion,#11 - #50
7062104,{Param1} {Param2} Extermination Reward: Difficulty {IntParam},"Recompensa de Adventurers Alliance por deter Grand Incursion, exclusiva para quem alcançou contribuição {Param3}.",Lesser,Storm Grand Incursion,#51 - #100
7062105,{Param1} {Param2} Extermination Reward: Difficulty {IntParam},"Recompensa de Adventurers Alliance por deter Grand Incursion, exclusiva para quem alcançou {Param3}.",Lowest Grade,Storm Grand Incursion,#101 ou inferior
7062106,{Param1} {Param2} Extermination Reward: Difficulty {IntParam},"Recompensa de Adventurers Alliance por deter Grand Incursion, exclusiva para quem alcançou contribuição {Param3}.",Supreme,Storm Grand Incursion,1º Lugar
7062107,{Param1} {Param2} Extermination Reward: Difficulty {IntParam},"Recompensa de Adventurers Alliance por deter Grand Incursion, exclusiva para quem alcançou contribuição {Param3}.",Greater,Storm Grand Incursion,#2 - #10
7062108,{Param1} {Param2} Extermination Reward: Difficulty {IntParam},"Recompensa de Adventurers Alliance por deter Grand Incursion, exclusiva para quem alcançou contribuição {Param3}.",Intermediate,Storm Grand Incursion,#11 - #50
7062109,{Param1} {Param2} Extermination Reward: Difficulty {IntParam},"Recompensa de Adventurers Alliance por deter Grand Incursion, exclusiva para quem alcançou contribuição {Param3}.",Lesser,Storm Grand Incursion,#51 - #100
7062110,{Param1} {Param2} Extermination Reward: Difficulty {IntParam},"Recompensa de Adventurers Alliance por deter Grand Incursion, exclusiva para quem alcançou {Param3}.",Lowest Grade,Storm Grand Incursion,#101 ou inferior
7062111,{Param1} {Param2} Extermination Reward: Difficulty {IntParam},"Recompensa de Adventurers Alliance por deter Grand Incursion, exclusiva para quem alcançou contribuição {Param3}.",Supreme,Storm Grand Incursion,1º Lugar
7062112,{Param1} {Param2} Extermination Reward: Difficulty {IntParam},"Recompensa de Adventurers Alliance por deter Grand Incursion, exclusiva para quem alcançou contribuição {Param3}.",Greater,Storm Grand Incursion,#2 - #10
7062113,{Param1} {Param2} Extermination Reward: Difficulty {IntParam},"Recompensa de Adventurers Alliance por deter Grand Incursion, exclusiva para quem alcançou contribuição {Param3}.",Intermediate,Storm Grand Incursion,#11 - #50
7062114,{Param1} {Param2} Extermination Reward: Difficulty {IntParam},"Recompensa de Adventurers Alliance por deter Grand Incursion, exclusiva para quem alcançou contribuição {Param3}.",Lesser,Storm Grand Incursion,#51 - #100
7062115,{Param1} {Param2} Extermination Reward: Difficulty {IntParam},"Recompensa de Adventurers Alliance por deter Grand Incursion, exclusiva para quem alcançou {Param3}.",Lowest Grade,Storm Grand Incursion,#101 ou inferior
7062116,{Param1} {Param2} Extermination Reward: Difficulty {IntParam},"Recompensa de Adventurers Alliance por deter Grand Incursion, exclusiva para quem alcançou contribuição {Param3}.",Supreme,Storm Grand Incursion,1º Lugar
7062117,{Param1} {Param2} Extermination Reward: Difficulty {IntParam},"Recompensa de Adventurers Alliance por deter Grand Incursion, exclusiva para quem alcançou contribuição {Param3}.",Greater,Storm Grand Incursion,#2 - #10
7062118,{Param1} {Param2} Extermination Reward: Difficulty {IntParam},"Recompensa de Adventurers Alliance por deter Grand Incursion, exclusiva para quem alcançou contribuição {Param3}.",Intermediate,Storm Grand Incursion,#11 - #50
7062119,{Param1} {Param2} Extermination Reward: Difficulty {IntParam},"Recompensa de Adventurers Alliance por deter Grand Incursion, exclusiva para quem alcançou contribuição {Param3}.",Lesser,Storm Grand Incursion,#51 - #100
7062120,{Param1} {Param2} Extermination Reward: Difficulty {IntParam},"Recompensa de Adventurers Alliance por deter Grand Incursion, exclusiva para quem alcançou {Param3}.",Lowest Grade,Storm Grand Incursion,#101 ou inferior
7062121,{Param1} {Param2} Extermination Reward: Difficulty {IntParam},"Recompensa de Adventurers Alliance por deter Grand Incursion, exclusiva para quem alcançou contribuição {Param3}.",Supreme,Storm Grand Incursion,1º Lugar
7062122,{Param1} {Param2} Extermination Reward: Difficulty {IntParam},"Recompensa de Adventurers Alliance por deter Grand Incursion, exclusiva para quem alcançou contribuição {Param3}.",Greater,Storm Grand Incursion,#2 - #10
7062123,{Param1} {Param2} Extermination Reward: Difficulty {IntParam},"Recompensa de Adventurers Alliance por deter Grand Incursion, exclusiva para quem alcançou contribuição {Param3}.",Intermediate,Storm Grand Incursion,#11 - #50
7062124,{Param1} {Param2} Extermination Reward: Difficulty {IntParam},"Recompensa de Adventurers Alliance por deter Grand Incursion, exclusiva para quem alcançou contribuição {Param3}.",Lesser,Storm Grand Incursion,#51 - #100
7062125,{Param1} {Param2} Extermination Reward: Difficulty {IntParam},"Recompensa de Adventurers Alliance por deter Grand Incursion, exclusiva para quem alcançou {Param3}.",Lowest Grade,Storm Grand Incursion,#101 ou inferior
7062126,{Param1} {Param2} Extermination Reward: Difficulty {IntParam},"Recompensa de Adventurers Alliance por deter Grand Incursion, exclusiva para quem alcançou contribuição {Param3}.",Supreme,Storm Grand Incursion,1º Lugar
7062127,{Param1} {Param2} Extermination Reward: Difficulty {IntParam},"Recompensa de Adventurers Alliance por deter Grand Incursion, exclusiva para quem alcançou contribuição {Param3}.",Greater,Storm Grand Incursion,#2 - #10
7062128,{Param1} {Param2} Extermination Reward: Difficulty {IntParam},"Recompensa de Adventurers Alliance por deter Grand Incursion, exclusiva para quem alcançou contribuição {Param3}.",Intermediate,Storm Grand Incursion,#11 - #50
7062129,{Param1} {Param2} Extermination Reward: Difficulty {IntParam},"Recompensa de Adventurers Alliance por deter Grand Incursion, exclusiva para quem alcançou contribuição {Param3}.",Lesser,Storm Grand Incursion,#51 - #100
7062130,{Param1} {Param2} Extermination Reward: Difficulty {IntParam},"Recompensa de Adventurers Alliance por deter Grand Incursion, exclusiva para quem alcançou {Param3}.",Lowest Grade,Storm Grand Incursion,#101 ou inferior
7062131,{Param1} {Param2} Extermination Reward: Difficulty {IntParam},"Recompensa de Adventurers Alliance por deter Grand Incursion, exclusiva para quem alcançou contribuição {Param3}.",Supreme,Storm Grand Incursion,1º Lugar
7062132,{Param1} {Param2} Extermination Reward: Difficulty {IntParam},"Recompensa de Adventurers Alliance por deter Grand Incursion, exclusiva para quem alcançou contribuição {Param3}.",Greater,Storm Grand Incursion,#2 - #10
7062133,{Param1} {Param2} Extermination Reward: Difficulty {IntParam},"Recompensa de Adventurers Alliance por deter Grand Incursion, exclusiva para quem alcançou contribuição {Param3}.",Intermediate,Storm Grand Incursion,#11 - #50
7062134,{Param1} {Param2} Extermination Reward: Difficulty {IntParam},"Recompensa de Adventurers Alliance por deter Grand Incursion, exclusiva para quem alcançou contribuição {Param3}.",Lesser,Storm Grand Incursion,#51 - #100
7062135,{Param1} {Param2} Extermination Reward: Difficulty {IntParam},"Recompensa de Adventurers Alliance por deter Grand Incursion, exclusiva para quem alcançou {Param3}.",Lowest Grade,Storm Grand Incursion,#101 ou inferior
7062136,{Param1} {Param2} Extermination Reward: Difficulty {IntParam},"Recompensa de Adventurers Alliance por deter Grand Incursion, exclusiva para quem alcançou contribuição {Param3}.",Supreme,Storm Grand Incursion,1º Lugar
7062137,{Param1} {Param2} Extermination Reward: Difficulty {IntParam},"Recompensa de Adventurers Alliance por deter Grand Incursion, exclusiva para quem alcançou contribuição {Param3}.",Greater,Storm Grand Incursion,#2 - #10
7062138,{Param1} {Param2} Extermination Reward: Difficulty {IntParam},"Recompensa de Adventurers Alliance por deter Grand Incursion, exclusiva para quem alcançou contribuição {Param3}.",Intermediate,Storm Grand Incursion,#11 - #50
7062139,{Param1} {Param2} Extermination Reward: Difficulty {IntParam},"Recompensa de Adventurers Alliance por deter Grand Incursion, exclusiva para quem alcançou contribuição {Param3}.",Lesser,Storm Grand Incursion,#51 - #100
7062140,{Param1} {Param2} Extermination Reward: Difficulty {IntParam},"Recompensa de Adventurers Alliance por deter Grand Incursion, exclusiva para quem alcançou {Param3}.",Lowest Grade,Storm Grand Incursion,#101 ou inferior
7062141,{Param1} {Param2} Extermination Reward: Difficulty {IntParam},"Recompensa de Adventurers Alliance por deter Grand Incursion, exclusiva para quem alcançou contribuição {Param3}.",Supreme,Storm Grand Incursion,1º Lugar
7062142,{Param1} {Param2} Extermination Reward: Difficulty {IntParam},"Recompensa de Adventurers Alliance por deter Grand Incursion, exclusiva para quem alcançou contribuição {Param3}.",Greater,Storm Grand Incursion,#2 - #10
7062143,{Param1} {Param2} Extermination Reward: Difficulty {IntParam},"Recompensa de Adventurers Alliance por deter Grand Incursion, exclusiva para quem alcançou contribuição {Param3}.",Intermediate,Storm Grand Incursion,#11 - #50
7062144,{Param1} {Param2} Extermination Reward: Difficulty {IntParam},"Recompensa de Adventurers Alliance por deter Grand Incursion, exclusiva para quem alcançou contribuição {Param3}.",Lesser,Storm Grand Incursion,#51 - #100
7062145,{Param1} {Param2} Extermination Reward: Difficulty {IntParam},"Recompensa de Adventurers Alliance por deter Grand Incursion, exclusiva para quem alcançou {Param3}.",Lowest Grade,Storm Grand Incursion,#101 ou inferior
7062151,{Param1} {Param2} Extermination Reward: Difficulty {IntParam},"Recompensa de Adventurers Alliance por deter Grand Incursion, exclusiva para quem alcançou contribuição {Param3}.",Supreme,Storm Grand Incursion,1º Lugar
7062152,{Param1} {Param2} Extermination Reward: Difficulty {IntParam},"Recompensa de Adventurers Alliance por deter Grand Incursion, exclusiva para quem alcançou contribuição {Param3}.",Greater,Storm Grand Incursion,#2 - #10
7062153,{Param1} {Param2} Extermination Reward: Difficulty {IntParam},"Recompensa de Adventurers Alliance por deter Grand Incursion, exclusiva para quem alcançou contribuição {Param3}.",Intermediate,Storm Grand Incursion,#11 - #50
7062154,{Param1} {Param2} Extermination Reward: Difficulty {IntParam},"Recompensa de Adventurers Alliance por deter Grand Incursion, exclusiva para quem alcançou contribuição {Param3}.",Lesser,Storm Grand Incursion,#51 - #100
7062155,{Param1} {Param2} Extermination Reward: Difficulty {IntParam},"Recompensa de Adventurers Alliance por deter Grand Incursion, exclusiva para quem alcançou {Param3}.",Lowest Grade,Storm Grand Incursion,#101 ou inferior
7062161,{Param1} {Param2} Extermination Reward: Difficulty {IntParam},"Recompensa de Adventurers Alliance por deter Grand Incursion, exclusiva para quem alcançou contribuição {Param3}.",Supreme,Storm Grand Incursion,1º Lugar
7062162,{Param1} {Param2} Extermination Reward: Difficulty {IntParam},"Recompensa de Adventurers Alliance por deter Grand Incursion, exclusiva para quem alcançou contribuição {Param3}.",Greater,Storm Grand Incursion,#2 - #10
7062163,{Param1} {Param2} Extermination Reward: Difficulty {IntParam},"Recompensa de Adventurers Alliance por deter Grand Incursion, exclusiva para quem alcançou contribuição {Param3}.",Intermediate,Storm Grand Incursion,#11 - #50
7062164,{Param1} {Param2} Extermination Reward: Difficulty {IntParam},"Recompensa de Adventurers Alliance por deter Grand Incursion, exclusiva para quem alcançou contribuição {Param3}.",Lesser,Storm Grand Incursion,#51 - #100
7062165,{Param1} {Param2} Extermination Reward: Difficulty {IntParam},"Recompensa de Adventurers Alliance por deter Grand Incursion, exclusiva para quem alcançou {Param3}.",Lowest Grade,Storm Grand Incursion,#101 ou inferior
7062030,{Param2} Chest,Use para receber aleatoriamente um dos itens {Param2} da lista.,,Giant’s Enhancement Stone,
7062031,{Param2} Selection Chest,Use para escolher e receber um {Param2} da lista.,,Giant’s Enhancement Stone,
7062032,{IntParam}★ {Param2} Chest,Use para receber aleatoriamente um dos itens {Param2} da lista.,,Infusion-Core,
7062033,{IntParam}★ {Param2} Chest,Use para receber aleatoriamente um dos itens {Param2} da lista.,,Infusion-Core,
7062048,{IntParam}★ {Param2} Chest,Use para receber aleatoriamente um dos itens {Param2} da lista.,,Infusion-Core,
7062034,{Param2} Chest,Use para receber aleatoriamente um dos itens {Param2} da lista.,,Cursed Enhancement Stone,
7062035,{Param2} Selection Chest,Use para escolher e receber um {Param2} da lista.,,Cursed Enhancement Stone,
7062036,{IntParam}★ {Param2} Selection Chest,Use para escolher e receber um {Param2} da lista.,,Intermediate Blueprint,
7062037,{IntParam}★ {Param2} Selection Chest,Use para escolher e receber um {Param2} da lista.,,Intermediate Blueprint,
7062038,{Param1} {Param2} Chest {Param3},Use para receber aleatoriamente um dos itens {Param2} da lista.,Rift,Weapon/Secondary EquipmentI,I
7062039,{Param1} {Param2} Chest {Param3},Use para receber aleatoriamente um dos itens {Param2} da lista.,Rift,Weapon/Secondary EquipmentI,II
7062040,{Param1} {Param2} Chest {Param3},Use para receber aleatoriamente um dos itens {Param2} da lista.,Rift,Weapon/Secondary EquipmentI,III
7062041,{Param1} {Param2} Chest {Param3},Use para receber aleatoriamente um dos itens {Param2} da lista.,Rift,Armor,I
7062042,{Param1} {Param2} Chest {Param3},Use para receber aleatoriamente um dos itens {Param2} da lista.,Rift,Armor,II
7062043,{Param1} {Param2} Chest {Param3},Use para receber aleatoriamente um dos itens {Param2} da lista.,Rift,Armor,III
7062045,{Param2} Lucky Chest,Use para receber aleatoriamente um dos itens {Param2} da lista.,,Equipment,
7062046,{Param2} Super Lucky Chest,Use para receber aleatoriamente um dos itens {Param2} da lista.,,Equipment,
7062047,{Param1} Support Chest,Use para receber todos os {Param2} da lista.,Craft Equipment,Materials,
7062049,{Param2} Super Lucky Chest II,Use para receber aleatoriamente um dos itens {Param2} da lista.,,Equipment,
7062050,{Param2} Lucky Chest {Param3},Use para receber aleatoriamente um dos itens {Param2} da lista.,,Weapon Enhancement Stone,I
7062051,{Param2} Lucky Chest {Param3},Use para receber aleatoriamente um dos itens {Param2} da lista.,,Weapon Enhancement Stone,II
7062052,{Param2} Lucky Chest {Param3},Use para receber aleatoriamente um dos itens {Param2} da lista.,,Weapon Enhancement Stone,III
7062053,{Param2} Lucky Chest {Param3},Use para receber aleatoriamente um dos itens {Param2} da lista.,,Weapon Enhancement Stone,IV
7062054,{Param2} Lucky Chest {Param3},Use para receber aleatoriamente um dos itens {Param2} da lista.,,Armor Enhancement Stone,I
7062055,{Param2} Lucky Chest {Param3},Use para receber aleatoriamente um dos itens {Param2} da lista.,,Armor Enhancement Stone,II
7062056,{Param2} Lucky Chest {Param3},Use para receber aleatoriamente um dos itens {Param2} da lista.,,Armor Enhancement Stone,III
7062057,{Param2} Lucky Chest {Param3},Use para receber aleatoriamente um dos itens {Param2} da lista.,,Armor Enhancement Stone,IV
7062062,{Param2} Chest,Concede {Param2}.,,Show Off Motion/Pose,
7062063,{Param2} Chest,Concede {Param2}.,,Knuckle Crack Motion/Pose,
7062064,{Param1}‘s {Param2} Set {Param3},Use para receber todos os {Param2} da lista.,Prophet,Armor,I
7062065,{Param2} Lucky Chest {Param3},Concede uma quantidade aleatória de {Param2}.,,Gold,I
7062066,{Param2} Lucky Chest {Param3},Concede uma quantidade aleatória de {Param2}.,,Gold,II
7062067,{Param2} Lucky Chest {Param3},Concede uma quantidade aleatória de {Param2}.,,Gold,III
7062068,{Param2} Lucky Chest {Param3},Concede uma quantidade aleatória de {Param2}.,,Gold,IV
7062069,{Param1}’s {Param2} Chest,Concede uma quantidade aleatória de {Param2}.,Hunter,Gold,
7062073,{Param1}‘s {Param2} Chest {Param3},Concede uma quantidade aleatória de {Param2}.,Wayfinder,Gold,I
7062074,{Param1}‘s {Param2} Chest {Param3},Concede uma quantidade aleatória de {Param2}.,Wayfinder,Gold,II
7062075,{Param1}‘s {Param2} Chest {Param3},Concede uma quantidade aleatória de {Param2}.,Wayfinder,Gold,III
7062076,{Param1}‘s {Param2} Chest {Param3},Concede uma quantidade aleatória de {Param2}.,Wayfinder,Gold,IV
7062077,{IntParam}★ {Param2} Selection Chest,Use para escolher e receber um {Param2} da lista.,,Infusion-Core,
7062078,{Param2} {Param3} Chest,"Ao usar, concede {Param2} {Param3}.",,Relic of Infinity,I
7062079,{Param2} {Param3} Chest,"Ao usar, concede {Param2} {Param3}.",,Relic of Infinity,II
7062080,{Param2} {Param3} Chest,"Ao usar, concede {Param2} {Param3}.",,Relic of Infinity,III
7062081,{Param2} {Param3} Chest,"Ao usar, concede {Param2} {Param3}.",,Relic of Infinity,IV
7062082,{Param2} {Param3} Chest,"Ao usar, concede {Param2} {Param3}.",,Relic of Infinity,V
7062083,{Param1} {Param2} Chest,Use para receber aleatoriamente um dos itens {Param2} da lista.,Honed,Materials,
7062084,{Param1} {Param2} Chest,Use para receber aleatoriamente um dos itens {Param2} da lista.,Polished,Materials,
7062085,{Param1} {Param2} Chest {Param3},Use para receber aleatoriamente um dos itens {Param2} da lista.,Rift,Accessory,I
7062086,{Param1} {Param2} Chest {Param3},Use para receber aleatoriamente um dos itens {Param2} da lista.,Rift,Accessory,II
7062087,{Param1} {Param2} Chest {Param3},Use para receber aleatoriamente um dos itens {Param2} da lista.,Rift,Accessory,III
7062088,{Param2} Lucky Chest {Param3},Use para receber aleatoriamente um dos itens {Param2} da lista.,,Accessory Enhancement Stone,I
7062089,{Param2} Lucky Chest {Param3},Use para receber aleatoriamente um dos itens {Param2} da lista.,,Accessory Enhancement Stone,II
7062090,{Param2} Lucky Chest {Param3},Use para receber aleatoriamente um dos itens {Param2} da lista.,,Accessory Enhancement Stone,III
7062091,{Param2} Lucky Chest {Param3},Use para receber aleatoriamente um dos itens {Param2} da lista.,,Accessory Enhancement Stone,IV
7062092,{Param2} Chest,Concede {Param2}.,,Taunt Motion/Pose,
7062093,{Param2} Chest,Concede {Param2}.,,Salute Motion/Pose,
7062094,{Param2} {Param3} Chest,"Ao usar, concede {Param2} {Param3}.",,Sacred Arena Relic,I
7062095,{Param2} {Param3} Chest,"Ao usar, concede {Param2} {Param3}.",,Sacred Arena Relic,II
7062096,{Param2} {Param3} Chest,"Ao usar, concede {Param2} {Param3}.",,Sacred Arena Relic,III
7062097,{Param2} {Param3} Chest,"Ao usar, concede {Param2} {Param3}.",,Sacred Arena Relic,IV
7062098,{Param2} {Param3} Chest,"Ao usar, concede {Param2} {Param3}.",,Sacred Arena Relic,V
7062099,{Param2} {Param3} Chest,"Ao usar, concede {Param2} {Param3}.",,Sacred Arena Relic,VI
7062100,{Param2} {Param3} Chest,"Ao usar, concede {Param2} {Param3}.",,Sacred Arena Relic,VII
7062200,{Param1} Unknown Incursion Chest {Param3},Use para receber aleatoriamente um dos itens {Param2} da lista.,Flame,Reward,I
7062201,{Param1} Unknown Incursion Chest {Param3},Use para receber aleatoriamente um dos itens {Param2} da lista.,Lightning,Reward,I
7062202,{Param1} Unknown Incursion Chest {Param3},Use para receber aleatoriamente um dos itens {Param2} da lista.,Storm,Reward,I
7062203,{Param1} Unknown Incursion Chest {Param3},Use para receber aleatoriamente um dos itens {Param2} da lista.,Flame,Reward,II
7062204,{Param1} Unknown Incursion Chest {Param3},Use para receber aleatoriamente um dos itens {Param2} da lista.,Lightning,Reward,II
7062205,{Param1} Unknown Incursion Chest {Param3},Use para receber aleatoriamente um dos itens {Param2} da lista.,Storm,Reward,II
7062206,{Param1} Unknown Incursion Chest {Param3},Use para receber aleatoriamente um dos itens {Param2} da lista.,Flame,Reward,III
7062207,{Param1} Unknown Incursion Chest {Param3},Use para receber aleatoriamente um dos itens {Param2} da lista.,Lightning,Reward,III
7062208,{Param1} Unknown Incursion Chest {Param3},Use para receber aleatoriamente um dos itens {Param2} da lista.,Storm,Reward,III
7062209,{Param1} Unknown Incursion Chest {Param3},Use para receber aleatoriamente um dos itens {Param2} da lista.,Flame,Reward,IV
7062210,{Param1} Unknown Incursion Chest {Param3},Use para receber aleatoriamente um dos itens {Param2} da lista.,Lightning,Reward,IV
7062211,{Param1} Unknown Incursion Chest {Param3},Use para receber aleatoriamente um dos itens {Param2} da lista.,Storm,Reward,IV
7062212,{Param1} Unknown Incursion Chest {Param3},Use para receber aleatoriamente um dos itens {Param2} da lista.,Flame,Reward,V
7062213,{Param1} Unknown Incursion Chest {Param3},Use para receber aleatoriamente um dos itens {Param2} da lista.,Lightning,Reward,V
7062214,{Param1} Unknown Incursion Chest {Param3},Use para receber aleatoriamente um dos itens {Param2} da lista.,Storm,Reward,V
7062215,{Param1} Unknown Incursion Chest {Param3},Use para receber aleatoriamente um dos itens {Param2} da lista.,Flame,Reward,VI
7062216,{Param1} Unknown Incursion Chest {Param3},Use para receber aleatoriamente um dos itens {Param2} da lista.,Lightning,Reward,VI
7062217,{Param1} Unknown Incursion Chest {Param3},Use para receber aleatoriamente um dos itens {Param2} da lista.,Storm,Reward,VI
7062220,Snow Goblin’s Gift,Concede todos os {Param2} da lista. Presente de agradecimento ao clã pela participação em Snow Goblin Ruckus.,,Reward,
7062221,Halo Festival Pouch,Use para receber aleatoriamente um dos itens {Param2} da lista.,,Reward,
7062222,Golden Gold Chest,Use para receber aleatoriamente um dos itens {Param2} da lista.,,Reward,
7062223,{Param1} {Param2} Chest,Concede {Param2} ×{Param3}.,Lesser,Golden Crystal,100
7062224,{Param2} {Param3} Chest,"Ao usar, concede {Param2} {Param3}.",,Relic of Abyss,I
7062225,{Param2} {Param3} Chest,"Ao usar, concede {Param2} {Param3}.",,Relic of Abyss,II
7062226,{Param2} {Param3} Chest,"Ao usar, concede {Param2} {Param3}.",,Relic of Abyss,III
7062227,{Param2} {Param3} Chest,"Ao usar, concede {Param2} {Param3}.",,Relic of Abyss,IV
7062228,{Param2} {Param3} Chest,"Ao usar, concede {Param2} {Param3}.",,Relic of Abyss,V
7062229,{Param2} {Param3} Chest,"Ao usar, concede {Param2} {Param3}.",,Relic of Abyss,VI
7062230,{Param2} {Param3} Chest,"Ao usar, concede {Param2} {Param3}.",,Relic of Abyss,VII
7062231,{Param1} Tesseract Subjugation Chest,Use para receber aleatoriamente um dos itens {Param2} da lista.,Lesser,Reward,
7062232,{Param1} Tesseract Subjugation Chest,Use para receber aleatoriamente um dos itens {Param2} da lista.,Greater,Reward,
7062233,{Param2} Lucky Chest {Param3},Use para receber aleatoriamente um dos itens {Param2} da lista.,,Vending Machine Token,I
7062234,{Param2} Lucky Chest {Param3},Use para receber aleatoriamente um dos itens {Param2} da lista.,,Vending Machine Token,II
7062235,{Param2} Lucky Chest {Param3},Use para receber aleatoriamente um dos itens {Param2} da lista.,,Vending Machine Token,III
7062236,{Param1} {Param2} Selection Chest,Use para escolher e receber um {Param2} da lista.,Lesser,Tesseract,
7062237,{Param1} {Param2} Selection Chest,Use para escolher e receber um {Param2} da lista.,Greater,Tesseract,
7062238,{Param1} {Param2} Chest,Use para receber aleatoriamente um dos itens {Param2} da lista.,Abyssal,4-Star Equipment,
7062239,{IntParam}★ 1-Tier {Param2} Selection Chest,Use para escolher e receber um {Param2} da lista.,,Equipment,
7062240,High-Pass {IntParam}Level {Param1} Upgrade Support Chest,Use para receber todos os {Param2} da lista.,Equipment,Item,
7062241,High-Pass {IntParam}Level {Param1} Upgrade Support Chest,Use para receber todos os {Param2} da lista.,Equipment,Item,
7062242,High-Pass {IntParam}Level {Param1} Upgrade Support Chest,Use para receber todos os {Param2} da lista.,Equipment,Item,
7062243,High-Pass {IntParam}Level {Param1} Upgrade Support Chest,Use para receber todos os {Param2} da lista.,Equipment,Item,
7062244,High-Pass {IntParam}Level {Param1} Upgrade Support Chest,Use para receber todos os {Param2} da lista.,Equipment,Item,
7062245,High-Pass {IntParam}Level {Param1} Upgrade Support Chest,Use para receber todos os {Param2} da lista.,Equipment,Item,
7062246,High-Pass {IntParam}Level {Param1} Upgrade Support Chest,Use para receber todos os {Param2} da lista.,Equipment,Item,
7062247,High-Pass {IntParam}Level {Param1} Upgrade Support Chest,Use para receber todos os {Param2} da lista.,Equipment,Item,
7062248,High-Pass {IntParam}Level {Param1} Upgrade Support Chest,Use para receber todos os {Param2} da lista.,Equipment,Item,
7062249,High-Pass {IntParam}Level {Param1} Upgrade Support Chest,Use para receber todos os {Param2} da lista.,Equipment,Item,
7062250,High-Pass {IntParam}Level {Param1} Upgrade Support Chest,Use para receber todos os {Param2} da lista.,Equipment,Item,
7062251,High-Pass {IntParam}Level {Param1} Upgrade Support Chest,Use para receber todos os {Param2} da lista.,Equipment,Item,
7062252,High-Pass {IntParam}Level {Param1} Upgrade Support Chest,Use para receber todos os {Param2} da lista.,Equipment,Item,
7062253,High-Pass {IntParam}Level {Param1} Upgrade Support Chest,Use para receber todos os {Param2} da lista.,Equipment,Item,
7062254,High-Pass {IntParam}Level {Param1} Upgrade Support Chest,Use para receber todos os {Param2} da lista.,Equipment,Item,
7062255,High-Pass {IntParam}Level {Param1} Upgrade Support Chest,Use para receber todos os {Param2} da lista.,Equipment,Item,
7062256,High-Pass {IntParam}Level {Param1} Upgrade Support Chest,Use para receber todos os {Param2} da lista.,Equipment,Item,
7062257,High-Pass {IntParam}Level {Param1} Upgrade Support Chest,Use para receber todos os {Param2} da lista.,Equipment,Item,
7062258,High-Pass {IntParam}Level {Param1} Upgrade Support Chest,Use para receber todos os {Param2} da lista.,Equipment,Item,
7062259,High-Pass {IntParam}Level {Param1} Upgrade Support Chest,Use para receber todos os {Param2} da lista.,Equipment,Item,
7062260,High-Pass {IntParam}Level {Param1} Upgrade Support Chest,Use para receber todos os {Param2} da lista.,Equipment,Item,
7062261,High-Pass {IntParam}Level {Param1} Upgrade Support Chest,Use para receber todos os {Param2} da lista.,Equipment,Item,
7062262,High-Pass {IntParam}Level {Param1} Upgrade Support Chest,Use para receber todos os {Param2} da lista.,Equipment,Item,
7062263,High-Pass {IntParam}Level {Param1} Upgrade Support Chest,Use para receber todos os {Param2} da lista.,Equipment,Item,
7062264,High-Pass {IntParam}Level {Param1} Upgrade Support Chest,Use para receber todos os {Param2} da lista.,Equipment,Item,
7062265,High-Pass {IntParam}Level {Param1} Upgrade Support Chest,Use para receber todos os {Param2} da lista.,Equipment,Item,
7062266,High-Pass {IntParam}Level {Param1} Upgrade Support Chest,Use para receber todos os {Param2} da lista.,Equipment,Item,
7062267,High-Pass {IntParam}Level {Param1} Upgrade Support Chest,Use para receber todos os {Param2} da lista.,Equipment,Item,
7062268,High-Pass {IntParam}Level {Param1} Upgrade Support Chest,Use para receber todos os {Param2} da lista.,Equipment,Item,
7062269,High-Pass {IntParam}Level {Param1} Upgrade Support Chest,Use para receber todos os {Param2} da lista.,Equipment,Item,
7062270,High-Pass {IntParam}Level {Param1} Upgrade Support Chest,Use para receber todos os {Param2} da lista.,Equipment,Item,
7062271,High-Pass {IntParam}Level {Param1} Upgrade Support Chest,Use para receber todos os {Param2} da lista.,Equipment,Item,
7062272,High-Pass {IntParam}Level {Param1} Upgrade Support Chest,Use para receber todos os {Param2} da lista.,Equipment,Item,
7062273,High-Pass {IntParam}Level {Param1} Upgrade Support Chest,Use para receber todos os {Param2} da lista.,Equipment,Item,
7062274,High-Pass {IntParam}Level {Param1} Upgrade Support Chest,Use para receber todos os {Param2} da lista.,Equipment,Item,
7062275,High-Pass {IntParam}Level {Param1} Upgrade Support Chest,Use para receber todos os {Param2} da lista.,Equipment,Item,
7062276,High-Pass {IntParam}Level {Param1} Upgrade Support Chest,Use para receber todos os {Param2} da lista.,Equipment,Item,
7062277,High-Pass {IntParam}Level {Param1} Upgrade Support Chest,Use para receber todos os {Param2} da lista.,Equipment,Item,
7062278,High-Pass {IntParam}Level {Param1} Upgrade Support Chest,Use para receber todos os {Param2} da lista.,Equipment,Item,
7062279,High-Pass {IntParam}Level {Param1} Upgrade Support Chest,Use para receber todos os {Param2} da lista.,Equipment,Item,
7062280,High-Pass {IntParam}Level {Param1} Upgrade Support Chest,Use para receber todos os {Param2} da lista.,Equipment,Item,
7062281,High-Pass {IntParam}Level {Param1} Upgrade Support Chest,Use para receber todos os {Param2} da lista.,Equipment,Item,
7062282,High-Pass {IntParam}Level {Param1} Upgrade Support Chest,Use para receber todos os {Param2} da lista.,Equipment,Item,
7062283,High-Pass {IntParam}Level {Param1} Upgrade Support Chest,Use para receber todos os {Param2} da lista.,Equipment,Item,
7062284,High-Pass {IntParam}Level {Param1} Upgrade Support Chest,Use para receber todos os {Param2} da lista.,Equipment,Item,
7062285,{Param1} Equipment Support Chest,Use para receber todos os {Param2} da lista.,Predator's Hunting Ground,Equipment,
7062286,{Param1} Equipment Support Chest,Use para receber todos os {Param2} da lista.,White-Bone Expanse,Equipment,
7062287,{Param1} Equipment Support Chest,Use para receber todos os {Param2} da lista.,Valley of Beasts,Equipment,
7062288,{Param1} Equipment Support Chest,Use para receber todos os {Param2} da lista.,Gorge of Perdition,Equipment,
7062289,{Param1} Equipment Support Chest,Use para receber todos os {Param2} da lista.,Taima Oasis,Equipment,
7062290,{Param1} Equipment Support Chest,Use para receber todos os {Param2} da lista.,Crimson Shimmer Wastes,Equipment,
7062291,{Param1} Equipment Support Chest,Use para receber todos os {Param2} da lista.,Wide Riverbank,Equipment,
7062292,{Param1} Equipment Support Chest,Use para receber todos os {Param2} da lista.,Sunrise Slope,Equipment,
7062293,{Param1} Equipment Support Chest,Use para receber todos os {Param2} da lista.,Tenebrous Hollow,Equipment,
7062294,{Param1} Equipment Support Chest,Use para receber todos os {Param2} da lista.,Brume-Veiled Meadow,Equipment,
7062295,{Param1} Equipment Support Chest,Use para receber todos os {Param2} da lista.,Beast Corral,Equipment,
7062296,{Param1} Equipment Support Chest,Use para receber todos os {Param2} da lista.,Kuduru's Domain,Equipment,
7062297,{Param1} Equipment Support Chest,Use para receber todos os {Param2} da lista.,Garden of Twilight,Equipment,
7062298,{Param1} Equipment Support Chest,Use para receber todos os {Param2} da lista.,Woodland of Elder Gods,Equipment,
7062299,{Param1} Equipment Support Chest,Use para receber todos os {Param2} da lista.,Nameless Heights,Equipment,
7062300,{Param1} Equipment Support Chest,Use para receber todos os {Param2} da lista.,Halcyon-Hush Woods,Equipment,
7062301,{Param1} Equipment Support Chest,Use para receber todos os {Param2} da lista.,Hesperia Farm (South),Equipment,
7062302,{Param1} Equipment Support Chest,Use para receber todos os {Param2} da lista.,Hesperia Farm (North),Equipment,
7062303,{Param1} Equipment Support Chest,Use para receber todos os {Param2} da lista.,Ember-Choke Grove,Equipment,
7062304,{Param1} Equipment Support Chest,Use para receber todos os {Param2} da lista.,Borderlands,Equipment,
7062305,{Param1} Equipment Support Chest,Use para receber todos os {Param2} da lista.,Adamant Ascent,Equipment,
7062306,{Param1} Equipment Support Chest,Use para receber todos os {Param2} da lista.,War Drum Ridge,Equipment,
7062307,{Param1} Equipment Support Chest,Use para receber todos os {Param2} da lista.,Ironblood Brigade Hideout,Equipment,
7062308,{Param1} Equipment Support Chest,Use para receber todos os {Param2} da lista.,Hallowed Obsidian Mountain,Equipment,
7062309,{Param1} Equipment Support Chest,Use para receber todos os {Param2} da lista.,Whirlwind Heights,Equipment,
7062310,{Param1} Equipment Support Chest,Use para receber todos os {Param2} da lista.,Hoarfrost Snowfield Entrance,Equipment,
7062311,{Param1} Equipment Support Chest,Use para receber todos os {Param2} da lista.,Geyser Field,Equipment,
7062312,{Param1} Equipment Support Chest,Use para receber todos os {Param2} da lista.,Black Pillar Cliffs,Equipment,
7062313,{Param1} Equipment Support Chest,Use para receber todos os {Param2} da lista.,Gray Forest,Equipment,
7062314,{Param1} Equipment Support Chest,Use para receber todos os {Param2} da lista.,Astrid Rebel Stronghold,Equipment,
7062315,{Param1} Equipment Support Chest,Use para receber todos os {Param2} da lista.,Sere-Moss Heights,Equipment,
7062316,{Param1} Equipment Support Chest,Use para receber todos os {Param2} da lista.,Serpent's Path,Equipment,
7062317,{Param1} Equipment Support Chest,Use para receber todos os {Param2} da lista.,White Stag's Cradle,Equipment,
7062318,{Param1} Equipment Support Chest,Use para receber todos os {Param2} da lista.,Hoarfrost Snowfield Crossroads,Equipment,
7062319,{Param1} Equipment Support Chest,Use para receber todos os {Param2} da lista.,Silver Shadow Temple,Equipment,
7062320,{Param1} Equipment Support Chest,Use para receber todos os {Param2} da lista.,Whirlwind Gorge,Equipment,
7062321,{Param1} Equipment Support Chest,Use para receber todos os {Param2} da lista.,Valley of Oblivion,Equipment,
7062322,{Param1} Equipment Support Chest,Use para receber todos os {Param2} da lista.,Arcal’s Territory,Equipment,
7062323,{Param1} Equipment Support Chest,Use para receber todos os {Param2} da lista.,Shrieking Vale,Equipment,
7062324,{Param1} Equipment Support Chest,Use para receber todos os {Param2} da lista.,Whirling Barrows,Equipment,
7062325,{Param1} Equipment Support Chest,Use para receber todos os {Param2} da lista.,Thunderbird's Nest,Equipment,
7062326,{Param1} Equipment Support Chest,Use para receber todos os {Param2} da lista.,Red Rock Garden,Equipment,
7062327,{Param1} Equipment Support Chest,Use para receber todos os {Param2} da lista.,Gate of Lament,Equipment,
7062328,{Param1} Equipment Support Chest,Use para receber todos os {Param2} da lista.,Red Plains,Equipment,
7062329,{Param1} Equipment Support Chest,Use para receber todos os {Param2} da lista.,Forsaken Mine Entrance,Equipment,
7062330,{Param1} {IntParam}★ {Param3} Chest,Use para obter {Param3} da lista.,High Pass,,Costume
7062331,{Param1} {IntParam}★ {Param3} Chest,Use para obter {Param3} da lista.,High Pass,,Phantom Weapon
7062332,+8 {Param1}’s {Param2} {Param3},Use para obter {Param2} da lista.,The Ethereal,Weapon,Chest
7062333,+8 {Param1}‘s {Param2} Set {Param3},Use para receber todos os {Param2} da lista.,Hermit,Armor,Chest
7062334,+8 {Param1}’s {Param2} {Param3},Use para obter {Param2} da lista.,Prophet,Weapon,Chest
7062335,+8 {Param1}‘s {Param2} Set {Param3},Use para receber todos os {Param2} da lista.,Prophet,Armor,Chest
7062336,+8 {Param1} {Param2} Selection {Param3},Use para escolher e receber um {Param2} da lista.,Fortunate,Accessory,Chest
7062337,+8 {Param1}’s {Param2} {Param3},Use para obter {Param2} da lista.,Noble,Weapon,Chest
7062338,+8 {Param1}‘s {Param2} Set {Param3},Use para receber todos os {Param2} da lista.,Noble,Armor,Chest
7062339,+8 {Param1} {Param2} Selection {Param3},Use para escolher e receber um {Param2} da lista.,Binding,Accessory,Chest
7062340,{Param1} {IntParam}★ {Param3} Chest,Use para obter {Param3} da lista.,High Pass,,Costume
7062341,{Param1} {IntParam}★ {Param3} Chest,Use para obter {Param3} da lista.,High Pass,,Phantom Weapon
7062342,+8 {Param1} {Param2} Selection {Param3},Use para escolher e receber um {Param2} da lista.,Slayer’s,Weapon,Chest
7062343,+8 {Param1} {Param2} Selection {Param3},Use para escolher e receber um {Param2} da lista.,Slayer’s,Armor,Chest
7062344,{Param1} {Param2} Selection {Param3},Use para escolher e receber um {Param2} da lista.,Slayer’s,Accessory,Chest
7062345,{Param1} {Param2} Selection {Param3},Use para escolher e receber um {Param2} da lista.,Slayer’s,Armor,Chest
7062346,{Param1} {IntParam}★ {Param3} Chest,Use para obter {Param2} da lista.,High Pass,Item,Costume / Phantom Weapon Selection
7062347,High Pass Upgrade Support Chest {Param1},Use para receber todos os {Param2} da lista.,I,Item,
7062348,High Pass Upgrade Support Chest {Param1},Use para receber todos os {Param2} da lista.,II,Item,
7062349,High Pass Upgrade Support Chest {Param1},Use para receber todos os {Param2} da lista.,III,Item,
7062350,{Param1} {IntParam}★ {Param3} Chest,Use para obter {Param2} da lista.,High Pass,Item,Costume / Phantom Weapon Selection
7062351,High Pass Upgrade Support Chest {Param1},Use para escolher e receber um {Param2} da lista.,IV,Item,
7062352,High Pass Upgrade Support Chest {Param1},Use para escolher e receber um {Param2} da lista.,V,Item,
7062353,High Pass Upgrade Elixir {Param3},Aumenta {Param2} em {IntParam}% por 24 horas. Utilizável até o nível {Param1}. Acumula com High Pass Upgrade Potions III e IV.,50,EXP Gain from Defeating Monsters,I
7062354,High Pass Upgrade Elixir {Param3},Aumenta {Param2} em {IntParam}% por 24 horas. Utilizável até o nível {Param1}. Acumula com High Pass Upgrade Potions III e IV.,70,EXP Gain from Defeating Monsters,II
7062355,High Pass Upgrade Elixir {Param3},"Aumenta {Param2} em {IntParam}% por 24 horas. Utilizável até o nível {Param1}. Acumula com High Pass Upgrade Potions I, II e IV.",70,EXP Gain from Defeating Monsters,III
7062407,High Pass Upgrade Elixir {Param3},"Aumenta {Param2} em {IntParam}% por 24 horas. Utilizável até o nível {Param1}. Acumula com High Pass Upgrade Potions I, II e III.",75,EXP Gain from Defeating Monsters,IV
7062356,High-Pass {IntParam}Level {Param1} Upgrade Support Chest,Use para receber todos os {Param1} da lista.,Consumables,,
7062357,High-Pass {IntParam}Level {Param1} Upgrade Support Chest,Use para receber todos os {Param1} da lista.,Consumables,,
7062358,High-Pass {IntParam}Level {Param1} Upgrade Support Chest,Use para receber todos os {Param1} da lista.,Consumables,,
7062359,High-Pass {IntParam}Level {Param1} Upgrade Support Chest,Use para receber todos os {Param1} da lista.,Consumables,,
7062360,High-Pass {IntParam}Level {Param1} Upgrade Support Chest,Use para receber todos os {Param1} da lista.,Consumables,,
7062361,High-Pass {IntParam}Level {Param1} Upgrade Support Chest,Use para receber todos os {Param1} da lista.,Consumables,,
7062362,High-Pass {IntParam}Level {Param1} Upgrade Support Chest,Use para receber todos os {Param1} da lista.,Consumables,,
7062363,High-Pass {IntParam}Level {Param1} Upgrade Support Chest,Use para receber todos os {Param1} da lista.,Consumables,,
7062364,High-Pass {IntParam}Level {Param1} Upgrade Support Chest,Use para receber todos os {Param1} da lista.,Consumables,,
7062365,High-Pass {IntParam}Level {Param1} Upgrade Support Chest,Use para receber todos os {Param1} da lista.,Consumables,,
7062366,High-Pass {IntParam}Level {Param1} Upgrade Support Chest,Use para receber todos os {Param1} da lista.,Consumables,,
7062367,High-Pass {IntParam}Level {Param1} Upgrade Support Chest,Use para receber todos os {Param1} da lista.,Consumables,,
7062368,High-Pass {IntParam}Level {Param1} Upgrade Support Chest,Use para receber todos os {Param1} da lista.,Consumables,,
7062369,High-Pass {IntParam}Level {Param1} Upgrade Support Chest,Use para receber todos os {Param1} da lista.,Consumables,,
7062370,High-Pass {IntParam}Level {Param1} Upgrade Support Chest,Use para receber todos os {Param1} da lista.,Consumables,,
7062371,High-Pass {IntParam}Level {Param1} Upgrade Support Chest,Use para receber todos os {Param1} da lista.,Consumables,,
7062372,High-Pass {IntParam}Level {Param1} Upgrade Support Chest,Use para receber todos os {Param1} da lista.,Consumables,,
7062373,High-Pass {IntParam}Level {Param1} Upgrade Support Chest,Use para receber todos os {Param1} da lista.,Consumables,,
7062374,High-Pass {IntParam}Level {Param1} Upgrade Support Chest,Use para receber todos os {Param1} da lista.,Consumables,,
7062375,High-Pass {IntParam}Level {Param1} Upgrade Support Chest,Use para receber todos os {Param1} da lista.,Consumables,,
7062376,High-Pass {IntParam}Level {Param1} Upgrade Support Chest,Use para receber todos os {Param1} da lista.,Consumables,,
7062377,High-Pass {IntParam}Level {Param1} Upgrade Support Chest,Use para receber todos os {Param1} da lista.,Consumables,,
7062378,High-Pass {IntParam}Level {Param1} Upgrade Support Chest,Use para receber todos os {Param1} da lista.,Consumables,,
7062379,High-Pass {IntParam}Level {Param1} Upgrade Support Chest,Use para receber todos os {Param1} da lista.,Consumables,,
7062380,High-Pass {IntParam}Level {Param1} Upgrade Support Chest,Use para receber todos os {Param1} da lista.,Consumables,,
7062381,High-Pass {IntParam}Level {Param1} Upgrade Support Chest,Use para receber todos os {Param1} da lista.,Consumables,,
7062382,High-Pass {IntParam}Level {Param1} Upgrade Support Chest,Use para receber todos os {Param1} da lista.,Consumables,,
7062383,High Pass Friend Mission Event Completion Reward Chest,Use para receber todos os {Param2} da lista.,Consumables,Reward,
7062384,High Pass Level {IntParam} Giant's Tower Chest,Use para receber todos os {Param1} da lista.,Equipment,,
7062385,High Pass Level {IntParam} Giant's Tower Chest,Use para receber todos os {Param1} da lista.,Equipment,,
7062386,High Pass Level {IntParam} Giant's Tower Chest,Use para receber todos os {Param1} da lista.,Equipment,,
7062387,High Pass Level {IntParam} Giant's Tower Chest,Use para receber todos os {Param1} da lista.,Equipment,,
7062388,High Pass Level {IntParam} Giant's Tower Chest,Use para receber todos os {Param1} da lista.,Equipment,,
7062389,High Pass Level {IntParam} Giant's Tower Chest,Use para receber todos os {Param1} da lista.,Equipment,,
7062390,High Pass Level {IntParam} Giant's Tower Chest,Use para receber todos os {Param1} da lista.,Equipment,,
7062391,High Pass Basic Elixir Chest I,Concede todos os {Param1}.,Reward,,
7062392,High Pass Basic Elixir Chest II,Concede todos os {Param1}.,Reward,,
7062393,+8 {Param1}’s {Param2} {Param3},Use para obter {Param2} da lista.,The Ethereal,Secondary Weapon,Chest
7062394,+8 {Param1}’s {Param2} {Param3},Use para obter {Param2} da lista.,Prophet,Secondary Weapon,Chest
7062395,+8 {Param1}’s {Param2} {Param3},Use para obter {Param2} da lista.,Noble,Secondary Weapon,Chest
7062396,Rift Equipment Chest {Param2},Use para obter {Param1} da lista.,Equipment,I,
7062397,Rift Equipment Chest {Param2},Use para obter {Param1} da lista.,Equipment,II,
7062398,Rift Equipment Chest {Param2},Use para obter {Param1} da lista.,Equipment,III,
7062399,Rift Equipment Chest {Param2},Use para obter {Param1} da lista.,Equipment,IV,
7062400,{Param2} Lucky Chest {Param3},Use para obter {Param2} da lista.,,Enhancement Stone,I
7062401,{Param2} Lucky Chest {Param3},Use para obter {Param2} da lista.,,Enhancement Stone,II
7062402,{Param2} Lucky Chest {Param3},Use para obter {Param2} da lista.,,Enhancement Stone,III
7062403,{Param2} Lucky Chest {Param3},Use para obter {Param2} da lista.,,Enhancement Stone,IV
7062404,{Param2} Lucky Chest,Use para obter {Param2} da lista.,,Anima Element,
7062405,{Param2} Lucky Chest,Use para obter {Param2} da lista.,,Anima Essence,
7062406,{Param2} Lucky Chest,Use para obter {Param2} da lista.,,Anima Core,
7062408,{Param1} {Param2} Selection Chest,Use para escolher e receber um {Param2} da lista.,Greater,Tesseract,
7062501,{Param2} Golden Crystal Chest,Use para obter {Param2} da lista.,,Intermediate,
7062601,{Param1} {Param2} Lucky Chest: Level {IntParam},"Recompensa por derrotar Rift chefe, exclusiva para aventureiros com contribuição {Param3}.",Supreme,Rift Boss,1º Lugar
7062602,{Param1} {Param2} Lucky Chest: Level {IntParam},"Recompensa por derrotar Rift chefe, exclusiva para aventureiros com contribuição {Param3}.",Greater,Rift Boss,#2 - #3
7062603,{Param1} {Param2} Lucky Chest: Level {IntParam},"Recompensa por derrotar Rift chefe, exclusiva para aventureiros com contribuição {Param3}.",Intermediate,Rift Boss,#4 - #10
7062604,{Param1} {Param2} Lucky Chest: Level {IntParam},"Recompensa por derrotar Rift chefe, exclusiva para aventureiros com contribuição {Param3}.",Lesser,Rift Boss,#11–20
7062605,{Param1} {Param2} Lucky Chest: Level {IntParam},"Recompensa por derrotar Rift chefe, exclusiva para aventureiros com contribuição {Param3}.",Lowest Grade,Rift Boss,#21–30
7062611,{Param1} {Param2} Lucky Chest: Level {IntParam},"Recompensa por derrotar Rift chefe, exclusiva para aventureiros com contribuição {Param3}.",Supreme,Rift Boss,1º Lugar
7062612,{Param1} {Param2} Lucky Chest: Level {IntParam},"Recompensa por derrotar Rift chefe, exclusiva para aventureiros com contribuição {Param3}.",Greater,Rift Boss,#2 - #3
7062613,{Param1} {Param2} Lucky Chest: Level {IntParam},"Recompensa por derrotar Rift chefe, exclusiva para aventureiros com contribuição {Param3}.",Intermediate,Rift Boss,#4 - #10
7062614,{Param1} {Param2} Lucky Chest: Level {IntParam},"Recompensa por derrotar Rift chefe, exclusiva para aventureiros com contribuição {Param3}.",Lesser,Rift Boss,#11–20
7062615,{Param1} {Param2} Lucky Chest: Level {IntParam},"Recompensa por derrotar Rift chefe, exclusiva para aventureiros com contribuição {Param3}.",Lowest Grade,Rift Boss,#21–30
7062621,{Param1} {Param2} Lucky Chest: Level {IntParam},"Recompensa por derrotar Rift chefe, exclusiva para aventureiros com contribuição {Param3}.",Supreme,Rift Boss,1º Lugar
7062622,{Param1} {Param2} Lucky Chest: Level {IntParam},"Recompensa por derrotar Rift chefe, exclusiva para aventureiros com contribuição {Param3}.",Greater,Rift Boss,#2 - #3
7062623,{Param1} {Param2} Lucky Chest: Level {IntParam},"Recompensa por derrotar Rift chefe, exclusiva para aventureiros com contribuição {Param3}.",Intermediate,Rift Boss,#4 - #10
7062624,{Param1} {Param2} Lucky Chest: Level {IntParam},"Recompensa por derrotar Rift chefe, exclusiva para aventureiros com contribuição {Param3}.",Lesser,Rift Boss,#11–20
7062625,{Param1} {Param2} Lucky Chest: Level {IntParam},"Recompensa por derrotar Rift chefe, exclusiva para aventureiros com contribuição {Param3}.",Lowest Grade,Rift Boss,#21–30
7062631,{Param1} {Param2} Lucky Chest: Level {IntParam},"Recompensa por derrotar Rift chefe, exclusiva para aventureiros com contribuição {Param3}.",Supreme,Rift Boss,1º Lugar
7062632,{Param1} {Param2} Lucky Chest: Level {IntParam},"Recompensa por derrotar Rift chefe, exclusiva para aventureiros com contribuição {Param3}.",Greater,Rift Boss,#2 - #3
7062633,{Param1} {Param2} Lucky Chest: Level {IntParam},"Recompensa por derrotar Rift chefe, exclusiva para aventureiros com contribuição {Param3}.",Intermediate,Rift Boss,#4 - #10
7062634,{Param1} {Param2} Lucky Chest: Level {IntParam},"Recompensa por derrotar Rift chefe, exclusiva para aventureiros com contribuição {Param3}.",Lesser,Rift Boss,#11–20
7062635,{Param1} {Param2} Lucky Chest: Level {IntParam},"Recompensa por derrotar Rift chefe, exclusiva para aventureiros com contribuição {Param3}.",Lowest Grade,Rift Boss,#21–30
7062640,{Param2}’s {IntParam}★ {Param3} Chest,Use para receber aleatoriamente um {Param3} da lista.,,Rift Boss,Exclusive Spellstone
7062651,{Param1} {Param2} Lucky Chest: Level {IntParam},"Recompensa por derrotar Beast Giant, exclusiva para aventureiros com contribuição {Param3}.",Supreme,Heart of the Star,1º Lugar
7062652,{Param1} {Param2} Lucky Chest: Level {IntParam},"Recompensa por derrotar Beast Giant, exclusiva para aventureiros com contribuição {Param3}.",Greater,Heart of the Star,#2 - #3
7062653,{Param1} {Param2} Lucky Chest: Level {IntParam},"Recompensa por derrotar Beast Giant, exclusiva para aventureiros com contribuição {Param3}.",Intermediate,Heart of the Star,#4 - #10
7062654,{Param1} {Param2} Lucky Chest: Level {IntParam},"Recompensa por derrotar Beast Giant, exclusiva para aventureiros com contribuição {Param3}.",Lesser,Heart of the Star,#11–20
7062655,{Param1} {Param2} Lucky Chest: Level {IntParam},"Recompensa por derrotar Beast Giant, exclusiva para aventureiros com contribuição {Param3}.",Lowest Grade,Heart of the Star,#21–30
7062661,{Param1} {Param2} Lucky Chest: Level {IntParam},"Recompensa por derrotar Beast Giant, exclusiva para aventureiros com contribuição {Param3}.",Supreme,Heart of the Star,1º Lugar
7062662,{Param1} {Param2} Lucky Chest: Level {IntParam},"Recompensa por derrotar Beast Giant, exclusiva para aventureiros com contribuição {Param3}.",Greater,Heart of the Star,#2 - #3
7062663,{Param1} {Param2} Lucky Chest: Level {IntParam},"Recompensa por derrotar Beast Giant, exclusiva para aventureiros com contribuição {Param3}.",Intermediate,Heart of the Star,#4 - #10
7062664,{Param1} {Param2} Lucky Chest: Level {IntParam},"Recompensa por derrotar Beast Giant, exclusiva para aventureiros com contribuição {Param3}.",Lesser,Heart of the Star,#11–20
7062665,{Param1} {Param2} Lucky Chest: Level {IntParam},"Recompensa por derrotar Beast Giant, exclusiva para aventureiros com contribuição {Param3}.",Lowest Grade,Heart of the Star,#21–30
7062671,{Param1} {Param2} Lucky Chest: Level {IntParam},"Recompensa por derrotar Beast Giant, exclusiva para aventureiros com contribuição {Param3}.",Supreme,Heart of the Star,1º Lugar
7062672,{Param1} {Param2} Lucky Chest: Level {IntParam},"Recompensa por derrotar Beast Giant, exclusiva para aventureiros com contribuição {Param3}.",Greater,Heart of the Star,#2 - #3
7062673,{Param1} {Param2} Lucky Chest: Level {IntParam},"Recompensa por derrotar Beast Giant, exclusiva para aventureiros com contribuição {Param3}.",Intermediate,Heart of the Star,#4 - #10
7062674,{Param1} {Param2} Lucky Chest: Level {IntParam},"Recompensa por derrotar Beast Giant, exclusiva para aventureiros com contribuição {Param3}.",Lesser,Heart of the Star,#11–20
7062675,{Param1} {Param2} Lucky Chest: Level {IntParam},"Recompensa por derrotar Beast Giant, exclusiva para aventureiros com contribuição {Param3}.",Lowest Grade,Heart of the Star,#21–30
7062681,{Param1} {Param2} Lucky Chest: Level {IntParam},"Recompensa por derrotar Beast Giant, exclusiva para aventureiros com contribuição {Param3}.",Supreme,Heart of the Star,1º Lugar
7062682,{Param1} {Param2} Lucky Chest: Level {IntParam},"Recompensa por derrotar Beast Giant, exclusiva para aventureiros com contribuição {Param3}.",Greater,Heart of the Star,#2 - #3
7062683,{Param1} {Param2} Lucky Chest: Level {IntParam},"Recompensa por derrotar Beast Giant, exclusiva para aventureiros com contribuição {Param3}.",Intermediate,Heart of the Star,#4 - #10
7062684,{Param1} {Param2} Lucky Chest: Level {IntParam},"Recompensa por derrotar Beast Giant, exclusiva para aventureiros com contribuição {Param3}.",Lesser,Heart of the Star,#11–20
7062685,{Param1} {Param2} Lucky Chest: Level {IntParam},"Recompensa por derrotar Beast Giant, exclusiva para aventureiros com contribuição {Param3}.",Lowest Grade,Heart of the Star,#21–30
7062700,{IntParam}★ 1-Tier {Param2} Selection Chest,Use para escolher e receber um {Param2} da lista.,,Weapon,
7062701,{IntParam}★ 1-Tier {Param2} Selection Chest,Use para escolher e receber um {Param2} da lista.,,Armor,
7062702,{IntParam}★ 1-Tier {Param2} Selection Chest,Use para escolher e receber um {Param2} da lista.,,Accessory,
7062703,{IntParam}★ Tier 1 {Param2} Random Chest,Concede aleatoriamente um {Param2} da lista.,,Armor,
7063001,{Param1} {Param2} Extermination Reward: Difficulty {IntParam},"Recompensa de Adventurers Alliance por deter Grand Incursion, exclusiva para quem alcançou contribuição {Param3}.",Supreme,Enormous Grand Incursion,1º Lugar
7063002,{Param1} {Param2} Extermination Reward: Difficulty {IntParam},"Recompensa de Adventurers Alliance por deter Grand Incursion, exclusiva para quem alcançou contribuição {Param3}.",Greater,Enormous Grand Incursion,#2 - #10
7063003,{Param1} {Param2} Extermination Reward: Difficulty {IntParam},"Recompensa de Adventurers Alliance por deter Grand Incursion, exclusiva para quem alcançou contribuição {Param3}.",Intermediate,Enormous Grand Incursion,#11 - #50
7063004,{Param1} {Param2} Extermination Reward: Difficulty {IntParam},"Recompensa de Adventurers Alliance por deter Grand Incursion, exclusiva para quem alcançou contribuição {Param3}.",Lesser,Enormous Grand Incursion,#51 - #100
7063005,{Param1} {Param2} Extermination Reward: Difficulty {IntParam},"Recompensa de Adventurers Alliance por deter Grand Incursion, exclusiva para quem alcançou {Param3}.",Lowest Grade,Enormous Grand Incursion,#101 ou inferior
7063006,{Param1} {Param2} Extermination Reward: Difficulty {IntParam},"Recompensa de Adventurers Alliance por deter Grand Incursion, exclusiva para quem alcançou contribuição {Param3}.",Supreme,Enormous Grand Incursion,1º Lugar
7063007,{Param1} {Param2} Extermination Reward: Difficulty {IntParam},"Recompensa de Adventurers Alliance por deter Grand Incursion, exclusiva para quem alcançou contribuição {Param3}.",Greater,Enormous Grand Incursion,#2 - #10
7063008,{Param1} {Param2} Extermination Reward: Difficulty {IntParam},"Recompensa de Adventurers Alliance por deter Grand Incursion, exclusiva para quem alcançou contribuição {Param3}.",Intermediate,Enormous Grand Incursion,#11 - #50
7063009,{Param1} {Param2} Extermination Reward: Difficulty {IntParam},"Recompensa de Adventurers Alliance por deter Grand Incursion, exclusiva para quem alcançou contribuição {Param3}.",Lesser,Enormous Grand Incursion,#51 - #100
7063010,{Param1} {Param2} Extermination Reward: Difficulty {IntParam},"Recompensa de Adventurers Alliance por deter Grand Incursion, exclusiva para quem alcançou {Param3}.",Lowest Grade,Enormous Grand Incursion,#101 ou inferior
7063011,{Param1} {Param2} Extermination Reward: Difficulty {IntParam},"Recompensa de Adventurers Alliance por deter Grand Incursion, exclusiva para quem alcançou contribuição {Param3}.",Supreme,Enormous Grand Incursion,1º Lugar
7063012,{Param1} {Param2} Extermination Reward: Difficulty {IntParam},"Recompensa de Adventurers Alliance por deter Grand Incursion, exclusiva para quem alcançou contribuição {Param3}.",Greater,Enormous Grand Incursion,#2 - #10
7063013,{Param1} {Param2} Extermination Reward: Difficulty {IntParam},"Recompensa de Adventurers Alliance por deter Grand Incursion, exclusiva para quem alcançou contribuição {Param3}.",Intermediate,Enormous Grand Incursion,#11 - #50
7063014,{Param1} {Param2} Extermination Reward: Difficulty {IntParam},"Recompensa de Adventurers Alliance por deter Grand Incursion, exclusiva para quem alcançou contribuição {Param3}.",Lesser,Enormous Grand Incursion,#51 - #100
7063015,{Param1} {Param2} Extermination Reward: Difficulty {IntParam},"Recompensa de Adventurers Alliance por deter Grand Incursion, exclusiva para quem alcançou {Param3}.",Lowest Grade,Enormous Grand Incursion,#101 ou inferior
7063016,{Param1} {Param2} Extermination Reward: Difficulty {IntParam},"Recompensa de Adventurers Alliance por deter Grand Incursion, exclusiva para quem alcançou contribuição {Param3}.",Supreme,Enormous Grand Incursion,1º Lugar
7063017,{Param1} {Param2} Extermination Reward: Difficulty {IntParam},"Recompensa de Adventurers Alliance por deter Grand Incursion, exclusiva para quem alcançou contribuição {Param3}.",Greater,Enormous Grand Incursion,#2 - #10
7063018,{Param1} {Param2} Extermination Reward: Difficulty {IntParam},"Recompensa de Adventurers Alliance por deter Grand Incursion, exclusiva para quem alcançou contribuição {Param3}.",Intermediate,Enormous Grand Incursion,#11 - #50
7063019,{Param1} {Param2} Extermination Reward: Difficulty {IntParam},"Recompensa de Adventurers Alliance por deter Grand Incursion, exclusiva para quem alcançou contribuição {Param3}.",Lesser,Enormous Grand Incursion,#51 - #100
7063020,{Param1} {Param2} Extermination Reward: Difficulty {IntParam},"Recompensa de Adventurers Alliance por deter Grand Incursion, exclusiva para quem alcançou {Param3}.",Lowest Grade,Enormous Grand Incursion,#101 ou inferior
7063021,{Param1} {Param2} Extermination Reward: Difficulty {IntParam},"Recompensa de Adventurers Alliance por deter Grand Incursion, exclusiva para quem alcançou contribuição {Param3}.",Supreme,Enormous Grand Incursion,1º Lugar
7063022,{Param1} {Param2} Extermination Reward: Difficulty {IntParam},"Recompensa de Adventurers Alliance por deter Grand Incursion, exclusiva para quem alcançou contribuição {Param3}.",Greater,Enormous Grand Incursion,#2 - #10
7063023,{Param1} {Param2} Extermination Reward: Difficulty {IntParam},"Recompensa de Adventurers Alliance por deter Grand Incursion, exclusiva para quem alcançou contribuição {Param3}.",Intermediate,Enormous Grand Incursion,#11 - #50
7063024,{Param1} {Param2} Extermination Reward: Difficulty {IntParam},"Recompensa de Adventurers Alliance por deter Grand Incursion, exclusiva para quem alcançou contribuição {Param3}.",Lesser,Enormous Grand Incursion,#51 - #100
7063025,{Param1} {Param2} Extermination Reward: Difficulty {IntParam},"Recompensa de Adventurers Alliance por deter Grand Incursion, exclusiva para quem alcançou {Param3}.",Lowest Grade,Enormous Grand Incursion,#101 ou inferior
7063026,{Param1} {Param2} Extermination Reward: Difficulty {IntParam},"Recompensa de Adventurers Alliance por deter Grand Incursion, exclusiva para quem alcançou contribuição {Param3}.",Supreme,Enormous Grand Incursion,1º Lugar
7063027,{Param1} {Param2} Extermination Reward: Difficulty {IntParam},"Recompensa de Adventurers Alliance por deter Grand Incursion, exclusiva para quem alcançou contribuição {Param3}.",Greater,Enormous Grand Incursion,#2 - #10
7063028,{Param1} {Param2} Extermination Reward: Difficulty {IntParam},"Recompensa de Adventurers Alliance por deter Grand Incursion, exclusiva para quem alcançou contribuição {Param3}.",Intermediate,Enormous Grand Incursion,#11 - #50
7063029,{Param1} {Param2} Extermination Reward: Difficulty {IntParam},"Recompensa de Adventurers Alliance por deter Grand Incursion, exclusiva para quem alcançou contribuição {Param3}.",Lesser,Enormous Grand Incursion,#51 - #100
7063030,{Param1} {Param2} Extermination Reward: Difficulty {IntParam},"Recompensa de Adventurers Alliance por deter Grand Incursion, exclusiva para quem alcançou {Param3}.",Lowest Grade,Enormous Grand Incursion,#101 ou inferior
7063031,{Param1} {Param2} Extermination Reward: Difficulty {IntParam},"Recompensa de Adventurers Alliance por deter Grand Incursion, exclusiva para quem alcançou contribuição {Param3}.",Supreme,Enormous Grand Incursion,1º Lugar
7063032,{Param1} {Param2} Extermination Reward: Difficulty {IntParam},"Recompensa de Adventurers Alliance por deter Grand Incursion, exclusiva para quem alcançou contribuição {Param3}.",Greater,Enormous Grand Incursion,#2 - #10
7063033,{Param1} {Param2} Extermination Reward: Difficulty {IntParam},"Recompensa de Adventurers Alliance por deter Grand Incursion, exclusiva para quem alcançou contribuição {Param3}.",Intermediate,Enormous Grand Incursion,#11 - #50
7063034,{Param1} {Param2} Extermination Reward: Difficulty {IntParam},"Recompensa de Adventurers Alliance por deter Grand Incursion, exclusiva para quem alcançou contribuição {Param3}.",Lesser,Enormous Grand Incursion,#51 - #100
7063035,{Param1} {Param2} Extermination Reward: Difficulty {IntParam},"Recompensa de Adventurers Alliance por deter Grand Incursion, exclusiva para quem alcançou {Param3}.",Lowest Grade,Enormous Grand Incursion,#101 ou inferior
7063036,{Param1} {Param2} Extermination Reward: Difficulty {IntParam},"Recompensa de Adventurers Alliance por deter Grand Incursion, exclusiva para quem alcançou contribuição {Param3}.",Supreme,Enormous Grand Incursion,1º Lugar
7063037,{Param1} {Param2} Extermination Reward: Difficulty {IntParam},"Recompensa de Adventurers Alliance por deter Grand Incursion, exclusiva para quem alcançou contribuição {Param3}.",Greater,Enormous Grand Incursion,#2 - #10
7063038,{Param1} {Param2} Extermination Reward: Difficulty {IntParam},"Recompensa de Adventurers Alliance por deter Grand Incursion, exclusiva para quem alcançou contribuição {Param3}.",Intermediate,Enormous Grand Incursion,#11 - #50
7063039,{Param1} {Param2} Extermination Reward: Difficulty {IntParam},"Recompensa de Adventurers Alliance por deter Grand Incursion, exclusiva para quem alcançou contribuição {Param3}.",Lesser,Enormous Grand Incursion,#51 - #100
7063040,{Param1} {Param2} Extermination Reward: Difficulty {IntParam},"Recompensa de Adventurers Alliance por deter Grand Incursion, exclusiva para quem alcançou {Param3}.",Lowest Grade,Enormous Grand Incursion,#101 ou inferior
7063041,{Param1} {Param2} Extermination Reward: Difficulty {IntParam},"Recompensa de Adventurers Alliance por deter Grand Incursion, exclusiva para quem alcançou contribuição {Param3}.",Supreme,Enormous Grand Incursion,1º Lugar
7063042,{Param1} {Param2} Extermination Reward: Difficulty {IntParam},"Recompensa de Adventurers Alliance por deter Grand Incursion, exclusiva para quem alcançou contribuição {Param3}.",Greater,Enormous Grand Incursion,#2 - #10
7063043,{Param1} {Param2} Extermination Reward: Difficulty {IntParam},"Recompensa de Adventurers Alliance por deter Grand Incursion, exclusiva para quem alcançou contribuição {Param3}.",Intermediate,Enormous Grand Incursion,#11 - #50
7063044,{Param1} {Param2} Extermination Reward: Difficulty {IntParam},"Recompensa de Adventurers Alliance por deter Grand Incursion, exclusiva para quem alcançou contribuição {Param3}.",Lesser,Enormous Grand Incursion,#51 - #100
7063045,{Param1} {Param2} Extermination Reward: Difficulty {IntParam},"Recompensa de Adventurers Alliance por deter Grand Incursion, exclusiva para quem alcançou {Param3}.",Lowest Grade,Enormous Grand Incursion,#101 ou inferior
7063046,{Param1} {Param2} Extermination Reward: Difficulty {IntParam},"Recompensa de Adventurers Alliance por deter Grand Incursion, exclusiva para quem alcançou contribuição {Param3}.",Supreme,Enormous Grand Incursion,1º Lugar
7063047,{Param1} {Param2} Extermination Reward: Difficulty {IntParam},"Recompensa de Adventurers Alliance por deter Grand Incursion, exclusiva para quem alcançou contribuição {Param3}.",Greater,Enormous Grand Incursion,#2 - #10
7063048,{Param1} {Param2} Extermination Reward: Difficulty {IntParam},"Recompensa de Adventurers Alliance por deter Grand Incursion, exclusiva para quem alcançou contribuição {Param3}.",Intermediate,Enormous Grand Incursion,#11 - #50
7063049,{Param1} {Param2} Extermination Reward: Difficulty {IntParam},"Recompensa de Adventurers Alliance por deter Grand Incursion, exclusiva para quem alcançou contribuição {Param3}.",Lesser,Enormous Grand Incursion,#51 - #100
7063050,{Param1} {Param2} Extermination Reward: Difficulty {IntParam},"Recompensa de Adventurers Alliance por deter Grand Incursion, exclusiva para quem alcançou {Param3}.",Lowest Grade,Enormous Grand Incursion,#101 ou inferior
7063051,{Param1} {Param2} Extermination Reward: Difficulty {IntParam},"Recompensa de Adventurers Alliance por deter Grand Incursion, exclusiva para quem alcançou contribuição {Param3}.",Supreme,Enormous Grand Incursion,1º Lugar
7063052,{Param1} {Param2} Extermination Reward: Difficulty {IntParam},"Recompensa de Adventurers Alliance por deter Grand Incursion, exclusiva para quem alcançou contribuição {Param3}.",Greater,Enormous Grand Incursion,#2 - #10
7063053,{Param1} {Param2} Extermination Reward: Difficulty {IntParam},"Recompensa de Adventurers Alliance por deter Grand Incursion, exclusiva para quem alcançou contribuição {Param3}.",Intermediate,Enormous Grand Incursion,#11 - #50
7063054,{Param1} {Param2} Extermination Reward: Difficulty {IntParam},"Recompensa de Adventurers Alliance por deter Grand Incursion, exclusiva para quem alcançou contribuição {Param3}.",Lesser,Enormous Grand Incursion,#51 - #100
7063055,{Param1} {Param2} Extermination Reward: Difficulty {IntParam},"Recompensa de Adventurers Alliance por deter Grand Incursion, exclusiva para quem alcançou {Param3}.",Lowest Grade,Enormous Grand Incursion,#101 ou inferior
7063056,{Param1} {Param2} Extermination Reward: Difficulty {IntParam},"Recompensa de Adventurers Alliance por deter Grand Incursion, exclusiva para quem alcançou contribuição {Param3}.",Supreme,Enormous Grand Incursion,1º Lugar
7063057,{Param1} {Param2} Extermination Reward: Difficulty {IntParam},"Recompensa de Adventurers Alliance por deter Grand Incursion, exclusiva para quem alcançou contribuição {Param3}.",Greater,Enormous Grand Incursion,#2 - #10
7063058,{Param1} {Param2} Extermination Reward: Difficulty {IntParam},"Recompensa de Adventurers Alliance por deter Grand Incursion, exclusiva para quem alcançou contribuição {Param3}.",Intermediate,Enormous Grand Incursion,#11 - #50
7063059,{Param1} {Param2} Extermination Reward: Difficulty {IntParam},"Recompensa de Adventurers Alliance por deter Grand Incursion, exclusiva para quem alcançou contribuição {Param3}.",Lesser,Enormous Grand Incursion,#51 - #100
7063060,{Param1} {Param2} Extermination Reward: Difficulty {IntParam},"Recompensa de Adventurers Alliance por deter Grand Incursion, exclusiva para quem alcançou {Param3}.",Lowest Grade,Enormous Grand Incursion,#101 ou inferior
7063100,S7 Season Pass EXP Chest,Concede Mission EXP da temporada 7: sete dias de missões diárias e a experiência de todas as semanais e de Season Pass.,,,
7063101,S8 Season Pass EXP Box,"Concede experiência de Season Pass S8: dois dias de diárias, além das semanais e de Season Pass indicadas no item.",,,
7063110,{IntParam}★ Tier 2 {Param2} Selection Chest,Use para escolher e receber um {Param2} da lista.,,Equipment,
7063120,{Param1} Chest,Use para obter {Param1}.,Mouthy Meow,,
7063121,{Param1} Chest,Use para obter {Param1}.,Tyrant's Crown of Thorns,,
7063122,{Param1} Chest,Use para obter {Param1}.,Eyepatch of Insight,,
7063123,{Param1} Chest,Use para obter {Param1}.,Glasses of Wisdom,,
7063124,{Param1} Chest,Use para obter {Param1}.,Batwing Headpiece,,
7063125,{Param1} Chest,Use para obter {Param1}.,Angelic Halo,,
7063126,{Param1} Chest,Use para obter {Param1}.,Sweet & Sour Headpiece,,
7063127,{Param1} Chest,Use para obter {Param1}.,Treasurekeeper's Golden Horns,,
7063130,{Param1} {Param2} Chest,Use para receber aleatoriamente um dos itens {Param2} da lista.,World Boss,Decorations,
7063131,{Param1} {Param2} Chest,Use para receber aleatoriamente um dos itens {Param2} da lista.,Lesser Field Boss,Decorations,
7063132,{Param1} {Param2} Chest,Use para receber aleatoriamente um dos itens {Param2} da lista.,Greater Field Boss,Decorations,
7063133,{Param1} {Param2} Chest,Use para receber aleatoriamente um dos itens {Param2} da lista.,Shining,Decorations,
7063140,Decoration Fragment,Material obtido com Decorations duplicadas. Fabrica Decoration Chests.,,,
7063150,{Param1} Chest,Use para obter {Param1}.,Apprentice's Glasses,,
7063151,{Param1} Chest,Use para obter {Param1}.,Twilight Goggles,,
7063152,{Param1} Chest,Use para obter {Param1}.,Bubblegum,,
7063153,{Param2} {Param3},"Ao usar, concede {Param2} {Param3}.",,Sacred Relic of Strife,IV
7063154,{Param2} {Param3} Chest,"Ao usar, concede {Param2} {Param3}.",,Sacred Relic of Strife,V
7063155,{Param2} {Param3},"Ao usar, concede {Param2} {Param3}.",,Sacred Relic of Strife,VI
7063156,{Param2} {Param3} Chest,"Ao usar, concede {Param2} {Param3}.",,Sacred Relic of Strife,VII
7063157,{Param2} {Param3} Chest,"Ao usar, concede {Param2} {Param3}.",,Sacred Relic of Strife,VIII
7063158,{IntParam}Level Upgrade Support Chest,Use para receber todos os {Param1} da lista.,Reward,,
7063159,{IntParam}Level Upgrade Support Chest,Use para receber todos os {Param1} da lista.,Reward,,
7063160,{IntParam}Level Upgrade Support Chest,Use para receber todos os {Param1} da lista.,Reward,,
7063161,{IntParam}Level Upgrade Support Chest,Use para receber todos os {Param1} da lista.,Reward,,
7063162,{IntParam}Level Upgrade Support Chest,Use para receber todos os {Param1} da lista.,Reward,,
7063163,{IntParam}Level Upgrade Support Chest,Use para receber todos os {Param1} da lista.,Reward,,
7063164,{IntParam}Level Upgrade Support Chest,Use para receber todos os {Param1} da lista.,Reward,,
7063165,{IntParam}Level Upgrade Support Chest,Use para receber todos os {Param1} da lista.,Reward,,
7063166,{IntParam}Level Upgrade Support Chest,Use para receber todos os {Param1} da lista.,Reward,,
7063167,{IntParam}Level Upgrade Support Chest,Use para receber todos os {Param1} da lista.,Reward,,
7063168,{Param2} {Param3} Chest,"Ao usar, concede {Param2} {Param3}.",,Relic of Subjugation,I
7063169,{Param2} {Param3} Chest,"Ao usar, concede {Param2} {Param3}.",,Relic of Subjugation,II
7063170,{Param2} {Param3} Chest,"Ao usar, concede {Param2} {Param3}.",,Relic of Subjugation,III
7063171,{Param2} {Param3} Chest,"Ao usar, concede {Param2} {Param3}.",,Relic of Subjugation,IV
7063172,{Param2} {Param3} Chest,"Ao usar, concede {Param2} {Param3}.",,Relic of Subjugation,V
7063173,{Param2} {Param3} Chest,"Ao usar, concede {Param2} {Param3}.",,Relic of Loyalty,I
7063174,{Param2} {Param3} Chest,"Ao usar, concede {Param2} {Param3}.",,Relic of Loyalty,II
7063175,{Param2} {Param3} Chest,"Ao usar, concede {Param2} {Param3}.",,Relic of Loyalty,III
7063176,{Param2} {Param3} Chest,"Ao usar, concede {Param2} {Param3}.",,Relic of Loyalty,IV
7063177,{Param2} {Param3} Chest,"Ao usar, concede {Param2} {Param3}.",,Relic of Loyalty,V
7063178,{Param2} {Param3} Chest,"Ao usar, concede {Param2} {Param3}.",,Sacred Relic of Strife,I
7063179,{Param2} {Param3} Chest,"Ao usar, concede {Param2} {Param3}.",,Sacred Relic of Strife,II
7063180,{Param2} {Param3} Chest,"Ao usar, concede {Param2} {Param3}.",,Sacred Relic of Strife,III
7063181,{Param2} {Param3} Chest,"Ao usar, concede {Param2} {Param3}.",,Sacred Relic of Strife,IV
8500000,Aether Dust - Misc. Item (not for actual use),Poeira com aura de Aether encontrada em objetos brilhantes de Forsaken Lands. Junte várias para abastecer Wheel of Fate.,,,
8500001,Memorite,"Mineral com poder antigo. Equipar Phantom Weapon de 3★ ou mais permite ativar Memorite Skill; enquanto ativa, cada ataque básico que acerta consome Memorite.",,,
8500002,Aether Fragment - Misc. Item (not for actual use),"Fragmento com forte aura de Aether, obtido em pedidos de Adventurers Alliance. Abastece Premium Wheel of Fate.",,,
8500020,Shiny Pebble - Misc. Item (not for actual use),Pedrinha brilhante que pode ser vendida ao General Merchant por uma pequena quantidade de Gold.,,,
8500030,Gold Dust Fragment,Pode ser vendido ao General Merchant por {Param3} Gold.,,,"3,000"
8500031,Gold Dust Pouch,Pode ser vendido ao General Merchant por {Param3} Gold.,,,"10,000"
8500032,Gold Dust Sack,Pode ser vendido ao General Merchant por {Param3} Gold.,,,"50,000"
8000001,Clan Beacon Installation Kit,Instala um local para invocar ou ressuscitar integrantes amigáveis do clã. Uso restrito a membros autorizados.,,,
8000002,With Kind Regards,"Carta de consolação enviada pelo vencedor. Sem utilidade prática, mas pode ser vendida ao General Merchant por Gold.",,,
8000003,Shield of Peace,"Impede ataques de outros jogadores em Forsaken Lands por uma hora. Não funciona em Monolith War, onde o efeito é suspenso. Interagir com Vitalizing Sanctum ou atacar jogadores ou chefes pode remover a proteção.",,,
8000004,Ring of Oath,Objeto que cria um vínculo entre seus donos. Doe ao clã para receber Ancient Coins.,,,
8010101,Angbar Invitation {Param3} ({Param1}),Permite enfrentar chefes em Angbar Arena com o clã para obter recompensas. Crie Clan Squad em Ancient Ruins e use o convite para abrir o portal. Apenas membros autorizados podem acessar e usar o convite no inventário.,Easy,,Ⅰ
8010102,Angbar Invitation {Param3} ({Param1}),Permite enfrentar chefes em Angbar Arena com o clã para obter recompensas. Crie Clan Squad em Ancient Ruins e use o convite para abrir o portal. Apenas membros autorizados podem acessar e usar o convite no inventário.,Normal,,Ⅰ
8010103,Angbar Invitation {Param3} ({Param1}),Permite enfrentar chefes em Angbar Arena com o clã para obter recompensas. Crie Clan Squad em Ancient Ruins e use o convite para abrir o portal. Apenas membros autorizados podem acessar e usar o convite no inventário.,Hard,,Ⅰ
8010104,Angbar Invitation {Param3} ({Param1}),Permite enfrentar chefes em Angbar Arena com o clã para obter recompensas. Crie Clan Squad em Ancient Ruins e use o convite para abrir o portal. Apenas membros autorizados podem acessar e usar o convite no inventário.,Easy,,Ⅱ
8010105,Angbar Invitation {Param3} ({Param1}),Permite enfrentar chefes em Angbar Arena com o clã para obter recompensas. Crie Clan Squad em Ancient Ruins e use o convite para abrir o portal. Apenas membros autorizados podem acessar e usar o convite no inventário.,Normal,,Ⅱ
8010106,Angbar Invitation {Param3} ({Param1}),Permite enfrentar chefes em Angbar Arena com o clã para obter recompensas. Crie Clan Squad em Ancient Ruins e use o convite para abrir o portal. Apenas membros autorizados podem acessar e usar o convite no inventário.,Hard,,Ⅱ
8010107,Angbar Invitation {Param3} ({Param1}),Permite enfrentar chefes em Angbar Arena com o clã para obter recompensas. Crie Clan Squad em Ancient Ruins e use o convite para abrir o portal. Apenas membros autorizados podem acessar e usar o convite no inventário.,Easy,,Ⅲ
8010108,Angbar Invitation {Param3} ({Param1}),Permite enfrentar chefes em Angbar Arena com o clã para obter recompensas. Crie Clan Squad em Ancient Ruins e use o convite para abrir o portal. Apenas membros autorizados podem acessar e usar o convite no inventário.,Normal,,Ⅲ
8010109,Angbar Invitation {Param3} ({Param1}),Permite enfrentar chefes em Angbar Arena com o clã para obter recompensas. Crie Clan Squad em Ancient Ruins e use o convite para abrir o portal. Apenas membros autorizados podem acessar e usar o convite no inventário.,Hard,,Ⅲ
8010110,Angbar Invitation {Param3} ({Param1}),Permite enfrentar chefes em Angbar Arena com o clã para obter recompensas. Crie Clan Squad em Ancient Ruins e use o convite para abrir o portal. Apenas membros autorizados podem acessar e usar o convite no inventário.,Easy,,Ⅳ
8010111,Angbar Invitation {Param3} ({Param1}),Permite enfrentar chefes em Angbar Arena com o clã para obter recompensas. Crie Clan Squad em Ancient Ruins e use o convite para abrir o portal. Apenas membros autorizados podem acessar e usar o convite no inventário.,Normal,,Ⅳ
8010112,Angbar Invitation {Param3} ({Param1}),Permite enfrentar chefes em Angbar Arena com o clã para obter recompensas. Crie Clan Squad em Ancient Ruins e use o convite para abrir o portal. Apenas membros autorizados podem acessar e usar o convite no inventário.,Hard,,Ⅳ
8010200,Replica Seed,Dispositivo antigo que analisa Essences e replica monstros. Alguns Field chefes deixam Essence ao morrer; interaja com ela para enfrentar suas réplicas.,,,
8020001,Monolith Fragment: {Param1},Fragmento do Monolith de Ancient Ruins em {Param1}. Material de fabricação muito raro.,Giant's Garden,,
8020002,Monolith Fragment: {Param1},Fragmento do Monolith de Ancient Ruins em {Param1}. Material de fabricação muito raro.,Pulsing Ridge,,
8020003,Monolith Fragment: {Param1},Fragmento do Monolith de Ancient Ruins em {Param1}. Material de fabricação muito raro.,Starfall Plateau,,
8020004,Monolith Piece,Fragmento do Monolith de Ancient Ruins em {Param1}. Material de fabricação muito raro.,Each Realm,,
8020101,{Param1} {Param2} Chest {Param3},Use para receber aleatoriamente um dos itens {Param2} da lista.,Monolith,Ancient Coins,I
8020102,{Param1} {Param2} Chest {Param3},Use para receber aleatoriamente um dos itens {Param2} da lista.,Monolith,Ancient Coins,II
8020103,{Param1} {Param2} Chest,Use para receber aleatoriamente um dos itens {Param2} da lista.,Lesser,Ancient Coins,
8020104,Intermediate Ancient Coin Chest,Use para receber aleatoriamente um dos itens {Param2} da lista.,Intermediate,Ancient Coins,
8020105,Advanced Ancient Coin Chest,Use para receber aleatoriamente um dos itens {Param2} da lista.,Greater,Ancient Coins,
8020106,Giant’s Vending Machine Token Fortune Chest,Use para receber aleatoriamente um dos itens {Param2} da lista.,Monolith,Giant’s Vending Machine Token,
8020107,{Param1}‘s {IntParam}★ {Param2} Chest,Use para receber aleatoriamente um dos itens {Param2} da lista.,Monolith,Shared Spellstone,
8020108,{Param1}‘s {IntParam}★ {Param2} Chest,Use para receber aleatoriamente um dos itens {Param2} da lista.,Monolith,Shared Spellstone,
8020109,{Param2} Super Lucky Chest,Use para receber aleatoriamente um dos itens {Param2} da lista.,,Giant’s Vending Machine Token,
8020110,{Param1}‘s {IntParam}-Star {Param2} Selection Chest,Use para escolher e receber um {Param2} da sua classe.,Monolith,Exclusive Spellstone,
8200111,{Param2}’s {Param1} Artificial Tesseract,"Invoca monstros {Param1} de {Param2}, que concedem recompensas especiais ao ser derrotados. Artificial Tesseracts não podem ser usados em vilas, áreas de Monolith War ou regiões sem lei.",Lesser,Scything Barrens,
8200112,{Param2}’s {Param1} Artificial Tesseract,"Invoca monstros {Param1} de {Param2}, que concedem recompensas especiais ao ser derrotados. Artificial Tesseracts não podem ser usados em vilas, áreas de Monolith War ou regiões sem lei.",Lesser,Giant's Garden,
8200113,{Param2}’s {Param1} Artificial Tesseract,"Invoca monstros {Param1} de {Param2}, que concedem recompensas especiais ao ser derrotados. Artificial Tesseracts não podem ser usados em vilas, áreas de Monolith War ou regiões sem lei.",Lesser,Pulsing Ridge,
8200114,{Param2}’s {Param1} Artificial Tesseract,"Invoca monstros {Param1} de {Param2}, que concedem recompensas especiais ao ser derrotados. Artificial Tesseracts não podem ser usados em vilas, áreas de Monolith War ou regiões sem lei.",Lesser,Starfall Plateau,
8200121,{Param2}’s {Param1} Artificial Tesseract,"Invoca monstros {Param1} de {Param2}, que concedem recompensas especiais ao ser derrotados. Artificial Tesseracts não podem ser usados em vilas, áreas de Monolith War ou regiões sem lei.",Greater,Scything Barrens,
8200122,{Param2}’s {Param1} Artificial Tesseract,"Invoca monstros {Param1} de {Param2}, que concedem recompensas especiais ao ser derrotados. Artificial Tesseracts não podem ser usados em vilas, áreas de Monolith War ou regiões sem lei.",Greater,Giant's Garden,
8200123,{Param2}’s {Param1} Artificial Tesseract,"Invoca monstros {Param1} de {Param2}, que concedem recompensas especiais ao ser derrotados. Artificial Tesseracts não podem ser usados em vilas, áreas de Monolith War ou regiões sem lei.",Greater,Pulsing Ridge,
8200124,{Param2}’s {Param1} Artificial Tesseract,"Invoca monstros {Param1} de {Param2}, que concedem recompensas especiais ao ser derrotados. Artificial Tesseracts não podem ser usados em vilas, áreas de Monolith War ou regiões sem lei.",Greater,Starfall Plateau,
8110001,{Param1} {Param2},"Ao usar, concede [{Param1}] {Param2}.",Joy,Motion,
8110011,{Param1} {Param2},"Ao usar, concede [{Param1}] {Param2}.",Excited,Motion,
8110021,{Param1} {Param2},"Ao usar, concede [{Param1}] {Param2}.",Forgive,Motion,
8110031,{Param1} {Param2},"Ao usar, concede [{Param1}] {Param2}.",Dialogue,Motion,
8110041,{Param1} {Param2},"Ao usar, concede [{Param1}] {Param2}.",Stretch,Motion,
8110051,{Param1} {Param2},"Ao usar, concede [{Param1}] {Param2}.",Listen,Motion,
8110061,{Param1} {Param2},"Ao usar, concede [{Param1}] {Param2}.",Curious,Motion,
8110071,{Param1} {Param2},"Ao usar, concede [{Param1}] {Param2}.",Puzzled,Motion,
8110081,{Param1} {Param2},"Ao usar, concede [{Param1}] {Param2}.",Ponder,Motion,
8110091,{Param1} {Param2},"Ao usar, concede [{Param1}] {Param2}.",Surprised,Motion,
8110101,{Param1} {Param2},"Ao usar, concede [{Param1}] {Param2}.",Shrug,Motion,
8110111,{Param1} {Param2},"Ao usar, concede [{Param1}] {Param2}.",Signal,Motion,
8110121,{Param1} {Param2},"Ao usar, concede [{Param1}] {Param2}.",Calm down,Motion,
8110131,{Param1} {Param2},"Ao usar, concede [{Param1}] {Param2}.",Tired,Motion,
8110141,{Param1} {Param2},"Ao usar, concede [{Param1}] {Param2}.",Agree,Motion,
8110151,{Param1} {Param2},"Ao usar, concede [{Param1}] {Param2}.",Cheers,Motion,
8110161,{Param1} {Param2},"Ao usar, concede [{Param1}] {Param2}.",Praise,Motion,
8110171,{Param1} {Param2},"Ao usar, concede [{Param1}] {Param2}.",Haha,Motion,
8110181,{Param1} {Param2},"Ao usar, concede [{Param1}] {Param2}.",Giggle,Motion,
8110191,{Param1} {Param2},"Ao usar, concede [{Param1}] {Param2}.",Guffaw,Motion,
8110201,{Param1} {Param2},"Ao usar, concede [{Param1}] {Param2}.",Chuckle,Motion,
8110211,{Param1} {Param2},"Ao usar, concede [{Param1}] {Param2}.",Snicker,Motion,
8110221,{Param1} {Param2},"Ao usar, concede [{Param1}] {Param2}.",Show off,Motion,
8110231,{Param1} {Param2},"Ao usar, concede [{Param1}] {Param2}.",Crack knuckles,Motion,
8110241,{Param1} {Param2},"Ao usar, concede [{Param1}] {Param2}.",Provoke,Motion,
8110251,{Param1} {Param2},"Ao usar, concede [{Param1}] {Param2}.",Salute,Motion,
8110261,{Param1} {Param2},"Ao usar, concede [{Param1}] {Param2}.",Shout,Motion,
8110271,{Param1} {Param2},"Ao usar, concede [{Param1}] {Param2}.",Surrender,Motion,
8110281,{Param1} {Param2},"Ao usar, concede [{Param1}] {Param2}.",Grovel,Motion,
8110291,{Param1} {Param2},"Ao usar, concede [{Param1}] {Param2}.",Tremble,Motion,
8110301,{Param1} {Param2},"Ao usar, concede [{Param1}] {Param2}.",Cower,Motion,
8110311,{Param1} {Param2},"Ao usar, concede [{Param1}] {Param2}.",Mourn,Motion,
8110321,{Param1} {Param2},"Ao usar, concede [{Param1}] {Param2}.",Pray,Motion,
8110331,{Param1} {Param2},"Ao usar, concede [{Param1}] {Param2}.",Happy,Motion,
8110341,{Param1} {Param2},"Ao usar, concede [{Param1}] {Param2}.",Shy,Motion,
8110351,{Param1} {Param2},"Ao usar, concede [{Param1}] {Param2}.",Love,Motion,
8110361,{Param1} {Param2},"Ao usar, concede [{Param1}] {Param2}.",Dumbfounded,Motion,
8110371,{Param1} {Param2},"Ao usar, concede [{Param1}] {Param2}.",Speechless,Motion,
8110381,{Param1} {Param2},"Ao usar, concede [{Param1}] {Param2}.",Bored,Motion,
8110391,{Param1} {Param2},"Ao usar, concede [{Param1}] {Param2}.",Sob,Motion,
8110401,{Param1} {Param2},"Ao usar, concede [{Param1}] {Param2}.",Hey there,Motion,
8110411,{Param1} {Param2},"Ao usar, concede [{Param1}] {Param2}.",Raise one hand,Motion,
8110421,{Param1} {Param2},"Ao usar, concede [{Param1}] {Param2}.",Hungry,Motion,
8110431,{Param1} {Param2},"Ao usar, concede [{Param1}] {Param2}.",Look far away,Motion,
8110441,{Param1} {Param2},"Ao usar, concede [{Param1}] {Param2}.",Kneel,Motion,
8110451,{Param1} {Param2},"Ao usar, concede [{Param1}] {Param2}.",Throat slash,Motion,
8110461,{Param1} {Param2},"Ao usar, concede [{Param1}] {Param2}.",Harvest Festival Firecracker,Motion,
8110471,{Param1} {Param2},"Ao usar, concede [{Param1}] {Param2}.",Harvest Festival Large Firecracker,Motion,
8110481,{Param1} {Param2},"Ao usar, concede [{Param1}] {Param2}.",Pledge Your Heart,Motion,
8210001,{Param1} {Param2},"Ao usar, concede [{Param1}] {Param2}.",Joy,Pose,
8210011,{Param1} {Param2},"Ao usar, concede [{Param1}] {Param2}.",Excited,Pose,
8210021,{Param1} {Param2},"Ao usar, concede [{Param1}] {Param2}.",Forgive,Pose,
8210031,{Param1} {Param2},"Ao usar, concede [{Param1}] {Param2}.",Dialogue,Pose,
8210041,{Param1} {Param2},"Ao usar, concede [{Param1}] {Param2}.",Stretch,Pose,
8210051,{Param1} {Param2},"Ao usar, concede [{Param1}] {Param2}.",Listen,Pose,
8210061,{Param1} {Param2},"Ao usar, concede [{Param1}] {Param2}.",Curious,Pose,
8210071,{Param1} {Param2},"Ao usar, concede [{Param1}] {Param2}.",Puzzled,Pose,
8210081,{Param1} {Param2},"Ao usar, concede [{Param1}] {Param2}.",Ponder,Pose,
8210091,{Param1} {Param2},"Ao usar, concede [{Param1}] {Param2}.",Surprised,Pose,
8210101,{Param1} {Param2},"Ao usar, concede [{Param1}] {Param2}.",Shrug,Pose,
8210111,{Param1} {Param2},"Ao usar, concede [{Param1}] {Param2}.",Signal,Pose,
8210121,{Param1} {Param2},"Ao usar, concede [{Param1}] {Param2}.",Calm down,Pose,
8210131,{Param1} {Param2},"Ao usar, concede [{Param1}] {Param2}.",Tired,Pose,
8210141,{Param1} {Param2},"Ao usar, concede [{Param1}] {Param2}.",Agree,Pose,
8210151,{Param1} {Param2},"Ao usar, concede [{Param1}] {Param2}.",Cheers,Pose,
8210161,{Param1} {Param2},"Ao usar, concede [{Param1}] {Param2}.",Praise,Pose,
8210171,{Param1} {Param2},"Ao usar, concede [{Param1}] {Param2}.",Haha,Pose,
8210181,{Param1} {Param2},"Ao usar, concede [{Param1}] {Param2}.",Giggle,Pose,
8210191,{Param1} {Param2},"Ao usar, concede [{Param1}] {Param2}.",Guffaw,Pose,
8210201,{Param1} {Param2},"Ao usar, concede [{Param1}] {Param2}.",Chuckle,Pose,
8210211,{Param1} {Param2},"Ao usar, concede [{Param1}] {Param2}.",Snicker,Pose,
8210221,{Param1} {Param2},"Ao usar, concede [{Param1}] {Param2}.",Show off,Pose,
8210231,{Param1} {Param2},"Ao usar, concede [{Param1}] {Param2}.",Crack knuckles,Pose,
8210241,{Param1} {Param2},"Ao usar, concede [{Param1}] {Param2}.",Provoke,Pose,
8210251,{Param1} {Param2},"Ao usar, concede [{Param1}] {Param2}.",Salute,Pose,
8210261,{Param1} {Param2},"Ao usar, concede [{Param1}] {Param2}.",Shout,Pose,
8210271,{Param1} {Param2},"Ao usar, concede [{Param1}] {Param2}.",Surrender,Pose,
8210281,{Param1} {Param2},"Ao usar, concede [{Param1}] {Param2}.",Grovel,Pose,
8210291,{Param1} {Param2},"Ao usar, concede [{Param1}] {Param2}.",Tremble,Pose,
8210301,{Param1} {Param2},"Ao usar, concede [{Param1}] {Param2}.",Cower,Pose,
8210311,{Param1} {Param2},"Ao usar, concede [{Param1}] {Param2}.",Mourn,Pose,
8210321,{Param1} {Param2},"Ao usar, concede [{Param1}] {Param2}.",Pray,Pose,
8210331,{Param1} {Param2},"Ao usar, concede [{Param1}] {Param2}.",Happy,Pose,
8210341,{Param1} {Param2},"Ao usar, concede [{Param1}] {Param2}.",Shy,Pose,
8210351,{Param1} {Param2},"Ao usar, concede [{Param1}] {Param2}.",Love,Pose,
8210361,{Param1} {Param2},"Ao usar, concede [{Param1}] {Param2}.",Dumbfounded,Pose,
8210371,{Param1} {Param2},"Ao usar, concede [{Param1}] {Param2}.",Speechless,Pose,
8210381,{Param1} {Param2},"Ao usar, concede [{Param1}] {Param2}.",Bored,Pose,
8210391,{Param1} {Param2},"Ao usar, concede [{Param1}] {Param2}.",Sob,Pose,
8210401,{Param1} {Param2},"Ao usar, concede [{Param1}] {Param2}.",Hey there,Pose,
8210411,{Param1} {Param2},"Ao usar, concede [{Param1}] {Param2}.",Raise one hand,Pose,
8210421,{Param1} {Param2},"Ao usar, concede [{Param1}] {Param2}.",Hungry,Pose,
8210431,{Param1} {Param2},"Ao usar, concede [{Param1}] {Param2}.",Look far away,Pose,
8210441,{Param1} {Param2},"Ao usar, concede [{Param1}] {Param2}.",Kneel,Pose,
8210451,{Param1} {Param2},"Ao usar, concede [{Param1}] {Param2}.",Throat slash,Pose,
8210461,{Param1} {Param2},"Ao usar, concede [{Param1}] {Param2}.",Pledge Your Heart,Pose,
9100001,{Param1} {Param2} Potion,Recupera uma quantidade muito pequena de HP.,Lowest Grade,HP,
9100002,{Param1} {Param2} Potion,Recupera uma pequena quantidade de HP.,Lesser,HP,
9100003,{Param1} {Param2} Potion,Recupera HP.,Intermediate,HP,
9100004,{Param1} {Param2} Potion,Recupera uma grande quantidade de HP.,Greater,HP,
9100009,High Potion of Life,Recupera uma quantidade muito grande de HP.,,HP,
9100011,{Param1} {Param2} Potion,Recupera {IntParam}% do MP máximo ao longo de até cinco segundos.,Lowest Grade,MP,
9100012,{Param1} {Param2} Potion,Recupera {IntParam}% do MP máximo ao longo de até cinco segundos.,Lesser,MP,
9100013,{Param1} {Param2} Potion,Recupera {IntParam}% do MP máximo ao longo de até cinco segundos.,Intermediate,MP,
9100014,{Param1} {Param2} Potion,Recupera {IntParam}% do MP máximo ao longo de até cinco segundos.,Greater,MP,
9100019,High Potion of Mana,Restaura imediatamente {IntParam}% do MP máximo.,,MP,
9100021,Elixir of Attack {Param3},Aumenta {Param2} em {IntParam} por dez minutos.,,Attack Power,I
9100022,Elixir of Attack {Param3},Aumenta {Param2} em {IntParam} por dez minutos.,,Attack Power,II
9100023,Elixir of Attack {Param3},Aumenta {Param2} em {IntParam} por dez minutos.,,Attack Power,III
9100031,Elixir of Defense {Param3},Aumenta {Param2} em {IntParam} por dez minutos.,,Defense,I
9100032,Elixir of Defense {Param3},Aumenta {Param2} em {IntParam} por dez minutos.,,Defense,II
9100033,Elixir of Defense {Param3},Aumenta {Param2} em {IntParam} por dez minutos.,,Defense,III
9100041,Elixir of Accuracy {Param3},Aumenta {Param2} em {IntParam} por dez minutos.,,Accuracy,I
9100042,Elixir of Accuracy {Param3},Aumenta {Param2} em {IntParam} por dez minutos.,,Accuracy,II
9100043,Elixir of Accuracy {Param3},Aumenta {Param2} em {IntParam} por dez minutos.,,Accuracy,III
9100051,Elixir of Evasion {Param3},Aumenta {Param2} em {IntParam} por dez minutos.,,Evasion,I
9100052,Elixir of Evasion {Param3},Aumenta {Param2} em {IntParam} por dez minutos.,,Evasion,II
9100053,Elixir of Evasion {Param3},Aumenta {Param2} em {IntParam} por dez minutos.,,Evasion,III
9100061,Elixir of HP {Param3},Aumenta {Param2} em {IntParam} por dez minutos.,,Max HP,I
9100062,Elixir of HP {Param3},Aumenta {Param2} em {IntParam} por dez minutos.,,Max HP,II
9100063,Elixir of HP {Param3},Aumenta {Param2} em {IntParam} por dez minutos.,,Max HP,III
9100071,Elixir of Onslaught {Param3},Aumenta {Param2} em {IntParam}% por dez minutos.,,Accuracy Rate against Players,I
9100072,Elixir of Onslaught {Param3},Aumenta {Param2} em {IntParam}% por dez minutos.,,Accuracy Rate against Players,II
9100073,Elixir of Onslaught {Param3},Aumenta {Param2} em {IntParam}% por dez minutos.,,Accuracy Rate against Players,III
9100091,Elixir of Control Resistance {Param3},Aumenta {Param2} em {IntParam}% por dez minutos.,,Crowd Control Resistance,I
9100092,Elixir of Control Resistance {Param3},Aumenta {Param2} em {IntParam}% por dez minutos.,,Crowd Control Resistance,II
9100093,Elixir of Control Resistance {Param3},Aumenta {Param2} em {IntParam}% por dez minutos.,,Crowd Control Resistance,III
9100101,Elixir of Hero {Param3},Aumenta {Param2} em {IntParam}% por dez minutos.,,Damage against Bosses,I
9100102,Elixir of Hero {Param3},Aumenta {Param2} em {IntParam}% por dez minutos.,,Damage against Bosses,II
9100103,Elixir of Hero {Param3},Aumenta {Param2} em {IntParam}% por dez minutos.,,Damage against Bosses,III
9100111,Elixir of Slaughter {Param3},Aumenta {Param2} em {IntParam}% por dez minutos.,,Damage against Players,I
9100112,Elixir of Slaughter {Param3},Aumenta {Param2} em {IntParam}% por dez minutos.,,Damage against Players,II
9100113,Elixir of Slaughter {Param3},Aumenta {Param2} em {IntParam}% por dez minutos.,,Damage against Players,III
9100121,Elixir of Growth {Param3},Aumenta {Param2} em {IntParam}% por dez minutos. Não se aplica em Abyss Battlefield.,,EXP Gain from Defeating Monsters,I
9100122,Elixir of Growth {Param3},Aumenta {Param2} em {IntParam}% por dez minutos. Não se aplica em Abyss Battlefield.,,EXP Gain from Defeating Monsters,II
9100123,Elixir of Growth {Param3},Aumenta {Param2} em {IntParam}% por dez minutos. Não se aplica em Abyss Battlefield.,,EXP Gain from Defeating Monsters,III
9100141,Abyss Elixir of Growth {Param3},Aumenta {Param2} em {IntParam}% por dez minutos. Só funciona em Abyssal Battlefield.,,EXP Gain from Defeating Monsters,I
9100151,Elixir of Erosion {Param3},Aumenta {Param2} em {IntParam}% por dez minutos.,,Erosion Resistance Rate,I
9100152,Elixir of Erosion {Param3},Aumenta {Param2} em {IntParam}% por dez minutos.,,Erosion Resistance Rate,II
9100153,Elixir of Erosion {Param3},Aumenta {Param2} em {IntParam}% por dez minutos.,,Erosion Resistance Rate,III
9110001,Baba Bread,"Pão feito de Baba desintoxicada e pó especial, com sabor de Baba Liquor. Reduz o dano recebido de monstros em 5% por dez minutos.",,,
9110002,Baba Crackers,"Lanche doce de Baba fermentada, seco ao sol e assado, apreciado pelos Narurus. Aumenta velocidade de ataque em 5% por dez minutos.",,,
9110003,Baba Liquor,"Bebida forte de Baba, fermentada por cem noites em Sunset Brewery segundo a receita de Isinu. Aumenta a experiência de monstros em 5% por dez minutos.",,,
9110004,Halo Bread,Pão do Halo Festival de Verzard Outpost. Reduz dano recebido de monstros em 5% e de jogadores em 7% por dez minutos.,,,
9110005,Star Halo Cookie,Biscoito em forma de estrela do Halo Festival. Aumenta velocidade de ataque em 5% por dez minutos.,,,
9110006,Moon Halo Wine,"Vinho de Verzard Outpost, associado à luz da lua. Aumenta a experiência de monstros em 5% por dez minutos.",,,
9110007,{Param1} Festival Cake,Bolo de 200 camadas comemorativo dos 200 dias. Aumenta velocidades de ataque e conjuração em 5% por dez minutos.,200 Days,,
9110008,{Param1} Aged Wine,Vinho envelhecido por duzentos dias. Aumenta a experiência de monstros em 5% por dez minutos.,200 Days,,
9110009,Crusty Bread,Reduz dano recebido de monstros em 5% e de jogadores em 7% por dez minutos.,,,
9110010,Halved Potato,Aumenta velocidade de ataque em 5% por dez minutos.,,,
9110011,Cup of Black Tea,Aumenta a experiência obtida com monstros em 5% por dez minutos.,,,
9110012,Bubble Tea,Aumenta velocidades de ataque e conjuração em 5% por dez minutos.,,,
9110013,Dòuhuā Tofu Pudding,Aumenta {Param2} em 5% por dez minutos. Não funciona nos campos de Arena.,,EXP Gain from Defeating Monsters,
9110020,Maelstrom Horn Delicacy,Por {intParam} minutos: aumenta {Param1} em 50 e {Param2} em 3%; reduz {Param3} em 5%.,Attack Power against Monsters,Critical Hit Chance against monsters,Dano recebido de monstros
9110021,Golden Crisp Kubaba Drumstick,"Por {intParam} minutos, aumenta {Param1} em 50 e {Param2} em 3%.",Accuracy against Players,Movement Speed,
9110022,Thinly Sliced Seasonal Dish,"Por {intParam} minutos, aumenta {Param1} em 30, {Param2} em 3% e {Param3} em 5%.",Critical Hit,Shield Increase Rate,Compartilhado Taxa de aumento de cura de HP
9110023,Baba Liquor Aged Fin Soup,"Por {intParam} minutos, aumenta {Param1} e {Param2} em 3%, e {Param3} em 5%.",Attack Speed,HP Potion Healing Amount,Cura recebida
9110024,Super Spicy Seasoned Vegetable,Por {intParam} minutos: aumenta {Param1} em 50 e {Param2} em 3%; reduz {Param3} em 5%.,Attack Power against Players,Critical Hit Resistance Rate against Players,Dano crítico causado aos jogadores
9110025,Light Picnic Snack,"Por {intParam} minutos, aumenta {Param1} e {Param2} em 5%.",Maximization Chance,Gold obtained from defeating monsters,
3010001,Anima Element,Material obtido ao desmontar {Param1} de {IntParam}★ ou mais. Usado em {Param2}.,Equipment,Awakening,
3010002,Anima Essence,Material obtido ao desmontar {Param1} de {IntParam}★ ou mais. Usado em {Param2}.,Equipment,Awakening,
3010003,Anima Core,Material obtido ao desmontar {Param1} de {IntParam}★ ou mais. Usado em {Param2}.,Equipment,Awakening,
3010501,Crystal of Authority,"Material obtido ao desmontar {Param1}, usado em {Param2}.",Powerstone,Crest Level Up,
3100101,Istarium,Material necessário para {Param2}.,,Craft Equipment,
3100201,{Param1} Mineral,Material necessário para {Param2}.,Damaged,Weapon Crafting,
3100202,{Param1} Mineral,Material necessário para {Param2}.,Intact,Weapon Crafting,
3100203,{Param1} Mineral,Material necessário para {Param2}.,Honed,Weapon Crafting,
3100204,{Param1} Mineral,Material necessário para {Param2}.,Polished,Weapon Crafting,
3100205,{Param1} Mineral,Material necessário para {Param2}.,Shining,Weapon Crafting,
3100301,{Param1} Fiber,Material necessário para {Param2}.,Damaged,Armor Crafting,
3100302,{Param1} Fiber,Material necessário para {Param2}.,Intact,Armor Crafting,
3100303,{Param1} Fiber,Material necessário para {Param2}.,Honed,Armor Crafting,
3100304,{Param1} Fiber,Material necessário para {Param2}.,Polished,Armor Crafting,
3100305,{Param1} Fiber,Material necessário para {Param2}.,Shining,Armor Crafting,
3100401,{Param1} Gem,Material necessário para {Param2}.,Damaged,Accessory Crafting,
3100402,{Param1} Gem,Material necessário para {Param2}.,Intact,Accessory Crafting,
3100403,{Param1} Gem,Material necessário para {Param2}.,Honed,Accessory Crafting,
3100404,{Param1} Gem,Material necessário para {Param2}.,Polished,Accessory Crafting,
3100405,{Param1} Gem,Material necessário para {Param2}.,Shining,Accessory Crafting,
3101001,{Param1} Ore,Material avançado necessário para {Param2}.,Etherium,Craft Equipment,
3101002,{Param1} Ingot,Material avançado necessário para {Param2}.,Etherium,Craft Equipment,
3101011,{Param1} Ore,Material avançado necessário para {Param2}.,Mithril,Craft Equipment,
3101012,{Param1} Ingot,Material avançado necessário para {Param2}.,Mithril,Craft Equipment,
3101021,{Param1} Ingot,Material avançado necessário para {Param2}.,Adamantine,Craft Equipment,
3101100,Master’s Arcane Manuscript,Transforma um projeto intermediário de 3★ em um de 4★.,,,
3101201,Artisan’s Essence : {Param2},Essência rara de monstros poderosos. Usada para fabricar {Param2} de {IntParam}★.,,Weapon,
3101202,Artisan’s Essence : {Param2},Essência rara de monstros poderosos. Usada para fabricar {Param2} de {IntParam}★.,,Armor,
3101203,Artisan’s Essence : {Param2},Essência rara de monstros poderosos. Usada para fabricar {Param2} de {IntParam}★.,,Accessory,
3101211,Advanced Artisan’s Essence: {Param2},Essência rara extraída de {Param3} de {IntParam}★.,Greater,Weapon,Projeto de Arma Menor
3101212,Advanced Artisan’s Essence: {Param2},Essência rara extraída de {Param3} de {IntParam}★.,Greater,Armor,Projeto de armadura menor
3101213,Advanced Artisan’s Essence: {Param2},Essência rara extraída de {Param3} de {IntParam}★.,Greater,Accessory,Projeto de acessório menor
3103010,{IntParam}-Star {Param1} {Param2} Blueprint,Projeto necessário para fabricar {Param2}.,Lesser,Weapon,
3103020,{IntParam}-Star {Param1} {Param2} Blueprint,Projeto necessário para fabricar {Param2}.,Intermediate,Weapon,
3104050,{IntParam}-Star {Param1} {Param2} Blueprint,Projeto necessário para fabricar {Param2}.,Lowest Grade,Weapon,
3104010,{IntParam}-Star {Param1} {Param2} Blueprint,Projeto necessário para fabricar {Param2}.,Lesser,Weapon,
3104020,{IntParam}-Star {Param1} {Param2} Blueprint,Projeto necessário para fabricar {Param2}.,Intermediate,Weapon,
3104030,{IntParam}-Star {Param1} {Param2} Blueprint,Projeto necessário para fabricar {Param2}.,Greater,Weapon,
3104040,{IntParam}-Star {Param1} {Param2} Blueprint,Projeto necessário para fabricar {Param2}.,Supreme,Weapon,
3105010,{IntParam}-Star {Param1} {Param2} Blueprint,Projeto necessário para fabricar {Param2}.,Lesser,Weapon,
3105020,{IntParam}-Star {Param1} {Param2} Blueprint,Projeto necessário para fabricar {Param2}.,Intermediate,Weapon,
3103110,{IntParam}-Star {Param1} {Param2} Blueprint,Projeto necessário para fabricar {Param2}.,Lesser,Armor,
3103120,{IntParam}-Star {Param1} {Param2} Blueprint,Projeto necessário para fabricar {Param2}.,Intermediate,Armor,
3104150,{IntParam}-Star {Param1} {Param2} Blueprint,Projeto necessário para fabricar {Param2}.,Lowest Grade,Armor,
3104110,{IntParam}-Star {Param1} {Param2} Blueprint,Projeto necessário para fabricar {Param2}.,Lesser,Armor,
3104120,{IntParam}-Star {Param1} {Param2} Blueprint,Projeto necessário para fabricar {Param2}.,Intermediate,Armor,
3104130,{IntParam}-Star {Param1} {Param2} Blueprint,Projeto necessário para fabricar {Param2}.,Greater,Armor,
3104140,{IntParam}-Star {Param1} {Param2} Blueprint,Projeto necessário para fabricar {Param2}.,Supreme,Armor,
3105110,{IntParam}-Star {Param1} {Param2} Blueprint,Projeto necessário para fabricar {Param2}.,Lesser,Armor,
3105120,{IntParam}-Star {Param1} {Param2} Blueprint,Projeto necessário para fabricar {Param2}.,Intermediate,Armor,
3103210,{IntParam}-Star {Param1} {Param2} Blueprint,Projeto necessário para fabricar {Param2}.,Lesser,Accessory,
3103220,{IntParam}-Star {Param1} {Param2} Blueprint,Projeto necessário para fabricar {Param2}.,Intermediate,Accessory,
3104250,{IntParam}-Star {Param1} {Param2} Blueprint,Projeto necessário para fabricar {Param2}.,Lowest Grade,Accessory,
3104210,{IntParam}-Star {Param1} {Param2} Blueprint,Projeto necessário para fabricar {Param2}.,Lesser,Accessory,
3104220,{IntParam}-Star {Param1} {Param2} Blueprint,Projeto necessário para fabricar {Param2}.,Intermediate,Accessory,
3104230,{IntParam}-Star {Param1} {Param2} Blueprint,Projeto necessário para fabricar {Param2}.,Greater,Accessory,
3104240,{IntParam}-Star {Param1} {Param2} Blueprint,Projeto necessário para fabricar {Param2}.,Supreme,Accessory,
3105210,{IntParam}-Star {Param1} {Param2} Blueprint,Projeto necessário para fabricar {Param2}.,Lesser,Accessory,
3105220,{IntParam}-Star {Param1} {Param2} Blueprint,Projeto necessário para fabricar {Param2}.,Intermediate,Accessory,
3103011,{IntParam}-Star {Param1} {Param2} Blueprint Fragment,Projeto necessário para fabricar {Param2}.,Lesser,Weapon,
3103012,{IntParam}-Star {Param1} {Param2} Blueprint Fragment,Combine fragmentos para fabricar um projeto de {IntParam}★ para {Param1} {Param2}.,Intermediate,Weapon,
3104012,{IntParam}-Star {Param1} {Param2} Blueprint Fragment,Combine fragmentos para fabricar um projeto de {IntParam}★ para {Param1} {Param2}.,Lowest Grade,Weapon,
3104011,{IntParam}-Star {Param1} {Param2} Blueprint Fragment,Combine fragmentos para fabricar um projeto de {IntParam}★ para {Param1} {Param2}.,Lesser,Weapon,
3104013,{IntParam}-Star {Param1} {Param2} Blueprint Fragment,Combine fragmentos para fabricar um projeto de {IntParam}★ para {Param1} {Param2}.,Intermediate,Weapon,
3104014,{IntParam}-Star {Param1} {Param2} Blueprint Fragment,Combine fragmentos para fabricar um projeto de {IntParam}★ para {Param1} {Param2}.,Greater,Weapon,
3104015,{IntParam}-Star {Param1} {Param2} Blueprint Fragment,Combine fragmentos para fabricar um projeto de {IntParam}★ para {Param1} {Param2}.,Supreme,Weapon,
3105011,{IntParam}-Star {Param1} {Param2} Blueprint Fragment,Combine fragmentos para fabricar um projeto de {IntParam}★ para {Param1} {Param2}.,Lesser,Weapon,
3103111,{IntParam}-Star {Param1} {Param2} Blueprint Fragment,Combine fragmentos para fabricar um projeto de {IntParam}★ para {Param1} {Param2}.,Lesser,Armor,
3103112,{IntParam}-Star {Param1} {Param2} Blueprint Fragment,Combine fragmentos para fabricar um projeto de {IntParam}★ para {Param1} {Param2}.,Intermediate,Armor,
3104112,{IntParam}-Star {Param1} {Param2} Blueprint Fragment,Combine fragmentos para fabricar um projeto de {IntParam}★ para {Param1} {Param2}.,Lowest Grade,Armor,
3104111,{IntParam}-Star {Param1} {Param2} Blueprint Fragment,Combine fragmentos para fabricar um projeto de {IntParam}★ para {Param1} {Param2}.,Lesser,Armor,
3104113,{IntParam}-Star {Param1} {Param2} Blueprint Fragment,Combine fragmentos para fabricar um projeto de {IntParam}★ para {Param1} {Param2}.,Intermediate,Armor,
3104114,{IntParam}-Star {Param1} {Param2} Blueprint Fragment,Combine fragmentos para fabricar um projeto de {IntParam}★ para {Param1} {Param2}.,Greater,Armor,
3104115,{IntParam}-Star {Param1} {Param2} Blueprint Fragment,Combine fragmentos para fabricar um projeto de {IntParam}★ para {Param1} {Param2}.,Supreme,Armor,
3105111,{IntParam}-Star {Param1} {Param2} Blueprint Fragment,Combine fragmentos para fabricar um projeto de {IntParam}★ para {Param1} {Param2}.,Lesser,Armor,
3103211,{IntParam}-Star {Param1} {Param2} Blueprint Fragment,Combine fragmentos para fabricar um projeto de {IntParam}★ para {Param1} {Param2}.,Lesser,Accessory,
3103212,{IntParam}-Star {Param1} {Param2} Blueprint Fragment,Combine fragmentos para fabricar um projeto de {IntParam}★ para {Param1} {Param2}.,Intermediate,Accessory,
3104212,{IntParam}-Star {Param1} {Param2} Blueprint Fragment,Combine fragmentos para fabricar um projeto de {IntParam}★ para {Param1} {Param2}.,Lowest Grade,Accessory,
3104211,{IntParam}-Star {Param1} {Param2} Blueprint Fragment,Combine fragmentos para fabricar um projeto de {IntParam}★ para {Param1} {Param2}.,Lesser,Accessory,
3104213,{IntParam}-Star {Param1} {Param2} Blueprint Fragment,Combine fragmentos para fabricar um projeto de {IntParam}★ para {Param1} {Param2}.,Intermediate,Accessory,
3104214,{IntParam}-Star {Param1} {Param2} Blueprint Fragment,Combine fragmentos para fabricar um projeto de {IntParam}★ para {Param1} {Param2}.,Greater,Accessory,
3104215,{IntParam}-Star {Param1} {Param2} Blueprint Fragment,Combine fragmentos para fabricar um projeto de {IntParam}★ para {Param1} {Param2}.,Supreme,Accessory,
3105211,{IntParam}-Star {Param1} {Param2} Blueprint Fragment,Combine fragmentos para fabricar um projeto de {IntParam}★ para {Param1} {Param2}.,Lesser,Accessory,
3104001,Empty Bottle,Material necessário para {Param2} {Param3}.,,Elixir,Artesanato
3104002,Bermor Root,Material necessário para {Param2} {Param3}.,,HP Elixir II,Artesanato
3104003,Moon Pumpkin Seed,Material necessário para {Param2} {Param3}.,,Control Resistance Elixir II,Artesanato
3104004,Golden Thorn Stem,Material necessário para {Param2} {Param3}.,,Hero’s Elixir II,Artesanato
3104005,Doom Scent Petal,Material necessário para {Param2} {Param3}.,,Slayer's Elixir II,Artesanato
3104006,{Param1} Tesseract Shard,Material necessário para {Param2} {Param3} de {IntParam}★.,Lesser,Artificial Tesseract,Artesanato
3104007,{Param1} Tesseract Shard,Material necessário para {Param2} {Param3} de {IntParam}★.,Intermediate,Artificial Tesseract,Artesanato
3104008,{Param1} Tesseract Shard,Material necessário para {Param2} {Param3} de {IntParam}★.,Greater,Artificial Tesseract,Artesanato
3106001,Magic-Imbued Stone Tablet,Material necessário para {Param2}{Param3}.,,Explorer’s Spellstone Chest,Artesanato
3106002,Source of Magic,Material necessário para {Param2}{Param3}.,,Glimmering Spellfused Chest,Artesanato
3106011,{Param1} Spellstone Fragment,Material necessário para {Param2}{Param3}.,Lesser,Spellstone Chest,Artesanato
3106012,{Param1} Spellstone Fragment,Material necessário para {Param2}{Param3}.,Intermediate,Spellstone Chest,Artesanato
3107001,Dimension Stone Core,"Material de Grand Incursion, usado para fabricar diversos baús de recompensa.",,,
3107002,Advanced Dimension Stone Core,"Material valioso de Grand Incursion, usado para fabricar diversos baús de recompensa.",,,
3108001,Cursed Vending Machine Chest,"Material encontrado em Barrier of Time Dungeon, usado para fabricar Vending Machine Chest.",,,
3108002,Corrosive Liquid of Oblivion,"Material encontrado em Barrier of Time Dungeon, usado para fabricar Vending Machine Chest.",,,
3200001,{Param2} Recipe,Usado para fabricar {Param2}. Obtido ao atingir determinada afinidade com {Param1} Guild.,Blacksmith,Weapon Enhancement Stone,
3200002,{Param2} Recipe,Usado para fabricar {Param2}. Obtido ao atingir determinada afinidade com {Param1} Guild.,Blacksmith,Armor Enhancement Stone,
3200003,{Param2} Recipe,Usado para fabricar {Param2}. Obtido ao atingir determinada afinidade com {Param1} Guild.,Artisan,Accessory Enhancement Stone,
3200007,{Param2} Recipe,Usado para fabricar {Param2}. Obtido ao atingir determinada afinidade com {Param1} Guild.,Hunter,HP Elixir II,
3200008,{Param2} Recipe,Usado para fabricar {Param2}. Obtido ao atingir determinada afinidade com {Param1} Guild.,Hunter,Control Resistance Elixir II,
3200009,{Param2} Recipe,Usado para fabricar {Param2}. Obtido ao atingir determinada afinidade com {Param1} Guild.,Hunter,Hero’s Elixir II,
3200010,{Param2} Recipe,Usado para fabricar {Param2}. Obtido ao atingir determinada afinidade com {Param1} Guild.,Hunter,Slayer's Elixir II,
3200101,Explorer’s Lesser Spellstone Chest Recipe,Usado para fabricar {Param2}. Obtido ao atingir determinada afinidade com {Param1} Guild.,Explorer,Explorer’s Basic Spellstone Chest,
3200102,Explorer’s Intermediate Spellstone Chest Recipe,Usado para fabricar {Param2}. Obtido ao atingir determinada afinidade com {Param1} Guild.,Explorer,Explorer’s Intermediate Spellstone Chest,
3200103,Explorer’s Advanced Spellstone Chest Recipe,Usado para fabricar {Param2}. Obtido ao atingir determinada afinidade com {Param1} Guild.,Explorer,Explorer’s Advanced Spellstone Chest,
3200201,Tier {Param3} {Param2} Chest Recipe,Fabrica Tier {Param3} {Param2} Chest. Obtido em Trophy ao avançar {Param2} pela primeira vez ao tier {IntParam}.,,Relic of Subjugation,1~6
3200202,Tier {Param3} {Param2} Chest Recipe,Fabrica Tier {Param3} {Param2} Chest. Obtido em Trophy ao avançar {Param2} pela primeira vez ao tier {IntParam}.,,Relic of Subjugation,4~9
3200203,Tier {Param3} {Param2} Chest Recipe,Fabrica Tier {Param3} {Param2} Chest. Obtido em Trophy ao avançar {Param2} pela primeira vez ao tier {IntParam}.,,Relic of Subjugation,7~12
3200204,Tier {Param3} {Param2} Chest Recipe,Fabrica Tier {Param3} {Param2} Chest. Obtido em Trophy ao avançar {Param2} pela primeira vez ao tier {IntParam}.,,Relic of Loyalty,1~6
3200205,Tier {Param3} {Param2} Chest Recipe,Fabrica Tier {Param3} {Param2} Chest. Obtido em Trophy ao avançar {Param2} pela primeira vez ao tier {IntParam}.,,Relic of Loyalty,4~9
3200206,Tier {Param3} {Param2} Chest Recipe,Fabrica Tier {Param3} {Param2} Chest. Obtido em Trophy ao avançar {Param2} pela primeira vez ao tier {IntParam}.,,Relic of Loyalty,7~12
3201001,{Param2} Crafting Certificate,Aumenta em {IntParam} o limite diário da receita {Param2}. Obtido ao atingir determinada reputação com {Param1} Guild.,Blacksmith,Weapon Enhancement Stone,
3201002,{Param2} Crafting Certificate,Aumenta em {IntParam} o limite diário da receita {Param2}. Obtido ao atingir determinada reputação com {Param1} Guild.,Blacksmith,Armor Enhancement Stone,
3201003,{Param2} Crafting Certificate,Aumenta em {IntParam} o limite diário da receita {Param2}. Obtido ao atingir determinada reputação com {Param1} Guild.,Artisan,Accessory Enhancement Stone,
3201004,{Param2} Crafting Certificate,Aumenta a quantidade máxima de fabricação da receita {Param2}.,,HP Elixir II,
3201005,{Param2} Crafting Certificate,Aumenta a quantidade máxima de fabricação da receita {Param2}.,,Control Resistance Elixir II,
3201006,{Param2} Crafting Certificate,Aumenta a quantidade máxima de fabricação da receita {Param2}.,,Hero’s Elixir II,
3201007,{Param2} Crafting Certificate,Aumenta a quantidade máxima de fabricação da receita {Param2}.,,Slayer's Elixir II,
3201011,{Param1} {Param2} Chest Recipe,Usado para fabricar {Param1} Card Chest. O projeto é obtido em Event Staff’s Requests durante Halo Festival.,White Veil of the Sky,Card,
3201012,{Param1} {Param2} Chest Recipe,Usado para fabricar {Param1} Card Chest. O projeto é obtido em Event Staff’s Requests durante Halo Festival.,Sweet Halo Festival,Card,
3201013,{Param1} {Param2} Chest Recipe,Usado para fabricar {Param1} Card Chest. O projeto é obtido em Event Staff’s Requests durante Halo Festival.,Radiant Snowflake,Card,
3201014,{Param1} {Param2} Chest Recipe,Usado para fabricar {Param1} Card Chest. O projeto é obtido em Event Staff’s Requests durante Halo Festival.,Token of Devotion,Card,
3201015,{Param1} Chest Recipe,Fabrica {Param1} Chest. O projeto vem de Event Staff’s Requests durante Halo Festival.,Promise of Eternal Friendship,,
3201016,{Param1} Chest Recipe,Fabrica {Param1} Chest. O projeto vem de Event Staff’s Requests durante Halo Festival.,Great Hero’s Legacy,,
7500500,Authority Eraser Material,Reinicia o nível do Crest. Esta descrição interna informa devolução de todos os recursos; confira a quantidade mostrada na confirmação do jogo.,,,
8600101,Talim Score,Concede Collection Points.,,,
8600200,The Vitalizing Sanctum,"Em áreas de caça com Sanctuary gravado, concede ao dono e ao clã: mais experiência, Gold e chance de maximização, além de menor custo de MP.",,,
8600300,Guardian’s Blessing,"Perto do Guardian, aplica aos integrantes do clã e aliados: mais precisão e evasão contra monstros, maior redução de dano de ataques básicos e críticos de monstros, e bônus de Gold.",,,
8600401,Star-Carved Key of Challenge,Usado para concluir missões de Trial Gate.,,,
8600402,Star-Carved Key of Ethereal,Usado para concluir missões de Ethereal Sanctum.,,,
4000001,Stardust,Material para aumentar o nível de cartas de Grace of the Constellations.,,,
4000101,{IntParam}-Star Heart of the Star,Material necessário para {Param1} {Param2} de {IntParam}★.,Grace of the Constellations Card,Transcend,
4000102,{IntParam}-Star Heart of the Star,Material necessário para {Param1} {Param2} de {IntParam}★.,Grace of the Constellations Card,Transcend,
4000103,{IntParam}-Star Heart of the Star,Material necessário para {Param1} {Param2} de {IntParam}★.,Grace of the Constellations Card,Transcend,
4000104,{IntParam}-Star Heart of the Star,Material necessário para {Param1} {Param2} de {IntParam}★.,Grace of the Constellations Card,Transcend,
4000105,{IntParam}-Star Heart of the Star,Material necessário para {Param1} {Param2} de {IntParam}★.,Grace of the Constellations Card,Transcend,
4000106,{IntParam}-Star Heart of the Star,Material necessário para {Param1} {Param2} de {IntParam}★.,Grace of the Constellations Card,Transcend,
4000111,{IntParam}-Star Warm Heart of the Star,Material de {IntParam}★ para {Param1} {Param2} de Halo Festival.,Grace of the Constellations Card,Transcend,
4000112,{IntParam}-Star Warm Heart of the Star,Material de {IntParam}★ para {Param1} {Param2} de Halo Festival.,Grace of the Constellations Card,Transcend,
4000113,{IntParam}-Star Warm Heart of the Star,Material de {IntParam}★ para {Param1} {Param2} de Halo Festival.,Grace of the Constellations Card,Transcend,
4000114,{IntParam}-Star Warm Heart of the Star,Material de {IntParam}★ para {Param1} {Param2} de Halo Festival.,Grace of the Constellations Card,Transcend,
11010011,{Param1} Sword,{Param3} usado pela classe {Param2}.,Rusty,Warrior,Arma
11010021,{Param1} Sword,{Param3} usado pela classe {Param2}.,Fallen One’s,Warrior,Arma
11010031,{Param1} Sword,{Param3} usado pela classe {Param2}.,Crude,Warrior,Arma
11010041,{Param1} Sword,{Param3} usado pela classe {Param2}.,Outlaw’s,Warrior,Arma
11010051,{Param1} Sword,{Param3} usado pela classe {Param2}.,Training,Warrior,Arma
11010061,{Param1} Sword,{Param3} usado pela classe {Param2}.,Adventurer’s,Warrior,Arma
11010071,{Param1} Sword,{Param3} usado pela classe {Param2}.,Soldier’s,Warrior,Arma
11010081,{Param1} Sword,{Param3} usado pela classe {Param2}.,Mercenary’s,Warrior,Arma
11010091,{Param1} Sword,{Param3} usado pela classe {Param2}.,Ornament,Warrior,Arma
11010101,{Param1} Sword,{Param3} usado pela classe {Param2}.,Cursed,Warrior,Arma
11010111,{Param1} Sword,{Param3} usado pela classe {Param2}.,Balanced,Warrior,Arma
11010121,{Param1} Sword,{Param3} usado pela classe {Param2}.,Worn,Warrior,Arma
11010131,{Param1} Sword,{Param3} usado pela classe {Param2}.,Corroded,Warrior,Arma
11010141,{Param1} Sword,{Param3} usado pela classe {Param2}.,Apprentice’s,Warrior,Arma
11010151,{Param1} Sword,{Param3} usado pela classe {Param2}.,Wanderer’s,Warrior,Arma
11010161,{Param1} Sword,{Param3} usado pela classe {Param2}.,Heretic’s,Warrior,Arma
11010171,{Param1} Sword,{Param3} usado pela classe {Param2}.,Fighter’s,Warrior,Arma
11010012,{Param1} Sword,{Param3} usado pela classe {Param2}.,Bandit’s,Warrior,Arma
11010022,{Param1} Sword,{Param3} usado pela classe {Param2}.,Greedy,Warrior,Arma
11010032,{Param1} Sword,{Param3} usado pela classe {Param2}.,Monster Hunter,Warrior,Arma
11010042,{Param1} Sword,{Param3} usado pela classe {Param2}.,Slaughter’s,Warrior,Arma
11010052,{Param1} Sword,{Param3} usado pela classe {Param2}.,Warrior’s,Warrior,Arma
11010062,{Param1} Sword,{Param3} usado pela classe {Param2}.,Single-Strike,Warrior,Arma
11010072,{Param1} Sword,{Param3} usado pela classe {Param2}.,Rebel’s,Warrior,Arma
11010082,{Param1} Sword,{Param3} usado pela classe {Param2}.,Master’s,Warrior,Arma
11010092,{Param1} Sword,{Param3} usado pela classe {Param2}.,Enchanted,Warrior,Arma
11010102,{Param1} Sword,{Param3} usado pela classe {Param2}.,Commander’s,Warrior,Arma
11010112,{Param1} Sword,{Param3} usado pela classe {Param2}.,Pulverizing,Warrior,Arma
11010122,{Param1} Sword,{Param3} usado pela classe {Param2}.,Old,Warrior,Arma
11010132,{Param1} Sword,{Param3} usado pela classe {Param2}.,Guard’s,Warrior,Arma
11010142,{Param1} Sword,{Param3} usado pela classe {Param2}.,Delicate,Warrior,Arma
11010152,{Param1} Sword,{Param3} usado pela classe {Param2}.,Noticeable,Warrior,Arma
11010162,{Param1} Sword,{Param3} usado pela classe {Param2}.,Reinforced,Warrior,Arma
11010172,{Param1} Sword,{Param3} usado pela classe {Param2}.,Artificial,Warrior,Arma
11010013,{Param1} Sword,{Param3} usado pela classe {Param2}.,Illusory,Warrior,Arma
11010023,{Param1} Sword,{Param3} usado pela classe {Param2}.,Prophet’s,Warrior,Arma
11010033,{Param1} Sword,{Param3} usado pela classe {Param2}.,Authoritative,Warrior,Arma
11010043,{Param1} Sword,{Param3} usado pela classe {Param2}.,Noble’s,Warrior,Arma
11010053,{Param1} Sword,{Param3} usado pela classe {Param2}.,Executor’s,Warrior,Arma
11010063,{Param1} Sword,{Param3} usado pela classe {Param2}.,Judgment,Warrior,Arma
11010073,{Param1} Sword,{Param3} usado pela classe {Param2}.,Lord’s,Warrior,Arma
11010083,{Param1} Sword,{Param3} usado pela classe {Param2}.,Exile’s,Warrior,Arma
11010093,{Param1} Sword,{Param3} usado pela classe {Param2}.,Dawn,Warrior,Arma
11010103,{Param1} Sword,{Param3} usado pela classe {Param2}.,Blue Sky,Warrior,Arma
11010113,{Param1} Sword,{Param3} usado pela classe {Param2}.,Twilight,Warrior,Arma
11010123,{Param1} Sword,{Param3} usado pela classe {Param2}.,Night,Warrior,Arma
11010133,{Param1} Sword,{Param3} usado pela classe {Param2}.,Mist,Warrior,Arma
11010143,{Param1} Sword,{Param3} usado pela classe {Param2}.,Harvest,Warrior,Arma
11010153,{Param1} Sword,{Param3} usado pela classe {Param2}.,Frost,Warrior,Arma
11010163,{Param1} Sword,{Param3} usado pela classe {Param2}.,Silent,Warrior,Arma
11010173,{Param1} Sword,{Param3} usado pela classe {Param2}.,Of Oblivion,Warrior,Arma
11010183,{Param1} Sword,{Param3} usado pela classe {Param2}.,Knight’s,Warrior,Arma
11010193,{Param1} Sword,{Param3} usado pela classe {Param2}.,Confident,Warrior,Arma
11010203,{Param1} Sword,{Param3} usado pela classe {Param2}.,Beast’s,Warrior,Arma
11010213,{Param1} Sword,{Param3} usado pela classe {Param2}.,of Steel,Warrior,Arma
11010223,{Param1} Sword,{Param3} usado pela classe {Param2}.,Antique,Warrior,Arma
11010233,{Param1} Sword,{Param3} usado pela classe {Param2}.,of Ascension,Warrior,Arma
11010243,{Param1} Sword,{Param3} usado pela classe {Param2}.,of Ominous,Warrior,Arma
11010253,{Param1} Sword,{Param3} usado pela classe {Param2}.,Old Kingdom’s,Warrior,Arma
11010014,{Param1} Sword,{Param3} usado pela classe {Param2}.,Slayer’s,Warrior,Arma
11010024,{Param1} Sword,{Param3} usado pela classe {Param2}.,Anguishing,Warrior,Arma
11010034,{Param1} Sword,{Param3} usado pela classe {Param2}.,Destroyer’s,Warrior,Arma
11010044,{Param1} Sword,{Param3} usado pela classe {Param2}.,Nightmare,Warrior,Arma
11010054,{Param1} Sword,{Param3} usado pela classe {Param2}.,Tyrant’s,Warrior,Arma
11010064,{Param1} Sword,{Param3} usado pela classe {Param2}.,High General’s,Warrior,Arma
11010074,{Param1} Sword,{Param3} usado pela classe {Param2}.,Priest’s,Warrior,Arma
11010084,{Param1} Sword,{Param3} usado pela classe {Param2}.,Glorious,Warrior,Arma
11010094,{Param1} Sword,{Param3} usado pela classe {Param2}.,Ruler’s,Warrior,Arma
11010104,{Param1} Sword,{Param3} usado pela classe {Param2}.,Shadow,Warrior,Arma
11010015,{Param1} Sword,{Param3} usado pela classe {Param2}.,Ancient,Warrior,Arma
11010025,{Param1} Sword,{Param3} usado pela classe {Param2}.,Gudua’s,Warrior,Arma
11010035,{Param1} Sword,{Param3} usado pela classe {Param2}.,of Frost,Warrior,Arma
11010016,{Param1} Sword,{Param3} usado pela classe {Param2}.,The Absolute’s,Warrior,Arma
12020011,{Param1} Staff,{Param3} usado pela classe {Param2}.,Curved,Mage,Arma
12020021,{Param1} Staff,{Param3} usado pela classe {Param2}.,Fallen One’s,Mage,Arma
12020031,{Param1} Staff,{Param3} usado pela classe {Param2}.,Crude,Mage,Arma
12020041,{Param1} Staff,{Param3} usado pela classe {Param2}.,Outlaw’s,Mage,Arma
12020051,{Param1} Staff,{Param3} usado pela classe {Param2}.,Training,Mage,Arma
12020061,{Param1} Staff,{Param3} usado pela classe {Param2}.,Adventurer’s,Mage,Arma
12020071,{Param1} Staff,{Param3} usado pela classe {Param2}.,Soldier’s,Mage,Arma
12020081,{Param1} Staff,{Param3} usado pela classe {Param2}.,Mercenary’s,Mage,Arma
12020091,{Param1} Staff,{Param3} usado pela classe {Param2}.,Ornament,Mage,Arma
12020101,{Param1} Staff,{Param3} usado pela classe {Param2}.,Cursed,Mage,Arma
12020111,{Param1} Staff,{Param3} usado pela classe {Param2}.,Balanced,Mage,Arma
12020121,{Param1} Staff,{Param3} usado pela classe {Param2}.,Worn,Mage,Arma
12020131,{Param1} Staff,{Param3} usado pela classe {Param2}.,Corroded,Mage,Arma
12020141,{Param1} Staff,{Param3} usado pela classe {Param2}.,Apprentice’s,Mage,Arma
12020151,{Param1} Staff,{Param3} usado pela classe {Param2}.,Wanderer’s,Mage,Arma
12020161,{Param1} Staff,{Param3} usado pela classe {Param2}.,Heretic’s,Mage,Arma
12020171,{Param1} Staff,{Param3} usado pela classe {Param2}.,Fighter’s,Mage,Arma
12020012,{Param1} Staff,{Param3} usado pela classe {Param2}.,Bandit’s,Mage,Arma
12020022,{Param1} Staff,{Param3} usado pela classe {Param2}.,Greedy,Mage,Arma
12020032,{Param1} Staff,{Param3} usado pela classe {Param2}.,Monster Hunter,Mage,Arma
12020042,{Param1} Staff,{Param3} usado pela classe {Param2}.,Slaughter’s,Mage,Arma
12020052,{Param1} Staff,{Param3} usado pela classe {Param2}.,Wizard’s,Mage,Arma
12020062,{Param1} Staff,{Param3} usado pela classe {Param2}.,Focused,Mage,Arma
12020072,{Param1} Staff,{Param3} usado pela classe {Param2}.,Rebel’s,Mage,Arma
12020082,{Param1} Staff,{Param3} usado pela classe {Param2}.,Master’s,Mage,Arma
12020092,{Param1} Staff,{Param3} usado pela classe {Param2}.,Enchanted,Mage,Arma
12020102,{Param1} Staff,{Param3} usado pela classe {Param2}.,Commander’s,Mage,Arma
12020112,{Param1} Staff,{Param3} usado pela classe {Param2}.,Pulverizing,Mage,Arma
12020122,{Param1} Staff,{Param3} usado pela classe {Param2}.,Old,Mage,Arma
12020132,{Param1} Staff,{Param3} usado pela classe {Param2}.,Guard’s,Mage,Arma
12020142,{Param1} Staff,{Param3} usado pela classe {Param2}.,Delicate,Mage,Arma
12020152,{Param1} Staff,{Param3} usado pela classe {Param2}.,Noticeable,Mage,Arma
12020162,{Param1} Staff,{Param3} usado pela classe {Param2}.,Reinforced,Mage,Arma
12020172,{Param1} Staff,{Param3} usado pela classe {Param2}.,Artificial,Mage,Arma
12020013,{Param1} Staff,{Param3} usado pela classe {Param2}.,Illusory,Mage,Arma
12020023,{Param1} Staff,{Param3} usado pela classe {Param2}.,Prophet’s,Mage,Arma
12020033,{Param1} Staff,{Param3} usado pela classe {Param2}.,Authoritative,Mage,Arma
12020043,{Param1} Staff,{Param3} usado pela classe {Param2}.,Noble’s,Mage,Arma
12020053,{Param1} Staff,{Param3} usado pela classe {Param2}.,Executor’s,Mage,Arma
12020063,{Param1} Staff,{Param3} usado pela classe {Param2}.,Judgment,Mage,Arma
12020073,{Param1} Staff,{Param3} usado pela classe {Param2}.,Lord’s,Mage,Arma
12020083,{Param1} Staff,{Param3} usado pela classe {Param2}.,Exile’s,Mage,Arma
12020093,{Param1} Staff,{Param3} usado pela classe {Param2}.,Dawn,Mage,Arma
12020103,{Param1} Staff,{Param3} usado pela classe {Param2}.,Blue Sky,Mage,Arma
12020113,{Param1} Staff,{Param3} usado pela classe {Param2}.,Twilight,Mage,Arma
12020123,{Param1} Staff,{Param3} usado pela classe {Param2}.,Night,Mage,Arma
12020133,{Param1} Staff,{Param3} usado pela classe {Param2}.,Mist,Mage,Arma
12020143,{Param1} Staff,{Param3} usado pela classe {Param2}.,Harvest,Mage,Arma
12020153,{Param1} Staff,{Param3} usado pela classe {Param2}.,Frost,Mage,Arma
12020163,{Param1} Staff,{Param3} usado pela classe {Param2}.,Silent,Mage,Arma
12020173,{Param1} Staff,{Param3} usado pela classe {Param2}.,Of Oblivion,Mage,Arma
12020183,{Param1} Staff,{Param3} usado pela classe {Param2}.,Knight’s,Mage,Arma
12020193,{Param1} Staff,{Param3} usado pela classe {Param2}.,Confident,Mage,Arma
12020203,{Param1} Staff,{Param3} usado pela classe {Param2}.,Beast’s,Mage,Arma
12020213,{Param1} Staff,{Param3} usado pela classe {Param2}.,of Steel,Mage,Arma
12020223,{Param1} Staff,{Param3} usado pela classe {Param2}.,Antique,Mage,Arma
12020233,{Param1} Staff,{Param3} usado pela classe {Param2}.,of Ascension,Mage,Arma
12020243,{Param1} Staff,{Param3} usado pela classe {Param2}.,of Ominous,Mage,Arma
12020253,{Param1} Staff,{Param3} usado pela classe {Param2}.,Old Kingdom’s,Mage,Arma
12020014,{Param1} Staff,{Param3} usado pela classe {Param2}.,Slayer’s,Mage,Arma
12020024,{Param1} Staff,{Param3} usado pela classe {Param2}.,Anguishing,Mage,Arma
12020034,{Param1} Staff,{Param3} usado pela classe {Param2}.,Destroyer’s,Mage,Arma
12020044,{Param1} Staff,{Param3} usado pela classe {Param2}.,Nightmare,Mage,Arma
12020054,{Param1} Staff,{Param3} usado pela classe {Param2}.,Tyrant’s,Mage,Arma
12020064,{Param1} Staff,{Param3} usado pela classe {Param2}.,Mage’s,Mage,Arma
12020074,{Param1} Staff,{Param3} usado pela classe {Param2}.,Priest’s,Mage,Arma
12020084,{Param1} Staff,{Param3} usado pela classe {Param2}.,Glorious,Mage,Arma
12020094,{Param1} Staff,{Param3} usado pela classe {Param2}.,Ruler’s,Mage,Arma
12020104,{Param1} Staff,{Param3} usado pela classe {Param2}.,Shadow,Mage,Arma
12020015,{Param1} Staff,{Param3} usado pela classe {Param2}.,Ancient,Mage,Arma
12020025,{Param1} Staff,{Param3} usado pela classe {Param2}.,Gudua’s,Mage,Arma
12020035,{Param1} Staff,{Param3} usado pela classe {Param2}.,of Frost,Mage,Arma
12020016,{Param1} Staff,{Param3} usado pela classe {Param2}.,The Absolute’s,Mage,Arma
13030011,{Param1} Magic Orb,{Param3} usado pela classe {Param2}.,Faded,Battle Priest,Arma
13030021,{Param1} Magic Orb,{Param3} usado pela classe {Param2}.,Fallen One’s,Battle Priest,Arma
13030031,{Param1} Magic Orb,{Param3} usado pela classe {Param2}.,Crude,Battle Priest,Arma
13030041,{Param1} Magic Orb,{Param3} usado pela classe {Param2}.,Outlaw’s,Battle Priest,Arma
13030051,{Param1} Magic Orb,{Param3} usado pela classe {Param2}.,Training,Battle Priest,Arma
13030061,{Param1} Magic Orb,{Param3} usado pela classe {Param2}.,Adventurer’s,Battle Priest,Arma
13030071,{Param1} Magic Orb,{Param3} usado pela classe {Param2}.,Soldier’s,Battle Priest,Arma
13030081,{Param1} Magic Orb,{Param3} usado pela classe {Param2}.,Mercenary’s,Battle Priest,Arma
13030091,{Param1} Magic Orb,{Param3} usado pela classe {Param2}.,Ornament,Battle Priest,Arma
13030101,{Param1} Magic Orb,{Param3} usado pela classe {Param2}.,Cursed,Battle Priest,Arma
13030111,{Param1} Magic Orb,{Param3} usado pela classe {Param2}.,Balanced,Battle Priest,Arma
13030121,{Param1} Magic Orb,{Param3} usado pela classe {Param2}.,Worn,Battle Priest,Arma
13030131,{Param1} Magic Orb,{Param3} usado pela classe {Param2}.,Corroded,Battle Priest,Arma
13030141,{Param1} Magic Orb,{Param3} usado pela classe {Param2}.,Apprentice’s,Battle Priest,Arma
13030151,{Param1} Magic Orb,{Param3} usado pela classe {Param2}.,Wanderer’s,Battle Priest,Arma
13030161,{Param1} Magic Orb,{Param3} usado pela classe {Param2}.,Heretic’s,Battle Priest,Arma
13030171,{Param1} Magic Orb,{Param3} usado pela classe {Param2}.,Fighter’s,Battle Priest,Arma
13030012,{Param1} Magic Orb,{Param3} usado pela classe {Param2}.,Bandit’s,Battle Priest,Arma
13030022,{Param1} Magic Orb,{Param3} usado pela classe {Param2}.,Greedy,Battle Priest,Arma
13030032,{Param1} Magic Orb,{Param3} usado pela classe {Param2}.,Monster Hunter,Battle Priest,Arma
13030042,{Param1} Magic Orb,{Param3} usado pela classe {Param2}.,Slaughter’s,Battle Priest,Arma
13030052,{Param1} Magic Orb,{Param3} usado pela classe {Param2}.,Battle Priest’s,Battle Priest,Arma
13030062,{Param1} Magic Orb,{Param3} usado pela classe {Param2}.,Purifying,Battle Priest,Arma
13030072,{Param1} Magic Orb,{Param3} usado pela classe {Param2}.,Rebel’s,Battle Priest,Arma
13030082,{Param1} Magic Orb,{Param3} usado pela classe {Param2}.,Master’s,Battle Priest,Arma
13030092,{Param1} Magic Orb,{Param3} usado pela classe {Param2}.,Enchanted,Battle Priest,Arma
13030102,{Param1} Magic Orb,{Param3} usado pela classe {Param2}.,Commander’s,Battle Priest,Arma
13030112,{Param1} Magic Orb,{Param3} usado pela classe {Param2}.,Pulverizing,Battle Priest,Arma
13030122,{Param1} Magic Orb,{Param3} usado pela classe {Param2}.,Old,Battle Priest,Arma
13030132,{Param1} Magic Orb,{Param3} usado pela classe {Param2}.,Guard’s,Battle Priest,Arma
13030142,{Param1} Magic Orb,{Param3} usado pela classe {Param2}.,Delicate,Battle Priest,Arma
13030152,{Param1} Magic Orb,{Param3} usado pela classe {Param2}.,Noticeable,Battle Priest,Arma
13030162,{Param1} Magic Orb,{Param3} usado pela classe {Param2}.,Reinforced,Battle Priest,Arma
13030172,{Param1} Magic Orb,{Param3} usado pela classe {Param2}.,Artificial,Battle Priest,Arma
13030013,{Param1} Magic Orb,{Param3} usado pela classe {Param2}.,Illusory,Battle Priest,Arma
13030023,{Param1} Magic Orb,{Param3} usado pela classe {Param2}.,Prophet’s,Battle Priest,Arma
13030033,{Param1} Magic Orb,{Param3} usado pela classe {Param2}.,Authoritative,Battle Priest,Arma
13030043,{Param1} Magic Orb,{Param3} usado pela classe {Param2}.,Noble’s,Battle Priest,Arma
13030053,{Param1} Magic Orb,{Param3} usado pela classe {Param2}.,Executor’s,Battle Priest,Arma
13030063,{Param1} Magic Orb,{Param3} usado pela classe {Param2}.,Judgment,Battle Priest,Arma
13030073,{Param1} Magic Orb,{Param3} usado pela classe {Param2}.,Lord’s,Battle Priest,Arma
13030083,{Param1} Magic Orb,{Param3} usado pela classe {Param2}.,Exile’s,Battle Priest,Arma
13030093,{Param1} Magic Orb,{Param3} usado pela classe {Param2}.,Dawn,Battle Priest,Arma
13030103,{Param1} Magic Orb,{Param3} usado pela classe {Param2}.,Blue Sky,Battle Priest,Arma
13030113,{Param1} Magic Orb,{Param3} usado pela classe {Param2}.,Twilight,Battle Priest,Arma
13030123,{Param1} Magic Orb,{Param3} usado pela classe {Param2}.,Night,Battle Priest,Arma
13030133,{Param1} Magic Orb,{Param3} usado pela classe {Param2}.,Mist,Battle Priest,Arma
13030143,{Param1} Magic Orb,{Param3} usado pela classe {Param2}.,Harvest,Battle Priest,Arma
13030153,{Param1} Magic Orb,{Param3} usado pela classe {Param2}.,Frost,Battle Priest,Arma
13030163,{Param1} Magic Orb,{Param3} usado pela classe {Param2}.,Silent,Battle Priest,Arma
13030173,{Param1} Magic Orb,{Param3} usado pela classe {Param2}.,Of Oblivion,Battle Priest,Arma
13030183,{Param1} Magic Orb,{Param3} usado pela classe {Param2}.,Knight’s,Battle Priest,Arma
13030193,{Param1} Magic Orb,{Param3} usado pela classe {Param2}.,Confident,Battle Priest,Arma
13030203,{Param1} Magic Orb,{Param3} usado pela classe {Param2}.,Beast’s,Battle Priest,Arma
13030213,{Param1} Magic Orb,{Param3} usado pela classe {Param2}.,of Steel,Battle Priest,Arma
13030223,{Param1} Magic Orb,{Param3} usado pela classe {Param2}.,Antique,Battle Priest,Arma
13030233,{Param1} Magic Orb,{Param3} usado pela classe {Param2}.,of Ascension,Battle Priest,Arma
13030243,{Param1} Magic Orb,{Param3} usado pela classe {Param2}.,of Ominous,Battle Priest,Arma
13030253,{Param1} Magic Orb,{Param3} usado pela classe {Param2}.,Old Kingdom’s,Battle Priest,Arma
13030014,{Param1} Magic Orb,{Param3} usado pela classe {Param2}.,Slayer’s,Battle Priest,Arma
13030024,{Param1} Magic Orb,{Param3} usado pela classe {Param2}.,Anguishing,Battle Priest,Arma
13030034,{Param1} Magic Orb,{Param3} usado pela classe {Param2}.,Destroyer’s,Battle Priest,Arma
13030044,{Param1} Magic Orb,{Param3} usado pela classe {Param2}.,Nightmare,Battle Priest,Arma
13030054,{Param1} Magic Orb,{Param3} usado pela classe {Param2}.,Tyrant’s,Battle Priest,Arma
13030064,{Param1} Magic Orb,{Param3} usado pela classe {Param2}.,High Priest’s,Battle Priest,Arma
13030074,{Param1} Magic Orb,{Param3} usado pela classe {Param2}.,Priest’s,Battle Priest,Arma
13030084,{Param1} Magic Orb,{Param3} usado pela classe {Param2}.,Glorious,Battle Priest,Arma
13030094,{Param1} Magic Orb,{Param3} usado pela classe {Param2}.,Ruler’s,Battle Priest,Arma
13030104,{Param1} Magic Orb,{Param3} usado pela classe {Param2}.,Shadow,Battle Priest,Arma
13030015,{Param1} Magic Orb,{Param3} usado pela classe {Param2}.,Ancient,Battle Priest,Arma
13030025,{Param1} Magic Orb,{Param3} usado pela classe {Param2}.,Gudua’s,Battle Priest,Arma
13030035,{Param1} Magic Orb,{Param3} usado pela classe {Param2}.,of Frost,Battle Priest,Arma
13030016,{Param1} Magic Orb,{Param3} usado pela classe {Param2}.,The Absolute’s,Battle Priest,Arma
14040011,{Param1} Dagger,{Param3} usado pela classe {Param2}.,Chipped,Assassin,Arma
14040021,{Param1} Dagger,{Param3} usado pela classe {Param2}.,Fallen One’s,Assassin,Arma
14040031,{Param1} Dagger,{Param3} usado pela classe {Param2}.,Crude,Assassin,Arma
14040041,{Param1} Dagger,{Param3} usado pela classe {Param2}.,Outlaw’s,Assassin,Arma
14040051,{Param1} Dagger,{Param3} usado pela classe {Param2}.,Training,Assassin,Arma
14040061,{Param1} Dagger,{Param3} usado pela classe {Param2}.,Adventurer’s,Assassin,Arma
14040071,{Param1} Dagger,{Param3} usado pela classe {Param2}.,Soldier’s,Assassin,Arma
14040081,{Param1} Dagger,{Param3} usado pela classe {Param2}.,Mercenary’s,Assassin,Arma
14040091,{Param1} Dagger,{Param3} usado pela classe {Param2}.,Ornament,Assassin,Arma
14040101,{Param1} Dagger,{Param3} usado pela classe {Param2}.,Cursed,Assassin,Arma
14040111,{Param1} Dagger,{Param3} usado pela classe {Param2}.,Balanced,Assassin,Arma
14040121,{Param1} Dagger,{Param3} usado pela classe {Param2}.,Worn,Assassin,Arma
14040131,{Param1} Dagger,{Param3} usado pela classe {Param2}.,Corroded,Assassin,Arma
14040141,{Param1} Dagger,{Param3} usado pela classe {Param2}.,Apprentice’s,Assassin,Arma
14040151,{Param1} Dagger,{Param3} usado pela classe {Param2}.,Wanderer’s,Assassin,Arma
14040161,{Param1} Dagger,{Param3} usado pela classe {Param2}.,Heretic’s,Assassin,Arma
14040171,{Param1} Dagger,{Param3} usado pela classe {Param2}.,Fighter’s,Assassin,Arma
14040012,{Param1} Dagger,{Param3} usado pela classe {Param2}.,Bandit’s,Assassin,Arma
14040022,{Param1} Dagger,{Param3} usado pela classe {Param2}.,Greedy,Assassin,Arma
14040032,{Param1} Dagger,{Param3} usado pela classe {Param2}.,Monster Hunter,Assassin,Arma
14040042,{Param1} Dagger,{Param3} usado pela classe {Param2}.,Slaughter’s,Assassin,Arma
14040052,{Param1} Dagger,{Param3} usado pela classe {Param2}.,Assassin’s,Assassin,Arma
14040062,{Param1} Dagger,{Param3} usado pela classe {Param2}.,Vengeful,Assassin,Arma
14040072,{Param1} Dagger,{Param3} usado pela classe {Param2}.,Rebel’s,Assassin,Arma
14040082,{Param1} Dagger,{Param3} usado pela classe {Param2}.,Master’s,Assassin,Arma
14040092,{Param1} Dagger,{Param3} usado pela classe {Param2}.,Enchanted,Assassin,Arma
14040102,{Param1} Dagger,{Param3} usado pela classe {Param2}.,Commander’s,Assassin,Arma
14040112,{Param1} Dagger,{Param3} usado pela classe {Param2}.,Pulverizing,Assassin,Arma
14040122,{Param1} Dagger,{Param3} usado pela classe {Param2}.,Old,Assassin,Arma
14040132,{Param1} Dagger,{Param3} usado pela classe {Param2}.,Guard’s,Assassin,Arma
14040142,{Param1} Dagger,{Param3} usado pela classe {Param2}.,Delicate,Assassin,Arma
14040152,{Param1} Dagger,{Param3} usado pela classe {Param2}.,Noticeable,Assassin,Arma
14040162,{Param1} Dagger,{Param3} usado pela classe {Param2}.,Reinforced,Assassin,Arma
14040172,{Param1} Dagger,{Param3} usado pela classe {Param2}.,Artificial,Assassin,Arma
14040013,{Param1} Dagger,{Param3} usado pela classe {Param2}.,Illusory,Assassin,Arma
14040023,{Param1} Dagger,{Param3} usado pela classe {Param2}.,Prophet’s,Assassin,Arma
14040033,{Param1} Dagger,{Param3} usado pela classe {Param2}.,Authoritative,Assassin,Arma
14040043,{Param1} Dagger,{Param3} usado pela classe {Param2}.,Noble’s,Assassin,Arma
14040053,{Param1} Dagger,{Param3} usado pela classe {Param2}.,Executor’s,Assassin,Arma
14040063,{Param1} Dagger,{Param3} usado pela classe {Param2}.,Judgment,Assassin,Arma
14040073,{Param1} Dagger,{Param3} usado pela classe {Param2}.,Lord’s,Assassin,Arma
14040083,{Param1} Dagger,{Param3} usado pela classe {Param2}.,Exile’s,Assassin,Arma
14040093,{Param1} Dagger,{Param3} usado pela classe {Param2}.,Dawn,Assassin,Arma
14040103,{Param1} Dagger,{Param3} usado pela classe {Param2}.,Blue Sky,Assassin,Arma
14040113,{Param1} Dagger,{Param3} usado pela classe {Param2}.,Twilight,Assassin,Arma
14040123,{Param1} Dagger,{Param3} usado pela classe {Param2}.,Night,Assassin,Arma
14040133,{Param1} Dagger,{Param3} usado pela classe {Param2}.,Mist,Assassin,Arma
14040143,{Param1} Dagger,{Param3} usado pela classe {Param2}.,Harvest,Assassin,Arma
14040153,{Param1} Dagger,{Param3} usado pela classe {Param2}.,Frost,Assassin,Arma
14040163,{Param1} Dagger,{Param3} usado pela classe {Param2}.,Silent,Assassin,Arma
14040173,{Param1} Dagger,{Param3} usado pela classe {Param2}.,Of Oblivion,Assassin,Arma
14040183,{Param1} Dagger,{Param3} usado pela classe {Param2}.,Knight’s,Assassin,Arma
14040193,{Param1} Dagger,{Param3} usado pela classe {Param2}.,Confident,Assassin,Arma
14040203,{Param1} Dagger,{Param3} usado pela classe {Param2}.,Beast’s,Assassin,Arma
14040213,{Param1} Dagger,{Param3} usado pela classe {Param2}.,of Steel,Assassin,Arma
14040223,{Param1} Dagger,{Param3} usado pela classe {Param2}.,Antique,Assassin,Arma
14040233,{Param1} Dagger,{Param3} usado pela classe {Param2}.,of Ascension,Assassin,Arma
14040243,{Param1} Dagger,{Param3} usado pela classe {Param2}.,of Ominous,Assassin,Arma
14040253,{Param1} Dagger,{Param3} usado pela classe {Param2}.,Old Kingdom’s,Assassin,Arma
14040014,{Param1} Dagger,{Param3} usado pela classe {Param2}.,Slayer’s,Assassin,Arma
14040024,{Param1} Dagger,{Param3} usado pela classe {Param2}.,Anguishing,Assassin,Arma
14040034,{Param1} Dagger,{Param3} usado pela classe {Param2}.,Destroyer’s,Assassin,Arma
14040044,{Param1} Dagger,{Param3} usado pela classe {Param2}.,Nightmare,Assassin,Arma
14040054,{Param1} Dagger,{Param3} usado pela classe {Param2}.,Tyrant’s,Assassin,Arma
14040064,{Param1} Dagger,{Param3} usado pela classe {Param2}.,Demon Spirit,Assassin,Arma
14040074,{Param1} Dagger,{Param3} usado pela classe {Param2}.,Priest’s,Assassin,Arma
14040084,{Param1} Dagger,{Param3} usado pela classe {Param2}.,Glorious,Assassin,Arma
14040094,{Param1} Dagger,{Param3} usado pela classe {Param2}.,Ruler’s,Assassin,Arma
14040104,{Param1} Dagger,{Param3} usado pela classe {Param2}.,Shadow,Assassin,Arma
14040015,{Param1} Dagger,{Param3} usado pela classe {Param2}.,Ancient,Assassin,Arma
14040025,{Param1} Dagger,{Param3} usado pela classe {Param2}.,Gudua’s,Assassin,Arma
14040035,{Param1} Dagger,{Param3} usado pela classe {Param2}.,of Frost,Assassin,Arma
14040016,{Param1} Dagger,{Param3} usado pela classe {Param2}.,The Absolute’s,Assassin,Arma
15050011,{Param1} Bow,{Param3} usado pela classe {Param2}.,Splits,Hunter,Arma
15050021,{Param1} Bow,{Param3} usado pela classe {Param2}.,Fallen One’s,Hunter,Arma
15050031,{Param1} Bow,{Param3} usado pela classe {Param2}.,Crude,Hunter,Arma
15050041,{Param1} Bow,{Param3} usado pela classe {Param2}.,Outlaw’s,Hunter,Arma
15050051,{Param1} Bow,{Param3} usado pela classe {Param2}.,Training,Hunter,Arma
15050061,{Param1} Bow,{Param3} usado pela classe {Param2}.,Adventurer’s,Hunter,Arma
15050071,{Param1} Bow,{Param3} usado pela classe {Param2}.,Soldier’s,Hunter,Arma
15050081,{Param1} Bow,{Param3} usado pela classe {Param2}.,Mercenary’s,Hunter,Arma
15050091,{Param1} Bow,{Param3} usado pela classe {Param2}.,Ornament,Hunter,Arma
15050101,{Param1} Bow,{Param3} usado pela classe {Param2}.,Cursed,Hunter,Arma
15050111,{Param1} Bow,{Param3} usado pela classe {Param2}.,Balanced,Hunter,Arma
15050121,{Param1} Bow,{Param3} usado pela classe {Param2}.,Worn,Hunter,Arma
15050131,{Param1} Bow,{Param3} usado pela classe {Param2}.,Corroded,Hunter,Arma
15050141,{Param1} Bow,{Param3} usado pela classe {Param2}.,Apprentice’s,Hunter,Arma
15050151,{Param1} Bow,{Param3} usado pela classe {Param2}.,Wanderer’s,Hunter,Arma
15050161,{Param1} Bow,{Param3} usado pela classe {Param2}.,Heretic’s,Hunter,Arma
15050171,{Param1} Bow,{Param3} usado pela classe {Param2}.,Fighter’s,Hunter,Arma
15050012,{Param1} Bow,{Param3} usado pela classe {Param2}.,Bandit’s,Hunter,Arma
15050022,{Param1} Bow,{Param3} usado pela classe {Param2}.,Greedy,Hunter,Arma
15050032,{Param1} Bow,{Param3} usado pela classe {Param2}.,Monster Hunter,Hunter,Arma
15050042,{Param1} Bow,{Param3} usado pela classe {Param2}.,Slaughter’s,Hunter,Arma
15050052,{Param1} Bow,{Param3} usado pela classe {Param2}.,Hunter’s,Hunter,Arma
15050062,{Param1} Bow,{Param3} usado pela classe {Param2}.,Penetrating,Hunter,Arma
15050072,{Param1} Bow,{Param3} usado pela classe {Param2}.,Rebel’s,Hunter,Arma
15050082,{Param1} Bow,{Param3} usado pela classe {Param2}.,Master’s,Hunter,Arma
15050092,{Param1} Bow,{Param3} usado pela classe {Param2}.,Enchanted,Hunter,Arma
15050102,{Param1} Bow,{Param3} usado pela classe {Param2}.,Commander’s,Hunter,Arma
15050112,{Param1} Bow,{Param3} usado pela classe {Param2}.,Pulverizing,Hunter,Arma
15050122,{Param1} Bow,{Param3} usado pela classe {Param2}.,Old,Hunter,Arma
15050132,{Param1} Bow,{Param3} usado pela classe {Param2}.,Guard’s,Hunter,Arma
15050142,{Param1} Bow,{Param3} usado pela classe {Param2}.,Delicate,Hunter,Arma
15050152,{Param1} Bow,{Param3} usado pela classe {Param2}.,Noticeable,Hunter,Arma
15050162,{Param1} Bow,{Param3} usado pela classe {Param2}.,Reinforced,Hunter,Arma
15050172,{Param1} Bow,{Param3} usado pela classe {Param2}.,Artificial,Hunter,Arma
15050013,{Param1} Bow,{Param3} usado pela classe {Param2}.,Illusory,Hunter,Arma
15050023,{Param1} Bow,{Param3} usado pela classe {Param2}.,Prophet’s,Hunter,Arma
15050033,{Param1} Bow,{Param3} usado pela classe {Param2}.,Authoritative,Hunter,Arma
15050043,{Param1} Bow,{Param3} usado pela classe {Param2}.,Noble’s,Hunter,Arma
15050053,{Param1} Bow,{Param3} usado pela classe {Param2}.,Executor’s,Hunter,Arma
15050063,{Param1} Bow,{Param3} usado pela classe {Param2}.,Judgment,Hunter,Arma
15050073,{Param1} Bow,{Param3} usado pela classe {Param2}.,Lord’s,Hunter,Arma
15050083,{Param1} Bow,{Param3} usado pela classe {Param2}.,Exile’s,Hunter,Arma
15050093,{Param1} Bow,{Param3} usado pela classe {Param2}.,Dawn,Hunter,Arma
15050103,{Param1} Bow,{Param3} usado pela classe {Param2}.,Blue Sky,Hunter,Arma
15050113,{Param1} Bow,{Param3} usado pela classe {Param2}.,Twilight,Hunter,Arma
15050123,{Param1} Bow,{Param3} usado pela classe {Param2}.,Night,Hunter,Arma
15050133,{Param1} Bow,{Param3} usado pela classe {Param2}.,Mist,Hunter,Arma
15050143,{Param1} Bow,{Param3} usado pela classe {Param2}.,Harvest,Hunter,Arma
15050153,{Param1} Bow,{Param3} usado pela classe {Param2}.,Frost,Hunter,Arma
15050163,{Param1} Bow,{Param3} usado pela classe {Param2}.,Silent,Hunter,Arma
15050173,{Param1} Bow,{Param3} usado pela classe {Param2}.,Of Oblivion,Hunter,Arma
15050183,{Param1} Bow,{Param3} usado pela classe {Param2}.,Knight’s,Hunter,Arma
15050193,{Param1} Bow,{Param3} usado pela classe {Param2}.,Confident,Hunter,Arma
15050203,{Param1} Bow,{Param3} usado pela classe {Param2}.,Beast’s,Hunter,Arma
15050213,{Param1} Bow,{Param3} usado pela classe {Param2}.,of Steel,Hunter,Arma
15050223,{Param1} Bow,{Param3} usado pela classe {Param2}.,Antique,Hunter,Arma
15050233,{Param1} Bow,{Param3} usado pela classe {Param2}.,of Ascension,Hunter,Arma
15050243,{Param1} Bow,{Param3} usado pela classe {Param2}.,of Ominous,Hunter,Arma
15050253,{Param1} Bow,{Param3} usado pela classe {Param2}.,Old Kingdom’s,Hunter,Arma
15050014,{Param1} Bow,{Param3} usado pela classe {Param2}.,Slayer’s,Hunter,Arma
15050024,{Param1} Bow,{Param3} usado pela classe {Param2}.,Anguishing,Hunter,Arma
15050034,{Param1} Bow,{Param3} usado pela classe {Param2}.,Destroyer’s,Hunter,Arma
15050044,{Param1} Bow,{Param3} usado pela classe {Param2}.,Nightmare,Hunter,Arma
15050054,{Param1} Bow,{Param3} usado pela classe {Param2}.,Tyrant’s,Hunter,Arma
15050064,{Param1} Bow,{Param3} usado pela classe {Param2}.,The Beast King’s,Hunter,Arma
15050074,{Param1} Bow,{Param3} usado pela classe {Param2}.,Priest’s,Hunter,Arma
15050084,{Param1} Bow,{Param3} usado pela classe {Param2}.,Glorious,Hunter,Arma
15050094,{Param1} Bow,{Param3} usado pela classe {Param2}.,Ruler’s,Hunter,Arma
15050104,{Param1} Bow,{Param3} usado pela classe {Param2}.,Shadow,Hunter,Arma
15050015,{Param1} Bow,{Param3} usado pela classe {Param2}.,Ancient,Hunter,Arma
15050025,{Param1} Bow,{Param3} usado pela classe {Param2}.,Gudua’s,Hunter,Arma
15050035,{Param1} Bow,{Param3} usado pela classe {Param2}.,of Frost,Hunter,Arma
15050016,{Param1} Bow,{Param3} usado pela classe {Param2}.,The Absolute’s,Hunter,Arma
21010011,{Param1} Shield Gauntlet,{Param3} usado pela classe {Param2}.,Rusty,Warrior,Equipamento Secundário
21010021,{Param1} Shield Gauntlet,{Param3} usado pela classe {Param2}.,Fallen One’s,Warrior,Equipamento Secundário
21010031,{Param1} Shield Gauntlet,{Param3} usado pela classe {Param2}.,Crude,Warrior,Equipamento Secundário
21010041,{Param1} Shield Gauntlet,{Param3} usado pela classe {Param2}.,Outlaw’s,Warrior,Equipamento Secundário
21010051,{Param1} Shield Gauntlet,{Param3} usado pela classe {Param2}.,Training,Warrior,Equipamento Secundário
21010061,{Param1} Shield Gauntlet,{Param3} usado pela classe {Param2}.,Adventurer’s,Warrior,Equipamento Secundário
21010071,{Param1} Shield Gauntlet,{Param3} usado pela classe {Param2}.,Soldier’s,Warrior,Equipamento Secundário
21010081,{Param1} Shield Gauntlet,{Param3} usado pela classe {Param2}.,Mercenary’s,Warrior,Equipamento Secundário
21010091,{Param1} Shield Gauntlet,{Param3} usado pela classe {Param2}.,Ornament,Warrior,Equipamento Secundário
21010101,{Param1} Shield Gauntlet,{Param3} usado pela classe {Param2}.,Cursed,Warrior,Equipamento Secundário
21010111,{Param1} Shield Gauntlet,{Param3} usado pela classe {Param2}.,Balanced,Warrior,Equipamento Secundário
21010121,{Param1} Shield Gauntlet,{Param3} usado pela classe {Param2}.,Worn,Warrior,Equipamento Secundário
21010131,{Param1} Shield Gauntlet,{Param3} usado pela classe {Param2}.,Corroded,Warrior,Equipamento Secundário
21010141,{Param1} Shield Gauntlet,{Param3} usado pela classe {Param2}.,Apprentice’s,Warrior,Equipamento Secundário
21010151,{Param1} Shield Gauntlet,{Param3} usado pela classe {Param2}.,Wanderer’s,Warrior,Equipamento Secundário
21010161,{Param1} Shield Gauntlet,{Param3} usado pela classe {Param2}.,Heretic’s,Warrior,Equipamento Secundário
21010171,{Param1} Shield Gauntlet,{Param3} usado pela classe {Param2}.,Fighter’s,Warrior,Equipamento Secundário
21010012,{Param1} Shield Gauntlet,{Param3} usado pela classe {Param2}.,Bandit’s,Warrior,Equipamento Secundário
21010022,{Param1} Shield Gauntlet,{Param3} usado pela classe {Param2}.,Greedy,Warrior,Equipamento Secundário
21010032,{Param1} Shield Gauntlet,{Param3} usado pela classe {Param2}.,Monster Hunter,Warrior,Equipamento Secundário
21010042,{Param1} Shield Gauntlet,{Param3} usado pela classe {Param2}.,Slaughter’s,Warrior,Equipamento Secundário
21010052,{Param1} Shield Gauntlet,{Param3} usado pela classe {Param2}.,Warrior’s,Warrior,Equipamento Secundário
21010062,{Param1} Shield Gauntlet,{Param3} usado pela classe {Param2}.,Single-Strike,Warrior,Equipamento Secundário
21010072,{Param1} Shield Gauntlet,{Param3} usado pela classe {Param2}.,Rebel’s,Warrior,Equipamento Secundário
21010082,{Param1} Shield Gauntlet,{Param3} usado pela classe {Param2}.,Master’s,Warrior,Equipamento Secundário
21010092,{Param1} Shield Gauntlet,{Param3} usado pela classe {Param2}.,Enchanted,Warrior,Equipamento Secundário
21010102,{Param1} Shield Gauntlet,{Param3} usado pela classe {Param2}.,Commander’s,Warrior,Equipamento Secundário
21010112,{Param1} Shield Gauntlet,{Param3} usado pela classe {Param2}.,Pulverizing,Warrior,Equipamento Secundário
21010122,{Param1} Shield Gauntlet,{Param3} usado pela classe {Param2}.,Old,Warrior,Equipamento Secundário
21010132,{Param1} Shield Gauntlet,{Param3} usado pela classe {Param2}.,Guard’s,Warrior,Equipamento Secundário
21010142,{Param1} Shield Gauntlet,{Param3} usado pela classe {Param2}.,Delicate,Warrior,Equipamento Secundário
21010152,{Param1} Shield Gauntlet,{Param3} usado pela classe {Param2}.,Noticeable,Warrior,Equipamento Secundário
21010162,{Param1} Shield Gauntlet,{Param3} usado pela classe {Param2}.,Reinforced,Warrior,Equipamento Secundário
21010172,{Param1} Shield Gauntlet,{Param3} usado pela classe {Param2}.,Artificial,Warrior,Equipamento Secundário
21010013,{Param1} Shield Gauntlet,{Param3} usado pela classe {Param2}.,Illusory,Warrior,Equipamento Secundário
21010023,{Param1} Shield Gauntlet,{Param3} usado pela classe {Param2}.,Prophet’s,Warrior,Equipamento Secundário
21010033,{Param1} Shield Gauntlet,{Param3} usado pela classe {Param2}.,Authoritative,Warrior,Equipamento Secundário
21010043,{Param1} Shield Gauntlet,{Param3} usado pela classe {Param2}.,Noble’s,Warrior,Equipamento Secundário
21010053,{Param1} Shield Gauntlet,{Param3} usado pela classe {Param2}.,Executor’s,Warrior,Equipamento Secundário
21010063,{Param1} Shield Gauntlet,{Param3} usado pela classe {Param2}.,Judgment,Warrior,Equipamento Secundário
21010073,{Param1} Shield Gauntlet,{Param3} usado pela classe {Param2}.,Lord’s,Warrior,Equipamento Secundário
21010083,{Param1} Shield Gauntlet,{Param3} usado pela classe {Param2}.,Exile’s,Warrior,Equipamento Secundário
21010093,{Param1} Shield Gauntlet,{Param3} usado pela classe {Param2}.,Dawn,Warrior,Equipamento Secundário
21010103,{Param1} Shield Gauntlet,{Param3} usado pela classe {Param2}.,Blue Sky,Warrior,Equipamento Secundário
21010113,{Param1} Shield Gauntlet,{Param3} usado pela classe {Param2}.,Twilight,Warrior,Equipamento Secundário
21010123,{Param1} Shield Gauntlet,{Param3} usado pela classe {Param2}.,Night,Warrior,Equipamento Secundário
21010133,{Param1} Shield Gauntlet,{Param3} usado pela classe {Param2}.,Mist,Warrior,Equipamento Secundário
21010143,{Param1} Shield Gauntlet,{Param3} usado pela classe {Param2}.,Harvest,Warrior,Equipamento Secundário
21010153,{Param1} Shield Gauntlet,{Param3} usado pela classe {Param2}.,Frost,Warrior,Equipamento Secundário
21010163,{Param1} Shield Gauntlet,{Param3} usado pela classe {Param2}.,Silent,Warrior,Equipamento Secundário
21010173,{Param1} Shield Gauntlet,{Param3} usado pela classe {Param2}.,Of Oblivion,Warrior,Equipamento Secundário
21010183,{Param1} Shield Gauntlet,{Param3} usado pela classe {Param2}.,Knight’s,Warrior,Equipamento Secundário
21010193,{Param1} Shield Gauntlet,{Param3} usado pela classe {Param2}.,Confident,Warrior,Equipamento Secundário
21010203,{Param1} Shield Gauntlet,{Param3} usado pela classe {Param2}.,Beast’s,Warrior,Equipamento Secundário
21010213,{Param1} Shield Gauntlet,{Param3} usado pela classe {Param2}.,of Steel,Warrior,Equipamento Secundário
21010223,{Param1} Shield Gauntlet,{Param3} usado pela classe {Param2}.,Antique,Warrior,Equipamento Secundário
21010233,{Param1} Shield Gauntlet,{Param3} usado pela classe {Param2}.,of Ascension,Warrior,Equipamento Secundário
21010243,{Param1} Shield Gauntlet,{Param3} usado pela classe {Param2}.,of Ominous,Warrior,Equipamento Secundário
21010253,{Param1} Shield Gauntlet,{Param3} usado pela classe {Param2}.,Old Kingdom’s,Warrior,Equipamento Secundário
21010014,{Param1} Shield Gauntlet,{Param3} usado pela classe {Param2}.,Slayer’s,Warrior,Equipamento Secundário
21010024,{Param1} Shield Gauntlet,{Param3} usado pela classe {Param2}.,Anguishing,Warrior,Equipamento Secundário
21010034,{Param1} Shield Gauntlet,{Param3} usado pela classe {Param2}.,Destroyer’s,Warrior,Equipamento Secundário
21010044,{Param1} Shield Gauntlet,{Param3} usado pela classe {Param2}.,Nightmare,Warrior,Equipamento Secundário
21010054,{Param1} Shield Gauntlet,{Param3} usado pela classe {Param2}.,Tyrant’s,Warrior,Equipamento Secundário
21010064,{Param1} Shield Gauntlet,{Param3} usado pela classe {Param2}.,High General’s,Warrior,Equipamento Secundário
21010074,{Param1} Shield Gauntlet,{Param3} usado pela classe {Param2}.,Priest’s,Warrior,Equipamento Secundário
21010084,{Param1} Shield Gauntlet,{Param3} usado pela classe {Param2}.,Glorious,Warrior,Equipamento Secundário
21010094,{Param1} Shield Gauntlet,{Param3} usado pela classe {Param2}.,Ruler’s,Warrior,Equipamento Secundário
21010104,{Param1} Shield Gauntlet,{Param3} usado pela classe {Param2}.,Shadow,Warrior,Equipamento Secundário
21010015,{Param1} Shield Gauntlet,{Param3} usado pela classe {Param2}.,Ancient,Warrior,Equipamento Secundário
21010025,{Param1} Shield Gauntlet,{Param3} usado pela classe {Param2}.,Gudua’s,Warrior,Equipamento Secundário
21010035,{Param1} Shield Gauntlet,{Param3} usado pela classe {Param2}.,of Frost,Warrior,Equipamento Secundário
21010016,{Param1} Shield Gauntlet,{Param3} usado pela classe {Param2}.,The Absolute’s,Warrior,Equipamento Secundário
22020011,{Param1} Tome,{Param3} usado pela classe {Param2}.,Curved,Mage,Equipamento Secundário
22020021,{Param1} Tome,{Param3} usado pela classe {Param2}.,Fallen One’s,Mage,Equipamento Secundário
22020031,{Param1} Tome,{Param3} usado pela classe {Param2}.,Crude,Mage,Equipamento Secundário
22020041,{Param1} Tome,{Param3} usado pela classe {Param2}.,Outlaw’s,Mage,Equipamento Secundário
22020051,{Param1} Tome,{Param3} usado pela classe {Param2}.,Training,Mage,Equipamento Secundário
22020061,{Param1} Tome,{Param3} usado pela classe {Param2}.,Adventurer’s,Mage,Equipamento Secundário
22020071,{Param1} Tome,{Param3} usado pela classe {Param2}.,Soldier’s,Mage,Equipamento Secundário
22020081,{Param1} Tome,{Param3} usado pela classe {Param2}.,Mercenary’s,Mage,Equipamento Secundário
22020091,{Param1} Tome,{Param3} usado pela classe {Param2}.,Ornament,Mage,Equipamento Secundário
22020101,{Param1} Tome,{Param3} usado pela classe {Param2}.,Cursed,Mage,Equipamento Secundário
22020111,{Param1} Tome,{Param3} usado pela classe {Param2}.,Balanced,Mage,Equipamento Secundário
22020121,{Param1} Tome,{Param3} usado pela classe {Param2}.,Worn,Mage,Equipamento Secundário
22020131,{Param1} Tome,{Param3} usado pela classe {Param2}.,Corroded,Mage,Equipamento Secundário
22020141,{Param1} Tome,{Param3} usado pela classe {Param2}.,Apprentice’s,Mage,Equipamento Secundário
22020151,{Param1} Tome,{Param3} usado pela classe {Param2}.,Wanderer’s,Mage,Equipamento Secundário
22020161,{Param1} Tome,{Param3} usado pela classe {Param2}.,Heretic’s,Mage,Equipamento Secundário
22020171,{Param1} Tome,{Param3} usado pela classe {Param2}.,Fighter’s,Mage,Equipamento Secundário
22020012,{Param1} Tome,{Param3} usado pela classe {Param2}.,Bandit’s,Mage,Equipamento Secundário
22020022,{Param1} Tome,{Param3} usado pela classe {Param2}.,Greedy,Mage,Equipamento Secundário
22020032,{Param1} Tome,{Param3} usado pela classe {Param2}.,Monster Hunter,Mage,Equipamento Secundário
22020042,{Param1} Tome,{Param3} usado pela classe {Param2}.,Slaughter’s,Mage,Equipamento Secundário
22020052,{Param1} Tome,{Param3} usado pela classe {Param2}.,Wizard’s,Mage,Equipamento Secundário
22020062,{Param1} Tome,{Param3} usado pela classe {Param2}.,Focused,Mage,Equipamento Secundário
22020072,{Param1} Tome,{Param3} usado pela classe {Param2}.,Rebel’s,Mage,Equipamento Secundário
22020082,{Param1} Tome,{Param3} usado pela classe {Param2}.,Master’s,Mage,Equipamento Secundário
22020092,{Param1} Tome,{Param3} usado pela classe {Param2}.,Enchanted,Mage,Equipamento Secundário
22020102,{Param1} Tome,{Param3} usado pela classe {Param2}.,Commander’s,Mage,Equipamento Secundário
22020112,{Param1} Tome,{Param3} usado pela classe {Param2}.,Pulverizing,Mage,Equipamento Secundário
22020122,{Param1} Tome,{Param3} usado pela classe {Param2}.,Old,Mage,Equipamento Secundário
22020132,{Param1} Tome,{Param3} usado pela classe {Param2}.,Guard’s,Mage,Equipamento Secundário
22020142,{Param1} Tome,{Param3} usado pela classe {Param2}.,Delicate,Mage,Equipamento Secundário
22020152,{Param1} Tome,{Param3} usado pela classe {Param2}.,Noticeable,Mage,Equipamento Secundário
22020162,{Param1} Tome,{Param3} usado pela classe {Param2}.,Reinforced,Mage,Equipamento Secundário
22020172,{Param1} Tome,{Param3} usado pela classe {Param2}.,Artificial,Mage,Equipamento Secundário
22020013,{Param1} Tome,{Param3} usado pela classe {Param2}.,Illusory,Mage,Equipamento Secundário
22020023,{Param1} Tome,{Param3} usado pela classe {Param2}.,Prophet’s,Mage,Equipamento Secundário
22020033,{Param1} Tome,{Param3} usado pela classe {Param2}.,Authoritative,Mage,Equipamento Secundário
22020043,{Param1} Tome,{Param3} usado pela classe {Param2}.,Noble’s,Mage,Equipamento Secundário
22020053,{Param1} Tome,{Param3} usado pela classe {Param2}.,Executor’s,Mage,Equipamento Secundário
22020063,{Param1} Tome,{Param3} usado pela classe {Param2}.,Judgment,Mage,Equipamento Secundário
22020073,{Param1} Tome,{Param3} usado pela classe {Param2}.,Lord’s,Mage,Equipamento Secundário
22020083,{Param1} Tome,{Param3} usado pela classe {Param2}.,Exile’s,Mage,Equipamento Secundário
22020093,{Param1} Tome,{Param3} usado pela classe {Param2}.,Dawn,Mage,Equipamento Secundário
22020103,{Param1} Tome,{Param3} usado pela classe {Param2}.,Blue Sky,Mage,Equipamento Secundário
22020113,{Param1} Tome,{Param3} usado pela classe {Param2}.,Twilight,Mage,Equipamento Secundário
22020123,{Param1} Tome,{Param3} usado pela classe {Param2}.,Night,Mage,Equipamento Secundário
22020133,{Param1} Tome,{Param3} usado pela classe {Param2}.,Mist,Mage,Equipamento Secundário
22020143,{Param1} Tome,{Param3} usado pela classe {Param2}.,Harvest,Mage,Equipamento Secundário
22020153,{Param1} Tome,{Param3} usado pela classe {Param2}.,Frost,Mage,Equipamento Secundário
22020163,{Param1} Tome,{Param3} usado pela classe {Param2}.,Silent,Mage,Equipamento Secundário
22020173,{Param1} Tome,{Param3} usado pela classe {Param2}.,Of Oblivion,Mage,Equipamento Secundário
22020183,{Param1} Tome,{Param3} usado pela classe {Param2}.,Knight’s,Mage,Equipamento Secundário
22020193,{Param1} Tome,{Param3} usado pela classe {Param2}.,Confident,Mage,Equipamento Secundário
22020203,{Param1} Tome,{Param3} usado pela classe {Param2}.,Beast’s,Mage,Equipamento Secundário
22020213,{Param1} Tome,{Param3} usado pela classe {Param2}.,of Steel,Mage,Equipamento Secundário
22020223,{Param1} Tome,{Param3} usado pela classe {Param2}.,Antique,Mage,Equipamento Secundário
22020233,{Param1} Tome,{Param3} usado pela classe {Param2}.,of Ascension,Mage,Equipamento Secundário
22020243,{Param1} Tome,{Param3} usado pela classe {Param2}.,of Ominous,Mage,Equipamento Secundário
22020253,{Param1} Tome,{Param3} usado pela classe {Param2}.,Old Kingdom’s,Mage,Equipamento Secundário
22020014,{Param1} Tome,{Param3} usado pela classe {Param2}.,Slayer’s,Mage,Equipamento Secundário
22020024,{Param1} Tome,{Param3} usado pela classe {Param2}.,Anguishing,Mage,Equipamento Secundário
22020034,{Param1} Tome,{Param3} usado pela classe {Param2}.,Destroyer’s,Mage,Equipamento Secundário
22020044,{Param1} Tome,{Param3} usado pela classe {Param2}.,Nightmare,Mage,Equipamento Secundário
22020054,{Param1} Tome,{Param3} usado pela classe {Param2}.,Tyrant’s,Mage,Equipamento Secundário
22020064,{Param1} Tome,{Param3} usado pela classe {Param2}.,Mage’s,Mage,Equipamento Secundário
22020074,{Param1} Tome,{Param3} usado pela classe {Param2}.,Priest’s,Mage,Equipamento Secundário
22020084,{Param1} Tome,{Param3} usado pela classe {Param2}.,Glorious,Mage,Equipamento Secundário
22020094,{Param1} Tome,{Param3} usado pela classe {Param2}.,Ruler’s,Mage,Equipamento Secundário
22020104,{Param1} Tome,{Param3} usado pela classe {Param2}.,Shadow,Mage,Equipamento Secundário
22020015,{Param1} Tome,{Param3} usado pela classe {Param2}.,Ancient,Mage,Equipamento Secundário
22020025,{Param1} Tome,{Param3} usado pela classe {Param2}.,Gudua’s,Mage,Equipamento Secundário
22020035,{Param1} Tome,{Param3} usado pela classe {Param2}.,of Frost,Mage,Equipamento Secundário
22020016,{Param1} Tome,{Param3} usado pela classe {Param2}.,The Absolute’s,Mage,Equipamento Secundário
23030011,{Param1} Gate Stone,{Param3} usado pela classe {Param2}.,Faded,Battle Priest,Equipamento Secundário
23030021,{Param1} Gate Stone,{Param3} usado pela classe {Param2}.,Fallen One’s,Battle Priest,Equipamento Secundário
23030031,{Param1} Gate Stone,{Param3} usado pela classe {Param2}.,Crude,Battle Priest,Equipamento Secundário
23030041,{Param1} Gate Stone,{Param3} usado pela classe {Param2}.,Outlaw’s,Battle Priest,Equipamento Secundário
23030051,{Param1} Gate Stone,{Param3} usado pela classe {Param2}.,Training,Battle Priest,Equipamento Secundário
23030061,{Param1} Gate Stone,{Param3} usado pela classe {Param2}.,Adventurer’s,Battle Priest,Equipamento Secundário
23030071,{Param1} Gate Stone,{Param3} usado pela classe {Param2}.,Soldier’s,Battle Priest,Equipamento Secundário
23030081,{Param1} Gate Stone,{Param3} usado pela classe {Param2}.,Mercenary’s,Battle Priest,Equipamento Secundário
23030091,{Param1} Gate Stone,{Param3} usado pela classe {Param2}.,Ornament,Battle Priest,Equipamento Secundário
23030101,{Param1} Gate Stone,{Param3} usado pela classe {Param2}.,Cursed,Battle Priest,Equipamento Secundário
23030111,{Param1} Gate Stone,{Param3} usado pela classe {Param2}.,Balanced,Battle Priest,Equipamento Secundário
23030121,{Param1} Gate Stone,{Param3} usado pela classe {Param2}.,Worn,Battle Priest,Equipamento Secundário
23030131,{Param1} Gate Stone,{Param3} usado pela classe {Param2}.,Corroded,Battle Priest,Equipamento Secundário
23030141,{Param1} Gate Stone,{Param3} usado pela classe {Param2}.,Apprentice’s,Battle Priest,Equipamento Secundário
23030151,{Param1} Gate Stone,{Param3} usado pela classe {Param2}.,Wanderer’s,Battle Priest,Equipamento Secundário
23030161,{Param1} Gate Stone,{Param3} usado pela classe {Param2}.,Heretic’s,Battle Priest,Equipamento Secundário
23030171,{Param1} Gate Stone,{Param3} usado pela classe {Param2}.,Fighter’s,Battle Priest,Equipamento Secundário
23030012,{Param1} Gate Stone,{Param3} usado pela classe {Param2}.,Bandit’s,Battle Priest,Equipamento Secundário
23030022,{Param1} Gate Stone,{Param3} usado pela classe {Param2}.,Greedy,Battle Priest,Equipamento Secundário
23030032,{Param1} Gate Stone,{Param3} usado pela classe {Param2}.,Monster Hunter,Battle Priest,Equipamento Secundário
23030042,{Param1} Gate Stone,{Param3} usado pela classe {Param2}.,Slaughter’s,Battle Priest,Equipamento Secundário
23030052,{Param1} Gate Stone,{Param3} usado pela classe {Param2}.,Battle Priest’s,Battle Priest,Equipamento Secundário
23030062,{Param1} Gate Stone,{Param3} usado pela classe {Param2}.,Purifying,Battle Priest,Equipamento Secundário
23030072,{Param1} Gate Stone,{Param3} usado pela classe {Param2}.,Rebel’s,Battle Priest,Equipamento Secundário
23030082,{Param1} Gate Stone,{Param3} usado pela classe {Param2}.,Master’s,Battle Priest,Equipamento Secundário
23030092,{Param1} Gate Stone,{Param3} usado pela classe {Param2}.,Enchanted,Battle Priest,Equipamento Secundário
23030102,{Param1} Gate Stone,{Param3} usado pela classe {Param2}.,Commander’s,Battle Priest,Equipamento Secundário
23030112,{Param1} Gate Stone,{Param3} usado pela classe {Param2}.,Pulverizing,Battle Priest,Equipamento Secundário
23030122,{Param1} Gate Stone,{Param3} usado pela classe {Param2}.,Old,Battle Priest,Equipamento Secundário
23030132,{Param1} Gate Stone,{Param3} usado pela classe {Param2}.,Guard’s,Battle Priest,Equipamento Secundário
23030142,{Param1} Gate Stone,{Param3} usado pela classe {Param2}.,Delicate,Battle Priest,Equipamento Secundário
23030152,{Param1} Gate Stone,{Param3} usado pela classe {Param2}.,Noticeable,Battle Priest,Equipamento Secundário
23030162,{Param1} Gate Stone,{Param3} usado pela classe {Param2}.,Reinforced,Battle Priest,Equipamento Secundário
23030172,{Param1} Gate Stone,{Param3} usado pela classe {Param2}.,Artificial,Battle Priest,Equipamento Secundário
23030013,{Param1} Gate Stone,{Param3} usado pela classe {Param2}.,Illusory,Battle Priest,Equipamento Secundário
23030023,{Param1} Gate Stone,{Param3} usado pela classe {Param2}.,Prophet’s,Battle Priest,Equipamento Secundário
23030033,{Param1} Gate Stone,{Param3} usado pela classe {Param2}.,Authoritative,Battle Priest,Equipamento Secundário
23030043,{Param1} Gate Stone,{Param3} usado pela classe {Param2}.,Noble’s,Battle Priest,Equipamento Secundário
23030053,{Param1} Gate Stone,{Param3} usado pela classe {Param2}.,Executor’s,Battle Priest,Equipamento Secundário
23030063,{Param1} Gate Stone,{Param3} usado pela classe {Param2}.,Judgment,Battle Priest,Equipamento Secundário
23030073,{Param1} Gate Stone,{Param3} usado pela classe {Param2}.,Lord’s,Battle Priest,Equipamento Secundário
23030083,{Param1} Gate Stone,{Param3} usado pela classe {Param2}.,Exile’s,Battle Priest,Equipamento Secundário
23030093,{Param1} Gate Stone,{Param3} usado pela classe {Param2}.,Dawn,Battle Priest,Equipamento Secundário
23030103,{Param1} Gate Stone,{Param3} usado pela classe {Param2}.,Blue Sky,Battle Priest,Equipamento Secundário
23030113,{Param1} Gate Stone,{Param3} usado pela classe {Param2}.,Twilight,Battle Priest,Equipamento Secundário
23030123,{Param1} Gate Stone,{Param3} usado pela classe {Param2}.,Night,Battle Priest,Equipamento Secundário
23030133,{Param1} Gate Stone,{Param3} usado pela classe {Param2}.,Mist,Battle Priest,Equipamento Secundário
23030143,{Param1} Gate Stone,{Param3} usado pela classe {Param2}.,Harvest,Battle Priest,Equipamento Secundário
23030153,{Param1} Gate Stone,{Param3} usado pela classe {Param2}.,Frost,Battle Priest,Equipamento Secundário
23030163,{Param1} Gate Stone,{Param3} usado pela classe {Param2}.,Silent,Battle Priest,Equipamento Secundário
23030173,{Param1} Gate Stone,{Param3} usado pela classe {Param2}.,Of Oblivion,Battle Priest,Equipamento Secundário
23030183,{Param1} Gate Stone,{Param3} usado pela classe {Param2}.,Knight’s,Battle Priest,Equipamento Secundário
23030193,{Param1} Gate Stone,{Param3} usado pela classe {Param2}.,Confident,Battle Priest,Equipamento Secundário
23030203,{Param1} Gate Stone,{Param3} usado pela classe {Param2}.,Beast’s,Battle Priest,Equipamento Secundário
23030213,{Param1} Gate Stone,{Param3} usado pela classe {Param2}.,of Steel,Battle Priest,Equipamento Secundário
23030223,{Param1} Gate Stone,{Param3} usado pela classe {Param2}.,Antique,Battle Priest,Equipamento Secundário
23030233,{Param1} Gate Stone,{Param3} usado pela classe {Param2}.,of Ascension,Battle Priest,Equipamento Secundário
23030243,{Param1} Gate Stone,{Param3} usado pela classe {Param2}.,of Ominous,Battle Priest,Equipamento Secundário
23030253,{Param1} Gate Stone,{Param3} usado pela classe {Param2}.,Old Kingdom’s,Battle Priest,Equipamento Secundário
23030014,{Param1} Gate Stone,{Param3} usado pela classe {Param2}.,Slayer’s,Battle Priest,Equipamento Secundário
23030024,{Param1} Gate Stone,{Param3} usado pela classe {Param2}.,Anguishing,Battle Priest,Equipamento Secundário
23030034,{Param1} Gate Stone,{Param3} usado pela classe {Param2}.,Destroyer’s,Battle Priest,Equipamento Secundário
23030044,{Param1} Gate Stone,{Param3} usado pela classe {Param2}.,Nightmare,Battle Priest,Equipamento Secundário
23030054,{Param1} Gate Stone,{Param3} usado pela classe {Param2}.,Tyrant’s,Battle Priest,Equipamento Secundário
23030064,{Param1} Gate Stone,{Param3} usado pela classe {Param2}.,High Priest’s,Battle Priest,Equipamento Secundário
23030074,{Param1} Gate Stone,{Param3} usado pela classe {Param2}.,Priest’s,Battle Priest,Equipamento Secundário
23030084,{Param1} Gate Stone,{Param3} usado pela classe {Param2}.,Glorious,Battle Priest,Equipamento Secundário
23030094,{Param1} Gate Stone,{Param3} usado pela classe {Param2}.,Ruler’s,Battle Priest,Equipamento Secundário
23030104,{Param1} Gate Stone,{Param3} usado pela classe {Param2}.,Shadow,Battle Priest,Equipamento Secundário
23030015,{Param1} Gate Stone,{Param3} usado pela classe {Param2}.,Ancient,Battle Priest,Equipamento Secundário
23030025,{Param1} Gate Stone,{Param3} usado pela classe {Param2}.,Gudua’s,Battle Priest,Equipamento Secundário
23030035,{Param1} Gate Stone,{Param3} usado pela classe {Param2}.,of Frost,Battle Priest,Equipamento Secundário
23030016,{Param1} Gate Stone,{Param3} usado pela classe {Param2}.,The Absolute’s,Battle Priest,Equipamento Secundário
24040011,{Param1} Dark Mask,{Param3} usado pela classe {Param2}.,Chipped,Assassin,Equipamento Secundário
24040021,{Param1} Dark Mask,{Param3} usado pela classe {Param2}.,Fallen One’s,Assassin,Equipamento Secundário
24040031,{Param1} Dark Mask,{Param3} usado pela classe {Param2}.,Crude,Assassin,Equipamento Secundário
24040041,{Param1} Dark Mask,{Param3} usado pela classe {Param2}.,Outlaw’s,Assassin,Equipamento Secundário
24040051,{Param1} Dark Mask,{Param3} usado pela classe {Param2}.,Training,Assassin,Equipamento Secundário
24040061,{Param1} Dark Mask,{Param3} usado pela classe {Param2}.,Adventurer’s,Assassin,Equipamento Secundário
24040071,{Param1} Dark Mask,{Param3} usado pela classe {Param2}.,Soldier’s,Assassin,Equipamento Secundário
24040081,{Param1} Dark Mask,{Param3} usado pela classe {Param2}.,Mercenary’s,Assassin,Equipamento Secundário
24040091,{Param1} Dark Mask,{Param3} usado pela classe {Param2}.,Ornament,Assassin,Equipamento Secundário
24040101,{Param1} Dark Mask,{Param3} usado pela classe {Param2}.,Cursed,Assassin,Equipamento Secundário
24040111,{Param1} Dark Mask,{Param3} usado pela classe {Param2}.,Balanced,Assassin,Equipamento Secundário
24040121,{Param1} Dark Mask,{Param3} usado pela classe {Param2}.,Worn,Assassin,Equipamento Secundário
24040131,{Param1} Dark Mask,{Param3} usado pela classe {Param2}.,Corroded,Assassin,Equipamento Secundário
24040141,{Param1} Dark Mask,{Param3} usado pela classe {Param2}.,Apprentice’s,Assassin,Equipamento Secundário
24040151,{Param1} Dark Mask,{Param3} usado pela classe {Param2}.,Wanderer’s,Assassin,Equipamento Secundário
24040161,{Param1} Dark Mask,{Param3} usado pela classe {Param2}.,Heretic’s,Assassin,Equipamento Secundário
24040171,{Param1} Dark Mask,{Param3} usado pela classe {Param2}.,Fighter’s,Assassin,Equipamento Secundário
24040012,{Param1} Dark Mask,{Param3} usado pela classe {Param2}.,Bandit’s,Assassin,Equipamento Secundário
24040022,{Param1} Dark Mask,{Param3} usado pela classe {Param2}.,Greedy,Assassin,Equipamento Secundário
24040032,{Param1} Dark Mask,{Param3} usado pela classe {Param2}.,Monster Hunter,Assassin,Equipamento Secundário
24040042,{Param1} Dark Mask,{Param3} usado pela classe {Param2}.,Slaughter’s,Assassin,Equipamento Secundário
24040052,{Param1} Dark Mask,{Param3} usado pela classe {Param2}.,Assassin’s,Assassin,Equipamento Secundário
24040062,{Param1} Dark Mask,{Param3} usado pela classe {Param2}.,Vengeful,Assassin,Equipamento Secundário
24040072,{Param1} Dark Mask,{Param3} usado pela classe {Param2}.,Rebel’s,Assassin,Equipamento Secundário
24040082,{Param1} Dark Mask,{Param3} usado pela classe {Param2}.,Master’s,Assassin,Equipamento Secundário
24040092,{Param1} Dark Mask,{Param3} usado pela classe {Param2}.,Enchanted,Assassin,Equipamento Secundário
24040102,{Param1} Dark Mask,{Param3} usado pela classe {Param2}.,Commander’s,Assassin,Equipamento Secundário
24040112,{Param1} Dark Mask,{Param3} usado pela classe {Param2}.,Pulverizing,Assassin,Equipamento Secundário
24040122,{Param1} Dark Mask,{Param3} usado pela classe {Param2}.,Old,Assassin,Equipamento Secundário
24040132,{Param1} Dark Mask,{Param3} usado pela classe {Param2}.,Guard’s,Assassin,Equipamento Secundário
24040142,{Param1} Dark Mask,{Param3} usado pela classe {Param2}.,Delicate,Assassin,Equipamento Secundário
24040152,{Param1} Dark Mask,{Param3} usado pela classe {Param2}.,Noticeable,Assassin,Equipamento Secundário
24040162,{Param1} Dark Mask,{Param3} usado pela classe {Param2}.,Reinforced,Assassin,Equipamento Secundário
24040172,{Param1} Dark Mask,{Param3} usado pela classe {Param2}.,Artificial,Assassin,Equipamento Secundário
24040013,{Param1} Dark Mask,{Param3} usado pela classe {Param2}.,Illusory,Assassin,Equipamento Secundário
24040023,{Param1} Dark Mask,{Param3} usado pela classe {Param2}.,Prophet’s,Assassin,Equipamento Secundário
24040033,{Param1} Dark Mask,{Param3} usado pela classe {Param2}.,Authoritative,Assassin,Equipamento Secundário
24040043,{Param1} Dark Mask,{Param3} usado pela classe {Param2}.,Noble’s,Assassin,Equipamento Secundário
24040053,{Param1} Dark Mask,{Param3} usado pela classe {Param2}.,Executor’s,Assassin,Equipamento Secundário
24040063,{Param1} Dark Mask,{Param3} usado pela classe {Param2}.,Judgment,Assassin,Equipamento Secundário
24040073,{Param1} Dark Mask,{Param3} usado pela classe {Param2}.,Lord’s,Assassin,Equipamento Secundário
24040083,{Param1} Dark Mask,{Param3} usado pela classe {Param2}.,Exile’s,Assassin,Equipamento Secundário
24040093,{Param1} Dark Mask,{Param3} usado pela classe {Param2}.,Dawn,Assassin,Equipamento Secundário
24040103,{Param1} Dark Mask,{Param3} usado pela classe {Param2}.,Blue Sky,Assassin,Equipamento Secundário
24040113,{Param1} Dark Mask,{Param3} usado pela classe {Param2}.,Twilight,Assassin,Equipamento Secundário
24040123,{Param1} Dark Mask,{Param3} usado pela classe {Param2}.,Night,Assassin,Equipamento Secundário
24040133,{Param1} Dark Mask,{Param3} usado pela classe {Param2}.,Mist,Assassin,Equipamento Secundário
24040143,{Param1} Dark Mask,{Param3} usado pela classe {Param2}.,Harvest,Assassin,Equipamento Secundário
24040153,{Param1} Dark Mask,{Param3} usado pela classe {Param2}.,Frost,Assassin,Equipamento Secundário
24040163,{Param1} Dark Mask,{Param3} usado pela classe {Param2}.,Silent,Assassin,Equipamento Secundário
24040173,{Param1} Dark Mask,{Param3} usado pela classe {Param2}.,Of Oblivion,Assassin,Equipamento Secundário
24040183,{Param1} Dark Mask,{Param3} usado pela classe {Param2}.,Knight’s,Assassin,Equipamento Secundário
24040193,{Param1} Dark Mask,{Param3} usado pela classe {Param2}.,Confident,Assassin,Equipamento Secundário
24040203,{Param1} Dark Mask,{Param3} usado pela classe {Param2}.,Beast’s,Assassin,Equipamento Secundário
24040213,{Param1} Dark Mask,{Param3} usado pela classe {Param2}.,of Steel,Assassin,Equipamento Secundário
24040223,{Param1} Dark Mask,{Param3} usado pela classe {Param2}.,Antique,Assassin,Equipamento Secundário
24040233,{Param1} Dark Mask,{Param3} usado pela classe {Param2}.,of Ascension,Assassin,Equipamento Secundário
24040243,{Param1} Dark Mask,{Param3} usado pela classe {Param2}.,of Ominous,Assassin,Equipamento Secundário
24040253,{Param1} Dark Mask,{Param3} usado pela classe {Param2}.,Old Kingdom’s,Assassin,Equipamento Secundário
24040014,{Param1} Dark Mask,{Param3} usado pela classe {Param2}.,Slayer’s,Assassin,Equipamento Secundário
24040024,{Param1} Dark Mask,{Param3} usado pela classe {Param2}.,Anguishing,Assassin,Equipamento Secundário
24040034,{Param1} Dark Mask,{Param3} usado pela classe {Param2}.,Destroyer’s,Assassin,Equipamento Secundário
24040044,{Param1} Dark Mask,{Param3} usado pela classe {Param2}.,Nightmare,Assassin,Equipamento Secundário
24040054,{Param1} Dark Mask,{Param3} usado pela classe {Param2}.,Tyrant’s,Assassin,Equipamento Secundário
24040064,{Param1} Dark Mask,{Param3} usado pela classe {Param2}.,Demon Spirit,Assassin,Equipamento Secundário
24040074,{Param1} Dark Mask,{Param3} usado pela classe {Param2}.,Priest’s,Assassin,Equipamento Secundário
24040084,{Param1} Dark Mask,{Param3} usado pela classe {Param2}.,Glorious,Assassin,Equipamento Secundário
24040094,{Param1} Dark Mask,{Param3} usado pela classe {Param2}.,Ruler’s,Assassin,Equipamento Secundário
24040104,{Param1} Dark Mask,{Param3} usado pela classe {Param2}.,Shadow,Assassin,Equipamento Secundário
24040015,{Param1} Dark Mask,{Param3} usado pela classe {Param2}.,Ancient,Assassin,Equipamento Secundário
24040025,{Param1} Dark Mask,{Param3} usado pela classe {Param2}.,Gudua’s,Assassin,Equipamento Secundário
24040035,{Param1} Dark Mask,{Param3} usado pela classe {Param2}.,of Frost,Assassin,Equipamento Secundário
24040016,{Param1} Dark Mask,{Param3} usado pela classe {Param2}.,The Absolute’s,Assassin,Equipamento Secundário
25050011,{Param1} Quiver,{Param3} usado pela classe {Param2}.,Splits,Hunter,Equipamento Secundário
25050021,{Param1} Quiver,{Param3} usado pela classe {Param2}.,Fallen One’s,Hunter,Equipamento Secundário
25050031,{Param1} Quiver,{Param3} usado pela classe {Param2}.,Crude,Hunter,Equipamento Secundário
25050041,{Param1} Quiver,{Param3} usado pela classe {Param2}.,Outlaw’s,Hunter,Equipamento Secundário
25050051,{Param1} Quiver,{Param3} usado pela classe {Param2}.,Training,Hunter,Equipamento Secundário
25050061,{Param1} Quiver,{Param3} usado pela classe {Param2}.,Adventurer’s,Hunter,Equipamento Secundário
25050071,{Param1} Quiver,{Param3} usado pela classe {Param2}.,Soldier’s,Hunter,Equipamento Secundário
25050081,{Param1} Quiver,{Param3} usado pela classe {Param2}.,Mercenary’s,Hunter,Equipamento Secundário
25050091,{Param1} Quiver,{Param3} usado pela classe {Param2}.,Ornament,Hunter,Equipamento Secundário
25050101,{Param1} Quiver,{Param3} usado pela classe {Param2}.,Cursed,Hunter,Equipamento Secundário
25050111,{Param1} Quiver,{Param3} usado pela classe {Param2}.,Balanced,Hunter,Equipamento Secundário
25050121,{Param1} Quiver,{Param3} usado pela classe {Param2}.,Worn,Hunter,Equipamento Secundário
25050131,{Param1} Quiver,{Param3} usado pela classe {Param2}.,Corroded,Hunter,Equipamento Secundário
25050141,{Param1} Quiver,{Param3} usado pela classe {Param2}.,Apprentice’s,Hunter,Equipamento Secundário
25050151,{Param1} Quiver,{Param3} usado pela classe {Param2}.,Wanderer’s,Hunter,Equipamento Secundário
25050161,{Param1} Quiver,{Param3} usado pela classe {Param2}.,Heretic’s,Hunter,Equipamento Secundário
25050171,{Param1} Quiver,{Param3} usado pela classe {Param2}.,Fighter’s,Hunter,Equipamento Secundário
25050012,{Param1} Quiver,{Param3} usado pela classe {Param2}.,Bandit’s,Hunter,Equipamento Secundário
25050022,{Param1} Quiver,{Param3} usado pela classe {Param2}.,Greedy,Hunter,Equipamento Secundário
25050032,{Param1} Quiver,{Param3} usado pela classe {Param2}.,Monster Hunter,Hunter,Equipamento Secundário
25050042,{Param1} Quiver,{Param3} usado pela classe {Param2}.,Slaughter’s,Hunter,Equipamento Secundário
25050052,{Param1} Quiver,{Param3} usado pela classe {Param2}.,Hunter’s,Hunter,Equipamento Secundário
25050062,{Param1} Quiver,{Param3} usado pela classe {Param2}.,Penetrating,Hunter,Equipamento Secundário
25050072,{Param1} Quiver,{Param3} usado pela classe {Param2}.,Rebel’s,Hunter,Equipamento Secundário
25050082,{Param1} Quiver,{Param3} usado pela classe {Param2}.,Master’s,Hunter,Equipamento Secundário
25050092,{Param1} Quiver,{Param3} usado pela classe {Param2}.,Enchanted,Hunter,Equipamento Secundário
25050102,{Param1} Quiver,{Param3} usado pela classe {Param2}.,Commander’s,Hunter,Equipamento Secundário
25050112,{Param1} Quiver,{Param3} usado pela classe {Param2}.,Pulverizing,Hunter,Equipamento Secundário
25050122,{Param1} Quiver,{Param3} usado pela classe {Param2}.,Old,Hunter,Equipamento Secundário
25050132,{Param1} Quiver,{Param3} usado pela classe {Param2}.,Guard’s,Hunter,Equipamento Secundário
25050142,{Param1} Quiver,{Param3} usado pela classe {Param2}.,Delicate,Hunter,Equipamento Secundário
25050152,{Param1} Quiver,{Param3} usado pela classe {Param2}.,Noticeable,Hunter,Equipamento Secundário
25050162,{Param1} Quiver,{Param3} usado pela classe {Param2}.,Reinforced,Hunter,Equipamento Secundário
25050172,{Param1} Quiver,{Param3} usado pela classe {Param2}.,Artificial,Hunter,Equipamento Secundário
25050013,{Param1} Quiver,{Param3} usado pela classe {Param2}.,Illusory,Hunter,Equipamento Secundário
25050023,{Param1} Quiver,{Param3} usado pela classe {Param2}.,Prophet’s,Hunter,Equipamento Secundário
25050033,{Param1} Quiver,{Param3} usado pela classe {Param2}.,Authoritative,Hunter,Equipamento Secundário
25050043,{Param1} Quiver,{Param3} usado pela classe {Param2}.,Noble’s,Hunter,Equipamento Secundário
25050053,{Param1} Quiver,{Param3} usado pela classe {Param2}.,Executor’s,Hunter,Equipamento Secundário
25050063,{Param1} Quiver,{Param3} usado pela classe {Param2}.,Judgment,Hunter,Equipamento Secundário
25050073,{Param1} Quiver,{Param3} usado pela classe {Param2}.,Lord’s,Hunter,Equipamento Secundário
25050083,{Param1} Quiver,{Param3} usado pela classe {Param2}.,Exile’s,Hunter,Equipamento Secundário
25050093,{Param1} Quiver,{Param3} usado pela classe {Param2}.,Dawn,Hunter,Equipamento Secundário
25050103,{Param1} Quiver,{Param3} usado pela classe {Param2}.,Blue Sky,Hunter,Equipamento Secundário
25050113,{Param1} Quiver,{Param3} usado pela classe {Param2}.,Twilight,Hunter,Equipamento Secundário
25050123,{Param1} Quiver,{Param3} usado pela classe {Param2}.,Night,Hunter,Equipamento Secundário
25050133,{Param1} Quiver,{Param3} usado pela classe {Param2}.,Mist,Hunter,Equipamento Secundário
25050143,{Param1} Quiver,{Param3} usado pela classe {Param2}.,Harvest,Hunter,Equipamento Secundário
25050153,{Param1} Quiver,{Param3} usado pela classe {Param2}.,Frost,Hunter,Equipamento Secundário
25050163,{Param1} Quiver,{Param3} usado pela classe {Param2}.,Silent,Hunter,Equipamento Secundário
25050173,{Param1} Quiver,{Param3} usado pela classe {Param2}.,Of Oblivion,Hunter,Equipamento Secundário
25050183,{Param1} Quiver,{Param3} usado pela classe {Param2}.,Knight’s,Hunter,Equipamento Secundário
25050193,{Param1} Quiver,{Param3} usado pela classe {Param2}.,Confident,Hunter,Equipamento Secundário
25050203,{Param1} Quiver,{Param3} usado pela classe {Param2}.,Beast’s,Hunter,Equipamento Secundário
25050213,{Param1} Quiver,{Param3} usado pela classe {Param2}.,of Steel,Hunter,Equipamento Secundário
25050223,{Param1} Quiver,{Param3} usado pela classe {Param2}.,Antique,Hunter,Equipamento Secundário
25050233,{Param1} Quiver,{Param3} usado pela classe {Param2}.,of Ascension,Hunter,Equipamento Secundário
25050243,{Param1} Quiver,{Param3} usado pela classe {Param2}.,of Ominous,Hunter,Equipamento Secundário
25050253,{Param1} Quiver,{Param3} usado pela classe {Param2}.,Old Kingdom’s,Hunter,Equipamento Secundário
25050014,{Param1} Quiver,{Param3} usado pela classe {Param2}.,Slayer’s,Hunter,Equipamento Secundário
25050024,{Param1} Quiver,{Param3} usado pela classe {Param2}.,Anguishing,Hunter,Equipamento Secundário
25050034,{Param1} Quiver,{Param3} usado pela classe {Param2}.,Destroyer’s,Hunter,Equipamento Secundário
25050044,{Param1} Quiver,{Param3} usado pela classe {Param2}.,Nightmare,Hunter,Equipamento Secundário
25050054,{Param1} Quiver,{Param3} usado pela classe {Param2}.,Tyrant’s,Hunter,Equipamento Secundário
25050064,{Param1} Quiver,{Param3} usado pela classe {Param2}.,The Beast King’s,Hunter,Equipamento Secundário
25050074,{Param1} Quiver,{Param3} usado pela classe {Param2}.,Priest’s,Hunter,Equipamento Secundário
25050084,{Param1} Quiver,{Param3} usado pela classe {Param2}.,Glorious,Hunter,Equipamento Secundário
25050094,{Param1} Quiver,{Param3} usado pela classe {Param2}.,Ruler’s,Hunter,Equipamento Secundário
25050104,{Param1} Quiver,{Param3} usado pela classe {Param2}.,Shadow,Hunter,Equipamento Secundário
25050015,{Param1} Quiver,{Param3} usado pela classe {Param2}.,Ancient,Hunter,Equipamento Secundário
25050025,{Param1} Quiver,{Param3} usado pela classe {Param2}.,Gudua’s,Hunter,Equipamento Secundário
25050035,{Param1} Quiver,{Param3} usado pela classe {Param2}.,of Frost,Hunter,Equipamento Secundário
25050016,{Param1} Quiver,{Param3} usado pela classe {Param2}.,The Absolute’s,Hunter,Equipamento Secundário
21010511,{Param1} Insignia,{Param3} usado pela classe {Param2}.,Outlaw’s,Warrior,Equipamento Secundário
21010521,{Param1} Insignia,{Param3} usado pela classe {Param2}.,Training,Warrior,Equipamento Secundário
21010531,{Param1} Insignia,{Param3} usado pela classe {Param2}.,Adventurer’s,Warrior,Equipamento Secundário
21010541,{Param1} Insignia,{Param3} usado pela classe {Param2}.,Soldier’s,Warrior,Equipamento Secundário
21010551,{Param1} Insignia,{Param3} usado pela classe {Param2}.,Mercenary’s,Warrior,Equipamento Secundário
21010561,{Param1} Insignia,{Param3} usado pela classe {Param2}.,Ornament,Warrior,Equipamento Secundário
21010571,{Param1} Insignia,{Param3} usado pela classe {Param2}.,Cursed,Warrior,Equipamento Secundário
21010581,{Param1} Insignia,{Param3} usado pela classe {Param2}.,Balanced,Warrior,Equipamento Secundário
21010591,{Param1} Insignia,{Param3} usado pela classe {Param2}.,Worn,Warrior,Equipamento Secundário
21010601,{Param1} Insignia,{Param3} usado pela classe {Param2}.,Corroded,Warrior,Equipamento Secundário
21010611,{Param1} Insignia,{Param3} usado pela classe {Param2}.,Apprentice’s,Warrior,Equipamento Secundário
21010621,{Param1} Insignia,{Param3} usado pela classe {Param2}.,Wanderer’s,Warrior,Equipamento Secundário
21010631,{Param1} Insignia,{Param3} usado pela classe {Param2}.,Heretic’s,Warrior,Equipamento Secundário
21010641,{Param1} Insignia,{Param3} usado pela classe {Param2}.,Fighter’s,Warrior,Equipamento Secundário
21010512,{Param1} Insignia,{Param3} usado pela classe {Param2}.,Slaughter’s,Warrior,Equipamento Secundário
21010522,{Param1} Insignia,{Param3} usado pela classe {Param2}.,Warrior’s,Warrior,Equipamento Secundário
21010532,{Param1} Insignia,{Param3} usado pela classe {Param2}.,Single-Strike,Warrior,Equipamento Secundário
21010542,{Param1} Insignia,{Param3} usado pela classe {Param2}.,Rebel’s,Warrior,Equipamento Secundário
21010552,{Param1} Insignia,{Param3} usado pela classe {Param2}.,Master’s,Warrior,Equipamento Secundário
21010562,{Param1} Insignia,{Param3} usado pela classe {Param2}.,Enchanted,Warrior,Equipamento Secundário
21010572,{Param1} Insignia,{Param3} usado pela classe {Param2}.,Commander’s,Warrior,Equipamento Secundário
21010582,{Param1} Insignia,{Param3} usado pela classe {Param2}.,Pulverizing,Warrior,Equipamento Secundário
21010592,{Param1} Insignia,{Param3} usado pela classe {Param2}.,Old,Warrior,Equipamento Secundário
21010602,{Param1} Insignia,{Param3} usado pela classe {Param2}.,Guard’s,Warrior,Equipamento Secundário
21010612,{Param1} Insignia,{Param3} usado pela classe {Param2}.,Delicate,Warrior,Equipamento Secundário
21010622,{Param1} Insignia,{Param3} usado pela classe {Param2}.,Noticeable,Warrior,Equipamento Secundário
21010632,{Param1} Insignia,{Param3} usado pela classe {Param2}.,Reinforced,Warrior,Equipamento Secundário
21010642,{Param1} Insignia,{Param3} usado pela classe {Param2}.,Artificial,Warrior,Equipamento Secundário
21010513,{Param1} Insignia,{Param3} usado pela classe {Param2}.,Noble’s,Warrior,Equipamento Secundário
21010523,{Param1} Insignia,{Param3} usado pela classe {Param2}.,Executor’s,Warrior,Equipamento Secundário
21010533,{Param1} Insignia,{Param3} usado pela classe {Param2}.,Judgment,Warrior,Equipamento Secundário
21010543,{Param1} Insignia,{Param3} usado pela classe {Param2}.,Lord’s,Warrior,Equipamento Secundário
21010553,{Param1} Insignia,{Param3} usado pela classe {Param2}.,Exile’s,Warrior,Equipamento Secundário
21010563,{Param1} Insignia,{Param3} usado pela classe {Param2}.,Dawn,Warrior,Equipamento Secundário
21010573,{Param1} Insignia,{Param3} usado pela classe {Param2}.,Blue Sky,Warrior,Equipamento Secundário
21010583,{Param1} Insignia,{Param3} usado pela classe {Param2}.,Twilight,Warrior,Equipamento Secundário
21010593,{Param1} Insignia,{Param3} usado pela classe {Param2}.,Night,Warrior,Equipamento Secundário
21010603,{Param1} Insignia,{Param3} usado pela classe {Param2}.,Mist,Warrior,Equipamento Secundário
21010613,{Param1} Insignia,{Param3} usado pela classe {Param2}.,Harvest,Warrior,Equipamento Secundário
21010623,{Param1} Insignia,{Param3} usado pela classe {Param2}.,Frost,Warrior,Equipamento Secundário
21010633,{Param1} Insignia,{Param3} usado pela classe {Param2}.,Silent,Warrior,Equipamento Secundário
21010643,{Param1} Insignia,{Param3} usado pela classe {Param2}.,Of Oblivion,Warrior,Equipamento Secundário
21010653,{Param1} Insignia,{Param3} usado pela classe {Param2}.,Knight’s,Warrior,Equipamento Secundário
21010663,{Param1} Insignia,{Param3} usado pela classe {Param2}.,Confident,Warrior,Equipamento Secundário
21010673,{Param1} Insignia,{Param3} usado pela classe {Param2}.,Beast’s,Warrior,Equipamento Secundário
21010683,{Param1} Insignia,{Param3} usado pela classe {Param2}.,of Steel,Warrior,Equipamento Secundário
21010693,{Param1} Insignia,{Param3} usado pela classe {Param2}.,Antique,Warrior,Equipamento Secundário
21010703,{Param1} Insignia,{Param3} usado pela classe {Param2}.,of Ascension,Warrior,Equipamento Secundário
21010713,{Param1} Insignia,{Param3} usado pela classe {Param2}.,of Ominous,Warrior,Equipamento Secundário
21010723,{Param1} Insignia,{Param3} usado pela classe {Param2}.,Old Kingdom’s,Warrior,Equipamento Secundário
21010514,{Param1} Insignia,{Param3} usado pela classe {Param2}.,Slayer’s,Warrior,Equipamento Secundário
21010524,{Param1} Insignia,{Param3} usado pela classe {Param2}.,Anguishing,Warrior,Equipamento Secundário
21010534,{Param1} Insignia,{Param3} usado pela classe {Param2}.,Destroyer’s,Warrior,Equipamento Secundário
21010544,{Param1} Insignia,{Param3} usado pela classe {Param2}.,Nightmare,Warrior,Equipamento Secundário
21010554,{Param1} Insignia,{Param3} usado pela classe {Param2}.,Tyrant’s,Warrior,Equipamento Secundário
21010564,{Param1} Insignia,{Param3} usado pela classe {Param2}.,High General’s,Warrior,Equipamento Secundário
21010574,{Param1} Insignia,{Param3} usado pela classe {Param2}.,Priest’s,Warrior,Equipamento Secundário
21010584,{Param1} Insignia,{Param3} usado pela classe {Param2}.,Glorious,Warrior,Equipamento Secundário
21010594,{Param1} Insignia,{Param3} usado pela classe {Param2}.,Ruler’s,Warrior,Equipamento Secundário
21010604,{Param1} Insignia,{Param3} usado pela classe {Param2}.,Shadow,Warrior,Equipamento Secundário
21010515,{Param1} Insignia,{Param3} usado pela classe {Param2}.,Ancient,Warrior,Equipamento Secundário
21010525,{Param1} Insignia,{Param3} usado pela classe {Param2}.,Gudua’s,Warrior,Equipamento Secundário
21010535,{Param1} Insignia,{Param3} usado pela classe {Param2}.,of Frost,Warrior,Equipamento Secundário
21010516,{Param1} Insignia,{Param3} usado pela classe {Param2}.,The Absolute’s,Warrior,Equipamento Secundário
22020511,{Param1} Talisman,{Param3} usado pela classe {Param2}.,Outlaw’s,Mage,Equipamento Secundário
22020521,{Param1} Talisman,{Param3} usado pela classe {Param2}.,Training,Mage,Equipamento Secundário
22020531,{Param1} Talisman,{Param3} usado pela classe {Param2}.,Adventurer’s,Mage,Equipamento Secundário
22020541,{Param1} Talisman,{Param3} usado pela classe {Param2}.,Soldier’s,Mage,Equipamento Secundário
22020551,{Param1} Talisman,{Param3} usado pela classe {Param2}.,Mercenary’s,Mage,Equipamento Secundário
22020561,{Param1} Talisman,{Param3} usado pela classe {Param2}.,Ornament,Mage,Equipamento Secundário
22020571,{Param1} Talisman,{Param3} usado pela classe {Param2}.,Cursed,Mage,Equipamento Secundário
22020581,{Param1} Talisman,{Param3} usado pela classe {Param2}.,Balanced,Mage,Equipamento Secundário
22020591,{Param1} Talisman,{Param3} usado pela classe {Param2}.,Worn,Mage,Equipamento Secundário
22020601,{Param1} Talisman,{Param3} usado pela classe {Param2}.,Corroded,Mage,Equipamento Secundário
22020611,{Param1} Talisman,{Param3} usado pela classe {Param2}.,Apprentice’s,Mage,Equipamento Secundário
22020621,{Param1} Talisman,{Param3} usado pela classe {Param2}.,Wanderer’s,Mage,Equipamento Secundário
22020631,{Param1} Talisman,{Param3} usado pela classe {Param2}.,Heretic’s,Mage,Equipamento Secundário
22020641,{Param1} Talisman,{Param3} usado pela classe {Param2}.,Fighter’s,Mage,Equipamento Secundário
22020512,{Param1} Talisman,{Param3} usado pela classe {Param2}.,Slaughter’s,Mage,Equipamento Secundário
22020522,{Param1} Talisman,{Param3} usado pela classe {Param2}.,Warrior’s,Mage,Equipamento Secundário
22020532,{Param1} Talisman,{Param3} usado pela classe {Param2}.,Single-Strike,Mage,Equipamento Secundário
22020542,{Param1} Talisman,{Param3} usado pela classe {Param2}.,Rebel’s,Mage,Equipamento Secundário
22020552,{Param1} Talisman,{Param3} usado pela classe {Param2}.,Master’s,Mage,Equipamento Secundário
22020562,{Param1} Talisman,{Param3} usado pela classe {Param2}.,Enchanted,Mage,Equipamento Secundário
22020572,{Param1} Talisman,{Param3} usado pela classe {Param2}.,Commander’s,Mage,Equipamento Secundário
22020582,{Param1} Talisman,{Param3} usado pela classe {Param2}.,Pulverizing,Mage,Equipamento Secundário
22020592,{Param1} Talisman,{Param3} usado pela classe {Param2}.,Old,Mage,Equipamento Secundário
22020602,{Param1} Talisman,{Param3} usado pela classe {Param2}.,Guard’s,Mage,Equipamento Secundário
22020612,{Param1} Talisman,{Param3} usado pela classe {Param2}.,Delicate,Mage,Equipamento Secundário
22020622,{Param1} Talisman,{Param3} usado pela classe {Param2}.,Noticeable,Mage,Equipamento Secundário
22020632,{Param1} Talisman,{Param3} usado pela classe {Param2}.,Reinforced,Mage,Equipamento Secundário
22020642,{Param1} Talisman,{Param3} usado pela classe {Param2}.,Artificial,Mage,Equipamento Secundário
22020513,{Param1} Talisman,{Param3} usado pela classe {Param2}.,Noble’s,Mage,Equipamento Secundário
22020523,{Param1} Talisman,{Param3} usado pela classe {Param2}.,Executor’s,Mage,Equipamento Secundário
22020533,{Param1} Talisman,{Param3} usado pela classe {Param2}.,Judgment,Mage,Equipamento Secundário
22020543,{Param1} Talisman,{Param3} usado pela classe {Param2}.,Lord’s,Mage,Equipamento Secundário
22020553,{Param1} Talisman,{Param3} usado pela classe {Param2}.,Exile’s,Mage,Equipamento Secundário
22020563,{Param1} Talisman,{Param3} usado pela classe {Param2}.,Dawn,Mage,Equipamento Secundário
22020573,{Param1} Talisman,{Param3} usado pela classe {Param2}.,Blue Sky,Mage,Equipamento Secundário
22020583,{Param1} Talisman,{Param3} usado pela classe {Param2}.,Twilight,Mage,Equipamento Secundário
22020593,{Param1} Talisman,{Param3} usado pela classe {Param2}.,Night,Mage,Equipamento Secundário
22020603,{Param1} Talisman,{Param3} usado pela classe {Param2}.,Mist,Mage,Equipamento Secundário
22020613,{Param1} Talisman,{Param3} usado pela classe {Param2}.,Harvest,Mage,Equipamento Secundário
22020623,{Param1} Talisman,{Param3} usado pela classe {Param2}.,Frost,Mage,Equipamento Secundário
22020633,{Param1} Talisman,{Param3} usado pela classe {Param2}.,Silent,Mage,Equipamento Secundário
22020643,{Param1} Talisman,{Param3} usado pela classe {Param2}.,Of Oblivion,Mage,Equipamento Secundário
22020653,{Param1} Talisman,{Param3} usado pela classe {Param2}.,Knight’s,Mage,Equipamento Secundário
22020663,{Param1} Talisman,{Param3} usado pela classe {Param2}.,Confident,Mage,Equipamento Secundário
22020673,{Param1} Talisman,{Param3} usado pela classe {Param2}.,Beast’s,Mage,Equipamento Secundário
22020683,{Param1} Talisman,{Param3} usado pela classe {Param2}.,of Steel,Mage,Equipamento Secundário
22020693,{Param1} Talisman,{Param3} usado pela classe {Param2}.,Antique,Mage,Equipamento Secundário
22020703,{Param1} Talisman,{Param3} usado pela classe {Param2}.,of Ascension,Mage,Equipamento Secundário
22020713,{Param1} Talisman,{Param3} usado pela classe {Param2}.,of Ominous,Mage,Equipamento Secundário
22020723,{Param1} Talisman,{Param3} usado pela classe {Param2}.,Old Kingdom’s,Mage,Equipamento Secundário
22020514,{Param1} Talisman,{Param3} usado pela classe {Param2}.,Slayer’s,Mage,Equipamento Secundário
22020524,{Param1} Talisman,{Param3} usado pela classe {Param2}.,Anguishing,Mage,Equipamento Secundário
22020534,{Param1} Talisman,{Param3} usado pela classe {Param2}.,Destroyer’s,Mage,Equipamento Secundário
22020544,{Param1} Talisman,{Param3} usado pela classe {Param2}.,Nightmare,Mage,Equipamento Secundário
22020554,{Param1} Talisman,{Param3} usado pela classe {Param2}.,Tyrant’s,Mage,Equipamento Secundário
22020564,{Param1} Talisman,{Param3} usado pela classe {Param2}.,High General’s,Mage,Equipamento Secundário
22020574,{Param1} Talisman,{Param3} usado pela classe {Param2}.,Priest’s,Mage,Equipamento Secundário
22020584,{Param1} Talisman,{Param3} usado pela classe {Param2}.,Glorious,Mage,Equipamento Secundário
22020594,{Param1} Talisman,{Param3} usado pela classe {Param2}.,Ruler’s,Mage,Equipamento Secundário
22020604,{Param1} Talisman,{Param3} usado pela classe {Param2}.,Shadow,Mage,Equipamento Secundário
22020515,{Param1} Talisman,{Param3} usado pela classe {Param2}.,Ancient,Mage,Equipamento Secundário
22020525,{Param1} Talisman,{Param3} usado pela classe {Param2}.,Gudua’s,Mage,Equipamento Secundário
22020535,{Param1} Talisman,{Param3} usado pela classe {Param2}.,of Frost,Mage,Equipamento Secundário
22020516,{Param1} Talisman,{Param3} usado pela classe {Param2}.,The Absolute’s,Mage,Equipamento Secundário
23030511,{Param1} Sacred Mark,{Param3} usado pela classe {Param2}.,Outlaw’s,Battle Priest,Equipamento Secundário
23030521,{Param1} Sacred Mark,{Param3} usado pela classe {Param2}.,Training,Battle Priest,Equipamento Secundário
23030531,{Param1} Sacred Mark,{Param3} usado pela classe {Param2}.,Adventurer’s,Battle Priest,Equipamento Secundário
23030541,{Param1} Sacred Mark,{Param3} usado pela classe {Param2}.,Soldier’s,Battle Priest,Equipamento Secundário
23030551,{Param1} Sacred Mark,{Param3} usado pela classe {Param2}.,Mercenary’s,Battle Priest,Equipamento Secundário
23030561,{Param1} Sacred Mark,{Param3} usado pela classe {Param2}.,Ornament,Battle Priest,Equipamento Secundário
23030571,{Param1} Sacred Mark,{Param3} usado pela classe {Param2}.,Cursed,Battle Priest,Equipamento Secundário
23030581,{Param1} Sacred Mark,{Param3} usado pela classe {Param2}.,Balanced,Battle Priest,Equipamento Secundário
23030591,{Param1} Sacred Mark,{Param3} usado pela classe {Param2}.,Worn,Battle Priest,Equipamento Secundário
23030601,{Param1} Sacred Mark,{Param3} usado pela classe {Param2}.,Corroded,Battle Priest,Equipamento Secundário
23030611,{Param1} Sacred Mark,{Param3} usado pela classe {Param2}.,Apprentice’s,Battle Priest,Equipamento Secundário
23030621,{Param1} Sacred Mark,{Param3} usado pela classe {Param2}.,Wanderer’s,Battle Priest,Equipamento Secundário
23030631,{Param1} Sacred Mark,{Param3} usado pela classe {Param2}.,Heretic’s,Battle Priest,Equipamento Secundário
23030641,{Param1} Sacred Mark,{Param3} usado pela classe {Param2}.,Fighter’s,Battle Priest,Equipamento Secundário
23030512,{Param1} Sacred Mark,{Param3} usado pela classe {Param2}.,Slaughter’s,Battle Priest,Equipamento Secundário
23030522,{Param1} Sacred Mark,{Param3} usado pela classe {Param2}.,Warrior’s,Battle Priest,Equipamento Secundário
23030532,{Param1} Sacred Mark,{Param3} usado pela classe {Param2}.,Single-Strike,Battle Priest,Equipamento Secundário
23030542,{Param1} Sacred Mark,{Param3} usado pela classe {Param2}.,Rebel’s,Battle Priest,Equipamento Secundário
23030552,{Param1} Sacred Mark,{Param3} usado pela classe {Param2}.,Master’s,Battle Priest,Equipamento Secundário
23030562,{Param1} Sacred Mark,{Param3} usado pela classe {Param2}.,Enchanted,Battle Priest,Equipamento Secundário
23030572,{Param1} Sacred Mark,{Param3} usado pela classe {Param2}.,Commander’s,Battle Priest,Equipamento Secundário
23030582,{Param1} Sacred Mark,{Param3} usado pela classe {Param2}.,Pulverizing,Battle Priest,Equipamento Secundário
23030592,{Param1} Sacred Mark,{Param3} usado pela classe {Param2}.,Old,Battle Priest,Equipamento Secundário
23030602,{Param1} Sacred Mark,{Param3} usado pela classe {Param2}.,Guard’s,Battle Priest,Equipamento Secundário
23030612,{Param1} Sacred Mark,{Param3} usado pela classe {Param2}.,Delicate,Battle Priest,Equipamento Secundário
23030622,{Param1} Sacred Mark,{Param3} usado pela classe {Param2}.,Noticeable,Battle Priest,Equipamento Secundário
23030632,{Param1} Sacred Mark,{Param3} usado pela classe {Param2}.,Reinforced,Battle Priest,Equipamento Secundário
23030642,{Param1} Sacred Mark,{Param3} usado pela classe {Param2}.,Artificial,Battle Priest,Equipamento Secundário
23030513,{Param1} Sacred Mark,{Param3} usado pela classe {Param2}.,Noble’s,Battle Priest,Equipamento Secundário
23030523,{Param1} Sacred Mark,{Param3} usado pela classe {Param2}.,Executor’s,Battle Priest,Equipamento Secundário
23030533,{Param1} Sacred Mark,{Param3} usado pela classe {Param2}.,Judgment,Battle Priest,Equipamento Secundário
23030543,{Param1} Sacred Mark,{Param3} usado pela classe {Param2}.,Lord’s,Battle Priest,Equipamento Secundário
23030553,{Param1} Sacred Mark,{Param3} usado pela classe {Param2}.,Exile’s,Battle Priest,Equipamento Secundário
23030563,{Param1} Sacred Mark,{Param3} usado pela classe {Param2}.,Dawn,Battle Priest,Equipamento Secundário
23030573,{Param1} Sacred Mark,{Param3} usado pela classe {Param2}.,Blue Sky,Battle Priest,Equipamento Secundário
23030583,{Param1} Sacred Mark,{Param3} usado pela classe {Param2}.,Twilight,Battle Priest,Equipamento Secundário
23030593,{Param1} Sacred Mark,{Param3} usado pela classe {Param2}.,Night,Battle Priest,Equipamento Secundário
23030603,{Param1} Sacred Mark,{Param3} usado pela classe {Param2}.,Mist,Battle Priest,Equipamento Secundário
23030613,{Param1} Sacred Mark,{Param3} usado pela classe {Param2}.,Harvest,Battle Priest,Equipamento Secundário
23030623,{Param1} Sacred Mark,{Param3} usado pela classe {Param2}.,Frost,Battle Priest,Equipamento Secundário
23030633,{Param1} Sacred Mark,{Param3} usado pela classe {Param2}.,Silent,Battle Priest,Equipamento Secundário
23030643,{Param1} Sacred Mark,{Param3} usado pela classe {Param2}.,Of Oblivion,Battle Priest,Equipamento Secundário
23030653,{Param1} Sacred Mark,{Param3} usado pela classe {Param2}.,Knight’s,Battle Priest,Equipamento Secundário
23030663,{Param1} Sacred Mark,{Param3} usado pela classe {Param2}.,Confident,Battle Priest,Equipamento Secundário
23030673,{Param1} Sacred Mark,{Param3} usado pela classe {Param2}.,Beast’s,Battle Priest,Equipamento Secundário
23030683,{Param1} Sacred Mark,{Param3} usado pela classe {Param2}.,of Steel,Battle Priest,Equipamento Secundário
23030693,{Param1} Sacred Mark,{Param3} usado pela classe {Param2}.,Antique,Battle Priest,Equipamento Secundário
23030703,{Param1} Sacred Mark,{Param3} usado pela classe {Param2}.,of Ascension,Battle Priest,Equipamento Secundário
23030713,{Param1} Sacred Mark,{Param3} usado pela classe {Param2}.,of Ominous,Battle Priest,Equipamento Secundário
23030723,{Param1} Sacred Mark,{Param3} usado pela classe {Param2}.,Old Kingdom’s,Battle Priest,Equipamento Secundário
23030514,{Param1} Sacred Mark,{Param3} usado pela classe {Param2}.,Slayer’s,Battle Priest,Equipamento Secundário
23030524,{Param1} Sacred Mark,{Param3} usado pela classe {Param2}.,Anguishing,Battle Priest,Equipamento Secundário
23030534,{Param1} Sacred Mark,{Param3} usado pela classe {Param2}.,Destroyer’s,Battle Priest,Equipamento Secundário
23030544,{Param1} Sacred Mark,{Param3} usado pela classe {Param2}.,Nightmare,Battle Priest,Equipamento Secundário
23030554,{Param1} Sacred Mark,{Param3} usado pela classe {Param2}.,Tyrant’s,Battle Priest,Equipamento Secundário
23030564,{Param1} Sacred Mark,{Param3} usado pela classe {Param2}.,High General’s,Battle Priest,Equipamento Secundário
23030574,{Param1} Sacred Mark,{Param3} usado pela classe {Param2}.,Priest’s,Battle Priest,Equipamento Secundário
23030584,{Param1} Sacred Mark,{Param3} usado pela classe {Param2}.,Glorious,Battle Priest,Equipamento Secundário
23030594,{Param1} Sacred Mark,{Param3} usado pela classe {Param2}.,Ruler’s,Battle Priest,Equipamento Secundário
23030604,{Param1} Sacred Mark,{Param3} usado pela classe {Param2}.,Shadow,Battle Priest,Equipamento Secundário
23030515,{Param1} Sacred Mark,{Param3} usado pela classe {Param2}.,Ancient,Battle Priest,Equipamento Secundário
23030525,{Param1} Sacred Mark,{Param3} usado pela classe {Param2}.,Gudua’s,Battle Priest,Equipamento Secundário
23030535,{Param1} Sacred Mark,{Param3} usado pela classe {Param2}.,of Frost,Battle Priest,Equipamento Secundário
23030516,{Param1} Sacred Mark,{Param3} usado pela classe {Param2}.,The Absolute’s,Battle Priest,Equipamento Secundário
24040511,{Param1} Blade,{Param3} usado pela classe {Param2}.,Outlaw’s,Assassin,Equipamento Secundário
24040521,{Param1} Blade,{Param3} usado pela classe {Param2}.,Training,Assassin,Equipamento Secundário
24040531,{Param1} Blade,{Param3} usado pela classe {Param2}.,Adventurer’s,Assassin,Equipamento Secundário
24040541,{Param1} Blade,{Param3} usado pela classe {Param2}.,Soldier’s,Assassin,Equipamento Secundário
24040551,{Param1} Blade,{Param3} usado pela classe {Param2}.,Mercenary’s,Assassin,Equipamento Secundário
24040561,{Param1} Blade,{Param3} usado pela classe {Param2}.,Ornament,Assassin,Equipamento Secundário
24040571,{Param1} Blade,{Param3} usado pela classe {Param2}.,Cursed,Assassin,Equipamento Secundário
24040581,{Param1} Blade,{Param3} usado pela classe {Param2}.,Balanced,Assassin,Equipamento Secundário
24040591,{Param1} Blade,{Param3} usado pela classe {Param2}.,Worn,Assassin,Equipamento Secundário
24040601,{Param1} Blade,{Param3} usado pela classe {Param2}.,Corroded,Assassin,Equipamento Secundário
24040611,{Param1} Blade,{Param3} usado pela classe {Param2}.,Apprentice’s,Assassin,Equipamento Secundário
24040621,{Param1} Blade,{Param3} usado pela classe {Param2}.,Wanderer’s,Assassin,Equipamento Secundário
24040631,{Param1} Blade,{Param3} usado pela classe {Param2}.,Heretic’s,Assassin,Equipamento Secundário
24040641,{Param1} Blade,{Param3} usado pela classe {Param2}.,Fighter’s,Assassin,Equipamento Secundário
24040512,{Param1} Blade,{Param3} usado pela classe {Param2}.,Slaughter’s,Assassin,Equipamento Secundário
24040522,{Param1} Blade,{Param3} usado pela classe {Param2}.,Warrior’s,Assassin,Equipamento Secundário
24040532,{Param1} Blade,{Param3} usado pela classe {Param2}.,Single-Strike,Assassin,Equipamento Secundário
24040542,{Param1} Blade,{Param3} usado pela classe {Param2}.,Rebel’s,Assassin,Equipamento Secundário
24040552,{Param1} Blade,{Param3} usado pela classe {Param2}.,Master’s,Assassin,Equipamento Secundário
24040562,{Param1} Blade,{Param3} usado pela classe {Param2}.,Enchanted,Assassin,Equipamento Secundário
24040572,{Param1} Blade,{Param3} usado pela classe {Param2}.,Commander’s,Assassin,Equipamento Secundário
24040582,{Param1} Blade,{Param3} usado pela classe {Param2}.,Pulverizing,Assassin,Equipamento Secundário
24040592,{Param1} Blade,{Param3} usado pela classe {Param2}.,Old,Assassin,Equipamento Secundário
24040602,{Param1} Blade,{Param3} usado pela classe {Param2}.,Guard’s,Assassin,Equipamento Secundário
24040612,{Param1} Blade,{Param3} usado pela classe {Param2}.,Delicate,Assassin,Equipamento Secundário
24040622,{Param1} Blade,{Param3} usado pela classe {Param2}.,Noticeable,Assassin,Equipamento Secundário
24040632,{Param1} Blade,{Param3} usado pela classe {Param2}.,Reinforced,Assassin,Equipamento Secundário
24040642,{Param1} Blade,{Param3} usado pela classe {Param2}.,Artificial,Assassin,Equipamento Secundário
24040513,{Param1} Blade,{Param3} usado pela classe {Param2}.,Noble’s,Assassin,Equipamento Secundário
24040523,{Param1} Blade,{Param3} usado pela classe {Param2}.,Executor’s,Assassin,Equipamento Secundário
24040533,{Param1} Blade,{Param3} usado pela classe {Param2}.,Judgment,Assassin,Equipamento Secundário
24040543,{Param1} Blade,{Param3} usado pela classe {Param2}.,Lord’s,Assassin,Equipamento Secundário
24040553,{Param1} Blade,{Param3} usado pela classe {Param2}.,Exile’s,Assassin,Equipamento Secundário
24040563,{Param1} Blade,{Param3} usado pela classe {Param2}.,Dawn,Assassin,Equipamento Secundário
24040573,{Param1} Blade,{Param3} usado pela classe {Param2}.,Blue Sky,Assassin,Equipamento Secundário
24040583,{Param1} Blade,{Param3} usado pela classe {Param2}.,Twilight,Assassin,Equipamento Secundário
24040593,{Param1} Blade,{Param3} usado pela classe {Param2}.,Night,Assassin,Equipamento Secundário
24040603,{Param1} Blade,{Param3} usado pela classe {Param2}.,Mist,Assassin,Equipamento Secundário
24040613,{Param1} Blade,{Param3} usado pela classe {Param2}.,Harvest,Assassin,Equipamento Secundário
24040623,{Param1} Blade,{Param3} usado pela classe {Param2}.,Frost,Assassin,Equipamento Secundário
24040633,{Param1} Blade,{Param3} usado pela classe {Param2}.,Silent,Assassin,Equipamento Secundário
24040643,{Param1} Blade,{Param3} usado pela classe {Param2}.,Of Oblivion,Assassin,Equipamento Secundário
24040653,{Param1} Blade,{Param3} usado pela classe {Param2}.,Knight’s,Assassin,Equipamento Secundário
24040663,{Param1} Blade,{Param3} usado pela classe {Param2}.,Confident,Assassin,Equipamento Secundário
24040673,{Param1} Blade,{Param3} usado pela classe {Param2}.,Beast’s,Assassin,Equipamento Secundário
24040683,{Param1} Blade,{Param3} usado pela classe {Param2}.,of Steel,Assassin,Equipamento Secundário
24040693,{Param1} Blade,{Param3} usado pela classe {Param2}.,Antique,Assassin,Equipamento Secundário
24040703,{Param1} Blade,{Param3} usado pela classe {Param2}.,of Ascension,Assassin,Equipamento Secundário
24040713,{Param1} Blade,{Param3} usado pela classe {Param2}.,of Ominous,Assassin,Equipamento Secundário
24040723,{Param1} Blade,{Param3} usado pela classe {Param2}.,Old Kingdom’s,Assassin,Equipamento Secundário
24040514,{Param1} Blade,{Param3} usado pela classe {Param2}.,Slayer’s,Assassin,Equipamento Secundário
24040524,{Param1} Blade,{Param3} usado pela classe {Param2}.,Anguishing,Assassin,Equipamento Secundário
24040534,{Param1} Blade,{Param3} usado pela classe {Param2}.,Destroyer’s,Assassin,Equipamento Secundário
24040544,{Param1} Blade,{Param3} usado pela classe {Param2}.,Nightmare,Assassin,Equipamento Secundário
24040554,{Param1} Blade,{Param3} usado pela classe {Param2}.,Tyrant’s,Assassin,Equipamento Secundário
24040564,{Param1} Blade,{Param3} usado pela classe {Param2}.,High General’s,Assassin,Equipamento Secundário
24040574,{Param1} Blade,{Param3} usado pela classe {Param2}.,Priest’s,Assassin,Equipamento Secundário
24040584,{Param1} Blade,{Param3} usado pela classe {Param2}.,Glorious,Assassin,Equipamento Secundário
24040594,{Param1} Blade,{Param3} usado pela classe {Param2}.,Ruler’s,Assassin,Equipamento Secundário
24040604,{Param1} Blade,{Param3} usado pela classe {Param2}.,Shadow,Assassin,Equipamento Secundário
24040515,{Param1} Blade,{Param3} usado pela classe {Param2}.,Ancient,Assassin,Equipamento Secundário
24040525,{Param1} Blade,{Param3} usado pela classe {Param2}.,Gudua’s,Assassin,Equipamento Secundário
24040535,{Param1} Blade,{Param3} usado pela classe {Param2}.,of Frost,Assassin,Equipamento Secundário
24040516,{Param1} Blade,{Param3} usado pela classe {Param2}.,The Absolute’s,Assassin,Equipamento Secundário
25050511,{Param1} Arrowhead,{Param3} usado pela classe {Param2}.,Outlaw’s,Hunter,Equipamento Secundário
25050521,{Param1} Arrowhead,{Param3} usado pela classe {Param2}.,Training,Hunter,Equipamento Secundário
25050531,{Param1} Arrowhead,{Param3} usado pela classe {Param2}.,Adventurer’s,Hunter,Equipamento Secundário
25050541,{Param1} Arrowhead,{Param3} usado pela classe {Param2}.,Soldier’s,Hunter,Equipamento Secundário
25050551,{Param1} Arrowhead,{Param3} usado pela classe {Param2}.,Mercenary’s,Hunter,Equipamento Secundário
25050561,{Param1} Arrowhead,{Param3} usado pela classe {Param2}.,Ornament,Hunter,Equipamento Secundário
25050571,{Param1} Arrowhead,{Param3} usado pela classe {Param2}.,Cursed,Hunter,Equipamento Secundário
25050581,{Param1} Arrowhead,{Param3} usado pela classe {Param2}.,Balanced,Hunter,Equipamento Secundário
25050591,{Param1} Arrowhead,{Param3} usado pela classe {Param2}.,Worn,Hunter,Equipamento Secundário
25050601,{Param1} Arrowhead,{Param3} usado pela classe {Param2}.,Corroded,Hunter,Equipamento Secundário
25050611,{Param1} Arrowhead,{Param3} usado pela classe {Param2}.,Apprentice’s,Hunter,Equipamento Secundário
25050621,{Param1} Arrowhead,{Param3} usado pela classe {Param2}.,Wanderer’s,Hunter,Equipamento Secundário
25050631,{Param1} Arrowhead,{Param3} usado pela classe {Param2}.,Heretic’s,Hunter,Equipamento Secundário
25050641,{Param1} Arrowhead,{Param3} usado pela classe {Param2}.,Fighter’s,Hunter,Equipamento Secundário
25050512,{Param1} Arrowhead,{Param3} usado pela classe {Param2}.,Slaughter’s,Hunter,Equipamento Secundário
25050522,{Param1} Arrowhead,{Param3} usado pela classe {Param2}.,Warrior’s,Hunter,Equipamento Secundário
25050532,{Param1} Arrowhead,{Param3} usado pela classe {Param2}.,Single-Strike,Hunter,Equipamento Secundário
25050542,{Param1} Arrowhead,{Param3} usado pela classe {Param2}.,Rebel’s,Hunter,Equipamento Secundário
25050552,{Param1} Arrowhead,{Param3} usado pela classe {Param2}.,Master’s,Hunter,Equipamento Secundário
25050562,{Param1} Arrowhead,{Param3} usado pela classe {Param2}.,Enchanted,Hunter,Equipamento Secundário
25050572,{Param1} Arrowhead,{Param3} usado pela classe {Param2}.,Commander’s,Hunter,Equipamento Secundário
25050582,{Param1} Arrowhead,{Param3} usado pela classe {Param2}.,Pulverizing,Hunter,Equipamento Secundário
25050592,{Param1} Arrowhead,{Param3} usado pela classe {Param2}.,Old,Hunter,Equipamento Secundário
25050602,{Param1} Arrowhead,{Param3} usado pela classe {Param2}.,Guard’s,Hunter,Equipamento Secundário
25050612,{Param1} Arrowhead,{Param3} usado pela classe {Param2}.,Delicate,Hunter,Equipamento Secundário
25050622,{Param1} Arrowhead,{Param3} usado pela classe {Param2}.,Noticeable,Hunter,Equipamento Secundário
25050632,{Param1} Arrowhead,{Param3} usado pela classe {Param2}.,Reinforced,Hunter,Equipamento Secundário
25050642,{Param1} Arrowhead,{Param3} usado pela classe {Param2}.,Artificial,Hunter,Equipamento Secundário
25050513,{Param1} Arrowhead,{Param3} usado pela classe {Param2}.,Noble’s,Hunter,Equipamento Secundário
25050523,{Param1} Arrowhead,{Param3} usado pela classe {Param2}.,Executor’s,Hunter,Equipamento Secundário
25050533,{Param1} Arrowhead,{Param3} usado pela classe {Param2}.,Judgment,Hunter,Equipamento Secundário
25050543,{Param1} Arrowhead,{Param3} usado pela classe {Param2}.,Lord’s,Hunter,Equipamento Secundário
25050553,{Param1} Arrowhead,{Param3} usado pela classe {Param2}.,Exile’s,Hunter,Equipamento Secundário
25050563,{Param1} Arrowhead,{Param3} usado pela classe {Param2}.,Dawn,Hunter,Equipamento Secundário
25050573,{Param1} Arrowhead,{Param3} usado pela classe {Param2}.,Blue Sky,Hunter,Equipamento Secundário
25050583,{Param1} Arrowhead,{Param3} usado pela classe {Param2}.,Twilight,Hunter,Equipamento Secundário
25050593,{Param1} Arrowhead,{Param3} usado pela classe {Param2}.,Night,Hunter,Equipamento Secundário
25050603,{Param1} Arrowhead,{Param3} usado pela classe {Param2}.,Mist,Hunter,Equipamento Secundário
25050613,{Param1} Arrowhead,{Param3} usado pela classe {Param2}.,Harvest,Hunter,Equipamento Secundário
25050623,{Param1} Arrowhead,{Param3} usado pela classe {Param2}.,Frost,Hunter,Equipamento Secundário
25050633,{Param1} Arrowhead,{Param3} usado pela classe {Param2}.,Silent,Hunter,Equipamento Secundário
25050643,{Param1} Arrowhead,{Param3} usado pela classe {Param2}.,Of Oblivion,Hunter,Equipamento Secundário
25050653,{Param1} Arrowhead,{Param3} usado pela classe {Param2}.,Knight’s,Hunter,Equipamento Secundário
25050663,{Param1} Arrowhead,{Param3} usado pela classe {Param2}.,Confident,Hunter,Equipamento Secundário
25050673,{Param1} Arrowhead,{Param3} usado pela classe {Param2}.,Beast’s,Hunter,Equipamento Secundário
25050683,{Param1} Arrowhead,{Param3} usado pela classe {Param2}.,of Steel,Hunter,Equipamento Secundário
25050693,{Param1} Arrowhead,{Param3} usado pela classe {Param2}.,Antique,Hunter,Equipamento Secundário
25050703,{Param1} Arrowhead,{Param3} usado pela classe {Param2}.,of Ascension,Hunter,Equipamento Secundário
25050713,{Param1} Arrowhead,{Param3} usado pela classe {Param2}.,of Ominous,Hunter,Equipamento Secundário
25050723,{Param1} Arrowhead,{Param3} usado pela classe {Param2}.,Old Kingdom’s,Hunter,Equipamento Secundário
25050514,{Param1} Arrowhead,{Param3} usado pela classe {Param2}.,Slayer’s,Hunter,Equipamento Secundário
25050524,{Param1} Arrowhead,{Param3} usado pela classe {Param2}.,Anguishing,Hunter,Equipamento Secundário
25050534,{Param1} Arrowhead,{Param3} usado pela classe {Param2}.,Destroyer’s,Hunter,Equipamento Secundário
25050544,{Param1} Arrowhead,{Param3} usado pela classe {Param2}.,Nightmare,Hunter,Equipamento Secundário
25050554,{Param1} Arrowhead,{Param3} usado pela classe {Param2}.,Tyrant’s,Hunter,Equipamento Secundário
25050564,{Param1} Arrowhead,{Param3} usado pela classe {Param2}.,High General’s,Hunter,Equipamento Secundário
25050574,{Param1} Arrowhead,{Param3} usado pela classe {Param2}.,Priest’s,Hunter,Equipamento Secundário
25050584,{Param1} Arrowhead,{Param3} usado pela classe {Param2}.,Glorious,Hunter,Equipamento Secundário
25050594,{Param1} Arrowhead,{Param3} usado pela classe {Param2}.,Ruler’s,Hunter,Equipamento Secundário
25050604,{Param1} Arrowhead,{Param3} usado pela classe {Param2}.,Shadow,Hunter,Equipamento Secundário
25050515,{Param1} Arrowhead,{Param3} usado pela classe {Param2}.,Ancient,Hunter,Equipamento Secundário
25050525,{Param1} Arrowhead,{Param3} usado pela classe {Param2}.,Gudua’s,Hunter,Equipamento Secundário
25050535,{Param1} Arrowhead,{Param3} usado pela classe {Param2}.,of Frost,Hunter,Equipamento Secundário
25050516,{Param1} Arrowhead,{Param3} usado pela classe {Param2}.,The Absolute’s,Hunter,Equipamento Secundário
31090011,{Param1} Helm,{Param3} equipado em {Param2}.,Ruined Leather,Head,Armadura robusta
31090021,{Param1} Helm,{Param3} equipado em {Param2}.,Fallen One’s,Head,Armadura robusta
31090031,{Param1} Helm,{Param3} equipado em {Param2}.,Worn,Head,Armadura robusta
31090041,{Param1} Helm,{Param3} equipado em {Param2}.,Outlaw’s,Head,Armadura robusta
31090051,{Param1} Helm,{Param3} equipado em {Param2}.,Trainee’s,Head,Armadura robusta
31090061,{Param1} Helm,{Param3} equipado em {Param2}.,Adventurer’s,Head,Armadura robusta
31090071,{Param1} Helm,{Param3} equipado em {Param2}.,Soldier’s,Head,Armadura robusta
31090081,{Param1} Helm,{Param3} equipado em {Param2}.,Mercenary’s,Head,Armadura robusta
31090091,{Param1} Helm,{Param3} equipado em {Param2}.,Ornament,Head,Armadura robusta
31090101,{Param1} Helm,{Param3} equipado em {Param2}.,Cursed,Head,Armadura robusta
31090111,{Param1} Helm,{Param3} equipado em {Param2}.,Refined,Head,Armadura robusta
31090121,{Param1} Helm,{Param3} equipado em {Param2}.,Worn,Head,Armadura robusta
31090131,{Param1} Helm,{Param3} equipado em {Param2}.,Corroded,Head,Armadura robusta
31090141,{Param1} Helm,{Param3} equipado em {Param2}.,Apprentice’s,Head,Armadura robusta
31090151,{Param1} Helm,{Param3} equipado em {Param2}.,Wanderer’s,Head,Armadura robusta
31090161,{Param1} Helm,{Param3} equipado em {Param2}.,Heretic’s,Head,Armadura robusta
31090171,{Param1} Helm,{Param3} equipado em {Param2}.,Fighter’s,Head,Armadura robusta
31090012,{Param1} Helm,{Param3} equipado em {Param2}.,Thief’s,Head,Armadura robusta
31090022,{Param1} Helm,{Param3} equipado em {Param2}.,Raider’s,Head,Armadura robusta
31090032,{Param1} Helm,{Param3} equipado em {Param2}.,Monster Hunter’s,Head,Armadura robusta
31090042,{Param1} Helm,{Param3} equipado em {Param2}.,Butcher’s,Head,Armadura robusta
31090052,{Param1} Helm,{Param3} equipado em {Param2}.,Battle,Head,Armadura robusta
31090062,{Param1} Helm,{Param3} equipado em {Param2}.,Follower’s,Head,Armadura robusta
31090072,{Param1} Helm,{Param3} equipado em {Param2}.,Rebel’s,Head,Armadura robusta
31090082,{Param1} Helm,{Param3} equipado em {Param2}.,Master’s,Head,Armadura robusta
31090092,{Param1} Helm,{Param3} equipado em {Param2}.,Enchanted,Head,Armadura robusta
31090102,{Param1} Helm,{Param3} equipado em {Param2}.,Commander’s,Head,Armadura robusta
31090112,{Param1} Helm,{Param3} equipado em {Param2}.,Adamant,Head,Armadura robusta
31090122,{Param1} Helm,{Param3} equipado em {Param2}.,Old,Head,Armadura robusta
31090132,{Param1} Helm,{Param3} equipado em {Param2}.,Guard’s,Head,Armadura robusta
31090142,{Param1} Helm,{Param3} equipado em {Param2}.,Delicate,Head,Armadura robusta
31090152,{Param1} Helm,{Param3} equipado em {Param2}.,Noticeable,Head,Armadura robusta
31090162,{Param1} Helm,{Param3} equipado em {Param2}.,Reinforced,Head,Armadura robusta
31090172,{Param1} Helm,{Param3} equipado em {Param2}.,Artificial,Head,Armadura robusta
31090013,{Param1} Helm,{Param3} equipado em {Param2}.,Hermit’s,Head,Armadura robusta
31090023,{Param1} Helm,{Param3} equipado em {Param2}.,Prophet’s,Head,Armadura robusta
31090033,{Param1} Helm,{Param3} equipado em {Param2}.,Authoritative,Head,Armadura robusta
31090043,{Param1} Helm,{Param3} equipado em {Param2}.,Noble’s,Head,Armadura robusta
31090053,{Param1} Helm,{Param3} equipado em {Param2}.,Executor’s,Head,Armadura robusta
31090063,{Param1} Helm,{Param3} equipado em {Param2}.,Judge’s,Head,Armadura robusta
31090073,{Param1} Helm,{Param3} equipado em {Param2}.,Lord’s,Head,Armadura robusta
31090083,{Param1} Helm,{Param3} equipado em {Param2}.,Exile’s,Head,Armadura robusta
31090093,{Param1} Helm,{Param3} equipado em {Param2}.,Dawn,Head,Armadura robusta
31090103,{Param1} Helm,{Param3} equipado em {Param2}.,Blue Sky,Head,Armadura robusta
31090113,{Param1} Helm,{Param3} equipado em {Param2}.,Twilight,Head,Armadura robusta
31090123,{Param1} Helm,{Param3} equipado em {Param2}.,Night,Head,Armadura robusta
31090133,{Param1} Helm,{Param3} equipado em {Param2}.,Mist,Head,Armadura robusta
31090143,{Param1} Helm,{Param3} equipado em {Param2}.,Harvest,Head,Armadura robusta
31090153,{Param1} Helm,{Param3} equipado em {Param2}.,Frost,Head,Armadura robusta
31090163,{Param1} Helm,{Param3} equipado em {Param2}.,Silent,Head,Armadura robusta
31090173,{Param1} Helm,{Param3} equipado em {Param2}.,Of Oblivion,Head,Armadura robusta
31090183,{Param1} Helm,{Param3} equipado em {Param2}.,Knight’s,Head,Armadura robusta
31090193,{Param1} Helm,{Param3} equipado em {Param2}.,Confident,Head,Armadura robusta
31090203,{Param1} Helm,{Param3} equipado em {Param2}.,Beast’s,Head,Armadura robusta
31090213,{Param1} Helm,{Param3} equipado em {Param2}.,of Steel,Head,Armadura robusta
31090223,{Param1} Helm,{Param3} equipado em {Param2}.,Antique,Head,Armadura robusta
31090233,{Param1} Helm,{Param3} equipado em {Param2}.,of Ascension,Head,Armadura robusta
31090243,{Param1} Helm,{Param3} equipado em {Param2}.,of Ominous,Head,Armadura robusta
31090253,{Param1} Helm,{Param3} equipado em {Param2}.,Old Kingdom’s,Head,Armadura robusta
31090014,{Param1} Helm,{Param3} equipado em {Param2}.,Slayer’s,Head,Armadura robusta
31090024,{Param1} Helm,{Param3} equipado em {Param2}.,Beserker’s,Head,Armadura robusta
31090034,{Param1} Helm,{Param3} equipado em {Param2}.,Destroyer’s,Head,Armadura robusta
31090044,{Param1} Helm,{Param3} equipado em {Param2}.,Nightmare,Head,Armadura robusta
31090054,{Param1} Helm,{Param3} equipado em {Param2}.,Tyrant’s,Head,Armadura robusta
31090064,{Param1} Helm,{Param3} equipado em {Param2}.,High General’s,Head,Armadura robusta
31090074,{Param1} Helm,{Param3} equipado em {Param2}.,Priest’s,Head,Armadura robusta
31090084,{Param1} Helm,{Param3} equipado em {Param2}.,Glorious,Head,Armadura robusta
31090094,{Param1} Helm,{Param3} equipado em {Param2}.,Ruler’s,Head,Armadura robusta
31090104,{Param1} Helm,{Param3} equipado em {Param2}.,Shadow,Head,Armadura robusta
31090015,{Param1} Helm,{Param3} equipado em {Param2}.,Ancient,Head,Armadura robusta
31090025,{Param1} Helm,{Param3} equipado em {Param2}.,Gudua’s,Head,Armadura robusta
31090035,{Param1} Helm,{Param3} equipado em {Param2}.,of Frost,Head,Armadura robusta
31090016,{Param1} Helm,{Param3} equipado em {Param2}.,The Absolute’s,Head,Armadura robusta
32090011,{Param1} Shoulder Armor,{Param3} equipado em {Param2}.,Ruined Leather,Shoulder,Armadura robusta
32090021,{Param1} Shoulder Armor,{Param3} equipado em {Param2}.,Fallen One’s,Shoulder,Armadura robusta
32090031,{Param1} Shoulder Armor,{Param3} equipado em {Param2}.,Worn,Shoulder,Armadura robusta
32090041,{Param1} Shoulder Armor,{Param3} equipado em {Param2}.,Outlaw’s,Shoulder,Armadura robusta
32090051,{Param1} Shoulder Armor,{Param3} equipado em {Param2}.,Trainee’s,Shoulder,Armadura robusta
32090061,{Param1} Shoulder Armor,{Param3} equipado em {Param2}.,Adventurer’s,Shoulder,Armadura robusta
32090071,{Param1} Shoulder Armor,{Param3} equipado em {Param2}.,Soldier’s,Shoulder,Armadura robusta
32090081,{Param1} Shoulder Armor,{Param3} equipado em {Param2}.,Mercenary’s,Shoulder,Armadura robusta
32090091,{Param1} Shoulder Armor,{Param3} equipado em {Param2}.,Ornament,Shoulder,Armadura robusta
32090101,{Param1} Shoulder Armor,{Param3} equipado em {Param2}.,Cursed,Shoulder,Armadura robusta
32090111,{Param1} Shoulder Armor,{Param3} equipado em {Param2}.,Refined,Shoulder,Armadura robusta
32090121,{Param1} Shoulder Armor,{Param3} equipado em {Param2}.,Worn,Shoulder,Armadura robusta
32090131,{Param1} Shoulder Armor,{Param3} equipado em {Param2}.,Corroded,Shoulder,Armadura robusta
32090141,{Param1} Shoulder Armor,{Param3} equipado em {Param2}.,Apprentice’s,Shoulder,Armadura robusta
32090151,{Param1} Shoulder Armor,{Param3} equipado em {Param2}.,Wanderer’s,Shoulder,Armadura robusta
32090161,{Param1} Shoulder Armor,{Param3} equipado em {Param2}.,Heretic’s,Shoulder,Armadura robusta
32090171,{Param1} Shoulder Armor,{Param3} equipado em {Param2}.,Fighter’s,Shoulder,Armadura robusta
32090012,{Param1} Shoulder Armor,{Param3} equipado em {Param2}.,Thief’s,Shoulder,Armadura robusta
32090022,{Param1} Shoulder Armor,{Param3} equipado em {Param2}.,Raider’s,Shoulder,Armadura robusta
32090032,{Param1} Shoulder Armor,{Param3} equipado em {Param2}.,Monster Hunter’s,Shoulder,Armadura robusta
32090042,{Param1} Shoulder Armor,{Param3} equipado em {Param2}.,Butcher’s,Shoulder,Armadura robusta
32090052,{Param1} Shoulder Armor,{Param3} equipado em {Param2}.,Battle,Shoulder,Armadura robusta
32090062,{Param1} Shoulder Armor,{Param3} equipado em {Param2}.,Follower’s,Shoulder,Armadura robusta
32090072,{Param1} Shoulder Armor,{Param3} equipado em {Param2}.,Rebel’s,Shoulder,Armadura robusta
32090082,{Param1} Shoulder Armor,{Param3} equipado em {Param2}.,Master’s,Shoulder,Armadura robusta
32090092,{Param1} Shoulder Armor,{Param3} equipado em {Param2}.,Enchanted,Shoulder,Armadura robusta
32090102,{Param1} Shoulder Armor,{Param3} equipado em {Param2}.,Commander’s,Shoulder,Armadura robusta
32090112,{Param1} Shoulder Armor,{Param3} equipado em {Param2}.,Adamant,Shoulder,Armadura robusta
32090122,{Param1} Shoulder Armor,{Param3} equipado em {Param2}.,Old,Shoulder,Armadura robusta
32090132,{Param1} Shoulder Armor,{Param3} equipado em {Param2}.,Guard’s,Shoulder,Armadura robusta
32090142,{Param1} Shoulder Armor,{Param3} equipado em {Param2}.,Delicate,Shoulder,Armadura robusta
32090152,{Param1} Shoulder Armor,{Param3} equipado em {Param2}.,Noticeable,Shoulder,Armadura robusta
32090162,{Param1} Shoulder Armor,{Param3} equipado em {Param2}.,Reinforced,Shoulder,Armadura robusta
32090172,{Param1} Shoulder Armor,{Param3} equipado em {Param2}.,Artificial,Shoulder,Armadura robusta
32090013,{Param1} Shoulder Armor,{Param3} equipado em {Param2}.,Hermit’s,Shoulder,Armadura robusta
32090023,{Param1} Shoulder Armor,{Param3} equipado em {Param2}.,Prophet’s,Shoulder,Armadura robusta
32090033,{Param1} Shoulder Armor,{Param3} equipado em {Param2}.,Authoritative,Shoulder,Armadura robusta
32090043,{Param1} Shoulder Armor,{Param3} equipado em {Param2}.,Noble’s,Shoulder,Armadura robusta
32090053,{Param1} Shoulder Armor,{Param3} equipado em {Param2}.,Executor’s,Shoulder,Armadura robusta
32090063,{Param1} Shoulder Armor,{Param3} equipado em {Param2}.,Judge’s,Shoulder,Armadura robusta
32090073,{Param1} Shoulder Armor,{Param3} equipado em {Param2}.,Lord’s,Shoulder,Armadura robusta
32090083,{Param1} Shoulder Armor,{Param3} equipado em {Param2}.,Exile’s,Shoulder,Armadura robusta
32090093,{Param1} Shoulder Armor,{Param3} equipado em {Param2}.,Dawn,Shoulder,Armadura robusta
32090103,{Param1} Shoulder Armor,{Param3} equipado em {Param2}.,Blue Sky,Shoulder,Armadura robusta
32090113,{Param1} Shoulder Armor,{Param3} equipado em {Param2}.,Twilight,Shoulder,Armadura robusta
32090123,{Param1} Shoulder Armor,{Param3} equipado em {Param2}.,Night,Shoulder,Armadura robusta
32090133,{Param1} Shoulder Armor,{Param3} equipado em {Param2}.,Mist,Shoulder,Armadura robusta
32090143,{Param1} Shoulder Armor,{Param3} equipado em {Param2}.,Harvest,Shoulder,Armadura robusta
32090153,{Param1} Shoulder Armor,{Param3} equipado em {Param2}.,Frost,Shoulder,Armadura robusta
32090163,{Param1} Shoulder Armor,{Param3} equipado em {Param2}.,Silent,Shoulder,Armadura robusta
32090173,{Param1} Shoulder Armor,{Param3} equipado em {Param2}.,Of Oblivion,Shoulder,Armadura robusta
32090183,{Param1} Shoulder Armor,{Param3} equipado em {Param2}.,Knight’s,Shoulder,Armadura robusta
32090193,{Param1} Shoulder Armor,{Param3} equipado em {Param2}.,Confident,Shoulder,Armadura robusta
32090203,{Param1} Shoulder Armor,{Param3} equipado em {Param2}.,Beast’s,Shoulder,Armadura robusta
32090213,{Param1} Shoulder Armor,{Param3} equipado em {Param2}.,of Steel,Shoulder,Armadura robusta
32090223,{Param1} Shoulder Armor,{Param3} equipado em {Param2}.,Antique,Shoulder,Armadura robusta
32090233,{Param1} Shoulder Armor,{Param3} equipado em {Param2}.,of Ascension,Shoulder,Armadura robusta
32090243,{Param1} Shoulder Armor,{Param3} equipado em {Param2}.,of Ominous,Shoulder,Armadura robusta
32090253,{Param1} Shoulder Armor,{Param3} equipado em {Param2}.,Old Kingdom’s,Shoulder,Armadura robusta
32090014,{Param1} Shoulder Armor,{Param3} equipado em {Param2}.,Slayer’s,Shoulder,Armadura robusta
32090024,{Param1} Shoulder Armor,{Param3} equipado em {Param2}.,Beserker’s,Shoulder,Armadura robusta
32090034,{Param1} Shoulder Armor,{Param3} equipado em {Param2}.,Destroyer’s,Shoulder,Armadura robusta
32090044,{Param1} Shoulder Armor,{Param3} equipado em {Param2}.,Nightmare,Shoulder,Armadura robusta
32090054,{Param1} Shoulder Armor,{Param3} equipado em {Param2}.,Tyrant’s,Shoulder,Armadura robusta
32090064,{Param1} Shoulder Armor,{Param3} equipado em {Param2}.,High General’s,Shoulder,Armadura robusta
32090074,{Param1} Shoulder Armor,{Param3} equipado em {Param2}.,Priest’s,Shoulder,Armadura robusta
32090084,{Param1} Shoulder Armor,{Param3} equipado em {Param2}.,Glorious,Shoulder,Armadura robusta
32090094,{Param1} Shoulder Armor,{Param3} equipado em {Param2}.,Ruler’s,Shoulder,Armadura robusta
32090104,{Param1} Shoulder Armor,{Param3} equipado em {Param2}.,Shadow,Shoulder,Armadura robusta
32090015,{Param1} Shoulder Armor,{Param3} equipado em {Param2}.,Ancient,Shoulder,Armadura robusta
32090025,{Param1} Shoulder Armor,{Param3} equipado em {Param2}.,Gudua’s,Shoulder,Armadura robusta
32090035,{Param1} Shoulder Armor,{Param3} equipado em {Param2}.,of Frost,Shoulder,Armadura robusta
32090016,{Param1} Shoulder Armor,{Param3} equipado em {Param2}.,The Absolute’s,Shoulder,Armadura robusta
33090011,{Param1} Chest Armor,{Param3} equipado em {Param2}.,Ruined Leather,Upper Body,Armadura robusta
33090021,{Param1} Chest Armor,{Param3} equipado em {Param2}.,Fallen One’s,Upper Body,Armadura robusta
33090031,{Param1} Chest Armor,{Param3} equipado em {Param2}.,Worn,Upper Body,Armadura robusta
33090041,{Param1} Chest Armor,{Param3} equipado em {Param2}.,Outlaw’s,Upper Body,Armadura robusta
33090051,{Param1} Chest Armor,{Param3} equipado em {Param2}.,Trainee’s,Upper Body,Armadura robusta
33090061,{Param1} Chest Armor,{Param3} equipado em {Param2}.,Adventurer’s,Upper Body,Armadura robusta
33090071,{Param1} Chest Armor,{Param3} equipado em {Param2}.,Soldier’s,Upper Body,Armadura robusta
33090081,{Param1} Chest Armor,{Param3} equipado em {Param2}.,Mercenary’s,Upper Body,Armadura robusta
33090091,{Param1} Chest Armor,{Param3} equipado em {Param2}.,Ornament,Upper Body,Armadura robusta
33090101,{Param1} Chest Armor,{Param3} equipado em {Param2}.,Cursed,Upper Body,Armadura robusta
33090111,{Param1} Chest Armor,{Param3} equipado em {Param2}.,Refined,Upper Body,Armadura robusta
33090121,{Param1} Chest Armor,{Param3} equipado em {Param2}.,Worn,Upper Body,Armadura robusta
33090131,{Param1} Chest Armor,{Param3} equipado em {Param2}.,Corroded,Upper Body,Armadura robusta
33090141,{Param1} Chest Armor,{Param3} equipado em {Param2}.,Apprentice’s,Upper Body,Armadura robusta
33090151,{Param1} Chest Armor,{Param3} equipado em {Param2}.,Wanderer’s,Upper Body,Armadura robusta
33090161,{Param1} Chest Armor,{Param3} equipado em {Param2}.,Heretic’s,Upper Body,Armadura robusta
33090171,{Param1} Chest Armor,{Param3} equipado em {Param2}.,Fighter’s,Upper Body,Armadura robusta
33090012,{Param1} Chest Armor,{Param3} equipado em {Param2}.,Thief’s,Upper Body,Armadura robusta
33090022,{Param1} Chest Armor,{Param3} equipado em {Param2}.,Raider’s,Upper Body,Armadura robusta
33090032,{Param1} Chest Armor,{Param3} equipado em {Param2}.,Monster Hunter’s,Upper Body,Armadura robusta
33090042,{Param1} Chest Armor,{Param3} equipado em {Param2}.,Butcher’s,Upper Body,Armadura robusta
33090052,{Param1} Chest Armor,{Param3} equipado em {Param2}.,Battle,Upper Body,Armadura robusta
33090062,{Param1} Chest Armor,{Param3} equipado em {Param2}.,Follower’s,Upper Body,Armadura robusta
33090072,{Param1} Chest Armor,{Param3} equipado em {Param2}.,Rebel’s,Upper Body,Armadura robusta
33090082,{Param1} Chest Armor,{Param3} equipado em {Param2}.,Master’s,Upper Body,Armadura robusta
33090092,{Param1} Chest Armor,{Param3} equipado em {Param2}.,Enchanted,Upper Body,Armadura robusta
33090102,{Param1} Chest Armor,{Param3} equipado em {Param2}.,Commander’s,Upper Body,Armadura robusta
33090112,{Param1} Chest Armor,{Param3} equipado em {Param2}.,Adamant,Upper Body,Armadura robusta
33090122,{Param1} Chest Armor,{Param3} equipado em {Param2}.,Old,Upper Body,Armadura robusta
33090132,{Param1} Chest Armor,{Param3} equipado em {Param2}.,Guard’s,Upper Body,Armadura robusta
33090142,{Param1} Chest Armor,{Param3} equipado em {Param2}.,Delicate,Upper Body,Armadura robusta
33090152,{Param1} Chest Armor,{Param3} equipado em {Param2}.,Noticeable,Upper Body,Armadura robusta
33090162,{Param1} Chest Armor,{Param3} equipado em {Param2}.,Reinforced,Upper Body,Armadura robusta
33090172,{Param1} Chest Armor,{Param3} equipado em {Param2}.,Artificial,Upper Body,Armadura robusta
33090013,{Param1} Chest Armor,{Param3} equipado em {Param2}.,Hermit’s,Upper Body,Armadura robusta
33090023,{Param1} Chest Armor,{Param3} equipado em {Param2}.,Prophet’s,Upper Body,Armadura robusta
33090033,{Param1} Chest Armor,{Param3} equipado em {Param2}.,Authoritative,Upper Body,Armadura robusta
33090043,{Param1} Chest Armor,{Param3} equipado em {Param2}.,Noble’s,Upper Body,Armadura robusta
33090053,{Param1} Chest Armor,{Param3} equipado em {Param2}.,Executor’s,Upper Body,Armadura robusta
33090063,{Param1} Chest Armor,{Param3} equipado em {Param2}.,Judge’s,Upper Body,Armadura robusta
33090073,{Param1} Chest Armor,{Param3} equipado em {Param2}.,Lord’s,Upper Body,Armadura robusta
33090083,{Param1} Chest Armor,{Param3} equipado em {Param2}.,Exile’s,Upper Body,Armadura robusta
33090093,{Param1} Chest Armor,{Param3} equipado em {Param2}.,Dawn,Upper Body,Armadura robusta
33090103,{Param1} Chest Armor,{Param3} equipado em {Param2}.,Blue Sky,Upper Body,Armadura robusta
33090113,{Param1} Chest Armor,{Param3} equipado em {Param2}.,Twilight,Upper Body,Armadura robusta
33090123,{Param1} Chest Armor,{Param3} equipado em {Param2}.,Night,Upper Body,Armadura robusta
33090133,{Param1} Chest Armor,{Param3} equipado em {Param2}.,Mist,Upper Body,Armadura robusta
33090143,{Param1} Chest Armor,{Param3} equipado em {Param2}.,Harvest,Upper Body,Armadura robusta
33090153,{Param1} Chest Armor,{Param3} equipado em {Param2}.,Frost,Upper Body,Armadura robusta
33090163,{Param1} Chest Armor,{Param3} equipado em {Param2}.,Silent,Upper Body,Armadura robusta
33090173,{Param1} Chest Armor,{Param3} equipado em {Param2}.,Of Oblivion,Upper Body,Armadura robusta
33090183,{Param1} Chest Armor,{Param3} equipado em {Param2}.,Knight’s,Upper Body,Armadura robusta
33090193,{Param1} Chest Armor,{Param3} equipado em {Param2}.,Confident,Upper Body,Armadura robusta
33090203,{Param1} Chest Armor,{Param3} equipado em {Param2}.,Beast’s,Upper Body,Armadura robusta
33090213,{Param1} Chest Armor,{Param3} equipado em {Param2}.,of Steel,Upper Body,Armadura robusta
33090223,{Param1} Chest Armor,{Param3} equipado em {Param2}.,Antique,Upper Body,Armadura robusta
33090233,{Param1} Chest Armor,{Param3} equipado em {Param2}.,of Ascension,Upper Body,Armadura robusta
33090243,{Param1} Chest Armor,{Param3} equipado em {Param2}.,of Ominous,Upper Body,Armadura robusta
33090253,{Param1} Chest Armor,{Param3} equipado em {Param2}.,Old Kingdom’s,Upper Body,Armadura robusta
33090014,{Param1} Chest Armor,{Param3} equipado em {Param2}.,Slayer’s,Upper Body,Armadura robusta
33090024,{Param1} Chest Armor,{Param3} equipado em {Param2}.,Beserker’s,Upper Body,Armadura robusta
33090034,{Param1} Chest Armor,{Param3} equipado em {Param2}.,Destroyer’s,Upper Body,Armadura robusta
33090044,{Param1} Chest Armor,{Param3} equipado em {Param2}.,Nightmare,Upper Body,Armadura robusta
33090054,{Param1} Chest Armor,{Param3} equipado em {Param2}.,Tyrant’s,Upper Body,Armadura robusta
33090064,{Param1} Chest Armor,{Param3} equipado em {Param2}.,High General’s,Upper Body,Armadura robusta
33090074,{Param1} Chest Armor,{Param3} equipado em {Param2}.,Priest’s,Upper Body,Armadura robusta
33090084,{Param1} Chest Armor,{Param3} equipado em {Param2}.,Glorious,Upper Body,Armadura robusta
33090094,{Param1} Chest Armor,{Param3} equipado em {Param2}.,Ruler’s,Upper Body,Armadura robusta
33090104,{Param1} Chest Armor,{Param3} equipado em {Param2}.,Shadow,Upper Body,Armadura robusta
33090015,{Param1} Chest Armor,{Param3} equipado em {Param2}.,Ancient,Upper Body,Armadura robusta
33090025,{Param1} Chest Armor,{Param3} equipado em {Param2}.,Gudua’s,Upper Body,Armadura robusta
33090035,{Param1} Chest Armor,{Param3} equipado em {Param2}.,of Frost,Upper Body,Armadura robusta
33090016,{Param1} Chest Armor,{Param3} equipado em {Param2}.,The Absolute’s,Upper Body,Armadura robusta
34090011,{Param1} Leg Armor,{Param3} equipado em {Param2}.,Ruined Leather,Lower Body,Armadura robusta
34090021,{Param1} Leg Armor,{Param3} equipado em {Param2}.,Fallen One’s,Lower Body,Armadura robusta
34090031,{Param1} Leg Armor,{Param3} equipado em {Param2}.,Worn,Lower Body,Armadura robusta
34090041,{Param1} Leg Armor,{Param3} equipado em {Param2}.,Outlaw’s,Lower Body,Armadura robusta
34090051,{Param1} Leg Armor,{Param3} equipado em {Param2}.,Trainee’s,Lower Body,Armadura robusta
34090061,{Param1} Leg Armor,{Param3} equipado em {Param2}.,Adventurer’s,Lower Body,Armadura robusta
34090071,{Param1} Leg Armor,{Param3} equipado em {Param2}.,Soldier’s,Lower Body,Armadura robusta
34090081,{Param1} Leg Armor,{Param3} equipado em {Param2}.,Mercenary’s,Lower Body,Armadura robusta
34090091,{Param1} Leg Armor,{Param3} equipado em {Param2}.,Ornament,Lower Body,Armadura robusta
34090101,{Param1} Leg Armor,{Param3} equipado em {Param2}.,Cursed,Lower Body,Armadura robusta
34090111,{Param1} Leg Armor,{Param3} equipado em {Param2}.,Refined,Lower Body,Armadura robusta
34090121,{Param1} Leg Armor,{Param3} equipado em {Param2}.,Worn,Lower Body,Armadura robusta
34090131,{Param1} Leg Armor,{Param3} equipado em {Param2}.,Corroded,Lower Body,Armadura robusta
34090141,{Param1} Leg Armor,{Param3} equipado em {Param2}.,Apprentice’s,Lower Body,Armadura robusta
34090151,{Param1} Leg Armor,{Param3} equipado em {Param2}.,Wanderer’s,Lower Body,Armadura robusta
34090161,{Param1} Leg Armor,{Param3} equipado em {Param2}.,Heretic’s,Lower Body,Armadura robusta
34090171,{Param1} Leg Armor,{Param3} equipado em {Param2}.,Fighter’s,Lower Body,Armadura robusta
34090012,{Param1} Leg Armor,{Param3} equipado em {Param2}.,Thief’s,Lower Body,Armadura robusta
34090022,{Param1} Leg Armor,{Param3} equipado em {Param2}.,Raider’s,Lower Body,Armadura robusta
34090032,{Param1} Leg Armor,{Param3} equipado em {Param2}.,Monster Hunter’s,Lower Body,Armadura robusta
34090042,{Param1} Leg Armor,{Param3} equipado em {Param2}.,Butcher’s,Lower Body,Armadura robusta
34090052,{Param1} Leg Armor,{Param3} equipado em {Param2}.,Battle,Lower Body,Armadura robusta
34090062,{Param1} Leg Armor,{Param3} equipado em {Param2}.,Follower’s,Lower Body,Armadura robusta
34090072,{Param1} Leg Armor,{Param3} equipado em {Param2}.,Rebel’s,Lower Body,Armadura robusta
34090082,{Param1} Leg Armor,{Param3} equipado em {Param2}.,Master’s,Lower Body,Armadura robusta
34090092,{Param1} Leg Armor,{Param3} equipado em {Param2}.,Enchanted,Lower Body,Armadura robusta
34090102,{Param1} Leg Armor,{Param3} equipado em {Param2}.,Commander’s,Lower Body,Armadura robusta
34090112,{Param1} Leg Armor,{Param3} equipado em {Param2}.,Adamant,Lower Body,Armadura robusta
34090122,{Param1} Leg Armor,{Param3} equipado em {Param2}.,Old,Lower Body,Armadura robusta
34090132,{Param1} Leg Armor,{Param3} equipado em {Param2}.,Guard’s,Lower Body,Armadura robusta
34090142,{Param1} Leg Armor,{Param3} equipado em {Param2}.,Delicate,Lower Body,Armadura robusta
34090152,{Param1} Leg Armor,{Param3} equipado em {Param2}.,Noticeable,Lower Body,Armadura robusta
34090162,{Param1} Leg Armor,{Param3} equipado em {Param2}.,Reinforced,Lower Body,Armadura robusta
34090172,{Param1} Leg Armor,{Param3} equipado em {Param2}.,Artificial,Lower Body,Armadura robusta
34090013,{Param1} Leg Armor,{Param3} equipado em {Param2}.,Hermit’s,Lower Body,Armadura robusta
34090023,{Param1} Leg Armor,{Param3} equipado em {Param2}.,Prophet’s,Lower Body,Armadura robusta
34090033,{Param1} Leg Armor,{Param3} equipado em {Param2}.,Authoritative,Lower Body,Armadura robusta
34090043,{Param1} Leg Armor,{Param3} equipado em {Param2}.,Noble’s,Lower Body,Armadura robusta
34090053,{Param1} Leg Armor,{Param3} equipado em {Param2}.,Executor’s,Lower Body,Armadura robusta
34090063,{Param1} Leg Armor,{Param3} equipado em {Param2}.,Judge’s,Lower Body,Armadura robusta
34090073,{Param1} Leg Armor,{Param3} equipado em {Param2}.,Lord’s,Lower Body,Armadura robusta
34090083,{Param1} Leg Armor,{Param3} equipado em {Param2}.,Exile’s,Lower Body,Armadura robusta
34090093,{Param1} Leg Armor,{Param3} equipado em {Param2}.,Dawn,Lower Body,Armadura robusta
34090103,{Param1} Leg Armor,{Param3} equipado em {Param2}.,Blue Sky,Lower Body,Armadura robusta
34090113,{Param1} Leg Armor,{Param3} equipado em {Param2}.,Twilight,Lower Body,Armadura robusta
34090123,{Param1} Leg Armor,{Param3} equipado em {Param2}.,Night,Lower Body,Armadura robusta
34090133,{Param1} Leg Armor,{Param3} equipado em {Param2}.,Mist,Lower Body,Armadura robusta
34090143,{Param1} Leg Armor,{Param3} equipado em {Param2}.,Harvest,Lower Body,Armadura robusta
34090153,{Param1} Leg Armor,{Param3} equipado em {Param2}.,Frost,Lower Body,Armadura robusta
34090163,{Param1} Leg Armor,{Param3} equipado em {Param2}.,Silent,Lower Body,Armadura robusta
34090173,{Param1} Leg Armor,{Param3} equipado em {Param2}.,Of Oblivion,Lower Body,Armadura robusta
34090183,{Param1} Leg Armor,{Param3} equipado em {Param2}.,Knight’s,Lower Body,Armadura robusta
34090193,{Param1} Leg Armor,{Param3} equipado em {Param2}.,Confident,Lower Body,Armadura robusta
34090203,{Param1} Leg Armor,{Param3} equipado em {Param2}.,Beast’s,Lower Body,Armadura robusta
34090213,{Param1} Leg Armor,{Param3} equipado em {Param2}.,of Steel,Lower Body,Armadura robusta
34090223,{Param1} Leg Armor,{Param3} equipado em {Param2}.,Antique,Lower Body,Armadura robusta
34090233,{Param1} Leg Armor,{Param3} equipado em {Param2}.,of Ascension,Lower Body,Armadura robusta
34090243,{Param1} Leg Armor,{Param3} equipado em {Param2}.,of Ominous,Lower Body,Armadura robusta
34090253,{Param1} Leg Armor,{Param3} equipado em {Param2}.,Old Kingdom’s,Lower Body,Armadura robusta
34090014,{Param1} Leg Armor,{Param3} equipado em {Param2}.,Slayer’s,Lower Body,Armadura robusta
34090024,{Param1} Leg Armor,{Param3} equipado em {Param2}.,Beserker’s,Lower Body,Armadura robusta
34090034,{Param1} Leg Armor,{Param3} equipado em {Param2}.,Destroyer’s,Lower Body,Armadura robusta
34090044,{Param1} Leg Armor,{Param3} equipado em {Param2}.,Nightmare,Lower Body,Armadura robusta
34090054,{Param1} Leg Armor,{Param3} equipado em {Param2}.,Tyrant’s,Lower Body,Armadura robusta
34090064,{Param1} Leg Armor,{Param3} equipado em {Param2}.,High General’s,Lower Body,Armadura robusta
34090074,{Param1} Leg Armor,{Param3} equipado em {Param2}.,Priest’s,Lower Body,Armadura robusta
34090084,{Param1} Leg Armor,{Param3} equipado em {Param2}.,Glorious,Lower Body,Armadura robusta
34090094,{Param1} Leg Armor,{Param3} equipado em {Param2}.,Ruler’s,Lower Body,Armadura robusta
34090104,{Param1} Leg Armor,{Param3} equipado em {Param2}.,Shadow,Lower Body,Armadura robusta
34090015,{Param1} Leg Armor,{Param3} equipado em {Param2}.,Ancient,Lower Body,Armadura robusta
34090025,{Param1} Leg Armor,{Param3} equipado em {Param2}.,Gudua’s,Lower Body,Armadura robusta
34090035,{Param1} Leg Armor,{Param3} equipado em {Param2}.,of Frost,Lower Body,Armadura robusta
34090016,{Param1} Leg Armor,{Param3} equipado em {Param2}.,The Absolute’s,Lower Body,Armadura robusta
35090011,{Param1} Belt,{Param3} equipado em {Param2}.,Ruined Leather,Waist,Armadura robusta
35090021,{Param1} Belt,{Param3} equipado em {Param2}.,Fallen One’s,Waist,Armadura robusta
35090031,{Param1} Belt,{Param3} equipado em {Param2}.,Worn,Waist,Armadura robusta
35090041,{Param1} Belt,{Param3} equipado em {Param2}.,Outlaw’s,Waist,Armadura robusta
35090051,{Param1} Belt,{Param3} equipado em {Param2}.,Trainee’s,Waist,Armadura robusta
35090061,{Param1} Belt,{Param3} equipado em {Param2}.,Adventurer’s,Waist,Armadura robusta
35090071,{Param1} Belt,{Param3} equipado em {Param2}.,Soldier’s,Waist,Armadura robusta
35090081,{Param1} Belt,{Param3} equipado em {Param2}.,Mercenary’s,Waist,Armadura robusta
35090091,{Param1} Belt,{Param3} equipado em {Param2}.,Ornament,Waist,Armadura robusta
35090101,{Param1} Belt,{Param3} equipado em {Param2}.,Cursed,Waist,Armadura robusta
35090111,{Param1} Belt,{Param3} equipado em {Param2}.,Refined,Waist,Armadura robusta
35090121,{Param1} Belt,{Param3} equipado em {Param2}.,Worn,Waist,Armadura robusta
35090131,{Param1} Belt,{Param3} equipado em {Param2}.,Corroded,Waist,Armadura robusta
35090141,{Param1} Belt,{Param3} equipado em {Param2}.,Apprentice’s,Waist,Armadura robusta
35090151,{Param1} Belt,{Param3} equipado em {Param2}.,Wanderer’s,Waist,Armadura robusta
35090161,{Param1} Belt,{Param3} equipado em {Param2}.,Heretic’s,Waist,Armadura robusta
35090171,{Param1} Belt,{Param3} equipado em {Param2}.,Fighter’s,Waist,Armadura robusta
35090012,{Param1} Belt,{Param3} equipado em {Param2}.,Thief’s,Waist,Armadura robusta
35090022,{Param1} Belt,{Param3} equipado em {Param2}.,Raider’s,Waist,Armadura robusta
35090032,{Param1} Belt,{Param3} equipado em {Param2}.,Monster Hunter’s,Waist,Armadura robusta
35090042,{Param1} Belt,{Param3} equipado em {Param2}.,Butcher’s,Waist,Armadura robusta
35090052,{Param1} Belt,{Param3} equipado em {Param2}.,Battle,Waist,Armadura robusta
35090062,{Param1} Belt,{Param3} equipado em {Param2}.,Follower’s,Waist,Armadura robusta
35090072,{Param1} Belt,{Param3} equipado em {Param2}.,Rebel’s,Waist,Armadura robusta
35090082,{Param1} Belt,{Param3} equipado em {Param2}.,Master’s,Waist,Armadura robusta
35090092,{Param1} Belt,{Param3} equipado em {Param2}.,Enchanted,Waist,Armadura robusta
35090102,{Param1} Belt,{Param3} equipado em {Param2}.,Commander’s,Waist,Armadura robusta
35090112,{Param1} Belt,{Param3} equipado em {Param2}.,Adamant,Waist,Armadura robusta
35090122,{Param1} Belt,{Param3} equipado em {Param2}.,Old,Waist,Armadura robusta
35090132,{Param1} Belt,{Param3} equipado em {Param2}.,Guard’s,Waist,Armadura robusta
35090142,{Param1} Belt,{Param3} equipado em {Param2}.,Delicate,Waist,Armadura robusta
35090152,{Param1} Belt,{Param3} equipado em {Param2}.,Noticeable,Waist,Armadura robusta
35090162,{Param1} Belt,{Param3} equipado em {Param2}.,Reinforced,Waist,Armadura robusta
35090172,{Param1} Belt,{Param3} equipado em {Param2}.,Artificial,Waist,Armadura robusta
35090013,{Param1} Belt,{Param3} equipado em {Param2}.,Hermit’s,Waist,Armadura robusta
35090023,{Param1} Belt,{Param3} equipado em {Param2}.,Prophet’s,Waist,Armadura robusta
35090033,{Param1} Belt,{Param3} equipado em {Param2}.,Authoritative,Waist,Armadura robusta
35090043,{Param1} Belt,{Param3} equipado em {Param2}.,Noble’s,Waist,Armadura robusta
35090053,{Param1} Belt,{Param3} equipado em {Param2}.,Executor’s,Waist,Armadura robusta
35090063,{Param1} Belt,{Param3} equipado em {Param2}.,Judge’s,Waist,Armadura robusta
35090073,{Param1} Belt,{Param3} equipado em {Param2}.,Lord’s,Waist,Armadura robusta
35090083,{Param1} Belt,{Param3} equipado em {Param2}.,Exile’s,Waist,Armadura robusta
35090093,{Param1} Belt,{Param3} equipado em {Param2}.,Dawn,Waist,Armadura robusta
35090103,{Param1} Belt,{Param3} equipado em {Param2}.,Blue Sky,Waist,Armadura robusta
35090113,{Param1} Belt,{Param3} equipado em {Param2}.,Twilight,Waist,Armadura robusta
35090123,{Param1} Belt,{Param3} equipado em {Param2}.,Night,Waist,Armadura robusta
35090133,{Param1} Belt,{Param3} equipado em {Param2}.,Mist,Waist,Armadura robusta
35090143,{Param1} Belt,{Param3} equipado em {Param2}.,Harvest,Waist,Armadura robusta
35090153,{Param1} Belt,{Param3} equipado em {Param2}.,Frost,Waist,Armadura robusta
35090163,{Param1} Belt,{Param3} equipado em {Param2}.,Silent,Waist,Armadura robusta
35090173,{Param1} Belt,{Param3} equipado em {Param2}.,Of Oblivion,Waist,Armadura robusta
35090183,{Param1} Belt,{Param3} equipado em {Param2}.,Knight’s,Waist,Armadura robusta
35090193,{Param1} Belt,{Param3} equipado em {Param2}.,Confident,Waist,Armadura robusta
35090203,{Param1} Belt,{Param3} equipado em {Param2}.,Beast’s,Waist,Armadura robusta
35090213,{Param1} Belt,{Param3} equipado em {Param2}.,of Steel,Waist,Armadura robusta
35090223,{Param1} Belt,{Param3} equipado em {Param2}.,Antique,Waist,Armadura robusta
35090233,{Param1} Belt,{Param3} equipado em {Param2}.,of Ascension,Waist,Armadura robusta
35090243,{Param1} Belt,{Param3} equipado em {Param2}.,of Ominous,Waist,Armadura robusta
35090253,{Param1} Belt,{Param3} equipado em {Param2}.,Old Kingdom’s,Waist,Armadura robusta
35090014,{Param1} Belt,{Param3} equipado em {Param2}.,Slayer’s,Waist,Armadura robusta
35090024,{Param1} Belt,{Param3} equipado em {Param2}.,Beserker’s,Waist,Armadura robusta
35090034,{Param1} Belt,{Param3} equipado em {Param2}.,Destroyer’s,Waist,Armadura robusta
35090044,{Param1} Belt,{Param3} equipado em {Param2}.,Nightmare,Waist,Armadura robusta
35090054,{Param1} Belt,{Param3} equipado em {Param2}.,Tyrant’s,Waist,Armadura robusta
35090064,{Param1} Belt,{Param3} equipado em {Param2}.,High General’s,Waist,Armadura robusta
35090074,{Param1} Belt,{Param3} equipado em {Param2}.,Priest’s,Waist,Armadura robusta
35090084,{Param1} Belt,{Param3} equipado em {Param2}.,Glorious,Waist,Armadura robusta
35090094,{Param1} Belt,{Param3} equipado em {Param2}.,Ruler’s,Waist,Armadura robusta
35090104,{Param1} Belt,{Param3} equipado em {Param2}.,Shadow,Waist,Armadura robusta
35090015,{Param1} Belt,{Param3} equipado em {Param2}.,Ancient,Waist,Armadura robusta
35090025,{Param1} Belt,{Param3} equipado em {Param2}.,Gudua’s,Waist,Armadura robusta
35090035,{Param1} Belt,{Param3} equipado em {Param2}.,of Frost,Waist,Armadura robusta
35090016,{Param1} Belt,{Param3} equipado em {Param2}.,The Absolute’s,Waist,Armadura robusta
36090011,{Param1} Gloves,{Param3} equipado em {Param2}.,Ruined Leather,Hand,Armadura robusta
36090021,{Param1} Gloves,{Param3} equipado em {Param2}.,Fallen One’s,Hand,Armadura robusta
36090031,{Param1} Gloves,{Param3} equipado em {Param2}.,Worn,Hand,Armadura robusta
36090041,{Param1} Gloves,{Param3} equipado em {Param2}.,Outlaw’s,Hand,Armadura robusta
36090051,{Param1} Gloves,{Param3} equipado em {Param2}.,Trainee’s,Hand,Armadura robusta
36090061,{Param1} Gloves,{Param3} equipado em {Param2}.,Adventurer’s,Hand,Armadura robusta
36090071,{Param1} Gloves,{Param3} equipado em {Param2}.,Soldier’s,Hand,Armadura robusta
36090081,{Param1} Gloves,{Param3} equipado em {Param2}.,Mercenary’s,Hand,Armadura robusta
36090091,{Param1} Gloves,{Param3} equipado em {Param2}.,Ornament,Hand,Armadura robusta
36090101,{Param1} Gloves,{Param3} equipado em {Param2}.,Cursed,Hand,Armadura robusta
36090111,{Param1} Gloves,{Param3} equipado em {Param2}.,Refined,Hand,Armadura robusta
36090121,{Param1} Gloves,{Param3} equipado em {Param2}.,Worn,Hand,Armadura robusta
36090131,{Param1} Gloves,{Param3} equipado em {Param2}.,Corroded,Hand,Armadura robusta
36090141,{Param1} Gloves,{Param3} equipado em {Param2}.,Apprentice’s,Hand,Armadura robusta
36090151,{Param1} Gloves,{Param3} equipado em {Param2}.,Wanderer’s,Hand,Armadura robusta
36090161,{Param1} Gloves,{Param3} equipado em {Param2}.,Heretic’s,Hand,Armadura robusta
36090171,{Param1} Gloves,{Param3} equipado em {Param2}.,Fighter’s,Hand,Armadura robusta
36090012,{Param1} Gloves,{Param3} equipado em {Param2}.,Thief’s,Hand,Armadura robusta
36090022,{Param1} Gloves,{Param3} equipado em {Param2}.,Raider’s,Hand,Armadura robusta
36090032,{Param1} Gloves,{Param3} equipado em {Param2}.,Monster Hunter’s,Hand,Armadura robusta
36090042,{Param1} Gloves,{Param3} equipado em {Param2}.,Butcher’s,Hand,Armadura robusta
36090052,{Param1} Gloves,{Param3} equipado em {Param2}.,Battle,Hand,Armadura robusta
36090062,{Param1} Gloves,{Param3} equipado em {Param2}.,Follower’s,Hand,Armadura robusta
36090072,{Param1} Gloves,{Param3} equipado em {Param2}.,Rebel’s,Hand,Armadura robusta
36090082,{Param1} Gloves,{Param3} equipado em {Param2}.,Master’s,Hand,Armadura robusta
36090092,{Param1} Gloves,{Param3} equipado em {Param2}.,Enchanted,Hand,Armadura robusta
36090102,{Param1} Gloves,{Param3} equipado em {Param2}.,Commander’s,Hand,Armadura robusta
36090112,{Param1} Gloves,{Param3} equipado em {Param2}.,Adamant,Hand,Armadura robusta
36090122,{Param1} Gloves,{Param3} equipado em {Param2}.,Old,Hand,Armadura robusta
36090132,{Param1} Gloves,{Param3} equipado em {Param2}.,Guard’s,Hand,Armadura robusta
36090142,{Param1} Gloves,{Param3} equipado em {Param2}.,Delicate,Hand,Armadura robusta
36090152,{Param1} Gloves,{Param3} equipado em {Param2}.,Noticeable,Hand,Armadura robusta
36090162,{Param1} Gloves,{Param3} equipado em {Param2}.,Reinforced,Hand,Armadura robusta
36090172,{Param1} Gloves,{Param3} equipado em {Param2}.,Artificial,Hand,Armadura robusta
36090013,{Param1} Gloves,{Param3} equipado em {Param2}.,Hermit’s,Hand,Armadura robusta
36090023,{Param1} Gloves,{Param3} equipado em {Param2}.,Prophet’s,Hand,Armadura robusta
36090033,{Param1} Gloves,{Param3} equipado em {Param2}.,Authoritative,Hand,Armadura robusta
36090043,{Param1} Gloves,{Param3} equipado em {Param2}.,Noble’s,Hand,Armadura robusta
36090053,{Param1} Gloves,{Param3} equipado em {Param2}.,Executor’s,Hand,Armadura robusta
36090063,{Param1} Gloves,{Param3} equipado em {Param2}.,Judge’s,Hand,Armadura robusta
36090073,{Param1} Gloves,{Param3} equipado em {Param2}.,Lord’s,Hand,Armadura robusta
36090083,{Param1} Gloves,{Param3} equipado em {Param2}.,Exile’s,Hand,Armadura robusta
36090093,{Param1} Gloves,{Param3} equipado em {Param2}.,Dawn,Hand,Armadura robusta
36090103,{Param1} Gloves,{Param3} equipado em {Param2}.,Blue Sky,Hand,Armadura robusta
36090113,{Param1} Gloves,{Param3} equipado em {Param2}.,Twilight,Hand,Armadura robusta
36090123,{Param1} Gloves,{Param3} equipado em {Param2}.,Night,Hand,Armadura robusta
36090133,{Param1} Gloves,{Param3} equipado em {Param2}.,Mist,Hand,Armadura robusta
36090143,{Param1} Gloves,{Param3} equipado em {Param2}.,Harvest,Hand,Armadura robusta
36090153,{Param1} Gloves,{Param3} equipado em {Param2}.,Frost,Hand,Armadura robusta
36090163,{Param1} Gloves,{Param3} equipado em {Param2}.,Silent,Hand,Armadura robusta
36090173,{Param1} Gloves,{Param3} equipado em {Param2}.,Of Oblivion,Hand,Armadura robusta
36090183,{Param1} Gloves,{Param3} equipado em {Param2}.,Knight’s,Hand,Armadura robusta
36090193,{Param1} Gloves,{Param3} equipado em {Param2}.,Confident,Hand,Armadura robusta
36090203,{Param1} Gloves,{Param3} equipado em {Param2}.,Beast’s,Hand,Armadura robusta
36090213,{Param1} Gloves,{Param3} equipado em {Param2}.,of Steel,Hand,Armadura robusta
36090223,{Param1} Gloves,{Param3} equipado em {Param2}.,Antique,Hand,Armadura robusta
36090233,{Param1} Gloves,{Param3} equipado em {Param2}.,of Ascension,Hand,Armadura robusta
36090243,{Param1} Gloves,{Param3} equipado em {Param2}.,of Ominous,Hand,Armadura robusta
36090253,{Param1} Gloves,{Param3} equipado em {Param2}.,Old Kingdom’s,Hand,Armadura robusta
36090014,{Param1} Gloves,{Param3} equipado em {Param2}.,Slayer’s,Hand,Armadura robusta
36090024,{Param1} Gloves,{Param3} equipado em {Param2}.,Beserker’s,Hand,Armadura robusta
36090034,{Param1} Gloves,{Param3} equipado em {Param2}.,Destroyer’s,Hand,Armadura robusta
36090044,{Param1} Gloves,{Param3} equipado em {Param2}.,Nightmare,Hand,Armadura robusta
36090054,{Param1} Gloves,{Param3} equipado em {Param2}.,Tyrant’s,Hand,Armadura robusta
36090064,{Param1} Gloves,{Param3} equipado em {Param2}.,High General’s,Hand,Armadura robusta
36090074,{Param1} Gloves,{Param3} equipado em {Param2}.,Priest’s,Hand,Armadura robusta
36090084,{Param1} Gloves,{Param3} equipado em {Param2}.,Glorious,Hand,Armadura robusta
36090094,{Param1} Gloves,{Param3} equipado em {Param2}.,Ruler’s,Hand,Armadura robusta
36090104,{Param1} Gloves,{Param3} equipado em {Param2}.,Shadow,Hand,Armadura robusta
36090015,{Param1} Gloves,{Param3} equipado em {Param2}.,Ancient,Hand,Armadura robusta
36090025,{Param1} Gloves,{Param3} equipado em {Param2}.,Gudua’s,Hand,Armadura robusta
36090035,{Param1} Gloves,{Param3} equipado em {Param2}.,of Frost,Hand,Armadura robusta
36090016,{Param1} Gloves,{Param3} equipado em {Param2}.,The Absolute’s,Hand,Armadura robusta
37090011,{Param1} Shoes,{Param3} equipado em {Param2}.,Ruined Leather,Foot,Armadura robusta
37090021,{Param1} Shoes,{Param3} equipado em {Param2}.,Fallen One’s,Foot,Armadura robusta
37090031,{Param1} Shoes,{Param3} equipado em {Param2}.,Worn,Foot,Armadura robusta
37090041,{Param1} Shoes,{Param3} equipado em {Param2}.,Outlaw’s,Foot,Armadura robusta
37090051,{Param1} Shoes,{Param3} equipado em {Param2}.,Trainee’s,Foot,Armadura robusta
37090061,{Param1} Shoes,{Param3} equipado em {Param2}.,Adventurer’s,Foot,Armadura robusta
37090071,{Param1} Shoes,{Param3} equipado em {Param2}.,Soldier’s,Foot,Armadura robusta
37090081,{Param1} Shoes,{Param3} equipado em {Param2}.,Mercenary’s,Foot,Armadura robusta
37090091,{Param1} Shoes,{Param3} equipado em {Param2}.,Ornament,Foot,Armadura robusta
37090101,{Param1} Shoes,{Param3} equipado em {Param2}.,Cursed,Foot,Armadura robusta
37090111,{Param1} Shoes,{Param3} equipado em {Param2}.,Refined,Foot,Armadura robusta
37090121,{Param1} Shoes,{Param3} equipado em {Param2}.,Worn,Foot,Armadura robusta
37090131,{Param1} Shoes,{Param3} equipado em {Param2}.,Corroded,Foot,Armadura robusta
37090141,{Param1} Shoes,{Param3} equipado em {Param2}.,Apprentice’s,Foot,Armadura robusta
37090151,{Param1} Shoes,{Param3} equipado em {Param2}.,Wanderer’s,Foot,Armadura robusta
37090161,{Param1} Shoes,{Param3} equipado em {Param2}.,Heretic’s,Foot,Armadura robusta
37090171,{Param1} Shoes,{Param3} equipado em {Param2}.,Fighter’s,Foot,Armadura robusta
37090012,{Param1} Shoes,{Param3} equipado em {Param2}.,Thief’s,Foot,Armadura robusta
37090022,{Param1} Shoes,{Param3} equipado em {Param2}.,Raider’s,Foot,Armadura robusta
37090032,{Param1} Shoes,{Param3} equipado em {Param2}.,Monster Hunter’s,Foot,Armadura robusta
37090042,{Param1} Shoes,{Param3} equipado em {Param2}.,Butcher’s,Foot,Armadura robusta
37090052,{Param1} Shoes,{Param3} equipado em {Param2}.,Battle,Foot,Armadura robusta
37090062,{Param1} Shoes,{Param3} equipado em {Param2}.,Follower’s,Foot,Armadura robusta
37090072,{Param1} Shoes,{Param3} equipado em {Param2}.,Rebel’s,Foot,Armadura robusta
37090082,{Param1} Shoes,{Param3} equipado em {Param2}.,Master’s,Foot,Armadura robusta
37090092,{Param1} Shoes,{Param3} equipado em {Param2}.,Enchanted,Foot,Armadura robusta
37090102,{Param1} Shoes,{Param3} equipado em {Param2}.,Commander’s,Foot,Armadura robusta
37090112,{Param1} Shoes,{Param3} equipado em {Param2}.,Adamant,Foot,Armadura robusta
37090122,{Param1} Shoes,{Param3} equipado em {Param2}.,Old,Foot,Armadura robusta
37090132,{Param1} Shoes,{Param3} equipado em {Param2}.,Guard’s,Foot,Armadura robusta
37090142,{Param1} Shoes,{Param3} equipado em {Param2}.,Delicate,Foot,Armadura robusta
37090152,{Param1} Shoes,{Param3} equipado em {Param2}.,Noticeable,Foot,Armadura robusta
37090162,{Param1} Shoes,{Param3} equipado em {Param2}.,Reinforced,Foot,Armadura robusta
37090172,{Param1} Shoes,{Param3} equipado em {Param2}.,Artificial,Foot,Armadura robusta
37090013,{Param1} Shoes,{Param3} equipado em {Param2}.,Hermit’s,Foot,Armadura robusta
37090023,{Param1} Shoes,{Param3} equipado em {Param2}.,Prophet’s,Foot,Armadura robusta
37090033,{Param1} Shoes,{Param3} equipado em {Param2}.,Authoritative,Foot,Armadura robusta
37090043,{Param1} Shoes,{Param3} equipado em {Param2}.,Noble’s,Foot,Armadura robusta
37090053,{Param1} Shoes,{Param3} equipado em {Param2}.,Executor’s,Foot,Armadura robusta
37090063,{Param1} Shoes,{Param3} equipado em {Param2}.,Judge’s,Foot,Armadura robusta
37090073,{Param1} Shoes,{Param3} equipado em {Param2}.,Lord’s,Foot,Armadura robusta
37090083,{Param1} Shoes,{Param3} equipado em {Param2}.,Exile’s,Foot,Armadura robusta
37090093,{Param1} Shoes,{Param3} equipado em {Param2}.,Dawn,Foot,Armadura robusta
37090103,{Param1} Shoes,{Param3} equipado em {Param2}.,Blue Sky,Foot,Armadura robusta
37090113,{Param1} Shoes,{Param3} equipado em {Param2}.,Twilight,Foot,Armadura robusta
37090123,{Param1} Shoes,{Param3} equipado em {Param2}.,Night,Foot,Armadura robusta
37090133,{Param1} Shoes,{Param3} equipado em {Param2}.,Mist,Foot,Armadura robusta
37090143,{Param1} Shoes,{Param3} equipado em {Param2}.,Harvest,Foot,Armadura robusta
37090153,{Param1} Shoes,{Param3} equipado em {Param2}.,Frost,Foot,Armadura robusta
37090163,{Param1} Shoes,{Param3} equipado em {Param2}.,Silent,Foot,Armadura robusta
37090173,{Param1} Shoes,{Param3} equipado em {Param2}.,Of Oblivion,Foot,Armadura robusta
37090183,{Param1} Shoes,{Param3} equipado em {Param2}.,Knight’s,Foot,Armadura robusta
37090193,{Param1} Shoes,{Param3} equipado em {Param2}.,Confident,Foot,Armadura robusta
37090203,{Param1} Shoes,{Param3} equipado em {Param2}.,Beast’s,Foot,Armadura robusta
37090213,{Param1} Shoes,{Param3} equipado em {Param2}.,of Steel,Foot,Armadura robusta
37090223,{Param1} Shoes,{Param3} equipado em {Param2}.,Antique,Foot,Armadura robusta
37090233,{Param1} Shoes,{Param3} equipado em {Param2}.,of Ascension,Foot,Armadura robusta
37090243,{Param1} Shoes,{Param3} equipado em {Param2}.,of Ominous,Foot,Armadura robusta
37090253,{Param1} Shoes,{Param3} equipado em {Param2}.,Old Kingdom’s,Foot,Armadura robusta
37090014,{Param1} Shoes,{Param3} equipado em {Param2}.,Slayer’s,Foot,Armadura robusta
37090024,{Param1} Shoes,{Param3} equipado em {Param2}.,Beserker’s,Foot,Armadura robusta
37090034,{Param1} Shoes,{Param3} equipado em {Param2}.,Destroyer’s,Foot,Armadura robusta
37090044,{Param1} Shoes,{Param3} equipado em {Param2}.,Nightmare,Foot,Armadura robusta
37090054,{Param1} Shoes,{Param3} equipado em {Param2}.,Tyrant’s,Foot,Armadura robusta
37090064,{Param1} Shoes,{Param3} equipado em {Param2}.,High General’s,Foot,Armadura robusta
37090074,{Param1} Shoes,{Param3} equipado em {Param2}.,Priest’s,Foot,Armadura robusta
37090084,{Param1} Shoes,{Param3} equipado em {Param2}.,Glorious,Foot,Armadura robusta
37090094,{Param1} Shoes,{Param3} equipado em {Param2}.,Ruler’s,Foot,Armadura robusta
37090104,{Param1} Shoes,{Param3} equipado em {Param2}.,Shadow,Foot,Armadura robusta
37090015,{Param1} Shoes,{Param3} equipado em {Param2}.,Ancient,Foot,Armadura robusta
37090025,{Param1} Shoes,{Param3} equipado em {Param2}.,Gudua’s,Foot,Armadura robusta
37090035,{Param1} Shoes,{Param3} equipado em {Param2}.,of Frost,Foot,Armadura robusta
37090016,{Param1} Shoes,{Param3} equipado em {Param2}.,The Absolute’s,Foot,Armadura robusta
38090011,{Param1} Cape,{Param3} equipado em {Param2}.,Ruined Leather,Back,Armadura robusta
38090021,{Param1} Cape,{Param3} equipado em {Param2}.,Fallen One’s,Back,Armadura robusta
38090031,{Param1} Cape,{Param3} equipado em {Param2}.,Worn,Back,Armadura robusta
38090041,{Param1} Cape,{Param3} equipado em {Param2}.,Outlaw’s,Back,Armadura robusta
38090051,{Param1} Cape,{Param3} equipado em {Param2}.,Trainee’s,Back,Armadura robusta
38090061,{Param1} Cape,{Param3} equipado em {Param2}.,Adventurer’s,Back,Armadura robusta
38090071,{Param1} Cape,{Param3} equipado em {Param2}.,Soldier’s,Back,Armadura robusta
38090081,{Param1} Cape,{Param3} equipado em {Param2}.,Mercenary’s,Back,Armadura robusta
38090091,{Param1} Cape,{Param3} equipado em {Param2}.,Ornament,Back,Armadura robusta
38090101,{Param1} Cape,{Param3} equipado em {Param2}.,Cursed,Back,Armadura robusta
38090111,{Param1} Cape,{Param3} equipado em {Param2}.,Refined,Back,Armadura robusta
38090121,{Param1} Cape,{Param3} equipado em {Param2}.,Worn,Back,Armadura robusta
38090131,{Param1} Cape,{Param3} equipado em {Param2}.,Corroded,Back,Armadura robusta
38090141,{Param1} Cape,{Param3} equipado em {Param2}.,Apprentice’s,Back,Armadura robusta
38090151,{Param1} Cape,{Param3} equipado em {Param2}.,Wanderer’s,Back,Armadura robusta
38090161,{Param1} Cape,{Param3} equipado em {Param2}.,Heretic’s,Back,Armadura robusta
38090171,{Param1} Cape,{Param3} equipado em {Param2}.,Fighter’s,Back,Armadura robusta
38090012,{Param1} Cape,{Param3} equipado em {Param2}.,Thief’s,Back,Armadura robusta
38090022,{Param1} Cape,{Param3} equipado em {Param2}.,Raider’s,Back,Armadura robusta
38090032,{Param1} Cape,{Param3} equipado em {Param2}.,Monster Hunter’s,Back,Armadura robusta
38090042,{Param1} Cape,{Param3} equipado em {Param2}.,Butcher’s,Back,Armadura robusta
38090052,{Param1} Cape,{Param3} equipado em {Param2}.,Battle,Back,Armadura robusta
38090062,{Param1} Cape,{Param3} equipado em {Param2}.,Follower’s,Back,Armadura robusta
38090072,{Param1} Cape,{Param3} equipado em {Param2}.,Rebel’s,Back,Armadura robusta
38090082,{Param1} Cape,{Param3} equipado em {Param2}.,Master’s,Back,Armadura robusta
38090092,{Param1} Cape,{Param3} equipado em {Param2}.,Enchanted,Back,Armadura robusta
38090102,{Param1} Cape,{Param3} equipado em {Param2}.,Commander’s,Back,Armadura robusta
38090112,{Param1} Cape,{Param3} equipado em {Param2}.,Adamant,Back,Armadura robusta
38090122,{Param1} Cape,{Param3} equipado em {Param2}.,Old,Back,Armadura robusta
38090132,{Param1} Cape,{Param3} equipado em {Param2}.,Guard’s,Back,Armadura robusta
38090142,{Param1} Cape,{Param3} equipado em {Param2}.,Delicate,Back,Armadura robusta
38090152,{Param1} Cape,{Param3} equipado em {Param2}.,Noticeable,Back,Armadura robusta
38090162,{Param1} Cape,{Param3} equipado em {Param2}.,Reinforced,Back,Armadura robusta
38090172,{Param1} Cape,{Param3} equipado em {Param2}.,Artificial,Back,Armadura robusta
38090013,{Param1} Cape,{Param3} equipado em {Param2}.,Hermit’s,Back,Armadura robusta
38090023,{Param1} Cape,{Param3} equipado em {Param2}.,Prophet’s,Back,Armadura robusta
38090033,{Param1} Cape,{Param3} equipado em {Param2}.,Authoritative,Back,Armadura robusta
38090043,{Param1} Cape,{Param3} equipado em {Param2}.,Noble’s,Back,Armadura robusta
38090053,{Param1} Cape,{Param3} equipado em {Param2}.,Executor’s,Back,Armadura robusta
38090063,{Param1} Cape,{Param3} equipado em {Param2}.,Judge’s,Back,Armadura robusta
38090073,{Param1} Cape,{Param3} equipado em {Param2}.,Lord’s,Back,Armadura robusta
38090083,{Param1} Cape,{Param3} equipado em {Param2}.,Exile’s,Back,Armadura robusta
38090093,{Param1} Cape,{Param3} equipado em {Param2}.,Dawn,Back,Armadura robusta
38090103,{Param1} Cape,{Param3} equipado em {Param2}.,Blue Sky,Back,Armadura robusta
38090113,{Param1} Cape,{Param3} equipado em {Param2}.,Twilight,Back,Armadura robusta
38090123,{Param1} Cape,{Param3} equipado em {Param2}.,Night,Back,Armadura robusta
38090133,{Param1} Cape,{Param3} equipado em {Param2}.,Mist,Back,Armadura robusta
38090143,{Param1} Cape,{Param3} equipado em {Param2}.,Harvest,Back,Armadura robusta
38090153,{Param1} Cape,{Param3} equipado em {Param2}.,Frost,Back,Armadura robusta
38090163,{Param1} Cape,{Param3} equipado em {Param2}.,Silent,Back,Armadura robusta
38090173,{Param1} Cape,{Param3} equipado em {Param2}.,Of Oblivion,Back,Armadura robusta
38090183,{Param1} Cape,{Param3} equipado em {Param2}.,Knight’s,Back,Armadura robusta
38090193,{Param1} Cape,{Param3} equipado em {Param2}.,Confident,Back,Armadura robusta
38090203,{Param1} Cape,{Param3} equipado em {Param2}.,Beast’s,Back,Armadura robusta
38090213,{Param1} Cape,{Param3} equipado em {Param2}.,of Steel,Back,Armadura robusta
38090223,{Param1} Cape,{Param3} equipado em {Param2}.,Antique,Back,Armadura robusta
38090233,{Param1} Cape,{Param3} equipado em {Param2}.,of Ascension,Back,Armadura robusta
38090243,{Param1} Cape,{Param3} equipado em {Param2}.,of Ominous,Back,Armadura robusta
38090253,{Param1} Cape,{Param3} equipado em {Param2}.,Old Kingdom’s,Back,Armadura robusta
38090014,{Param1} Cape,{Param3} equipado em {Param2}.,Slayer’s,Back,Armadura robusta
38090024,{Param1} Cape,{Param3} equipado em {Param2}.,Beserker’s,Back,Armadura robusta
38090034,{Param1} Cape,{Param3} equipado em {Param2}.,Destroyer’s,Back,Armadura robusta
38090044,{Param1} Cape,{Param3} equipado em {Param2}.,Nightmare,Back,Armadura robusta
38090054,{Param1} Cape,{Param3} equipado em {Param2}.,Tyrant’s,Back,Armadura robusta
38090064,{Param1} Cape,{Param3} equipado em {Param2}.,High General’s,Back,Armadura robusta
38090074,{Param1} Cape,{Param3} equipado em {Param2}.,Priest’s,Back,Armadura robusta
38090084,{Param1} Cape,{Param3} equipado em {Param2}.,Glorious,Back,Armadura robusta
38090094,{Param1} Cape,{Param3} equipado em {Param2}.,Ruler’s,Back,Armadura robusta
38090104,{Param1} Cape,{Param3} equipado em {Param2}.,Shadow,Back,Armadura robusta
38090015,{Param1} Cape,{Param3} equipado em {Param2}.,Ancient,Back,Armadura robusta
38090025,{Param1} Cape,{Param3} equipado em {Param2}.,Gudua’s,Back,Armadura robusta
38090035,{Param1} Cape,{Param3} equipado em {Param2}.,of Frost,Back,Armadura robusta
38090016,{Param1} Cape,{Param3} equipado em {Param2}.,The Absolute’s,Back,Armadura robusta
41090011,{Param1} Necklace,Acessório equipado no pescoço.,Damaged,Neck,Acessório
41090021,{Param1} Necklace,Acessório equipado no pescoço.,Curved,Neck,Acessório
41090031,{Param1} Necklace,Acessório equipado no pescoço.,Crude,Neck,Acessório
41090041,{Param1} Necklace,Acessório equipado no pescoço.,Faded,Neck,Acessório
41090051,{Param1} Necklace,Acessório equipado no pescoço.,Rusty,Neck,Acessório
41090061,{Param1} Necklace,Acessório equipado no pescoço.,Plain,Neck,Acessório
41090071,{Param1} Necklace,Acessório equipado no pescoço.,Gambler’s,Neck,Acessório
41090081,{Param1} Necklace,Acessório equipado no pescoço.,Hidden,Neck,Acessório
41090091,{Param1} Necklace,Acessório equipado no pescoço.,Lost,Neck,Acessório
41090012,{Param1} Necklace,Acessório equipado no pescoço.,Raven Beak,Neck,Acessório
41090022,{Param1} Necklace,Acessório equipado no pescoço.,Wolf Claw,Neck,Acessório
41090032,{Param1} Necklace,Acessório equipado no pescoço.,Golden Viper,Neck,Acessório
41090042,{Param1} Necklace,Acessório equipado no pescoço.,White Lion’s,Neck,Acessório
41090052,{Param1} Necklace,Acessório equipado no pescoço.,Earth,Neck,Acessório
41090062,{Param1} Necklace,Acessório equipado no pescoço.,Lake,Neck,Acessório
41090072,{Param1} Necklace,Acessório equipado no pescoço.,Aesthetic,Neck,Acessório
41090082,{Param1} Necklace,Acessório equipado no pescoço.,Quartz,Neck,Acessório
41090092,{Param1} Necklace,Acessório equipado no pescoço.,Charcoal Hound’s,Neck,Acessório
41090013,{Param1} Necklace,Acessório equipado no pescoço.,Fortunate,Neck,Acessório
41090023,{Param1} Necklace,Acessório equipado no pescoço.,Unfortunate,Neck,Acessório
41090033,{Param1} Necklace,Acessório equipado no pescoço.,of Bond,Neck,Acessório
41090043,{Param1} Necklace,Acessório equipado no pescoço.,Binding,Neck,Acessório
41090053,{Param1} Necklace,Acessório equipado no pescoço.,Spirit,Neck,Acessório
41090063,{Param1} Necklace,Acessório equipado no pescoço.,Wraith’s,Neck,Acessório
41090073,{Param1} Necklace,Acessório equipado no pescoço.,Protective,Neck,Acessório
41090083,{Param1} Necklace,Acessório equipado no pescoço.,Brilliant,Neck,Acessório
41090093,{Param1} Necklace,Acessório equipado no pescoço.,Mystic,Neck,Acessório
41090103,{Param1} Necklace,Acessório equipado no pescoço.,Harmonious,Neck,Acessório
41090113,{Param1} Necklace,Acessório equipado no pescoço.,Chaotic,Neck,Acessório
41090123,{Param1} Necklace,Acessório equipado no pescoço.,Hazy Memory,Neck,Acessório
41090133,{Param1} Necklace,Acessório equipado no pescoço.,Starfall,Neck,Acessório
41090143,{Param1} Necklace,Acessório equipado no pescoço.,of Fantasy,Neck,Acessório
41090014,{Param1} Necklace,Acessório equipado no pescoço.,Wings of Light,Neck,Acessório
41090024,{Param1} Necklace,Acessório equipado no pescoço.,Comet’s,Neck,Acessório
41090034,{Param1} Necklace,Acessório equipado no pescoço.,Starlight,Neck,Acessório
41090044,{Param1} Necklace,Acessório equipado no pescoço.,Full Moon,Neck,Acessório
41090054,{Param1} Necklace,Acessório equipado no pescoço.,Radiant,Neck,Acessório
41090064,{Param1} Necklace,Acessório equipado no pescoço.,Black Wings,Neck,Acessório
41090074,{Param1} Necklace,Acessório equipado no pescoço.,Meteor,Neck,Acessório
41090084,{Param1} Necklace,Acessório equipado no pescoço.,Nebula,Neck,Acessório
41090094,{Param1} Necklace,Acessório equipado no pescoço.,Solar,Neck,Acessório
41090104,{Param1} Necklace,Acessório equipado no pescoço.,Crescent Moon,Neck,Acessório
41090015,{Param1} Necklace,Acessório equipado no pescoço.,Fateful,Neck,Acessório
41090025,{Param1} Necklace,Acessório equipado no pescoço.,Abyssal,Neck,Acessório
41090016,{Param1} Necklace,Acessório equipado no pescoço.,Emperor’s,Neck,Acessório
42090011,{Param1} Earrings,Acessório equipado na orelha.,Damaged,Ear,Acessório
42090021,{Param1} Earrings,Acessório equipado na orelha.,Curved,Ear,Acessório
42090031,{Param1} Earrings,Acessório equipado na orelha.,Crude,Ear,Acessório
42090041,{Param1} Earrings,Acessório equipado na orelha.,Faded,Ear,Acessório
42090051,{Param1} Earrings,Acessório equipado na orelha.,Rusty,Ear,Acessório
42090061,{Param1} Earrings,Acessório equipado na orelha.,Plain,Ear,Acessório
42090071,{Param1} Earrings,Acessório equipado na orelha.,Gambler’s,Ear,Acessório
42090081,{Param1} Earrings,Acessório equipado na orelha.,Hidden,Ear,Acessório
42090091,{Param1} Earrings,Acessório equipado na orelha.,Lost,Ear,Acessório
42090012,{Param1} Earrings,Acessório equipado na orelha.,Raven Beak,Ear,Acessório
42090022,{Param1} Earrings,Acessório equipado na orelha.,Wolf Claw,Ear,Acessório
42090032,{Param1} Earrings,Acessório equipado na orelha.,Golden Viper,Ear,Acessório
42090042,{Param1} Earrings,Acessório equipado na orelha.,White Lion’s,Ear,Acessório
42090052,{Param1} Earrings,Acessório equipado na orelha.,Earth,Ear,Acessório
42090062,{Param1} Earrings,Acessório equipado na orelha.,Lake,Ear,Acessório
42090072,{Param1} Earrings,Acessório equipado na orelha.,Aesthetic,Ear,Acessório
42090082,{Param1} Earrings,Acessório equipado na orelha.,Quartz,Ear,Acessório
42090092,{Param1} Earrings,Acessório equipado na orelha.,Charcoal Hound’s,Ear,Acessório
42090013,{Param1} Earrings,Acessório equipado na orelha.,Fortunate,Ear,Acessório
42090023,{Param1} Earrings,Acessório equipado na orelha.,Unfortunate,Ear,Acessório
42090033,{Param1} Earrings,Acessório equipado na orelha.,of Bond,Ear,Acessório
42090043,{Param1} Earrings,Acessório equipado na orelha.,Binding,Ear,Acessório
42090053,{Param1} Earrings,Acessório equipado na orelha.,Spirit,Ear,Acessório
42090063,{Param1} Earrings,Acessório equipado na orelha.,Wraith’s,Ear,Acessório
42090073,{Param1} Earrings,Acessório equipado na orelha.,Protective,Ear,Acessório
42090083,{Param1} Earrings,Acessório equipado na orelha.,Brilliant,Ear,Acessório
42090093,{Param1} Earrings,Acessório equipado na orelha.,Mystic,Ear,Acessório
42090103,{Param1} Earrings,Acessório equipado na orelha.,Harmonious,Ear,Acessório
42090113,{Param1} Earrings,Acessório equipado na orelha.,Chaotic,Ear,Acessório
42090123,{Param1} Earrings,Acessório equipado na orelha.,Hazy Memory,Ear,Acessório
42090133,{Param1} Earrings,Acessório equipado na orelha.,Starfall,Ear,Acessório
42090143,{Param1} Earrings,Acessório equipado na orelha.,of Fantasy,Ear,Acessório
42090014,{Param1} Earrings,Acessório equipado na orelha.,Wings of Light,Ear,Acessório
42090024,{Param1} Earrings,Acessório equipado na orelha.,Comet’s,Ear,Acessório
42090034,{Param1} Earrings,Acessório equipado na orelha.,Starlight,Ear,Acessório
42090044,{Param1} Earrings,Acessório equipado na orelha.,Full Moon,Ear,Acessório
42090054,{Param1} Earrings,Acessório equipado na orelha.,Radiant,Ear,Acessório
42090064,{Param1} Earrings,Acessório equipado na orelha.,Black Wings,Ear,Acessório
42090074,{Param1} Earrings,Acessório equipado na orelha.,Meteor,Ear,Acessório
42090084,{Param1} Earrings,Acessório equipado na orelha.,Nebula,Ear,Acessório
42090094,{Param1} Earrings,Acessório equipado na orelha.,Solar,Ear,Acessório
42090104,{Param1} Earrings,Acessório equipado na orelha.,Crescent Moon,Ear,Acessório
42090015,{Param1} Earrings,Acessório equipado na orelha.,Fateful,Ear,Acessório
42090025,{Param1} Earrings,Acessório equipado na orelha.,Abyssal,Ear,Acessório
42090016,{Param1} Earrings,Acessório equipado na orelha.,Emperor’s,Ear,Acessório
43090011,{Param1} Rings,Acessório equipado no dedo.,Damaged,Finger,Acessório
43090021,{Param1} Rings,Acessório equipado no dedo.,Curved,Finger,Acessório
43090031,{Param1} Rings,Acessório equipado no dedo.,Crude,Finger,Acessório
43090041,{Param1} Rings,Acessório equipado no dedo.,Faded,Finger,Acessório
43090051,{Param1} Rings,Acessório equipado no dedo.,Rusty,Finger,Acessório
43090061,{Param1} Rings,Acessório equipado no dedo.,Plain,Finger,Acessório
43090071,{Param1} Rings,Acessório equipado no dedo.,Gambler’s,Finger,Acessório
43090081,{Param1} Rings,Acessório equipado no dedo.,Hidden,Finger,Acessório
43090091,{Param1} Rings,Acessório equipado no dedo.,Lost,Finger,Acessório
43090012,{Param1} Rings,Acessório equipado no dedo.,Raven Beak,Finger,Acessório
43090022,{Param1} Rings,Acessório equipado no dedo.,Wolf Claw,Finger,Acessório
43090032,{Param1} Rings,Acessório equipado no dedo.,Golden Viper,Finger,Acessório
43090042,{Param1} Rings,Acessório equipado no dedo.,White Lion’s,Finger,Acessório
43090052,{Param1} Rings,Acessório equipado no dedo.,Earth,Finger,Acessório
43090062,{Param1} Rings,Acessório equipado no dedo.,Lake,Finger,Acessório
43090072,{Param1} Rings,Acessório equipado no dedo.,Aesthetic,Finger,Acessório
43090082,{Param1} Rings,Acessório equipado no dedo.,Quartz,Finger,Acessório
43090092,{Param1} Rings,Acessório equipado no dedo.,Charcoal Hound’s,Finger,Acessório
43090013,{Param1} Rings,Acessório equipado no dedo.,Fortunate,Finger,Acessório
43090023,{Param1} Rings,Acessório equipado no dedo.,Unfortunate,Finger,Acessório
43090033,{Param1} Rings,Acessório equipado no dedo.,of Bond,Finger,Acessório
43090043,{Param1} Rings,Acessório equipado no dedo.,Binding,Finger,Acessório
43090053,{Param1} Rings,Acessório equipado no dedo.,Spirit,Finger,Acessório
43090063,{Param1} Rings,Acessório equipado no dedo.,Wraith’s,Finger,Acessório
43090073,{Param1} Rings,Acessório equipado no dedo.,Protective,Finger,Acessório
43090083,{Param1} Rings,Acessório equipado no dedo.,Brilliant,Finger,Acessório
43090093,{Param1} Rings,Acessório equipado no dedo.,Mystic,Finger,Acessório
43090103,{Param1} Rings,Acessório equipado no dedo.,Harmonious,Finger,Acessório
43090113,{Param1} Rings,Acessório equipado no dedo.,Chaotic,Finger,Acessório
43090123,{Param1} Rings,Acessório equipado no dedo.,Hazy Memory,Finger,Acessório
43090133,{Param1} Rings,Acessório equipado no dedo.,Starfall,Finger,Acessório
43090143,{Param1} Rings,Acessório equipado no dedo.,of Fantasy,Finger,Acessório
43090014,{Param1} Rings,Acessório equipado no dedo.,Wings of Light,Finger,Acessório
43090024,{Param1} Rings,Acessório equipado no dedo.,Comet’s,Finger,Acessório
43090034,{Param1} Rings,Acessório equipado no dedo.,Starlight,Finger,Acessório
43090044,{Param1} Rings,Acessório equipado no dedo.,Full Moon,Finger,Acessório
43090054,{Param1} Rings,Acessório equipado no dedo.,Radiant,Finger,Acessório
43090064,{Param1} Rings,Acessório equipado no dedo.,Black Wings,Finger,Acessório
43090074,{Param1} Rings,Acessório equipado no dedo.,Meteor,Finger,Acessório
43090084,{Param1} Rings,Acessório equipado no dedo.,Nebula,Finger,Acessório
43090094,{Param1} Rings,Acessório equipado no dedo.,Solar,Finger,Acessório
43090104,{Param1} Rings,Acessório equipado no dedo.,Crescent Moon,Finger,Acessório
43090015,{Param1} Rings,Acessório equipado no dedo.,Fateful,Finger,Acessório
43090025,{Param1} Rings,Acessório equipado no dedo.,Abyssal,Finger,Acessório
43090016,{Param1} Rings,Acessório equipado no dedo.,Emperor’s,Finger,Acessório
44090011,{Param1} Bracelet,Acessório equipado no braço.,Damaged,Arm,Acessório
44090021,{Param1} Bracelet,Acessório equipado no braço.,Curved,Arm,Acessório
44090031,{Param1} Bracelet,Acessório equipado no braço.,Crude,Arm,Acessório
44090041,{Param1} Bracelet,Acessório equipado no braço.,Faded,Arm,Acessório
44090051,{Param1} Bracelet,Acessório equipado no braço.,Rusty,Arm,Acessório
44090061,{Param1} Bracelet,Acessório equipado no braço.,Plain,Arm,Acessório
44090071,{Param1} Bracelet,Acessório equipado no braço.,Gambler’s,Arm,Acessório
44090081,{Param1} Bracelet,Acessório equipado no braço.,Hidden,Arm,Acessório
44090091,{Param1} Bracelet,Acessório equipado no braço.,Lost,Arm,Acessório
44090012,{Param1} Bracelet,Acessório equipado no braço.,Raven Beak,Arm,Acessório
44090022,{Param1} Bracelet,Acessório equipado no braço.,Wolf Claw,Arm,Acessório
44090032,{Param1} Bracelet,Acessório equipado no braço.,Golden Viper,Arm,Acessório
44090042,{Param1} Bracelet,Acessório equipado no braço.,White Lion’s,Arm,Acessório
44090052,{Param1} Bracelet,Acessório equipado no braço.,Earth,Arm,Acessório
44090062,{Param1} Bracelet,Acessório equipado no braço.,Lake,Arm,Acessório
44090072,{Param1} Bracelet,Acessório equipado no braço.,Aesthetic,Arm,Acessório
44090082,{Param1} Bracelet,Acessório equipado no braço.,Quartz,Arm,Acessório
44090092,{Param1} Bracelet,Acessório equipado no braço.,Charcoal Hound’s,Arm,Acessório
44090013,{Param1} Bracelet,Acessório equipado no braço.,Fortunate,Arm,Acessório
44090023,{Param1} Bracelet,Acessório equipado no braço.,Unfortunate,Arm,Acessório
44090033,{Param1} Bracelet,Acessório equipado no braço.,of Bond,Arm,Acessório
44090043,{Param1} Bracelet,Acessório equipado no braço.,Binding,Arm,Acessório
44090053,{Param1} Bracelet,Acessório equipado no braço.,Spirit,Arm,Acessório
44090063,{Param1} Bracelet,Acessório equipado no braço.,Wraith’s,Arm,Acessório
44090073,{Param1} Bracelet,Acessório equipado no braço.,Protective,Arm,Acessório
44090083,{Param1} Bracelet,Acessório equipado no braço.,Brilliant,Arm,Acessório
44090093,{Param1} Bracelet,Acessório equipado no braço.,Mystic,Arm,Acessório
44090103,{Param1} Bracelet,Acessório equipado no braço.,Harmonious,Arm,Acessório
44090113,{Param1} Bracelet,Acessório equipado no braço.,Chaotic,Arm,Acessório
44090123,{Param1} Bracelet,Acessório equipado no braço.,Hazy Memory,Arm,Acessório
44090133,{Param1} Bracelet,Acessório equipado no braço.,Starfall,Arm,Acessório
44090143,{Param1} Bracelet,Acessório equipado no braço.,of Fantasy,Arm,Acessório
44090014,{Param1} Bracelet,Acessório equipado no braço.,Wings of Light,Arm,Acessório
44090024,{Param1} Bracelet,Acessório equipado no braço.,Comet’s,Arm,Acessório
44090034,{Param1} Bracelet,Acessório equipado no braço.,Starlight,Arm,Acessório
44090044,{Param1} Bracelet,Acessório equipado no braço.,Full Moon,Arm,Acessório
44090054,{Param1} Bracelet,Acessório equipado no braço.,Radiant,Arm,Acessório
44090064,{Param1} Bracelet,Acessório equipado no braço.,Black Wings,Arm,Acessório
44090074,{Param1} Bracelet,Acessório equipado no braço.,Meteor,Arm,Acessório
44090084,{Param1} Bracelet,Acessório equipado no braço.,Nebula,Arm,Acessório
44090094,{Param1} Bracelet,Acessório equipado no braço.,Solar,Arm,Acessório
44090104,{Param1} Bracelet,Acessório equipado no braço.,Crescent Moon,Arm,Acessório
44090015,{Param1} Bracelet,Acessório equipado no braço.,Fateful,Arm,Acessório
44090025,{Param1} Bracelet,Acessório equipado no braço.,Abyssal,Arm,Acessório
44090016,{Param1} Bracelet,Acessório equipado no braço.,Emperor’s,Arm,Acessório
51000001,{Param1} {Param2} Powerstone,Powerstone que pode ser equipada no Crest de {Param1}.,Kalakur,Destruction,
51000002,{Param1} {Param2} Powerstone,Powerstone que pode ser equipada no Crest de {Param1}.,Kalakur,Protection,
51000003,{Param1} {Param2} Powerstone,Powerstone que pode ser equipada no Crest de {Param1}.,Kalakur,Mystery,
51000004,{Param1} {Param2} Powerstone,Powerstone que pode ser equipada no Crest de {Param1}.,Kalakur,Resistance,
52000001,{Param1} {Param2} Powerstone,Powerstone que pode ser equipada no Crest de {Param1}.,Kaizen-Akar,Fate,
52000002,{Param1} {Param2} Powerstone,Powerstone que pode ser equipada no Crest de {Param1}.,Kaizen-Akar,Judgment,
52000003,{Param1} {Param2} Powerstone,Powerstone que pode ser equipada no Crest de {Param1}.,Kaizen-Akar,Victory,
52000004,{Param1} {Param2} Powerstone,Powerstone que pode ser equipada no Crest de {Param1}.,Kaizen-Akar,Instinct,
53000001,{Param1} {Param2} Powerstone,Powerstone que pode ser equipada no Crest de {Param1}.,Avantir,Destruction,
53000002,{Param1} {Param2} Powerstone,Powerstone que pode ser equipada no Crest de {Param1}.,Avantir,Protection,
53000003,{Param1} {Param2} Powerstone,Powerstone que pode ser equipada no Crest de {Param1}.,Avantir,Mystery,
53000004,{Param1} {Param2} Powerstone,Powerstone que pode ser equipada no Crest de {Param1}.,Avantir,Resistance,
54000001,{Param1} {Param2} Powerstone,Powerstone que pode ser equipada no Crest de {Param1}.,Mahakurd,Destruction,
54000002,{Param1} {Param2} Powerstone,Powerstone que pode ser equipada no Crest de {Param1}.,Mahakurd,Victory,
54000003,{Param1} {Param2} Powerstone,Powerstone que pode ser equipada no Crest de {Param1}.,Mahakurd,Protection,
54000004,{Param1} {Param2} Powerstone,Powerstone que pode ser equipada no Crest de {Param1}.,Mahakurd,Judgment,
61090101,Relic of Subjugation {Param3},Relíquia antiga feita de um núcleo refinado de Aether e circuitos mágicos. Equipe Sacred Relic para aumentar seus atributos.,,,I
61090102,Relic of Subjugation {Param3},Relíquia antiga feita de um núcleo refinado de Aether e circuitos mágicos. Equipe Sacred Relic para aumentar seus atributos.,,,II
61090103,Relic of Subjugation {Param3},Relíquia antiga feita de um núcleo refinado de Aether e circuitos mágicos. Equipe Sacred Relic para aumentar seus atributos.,,,III
61090104,Relic of Subjugation {Param3},Relíquia antiga feita de um núcleo refinado de Aether e circuitos mágicos. Equipe Sacred Relic para aumentar seus atributos.,,,IV
61090105,Relic of Subjugation {Param3},Relíquia antiga feita de um núcleo refinado de Aether e circuitos mágicos. Equipe Sacred Relic para aumentar seus atributos.,,,V
61090106,Relic of Subjugation {Param3},Relíquia antiga feita de um núcleo refinado de Aether e circuitos mágicos. Equipe Sacred Relic para aumentar seus atributos.,,,VI
61090107,Relic of Subjugation {Param3},Relíquia antiga feita de um núcleo refinado de Aether e circuitos mágicos. Equipe Sacred Relic para aumentar seus atributos.,,,VII
61090108,Relic of Subjugation {Param3},Relíquia antiga feita de um núcleo refinado de Aether e circuitos mágicos. Equipe Sacred Relic para aumentar seus atributos.,,,VIII
61090109,Relic of Subjugation {Param3},Relíquia antiga feita de um núcleo refinado de Aether e circuitos mágicos. Equipe Sacred Relic para aumentar seus atributos.,,,IX
61090110,Relic of Subjugation {Param3},Relíquia antiga feita de um núcleo refinado de Aether e circuitos mágicos. Equipe Sacred Relic para aumentar seus atributos.,,,X
61090111,Relic of Subjugation {Param3},Relíquia antiga feita de um núcleo refinado de Aether e circuitos mágicos. Equipe Sacred Relic para aumentar seus atributos.,,,XI
61090112,Relic of Subjugation {Param3},Relíquia antiga feita de um núcleo refinado de Aether e circuitos mágicos. Equipe Sacred Relic para aumentar seus atributos.,,,XII
61090113,Relic of Subjugation {Param3},Relíquia antiga feita de um núcleo refinado de Aether e circuitos mágicos. Equipe Sacred Relic para aumentar seus atributos.,,,XIII
61090114,Relic of Subjugation {Param3},Relíquia antiga feita de um núcleo refinado de Aether e circuitos mágicos. Equipe Sacred Relic para aumentar seus atributos.,,,XIV
61090115,Relic of Subjugation {Param3},Relíquia antiga feita de um núcleo refinado de Aether e circuitos mágicos. Equipe Sacred Relic para aumentar seus atributos.,,,XV
62090101,Relic of Loyalty {Param3},Relíquia antiga feita de um núcleo refinado de Aether e circuitos mágicos. Equipe Sacred Relic para aumentar seus atributos.,,,I
62090102,Relic of Loyalty {Param3},Relíquia antiga feita de um núcleo refinado de Aether e circuitos mágicos. Equipe Sacred Relic para aumentar seus atributos.,,,II
62090103,Relic of Loyalty {Param3},Relíquia antiga feita de um núcleo refinado de Aether e circuitos mágicos. Equipe Sacred Relic para aumentar seus atributos.,,,III
62090104,Relic of Loyalty {Param3},Relíquia antiga feita de um núcleo refinado de Aether e circuitos mágicos. Equipe Sacred Relic para aumentar seus atributos.,,,IV
62090105,Relic of Loyalty {Param3},Relíquia antiga feita de um núcleo refinado de Aether e circuitos mágicos. Equipe Sacred Relic para aumentar seus atributos.,,,V
62090106,Relic of Loyalty {Param3},Relíquia antiga feita de um núcleo refinado de Aether e circuitos mágicos. Equipe Sacred Relic para aumentar seus atributos.,,,VI
62090107,Relic of Loyalty {Param3},Relíquia antiga feita de um núcleo refinado de Aether e circuitos mágicos. Equipe Sacred Relic para aumentar seus atributos.,,,VII
62090108,Relic of Loyalty {Param3},Relíquia antiga feita de um núcleo refinado de Aether e circuitos mágicos. Equipe Sacred Relic para aumentar seus atributos.,,,VIII
62090109,Relic of Loyalty {Param3},Relíquia antiga feita de um núcleo refinado de Aether e circuitos mágicos. Equipe Sacred Relic para aumentar seus atributos.,,,IX
62090110,Relic of Loyalty {Param3},Relíquia antiga feita de um núcleo refinado de Aether e circuitos mágicos. Equipe Sacred Relic para aumentar seus atributos.,,,X
62090111,Relic of Loyalty {Param3},Relíquia antiga feita de um núcleo refinado de Aether e circuitos mágicos. Equipe Sacred Relic para aumentar seus atributos.,,,XI
62090112,Relic of Loyalty {Param3},Relíquia antiga feita de um núcleo refinado de Aether e circuitos mágicos. Equipe Sacred Relic para aumentar seus atributos.,,,XII
62090113,Relic of Loyalty {Param3},Relíquia antiga feita de um núcleo refinado de Aether e circuitos mágicos. Equipe Sacred Relic para aumentar seus atributos.,,,XIII
62090114,Relic of Loyalty {Param3},Relíquia antiga feita de um núcleo refinado de Aether e circuitos mágicos. Equipe Sacred Relic para aumentar seus atributos.,,,XIV
62090115,Relic of Loyalty {Param3},Relíquia antiga feita de um núcleo refinado de Aether e circuitos mágicos. Equipe Sacred Relic para aumentar seus atributos.,,,XV
63090101,Relic of Infinity {Param3},Relíquia antiga feita de um núcleo refinado de Aether e circuitos mágicos. Equipe Sacred Relic para aumentar seus atributos.,,,I
63090102,Relic of Infinity {Param3},Relíquia antiga feita de um núcleo refinado de Aether e circuitos mágicos. Equipe Sacred Relic para aumentar seus atributos.,,,II
63090103,Relic of Infinity {Param3},Relíquia antiga feita de um núcleo refinado de Aether e circuitos mágicos. Equipe Sacred Relic para aumentar seus atributos.,,,III
63090104,Relic of Infinity {Param3},Relíquia antiga feita de um núcleo refinado de Aether e circuitos mágicos. Equipe Sacred Relic para aumentar seus atributos.,,,IV
63090105,Relic of Infinity {Param3},Relíquia antiga feita de um núcleo refinado de Aether e circuitos mágicos. Equipe Sacred Relic para aumentar seus atributos.,,,V
63090106,Relic of Infinity {Param3},Relíquia antiga feita de um núcleo refinado de Aether e circuitos mágicos. Equipe Sacred Relic para aumentar seus atributos.,,,VI
63090107,Relic of Infinity {Param3},Relíquia antiga feita de um núcleo refinado de Aether e circuitos mágicos. Equipe Sacred Relic para aumentar seus atributos.,,,VII
63090108,Relic of Infinity {Param3},Relíquia antiga feita de um núcleo refinado de Aether e circuitos mágicos. Equipe Sacred Relic para aumentar seus atributos.,,,VIII
63090109,Relic of Infinity {Param3},Relíquia antiga feita de um núcleo refinado de Aether e circuitos mágicos. Equipe Sacred Relic para aumentar seus atributos.,,,IX
63090110,Relic of Infinity {Param3},Relíquia antiga feita de um núcleo refinado de Aether e circuitos mágicos. Equipe Sacred Relic para aumentar seus atributos.,,,X
63090111,Relic of Infinity {Param3},Relíquia antiga feita de um núcleo refinado de Aether e circuitos mágicos. Equipe Sacred Relic para aumentar seus atributos.,,,XI
63090112,Relic of Infinity {Param3},Relíquia antiga feita de um núcleo refinado de Aether e circuitos mágicos. Equipe Sacred Relic para aumentar seus atributos.,,,XII
63090113,Relic of Infinity {Param3},Relíquia antiga feita de um núcleo refinado de Aether e circuitos mágicos. Equipe Sacred Relic para aumentar seus atributos.,,,XIII
63090114,Relic of Infinity {Param3},Relíquia antiga feita de um núcleo refinado de Aether e circuitos mágicos. Equipe Sacred Relic para aumentar seus atributos.,,,XIV
63090115,Relic of Infinity {Param3},Relíquia antiga feita de um núcleo refinado de Aether e circuitos mágicos. Equipe Sacred Relic para aumentar seus atributos.,,,XV
64090101,Relic of Abyss {Param3},Relíquia antiga feita de um núcleo refinado de Aether e circuitos mágicos. Equipe Sacred Relic para aumentar seus atributos.,,,I
64090102,Relic of Abyss {Param3},Relíquia antiga feita de um núcleo refinado de Aether e circuitos mágicos. Equipe Sacred Relic para aumentar seus atributos.,,,II
64090103,Relic of Abyss {Param3},Relíquia antiga feita de um núcleo refinado de Aether e circuitos mágicos. Equipe Sacred Relic para aumentar seus atributos.,,,III
64090104,Relic of Abyss {Param3},Relíquia antiga feita de um núcleo refinado de Aether e circuitos mágicos. Equipe Sacred Relic para aumentar seus atributos.,,,IV
64090105,Relic of Abyss {Param3},Relíquia antiga feita de um núcleo refinado de Aether e circuitos mágicos. Equipe Sacred Relic para aumentar seus atributos.,,,V
64090106,Relic of Abyss {Param3},Relíquia antiga feita de um núcleo refinado de Aether e circuitos mágicos. Equipe Sacred Relic para aumentar seus atributos.,,,VI
64090107,Relic of Abyss {Param3},Relíquia antiga feita de um núcleo refinado de Aether e circuitos mágicos. Equipe Sacred Relic para aumentar seus atributos.,,,VII
64090108,Relic of Abyss {Param3},Relíquia antiga feita de um núcleo refinado de Aether e circuitos mágicos. Equipe Sacred Relic para aumentar seus atributos.,,,VIII
64090109,Relic of Abyss {Param3},Relíquia antiga feita de um núcleo refinado de Aether e circuitos mágicos. Equipe Sacred Relic para aumentar seus atributos.,,,IX
64090110,Relic of Abyss {Param3},Relíquia antiga feita de um núcleo refinado de Aether e circuitos mágicos. Equipe Sacred Relic para aumentar seus atributos.,,,X
64090111,Relic of Abyss {Param3},Relíquia antiga feita de um núcleo refinado de Aether e circuitos mágicos. Equipe Sacred Relic para aumentar seus atributos.,,,XI
64090112,Relic of Abyss {Param3},Relíquia antiga feita de um núcleo refinado de Aether e circuitos mágicos. Equipe Sacred Relic para aumentar seus atributos.,,,XII
64090113,Relic of Abyss {Param3},Relíquia antiga feita de um núcleo refinado de Aether e circuitos mágicos. Equipe Sacred Relic para aumentar seus atributos.,,,XIII
64090114,Relic of Abyss {Param3},Relíquia antiga feita de um núcleo refinado de Aether e circuitos mágicos. Equipe Sacred Relic para aumentar seus atributos.,,,XIV
64090115,Relic of Abyss {Param3},Relíquia antiga feita de um núcleo refinado de Aether e circuitos mágicos. Equipe Sacred Relic para aumentar seus atributos.,,,XV
65090101,Sacred Arena Relic {Param3},Relíquia antiga feita de um núcleo refinado de Aether e circuitos mágicos. Equipe Sacred Relic para aumentar seus atributos.,,,I
65090102,Sacred Arena Relic {Param3},Relíquia antiga feita de um núcleo refinado de Aether e circuitos mágicos. Equipe Sacred Relic para aumentar seus atributos.,,,II
65090103,Sacred Arena Relic {Param3},Relíquia antiga feita de um núcleo refinado de Aether e circuitos mágicos. Equipe Sacred Relic para aumentar seus atributos.,,,III
65090104,Sacred Arena Relic {Param3},Relíquia antiga feita de um núcleo refinado de Aether e circuitos mágicos. Equipe Sacred Relic para aumentar seus atributos.,,,IV
65090105,Sacred Arena Relic {Param3},Relíquia antiga feita de um núcleo refinado de Aether e circuitos mágicos. Equipe Sacred Relic para aumentar seus atributos.,,,V
65090106,Sacred Arena Relic {Param3},Relíquia antiga feita de um núcleo refinado de Aether e circuitos mágicos. Equipe Sacred Relic para aumentar seus atributos.,,,VI
65090107,Sacred Arena Relic {Param3},Relíquia antiga feita de um núcleo refinado de Aether e circuitos mágicos. Equipe Sacred Relic para aumentar seus atributos.,,,VII
65090108,Sacred Arena Relic {Param3},Relíquia antiga feita de um núcleo refinado de Aether e circuitos mágicos. Equipe Sacred Relic para aumentar seus atributos.,,,VIII
65090109,Sacred Arena Relic {Param3},Relíquia antiga feita de um núcleo refinado de Aether e circuitos mágicos. Equipe Sacred Relic para aumentar seus atributos.,,,IX
65090110,Sacred Arena Relic {Param3},Relíquia antiga feita de um núcleo refinado de Aether e circuitos mágicos. Equipe Sacred Relic para aumentar seus atributos.,,,X
65090111,Sacred Arena Relic {Param3},Relíquia antiga feita de um núcleo refinado de Aether e circuitos mágicos. Equipe Sacred Relic para aumentar seus atributos.,,,XI
65090112,Sacred Arena Relic {Param3},Relíquia antiga feita de um núcleo refinado de Aether e circuitos mágicos. Equipe Sacred Relic para aumentar seus atributos.,,,XII
65090113,Sacred Arena Relic {Param3},Relíquia antiga feita de um núcleo refinado de Aether e circuitos mágicos. Equipe Sacred Relic para aumentar seus atributos.,,,XIII
65090114,Sacred Arena Relic {Param3},Relíquia antiga feita de um núcleo refinado de Aether e circuitos mágicos. Equipe Sacred Relic para aumentar seus atributos.,,,XIV
65090115,Sacred Arena Relic {Param3},Relíquia antiga feita de um núcleo refinado de Aether e circuitos mágicos. Equipe Sacred Relic para aumentar seus atributos.,,,XV
66090101,Sacred Relic of Strife {Param3},Relíquia antiga feita de um núcleo refinado de Aether e circuitos mágicos. Equipe Sacred Relic para aumentar seus atributos.,,,I
66090102,Sacred Relic of Strife {Param3},Relíquia antiga feita de um núcleo refinado de Aether e circuitos mágicos. Equipe Sacred Relic para aumentar seus atributos.,,,II
66090103,Sacred Relic of Strife {Param3},Relíquia antiga feita de um núcleo refinado de Aether e circuitos mágicos. Equipe Sacred Relic para aumentar seus atributos.,,,III
66090104,Sacred Relic of Strife {Param3},Relíquia antiga feita de um núcleo refinado de Aether e circuitos mágicos. Equipe Sacred Relic para aumentar seus atributos.,,,IV
66090105,Sacred Relic of Strife {Param3},Relíquia antiga feita de um núcleo refinado de Aether e circuitos mágicos. Equipe Sacred Relic para aumentar seus atributos.,,,V
66090106,Sacred Relic of Strife {Param3},Relíquia antiga feita de um núcleo refinado de Aether e circuitos mágicos. Equipe Sacred Relic para aumentar seus atributos.,,,VI
66090107,Sacred Relic of Strife {Param3},Relíquia antiga feita de um núcleo refinado de Aether e circuitos mágicos. Equipe Sacred Relic para aumentar seus atributos.,,,VII
66090108,Sacred Relic of Strife {Param3},Relíquia antiga feita de um núcleo refinado de Aether e circuitos mágicos. Equipe Sacred Relic para aumentar seus atributos.,,,VIII
66090109,Sacred Relic of Strife {Param3},Relíquia antiga feita de um núcleo refinado de Aether e circuitos mágicos. Equipe Sacred Relic para aumentar seus atributos.,,,IX
66090110,Sacred Relic of Strife {Param3},Relíquia antiga feita de um núcleo refinado de Aether e circuitos mágicos. Equipe Sacred Relic para aumentar seus atributos.,,,X
66090111,Sacred Relic of Strife {Param3},Relíquia antiga feita de um núcleo refinado de Aether e circuitos mágicos. Equipe Sacred Relic para aumentar seus atributos.,,,XI
66090112,Sacred Relic of Strife {Param3},Relíquia antiga feita de um núcleo refinado de Aether e circuitos mágicos. Equipe Sacred Relic para aumentar seus atributos.,,,XII
66090113,Sacred Relic of Strife {Param3},Relíquia antiga feita de um núcleo refinado de Aether e circuitos mágicos. Equipe Sacred Relic para aumentar seus atributos.,,,XIII
66090114,Sacred Relic of Strife {Param3},Relíquia antiga feita de um núcleo refinado de Aether e circuitos mágicos. Equipe Sacred Relic para aumentar seus atributos.,,,XIV
66090115,Sacred Relic of Strife {Param3},Relíquia antiga feita de um núcleo refinado de Aether e circuitos mágicos. Equipe Sacred Relic para aumentar seus atributos.,,,XV
70000001,{Param2} : Gear Fragment,Fragmento de engrenagem de uma máquina não identificada.,Mecha,OOParts,
70000002,{Param2} : Riveted Plating,Camadas de metal presas firmemente por rebites antigos.,Mecha,OOParts,
70000003,{Param2} : Rusted Mainspring,Mola principal completamente enferrujada que às vezes se enrola sozinha.,Mecha,OOParts,
70001001,{Param2} : Triple Gear Wheel,Três engrenagens de tamanhos diferentes encaixadas em um único eixo.,Mecha,OOParts,
70001002,{Param2} : Steam Pressure Wheel,"Embora frio há muito tempo, ainda libera um pouco de vapor.",Mecha,OOParts,
70001003,{Param2} : Engraved Crank,Cada eixo giratório tem marcas precisas de finalidade desconhecida.,Mecha,OOParts,
70001004,{Param2} : Automaton's Hand,Mão mecânica que continua tentando agarrar algo mesmo separada do corpo.,Mecha,OOParts,
70002001,{Param2} : Celestial Observer,Dispositivo de observação que acompanha incessantemente estrelas desconhecidas.,Mecha,OOParts,
70002002,{Param2} : Brass Abacus,"As contas de latão formam respostas sozinhas, mesmo sem receber uma fórmula.",Mecha,OOParts,
70002003,{Param2} : Endless Track Axle,Eixo que gira em velocidade constante sem receber força externa.,Mecha,OOParts,
70002004,{Param2} : Articulated Spine,Dezenas de articulações flexíveis conectadas como a coluna de um ser vivo.,Mecha,OOParts,
70002005,{Param2} : Steel Core,Vibração constante e calor podem ser sentidos dentro do aço frio.,Mecha,OOParts,
70003001,{Param2} : Genesis Engine,"Parece construído para montar algo, mas sua escala e finalidade são desconhecidas.",Mecha,OOParts,
70003002,{Param2} : Perpetual Motion Core,Funciona sem fonte de energia e desperta lentamente as máquinas próximas.,Mecha,OOParts,
70003003,{Param2} : Time-Tuning Gear,"A cada avanço de um dente da engrenagem, o tempo ao redor se distorce.",Mecha,OOParts,
70003004,{Param2} : Hammer of the Gods' Forge,"Martelo cujo metal aquece e muda de forma sozinho, mesmo sem golpes.",Mecha,OOParts,
70003005,{Param2} : All-Things Blueprint Disc,A superfície revela estruturas de objetos diferentes conforme o ângulo.,Mecha,OOParts,
70003006,{Param2} : Crown of the Primordial Automaton,As máquinas próximas se curvam simultaneamente na direção da coroa.,Mecha,OOParts,
70010001,{Param2} : Discharge Crystal,Cristal que emite pequenas faíscas quando uma mão se aproxima.,Energy,OOParts,
70010002,{Param2} : Thunderbolt Fragment,Correntes azuis correm como veias finas pela borda quebrada.,Energy,OOParts,
70010003,{Param2} : Capacitor Ring,Anel que recolhe a eletricidade do ambiente e a armazena lentamente.,Energy,OOParts,
70011001,{Param2} : Plasma Bottle,Uma massa de luz gira dentro do recipiente transparente como se estivesse viva.,Energy,OOParts,
70011002,{Param2} : Spiral Coil,A corrente nas bobinas produz uma vibração rítmica constante.,Energy,OOParts,
70011003,{Param2} : Charge Compass,Ignora os pontos cardeais e aponta para o fluxo de energia mais forte.,Energy,OOParts,
70011004,{Param2} : Thunderclap Bell,"Emite um trovão baixo quando uma tempestade se aproxima, mesmo sem ser tocado.",Energy,OOParts,
70012001,{Param2} : Eye of the Storm,Nuvens e raios giram sem parar dentro da pequena esfera.,Energy,OOParts,
70012002,{Param2} : Double Helix Generator,"Duas hélices giram em sentidos opostos, gerando energia continuamente.",Energy,OOParts,
70012003,{Param2} : Infinite Capacitor,"Dispositivo de armazenamento cuja energia nunca se esgota, por mais que descarregue.",Energy,OOParts,
70012004,{Param2} : Crown of the Thunderbolt,"Pequenos raios ligam as pontas ramificadas, formando uma coroa.",Energy,OOParts,
70012005,{Param2} : Magnetic Levitation Stone,"Mesmo colocado no chão, flutua firmemente a uma altura constante.",Energy,OOParts,
70013001,{Param2} : Fragment of the Thunder Throne,"Quando tocado, recebe uma resposta de trovão no céu distante.",Energy,OOParts,
70013002,{Param2} : Stellar Furnace,"Uma luz semelhante a uma estrela arde por dentro, sem liberar calor.",Energy,OOParts,
70013003,{Param2} : Heart of the Thunder God,"A cada pulsação semelhante à de um coração, espalha correntes poderosas.",Energy,OOParts,
70013004,{Param2} : Ark of Perfection,Incontáveis raios estão selados dentro da pequena arca.,Energy,OOParts,
70013005,{Param2} : Supernova Seal,"Uma explosão ofuscante, congelada em um instante, se repete dentro da esfera.",Energy,OOParts,
70013006,{Param2} : Primal Discharge Tower,Sua aura sugere que todos os raios do mundo surgiram daqui.,Energy,OOParts,
70020001,{Param2} : Sealed Plaque,Vestígios de um selo permanecem entre as letras gastas.,Divine,OOParts,
70020002,{Param2} : Pilgrim's Seal,Selo aparentemente guardado por um peregrino sem nome durante uma longa jornada.,Divine,OOParts,
70020003,{Param2} : Holy Oil Censer,Libera fragrância suave e fumaça fina mesmo apagado.,Divine,OOParts,
70021001,{Param2} : Sacred Chalice,"Ondas límpidas se formam sem parar dentro da taça, mesmo vazia.",Divine,OOParts,
70021002,{Param2} : Solar Disc,"Emite brilho quente semelhante ao sol, mesmo em locais sem luz.",Divine,OOParts,
70021003,{Param2} : Ring of the Oath,O juramento gravado dentro não pode ser lido com precisão em idioma algum.,Divine,OOParts,
70021004,{Param2} : Key of the Departed,Chave fria que não serve em nenhuma fechadura deste mundo.,Divine,OOParts,
70022001,{Param2} : Ark of the Covenant,"O pacto selado é ilegível, mas sussurros podem ser ouvidos por perto.",Divine,OOParts,
70022002,{Param2} : High Priest's Scepter,"Ao erguer o cetro, o ruído ao redor desaparece e surge um silêncio solene.",Divine,OOParts,
70022003,{Param2} : Crown of Radiance,Coroa que preserva seu halo deslumbrante mesmo sem um dono.,Divine,OOParts,
70022004,{Param2} : Obelisk Apex,Luz desconhecida sai periodicamente da ponta voltada ao céu.,Divine,OOParts,
70022005,{Param2} : Mask of Silence,Contemplar a máscara silencia até as vozes da mente.,Divine,OOParts,
70023001,{Param2} : Genesis Tablet,"Os padrões da superfície mudam continuamente, como registros da criação do mundo.",Divine,OOParts,
70023002,{Param2} : Halo Ring of Divinity,"Flutua sem ninguém a usar, desenhando um círculo radiante no ar.",Divine,OOParts,
70023003,{Param2} : Celestial Scale,"Balança que mede algo contido na matéria, em vez de seu peso.",Divine,OOParts,
70023004,{Param2} : Model of the Eternal Temple,O interior revela um espaço amplo demais para o tamanho da miniatura.,Divine,OOParts,
70023005,{Param2} : Scroll of the First Language,A escrita ilegível se transforma no idioma guardado na memória de quem a lê.,Divine,OOParts,
70023006,{Param2} : Eye of God,"Por trás da pálpebra fechada, sente-se um olhar que observa tudo no mundo.",Divine,OOParts,
70030001,{Param2} : Fossilized Seed,"Semente endurecida como pedra, ainda com um vestígio de vida.",Nature,OOParts,
70030002,{Param2} : Keratin Scale,Escama mais dura e antiga que a de qualquer criatura conhecida.,Nature,OOParts,
70030003,{Param2} : Sap Amber,Uma pequena sombra em movimento está presa na seiva endurecida.,Nature,OOParts,
70031001,{Param2} : Spiral Shell,"Ao encostar o ouvido, ouvem-se ondas de um mar que não existe.",Nature,OOParts,
70031002,{Param2} : Root Knot,Raiz que se entrelaça e recupera a forma original mesmo após ser cortada.,Nature,OOParts,
70031003,{Param2} : Ancient Dragon's Fang,Presa enorme cuja ponta não se desgastou ao longo das eras.,Nature,OOParts,
70031004,{Param2} : Pulsing Spore,"Os pequenos esporos se contraem juntos, como um coração pulsante.",Nature,OOParts,
70032001,{Param2} : Branch of the World Tree,"Galho que brota novas folhas a cada estação, mesmo separado do tronco.",Nature,OOParts,
70032002,{Param2} : Heart Cocoon,"Dentro do casulo vermelho, ouve-se o coração de uma vida ainda não nascida.",Nature,OOParts,
70032003,{Param2} : Primordial Egg,"Nunca eclode, mas o movimento em seu interior não para.",Nature,OOParts,
70032004,{Param2} : Crown of Horns,Relíquia formada por enormes chifres entrelaçados naturalmente como uma coroa.,Nature,OOParts,
70032005,{Param2} : Living Ulna,"Embora só reste osso, contorce-se e irradia calor como um ser vivo.",Nature,OOParts,
70033001,{Param2} : Heart of the Progenitor,Ressoa como se todos os batimentos da vida tivessem começado nesse coração.,Nature,OOParts,
70033002,{Param2} : Seed of the World Tree,"A pequena semente reflete uma paisagem de florestas, rios e céu.",Nature,OOParts,
70033003,{Param2} : Cocoon of Immortality,"Dentro do casulo, uma vida morre e renasce inúmeras vezes.",Nature,OOParts,
70033004,{Param2} : Helix of Primordial Life,Forma helicoidal que reflete uma vida diferente conforme a criatura que a observa.,Nature,OOParts,
70033005,{Param2} : Crown of the Dragon's Skull,Feito de ossos de dragão antigo; um rugido baixo pode ser ouvido ao se aproximar.,Nature,OOParts,
70033006,{Param2} : Womb of All Life,Carrega a presença de incontáveis vidas que ainda não existem no mundo.,Nature,OOParts,
70040001,{Param2} : Fragment of Thought,"Ao segurá-lo, percebe-se uma emoção tênue de seu dono desconhecido.",Mystic,OOParts,
70040002,{Param2} : Afterimage Crystal,Imagens de pessoas e lugares desaparecidos cintilam na superfície do cristal.,Mystic,OOParts,
70040003,{Param2} : Ring of Whispers,Sussurros incompreensíveis ecoam na mente mesmo sem aproximá-lo do ouvido.,Mystic,OOParts,
70041001,{Param2} : Third Eye,"O olho fechado se move lentamente, acompanhando algo invisível.",Mystic,OOParts,
70041002,{Param2} : Spiral of Memory,Contemplar a espiral faz memórias esquecidas voltarem de repente.,Mystic,OOParts,
70041003,{Param2} : Mask of Illusion,Cada pessoa afirma ver um rosto diferente entalhado nele.,Mystic,OOParts,
70041004,{Param2} : Ripple of Resonance,Lê as emoções próximas e as revela em ondulações suaves.,Mystic,OOParts,
70042001,{Param2} : Sphere of Reverie,É possível vislumbrar sonhos de outras pessoas na esfera mesmo acordado.,Mystic,OOParts,
70042002,{Param2} : Labyrinth of the Mind,Olhar os padrões por muito tempo faz a mente vagar por um caminho sem fim.,Mystic,OOParts,
70042003,{Param2} : Crown of Telekinesis,Objetos intocados flutuam lentamente ao redor da coroa.,Mystic,OOParts,
70042004,{Param2} : Mirror of Foresight,"Espelho que reflete um momento futuro, em vez do presente.",Mystic,OOParts,
70042005,{Param2} : Floating Cerebral Crystal,Cristal semelhante a um cérebro que flutua e muda de brilho conforme os pensamentos próximos.,Mystic,OOParts,
70043001,{Param2} : Core of the Collective Unconscious,Sonhos e medos de incontáveis seres se misturam em um único núcleo.,Mystic,OOParts,
70043002,{Param2} : Seal of Thought,"Sempre que o selo oscila, vozes de pessoas desaparecidas há muito tempo escapam.",Mystic,OOParts,
70043003,{Param2} : Mask of Everyone,Incontáveis rostos e personalidades surgem sucessivamente na máscara.,Mystic,OOParts,
70043004,{Param2} : Spiral of Eternity,Um pensamento sem começo ou fim se repete continuamente pela espiral.,Mystic,OOParts,
70043005,{Param2} : Bust of the Transcendent,Os olhos fechados parecem observar uma paisagem de outra dimensão.,Mystic,OOParts,
70043006,{Param2} : Fragment of the Mind Throne,"Diante do fragmento, uma ordem de vontade desconhecida pesa sobre a mente.",Mystic,OOParts,
9000001,Naruru’s Insignia of Goodwill,Insignia of Goodwill obtida ao cumprir missões de Naruru’s Special Request. Usada em Naruru’s Exchange Shop.,,,
9000002,Successor’s Record Book ({Param1}),"Registro obtido com 30.000 Combat Power. Entre palavras apagadas, menciona um ser que manteve seus olhos vigilantes abertos por eras.",First Volume,,
9000003,Successor’s Record Book ({Param1}),Registro obtido com 50.000 Combat Power. A frase legível afirma que a verdade é definida por quem a registra.,Second Volume,,
9000004,Successor’s Record Book ({Param1}),Registro obtido com 70.000 Combat Power. A frase legível afirma que Great Cataclysm não estava predestinado.,Third Volume,,
9000005,Successor’s Record Book ({Param1}),Registro obtido com 100.000 Combat Power. A frase legível prevê que alguém seguirá o caminho que escolher.,The End,,
9000006,Successor’s Relic Fragment,Relic Fragments são obtidos conforme o total de dias de login do aventureiro.,,,
9000007,{Param2} Fragment,Fragmento que retrata {Param2}. Pode ser fabricado com Successor’s Record Book ({Param1}) e dez Successor’s Relic Fragments.,First Volume,Scything Barrens,
9000008,{Param2} Fragment,Fragmento que retrata {Param2}. Pode ser fabricado com Successor’s Record Book ({Param1}) e dez Successor’s Relic Fragments.,Second Volume,Giant's Garden,
9000009,{Param2} Fragment,Fragmento que retrata {Param2}. Pode ser fabricado com Successor’s Record Book ({Param1}) e dez Successor’s Relic Fragments.,Third Volume,Pulsing Ridge,
9000010,{Param2} Fragment,Fragmento que retrata {Param2}. Pode ser fabricado com Successor’s Record Book ({Param1}) e dez Successor’s Relic Fragments.,The End,Starfall Plateau,
9000012,Old Black Jade Dice,"Dado de várias faces feito de jade negro, marcado pelo tempo. Sua mensagem diz que nem ouro preenche um coração saudoso.",,,
9000013,{Param1}‘s Remnants,Fragmentos dos portais de Grand Incursion. Troque por recompensas no evento Incursion’s Remnants Exchange.,Grand Incursion,,
9000014,{Param1}‘s Remnants,Tesseract of Silence {Param1}. Pode ser trocado por recompensas no evento Incursion Remnant Exchange.,Storm,,
9000015,{Param1}‘s Remnants,Tesseract of Silence {Param1}. Pode ser trocado por recompensas no evento Incursion Remnant Exchange.,Lightning,,
9000016,{Param1}‘s Remnants,Tesseract of Silence {Param1}. Pode ser trocado por recompensas no evento Incursion Remnant Exchange.,Flame,,
9000020,{Param1} Celebration Coins {Param3},Moeda comemorativa da atualização de Monolith War. Usada em pesquisa de Merchant Alliance para obter Combat Power.,Monolith War,,I
9000021,{Param1} Celebration Coins {Param3},Moeda comemorativa da atualização de Monolith War. Usada em pesquisa de Merchant Alliance para obter Combat Power.,Monolith War,,II
9000022,{Param1} Celebration Coins,Moeda comemorativa da atualização de Monolith War. Usada em pesquisa de Merchant Alliance para obter Combat Power.,The First Victory,,
9000023,{Param1} Dice,Dado obtido ao derrotar monstros e usado no evento Aburu Festival Eve!,Aburu Festival Eve,,
9000024,{Param1} Celebration Coins,Moeda de Aburu’s Bounty Festival. Usada nas pesquisas de Merchant Alliance para obter Combat Power.,Aburu Festival,,
9000025,Token of {Param1},Insígnia de missões dos eventos Adventurer’s Footsteps e Adventurer’s Journey. Usada em Rada’s Novice Exchange Shop.,Novice Adventurer,,
9000026,Token of {Param1},Insígnia de missões dos eventos Adventurer’s Footsteps e Adventurer’s Journey. Usada em Rada’s Intermediate Exchange Shop.,Intermediate Adventurer,,
9000027,{Param1} Ticket,Obtido ao comprar um pacote. Usado no evento Naruru’s Special Roulette!,Naruru Roulette,,
9000028,{Param1}‘s Remnants,"Vestígios de uma civilização perdida, obtidos com monstros de Forsaken Lands. Usados em Shop → Remnants of Lost Civilization!",Lost Civilization,,
9000029,Snowflake,"Floco de neve de Snow Goblin Rampage, usado para fabricar recursos em Halo Workshop.",,,
9000030,Christmas Wish Matchstick,Obtido em compras no menu Christmas da loja. Usado em Christmas & Happy New Year Roulette.,,,
9000031,{Param1} Dice,"Dado de inverno obtido com monstros, usado no evento Winter in the Abandoned Lands!",Snow Flower,,
9000032,{Param1} Token,"Insígnia de New Year’s Countdown Mission!, usada em New Year’s Countdown Exchange Shop!",Halo,,
9000033,{Param1} Token,"Token obtido nos eventos 100 Days Celebration Barrier of the Unknown, Special Mission e Gold Shop. Usado em 100 Days Celebration Token Exchange.",100 Days Celebration,,
9000034,{Param1} Coin,Moeda de invocações de Costume durante um período específico. Troque por recompensas em Bonus Summon Step Up.,Special Costume,,
9000035,{Param1}‘s Remnants,Fragmentos dos portais de Grand Incursion. Troque por recompensas no evento Incursion’s Remnants Exchange.,Grand Incursion,,
9000036,{Param1}‘s Remnants,Tesseract of Silence {Param1}. Pode ser trocado por recompensas no evento Incursion Remnant Exchange.,Storm,,
9000037,{Param1}‘s Remnants,Tesseract of Silence {Param1}. Pode ser trocado por recompensas no evento Incursion Remnant Exchange.,Lightning,,
9000038,{Param1}‘s Remnants,Tesseract of Silence {Param1}. Pode ser trocado por recompensas no evento Incursion Remnant Exchange.,Flame,,
9000039,Old Black Jade Dice,"Dado de várias faces feito de jade negro, marcado pelo tempo. Sua mensagem diz que nem ouro preenche um coração saudoso.",,,
9000040,{Param1} Dice,"Dado obtido com monstros, usado em Spring Dice Festival!",Spring Festival,,
9000041,{Param1} Coin,Moeda de invocações de Phantom Weapon durante um período limitado. Troque por recompensas em Phantom Weapon Bonus Summon Step-Up.,Special Phantom Weapon,,
9000042,High Pass Friendship Token {Param3},Obtido no evento High Pass Friend Mission. Usado em Research para ganhar Combat Power.,,,Ⅰ
9000043,High Pass Friendship Token {Param3},Obtido no evento High Pass Friend Mission. Usado em Research para ganhar Combat Power.,,,Ⅱ
9000044,{Param1}‘s Remnants,Fragmento de {Param1}’s Battlefield. Troque por recompensas em {Param1}’s Remnant Exchange Event.,Abyss,,
9000046,{Param1} Ticket,Obtido ao comprar o pacote. Usado em Spring Upgrade Boosting Roulette!,Spring Upgrade Boosting Roulette,,
9000047,Thorstein’s Lucky Hammer,Thorstein’s Lucky Hammer comprado na loja e usado para fabricar itens.,,,
9000048,{Param1} Token,"Token comemorativo de {Param1}, obtido com monstros e usado em April Fools Exchange.",April Fools' Day,,
9000049,{Param1} Letter,Carta vazia de Etura para o primeiro de abril. Desmonte para receber a recompensa verdadeira.,Etura’s Secret,,
9000050,{Param1} Recommendation Letter,Carta de recomendação de Etura para o primeiro de abril. Desmonte para receber a recompensa verdadeira.,Etura’s Secret,,
9000051,{Param1} Roulette Ticket,Obtido em eventos de 200 dias e usado em {Param1} Roulette Event.,200-Day Anniversary,,
9000052,{Param1} Special Coin,Comprar o item da colaboração Attack on Titan concede Special Coins para Titan Bodysuit e itens do evento.,Attack Titan,,
9000053,{Param1} Coin,Obtido em eventos de 200 dias e usado em {Param1} Coin Crafting.,200-Day Anniversary,,
9000054,{Param1} Token,Obtido ao derrotar monstros de Forsaken Land e Giant's Tower. Usado em Mystery Box Exchange.,Question Mark,,
9000055,{Param1}'s {Param2},"{Param2} de {Param1}, disponível na loja e usado para fabricar diversos itens.",Monica ,Golden Glasses,
9000056,{Param1} Coin,Moeda de invocações de Costume durante um período limitado. Usada em Bonus Summon Step-Up. Desaparece ao expirar e deixa de servir para compras e fabricação.,Special Costume,,
9000057,{Param1}‘s Remnants,Fragmento de {Param1}’s Battlefield. Troque por recompensas em {Param1}’s Remnant Exchange Event.,Abyss,,
9000058,{Param1} {Param2} Coin,Usado em Sacred Relic Exchange Shop durante um período limitado.,Sacred Relic,Special,
9000059,{Param1} Dice,"Dado de {Param1}, obtido com monstros e usado em Summer Dice Festival!",Summer Festival,,
9000060,{Param1} Ticket,Obtido ao comprar o pacote. Usado em Summer Upgrade Boost Roulette.,Summer Upgrade Boost Roulette,,
9000061,{Param1} Anniversary Coin,Obtido em eventos de 300 dias e usado em 300-Day Anniversary Coin Crafting.,300-Day,,
9000062,{Param1} Coin,Moeda de invocações de Phantom Weapon durante um período limitado. Usada em Bonus Summon Step-Up. Desaparece ao expirar e deixa de servir para compras e fabricação.,Special Phantom Weapon,,
9000063,{Param1} Dice,"Dado de {Param1}, obtido com monstros e usado em Autumn Dice Festival!",Autumn Festival,,
9000064,Naruru's Treasure Hunt Ticket,Usado temporariamente no evento Discover Naruru's Hidden Trove!,,,
9050001,Successor’s Record Chest,Baú fabricado com Successor’s Relic Fragment. Concede aleatoriamente uma das recompensas listadas.,,,
9050002,{Param1} {Param2} Chest,Baú de {Param1} {Param2} com recompensas de evolução para aventureiros.,Lesser,Upgrade Essentials,
9050003,{Param1} {Param2} Chest,Baú de {Param1} {Param2} com recompensas de evolução para aventureiros.,Intermediate,Upgrade Essentials,
9050011,{IntParam} Level {Param1} {Param2} Bundle,Pacote de {Param2} preparado para aventureiros. Use para receber recompensas variadas.,Naruru,Special Support,
9050012,{IntParam} Level {Param1} {Param2} Bundle,Pacote de {Param2} preparado para aventureiros. Use para receber recompensas variadas.,Naruru,Special Support,
9050013,{IntParam} Level {Param1} {Param2} Bundle,Pacote de {Param2} preparado para aventureiros. Use para receber recompensas variadas.,Naruru,Special Support,
9050014,{IntParam} Level {Param1} {Param2} Bundle,Pacote de {Param2} preparado para aventureiros. Use para receber recompensas variadas.,Naruru,Special Support,
9050015,{IntParam} Level {Param1} {Param2} Bundle,Pacote de {Param2} preparado para aventureiros. Use para receber recompensas variadas.,Naruru,Special Support,
9050016,{Param1}‘s {Param2} Summon Gift,Presente de apoio à evolução. Use para receber recompensas de aprimoramento.,Rada,Costume,
9050017,{Param1}‘s {Param2} Summon Gift,Presente de apoio à evolução. Use para receber recompensas de aprimoramento.,Beretta,Phantom Weapon,
9050018,{Param1}‘s {Param2} Summon Gift,Presente de apoio à evolução. Use para receber recompensas de aprimoramento.,Naruru,Accessory,
9050019,{IntParam}-Star {Param2} Selection Chest,Use para escolher e receber um {Param2} da lista.,,Accessory,
9050020,{Param1} Support Chest{Param3},Presente de apoio à evolução. Use para receber recompensas de aprimoramento.,Novice Adventurer,,I
9050021,{Param1} Support Chest{Param3},Presente de apoio à evolução. Use para receber recompensas de aprimoramento.,Novice Adventurer,,II
9050022,{Param1} Card Chest,Use para obter {Param2} da lista.,Hand of Compassion,Grace of the Constellations Card,
9050023,{Param1} Card Chest,Use para obter {Param2} da lista.,Breath of the North Wind,Grace of the Constellations Card,
9050024,{Param1} Card Chest,Use para obter {Param2} da lista.,Blizzard of the Snow Mountain,Grace of the Constellations Card,
9050025,{Param1} Card Chest,Use para obter {Param2} da lista.,A Gift From the Heart,Grace of the Constellations Card,
9050026,{Param1} Card Chest,Use para obter {Param2} da lista.,White Veil of the Sky,Grace of the Constellations Card,
9050027,{Param1} Card Chest,Use para obter {Param2} da lista.,Sweet Halo Festival,Grace of the Constellations Card,
9050028,{Param1} Card Chest,Use para obter {Param2} da lista.,Radiant Snowflake,Grace of the Constellations Card,
9050029,{Param1} Card Chest,Use para obter {Param2} da lista.,Token of Devotion,Grace of the Constellations Card,
9050030,{IntParam} {Param2} Chest,Concede {Param2} ×{IntParam}.,,Stardust,
9050031,{Param1} Chest,Use para obter {Param2} da lista.,Promise of Eternal Friendship,Grace of the Constellations Card,
9050032,{Param1} Chest,Use para obter {Param2} da lista.,Great Hero’s Legacy,Grace of the Constellations Card,
9050033,[Event] {IntParam}-Star Grace of the constellations Recipe Bundle,Concede o projeto para fabricar Grace of the Constellations.,,,
9050034,[Event] {IntParam}-Star Grace of the constellations Recipe Bundle,Concede o projeto para fabricar Grace of the Constellations.,,,
9050035,Halo Wish Chest,"Halo Wish Chest para aventureiros, com recompensas de evolução.",,,
9050036,100 Stardust Chest,Concede 100 Stardust.,,,
9050037,{Param1} {Param2} Chest,Use para escolher um {Param2} de {IntParam}★ compatível com sua classe.,100 Days Celebration,Weapon,
9050038,{Param1} {Param2} Chest,Use para escolher um {Param2} de {IntParam}★ compatível com sua classe.,100 Days Celebration,Armor,
9050039,{Param1} {Param2} Chest,Use para escolher um {Param2} de {IntParam}★ compatível com sua classe.,100 Days Celebration,Accessory,
9050040,{Param1} Selection Chest,Presente de {Param1}. Use para escolher um {Param2} da lista.,Lunar New Year,Reward,
9050041,{Param1} New Year’s Allowance Envelope,Presente de {Param1}. Concede uma quantidade aleatória de {Param2}.,Lunar New Year,Gold,
9050042,{Param1} Selection Chest,Use para escolher um {Param1} da lista.,Field Boss Specimen,,
9050043,{Param1} Special Chest,Use para receber aleatoriamente um dos itens {Param2} da lista.,200-Day Anniversary,Reward,
9050044,{Param1} {Param2} Selection Chest,Use para escolher um {Param2} de {IntParam}★ compatível com sua classe.,200-Day Anniversary,Weapon,
9050045,{Param1} {Param2} Selection Chest,Use para escolher um {Param2} de {IntParam}★ da lista.,200-Day Anniversary,Armor,
9050046,{Param1} {Param2} Selection Chest,Use para escolher um {Param2} de {IntParam}★ da lista.,200-Day Anniversary,Accessory,
9050047,{Param2} Box,Use para receber aleatoriamente um {Param3} da lista.,,Mystery,Recompensa
9050048,{Param1} {Param2} Box,Concede todos os {Param3} da lista. Disponível após a manutenção de 2 de junho de 2026.,Vast,Mystery,Recompensa
9050049,{Param1} {Param2} Chest,Use para receber aleatoriamente um {Param3} da lista.,Abyssal,Relic,Recompensa
9050050,{Param1} {IntParam}★ {Param2} Selection Chest,Use para escolher um {Param2} da lista.,CBT Celebration,Costume,
9050051,{Param1} {IntParam}★ {Param2} Selection Chest,Use para escolher um {Param2} da lista.,CBT Celebration,Exclusive Spellstone,
9050052,Livestream Commemoration Decoration Chest,Presente comemorativo de transmissão ao vivo. Concede Heart Sunglasses.,,,
9050053,{Param1} {Param2} Chest,Baú de {Param1} {Param2} com recompensas de evolução para aventureiros.,Global,Launch Celebration Upgrade Support,
9050054,{Param1} Chest,Concede {Param2} e Ascension Resources da lista.,Crescent Night Wanderer,Mount,
9050055,{Param1} Chest,Use para obter {Param2} da lista.,Herald of Radiant Triumph,Costume,
9050056,{Param1} Chest,Use para obter {Param2} da lista.,Intermediate Executor,Costume,
9050057,{Param1} Chest,Use para obter {Param2} da lista.,Moonlight Stroll,Costume,
9200001,{Param1} {Param2} Summon Chest,Use para receber aleatoriamente um dos itens {Param2} da lista.,Lesser,Costume,
9200002,{Param1} {Param2} Summon Chest,Use para receber aleatoriamente um dos itens {Param2} da lista.,Intermediate,Costume,
9200003,{Param1} {Param2} Summon Chest,Use para receber aleatoriamente um dos itens {Param2} da lista.,Talim’s,Costume,
9200005,{Grade}-Star {Param2} Summon Chest,Use para receber aleatoriamente um dos itens {Param2} da lista.,,Costume,
9200006,{Grade}-Star {Param2} Summon Chest,Use para receber aleatoriamente um dos itens {Param2} da lista.,,Costume,
9200007,{Grade}-Star {Param2} Summon Chest,Use para receber aleatoriamente um dos itens {Param2} da lista.,,Costume,
9200008,{Grade}-Star {Param2} Summon Chest,Use para receber aleatoriamente um dos itens {Param2} da lista.,,Costume,
9200009,{Grade}-Star {Param2} Summon Chest,Use para receber aleatoriamente um dos itens {Param2} da lista.,,Costume,
9200010,{Grade}-Star {Param2} Summon Chest,Use para receber aleatoriamente um dos itens {Param2} da lista.,,Costume,
9200011,{Grade}-Star {Param2} Selection Chest,Use para escolher e receber um {Param2} da lista.,,Costume,
9200012,{Grade}-Star {Param2} Selection Chest,Use para escolher e receber um {Param2} da lista.,,Costume,
9200013,{Grade}-Star {Param2} Selection Chest,Use para escolher e receber um {Param2} da lista.,,Costume,
9200014,{Grade}-Star {Param2} Selection Chest,Use para escolher e receber um {Param2} da lista.,,Costume,
9200015,{Grade}-Star {Param2} Selection Chest,Use para escolher e receber um {Param2} da lista.,,Costume,
9200016,{Grade}-Star {Param2} Selection Chest,Use para escolher e receber um {Param2} da lista.,,Costume,
9200017,{Grade}-Star {Param2} Summon Chest,Use para receber aleatoriamente um dos itens {Param2} da lista.,,Costume,
9200018,{Grade}-Star {Param2} Summon Chest,Use para receber aleatoriamente um dos itens {Param2} da lista.,,Costume,
9200019,{Grade}-Star {Param2} Summon Chest,Use para receber aleatoriamente um dos itens {Param2} da lista.,,Costume,
9200023,{Grade}-Star {Param2} Selection Chest,Use para escolher e receber um {Param2} da lista.,,Costume,
9200024,{Grade}-Star {Param2} Selection Chest,Use para escolher e receber um {Param2} da lista.,,Costume,
9200025,{Grade}-Star {Param2} Selection Chest,Use para escolher e receber um {Param2} da lista.,,Costume,
9200029,{Grade}-Star {Param2} Summon Chest,Use para receber aleatoriamente um dos itens {Param2} da lista.,,Costume,
9200030,{Grade}-Star {Param2} Summon Chest,Use para receber aleatoriamente um dos itens {Param2} da lista.,,Costume,
9200031,{Grade}-Star {Param2} Summon Chest,Use para receber aleatoriamente um dos itens {Param2} da lista.,,Costume,
9200035,{Grade}-Star {Param2} Selection Chest,Use para escolher e receber um {Param2} da lista.,,Costume,
9200036,{Grade}-Star {Param2} Selection Chest,Use para escolher e receber um {Param2} da lista.,,Costume,
9200037,{Grade}-Star {Param2} Selection Chest,Use para escolher e receber um {Param2} da lista.,,Costume,
9200041,{Grade}-Star {Param2} Summon Chest,Use para receber aleatoriamente um dos itens {Param2} da lista.,,Costume,
9200042,{Grade}-Star {Param2} Summon Chest,Use para receber aleatoriamente um dos itens {Param2} da lista.,,Costume,
9200043,{Grade}-Star {Param2} Summon Chest,Use para receber aleatoriamente um dos itens {Param2} da lista.,,Costume,
9200044,{Grade}-Star {Param2} Summon Chest,Use para receber aleatoriamente um dos itens {Param2} da lista.,,Costume,
9200047,{Grade}-Star {Param2} Selection Chest,Use para escolher e receber um {Param2} da lista.,,Costume,
9200048,{Grade}-Star {Param2} Selection Chest,Use para escolher e receber um {Param2} da lista.,,Costume,
9200049,{Grade}-Star {Param2} Selection Chest,Use para escolher e receber um {Param2} da lista.,,Costume,
9200050,{Grade}-Star {Param2} Selection Chest,Use para escolher e receber um {Param2} da lista.,,Costume,
9200053,{Grade}-Star {Param2} Summon Chest,Use para receber aleatoriamente um dos itens {Param2} da lista.,,Costume,
9200054,{Grade}-Star {Param2} Summon Chest,Use para receber aleatoriamente um dos itens {Param2} da lista.,,Costume,
9200055,{Grade}-Star {Param2} Summon Chest,Use para receber aleatoriamente um dos itens {Param2} da lista.,,Costume,
9200056,{Grade}-Star {Param2} Summon Chest,Use para receber aleatoriamente um dos itens {Param2} da lista.,,Costume,
9200059,{Grade}-Star {Param2} Selection Chest,Use para escolher e receber um {Param2} da lista.,,Costume,
9200060,{Grade}-Star {Param2} Selection Chest,Use para escolher e receber um {Param2} da lista.,,Costume,
9200061,{Grade}-Star {Param2} Selection Chest,Use para escolher e receber um {Param2} da lista.,,Costume,
9200062,{Grade}-Star {Param2} Selection Chest,Use para escolher e receber um {Param2} da lista.,,Costume,
9200065,{Grade}-Star {Param2} Summon Chest,Use para receber aleatoriamente um dos itens {Param2} da lista.,,Costume,
9200066,{Grade}-Star {Param2} Summon Chest,Use para receber aleatoriamente um dos itens {Param2} da lista.,,Costume,
9200067,{Grade}-Star {Param2} Summon Chest,Use para receber aleatoriamente um dos itens {Param2} da lista.,,Costume,
9200068,{Grade}-Star {Param2} Summon Chest,Use para receber aleatoriamente um dos itens {Param2} da lista.,,Costume,
9200071,{Grade}-Star {Param2} Selection Chest,Use para escolher e receber um {Param2} da lista.,,Costume,
9200072,{Grade}-Star {Param2} Selection Chest,Use para escolher e receber um {Param2} da lista.,,Costume,
9200073,{Grade}-Star {Param2} Selection Chest,Use para escolher e receber um {Param2} da lista.,,Costume,
9200074,{Grade}-Star {Param2} Selection Chest,Use para escolher e receber um {Param2} da lista.,,Costume,
9200077,{Grade}-Star {Param2} Summon Chest,Use para receber aleatoriamente um dos itens {Param2} da lista.,,Costume,
9200078,{Grade}-Star {Param2} Selection Chest,Use para escolher e receber um {Param2} da lista.,,Costume,
9200166,{IntParam} Tier {Param2} Chest,Use para receber aleatoriamente um dos itens {Param2} da lista.,,Sacred Relic,
9200167,{IntParam} Tier {Param2} Chest,Use para receber aleatoriamente um dos itens {Param2} da lista.,,Sacred Relic,
9200168,{IntParam} Tier {Param2} Chest,Use para receber aleatoriamente um dos itens {Param2} da lista.,,Sacred Relic,
9200169,{IntParam} Tier {Param2} Chest,Use para receber aleatoriamente um dos itens {Param2} da lista.,,Sacred Relic,
9200170,{IntParam} Tier {Param2} Chest,Use para receber aleatoriamente um dos itens {Param2} da lista.,,Sacred Relic,
9200171,{IntParam} Tier {Param2} Chest,Use para receber aleatoriamente um dos itens {Param2} da lista.,,Sacred Relic,
9200172,{IntParam} Tier {Param2} Chest,Use para receber aleatoriamente um dos itens {Param2} da lista.,,Sacred Relic,
9200173,{IntParam} Tier {Param2} Chest,Use para receber aleatoriamente um dos itens {Param2} da lista.,,Sacred Relic,
9200174,{IntParam} Tier {Param2} Chest,Use para receber aleatoriamente um dos itens {Param2} da lista.,,Sacred Relic,
9200175,{IntParam} Tier {Param2} Chest,Use para receber aleatoriamente um dos itens {Param2} da lista.,,Sacred Relic,
9200176,{IntParam} Tier {Param2} Chest,Use para receber aleatoriamente um dos itens {Param2} da lista.,,Sacred Relic,
9200177,{IntParam} Tier {Param2} Selection Chest,Use para escolher e receber um {Param2} da lista.,,Sacred Relic,
9200178,{IntParam} Tier {Param2} Selection Chest,Use para escolher e receber um {Param2} da lista.,,Sacred Relic,
9200179,{IntParam} Tier {Param2} Selection Chest,Use para escolher e receber um {Param2} da lista.,,Sacred Relic,
9200180,{IntParam} Tier {Param2} Selection Chest,Use para escolher e receber um {Param2} da lista.,,Sacred Relic,
9200181,{IntParam} Tier {Param2} Selection Chest,Use para escolher e receber um {Param2} da lista.,,Sacred Relic,
9200182,{IntParam} Tier {Param2} Selection Chest,Use para escolher e receber um {Param2} da lista.,,Sacred Relic,
9200183,{IntParam} Tier {Param2} Selection Chest,Use para escolher e receber um {Param2} da lista.,,Sacred Relic,
9200184,{IntParam} Tier {Param2} Selection Chest,Use para escolher e receber um {Param2} da lista.,,Sacred Relic,
9200185,{IntParam} Tier {Param2} Selection Chest,Use para escolher e receber um {Param2} da lista.,,Sacred Relic,
9200186,{IntParam} Tier {Param2} Selection Chest,Use para escolher e receber um {Param2} da lista.,,Sacred Relic,
9200187,{IntParam} Tier {Param2} Selection Chest,Use para escolher e receber um {Param2} da lista.,,Sacred Relic,
9200200,+8 {Param1} {Param2} Selection Chest,Use para escolher e receber um {Param2} da lista.,Illusory,Primary Weapon,
9200201,+8 {Param1} {Param2} Selection Chest,Use para escolher e receber um {Param2} da lista.,Illusory,Secondary Gear I,
9200202,+8 {Param1}‘s {Param2} Set {Param3},Use para receber todos os {Param2} da lista.,Prophet,Armor,I
9200203,+8 {Param1}‘s {Param2} Set {Param3},Use para receber todos os {Param2} da lista.,Prophet,Armor,II
9200204,{Param1} {Param2} Selection Chest,Use para escolher e receber um {Param2} da lista.,Noble’s,Armor,
9200250,{IntParam} Level {Param2} Chest,Use para receber aleatoriamente um dos itens {Param2} da lista.,Elixir,Elixir,
9200251,{IntParam} Level {Param2} Chest,Use para receber aleatoriamente um dos itens {Param2} da lista.,Elixir,Elixir,
9200252,{IntParam} Level {Param2} Chest,Use para receber aleatoriamente um dos itens {Param2} da lista.,Elixir,Elixir,
9200253,{IntParam} Level {Param1} Selection Chest,Use para escolher e receber um {Param2} da lista.,Elixir,Elixir,
9200254,{IntParam} Level {Param1} Selection Chest,Use para escolher e receber um {Param2} da lista.,Elixir,Elixir,
9200255,{IntParam} Level {Param1} Selection Chest (Needs Review),Use para escolher e receber um {Param2} da lista.,Elixir,Elixir,
9200256,{IntParam} Level {Param1} Bundle Chest,Use para obter todos os {Param2}.,Elixir,Reward,
9200257,{IntParam} Level {Param1} Bundle Chest,Use para obter todos os {Param2}.,Elixir,Reward,
9200258,{IntParam} Level {Param1} Bundle Chest (Needs Review),Use para obter todos os {Param2}.,Elixir,Reward,
9200363,11 {Param1} Bundle,Concede um {Param1} {Param2}.,Relic of Subjugation,Tier 1 ,
9200364,11 {Param1} Bundle,Concede um {Param1} {Param2}.,Relic of Loyalty,Tier 1 ,
9200366,{Param1}‘s {IntParam} Level {Param2} Chest,Use para receber aleatoriamente um dos itens {Param2} da lista.,Hunter,Elixir,
9200367,{Param1}‘s {IntParam} Level {Param2} Chest,Use para receber aleatoriamente um dos itens {Param2} da lista.,Hunter,Elixir,
9200368,{Param1}‘s {IntParam} Level {Param2} Chest,Use para receber aleatoriamente um dos itens {Param2} da lista.,Hunter,Elixir,
9200369,{Param1} {IntParam} Level {Param2} Selection Chest,Use para escolher e receber um {Param2} da lista.,Hunter’s,Elixir,
9200370,{Param1} {IntParam} Level {Param2} Selection Chest,Use para escolher e receber um {Param2} da lista.,Hunter’s,Elixir,
9200371,{Param1} {IntParam} Level {Param2} Selection Chest,Use para escolher e receber um {Param2} da lista.,Hunter’s,Elixir,
9200372,Hunter’s {IntParam} Level {Param1} Bundle Chest,Use para obter todos os {Param2}.,Elixir,Reward,
9200373,Hunter’s {IntParam} Level {Param1} Bundle Chest,Use para obter todos os {Param2}.,Elixir,Reward,
9200374,Hunter’s {IntParam} Level {Param1} Bundle Chest (Needs Review),Use para obter todos os {Param2}.,Elixir,Reward,
9200400,{Param3}★ {Param2} Chest,Use para receber aleatoriamente um dos itens {Param2} da lista.,,Shared Spellstone,1~2
9200401,{Param3}★ {Param2} Chest,Use para receber aleatoriamente um dos itens {Param2} da lista.,,Shared Spellstone,1~3
9200402,{Param3}★ {Param2} Chest,Use para receber aleatoriamente um dos itens {Param2} da lista.,Spellstone,Shared Spellstone,1~4
9200442,{IntParam}★ {Param2} Selection Chest: {Param3},Use para escolher e receber um {Param2} da lista.,Shared Spellstone,Shared Spellstone,Active Skill
9200443,{IntParam}★ {Param2} Selection Chest: {Param3},Use para escolher e receber um {Param2} da lista.,Shared Spellstone,Shared Spellstone,Normal Attack
9200444,{IntParam}★ {Param2} Selection Chest: {Param3},Use para escolher e receber um {Param2} da lista.,Shared Spellstone,Shared Spellstone,Dash
9200562,{Param1} {Param2} Chest,Use para receber aleatoriamente um dos itens {Param2} da lista.,Lesser,Sacred Relic,
9200563,{Param1} {Param2} Chest,Use para receber aleatoriamente um dos itens {Param2} da lista.,Intermediate,Sacred Relic,
9200564,{Param1} {Param2} Summon Chest,Use para receber aleatoriamente um dos itens {Param2} da lista.,Lesser,Phantom Weapon,
9200565,{Param1} {Param2} Summon Chest,Use para receber aleatoriamente um dos itens {Param2} da lista.,Intermediate,Phantom Weapon,
9200566,{Param1} {Param2} Summon Chest,Use para receber aleatoriamente um dos itens {Param2} da lista.,Talim’s,Phantom Weapon,
9200568,{IntParam}-Star {Param2} Summon Chest,Use para receber aleatoriamente um dos itens {Param2} da lista.,,Phantom Weapon,
9200569,{IntParam}-Star {Param2} Summon Chest,Use para receber aleatoriamente um dos itens {Param2} da lista.,,Phantom Weapon,
9200570,{IntParam}-Star {Param2} Summon Chest,Use para receber aleatoriamente um dos itens {Param2} da lista.,,Phantom Weapon,
9200571,{IntParam}-Star {Param2} Summon Chest,Use para receber aleatoriamente um dos itens {Param2} da lista.,,Phantom Weapon,
9200572,{IntParam}-Star {Param2} Summon Chest,Use para receber aleatoriamente um dos itens {Param2} da lista.,,Phantom Weapon,
9200573,{IntParam}-Star {Param2} Summon Chest,Use para receber aleatoriamente um dos itens {Param2} da lista.,,Phantom Weapon,
9200574,{Param1} Card Pack,Use para tentar obter um {Param2} de {Param3}★ da lista.,Lowest Grade,Grace of the Constellations Card,1~2
9200575,{IntParam}★ {Param2} Chest,Use para receber aleatoriamente um dos itens {Param2} da lista.,,Grace of the Constellations Card,
9200576,{Param1} {Param2} Summon Chest,Use para tentar obter um {Param2} de {Param3}★ da lista.,Lowest Grade,Phantom Weapon,1~2
9200577,{Param1} {Param2} Summon Chest,Use para tentar obter um {Param2} de {Param3}★ da lista.,Lowest Grade,Costume,1~2
9200578,{Param1} {IntParam}-Star {Param2} Summon Chest,Use para tentar obter um {Param2} de {Param3}★ da lista.,Lesser,Costume,
9200579,{Param1} {IntParam}-Star {Param2} Summon Chest,Use para tentar obter um {Param2} de {Param3}★ da lista.,Lesser,Phantom Weapon,
9200580,{Param2} Selection Chest,Use para escolher e receber um {Param2} da lista.,Summon Coupon,Summon Coupon,
9200581,{Param3}-Star {Param2} Pack,Use para tentar obter um {Param2} de {Param3}★ da lista.,Grace of the Constellations,Grace of the Constellations Card,1~4
9200582,{Param3}-Star {Param2} Summon Chest,Use para tentar obter um {Param2} de {Param3}★ da lista.,,Costume,3~4
9200583,{Param1} {Param2} Chest,Use para receber aleatoriamente um dos itens {Param2} da lista.,Twinkling,Sacred Relic,
9200584,Proof of Alliance Chest,Use para receber aleatoriamente um dos itens {Param2} da lista.,,Reward,
9200585,Devotion of Alliance Chest,Use para receber aleatoriamente um dos itens {Param2} da lista.,,Reward,
9200586,{IntParam}★ {Param2} Selection Chest,Use para escolher e receber um {Param2} da lista.,,Shared Spellstone,
9200587,{Grade}-Star {Param2} Chest,Use para receber aleatoriamente um dos itens {Param2} da lista.,,Shared Spellstone,
9200592,{IntParam}★ {Param2} Selection Chest,Use para escolher um {Param2} de {IntParam}★ da lista.,,Costume/Phantom Weapon,
9200593,{IntParam}★ {Param2} Selection Chest,Use para escolher um {Param2} de {IntParam}★ da lista.,,Phantom Weapon,
9200594,{IntParam}★ {Param2} Selection Chest,Use para escolher um {Param2} de {IntParam}★ da lista.,,Costume,
9200595,{Param3}-Star {Param2} Summon Chest,Concede aleatoriamente um {Param2} de {Param2}★ da lista. A repetição do parâmetro já existe no texto original.,,Phantom Weapon,3~4
9200596,{Param3}-Star {Param2} Selection Chest,Use para escolher e receber um {Param2} da lista.,,Heart of the Star,3~5
9200598,{Param2} Chest,Use para receber todos os {Param2} da lista.,,Costume Upgrade Materials,
9200599,Moonlight Adventurer Gift Set,Use para receber todos os {Param2} da lista.,,Reward,
9200600,{Param1} {Param2} Chest,Use para receber aleatoriamente um dos itens {Param2} da lista.,Shining,Weapon Enhancement Stone,
9200601,{Param1} {Param2} Chest,Use para receber aleatoriamente um dos itens {Param2} da lista.,Shining,Armor Enhancement Stone,
9200602,{Param1} {Param2} Chest,Use para receber aleatoriamente um dos itens {Param2} da lista.,Shining,Accessory Enhancement Stone,
9200603,Advancement Support Chest,Use para receber todos os {Param2} da lista.,,Reward,
9200604,Launch-Exclusive 3 Star Costume Chest,Concede um Costume da lista.,,,
9200605,{Param1} {IntParam}★ {Param2} Chest,Use para escolher e receber um {Param2} da lista.,Launch-Exclusive,Phantom Weapon,
9200606,{Param3}-Star {Param2} Summon Selection Chest,Use para selecionar e obter um Costume Summon Chest de {Param3} estrelas ou um Phantom Weapon Summon Chest de {Param3} estrelas.,,Costume/Phantom Weapon,3~4
9200608,{Param1} {Param2} Chest,Use para receber aleatoriamente um dos itens {Param2} da lista.,Season Pass,Enhancement Stone,
9200609,Tier {Param3} {Param2} Chest,Use para receber aleatoriamente um dos itens {Param2} da lista.,,Sacred Relic,1~4
9200610,Tier {Param3} {Param2} Chest,Use para receber aleatoriamente um dos itens {Param2} da lista.,,Sacred Relic,6~8
9200612,{Param1} {Param3} Selection Chest,Use para escolher e receber um {Param2} da lista.,Talim’s,Summon Coupon,Summon
9200615,{Param1} {Param3} Selection Chest,Use para escolher e receber um {Param2} da lista.,Greater,Reward,Summon
9200616,{Param3}-Star {Param2} Pack,Use para receber aleatoriamente um dos itens {Param2} da lista.,,Grace of the Constellations Card,3~4
9200617,{Param1} {Param3} Selection Chest,Use para escolher e receber um {Param2} da lista.,Intermediate,Reward,Summon
9200618,5-Star Costume/Phantom Weapon Selection Chest,"Escolha 5-Star Phantom Weapon Chest ou 5-Star Costume Chest. Abrir o baú garante um item de 5★, sorteado conforme suas probabilidades.",,,
9200619,{Param1} Lucky Chest,Use para receber aleatoriamente um dos itens {Param2} da lista.,Giant’s Vending Machine,Reward,
9200620,{Param3}-Star {Param2} Summon Chest,Concede aleatoriamente um {Param2} de {Param2}★ da lista. A repetição do parâmetro já existe no texto original.,,Phantom Weapon,3~4
9200621,{Param1} Lucky Chest,Use para receber aleatoriamente um dos itens {Param2} da lista.,Giant’s Vending Machine,Reward,
9200622,Moonlight Adventurer Gift Chest,Use para receber todos os {Param2} da lista.,,Reward,
9200623,Boss Trainee Gift Chest,Use para receber todos os {Param2} da lista.,,Reward,
9200624,{Param1} {Param2} Chest,Use para receber aleatoriamente um dos itens {Param2} da lista.,Tier 1–3,Sacred Relic,
9200625,{Param1} {Param2} Chest,Use para receber aleatoriamente um dos itens {Param2} da lista.,Tier 3–6,Sacred Relic,
9200626,{Param1} {Param2} Chest,Use para receber aleatoriamente um dos itens {Param2} da lista.,Tier 4–6,Sacred Relic,
9200627,{Param1} {Param2} Chest,Use para receber aleatoriamente um dos itens {Param2} da lista.,Tier 7–9,Sacred Relic,
9200628,{Param1} {Param2} Chest,Use para receber aleatoriamente um dos itens {Param2} da lista.,Tier 8–10,Sacred Relic,
9200629,{Param1} {Param2} Chest,Use para receber aleatoriamente um dos itens {Param2} da lista.,Tier 9–10,Sacred Relic,
9200630,{Param1} {Param3} Selection Chest,Use para escolher e receber um {Param2} da lista.,Lesser,Reward,Summon
9200711,{IntParam}-Star {Param2} Summon Chest,Use para tentar obter um {Param2} compatível com sua classe.,,Phantom Weapon,
9200721,{IntParam}-Star {Param2} Summon Chest,Use para tentar obter um {Param2} compatível com sua classe.,,Phantom Weapon,
9200731,{IntParam}-Star {Param2} Summon Chest,Use para tentar obter um {Param2} compatível com sua classe.,,Phantom Weapon,
9200741,{IntParam}-Star {Param2} Summon Chest,Use para tentar obter um {Param2} compatível com sua classe.,,Phantom Weapon,
9200751,{IntParam}-Star {Param2} Summon Chest,Use para tentar obter um {Param2} compatível com sua classe.,,Phantom Weapon,
9200801,{Param1} {IntParam}-Star {Param2} Summon Chest,Concede Earth Mage’s Costume de {IntParam}★.,Launch Commemoration,Costume,
9200802,{Param1} {IntParam}-Star {Param2} Summon Chest,Use para tentar obter um {Param2} compatível com sua classe.,Launch Commemoration,Phantom Weapon,
9200803,Architect No. 1 Gratitude Chest,Baú comemorativo pela primeira posição de Architect no mercado. Use para receber a recompensa.,,,
9200804,{Param1} Treasure Chest{Param3},Baú de apoio à evolução. Use para receber recompensas.,Beretta,,I
9200805,{Param1} Treasure Chest{Param3},Baú de apoio à evolução. Use para receber recompensas.,Beretta,,II
9200806,{Param1} Treasure Chest{Param3},Baú de apoio à evolução. Use para receber recompensas.,Beretta,,III
9200807,{Param1} Treasure Chest{Param3},Baú de apoio à evolução. Use para receber recompensas.,Beretta,,IV
9200808,{IntParam}-Star {Param2} Pack,Use para receber aleatoriamente um dos itens {Param2} da lista.,,Grace of the Constellations Card,
9200809,{IntParam}-Star {Param2} Pack,Use para receber aleatoriamente um dos itens {Param2} da lista.,,Grace of the Constellations Card,
9200810,{Param3}-Star {Param2} Selection Chest,Use para selecionar e obter um Costume Summon Chest de {Param3} estrelas ou um Phantom Weapon Summon Chest de {Param3} estrelas.,,Costume/Phantom Weapon,4
9200821,{Param1} {Param2} Pack,Use para receber aleatoriamente um dos itens {Param2} da lista.,Blessed,Grace of the Constellations Card,
9200851,Golden Recipe {Param2} Chest,Concede aleatoriamente um equipamento fabricável com o projeto {Param1} {Param2} de {IntParam}★ da sua classe. Inclui resultados de Ultimate Success.,Intermediate,Weapon,
9200852,Golden Recipe {Param2} Chest,Concede aleatoriamente um equipamento fabricável com o projeto {Param1} {Param2} de {IntParam}★ da sua classe. Inclui resultados de Ultimate Success.,Intermediate,Armor,
9200853,Golden Recipe {Param2} Chest,Concede aleatoriamente um equipamento fabricável com o projeto {Param1} {Param2} de {IntParam}★ da sua classe. Inclui resultados de Ultimate Success.,Intermediate,Accessory,
9200854,{Param1} Chest,Use para receber recompensas.,Blue Demon Ruins,,
9200855,{Param1} Chest,Use para receber recompensas.,Abyss Hunter's Swamp,,
9200856,{Param2} Chest,Concede uma quantidade aleatória de {Param2}.,,Ancient Coins,
9200857,{IntParam}★ {Param2} Selection Chest: {Param3},Use para escolher e receber um {Param2} da lista.,,Shared Spellstone,Active Skill
9200858,{Param2} Selection Chest,Use para escolher e receber um {Param2} da lista.,,Shining Phantom Weapon Appearance,
9200859,{Param2} Chest,Use para obter {Param2} da sua classe.,,Shining Phantom Weapon Appearance,
9200860,2026! Red Horse’s Lucky Pouch,Use para receber recompensas.,,,
9200861,{Param3}-Star {Param2} Selection Chest,Use para escolher e receber um {Param2} da lista.,,Heart of the Star,1~3
9200862,{Param3}-Star New {Param2} Rate Up Chest,Use para tentar obter um {Param2} de {Param3}★ da lista.,,Costume,3~4
9200863,Tier {Param3} {Param2} Chest,Use para receber aleatoriamente um dos itens {Param2} da lista.,,Sacred Relic,5~7
9200864,4~5-Star New {Param2} Summon Chest,Use para receber aleatoriamente um dos itens {Param2} da lista.,,Costume,
9200865,{Grade}-Star New {Param2} Summon Chest,Use para receber aleatoriamente um dos itens {Param2} da lista.,,Costume,
9200866,100 Days 4-Star Costume/Phantom Weapon Selection Chest,Use para selecionar e obter um Costume Summon Chest de {Param3} estrelas ou um Phantom Weapon Summon Chest de {Param3} estrelas.,,Costume/Phantom Weapon,4
9200867,100 Days {Grade}-Star {Param2} Summon Chest,Use para receber aleatoriamente um dos itens {Param2} da lista.,,Costume,
9200868,100 Days {IntParam}-Star {Param2} Summon Chest,Use para receber aleatoriamente um dos itens {Param2} da lista.,,Phantom Weapon,
9200869,100 Days Celebration {Param2} Summon Chest,Use para obter {Param2} da lista.,,Costume,
9200870,Tier {Param3} {Param2} Chest,Use para receber aleatoriamente um dos itens {Param2} da lista.,,Relic of Subjugation,1~4
9200871,Tier {Param3} {Param2} Chest,Use para receber aleatoriamente um dos itens {Param2} da lista.,,Relic of Loyalty,1~4
9200872,Tier {Param3} {Param2} Chest,Use para receber aleatoriamente um dos itens {Param2} da lista.,,Relic of Abyss,1~4
9200873,{Param2} Chest,Use para receber aleatoriamente um dos itens {Param2} da lista.,,Golden Crystal,
9200874,Chronicle’s Proof Chest II,Use para receber aleatoriamente um dos itens {Param2} da lista.,,Reward,
9200875,4~5-Star New {Param2} Summon Chest,Use para receber aleatoriamente um dos itens {Param2} da lista.,,Phantom Weapon,
9200876,{Grade}-Star New {Param2} Summon Chest,Use para receber aleatoriamente um dos itens {Param2} da lista.,,Phantom Weapon,
9200877,{IntParam}★ {Param2} Selection Chest: {Param3},Use para escolher e receber um {Param2} da lista.,,Shared Spellstone,Active Skill
9200878,Orica’s {Param3}★ {Param2} Chest: {Param1},Use para receber aleatoriamente um dos itens {Param2} da lista.,Active Skill,Spellstone,4~5
9200879,+7 {Param1} {Param2} Chest,Use para obter {Param2} da lista.,Twilight,Weapon,
9200880,+7 {Param1} {Param2} Chest,Use para obter {Param2} da lista.,Twilight,Secondary Equipment I,
9200881,+7 {Param1} {Param2} Chest,Use para obter {Param2} da lista.,Twilight,Secondary Equipment II,
9200882,+7 {Param1} {Param2} Chest,Use para receber todos os {Param2} da lista.,Twilight,Armor,
9200883,{Param1} Chest,Concede uma quantidade aleatória de {Param1}.,Black Crystal,,
9200884,{Param1} {Param2} Chest,Use para receber recompensas.,Worn April Fools’ Celebration,Costume,
9200885,{Param1} {Param2} Chest,Use para receber recompensas.,Worn April Fools’ Celebration,Phantom Weapon,
9200886,{Param1} {Param2} Chest,Use para receber recompensas.,Worn April Fools’ Celebration,Grace of the Constellations,
9200887,{Param1} {Param2} Chest,Use para receber recompensas.,Worn April Fools’ Celebration,Enhancement Stone,
9200888,{Param1} {Param2} Chest,Use para receber recompensas.,Worn April Fools’ Celebration,Infusion-Core,
9200889,{IntParam}★ {Param2} {Param3} Chest,Use para escolher um {Param2} da lista.,,Grace of the Constellations Card,Select
9200890,{Param1} {Param2} Selection Chest,Use para escolher um {Param2} Gift Chest da lista.,Mystical,Mount,
9200891,{Param1} {Param2} Chest,Use para receber recompensas.,Resonance,Materials,
9200892,{Param1} {Param2} Card Pack,Use para receber aleatoriamente um {Param3} da lista.,2★-3★,Expedition,Graça das Constelações
9200893,{Param1} {Param2} Card Pack,Use para receber aleatoriamente um {Param3} da lista.,2★-4★,Expedition,Graça das Constelações
9200894,{Param1} {Param2} Card Pack,Use para receber aleatoriamente um {Param3} da lista.,2★-5★,Expedition,Graça das Constelações
9200895,{Param1} {Param2} Card Pack,Use para receber aleatoriamente um {Param3} da lista.,3★-5★,Expedition,Graça das Constelações
9200896,{Param1} {Param2} Card Pack,Use para receber aleatoriamente um {Param3} da lista.,3 Stars,Expedition,Graça das Constelações
9200897,{Param1} {Param2} Card Pack,Use para receber aleatoriamente um {Param3} da lista.,4 Stars,Expedition,Graça das Constelações
9200898,{Param1} {Param2} Card Pack,Use para receber aleatoriamente um {Param3} da lista.,5 Stars,Expedition,Graça das Constelações
9200899,{Param1} {Param2} Random Chest,Use para receber aleatoriamente um dos itens {Param2} da lista.,3★-5★,Heart of the Star,
9200900,{Param1} {Param3} Card Pack {Param2},Use para receber aleatoriamente um {Param3} da lista.,1★-4★,II,Grace of the Constellations
9200901,{Param1} {Param3} Card Pack {Param2},Use para receber aleatoriamente um {Param3} da lista.,3★-4★,II,Grace of the Constellations
9200902,{Param1} {Param3} Card Pack {Param2},Use para receber aleatoriamente um {Param3} da lista.,4★-5★,II,Grace of the Constellations
9200903,{Param1} {Param3} Card Pack,Use para receber aleatoriamente um {Param3} da lista.,5 Stars,,Grace of the Constellations
9200904,{Param1} {Param2} Chest: {Param3},Use para receber aleatoriamente um dos itens {Param2} da lista.,4★-5★,Shared Spellstone,Active Skill
9200905,4–5★ Special {Param2} Summon Chest,Use para receber aleatoriamente um dos itens {Param2} da lista.,,Costume,
9200906,{IntParam}★ Special {Param2} Summon Chest,Use para receber aleatoriamente um dos itens {Param2} da lista.,,Costume,
9200907,4–5★ New {Param2} Rate-Up Summon Chest,Use para receber aleatoriamente um dos itens {Param2} da lista.,,Costume,
9200908,{Param2} Summon Coupon Lucky Chest,Use para receber aleatoriamente um {Param1} da lista.,,Costume,
9200909,{Param1} {Param2} Selection Chest,Use para escolher um {Param3} da lista.,Resonance,Upgrade,Recompensa
9200910,Giant’s Appearance Phantom Weapon Chest,Use para receber todos os {Param2} da lista.,,Phantom Weapon,
9200911,{Param1} {Param3} Card Pack {Param2},Use para receber aleatoriamente um {Param3} da lista.,4 Stars,II,Grace of the Constellations
9200912,{Param1} {Param2} Chest,Concede todos os {Param1} {Param2} da lista.,Tuning,Materials,
9200913,{Param1}★ {Param2} Chest,Use para receber aleatoriamente um dos itens {Param2} da lista.,4~6,Heart of the Star,
9200914,Tier {Param1} {Param2} Chest,Use para receber aleatoriamente um dos itens {Param2} da lista.,4~6,Relic of Abyss,
9200915,{Param1} {Param2} Chest {Param3},Concede uma quantidade aleatória de {Param1}.,Gold,Lucky,II
9200916,{Param1} Chest,Use para receber aleatoriamente um {Param1} da lista.,Tesseract,,
9200917,{Param1} {Param2} Chest,Use para receber aleatoriamente um {Param1} da lista.,Anima,Lucky,
9200918,{Param1} {Param2} Chest,Use para receber aleatoriamente um {Param1} da lista.,Refill Ticket,Lucky,
9200919,{Param1} {Param2} Chest,Concede aleatoriamente um {Param1} {Param2} da lista.,Craft,Materials,
9200920,{Param1} {Param2} Chest,Concede aleatoriamente uma das recompensas da lista.,Resonance,Lucky,
9200930,Tier {Param1} {Param2} Chest,Use para receber aleatoriamente um dos itens {Param2} da lista.,1~4,Relic of Infinity,
9200931,Tier {Param1} {Param2} Chest,Use para receber aleatoriamente um dos itens {Param2} da lista.,1~5,Relic of Infinity,
9200932,Tier {Param1} {Param2} Chest,Use para receber aleatoriamente um dos itens {Param2} da lista.,2~5,Relic of Infinity,
9200933,Tier {Param1} {Param2} Chest,Use para receber aleatoriamente um dos itens {Param2} da lista.,3~5,Relic of Infinity,
9200940,{Param1} Chest,Use para receber aleatoriamente um dos itens {Param2} da lista.,Greater Hall of Proof Glider,Item,
9200941,{Param1} Chest,Use para receber aleatoriamente um dos itens {Param2} da lista.,Hall of Proof Glider,Item,
9201001,{Param1}★ {Param2} {Param3} Chest,Use para receber aleatoriamente um dos itens {Param2} da lista.,1,Keyring,Summon
9201002,{Param1}★ {Param2} {Param3} Chest,Use para receber aleatoriamente um dos itens {Param2} da lista.,2,Keyring,Summon
9201003,{Param1}★ {Param2} {Param3} Chest,Use para receber aleatoriamente um dos itens {Param2} da lista.,3,Keyring,Summon
9201004,{Param1}★ {Param2} {Param3} Chest,Use para receber aleatoriamente um dos itens {Param2} da lista.,4,Keyring,Summon
9201005,{Param1}★ {Param2} {Param3} Chest,Use para receber aleatoriamente um dos itens {Param2} da lista.,5,Keyring,Summon
9201006,{Param1}★ {Param2} {Param3} Chest,Use para receber aleatoriamente um dos itens {Param2} da lista.,6,Keyring,Summon
9201011,{Param1}★ {Param2} {Param3} Chest,Use para receber aleatoriamente um dos itens {Param2} da lista.,2~3,Keyring,Summon
9201012,{Param1}★ {Param2} {Param3} Chest,Use para receber aleatoriamente um dos itens {Param2} da lista.,4~5,Keyring,Summon
9201013,{Param1}★ {Param2} {Param3} Chest,Use para receber aleatoriamente um dos itens {Param2} da lista.,1~2,Keyring,Summon
9201014,{Param1} {Param2} {Param3} Chest,Use para receber aleatoriamente um dos itens {Param2} da lista.,Greater,Keyring,Summon
9201015,{Param1} {Param2} {Param3} Chest,Use para receber aleatoriamente um dos itens {Param2} da lista.,Intermediate,Keyring,Summon
9201016,{Param1} {Param2} {Param3} Chest,Use para receber aleatoriamente um dos itens {Param2} da lista.,Lesser,Keyring,Summon
9201021,{Param1}★ {Param2} {Param3} Chest,Use para escolher e receber um {Param2} da lista.,1,Keyring,Select
9201022,{Param1}★ {Param2} {Param3} Chest,Use para escolher e receber um {Param2} da lista.,2,Keyring,Select
9201023,{Param1}★ {Param2} {Param3} Chest,Use para escolher e receber um {Param2} da lista.,3,Keyring,Select
9201024,{Param1}★ {Param2} {Param3} Chest,Use para escolher e receber um {Param2} da lista.,4,Keyring,Select
9201025,{Param1}★ {Param2} {Param3} Chest,Use para escolher e receber um {Param2} da lista.,5,Keyring,Select
9201026,{Param1}★ {Param2} {Param3} Chest,Use para escolher e receber um {Param2} da lista.,6,Keyring,Select
9201027,{Param1} {Param3} Card Pack {Param2},Use para receber aleatoriamente um {Param3} da lista.,5 Stars,II,Grace of the Constellations
9201028,{Param1} {Param3} Card Pack {Param2},Use para receber aleatoriamente um {Param3} da lista.,4★-5★,III,Grace of the Constellations
9201101,{Param1} Chest,Concede aleatoriamente uma das recompensas da lista.,Giant’s Authority,,
9201102,{Param1} Chest,Concede aleatoriamente uma das recompensas da lista.,Clan Upgrade Contribution,,
9201103,{Param1} {Param2} {Param3} Chest,Permite escolher um Sacred Relic Chest da lista.,Tier 5-7,Sacred Relic,Select
9201104,{Param1} {Param2} Chest,Use para receber aleatoriamente um dos itens {Param2} da lista.,Tier 5-7,Relic of Subjugation,
9201105,{Param1} {Param2} Chest,Use para receber aleatoriamente um dos itens {Param2} da lista.,Tier 5-7,Relic of Loyalty,
9201106,{Param1} {Param2} {Param3} Chest,Use para escolher e receber um {Param2} da lista.,Radiant,5★ Spellstone,Select
9201107,{Param1} Chest,Concede 300 {Param1}.,Giant’s Vending Machine Token,,
9201108,4–5★ Special {Param2} Summon Chest,Use para receber aleatoriamente um dos itens {Param2} da lista.,,Phantom Weapon,
9201109,{IntParam}★ Special {Param2} Summon Chest,Use para receber aleatoriamente um dos itens {Param2} da lista.,,Phantom Weapon,
9201110,{Param1}: Memories of {IntParam} Days,Concede {Param1}: Memories of {IntParam} Days.,Title,,
9201111,{Param1} {Param2} {Param3} Card Pack,Concede aleatoriamente um Grace of {Param3} da lista.,1★-4★,Precious,Constellations
9201112,{Param1} {Param2} {Param3} Card Pack,Concede aleatoriamente um Grace of {Param3} da lista.,3★-4★,Precious,Constellations
9201113,{Param1} {Param3} Card Pack,Use para receber aleatoriamente um {Param3} da lista.,4 Stars,,Constellations
9201114,{Param1} Chest,Use para receber todos os {Param1} da lista.,Costume Upgrade Materials,,
9201115,{Param1} Lucky Chest,Concede aleatoriamente uma das recompensas da lista.,Summon Coupon,,
9201116,{Param1} {Param3}‘s {Param2} Chest,Use para receber aleatoriamente um dos itens {Param2} da lista.,Tier 4–6,Sacred Relic,Loyalty
9201117,{Param1} {Param3}‘s {Param2} Chest,Use para receber aleatoriamente um dos itens {Param2} da lista.,Tier 4–6,Sacred Relic,Subjugation
9201118,{Param1} {Param2} Selection Chest,Use para escolher e receber uma recompensa da lista.,Shining,Enhancement Stone,
9201119,{Param3} Lucky Chest,Use para receber aleatoriamente um {Param3} da lista.,,,Infusion-Core
9201120,{Param3} Lucky Selection Chest,Use para escolher e receber uma recompensa da lista.,,,Lesser Monster Specimen
9201121,{Param3} Lucky Chest,Use para receber aleatoriamente um {Param3} da lista.,,,Realm 2 Lesser Monster Specimen
9201122,{Param3} Lucky Chest,Use para receber aleatoriamente um {Param3} da lista.,,,Realm 3 Lesser Monster Specimen
9201123,{Param3} Lucky Chest,Use para receber aleatoriamente um {Param3} da lista.,,,Realm 4 Lesser Monster Specimen
9201124,{Param3} Lucky Chest,Use para receber aleatoriamente um dos itens {Param2} da lista.,,Equipment,Equipment Research
9201125,+8 {Param1}’s {Param2} {Param3},Use para receber todos os {Param2} da lista.,The Ethereal,Primary/Secondary Weapon I,Chest
9201126,+8 {Param1}‘s {Param2} Set {Param3},Use para receber todos os {Param2} da lista.,Hermit,Armor,Chest
9201127,{Param1} {Param2} {Param3} Chest,Use para receber aleatoriamente um {Param3} da lista.,Tier 4–6,Precious,Sacred Relic
9201128,{Param1} {Param2} {Param3} Selection Chest,Use para escolher e receber uma recompensa da lista.,Tier 5,Precious,Sacred Relic
9201129,{Param1} {Param2} {Param3} Selection Chest,Use para escolher e receber uma recompensa da lista.,Tier 6,Precious,Sacred Relic
9201130,{Param1} {Param2} {Param3} Chest,Use para receber aleatoriamente um {Param3} da lista.,Tier 1–4,Precious,Sacred Relic
9201131,{Param3}-Star {Param2} Selection Chest,Use para escolher e receber um {Param2} da lista.,,Heart of the Star,3~4
9201132,{Param3}★ {Param2} Card Pack,Use para receber aleatoriamente um dos itens {Param2} da lista.,,Constellations,3
9201133,{Param1} {Param2} {Param3} Selection Chest,Use para escolher e receber uma recompensa da lista.,Tier 1 ,Precious,Sacred Relic
9201134,{Param1} {Param2} {Param3} Chest,Use para receber aleatoriamente um {Param3} da lista.,Tier 1–4,of Strife,Sacred Relic
9201135,{Param1} {Param2} {Param3} Chest,Use para receber aleatoriamente um {Param3} da lista.,Tier 3–6,of Strife,Sacred Relic
9201136,{Param1} {Param2} {Param3} Chest,Use para receber aleatoriamente um {Param3} da lista.,Tier 4–6,of Strife,Sacred Relic
9201137,{Param1} {Param2} Chest,Use para receber aleatoriamente um {Param3} da lista.,of Devotion,Blessing,
9201138,{Param1} {Param2} Selection Chest,Use para escolher uma recompensa da lista.,Mystical,Special,
9201139,{Param1} {Param2} Chest,Use para receber todos os {Param2} da lista.,Ashen Flame,Gift,
9201140,{Param1} {Param2} {Param3} Selection Chest,Use para escolher e receber uma recompensa da lista.,Tier 8,Precious,Sacred Relic
9210001,{Param1} {Param2} Summon Chest,Use para receber aleatoriamente um dos itens {Param2} da lista.,Lesser,Keyring,
9210002,{Param1} {Param2} Summon Chest,Use para receber aleatoriamente um dos itens {Param2} da lista.,Intermediate,Keyring,
9210003,{Param1} {Param2} Summon Chest,Use para receber aleatoriamente um dos itens {Param2} da lista.,Talim’s,Keyring,
