Id,Name,Text
1101010080010,Girl,Os Black Predators estão logo adiante.
1101010080020,Girl,"Eles atacaram de repente e em grupo. Cuidado, Aventureiro...!"
1101010130010,Girl,Só mais um pouco...!
1101010130020,Girl,Estamos quase lá!
1101010350010,Mysterious Adventurer,Isso é um Colossus!
1101010350020,Mysterious Adventurer,Quem é você? O que fez com o Monolith?
1101010350030,Mysterious Adventurer,Ele não reagiu quando eu toquei nele.
1101010350040,Mysterious Adventurer,Vamos resolver essa coisa primeiro. Depois conversamos.
1101010380010,Rada,"Enfim, você disse que está indo para Babylon, certo?"
1101010380020,Rada,"Babylon fica perto daqui.
Vou mostrar o caminho. Venha comigo."
1101020003010,Rada,Mas qual é a graça de ir direto para lá?
1101020003020,Rada,Vamos passar no mercado primeiro!
1101020003030,Rada,É uma das principais atrações de Babylon! Vai ser divertido.
1101020005010,Rada,"Ei, você está vendendo aquela fonte ali na frente?"
1101020007010,Rada,"Queria saber qual foi seu pedido...
Mas você sabe que ele não se realiza se contar, não é?"
1101020007020,Rada,"Vou guardar uma curiosidade por enquanto... Mas depois você me conta, combinado?"
1101020008010,Rada,"Na sua próxima visita, você mostrará cada cantinho daqui!"
1101020008020,Rada,Agora só precisamos subir aquelas escadas.
1101020008030,Rada,"Pronto, estamos quase lá!"
1101020010010,Rada,Quem vem a Babylon precisa passar na Wayfinders’ Guild.
1101020030010,Rada,"Você tem muita sorte, [player].
Principalmente por me ter conhecido!"
1101020030020,Rada,Muita gente morre tentando entrar na torre sem se preparar.
1101030010010,Rada,"Basta estender a mão até o Warp Anchor para registre-o! Fácil, não é?"
1101030020010,Rada,"[player], só precisa saber uma coisa!
Você pode usar isso para se teletransportar."
1101030030010,Rada,"Vai usar isso bastante daqui para frente. Registre cada um que encontrar, está bem?"
1101040020010,Rada,A Merchants’ Guild talvez saiba para onde foram os Sverd Mercenaries.
1101040020020,Rada,"Se alguém tem essa informação, é uma Merchants’ Guild."
1101050030010,Rada,Este é o Warp Anchor!
1101050030020,Rada,"Já que está aqui, registre-o!
Assim, fica mais fácil voltar depois."
1101050070010,Rada,"Por aqui!
Este é o caminho mais rápido."
1101050070020,Rada,Quase não restam combatentes na aldeia. Vamos depressa.
1101050110010,Rada,"Primeiro precisamos lidar com as ameaças mais urgentes, certo?"
1101050110020,Rada,"É pequena, mas ainda é uma incursão.
Cuidado! Não se machuque!"
1101070060010,Innocent Child,Hum? Quero continuar brincando!
1101080070010,Uzar,Acho que essas amostras serão suficientes.
1101090010010,Uzar,"Antes de começarmos o trabalho de verdade, precisamos expulsar os animais selvagens."
1101090010020,Uzar,"Se deixarmos por aqui, destruiremos as plantações. Você deve encontrá-los perto da água."
1101090050010,Rada,Saiu! Aqui! Aqui!
1101100050010,O Som de Alguém Chorando,*snif...* Você faz ideia... de quanto custou tudo aquilo...?
1101140040010,Yasta,"Ei, Aventureiro procurando um rapaz bonito, tem um instante?"
1101150020010,Voz trêmula,Kyaaak! Ta-Tabana!
1101150020020,Voz Urgente,"Não, Najia!"
1101180030010,Baran,"...Com licença, Aventureiro. Estou vendo algo no alto do penhasco!"
1101180030020,Baran,Meu relatório... meu relatório está flutuando para longe!
1101180030030,Baran,"Pegue o tornado... quer dizer, a corrente de ar ascendente!"
1101180030040,Baran,Planar vai ser bem mais rápido que escalar.
1101200040010,Bardad,"Depois de registrar o Warp Anchor, siga para a entrada das Ruins."
1101200040020,Bardad,Yasar deve estar esperando por você lá.
1101200060010,Bardad,Bom trabalho.
1101200060020,Bardad,"Já que você vai entrar nas Ruínas, posso lhe pedir mais um favor?"
1101210020010,Bardad,"Por favor, colete os fragmentos Tesseract."
1101210020020,Bardad,Um Tesseract é um objeto com seis faces.
1101210070010,Bardad,"Os cientistas acreditam que seja uma relíquia antiga ligada ao teletransporte espacial, mas..."
1101210070020,Bardad,"Na minha opinião, é mais provável que seja a causa das Incursions."
1101220020010,Bardad,"Se não for incômodo, você pode verificar também o Observatório? Só quero saber se está funcionando direito."
1101220020020,Bardad,Você deve encontrar dois deles logo no lado de fora das Ruínas.
1101220030010,Bardad,O Observatório detecta reações de Aether e nos alerta quando há perigo.
1101220030020,Bardad,...Embora não tenha percebido as Incursions recentes.
1101220030030,Bardad,"Suspeito que não tenha encontrado nenhum sinal, mas não tenho certeza."
1101220060010,Bardad,"Se encontrar um Observatório quebrado, colete as peças, por favor."
1101220070010,Outlaw,Eles nos viram?
1101220070020,Outlaw,Chega de conversa. Acabem com eles!
1101220070030,Outlaw,Podíamos ter passado sem sermos vistos...
1101270030010,Khoon,"Você é o aventureiro que Rada encontrou, certo? Sou Koon. Como pode ver, sou caçador."
1101270030020,Khoon,"Rada me falou de você. Fiquei curioso para saber que tipo de figura engraçada você era. E olha só, nos encontramos."
1101270030030,Khoon,Vamos acabar primeiro com esses monstros. Depois conversamos.
1101270030040,Khoon,Quanto será que basta...? Vou fazer o que puder.
1101280040010,Khoon,Cuidado para não ser pego.
1101290100010,Shadow Wolf Member,"Fazia tempo que não víamos um Aventureiro por aqui, não é, pessoal?"
1101290100020,Shadow Wolf Member,"Bwahaha! Olha só, você veio cuidar dos Shadow Wolves! Viver às custas do rei é bom demais, não é?"
1101290100030,Shadow Wolf Member,Vamos matá-los logo!
1101290110010,Khoon,Os Shadow Wolves atacaram? Ainda bem que vim ajudar.
1101290110020,Khoon,"Eu ia para Babylon, mas... achei estranho o que aquele sujeito estava fazendo."
1101290110030,Khoon,"Ele não é dos mais espertos. Na prática, mandei você para uma missão suicida."
1101290110040,Khoon,Ouvi dizer que eles estão com o Consul... Por que aquele pessoal está tão desorganizado?
1101290120010,Khoon,"Eu sei que dá raiva, mas controle-se por enquanto. Ainda não é uma hora."
1101290120020,Khoon,"Você não quer transformar uma Legação em inimigo, quer?"
1101290120030,Khoon,Finja que está tudo bem e aja como se nada tivesse acontecido.
1101290120040,Khoon,E sobre hoje... vou contar aos nossos amigos o que aconteceu.
1101310010010,Ragnar,Atravesse o rio depois de First Step Village e encontre nossa Incursion.
1101310010020,Ragnar,Não temos tempo a perder. Vá depressa!
1101320010010,Ragnar,Agora siga para as operações da Expedição Bardad.
1101320060010,Ragnar,Parece que contiveram a Incursion no leste.
1101320060020,Ragnar,"Avise também a Legação, por favor."
1101330010010,Mueena ,Recebemos relatos de que os Shadow Wolves estão se reunindo perto do rio.
1101330010020,Mueena ,"Se for ao mercado na periferia, você encontrará uma escadaria."
1101330010030,Mueena ,Dá para descer por ali.
1101330010040,Mueena ,"Por favor, ganhe tempo até as tropas voltarem."
1101330040010,Mueena ,Dizem que o líder do grupo de ataque está por perto.
1101330040020,Mueena ,"Rastreie-o primeiro, por favor."
1101330080010,Mueena ,Você derrotou o líder do grupo sozinho...!
1101330080020,Mueena ,"Graças a você, ganhamos tempo de sobra."
1101330080030,Mueena ,Cuidaremos do que restaram daqui em diante.
1101330080040,Mueena ,Conversamos sobre o resto quando você voltar.
1101350078010,A voz de Soldier,Alto! Pare aí mesmo! Diz-se que
1101350078020,A voz de Soldier,"Capitão, alguém está vindo do outro lado da ponte!"
1101360040010,Um comerciante com voz grave,"Ei, você aí! Chegue aqui um instante."
1101360070010,Bishan,Parece que a pestinha fugiu de novo. Pode me ajudar a encontrá-lo?
1101360070020,Bishan,Preciso ficar aqui vigiando a carga.
1101360090010,Jiranna,Talvez ele esteja escondido num lugar esquisito!
1101390020010,Jiranna,"Concentre-se! Acho que o cheiro vem daqui... Vou confiar nas minhas costas a você, humano!"
1101390050010,Jiranna,Hum... hum. Não é por aqui!
1101390050020,Jiranna,Vamos voltar pelo caminho!
1101390070005,Jiranna,Estou sentindo um cheiro... juro que estou sentindo...
1101390070010,Jiranna,Ali! Também consigo sentir o cheiro de Azid vindo da água!
1101390080010,Voz confiante de Naruru,Bwahaha! O grande Azid finalmente o encontrei!
1101390120010,Voz familiar,"Uau, você continua refinado como sempre, hein?"
1101390120020,Voz familiar,"Espera... não vai me dizer que esqueceu a minha voz? Sou eu, Simon, dos Sverd Mercenaries."
1101390160010,Jiranna,Fique bem atrás do humano! Eu disse para ficar atrás!
1101390160020,Azid,"Ah! Entendi, agora pare de cutucar!"
1101400030010,Jeihan,"Aventureiro, veio nos ajudar?"
1101400030020,Jeihan,agradeço depois. Não vá morrer nas mãos de uns bandidos!
1101410030010,Voz desconhecida,"Espere um instante! Por favor, me ajude!"
1101410050010,Residente problemático,"Sei que está ocupado, mas me mandar sozinho é muita crueldade!"
1101420020010,Residente problemático,"Eeeei! Vamos parar um pouco para respirar... arf, arf."
1101420110010,Residente problemático,"Ei, aquela pessoa bem no meio é Kamiya."
1101440140010,Kamiya,É uma emergência! Venha depressa!
1101450015010,Kamiya,Estamos sem tempo. Vamos!
1101450080010,Voz desconhecida,"Pessoal, silêncio. A menos que queiram estragar a operação de novo."
1101450100010,Voz desconhecida,Vou acabar com você com um golpe só!
1101450110010,Voz desconhecida,Uau... de onde saiu esse maluco?
1101450120010,Voz desconhecida,Droga! O Tesseract... use aquilo! Não podemos morrer todos aqui!
1101450150010,Kamiya,"Ei, você está bem?!"
1101480020010,Jiranna,Hum? Por que tem tanta gente por ali?
1101480020020,Jiranna,Aconteceu alguma coisa?! O que foi?
1101480040010,Jiranna,Mentiroso! Onde pensa que está indo?
1101480070010,Jiranna,Uau! Você é rápido demais!
1101480080010,Azran,Por aqui.
1101480150010,Azran,Encontrou o Chieftain?
1101480150020,Azran,Entendido. Estou indo.
1101480170010,Praying Naruru,"Então, o próximo item da lista é..."
1101490010010,Azran,"Vá reunir depoimentos sobre uma criança... quer dizer, sobre uma pessoa desaparecida."
1101490010020,Azran,Você pode procurar rastros por aqui.
1101490050010,Azran,Encontre-me na colina logo fora da vila. Há algo que precisa ver.
1101490080010,Azran,"Graças a você, parece que encontramos o que procurávamos. Venha comigo."
1101490110010,Voz risonha,Quem está aí?!
1101490110020,Azran,Vocês estão sabendo que sequestrou o Naruru?
1101490110030,Voz sibilante,Um fracote magricela faz perguntas demais!
1101490110040,Voz sibilante,O que tem de errado um lobo caçar uma lontra? Hahaha!
1101490110050,Azran,...Não tenho mais nada a perguntar. Morra.
1101490120010,Azran,"Certo, agora vamos voltar para Aburu Village."
1101490120020,Azran,"Agora que sabemos exatamente quem estamos afirmando, acho que a situação até melhorou."
1101490120030,Azran,Vou explicar tudo para Etura.
1101510015010,Azran,Avançando!
1101510015020,Azran,Parece que deixou a maior parte das reservas do lado de fora.
1101510015030,Azran,Vamos nos concentrar em resgatar o Naruru primeiro.
1101510050010,Azran,Você vasculha o resto da área e escolhe Naruru para fora.
1101510050020,Azran,Persiga os que sobraram e acabe com eles.
1101510060010,Azran,Por aqui.
1101510080005,Líder dos Lobos das Sombras,Vou acabar com todos vocês!!
1101510080010,Líder dos Lobos das Sombras,"Aquele sujeito era um pé no saco, então cuidei dele pessoalmente. Como ousou nos espionar!"
1101510080020,Líder dos Lobos das Sombras,"Mesmo diante de mim, o líder dos Lobos, ele continua de cabeça erguida. Achei que fosse alguém importante, mas..."
1101510080030,Líder dos Lobos das Sombras,"Nem sabia dar um soco. Era só um mensageiro, então?"
1101510090010,Líder dos Lobos das Sombras,Ugh... droga!
1101510090020,Líder dos Lobos das Sombras,De onde saíram essas pestes?!
1101510090030,Azran,Seu reinado de terror acaba aqui.
1101510090040,Líder dos Lobos das Sombras,Gaaagh!
102010005010,Azran,Tenha cuidado para não danificar o corpo ao manuseá-lo.
102020050010,Urkai,Por aqui! Venha ver isto também!
102020100010,Rada,"Teste, hum, dois! Consegue-me ouvir? Soube que você está em Aburu Village?!"
102030010010,Soluçando Naruru,Snif... o que eu vou fazer?!
102030030010,Rada,"Se continuar assim, o festival será cancelado. E isso significa... nada de provar aqueles pratos especiais."
102030030020,Rada,"Seria um desperdício perder uma oportunidade dessas, não acha?"
102030060010,Rada,"Hum, também não está aqui."
102030070010,Rada,Será que... entrou na água por conta própria?
102030080010,Rada,"Você também não conseguiu encontrá-lo, né?"
102040040010,Kuduru,Humano! Humanos! Este território é nosso!
102040040020,Kuduru,Keke... Matamos todo o mundo que não é Kuduru!
102040040030,Rada,Eles não parecem interessados ​​em conversar. Cuidado!
102040050010,Rada,O que esses assuntos estão com a oferta?
102050070010,Azran,Já terminou o que foi fazer em Aburu Village?
102050070020,Azran,Consegui algumas informações. Parece que a Paradise Advent Society está tentando apagar os rastros.
102050070030,Azran,"Se ouvir qualquer coisa suspeita, por menor que seja, fale comigo imediatamente."
102050070040,Azran,"Enquanto houver uma ligação com os Wolves, não posso deixar isso passar."
102060020010,Desperate Voice,"Aventureiro! Aqui! Por favor, preciso de ajuda!"
102060080010,Monas,"Siga por este caminho e suba até Cactus Nest. A equipe da expedição está lá, junto com os Naruru."
102080030010,Karadu,Então você está aqui. Você. Venha falar comigo.
102080060010,Monas,"Vou chamar o Vice-Capitão, só por garantia!"
102080060020,Karadu,Cuidado!
102080070010,Karadu,Tem uma pedra... uma pedra no bolso.
102080070011,Karadu,É igualzinha ao que Vahista estava examinando mais cedo.
102090010010,Pessoa Recolhida,Ugh... argh...
102090010020,Person in Pain,*arf... arf!* Gaaaah!
102100010010,Vahista,"[player], deixo a Incursion com você. Faremos o que for preciso para salvar estas pessoas!"
102100030010,Karadu,"Se não resolvermos isso, tanto os Naruru quanto os humanos vão se machucar!"
102100030020,Karadu,Cabelos eriçados! Acabem com todos os monstros! Vamos!!!
102100070010,Karadu,talvez seja um Rappie que fugiu do rancho. Parece tão assustado...
102130010010,Barashu,descobriu o último Rappie! Vamos voltar.
102130160010,Voz irritada,"Onde está o dono do rancho? Hã? Tempo é dinheiro, droga!"
102160090010,Tribo Kuduru,Eeeek! Esse humano é forte demais!
102160095020,Tribo Kuduru,Peguem os feridos! Vamos recuperar por enquanto!
102180010010,Naruru,Tem um humano aqui para nos ajudar! Corram! Aproveitem e fujam!
102190040010,Xeros,Olhe com mais atenção.
102200050010,Beretta,"Agora, veja só quem apareceu."
102220010010,Beretta,Essas pragas se multiplicaram. Estamos nos atrasando. É melhor acabar com elas.
102240010010,Beretta,Já deve bastar. Vamos voltar para a cervejaria.
102260100010,Beretta,Parece que estava espalhando alguma coisa pelo chão.
102270010010,Beretta,Espere. Tem gente caiu ali.
102290040010,Beretta,"Como dizem, dor é o melhor remédio."
102290040020,Beretta,"Seja qual for o objetivo deles, falaremos depois de uma boa surra. A violência é o ponto fraco dos humanos."
102300020010,Beretta,"Eu sabia que havia um motivo para tantos cultistas. Já que estamos aqui, podemos dar cabo de alguns."
102300030010,Paradise Advent Society Follower,"Um invasor... não, um herege!"
102300030020,Paradise Advent Society Follower,Não deixem que atrapalhem o ritual!
102310040010,Beretta,O Prophet é o líder deles. Derrube-o!
102320070010,Beretta,Talvez eu revise os pertences do Prophet.
102330100010,Xeros,Por aqui.
102350040010,Voz desconhecida,"Você! Isso, você com cara de bobo! Podemos conversar?"
102350060010,Voz turbulenta,Ahaha! Desta vez acabamos com todos eles!
701010060010,Rada,"Ninguém ficou isolado até agora, então não fique nervoso! Entendeu, [player]?"
701010060020,Rada,Fico pensando no tipo de prova que você vai enfrentar.
701010060030,Rada,Tomara que não seja algo muito comum.
701010060040,Rada,"Muito bem, boa sorte!"
701010065010,Surpreso Villager,Outro Aventureiro? Ugh... não está vendo os monstros por toda parte?
701010065020,Surpreso Villager,Pare de mexer no Trial Gate e vá embora! Você está arruinando a vila!
701010070010,Surpreso Villager,"Tesouros são ótimos, mas também temos que viver! Volte mais tarde ou coisa assim!"
701020010010,Rada,"Está ocupado, [player]?"
701020010020,Rada,"Mesmo que você esteja, preciso de você agora na Wayfinders Guild."
701020010030,Rada,"Falei de você para Riona, e ela disse que não poderia ter surgido na melhor hora."
701020010040,Rada,"Quando chegar, ela explica tudo direitinho, está bem?"
701020160010,Red Mane Tagar,"Você me ousa enfrentar, humano?"
701020160020,Red Mane Tagar,Você vai dar uma lição!
701020170010,Red Mane Tagar,"Prepare-se para ser esmagado pela minha força. Venha, humano!"
701030010010,Riona,"Como vai, Aventureiro?"
701030010020,Riona,Preciso da sua ajuda com uma coisa.
701030010030,Riona,Venha para Wayfinders Guild agora mesmo. É urgente!
701030050010,Riona,Quem voltou do Labyrinth disse que a relíquia reage ao Aether.
701030050020,Riona,"Há ruínas antigas em Giant’s Garden e também em Starfall Plateau,"
701030050030,Riona,mas é neste lugar que ela tem mais chance de funcionar.
701030070010,Riona,Você está vendo aquelas ruínas futuras? As que têm quatro pilares.
701030070020,Riona,Coloque uma relíquia lá.
701030140010,Riona,"Hum... as chances aqui são baixas, mas talvez com você seja diferente."
701030140020,Riona,"normalmente, ela funciona em ruínas antigas..."
701030140030,Riona,"Claro que existem tópicos, como você."
701030140040,Riona,Foi exatamente por isso que mandei você até lá.
701030150010,Riona,"Se descer até o fim, vai ver as ruínas."
701030150020,Riona,"É melhor entrar um pouco mais, não acha? Assim chamamos menos atenção."
701030260010,Girl,Só mais um minuto...!
701030270010,Girl,Estamos quase lá!
701040040010,Voz Resmungante,Por aqui! Venha para cá!
701040120010,Calm Voice,Hum... isso nunca aconteceu antes.
701040120020,Calm Voice,O que está acontecendo aqui?
1103010040010,Beretta,Aonde você está me levando?
1103010040020,Beretta,Ao abrigo da Ancient Tree. Ainda temos assuntos pendentes por lá.
1103010070010,Beretta,Ali estão eles.
1103020010010,Leo,Este caminho leva direto para a nossa vila.
1103020010020,Adeline,Não acredito que aqueles canais tivessem um esconderijo tão perto!
1103020010030,Adeline,"Quanto mais penso nisso, mais absurdo fica."
1103020050010,Beretta,Estou com cheiro de queimado.
1103020050020,Beretta,O quê? Olha adiante. Aquilo não está pegando fogo?
1103040010010,Xavyer,Não sabia que a salvadora da nossa vila estava aqui... Preciso avisar os outros.
1103040040010,Gerald,Este não é um lugar para crianças. Volta.
1103040090010,Remy,E-eles exibidos na ponte!
1103050020010,Ironblood Brigade Member,O quê? Aqueles mendigos de novo?
1103050020020,Ironblood Brigade Member,"Pessoal, parece que mercadorias fresquinhas vieram até nós!"
1103050041010,Ironblood Brigade Vice Commander,Um sujeito como você daria um bom gladiador de arena. Heh...
1103050042010,Ironblood Brigade Vice Commander,V-você é bom demais para ser m-mercadoria... A-ah!
1103060060010,Ironblood Brigade Member,Quem estragou nosso plano? Desarmaram todas as armadilhas!
1103060070010,Ironblood Brigade Member,Droga! Esse sujeito é perigoso. Vamos recuperar!
1103060080010,Ironblood Brigade Member,Agh... impeçam que cheguem ao moinho!
1103060090010,Xavyer,"Há um moinho abandonado do outro lado! Depressa, por ali!"
1103070010010,Xavyer,Siga este caminho. Vai encontrar um posto avançado.
1103070010020,Xavyer,Devo ter visto lá o que uma Brigada estava fazendo.
1103070010030,Xavyer,Não se preocupe comigo. Só estou fazendo meu dever.
1103070050010,Calm Scout,Deixe este lado conosco.
1103080031010,Em pânico Grito de Scout,Impeçam que aumentam em número!
1103080032010,Em pânico Grito de Scout,Por Hesperia!
1103080070010,Alayn,Droga... primeiro preciso avaliar a situação.
1103080070020,Alayn,Mestre Xavyer? É perigoso aqui fora!
1103080070030,Xavyer,Não. Preciso ver com meus próprios olhos.
1103080080010,Alayn,"Aventureiro, pode subir por aqui."
1103090030010,Alayn,"Olha, alguns deles estão levando os suprimentos."
1103090030020,Alayn,"Por favor, Aventureiro!"
1103090050010,Alayn,precisamos recuperar tudo o que pudermos. Já estamos ficando sem...
1103090050020,Alayn,"Leve os suprimentos recuperados ao posto avançado, por favor."
1103100050010,Alayn,"Xavyer! Ah, não..."
1103100050020,Alayn,"Pressione, vá atrás dele."
1103110060010,Alayn,Aventureiro! Aventureiro? Para onde foi?
1103120020050,Xavyer,Hum. Daqui dá para ver bem a barreira.
1103120020060,Xavyer,É tão alto e resistente. Quem vive do outro lado deve estar tranquilo.
1103120020070,Xavyer,"A fechada do portão também se esconde atrás dela... quando fica encurralada, não é?"
1103120020080,Xavyer,Nunca vi aqueles homens cumprirem o dever de proteger ninguém... Hmph.
1103120020090,Xavyer,Obrigado os indefesos a vir até aqui... falharam como soldados.
1103120020010,Xavyer,Esta é a subida de Adamant. A trilha futura é longa e suave.
1103120020020,Xavyer,Hum... o silêncio aqui é muito suspeito...
1103120020040,Xavyer,"Mas talvez seja melhor ficar quieto, não acha? Assim ninguém atrapalha as pessoas."
1103120020120,Grite de longe,Pressione! E aí!
1103120020130,Grite de longe,Continue assim e vamos morrer todos!
1103120020140,Xavyer,Parece que alguém está em apuros. Vamos!
1103120040010,Xavyer,Esta energia me inquieta. Não me surpreenderia se um monstro aparecesse a qualquer momento...
1103120040020,Xavyer,Cuidado!
1103140050010,Xavyer,Esta colmeia é enorme.
1103140050020,Xavyer,"Ufa... depois que passarmos por aqui, finalmente vou encontrar quem está no comando."
1103150030010,Xavyer,Não posso mais esperar. Vamos entrar.
1103150050010,Didier,"Hah, está com inveja da gente?"
1103150091010,Frantia Soldier,Uau. Você é melhor do que eu pensei...
1103170010010,Alayn,Hum... Aventureiro?
1103170010020,Alayn,Psiu! Venha até aqui sem fazer barulho...
1103170040010,Alayn,Cuidado onde pisa.
1103160070010,Xavyer,Ali. Lá dentro das ruínas parece bom.
1103170110010,Alayn,Deixamos a Ironblood Brigade em paz. Por que iriam se importar conosco?
1103170110020,Alayn,"Não se preocupe, pessoal. Vamos terminar o trabalho!"
1103170170010,Em pânico Grito de Scout,Intruso avistado no alto da colina!
1103180030010,Alayn,Ah! C-certo. Já vou descer.
1103180070010,Lena,adiciona isto às armadilhas que preparou.
1103180070020,Lena,Isto é um sinalizador de Frantia. Dei uma melhorada em algumas funções.
1103180070030,Lena,Ele avisa o usuário assim que detecta movimento.
1103180090010,Lena,"Quando terminarmos, vamos aos alojamentos dos Knights."
1103180090020,Alayn,"Todos, voltem ao posto avançado. Vou logo depois de conversar rapidinho!"
1103180090030,Alayn,Espere por mim! Aventureiro!
1103190050010,Lena,Alaúde como de costume.
1103190051010,Lena,"Hum, então é assim que você ataca."
1103190052010,Lena,Sabe lutar de um jeito pouco convencional... Entendi.
1103200005010,Lena,"Agora, os demais, ocupem suas posições."
1103200005020,Lena,"Todos, reúnam-se aqui!"
1103200010010,Knights of the Frostwind,Os reforços chegam!
1103200010020,Knights of the Frostwind,Avancem!
1103200030010,Cavaleiro Ferido,Obrigado...
1103200070010,Cavaleiro Ferido,Você salvou minha vida.
1103210035010,Lena,Agora! Ataquem enquanto estão vulneráveis!
1103210035020,Lena,"Não passe de um bando de bandidos, por mais que sejam! Acabem com eles!"
1103210035030,Ironblood Brigade Member,Só fala... Vou mostrar o que é terror de verdade.
1103210035040,Ironblood Brigade Member,"Droga! Romperam a linha de frente! Avise o Capitão, agora!"
1103210038010,Lena,Avancem! Continue em frente!
1103210038020,Ironblood Brigade Capitão de Ataque,Inúteis... o que está fazendo?! Parem eles!
1103210040010,Lena,Por aqui!
1103210040020,Lena,Você flanqueará primeiro. Alcanço vocês daqui a pouco.
1103220040010,Ironblood Brigade Member,Matem-nos!
1103220060010,Lena,Siga-me!
1103220070010,Lena,Deixo esses comigo. Entrem no castelo interior!
1103220091010,Ironblood Brigade Leader,"Ha, um simples aventureiro acha que pode...!"
1103220130010,Lena,!
1103220130020,Lena,"Levem os feridos e saiam daqui, agora!"
1103220130030,Lena,Não podemos mais esperar!
1103220130040,Lena,"Aventureiro, saia daí!"
1103230050010,Frantia Scout,V-vocês são os Knights of the Frostwind?!
1103250010010,Choramingo Apavorado,Kuaaa...!
1103250010020,Choramingo Apavorado,Argh... grrr... ah...
1103250031010,Misterioso Mage,Ah... não me engano.
1103250031020,Misterioso Mage,Solte-se! Enlouqueça! Vai!
1103250032010,Misterioso Mage,"Isso... muito bem! Você consegue, não consegue?"
1103250033010,Misterioso Mage,"Haa, eu adoro isso."
1103250033020,Misterioso Mage,Dá ainda mais vontade de quebrar você!
1103250034010,Xeros,"Aqui está você, [Player]."
1103250034020,Xeros,Você entrará na luta.
1103250034030,Misterioso Mage,Eu estava começando a domá-los...
1103250034040,Misterioso Mage,Você está atrapalhando.
1103260030010,Beretta,A-ah! Responda se você estiver me ouvindo.
1103260030020,Beretta,O que houve? Quebrou? E chamo esta porta de comunicador...
1103260030030,Beretta,"Ugh, dei várias pancadas nele, mas não adiantou."
1103260030040,Beretta,É difícil conseguir um destes. Não posso simplesmente destruí-lo.
1103260040010,Beretta,"Ei, não sei se você está ouvindo, mas... estou no Rappie Training Camp."
1103260040020,Beretta,Você está perto de Hallowed Obsidian Mountain. Não fique vagando e venha direto para cá.
1103260080010,Beretta,"Pelo jeito que você corre, suas pernas parecem bem."
1103260080020,Beretta,Mas você está meio cambaleante...
1103260120010,Sarabi,"Ei, vocês dois, humanos! Aqui!"
1103270080010,Sarabi,Este Rappie é duríssimo!
1103270080020,Treinador Naruru,E também tem uma pelagem linda!
1103270100010,Treinador Naruru,Nem um arranhão!
1103270100020,Beretta,...Fazia tempo que eu não me divertia tanto.
1103270160010,Beretta,"Até que ponto dá para confiar na recuperação de um humano, hein?"
1103270160020,Beretta,Será que você pode ajudá-lo tão rápido?
1103290070010,Stormkel Manor Guard,A-Aventureiro?
104010010010,Ragnar,Ainda bem que consegui falar com Eric.
104010010020,Ragnar,Diga a eles que fui eu quem te trouxe.
104050010010,Voz Suspeita,Ugh... Aaargh!
104050010020,Voz Suspeita,Fique longe de mim!
104060010010,Deserter,"Astrid é irmã de Norman, o Alto Chefe de Stormkell."
104060010020,Deserter,Ela é uma guerreira tão formidável que chama de reencarnação do God of War.
104060010030,Deserter,Todos os soldados de Stormkell com respeito.
104060010040,Deserter,"Alguns até interessados, em segredo, que ela se torne um High Chieftain."
104060010050,Deserter,Poder ficar ao lado de alguém tão incrível quanto ela vale o pequeno preço de me tornar desertor.
104060020010,Marten,Conferi todos os equipamentos mobilizados.
104060020020,Marten,Acabou de chegar ao posto avançado um relato sobre o Paraíso Advento.
104060020030,Marten,Já falei com o líder da expedição. Vá até lá.
104060020040,Marten,O posto avançado deve ficar no pé do penhasco.
104070010010,Outpost Soldier,*suspiro...* Se não fosse pelo pedido do Comandante...
104070010020,Outpost Soldier,Todo esse escândalo só para ajudar um forasteiro que apareceu do nada.
104070010030,Outpost Soldier,Não fique para trás. Siga-me!
104070020010,Outpost Soldier,Estou vendendo os soldados ali.
104070020020,Outpost Soldier,"Você, espere aqui um instante."
104080010010,Nervous Voice,"Vai dar tudo certo, não vai?"
104080010020,Calm Voice,Claro. Estamos fazendo o que é certo.
104080010030,Calm Voice,Não precisamos de um High Chieftain obcecado por relíquias.
104080020010,Ragnar,"Sou eu, [player]."
104080020020,Ragnar,Estou com Commander Marten. Venha por aqui.
104090010010,Ragnar,Imagine que tenha muitas perguntas.
104090010020,Ragnar,Eu e Astrid já disputamos o posto de High Chieftain...
104090010030,Ragnar,"...No fim, Norman é que ficou com a carga. Nem eu, nem ela."
104090010040,Ragnar,Houve um tempo em que ela era uma pessoa que eu mais respeitava.
104090010050,Ragnar,Ela era praticamente uma encarnação de God of War. Uma guerreira invencível.
104090010060,Ragnar,Ela não queria que eu deixasse Stormkell.
104090010070,Ragnar,Mas eu primeiro escolher.
104090010080,Ragnar,"Porque o que procura não está em Stormkell. Está bem aqui, nesta Forsaken Land."
104090020010,Ragnar,A maioria deles desertou do posto avançado.
104090020020,Ragnar,Parece que roubaram os artefatos transportados para Stormkell Gate.
104090025010,Paradise Advent Society Believer,Ajudamos quem busca o Paraíso!
104090025020,Paradise Advent Society Believer,Não se metam! Eles têm um destino grandioso!
104090025030,Paradise Advent Society Believer,Os preparativos estão completos! Vocês não vão nos impedir!
104090030010,Ragnar,Parece que eu enganei.
104090030020,Ragnar,...Entre na cidadela.
104100010010,Follower de Astrid,Mantenham posição! Segurar a linha e a vitória será nossa!
104100010020,Ex-Deserter,Protejam Astrid! Não tenho medo da morte!
104100020010,Jovem Soldier,Vamos lutar até o dia em que Astrid se torne um Grande Chefe Guerreiro!
104100020020,Follower de Astrid,Tomo!
104100020030,Ex-Deserter,Vamos vencer!
104100020040,Ex-Deserter,"Seguimos Astrid, um líder que luta por nós!"
104100030010,Ragnar,Vou esperar você na entrada.
104110010010,Ragnar,...Vai fingir que não sabe? Não diga isso se respeita os que caíram.
104110010020,Ragnar,Não bastou roubar artefatos destinados à terra natal: você se aliou ao Paradise Advent?
104110010030,Ragnar,E ainda se chama de grande guerreira? Tenho vergonha de conversar com você.
104110010040,Astrid,Você ainda não me entende.
104110010050,Astrid,"Se você entende, não acharia que eu aliaria uma escória dessas."
104110010060,Ragnar,"As provas são claras. Ainda vai negar? Eu vi com meus próprios olhos, Astrid!"
104110010070,Astrid,...Muito bem. Seja como quiser.
104110010080,Astrid,Então vou me tornar a rebelde que você diz que sou.
104110030010,Pained Voice,Ugh... só... mais um pouco...
104110030020,Pained Voice,Não posso... morrer assim...
104120010010,Xeros,É você... [player]?
104120010020,Xeros,Finalmente nos encontramos.
104120010030,Xeros,Por aqui.
104140010010,Xeros,"Temos um problema, [player]."
104140010020,Xeros,Venha imediatamente para a vila.
104140010030,Xeros,Helena está procurando por você.
104140010040,Xeros,"E, [player]..."
104140010050,Xeros,"...não importa o que ouvir, não faça nenhuma loucura."
104150010010,Xeros,Preciso mostrar uma coisa.
104150010020,Xeros,Saia do Sanctuary e verá algumas ruínas.
104150020010,Xeros,Por aqui.
104190010020,Pained Voice,Por favor... me salve...
104210010010,Xeros,"Sou eu, [player]."
104210010020,Xeros,Você demorou tanto que eu pensei que estava morto.
104210010030,Xeros,Há algo errado no portão.
104210010040,Xeros,A segurança é muito mais rigorosa que o normal.
104210010050,Xeros,As pessoas também estão nervosas.
104210010060,Xeros,Falo com você quando encontrar um lugar seguro para nos encontrarmos.
104220010010,Paradise Advent Prophet,"Não se preocupe. Quando chegarmos à Terra Santa, todos nós..."
104220010020,Aetherium Addict,Ae... therium... mais... preciso de mais!
104220010030,Aetherium Addict,Estou... com tanta fome! Me considero... me considero doce!
104220010040,Aetherium Addict,Quero ir... para o Paraíso.
104220010050,Aetherium Addict,Você prometeu que eu levaria ao Paraíso!
104220070010,Paradise Advent Society Believer,Eu só queria ir para a Terra Santa!
104220070020,Paradise Advent Society Believer,Sou inocente! Juro que sou!
104220070030,Paradise Advent Society Believer,N-não tivemos nada a ver com isso! Nós só...!
104220130010,Paradise Advent Prophet,Ugh! Maldição!
104230010010,Supply Depot Administrator,"Ufa... saí do posto avançado porque fiquei com medo, mas aqui está ainda pior."
104240010010,Xeros,Encontrou alguma pista?
104240010020,Xeros,"Há algo que você precisa ver, [player]."
104240010030,Xeros,"Primeiro, saia pelo portão."
104240010040,Xeros,Continue subindo à direita e encontre um abrigo.
104240010050,Xeros,Encontre-me lá.
104240020010,Problemas Voz,Ah... o que faço com isto...?
104240020020,Problemas Voz,Eu prometi...
104240020030,Problemas Voz,"Isso é muito, muito ruim."
104240030010,Paradise Advent Society Believer,Para onde será que eles foram?
104240030020,Paradise Advent Society Believer,Não posso ir muito longe! Tragam-nos de volta agora!
104240030030,Aetherium Addict,V-você vai me dar se eu fizer o que mandar? Ó d-doce?
104240030040,Aetherium Addict,Diga que vai me dar! Depressa!
104240030050,Paradise Advent Prophet,Vocês que buscam o Paraíso primeiro precisam provar que são dignos.
104240030060,Paradise Advent Society Believer,T-tem alguém vindo!
104240030070,Paradise Advent Prophet,Parece que temos uma visita indesejada. Vou cuidar dela.
104250010010,Xeros,Os fiéis que reúnem os materiais é o primeiro passo do ritual.
104250010020,Xeros,Afirmo que é preciso provar o próprio valor para entrar no Paraíso.
104250010030,Xeros,Mesmo que as mãos congelem e a pele se rasgue.
104250010040,Xeros,"Como os materiais são escassos, eles costumam se voltar uns contra os outros."
104260010010,Xeros,Ver isso me deixa preocupado com a segurança do Comandante.
104260010020,Xeros,...Será que ele ainda está vivo?
104270010010,Xeros,O caminho fica mais estreito quanto mais avançamos.
104270010020,Xeros,Tente passar sem chamar atenção.
104270020010,Paradise Advent Prophet,Intrusos!
104270020020,Paradise Advent Prophet,Nenhum invasor profanará a Grande Terra Santa!
104270020030,Paradise Advent Prophet,Matem-nos e recebam sua recompensa! Vamos subir ao Paraíso!
104270020040,Paradise Advent Society Believer,Vou matar você e conquistar meu lugar no Paraíso!
104270020050,Paradise Advent Society Believer,Ofereça minha vida ao Mestre.
104270020060,Paradise Advent Prophet,Aceite minha humilde vida como sacrifício pelo Paraíso.
104270020070,Paradise Advent Society Believer,"Hehe, um humano? Vamos ver o que é capaz!"
104270030010,Xeros,"...Acho que encontrei o Comandante, [player]."
104270030020,Xeros,Desça até o salão de reuniões.
104280010010,Xeros,Pense em quantas pessoas morreram por causa da Torre.
104280010020,Xeros,Acredita mesmo que a Tower vale todas essas vidas?
104280010030,Xeros,Pelo que vejo...
104280010040,Xeros,Nada mais é do que um monstro que alimenta os desejos humanos.
104280010050,Xeros,Pense bem. Por que uma porta selada se abriria de repente?
104280010060,Xeros,"A Tower não funciona direito há muito tempo. Por isso, desejo carne e sangue humano."
104280010070,Xeros,"Agora entende? Para a “Torre”, não houve contaminação de alimento."
104280030010,Logos,Era como diriam os rumores.
104280030020,Logos,Eu queria tanto brincar com você.
104280030030,Logos,Nada errado.
104280030040,Logos,Seria uma pena matar você.
104280030050,Logos,Vamos ver como lida com isto!
104290010010,Unknown Being,Por aqui.
104280110010,Beretta,Não seja teimoso. Vai levar muito tempo até você se recuperar por completo.
104280110020,Ragnar,Não basta eu conseguir andar com as próprias pernas?
104280110030,Beretta,"...Arrastei seu corpo quase morto para fora de Starfall Plateau, e é assim que me agradece?"
104280110040,Ragnar,"Mesmo assim, não me arrependo. Agi de acordo com minhas convicções."
105010100010,Hekima,Não esperava encontrar você em Babylon.
105010180010,Khoon,Tudo bem! Já estou indo! Você vive jogando coisas em mim!
105010210010,Rada,"Você chegou, Koon!"
105020040010,Khoon,"Você sabe que os caçadores andam circulando livremente por aí, não sabe?"
105020040020,Khoon,Não faço ideia de onde eles podem estar.
105020040030,Khoon,"Apesar de estarmos na mesma guilda, nossos caminhos são completamente diferentes."
105020040040,Khoon,Será que você está cavando buracos no chão de novo?
105020090010,Khoon,"Hum, estamos quase lá! Registre os Warp Anchors primeiro."
105020120010,Khoon,"Hum, essas não são proteínas? Não vejo nome nenhum neles."
105020130010,Voz tímida,C-com licença... são meus...
105030030010,Paran,Por aqui... É só seguir em frente por este caminho...
105030070010,Ranon,"Vamos lutar de igual para igual, está bem? Não juntem todos contra mim!"
105030070020,Khoon,"Posso ser um “Divine”, mas ainda trago minhas raízes de hunter comigo."
105030070030,Khoon,Você sabe que levo a caça mais a sério do que qualquer um.
105030070040,Ranon,"Bom, já vamos descobrir pelo resultado!"
105030080010,Khoon,"Ufa, isso deve bastar!"
105030080020,Khoon,Vai me pagar uma recompensa? Vou ficar esperando.
105030080030,Ranon,Você está gastando energia sem aquecimento. A presa que vale a recompensa nem chegou ainda.
105060070010,Khoon,"Não pode sair destruindo tudo, entendeu? Traga o troféu de volta inteiro."
105060070020,Khoon,É a única forma de provar quais monstros você caçou!
105070010010,Khoon,"Para chegar à Hunter’s Village, siga para leste a partir do posto avançado."
105070010020,Khoon,De Rappie você chega num instante. Tente não me perder de vista!
105070120010,Paran,Aventureiro... pode vir aqui?
105080050010,Voz Aturdida,Aonde você vai?! Pare!
105080060010,Voz Aturdida,Quem colocou todo esse feno aqui?!
105090100010,Paran,Não deve demorar se seguir para o norte da vila... Também procure o Dragon Hunter.
105090120010,Paran,Quando foi que aumentou tanto de número...?
105090120020,Paran,precisamos organizar este lugar...
105060090010,Paran,Ugh...
105100100010,Paran,"Consigo descer sozinho... A dor de cabeça passou, não se preocupe."
105100140010,Paran,Ele disse que vai ajudar... Então vamos fazer o que ele pediu...
105110040010,Karam,Koon? Você quer dizer o jovem mestre da Hunters Guild?
105110040020,Karam,"Não estamos tão próximos, mas já competimos algumas vezes em torneios de caça."
105110130010,Karam,"Até agora, diziam que não havia honra em caçar dragões falsos."
105110130020,Karam,Escolha meu apelido para expressar meu maior desejo. Não inventei uma história para fingir que venci.
105110130030,Karam,Espero de verdade encontrar um “dragão de verdade” desta vez.
105110180010,Karam,Vamos?
105110200010,Karam,"Hum, serão servos do Evil Dragon?"
105110200020,Karam,São tantos... mas não são páreo para mim.
105110210010,Karam,Estamos quase lá! Continuar!
105110220010,Karam,...Droga. Aquilo é o “Evil Dragon”?!
105110220020,Karam,"Hmph, isso não quer dizer que a caçada acabou. [player]! Aguente firme!"
105130080010,Khoon,"Ei, você! Precisa me levar junto!"
105140010010,Khoon,Deepwood é considerado o coração de Elysium.
105140010020,Khoon,As árvores são tão imensas que às vezes a floresta parece noite fechada.
105140010030,Khoon,Vou na frente para ver se há perigo. Você pode vir depois.
105140020010,Khoon,O que é tudo isso...? [player]! Venha depressa!
105150010010,Khoon,"Se a entrada já está assim, o interior da floresta deve ser ainda pior."
105150010020,Khoon,É melhor eu limpar este lugar logo.
105150020010,Khoon,Atrai todos para uma área isolada! Venha comigo!
105160050010,Khoon,O que é aquilo? Um altar estranho.
105160100010,Khoon,Dê uma olhada também.
105160110010,Khoon,Ah! São os cadáveres de antes! Cuidado!
105170070010,Khoon,Rada disse que vai ficar de prontidão por enquanto. Os outros estão ocupados com a Tower.
105170070020,Khoon,Há um pequeno acampamento aqui perto.
105170070030,Khoon,Vou até lá primeiro e tente obter informações.
105170100010,O grito de um homem assustado,"Tem alguém aí? Por favor, me ajude..."
105180030010,Khoon,"Ah, quem está aí com você?"
105180120010,Acampamento Sentry Grito de,"Eek! Agora que vejo de perto, não é um monstruoso!"
105180120020,Acampamento Sentry Grito de,É-é um cadáver vivo!
105180120030,Khoon,Tenho que detê-lo aqui. Não deixe que saia da floresta!
105190020010,Voz confiante,"Agora, nunca vi você por aqui."
105190020020,Voz confiante,"Você, que está diante dos Warp Anchors. Venha cá."
105190060010,Chedar,É só seguir para leste a partir do waypoint.
105200060010,Chedar,Nosso Forward Waypoint fica bem no centro.
105200060020,Chedar,"Hunters em cima, Cave Owls abaixo. Curiosamente, vivem bem separados."
105200060030,Chedar,"Eles até interagem, mas não parecem muito próximos."
105200070010,Voz irritada,A-ah! As profundidades não batem...!
105200070020,Chedar,O que houve com ele agora?! Eu disse que estava quebrado.
105200090010,Chedar,É só lidar com os monstros até terminar a tarefa.
105200090020,Chedar,Preciso recuperar o aparelho esférico de medição.
105210010010,Chedar,Uma pessoa que deseja visitar o Lake of Spirits com frequência.
105210010020,Chedar,Parece que os outros Cave Owls também irão ao lago. Será um lugar importante?
105210100010,Chedar,"Além de monstros, este lugar abriga criaturas chamadas Divine Beasts."
105210100020,Chedar,"Essa espécie só existe em Elysium, por isso já fiz muitos experimentos com elas."
105210100030,Chedar,"Claro, não experimentamos diretamente nas criaturas."
105210100040,Chedar,Só queríamos estudar a estrutura dinâmica desses organismos.
105210100050,Chedar,Por isso instalamos vários aparelhos de observação...
105210100060,Chedar,"mas acho que as Divine Beasts não gostam deles. Assim que me veem, partem para cima... Ufa."
105210110010,Chedar,Pronto. Vamos ao lago.
105210120010,Trembling Resident,"C-cuidado, pessoal! Aquele homem está louco!"
105210120020,Chedar,Hum? O que está acontecendo?
105220030010,Vaster,Fracos! Fracos! Hahah!
105220031010,Vaster,Quero mais! Mostrem todo o poder de vocês!
105220031020,Vaster,"Agora a coisa está esquentando, haha."
105220031030,Vaster,A luta de verdade começa agora!
105220031040,Vaster,Ainda está pegando leve? Lutem com tudo!
105220031050,Valbas,"Afrouxei o laço de propósito, mas... ele está causando o caos."
105220031060,Valbas,"Continue assim... você terá que usar um objeto, Vaster."
105220031070,Valbas,"“Pare, calamidade.”"
105220090010,Paran,Só consigo sentir energia pura.
105220090020,Paran,Mas eu realmente sinto algo estranho...
105220120010,Paran,Q-que bom ouvir isso...
105220120020,Paran,Parece que os aldeões estão fora de perigo... Será que também devemos ir...?
105230060010,Khoon,"Já recebi a solicitação de Chedar, não se preocupe!"
105230060020,Khoon,"Porque, sou um “Divine”. Meu nome me deixa entrar em quase qualquer lugar."
105230100010,Khoon,"Uau... é isso que chama de místico, não é?"
105230100020,Khoon,Então é assim que são os destroços flutuantes. A cor é realmente misteriosa.
105230160010,Voz fraca,Isso mesmo... é por ali... depressa...
105240050010,Chedar,"Está bem, Aventureiro?"
105240080010,Khoon,"Vamos começar, [player]?"
105240080020,Khoon,"Antes de irmos ao sul de Elysium, temos outro lugar para visitar. Vamos para o lado direito do lago."
105240110010,Khoon,Por aqui! Por aqui!
105240180010,Khoon,Haha! Acho que devo explicar.
105240180020,Khoon,Os Manors estão tão ocupados tentando agradar a todos que ninguém tem coragem de agir.
105240180030,Khoon,Mas Archon Lorraine nunca recua. Tenho certeza de que ela vai ajudar se você conversar com ela.
105240180040,Khoon,O único problema é que ela alguns sem avisar os tenentes...
105240180050,Khoon,"Por sorte, meu falcão de caça gosta muito dela. Se o alimentarmos bem, vai encontrar-la rapidinho."
105250030010,Khoon,"A propósito, meu falcão se chama “Thunderwings”. Não é adorável?"
105260020010,Khoon,O que você está comemorando?! Por que os cadáveres saíram daqui?!
105260020020,Khoon,Eles não estavam só perto do altar? Ugh...
105260020030,Khoon,Vamos dar um jeito neles por enquanto!
110527010010,Khoon,"Uau, eles devem ser famosos! Estão doidos para comer!"
110528010010,Khoon,Hã? O que está acontecendo por aqui?
110528010020,Cave Owl A (Feminino Villager),Tem monstros demais! Corram para salvar a vida!
110528020010,Khoon,"Eles já devem estar seguros, né? Vamos entrar na vila!"
110529010010,Khoon,A resposta que ouvimos agora... não parece um pouco estranho?
110529010020,Khoon,Tem algo suspeito no ar. Vamos perguntar a outra pessoa.
110529020010,Khoon,Vamos verificar o depósito de comida. Deve ser uma intoxicação alimentar em massa.
110529020020,Khoon,precisamos descobrir se misturaram alguma comida suspeita.
110529030010,Khoon,Parece que teremos de procurar em cada canto da vila.
110529030020,Khoon,"verifique o poço, por favor. Talvez haja algo errado com a água potável."
110529040010,Khoon,Então você me acompanhou. Por isso nem perguntei quem eu era.
110529040020,Khoon,Vamos primeiro ao noroeste da vila. Sinto uma presença maligna nessa direção.
110529050010,Khoon,Este lado também faz fronteira com a floresta profunda.
110529050020,Khoon,"Os Undead podem nos cercar a qualquer momento, como fizeram na emboscada."
110529050030,Khoon,Você pode procurar por aqui. Seguro-os até eu voltar.
110529060010,Khoon,Aqui! Encontrei um jarro.
110531010010,Khoon,Veja como estão as pessoas que encontramos antes. Vou falar com os outros aldeões.
110531020010,Khoon,"[player], estou ouvindo? O comunicador funciona. Ótimo. Vá para o lado nordeste, agora!"
110531020020,Khoon,"Se também houver um jarro por lá, quebre-o! Depois explícito."
110532010010,Khoon,"Quebrei um para ver o que acontecia e, em seguida, as pessoas começaram a recuperar os sentidos."
110532010020,Khoon,"Já cuidei da maior parte deste lado. Como você está aí, verifique também o lado leste da vila."
110532010030,Khoon,"Se nos livrarmos dessa dor de cabeça, talvez aceitemos nos ajudar na investigação."
110532020010,Alguém chorando (Narat),Aproveitem para voltar à vila! Você os segurará aqui!
110533010010,Naraf,...Os Ashen Crows finalmente mostraram quem são de verdade. Ataque-os assim que avistar um.
110533010020,Naraf,"Senão, continue levantando os Undead!"
110534010010,Naraf,Há mais do outro lado. Também tem Ashen Crows por lá.
110535010010,Khoon,Ufa... estou ficando bom demais em banco o durão. Pareci convincente?
110535010020,Khoon,"Bom, quem deve estar preocupado comigo. Vai saber o que está aprontando por lá."
110535010030,Khoon,Foi aí que os Cave Owls expulsaram uma enorme horda de monstros.
110535010040,Khoon,"Já faz muito tempo, mas isso ainda significa muito para as crianças de Tahn."
110535010050,Khoon,E agora há gente pior que feras andando por toda parte.
110535020010,Khoon,Aqui! Encontrei eles!
110535030010,Nuul,Essa magia não tem nada de proibido.
110535030020,Nuul,É um grande legado que nossos ancestrais deixaram para o futuro!
110535030030,Khoon,"Não dê ouvidos às bobagens dele! Concentre-se nos inimigos à frente, [player]!"
110535040010,Nuul,"Haha, olhe só como se contorce."
110535040020,Nuul,Achou mesmo que os Ashen Crows cairiam tão facilmente?
110535050010,Khoon,"Desista. Quando cair, acabou!"
110535050020,Nuul,Impressionante... digno de sangue real... Hahaha...!
110535050030,Khoon,"Aguarde, não há companheiro ainda. preciso de respostas."
110536010010,Beretta,"Você pode ler a resposta, [player]. Sei que não vai sair correndo como Koon."
110536020010,Beretta,"Koon, fique aqui mesmo. Se você sumir de novo, vou amarrar você."
110536030010,Naraf,O Manor fica a oeste de Nameless Village. Boa viagem.
110536040010,Estranho (Sol),"Quem é você? Identifique sua facção, agora."
110536050010,Sol,Paran já foi uma sucessora do nosso clã e a esperança de todos.
110536050020,Sol,Ela tem uma mente brilhante e poderosa para prová-lo.
110536050030,Sol,Mas um dia... desaparecido sem deixar vestígios.
110537010010,Khoon,"Estou aqui, [player]! O lugar parece bem tranquilo, hein?"
110537010020,Khoon,Quem está aí com você?
110537020010,Sol,O último ingrediente é sangue de monstro. Reúna o suficiente para o que precisamos.
110537030010,Khoon,Por enquanto estamos trabalhando com o Baekryeong Clan.
110537030020,Khoon,"Vamos começar na entrada do Vale da Morte. Por aqui, [player]."
110538010010,Sol,Você preparará o antídoto. Volte imediatamente se piorar.
110538010020,Khoon,"Eu disse que estou bem, Priest. Não se preocupe comigo."
110538020010,Khoon,"Ah, não é Paran... são tão monstruosos!"
110538020020,Khoon,Melhor ainda! Lutar vai fazer mais barulho!
110539010010,Naraf,"Já chegou. Venha cá, Koon."
110539010020,Khoon,...Não acho que eu me encontraria tão depressa.
110539010030,Naraf,Mal consegui conter o veneno. Você não deve estar se esforçando assim.
110539020010,Khoon,"Já cuidamos dos Ashen Crows do lado de fora, não é?"
110539020020,Khoon,O resto deve estar escondido na base.
110539020030,Khoon,"Vamos à parte mais profunda do Manor. Paran, Nuul... alguém vai aparecer."
110540010010,Naraf,"[player], venha aqui um instante. Não deixe Koon perceber."
110541010010,Khoon,"[player], vamos continuar?"
110542010010,Khoon,"Paran...? É você, não é? Pare aí!"
110542010020,Paran,...É você...
110542020010,Naraf,Koon! Fique comigo!
110543010010,Sol,Preciso conversar com você antes de ir embora.
110543020010,Voz em agonia,Ugh... aaargh... socorro...
110544010010,Nuul,Você quer deixar minha cobaia?
110544010020,Nuul,"Primeiro, vai ter que passar por esta legião."
110544020010,Nuul,Você me obrigado a esgotar este receptáculo.
110544020020,Nuul,"Em breve, poderá testemunhar... o renascimento de Tahn!"
110544030010,Khoon,Você enlouqueceu... É assim que pretende restaurar um reino?
110544030020,Nuul,Finalmente está prestando atenção...? Então mantenhai o trono vazio.
110544030030,Nuul,"Até lá, governarei como regente e conduzirei Tahn a uma nova era."
110544040010,Nuul,Hahaha! É o mesmo digno de um sucessor de Baekryeong.
110544040020,Nuul,Desperdiçar tanto poder em mero treinamento espiritual! Como podem ser tão ignorantes?
110544040030,Khoon,Só fala bravata... até quando está morrendo... Hah.
110544040040,Khoon,Desista logo desse sonho vazio...!
3301020010010,Daria,*suspiro* Afshan é tímido demais.
3301020010020,Daria,Ele vive com medo toda vez que vê um monstruoso. Assim não consigo fazer nada.
3301020010030,Daria,Por quanto tempo mais você vai ter que aguentar isso?!
3301050020010,Erfan,"Restaurar os registros antigos é de suma importância para nós, estudiosos."
3301050020020,Erfan,Eles podem revelar tecnologias perdidas dos antigos ou segredos da Torre.
3301050020030,Erfan,Embora traduzir a escrita Talim seja um trabalho exaustivo.
3301060020010,Gilbert,"Gastronomia também pode ser uma área de estudo válida, viu?"
3301060020020,Gilbert,Que sentido há em lutar contra monstros todo santo dia? É cansativo.
3301060020030,Gilbert,É melhor mudar de perspectiva e descobrir como cozinhá-los!
3301060020040,Gilbert,"Vamos nos livrar deles comendo-os! Genial, não é?"
3301060020050,Gilbert,Eu me divirto com minha pesquisa e todos ficam felizes porque há menos monstros!
3301070020020,Sarvin,Meu estômago é mais forte que aço.
3301070020030,Sarvin,Você pode trazê-los para mim. Não se preocupe.
3301070020040,Sarvin,"Não importa o veneno: no pior dos casos, você terá uma dor de barriga leve."
3301130030010,Helene,Parece que há mais monstros do que antes.
3301130030020,Helene,"Isso causa um Frenzy... Ugh, só de pensar já me dá arrepios."
3301130030040,Helene,Uma Frenzy é quando os monstros se multiplicam de repente.
3301130030050,Helene,Alguns estudiosos acham que isso anuncia uma Grand Incursion. Mas eu discordo!
3301130050010,Helene,"Obrigada! Graças a você, finalmente posso encarar minha professora supervisora ​​de cabeça erguida!"
3301140010010,Helene,"Já que está aqui, preciso pedir mais um favor..."
3301140010020,Helene,Nenhum fim de Valley of Beasts fica em um lugar chamado Giant's Corridor.
3301140010030,Helene,"Eu mesma poderia ir até lá se quisesse, mas..."
3301140010040,Helene,"Estas mãos foram feitas para escrever teses, não para empunhar uma espada."
3301140010050,Helene,Definitivamente não é porque tenho medo de morrer durante a pesquisa.
3301140010070,Helene,"Já que está me ajudando, vá até o fim!"
3301140010080,Helene,"Por favor, vá a Giant's Corridor e traga fragmentos das ruínas!"
3301140010090,Helene,...Essa é uma pesquisa inteira.
3301140010100,Helene,"Considere que você está salvando a vida de uma coitada, está bem?"
1301150020010,Jeihan,Obrigado. Vou relatar seus feitos ao Manor.
3301160040010,Lost Adventurer,Aqui! Venha!
3301510050010,Azran,"Ao terminar em General Merchant, siga para a execução da Expedição Bardad."
3301510050020,Azran,Você encontrará Quaista no caminho para Whirlwind Canyon.
3301510090010,Voz secreta,"Por aqui, Aventureiro."
3301510090020,Voz secreta,Desça até aqui.
3301580030010,Voz rouca,Ugh... não tem nada de útil aqui.
3301580030020,Voz rouca,Não consigo fazer nada com esses truques baratos.
3301590060010,Ramynn,Não dá para ficar com o lobo só para você. Também quero a minha parte.
3301590060020,Shadow Wolf Strike Captain,Pode continuar sonhando. Acha mesmo que um novoto como você vai me vencer?!
3301590060030,Ramynn,Parece que não há acordo. Então você vai ter que morrer.
3301600010010,Marmie,N-não posso deixar tudo em suas mãos! E-eu também vou!
3301600010020,Marmie,"Quando terminar, encontre-me lá no alto! Lá não alto! Vou esperar por você."
3301620060010,Zaven,Você deve ter passado por muita coisa para chegar até aqui.
3301620060020,Ashientet Manor Soldier,Só o Cônsul mesmo para nos mandar verificar pessoalmente se pessoas como vocês estão bem.
3301620060030,Zaven,"Claro. Se não fosse pelo Cônsul, já teríamos morrido de fome."
3301630020010,Azran,"Fazia tempo, [player]."
3301630020020,Azran,Demorei porque eu preciso deixar tudo perfeitamente preparado.
3301630020030,Azran,Lembra do local de expansão?
3301630020040,Azran,Passe pelo e desça a escada de madeira.
3301640030010,Orha,Vamos começar pelos lugares mais isolados.
3301640030020,Orha,"*suspiro* Se não estivesse ocupado com os assuntos da Hunters Guild, poderia sair quando quisesse."
3301640030030,Orha,Espero muito que encontremos alguma pista.
3301650010010,Orha,Vou espalhar os rumores. Você cuida da relíquia.
3301650010020,Orha,Compre uma bolsa de couro com pedras. O peso vai parecer convincente.
3301650010030,Orha,"Ah, é mesmo. Pedi a Ramynn para deixar a caixa no alto do penhasco."
3301650010040,Orha,"Você sabe escalar, não sabe? Estou contando com você, certo?"
3301650160010,Shadow Wolf Member,Nada como pisar num rato.
3301650160020,Shadow Wolf Member,Este aqui é mais valente do que parece! Acabem com ele!
3301670010010,Orha,"Na verdade, isso também foi uma ordem de Lady Muina."
3301670010020,Orha,"Como não podemos agir livremente em Thundercrest, estamos procurando outro local."
3301670010030,Orha,Não seria bom envolver uma guilda nesse tipo de confusão.
3301680020010,Mueena ,"Espero que traga boas notícias, [player]."
3301680020020,Mueena ,Obrigado por ajudar Orha.
3301680020030,Mueena ,Nasser vai explicar os acontecimentos recentes.
3301680020040,Mueena ,Vá até Portão das Lamentações.
3301680020050,Mueena ,Dá para chegar lá a partir de Taima Pioneer Village.
3301680050010,Nasser,Lady Muina entrou em contato. Soube que você está vindo?
3301680050020,Nasser,Venha com cuidado e não chame atenção.
3301680050030,Nasser,O pessoal daqui é bem diferente de nós.
3301680070010,Nasser,"Por aqui, [player]!"
3301730010010,Mueena ,"Nasser precisa me ajudar. A partir de agora, você vai com o Vingador."
3301750010010,Azran,Encontre-me imediatamente no esconderijo dos Wolves.
3301750040010,Shadow Wolf Member,I-intrusos! Avise o chefe...!
3301750040020,Azran,Este lugar não mudou nada.
3301750040030,Azran,Está infestado de Lobos. Avance e acabe com eles.
3301750050010,Shadow Wolf Member,Heh. Como ousa...
3301750050020,Shadow Wolf Member,Você é apenas um Aventureiro insignificante... Vou acabar com você aqui mesmo!
3301750110010,Azran,Fique alerta. Os soldados de elite de Fahad devem estar esperando por nós.
3301750110020,Azran,À esquerda.
3301750110030,Shadow Wolf Member,É preciso ter coragem para entrar até aqui!
3301750110040,Shadow Wolf Member,"Haha, mas vai ser tudo em vão! Venham todos!"
3301750130010,Quaista,N-não! Jovem Mestre!
3301750210010,Azran,Você vai ficar de olho neles. Cuide de Quaista para mim.
3301760030010,Shadow Wolf Member,Hehehe. Eles caíram na armadilha. Acabem com todos!
3301760030020,Shadow Wolf Member,"Ainda não terminaram com eles? Matem-nos, depressa!"
3301760010010,Quaista,"Vou procurar mais um pouco por aqui antes de seguir. Dou conta de um ou dois que sobrarem, não se preocupe!"
3301760010020,Azran,"Desta vez, não deixe ninguém vivo."
3301760050010,Fahad,"Continua tolo como sempre, pelo visto."
3301760050020,Fahad,"Sempre chega um passo atrasado, não é?"
3301760051010,Fahad,Ah... vai bancar o White Lion agora?
3301760051020,Azran,"E você está bancando o lobo, não está?"
3301760051030,Azran,Nunca imaginei que uma cobra amarela trocaria de pele para virar um lobo tão patético.
3301760051040,Fahad,"Hah, fala muito para alguém preso ao próprio passado."
3301760090010,Mueena ,Só quero conversar em particular. Não precisa ficar nervoso.
1302020020010,Urkai,Por aqui! Me ajude com isso também!
1302060020010,Vahista,Por aqui. Por aqui.
1302060050010,Vahista,Este lugar é perfeito para observar!
1302060060010,Vahista,Tem alguma coisa brilhando ali?
1302060070010,Vahista,Que luz misteriosa. Vamos levar algumas amostras.
1302060080010,Vahista,O que será que tem lá no fundo?
1302060090010,Vahista,Desta vez é uma substância diferente. Vou coletar uma amostra também.
1302120020010,Zamamark,Isso! Este é o ponto de partida!
1302120050010,Zamamark,"Agora, tente criar um vínculo com o Rappie."
1302120060010,Zamamark,Não pode perder a vista deslumbrante que Goddess Ea nos deu!
1302120080010,Zamamark,Então? Como foi? Venha me contar tudo!
1302130010010,Zamamark,Comece dando comida a eles! Devagar!
1302130040010,Zamamark,Não ative o Rappie!
1302130050010,Zamamark,Elogie também quando comerem direitinho.
1302170020010,Sharaf,"Limpe uma área para não incomodar Michelle, por favor."
1302170020020,Sharaf,"Enquanto isso, você procura as flores."
1302170030010,Sharaf,...Não sou muito bom em escalar. Pode buscar aquela flor no morro para mim?
1302170070010,Sharaf,Agora vamos para Ea’s Navel.
1302210090010,Ishinu,Hum... eles não devem ir a lugares perigosos só para buscar ingredientes.
1302210090020,Ishinu,Tenho certeza de que vão correr soltos pelo jardim. Abra caminho para não se machucarem!
1302240010010,Fleur,"Qualquer coisa serve! Roupa velha, equipamento enferrujado, tudo!"
1302240050010,Fleur,É a maior flor do Woodland of Elder Gods.
1302250010010,Fleur,"Esta rota de voo é mais larga e aberta, por isso é mais emocionante."
1302250035010,Fleur,O ponto de partida é aqui!
1302250040010,Fleur,É só voar até aquela flor ali!
1302270040010,Paradise Advent Society Believer,Chegar ao Paraíso não é tão fácil.
1302270040020,Paradise Advent Society Believer,"Se ao menos eu tivesse o Gift of Paradise, aí eu...!"
1302270040030,Paradise Advent Society Believer,"Eu morreria feliz! Morrer ia, se pudesse chegar ao Paraíso!"
1302510010010,Azid,"Venha por aqui, humano!"
1302510010020,Enju,"Bristly-Hair mais novo, mais novo! Tenho uma coisa para te dizer!"
1302510010030,Enju,Pegue os fragmentos que caíram aqui!
1302510010040,Enju,Raspe a seiva pegajosa do tronco e depois...
1302510010050,Enju,Vá buscar umas penas leves e esvoaçantes!
1302510010060,Azid,Avante! Para a frente!
1302510010070,Enju,Azid! Aqui! Aqui!
1302510010080,Enju,"Pode estar escondido em qualquer lugar... Cuidado, cuidado!"
1302510010090,Enju,"Venha cá, Bristly-Hair mais novo!"
1302510010100,Azid,"Ufa, ufa. É aqui, não é? Arf, arf!"
1302510010110,Azid,Soft-Beaaaans! Avante!
1302510010120,Azid,*suspiro* E deve estar esperando ansiosamente.
1302510010130,Azid,Tudo isso é culpa de Lamasu. Ajuste
1302510010140,Azid,Vamos terminar primeiro as tarefas do rancho.
1302510010150,Azid,"Não quero levar o sermão do papai... quer dizer, do Sturdy Whiskers."
1302510010160,Azid,Pronto! Vá avisar que terminamos.
1302510010170,Irandot,Com licença! Aventureiro?!
1302510010180,Azid,Primeiro vou terminar as tarefas dos Bristly-Hair!
1302510010190,Enju,"Mesmo depois de virar herói, você não vai esquecer nada!"
1302510010200,Sagkala,"Vou cuidar dos Soft-Beans, Goddess Ea."
1302510010210,Azid,Sharaf está patrulhando o vale. Talvez saiba de alguma coisa.
1302510010220,Azid,Venha até aqui! Não consigo alcançar!
1302510010230,Enju,"Snif, snif! Atchim!"
1302510010240,Sagkala,Um humano? Na cervejaria?
1302510010250,Azid,Suavemente! Feijão macio!
1302510010260,Enju,Azid! Aaazid! Estou aqui!
1302510010270,Sagkala,Azid! Azid!
1302510010280,Azid,Não vou falar com o papai! Não vou!
1303030050010,Membro Apavorado,E-estou aqui...
1303060070010,Quentin,Deve haver um telescópio por aí! Olha bem por ele.
1303100080010,Kishirashu,Hum? Que cheiro bom!
1303110020010,Gerald,Aventureiro?
1303180020010,Josephine,"Quase consigo ouvir as abelhas zumbindo daqui. Depressa, por favor."
1303230050010,Jesper,Você entra primeiro. Só mantenham a atenção deles.
1303230060010,Jesper,Venha por aqui!
1303240020010,Jesper,Minha filha deve estar por perto!
1303240030010,Um grito de Girl,Pai! Pai...!
1303240030020,Jesper,Encontrei minha filha... *snif...* Finalmente a encontrei!
1303240040010,Jesper,Vamos salvar os outros e sair daqui!
1303280030010,Parnayia,Eu gosto ao lugar onde costumava brincar com Skybound.
1303280030020,Parnayia,Podemos descansar um pouco? Quero gravar os velhos tempos...
1303290040010,Parnayia,Espero que Skybound não sinta isso estranho...
1303290050010,Parnayia,Skybound... estar assim me faz lembrar dos velhos tempos.
1303290060010,Parnayia,Como quando você superou seu primeiro obstáculo.
1303290070010,Parnayia,Ou quando ficamos sem dinheiro e reunidos de dormir na rua...
1303290080010,Parnayia,"Mesmo assim, eu estava feliz por estar ao seu lado."
1303290080020,Parnayia,"Devo tudo a você, Skybound, que sempre me deu seu apoio."
1303290100010,Parnayia,E me desculpe... me desculpe mesmo...
1303300030010,Parnayia,Vou procurar mais pólen.
1303300030020,Parnayia,"Escolha flores bem coloridas, por favor. Skybound adorava cores vivas."
1303510130010,Lorraine,"Aventureiro, suba aqui! A vista é magnífica."
1303520060010,Lorraine,Terminou? Parece que as coisas se enganaram. Venha cá.
1303530050010,Lorraine,"Agora, o que uma criaturinha está fazendo num lugar destes?"
1303540070010,Lorraine,"Não atravesse a água de novo. Venha por aqui. Olha, tem uma caverna futura."
1303630090010,Voz desconhecida,Aqui! Por aqui! Tem alguém aqui!
1303650030010,Lorraine,Um investigador? Quando foi que ele chegou?
1303650030020,Lorraine,Ainda bem que você veio. Por aqui.
1304010010010,Tory,"... Uau, você conseguiu mesmo. Eu estava claramente “fora da minha alçada”."
1304010010020,Tory,Mas desta vez minha declaração de amor precisa dar certo.
1304010010030,Tory,"Por favor, vá capturar alguma coisa para mim, nem que seja um monstruoso!"
1304010010040,Ulf,··· ···
1304010010050,Ulf,"...Ah, é o mesmo Kari."
1304010010060,Penya,"Hah, finalmente posso respirar. Fingir que não sabia que estava me matando."
1304010010070,Penya,Segue o rastro do Aetherium Candy até aqui.
1304010010080,Penya,"Ele fortalece você, mesmo que por pouco tempo. Por isso os superiores se interessaram tanto."
1304010010090,Penya,"Mas quanto mais eu estudei, mais percebia que se parece mais com veneno do que com remédio."
1304010010100,Penya,"...Não posso dar isso a recrutas desavisados. Afinal, tenho consciência."
1304010010110,Voz cautelosa,"Ei, aqui."
1304010010120,Voz cautelosa,Cuidado para não ser pego.
1304010010130,Luke,À direita há uma estrutura que serve de torre de vigia.
1304010010140,Luke,Zed deve estar lá.
1304010010150,Zed,Não entendo. Tem certeza? Duvido...
1304010010160,Zed,"Hum, não. Já tenho dinheiro de sobra! Sou rico!"
1304010010170,Zed,"Bom, pelo menos num lugar desolado como este."
1304010010180,Zed,Deixar as coisas estragarem é um pecado muito maior.
1304010010190,Zed,Estamos fazendo a coisa “certa”.
1304010010200,Zed,*suspiro...* Lá vou eu ensinar uma lição de novo.
1304010010210,Yvette,"...Hum, tente dançar diante da árvore."
1304010010220,Yvette,"Ah, aquelas escadas também parecem um bom lugar."
1304010010230,Yvette,Vamos passar pelas tendas também.
1304010010240,Agani,"Ah, ótimo! Está vindo, estou sentindo!"
1304010010250,Agani,Meus pelos estão arrepiados! Vou mostrar... vou mostrar para você!
1304010010260,Agani,"Vou na frente e t-termino isso, t-termino!"
1304510010010,Unmotivated Rebel,Já acabou. Para que venha até aqui?
1304510010020,Stubborn Rebel,Somos soldados que seguem o God of War.
1304510010030,Stubborn Rebel,Não vamos nos ajoelhar depois de uma única derrota.
1304510010040,Voz tímida,O que eu faço? Não quero me alistar de novo.
1304510010050,Voz tímida,*suspiro...* Então para que virei pesquisador...?
1304510010060,Rebelde Impaciente,"Hah, não dá para acolher gente lerda para sempre..."
1304510010070,Rebelde Sorrateiro,Agora até os inúteis estão aparecendo por aqui.
1304510010080,Rebelde Impaciente,Não é necessário um rato de biblioteca. Livrem-se dele.
1304510010090,Elbi,"O formato e a dureza são semelhantes ao Aetherium, mas a cor é diferente."
1304510010100,Elbi,"Ah, e tenha cuidado ao minerar."
1304510010110,Elbi,Há um número anormal de monstros perto do minério.
1304510010120,Kasper,transferiu água do mar sobre o minério.
1304510010130,Kasper,"Agora, extraia o minério."
1304510010140,Astrid,Nos encontramos de novo.
1304510010150,Astrid,"Para gente como nós, empunhar armas é uma forma de conversar."
1304510010160,Astrid,Mostre sua determinação. Venha para cima.
305110040010,Hakan,Você depende demais de poções.
305110040020,Hakan,Imagine que só tem a arma na mão.
305110040030,Hakan,Desvie do golpe com o mínimo de movimento. Assim você conserva as forças!
305110040040,Hakan,Relaxe o corpo e abra a base.
305110040050,Hakan,Como você gasta força para toa. Relaxe as articulações!
305130030010,Kian,Olha só quem apareceu! Faz quantos anos?
305130030020,Hakan,Como vai? A guilda ainda está funcionando?
305130030030,Kian,"Endo ocupado resolvendo confusão, não administrando guild. Estou sem tempo. Venha falar comigo pessoalmente."
305130030040,Kian,*suspiro* Já tenho que sair de novo... Venha para Babylon. Vou esperar por você!
305130070010,Hakan,normalmente começa com uma onda de monstros.
305130070020,Hakan,"Ao atravessar a floresta, não percebem os sinais de uma Incursão iminente..."
305130070030,Hakan,"Mesmo sem isso, era comum sermos atacados por feras que saltavam das sombras."
305130070040,Hakan,"Dormindo ou nos lavando, precisávamos ficar sempre em guarda."
305130070050,Hakan,Por isso os caçadores daquela época são mais mercenários calejados.
305140040010,Hakan,"Era pior nas regiões com muitos colonos, como Twisted Elysium."
305140040020,Hakan,Os que fugiram de Krea mal Sim levarão consigo um único talismã de proteção.
305160040010,Hakan,"A ponta da flecha aponta para a sobrevivência. Ataca para que outros vivam, mesmo que eu caia."
305160040020,Hakan,Era esse o sentido da caça para meus companheiros e para mim. Minha verdade continua a mesma.
305180050010,Hakan,Hum. Isso foi um grande avanço.
305180050020,Hakan,Enfrentar um adversário forte mudou sua postura. Poupar forças foi uma escolha tática?
305200070010,Narim,"Ah, as sementes estão nessa bolsa ali."
330579010010,Stig,Você terminou aí? Vá para o lado leste!
330580010010,Stig,"Não fique parado, atordoado. Continue me protegendo."
330583010010,Forgotten Crest Villager,"Tem alguém aí? Por favor, me ajude...!"
330587010010,Stig,"Este lugar é perfeito! Vamos, mãos à obra."
330590010010,Stig,O que está demorando tanto? Também precisamos verificar o outro lado da ponte.
330590010020,Stig,"E está esperando, sabia? Acabe com todos eles."
1201010020010,Orica,Sou Orica.
1201010020020,Orica,Preciso falar com você com urgência. Venha me ver.
1201010020030,Orica,Vamos encontrar na Explorers’ Guild de Babylon.
1201010070010,Orica,Vamos deixar a diversão da exploração de lado por um instante e começar de baixo.
1201020010010,Orica,Não deixe a Torre intimidar você.
1201020010020,Orica,"É tudo igual onde quer que vá. Ah, eles não são monstros, são?"
1201020010030,Orica,"Mesmo assim, esta área é bem desenvolvida, então não deve ser difícil atravessá-la."
1201020010040,Orica,Primeiro vamos obter o Monster's Heart.
1201020010050,Orica,Você está vendo os monstros agrupados à direita?
1201020010060,Orica,"Seus corações são bem frágeis, então cuidado."
1201020010070,Orica,Seria muito difícil se quebrar enquanto você carrega.
1201020022010,Orica,Eu sabia que você conseguiria!
1201020022020,Orica,O segundo material... vejamos.
1201020022030,Orica,É só seguir o caminho a seguir.
1201020025010,Orica,"Pensando bem, esqueci de uma coisa... a Queen..."
1201020025020,???,"Ah, estou ouvindo? Testando..."
1201020025030,???,Hã? A conexão caiu?
1201020027010,Orica,O caminho fica um pouco acidentado mais futuro.
1201020027020,Orica,"Você está vendendo uma ponte à frente? É feito de tábuas, mas aguenta bem."
1201020027030,Orica,"Tudo graças aos membros de nossa guilda, não é?"
1201020028010,Orica,Quer reunir mais alguns corações antes de atravessar?
1201020028020,Orica,"Mesmo seguindo a receita, você vai falhar uma ou duas vezes."
1201020028030,Orica,"Já que estamos aqui, vamos juntar bastante material."
1201020030010,Orica,"Dizem que não há recompensa sem esforço, certo?"
1201020030020,Orica,"Quando reunir tudo, vamos continuar."
1201020030030,Orica,"Agora, está vendo a ponte à esquerda?"
1201020030040,Orica,Atravesse e encontre um edifício. Isso quer dizer que já estamos na metade do caminho!
1201020030050,Orica,"Vamos, depressa!"
1201020033010,???,"Quando você vem, afinal?"
1201020033020,???,"Assim fica bem complicado, sabia...?"
1201025010010,Orica,Já falei oficialmente da metade do caminho.
1201025010020,Orica,Mas não deixe a tensão tomar conta. Não podemos deixá-los nos menosprezar.
1201025010030,Orica,Vamos atravessar a ponte primeiro.
1201025040010,Orica,"Desta vez, você vai enfrentar inimigos diferentes."
1201025040020,Orica,Não se deixe enganar pela aparência. Eles batem com força.
1201025050010,Orica,Cuidado aqui. É fácil cair.
1201025050020,Orica,Fique alerta e continue avançando. Não há outro caminho.
1201025060010,???,Por que você está enrolando tanto?
1201025060020,???,Quer que alguém morra?
1201025060030,???,Ou simplesmente não importa se alguém morrer?
1201025090010,Orica,Sempre achei fascinante quando penso nisso.
1201025090020,Orica,"Usando a medula espinhal de um monstro como ingrediente, quero dizer."
1201025090030,Orica,"É evidente que isso não é comestível, certo?"
1201025090040,Orica,E dá mesmo para transportar sem danificar?
1201025100010,Orica,"Uma só não vai bastar, vai?"
1201025100020,Orica,"Já que estamos aqui, vamos juntar bastante medula espinhal. Não podemos falhar."
1201025100030,Orica,"Haha, dá muito trabalho, não é?"
1201025100040,Orica,"Mas, quando conseguir fabricar, seu nome vai parar no Codex!"
1201025120010,Orica,É melhor não arriscar.
1201025120020,Orica,Minion's Blessing é um lugar bem complicado.
1201025120030,Orica,"Está cheio de monstros, então cuidado ao trazê-la. Não esqueça: é a flor de cabeça baixa!"
1201025160010,Orica,*suspiro...* Falhou de novo?
1201025160020,Orica,Segui a receita à risco. Isso não faz sentido.
1201025160030,Orica,"Ei, pode ser perigoso. Só segure isso, não querido."
1201025160040,Orica,"E, enquanto você estiver na Torre... Hã? [player]? [player]?!"
1201030010010,???,"*suspiro* De novo, não."
1201030010020,???,...Será que este é o mesmo ou único jeito?
1201040050010,Elin,Seria uma pena passar por todo esse esforço e fracassar agora.
1201040050020,Elin,Aposto que você dá conta de alguém como Gishkal com facilidade.
1201040050030,Elin,"O núcleo é difícil de quebrar, então você pode atacar com tudo."
1201040050040,Elin,Estou louco para saber se minha hipótese é certa.
1201040050050,Elin,Isso deve despertar o interesse da Queen.
1201040050060,Elin,"Ah, eu estava só falando comigo mesmo. Não ligue."
1201040050070,Elin,Espero que você volte novamente.
1204010010010,Mueena ,"...Sei que é de repente, mas preciso que venha aos arredores de Babylon."
1204010010020,Mueena ,"Lembra de onde cuidamos dos Shadow Wolves, certo?"
1204010010030,Mueena ,"Então vou esperar por você, Aventureiro."
1204020020010,Shadow Wolf Clan Member,C-como encontrou este lugar?
1204020020020,Shadow Wolf Clan Member,Não vou deixar você sair daqui vivo!
1204020030010,Nasser,Você não tem medo... ou é tão imprudente?
1204020030020,Nasser,"Confira também perto da cachoeira, só por precaução."
1204030060010,Shadow Wolf Clan Member,Como você sabia que deveria vir para cá?!
1204030060020,Shadow Wolf Clan Member,Saia da frente!
1204030110010,Nasser,Encontrou alguma coisa boa?
1204030110020,Nasser,"...Porque eu encontrei! precisamos conversar, [player]."
1204040050010,Nasser,Você tem boa Skills... e sabe guardar segredo...
1204040050020,Nasser,Seria perfeito se ficasse do nosso lado.
1204040050030,Nasser,Não estou tentando iniciar você.
1204040050040,Nasser,"Só estou dizendo que seria bom. Não somos os vilões aqui, certo?"
1204040160010,Shadow Wolf Clan Member,Babylon é nosso!
1204040160020,Shadow Wolf Clan Member,Acha que vamos cair sem lutar?!
1204040160030,Shadow Wolf Clan Member,Você fará o mesmo destino!
1204040160040,Mueena ,Parece que iremos seguir.
1204040160050,Mueena ,"...Você quer receber, não é?"
1204040160060,Mueena ,Você pagará cinco vezes o valor combinado.
1204040160070,Mueena ,"Em troca, não deixe nenhum deles escapar vivo."
1204210030010,Lorraine,"Se ainda não tiver ido embora, estará a oeste."
1204220060010,Grito do Comerciante,Bebidas! Venham buscar as bebidas!
1204220180010,Liquor Merchant,"Ufa, agora está bem mais leve. Estava com medo de quebrar."
1204220190010,Liquor Merchant,Estamos quase sem destino. Vou na frente.
1204230060010,Pinar,Só para avisar... também faço parte da Paradise Advent Society.
1204230100010,Pinar,Parece que há alguns bêbados por aqui. Não precisamos que arrumem confusão...
1204230100020,Pinar,Vou oferecer a eles um pouco de “água refrescante” para passar a bebedeira.
1204240040010,Pinar,Hum? Você já tinha descido?
1204240040020,Beretta,O que vocês dois estão cochichando? Venham cá.
1204250020010,Baixo de Naruru Voz,"Por aqui, cachorrinhos de Beretta."
1204260060010,Schulak,"É uma erva que estanca o sangue rápido, mas é difícil de encontrar."
1204260060020,Schulak,Há muitas flores enormes neste jardim. Fique de olhos bem abertos.
1204270010010,Schulak,Conversamos melhor na cervejaria.
1204270100010,Beretta,Pinar foi procurar o mestre.
1204270100020,Beretta,Foi um saco para desprezar o que você deseja vir junto. Ainda tenho idade como crianças.
1204280130010,Beretta,Cuidado onde pisa ou vai cair e rachar a cabeça.
1204280160010,Beretta,Faça como fez antes.
1204280170010,Beretta,O rift apareceu de novo. Vá verificar.
1204290010010,Beretta,Vamos à parte mais ao norte das colinas.
1204290010020,Beretta,"Era um resort famoso do reino destruído, mas agora está completamente abandonado."
1204290050010,Beretta,"Espere, aquela pessoa não é... o Cônsul de Frantia?"
1204290070010,Beretta,Eles se meteram em tudo. Que inconveniente.
1204290070020,Beretta,Vamos terminar o que começamos. O lugar indicado na profecia fica naquela ponte.
1204290100010,Beretta,Faça como antes. Observe com atenção e mantenha o foco.
1204290130010,Beretta,"[player], vamos examinar a fenda de novo."
1204290130020,Beretta,Os monstros que passaram... talvez por acaso guardando alguma coisa.
1204330070010,Xavyer,Hehe! Este rosto me parece familiar...?
1204330090010,Remy,Aventureiro! Aventureiro! Estou aqui!
1204340050010,Remy,Uau! Que incrível!
1204340050020,Remy,"As mãos assim... os pés para trás... Ah, é difícil demais..."
1204340110010,Quaista,Por aqui. Preciso contar uma coisa.
1204340130010,Remy,Peguei! Consegui!
1204350020010,Remy,"Ei, por aqui. Aqui venta bem!"
1204350070010,Gerald,Aventureiro! Aonde vai com tanta pressa?
1204360020010,Voz feroz,"Quase lá. A partir de agora, somos os lobos do campo nevado!"
1204360020020,Voz risonha,Heh... Não se comporta como chefe antes da hora.
1204360020030,Voz feroz,"Se eu for escolhido como líder, vou cortar sua língua primeiro, hahaha!"
1204360170010,Ramynn,Encontrou? Já está tudo pronto.
1204370010010,Ramynn,Até onde chegará...? Vamos voltar pelo caminho primeiro?
1204370090010,Ramynn,"Você sabe escalar paredes, certo? Suba devagar."
1204370110010,Quaista,Lamine? O que está fazendo aqui?
1204370110020,Ramynn,O que houve...? Onde está o jovem mestre?
1204370110030,Quaista,*suspiro* Você não muda. Concentre-se na luta por enquanto.
1204370120010,Lobo assustado,E-eek! Fuja... fuja!
1204370120020,Quaista,"Aventureiro, deixe que fujam. Podemos usá-los como isca."
1204370120030,Quaista,"Nem pense em persegui-los, Lamine. Concentre-se no que está à sua frente."
1204380040010,Quaista,A passagem leste é o ponto de encontro.
1204380040020,Ramynn,"É, está relativamente tranquilo."
1204380080010,Azran,"Não contei esses dois, mas Chahim deixou uma mensagem."
1204380080020,Azran,Ele disse que deixou os dados perto da fronteira para evitar inspeções consultadas.
1204380080030,Azran,Provavelmente vai atravessar para o sudoeste com eles. Por aí.
1204390100010,Chahim,O ponto de encontro é o Portão Leste de Babylon.
1204390100020,Azran,Talvez encontremos os soldados particulares do Cônsul. Fique alerta.
1204390110010,Funds Courier,Q-quem diabos são vocês?!
1204390110020,Funds Courier,"O que você está esperando?! Depressa, proteja-me!"
1204390110030,Azran,Então soltei os cães. Eliminem todos.
1204390110040,Azran,"Chahim, estou logo atrás. Capture-os!"
1204390145010,Funds Courier,"E-eu conto tudo, por favor! Aaaagh!"
2204410010010,Aman,"Fazia tempo, [player]."
2204410010020,Aman,Tem um instante? Quero mostrar uma coisa.
2204410010030,Aman,"Quando tiver um tempo livre, vá ao Merchants’ Guild."
2204410010040,Beretta,Venha falar comigo. preciso conversar.
2204410010050,Beretta,Encontre-me em Taima Pioneer Village. Não me deixe esperando muito.
2204410010060,Beretta,"...A menos que pretenda virar um monumento de pedra, desça logo!"
2204410010070,Beretta,"Eu sei que é difícil acreditar, mas você não pode ficar parado para sempre."
2204410010080,Beretta,"Você não está... andando por aí à procura de alguma coisa, está?"
2204410010090,Beretta,"Ao terminar, vá ao abrigo."
2204410010100,Ragnar,Pode ser o esconderijo do Polaris Clan?
2204410010110,Ragnar,Preciso falar com você sobre algo urgente.
2204410010120,Schulmann,"Ei, humano!"
2204410010130,Schulmann,"Por aqui, venha!"
2204410010140,Beretta,"Que surpresa encontrar você aqui, [player]."
2204410010150,Beretta,Pare de olhar e atravesse a ponte.
2204410010160,Beretta,Suba direto.
2204410010170,Beretta,Cuide desses pontos fracos você mesmo. Nem merece que eu fale com eles.
2204410010180,Beretta,Vamos limpar primeiro a entrada.
2204410010190,Beretta,...Não precisa sentir pena deles. Quem está aqui já não tem salvação.
2204410010200,Beretta,Patético. Siga-me.
2204410010210,Beretta,Encontrou alguma coisa? Já vou até aí.
2204410010220,Beretta,Só me diga onde fica.
2204410010230,Beretta,É melhor sairmos antes que apliquemos mais.
2204410010240,Beretta,"...Por aqui, depressa!"
2204410010250,Nova,"[player]! Venha aqui, agora!"
2204410010260,Helena,"Estou sonhando...? Pelo visto, milagres acontecem."
2204410010270,Nova,"...Ei, isso não é um pouco rude com uma desconhecida?"
2204410010280,Helena,Demorou demais e causou isso. Mas não tenho escolha.
2204410010290,Helena,Sinto muito... de verdade.
2204410010300,Nova,Venha ao prédio do Storage Keeper. Vamos fabricar lá.
2204410010310,Nova,"Terminou? Então vamos, [player]."
2204410010320,Nova,Venha até onde Libi está enterrado.
2045410010010,Paradise Advent Prophet,Morte ao traidor!
2045410010020,Paradise Advent Society Believer,Você está morto!
2045410010030,Paradise Advent Society Believer,A adversidade só nos torna mais fortes...!
1210210010010,Rada,"Hum, estou ouvindo? Teste, teste..."
1210210010020,Rada,"Ah, por que não funciona? Hã? Funcionou?"
1210210030010,Rada,"Ufa, agora sim."
1210210030020,Rada,"Ei, venha aqui."
1210210030030,Rada,Quer saber onde estamos? Neste momento estamos no posto avançado dos Vigilantes.
1210210030040,Rada,Fica bem ao lado da vila. Venha enquanto estou sendo gentil!
1210210060010,Rada,"Não, aqui! Eu disse para vir, humano!"
1210210060020,Rada,Venha aqui agora mesmo!
1210210120010,Weifel,Humano! Suba e colete as ervas!
1210210120020,Weifel,Tem ervas por toda parte aqui em cima!
1210210180010,Weifel,Entregue ao professor frágil que está ao seu lado.
1210210180020,Weifel,Ele logo vai recuperar a consciência.
1210240010010,Weifel,"Traga Aether bem fresco, entendeu?"
1210240010020,Weifel,"Estou forçando você, então não estrague tudo!"
1210250010010,Weifel,Sou eu! A personificação da grandiosa tecnologia antiga!
1210250010020,Weifel,"Sentiu minha falta, não está sentindo? Imaginei que sim."
1210250010030,Weifel,Então venha agora mesmo ao Rappie Training Ground.
1210250080010,Weifel,"No caminho, você verá um Naruru desanimado."
1210250080020,Weifel,Pegue as ervas com ele.
1210250090010,Sullen Naruru,V-você é só uma pedra burra! Uma pedra burra!
1210250090020,Sullen Naruru,Não tem garras afiadas. As minhas são afiadas...!
1210250120010,Sullen Naruru,Ugh... só quero ir embora logo!
1210250120020,Sullen Naruru,"Assim que Sarabi me der permissão, você quebrará aquela pedra!"
1210250120030,Sullen Naruru,"Vou bater em você duas, três, dez vezes!"
1210250190010,Weifel,"Sabe o que fazer agora, certo?"
1210250195010,Weifel,"Agora, aperte-se e dê comida a eles!"
1210260020010,Weifel,"Escute, Candidato Escolhido! Vou dizer só uma vez."
1210260020020,Weifel,Recebemos informações de que Ironblood Brigade está fazendo um experimento.
1210260020030,Weifel,Dizem que estão usando humanos como cobaias.
1210260020040,Weifel,Quero descobrir se estão tentando reproduzir a grandeza do Império.
1210260030010,Weifel,Não precisa ficar nervoso.
1210260030020,Weifel,"A Kiguru Tribe é grande e burra, só isso."
1210260030030,Weifel,Foi bom quando o Império conseguiu fazê-los funcionar.
1210260030040,Weifel,"Vamos tirar o caminho enquanto avançamos, Candidato Escolhido!"
1210260050010,Weifel,Olha aí!
1210260070010,Weifel,Não vamos persegui-los agora.
1210260070020,Weifel,É melhor fingir que estamos caçando.
1210260090010,Weifel,"Ugh, isso insiste. Vamos sair daqui depressa."
1210270010010,Weifel,"Ei, Candidato Escolhido."
1210270010020,Weifel,Zisen entrará em contato com você. Não seja bobo e finja surpresa.
1210270010030,Zisen,"Ah, sou eu. Preciso que encontre uma coisa no esconderijo da Ironblood Brigade."
1210270030010,Zisen,"talvez seja precipitado, mas preciso do relatório do experimento deles."
1210270030020,Zisen,"Quase todos acham que o boato não tem fundamento, mas talvez não seja o caso."
1210270030030,Zisen,Weifel vai lhe dizer onde fica.
1210270030040,Weifel,"Ugh, esta função é péssima. Está embaralhando minha cabeça."
1210270050010,Weifel,Venha por aqui!
1210270090010,Weifel,"Ah, sim. Esconderam isso no escuro."
1210270090020,Weifel,"Se você fizer experimentos, pelo menos faça às claras."
1210270150010,Ironblood Brigade,O quê...? Como chegou até aqui?
1210270150020,Weifel,Aquela carroça à direita não parece suspeita?
1210270150030,Weifel,Vamos acabar primeiro com os que estão no caminho.
1210270190010,Weifel,"Está aí? Está, Candidato Escolhido?!"
1210280020010,Zisen,V-vamos passar por este lugar... em silêncio.
1210280020020,Zisen,A área de cima é mais importante.
1210280020030,Zisen,P-porque as pessoas têm dificuldade para v-ver de lá.
1210280130010,Zisen,E-estou vendo que não dava para passar em silêncio.
1210280130020,Zisen,Hum... talvez seja perigoso provocar tanto a tribo Kiguru...
1210280130030,Zisen,Acho que vou ter de conversar com os outros Liberators.
1210290010010,Zisen,"Antes disso, você precisa verificar o interior de Hallowed Obsidian Mountain."
1210290010020,Zisen,Não se preocupe com o caminho.
1210290010030,Zisen,"Com a ajuda de Weifel, desenhei um mapa antes."
1210290010040,Zisen,"Primeiro, precisamos operar... uma área residencial."
1210290130010,Zisen,V-vamos aos santuários.
1210290130020,Zisen,precisamos observar os movimentos deles.
1210290230010,Zisen,Cuidado... é sério. E volte em segurança ao Rappie Training Ground.
2210310010010,Hekima,Imagine que você e Xeros tenham se confundido.
2210310010020,Hekima,Também não voltarei a encontrá-lo.
2210310010030,Hekima,Ele desapareceu assim que você subiu para a Torre...
2210310010040,Hekima,E desde então não entrou mais em contato.
2210310010050,Hekima,Alguém está bloqueando o caminho.
2210310010060,Stormkel Legation Assigned Soldier,Alto! A área restrita está restrita.
2210310010070,Cultista de anseio,Este lugar sagrado não é profano!
2210310010080,Cultista de anseio,Eles vão nos guiar mais uma vez...!
2210310010090,Adel,Surpreso? Isto é um Monólito Artificial!
2210310010100,Voz brincalhona,Espere... sofreu uma massa crítica num instante. É aquela pessoa?
2210310010110,Voz brincalhona,"Ei, pare de perder tempo e venha para cá."
2210310010120,Blockio,Direto em frente? Parece que já entendi!
2210310010130,Monas,"Confie em você para nos guiar, Aventureiro!"
2210310010140,Monas,Daqui de cima consigo ver todos os movimentos.
2210310010150,Monas,Já chegou! Venha para cá!
2210310010160,Monas,É aquele edifício ali!
2210310010170,Monas,talvez tenha deixado para trás para ser fácil de obter.
2210310010180,Monas,"Se for esse o caso, provavelmente não é nada especial."
2210310010190,Rada,Hum... parece que não tem ninguém!
2210310010200,Rada,Hã? Isso não é da Beretta?
2210310010210,Rada,Você está vendo aquela grande estrutura adiante?
2210310010220,Rada,O antigo dono do “Stone Tablet” que mencionei está esperando.
2210310010230,Rada,Vamos procurá-lo agora?
2210310010240,Rada,Há monstros demais por aqui! Como Kima poderia passear neste lugar?
2210310010250,Rada,precisamos procurar em cada cantinho. Vamos primeiro limpar os obstáculos!
2210310010260,Rada,Terminou? Venha cá!
2210310010270,Rada,Não sabia que essas flores também cresceram em regiões frias. Que fascinante!
2210310010280,Rada,O pó branco representa a neve. Não é um jeito fofo de explicar?
2210310010290,Rada,Vamos até aquele poço profundo.
2210310010300,Rada,Hum... há estruturas peculiares por toda parte.
2210310010310,Rada,Vamos usar o dispositivo de teletransporte para voltar!
2210310010320,Rada,Quem é você?
2210310010330,Blockio,"Hah...! O módulo complexo de novo, não foi? Escolhido! Livre mais do seu poder!"
1201050010010,Orica,Pode vir agora para Explorers’ Guild?
1201050010020,Orica,Preciso mostrar uma coisa.
1201070010010,Silla,"Você, que foi convocado, aproximadamente."
1201070010020,Silla,Não gosto de mãos vazias. Traga algo digno de uma oferta.
1201070010030,Silla,O que seria bom...? Já sei. Sangue de monstro serve.
1201070080010,Silla,Há um dispositivo de gravação de imagens sob a estátua mais ao fundo.
1201080050010,Silla,Você é realmente diferente.
1201080050020,Silla,Não é só mais um pedaço de carne. Você poderia ser um “candidato” à altura.
1201080050030,Silla,Fazia tempo que meu sangue não fervia assim.
1201080050040,Silla,Quero saber o que os outros Exploradores vão pensar de você.
1201080050050,Silla,"Muito bem, você escolherá você como um dos candidatos."
1201080100010,Weifel,"Ah, pelo visto você conseguiu contato. Foi tudo bem com os Explorers?"
1201080100020,Weifel,"Sobreviveu, então. Até mais."
1201090010010,Bailey,Venha às ruínas do Ancient Imperial Institute. Tenho uma missão que você deve interessar.
1201090010020,Bailey,"Você sabe que perde se não vier, certo? É melhor aproveitar enquanto estou pedindo educação."
1201090080010,Bailey,"Talvez por aqui ter sido a sede do instituto do antigo império, aconteçam coisas de todo tipo."
1201090080020,Bailey,"Alguns vêm obcecados com Aetherium, outros aparecem com os olhos vidrados atrás de relíquias."
1201090080030,Bailey,"Por isso, geralmente é um lugar tedioso e sem graça."
1201090170010,Ancient Artifact,■■pode. 3■. ■z■. Andar ■...
1201090180010,Bailey,"Venha ajudar também, [player]!"
1201100110010,Ancient Artifact,Ei! E-ei!
1201100110020,Ancient Artifact,Tenho uma coisa para dizer!
1201100110030,Ancient Artifact,Pare aí enquanto estou pedindo com educação!
1201110040010,Voz entediada,Hum... que situação complicada.
1201120140010,Zeda,Agora? Não esperava que Drugamu fosse repelido...
1201120140020,Zeda,"Hah, será que você deve ter ouvido o conselho de Sheila?"
1201120180010,Bailey,*...suspiro* Vocês são incríveis mesmo.
1204610060010,Naie,"Imagino que os anciãos conheceram melhor as histórias antigas, certo?"
1204610120010,Naie,Há muitos livros perto desse homem. Vamos até lá.
1204610140010,Naie,"Vamos bolar um plano, [player]."
1204620030010,Naie,Por que há tantos monstros? Sempre aparece um obstáculo quando estamos com pressa.
1204620030020,Naie,Odeio quando ficam no meu caminho. Vamos tirá-los daqui e continuar.
1204620090010,Naie,Quem são esses pirralhos?! Faça alguma coisa!
1204630060010,Naie,...Vamos ler só mais um pouquinho antes de ir. Estou morrendo de curiosidade!
1204630170010,Kind-Looking Girl,Uma visita... trouxe Naie?
1204640060010,Sekien,“Três arcas serão lançadas ao rio escarlate.” Este é o único registro antigo na arca.
1204640060020,Sekien,Foi descoberta há dois séculos? Faz tanto tempo que minha memória está meio fraca.
1204640060030,Sekien,"Ah, vamos dar uma olhada naquelas primeiras?"
1204640070010,Sekien,"Então, estou procurando essa “arca”. Quero ver que tipo de arte é."
1204640080010,Sekien,"Hum, você pode vir por aqui?"
1204640110010,Sekien,Hum... saiu um inseto de lá.
1204640110020,Sekien,Será que colocaram um feitiço para atrair monstros quando toca nele?
1204640110030,Sekien,"Ao terminar a limpeza, vá para fora."
1204650030010,Sekien,Por aqui. Entre pela lateral.
1204650150010,Sekien,É melhor instalar alguns dos monstros também.
1204650150020,Sekien,"Você vai precisar de mais do que imagina, ainda mais com esse modelo de corpo novo."
1204660080010,Naie,"Conseguiu, [player]."
1204670040010,Tired Man,Será que devo desistir...? Não consegui nada e nem paguei adicional de risco...
1204670060010,Dan,"Como ela é quase uma irmã mais nova para mim, fico preocupada que se machuque. Ah, mas nossas personalidades são completamente opostas..."
1204670060020,Dan,"Então, se alguém é próximo dela, cuide bem dela, por favor. Crianças se machucam com facilidade."
1204670060030,Naie,"Hã? Mas eu luto muito bem, sabia? Você pode ficar parado e assistir."
1204670120010,Naie,O pessoal daqui só fala de trabalho.
1204670120020,Naie,Você não é da expedição Bardad? Dizem que ela é bem famosa.
1204670120030,Naie,Eles não mandam os membros da expedição para cá? Todo mundo parece ocupado...
1204670140010,Naie,"Por algum motivo, não consigo parar de pensar naquela espada. Tenho a sensação de que vou encontrá-la."
1204670140020,Naie,"Deve ser porque sou espadachim, né?"
1204680010010,Chedar,"Parece que você tem seus motivos, então não vou forçá-lo a descansar."
1204680010020,Chedar,"Mesmo assim, a onda de energia que saiu daquela pulseira vai afetar você por um tempo. Tenha cuidado."
1204680040010,Valbas,"Agora, um brinquedo trouxe outro brinquedo?"
1204680040020,Valbas,"Sinceramente, você parece ridículo toda vez que aparece."
512010040010,A Merchant's Voice,"Tigelas, potes, o que você precisa! Venham dar uma olhada!"
512010150010,Pottery Merchant,"Ah, então Maureen mandou você!"
512010150020,Pottery Merchant,"Se também for Artisans Guild, não vai conseguir subir até aqui."
512010150030,Pottery Merchant,"Ei, ei! Nem pense em subir! É só eu sair correndo!"
512010160010,Pottery Merchant,"Ugh, espere. Aposto que você é aventureiro, não artesão."
512010160020,Pottery Merchant,"Bom, eu já fui bom de briga também, sabia? Pegue-me se conseguir!"
51201016501,Maureen,Ali! Por aí! Na direção do desfiladeiro!
512010170010,Pottery Merchant,O-o quê? Você me perseguiu até aqui?
512010180010,Pottery Merchant,Pare! E-eu juro que não tenho dinheiro!
512010200010,Pottery Merchant,Qual é... só estou tentando ganhar a vida...
510220030010,Maureen,Ele provavelmente nem percebe que há alguém parado bem na frente dele.
510220060010,Maureen,Ou que está desperdiçando materiais de alta qualidade.
510220060020,Maureen,Há boas pedras perto de Giant's Garden. Pegue um pouco de lá.
510220065010,Maureen,"Isso é... uau. Você é... muito bom isso... Quando terminar, esfregue bem na cara do Guild Master..."
512030090010,Rene,"Esperem por mim, meus Rappies queridos!"
512030150010,Rene,"Parecem apenas para essas linhas do rosto, elegantes e marcantes."
512030150020,Rene,Uma harmonia perfeita de curvas e retas. O próprio Rappie é uma obra de arte...
512030160010,Rene,Preciso conhecer todos os detalhes do objeto para representá-lo com perfeição!
512030160020,Rene,Ouvi dizer que há alguns... menos doces por aí. Posso dar tempo para observá-los?
512030200010,Rene,Mwa-hahaha! Mwahahahahaha!
512030200020,Zamamark,"Ele está bem? Só está empolgado, né?"
512040030010,Kamiya,Uau! Faz tempo!
510250060010,Destruidor de arte Cat,Miau!
510250090010,Destruidor de arte Cat,Meu bem?
510250120010,Destruidor de arte Cat,Fsss! Miaau!
510250140010,Maureen,Querido? Venha cá!
510010060010,Zariya,"Já que está aqui, compre alguma coisa antes de ir. Não pergunte por quê, está bem?"
510040040010,Uma voz descarada,Hah... isso é patético! Estou decepcionado!
510040040020,Uma voz aterrorizada,"É tudo o que tenho. O que posso fazer? Pode me revistar à vontade, não vai achar mais nada."
514030030010,Uma voz doce e melosa,"Sim, querido...? Até a próxima."
514030090010,Uran,Sinto como se o próprio vento estivesse me guiando.
514050010010,Uran,"Não se machuque, querido!"
516050090010,Rada,"[player], se estava procurando um clan, devia ter falado comigo, não com Ragnar!"
516050090020,Rada,Fazer amigos é muito mais importante do que ficar famoso.
516050090030,Rada,Você não conquista as pessoas apenas caçando monstros o dia inteiro.
516050090040,Rada,Por que você não tenta dançar? Anima o ambiente e aproxima as pessoas!
516050090050,Rada,"Experimente meu jeito, está bem?"
516050130010,Passer-by Naruru,"Hoo-mano! Seus movimentos são fora do comum, fora do comum!"
516050130020,Kanber,Você parecia bem agora mesmo... O que aconteceu?
516050130030,Kanber,...Você fingiu que não vi.
516050130040,Passer-by Naruru,"*snif, snif...* Você também tem um cheiro extraordinário. Esse cheiro é digno de um Angry Tail, Angry Tail!"
513020180010,Voz estridente,Voltaram para trazer ainda mais ofertas? Heheh!
513020180020,Um grito de Courier,Devolvam! Seus ladrões desgastados!
513020180030,Voz estridente,Quem é esse pirralho magricela?
513040030010,Monica ,"Só por segurança, faça isso onde não haja ninguém por perto."
513040060010,Yoar,Aventureiro! Está bem?!
515020050010,Bailey,Alguns monstros deixam vestígios.
515020050020,Bailey,Karugura e Tagar são bons exemplos.
515020050030,Bailey,"No início achei que era Aether e tentei usar um coletor, mas não funcionou."
515020050040,Bailey,"Então pedi ajuda aos Liberators. Eles tinham uma coisa bem interessante, sabia?"
515030010010,Frightened Guild Member,O-o quê?! O que alguém tão importante faz num lugar destes?!
515030010020,Frightened Guild Member,Estou salvo! Finalmente estou salvo!
515030100030,Bailey,"Ah... está ficando bonito, não acha?"
515030110010,Bailey,Como eu esperava... nunca funciona logo na primeira tentativa.
515040120010,Sniffling Naruru,Hing... Hoo-mano mentiu! Mentiu para mim!
515040120020,Sniffling Naruru,"Este lugar... está cheio de coisas ruin, muito ruin!"
515050010010,Nicola,Você... ousa se medir comigo?! Uma simples lontra...?!
515050010020,Nicola,Você sabe o trabalho que tive para juntar tudo isso?!
515050080010,Bailey,Monstros como Karugura e Tagar quase sempre aparecem em locais mais ou menos fixos.
515050080020,Bailey,Por isso também é fácil encontrar fragmentos de fator nas proximidades.
515050090010,Bailey,Mas não dá para fazer uma réplica decente só com isso.
515050090020,Bailey,precisamos de fator de alta pureza.
515050090030,Bailey,"Muito bem, estamos quase terminando."
515050140010,Bailey,Nada mal. Agora por entender que Orika gosta de você.
515050140020,Bailey,Vou ter que colocar você para trabalhar mais vezes.
17011100101,Evrin ,Uma guilda está investigando os Aventureiros no momento.
17011100102,Evrin ,Venha agora mesmo para Wayfinders Guild.
17011200101,Etana,Humanooo! Preste atenção no que vou dizer e faça o que eu mandar!
17011200102,Energetic Naruru,Todos prontos?
17011200103,Lively Naruru,"Etana, depressa! Vamos começar!"
17011200104,Etana,"Você também, faça junto!"
17011200401,Etana,"Muito bem! Agora vamos para Corredor Perpétuo. Vamos, vamos!"
17013100101,Asli,Um Kiguru Tribo continua igual.
17013100102,Asli,Ainda acha que lutar e vencer é a única resposta?
17013100103,Asli,Por quanto tempo você vai agarrar à antiga glória...?
17013100201,Asli,Sinto a oscilação de Aether ficar mais forte.
17013100202,Asli,"Mas, quanto mais penso nisso, menos sentido faz."
17013100203,Asli,A Kiguru Tribe não deve ser inteligente o bastante para usar um Aether Collector...
17013100301,Asli,"Por aqui, [player]."
17013100401,Tribo Kiguru,"Ugh, urgh... Argh!"
17013100402,Voz Suspeita,Hum? A pureza é baixa demais!
17013100501,Asli,Achei que meus tímpanos estavam estourando.
17013200101,Asli,É melhor entrarmos. Já acabamos com todos os monstros.
17013200201,Voz familiar,"Ei, que tal trabalharmos juntos?"
17013200202,Voz nostálgica,"P-pare de me incomodar e vá embora, por favor!"
17013200203,Voz familiar,Você... Só estou dizendo para ficarmos juntos porque é perigoso andar só!
17013200301,Michael,Droga... os monstros estão se reunindo depressa! O que está acontecendo na Torre?
17013200302,Michael,"E aí, Aventureiro. Formamos uma boa equipe, não acha?"
17013200303,Symon,"Exatamente. Seria ótimo se você entrasse para nossa legião... mas não deve ser fácil, né?"
17014200101,Focused Cook,"Ah, isso ficaria melhor ali."
17014200102,Focused Cook,Ugh... eles não entendem nada de beleza.
17014200201,Struggling Naruru,"Ops, acho que vai faltar Secret Powder!"
17012150101,Kuduru Guard,Kyaah! Presa!
17012150102,Kuduru Warrior,Vamos devorar os Naruru e os humanos também!
1701510101,Eyvind,Esta área está deserta. É perfeito para realizar todo tipo de experimento.
1701515101,Gunter,Tamanho não importa! Não recuem!
1701515102,Gunter,Impeçam que cheguem à vila!
1701520101,Survivor,"Pulei na água para não ser devorado... Cof, cof... Obrigado... Ufa..."
1701520201,Brenner,C-Comandante! É um Giant!
1701520202,Gunter,"Droga! Mercenários do Mali, preparem-se para a batalha!"
1701530101,Brenner,...Parece que uma fenda se formou aqui. Ainda bem que não há nenhum Giant à vista.
1701530102,Brenner,"Vamos instalar o Aether Concentrator, por precaução. Devem segurá-los, nem que seja por um instante."
1701535201,Brenner,Também tem monstros misturados! Cuidado!
1701540101,Adel,"Hum, isso é preocupante."
1701540201,Adel,Há um Aether Collector abandonado aqui.
1701540301,Adel,"Pare, Eyvind! Não fuja!"
1701550101,Gunter,"Droga, está vindo para cá!"
1701550102,Gunter,"Achei que conseguimos mantê-lo na coleira, mas pelo visto não!"
1701550103,Brenner,Parece magia mental... estão controlando-os!
1701550104,Gunter,Derrubem o Giant primeiro e capturem o cliente vivo!
1701560101,Evrin ,"Sei que estou ocupado, mas preciso que arranje um tempo para mim."
1701560102,Evrin ,Encontre-me na Wayfinders Guild.
1701560201,Voz sombria,*suspiro* Evrin disse que voltava logo...
1701560301,Eli,"Uma expedição Bardad está em Cactus Nest, não está?"
1701560302,Eli,O que foi aquele membro da expedição disse...?
1701560303,Eli,Os Giants têm medo da tribo Naruru? Nunca ouvi uma bobagem tão grande.
1701560304,Eli,Não podemos deixar um boato sem fundamento se espalhar. Vamos verificar o logotipo!
1701570101,Eli,"Hum? Eles não têm medo dos Naruru, têm?"
1701570102,Eli,Cuidado! Parece que o Giant só está olhando para nós!
1701570201,Rada,"Eli disse que, quando aparece um Giant, parece uma Incursion."
1701570202,Rada,"Normalmente são monstros que saem de uma Incursion... Estranho, não é?"
1701570203,Rada,"Bom, por isso acabei de ajudar também!"
1701570301,Rada,*suspiro* Acho que isso é o que chamamos de Attack Incursion.
1701570302,Rada,"Deram esse nome para diferenciar de uma Incursão normal, mas quem imaginaria que combinaria tão bem...!"
1701570303,Rada,"Não gosto da Ironblood Brigade, mas..."
1701570304,Rada,"Odeio ainda mais ver pessoas morrerem. Vamos dar o nosso melhor, [player]!"
