Id,Title,Desc
1011,Stun,Tem {EffectParam2}% de chance de Atordoar {EffectParam1}s
1021,Stun,Tem {EffectParam2}% de chance de Atordoar {EffectParam1}s
1031,Stun,Tem {EffectParam2}% de chance de Atordoar {EffectParam1}s
1041,Stun,Tem {EffectParam2}% de chance de Atordoar {EffectParam1}s
1051,Stun,Tem {EffectParam2}% de chance de Atordoar {EffectParam1}s
1061,Stun,Tem {EffectParam2}% de chance de Atordoar {EffectParam1}s
1071,Stun,Tem {EffectParam2}% de chance de Atordoar {EffectParam1}s
1081,Stun,Tem {EffectParam2}% de chance de Atordoar {EffectParam1}s
1091,Stun,Tem {EffectParam2}% de chance de Atordoar {EffectParam1}s
1101,Stun,Tem {EffectParam2}% de chance de Atordoar {EffectParam1}s
1111,Stun,Tem {EffectParam2}% de chance de Atordoar {EffectParam1}s
1121,Stun,Tem {EffectParam2}% de chance de Atordoar {EffectParam1}s
1131,Stun,Tem {EffectParam2}% de chance de Atordoar {EffectParam1}s
1141,Stun,Tem {EffectParam2}% de chance de Atordoar {EffectParam1}s
1151,Stun,Tem {EffectParam2}% de chance de Atordoar {EffectParam1}s
1161,Stun,Tem {EffectParam2}% de chance de Atordoar {EffectParam1}s
1171,Stun,Tem {EffectParam2}% de chance de Atordoar {EffectParam1}s
1181,Stun,Tem {EffectParam2}% de chance de Atordoar {EffectParam1}s
1191,Stun,Tem {EffectParam2}% de chance de Atordoar {EffectParam1}s
1201,Stun,Tem {EffectParam2}% de chance de Atordoar {EffectParam1}s
1211,Stun,Tem {EffectParam2}% de chance de Atordoar {EffectParam1}s
1221,Stun,Tem {EffectParam2}% de chance de Atordoar {EffectParam1}s
1231,Stun,Tem {EffectParam2}% de chance de Atordoar {EffectParam1}s
1241,Stun,Tem {EffectParam2}% de chance de Atordoar {EffectParam1}s
1251,Stun,Tem {EffectParam2}% de chance de Atordoar {EffectParam1}s
1261,Stun,Tem {EffectParam2}% de chance de Atordoar {EffectParam1}s
1271,Stun,Tem {EffectParam2}% de chance de Atordoar {EffectParam1}s
1281,Stun,Tem {EffectParam2}% de chance de Atordoar {EffectParam1}s
1291,Stun,Tem {EffectParam2}% de chance de Atordoar {EffectParam1}s
1301,Stun,Tem {EffectParam2}% de chance de Atordoar {EffectParam1}s
1311,Stun,Tem {EffectParam2}% de chance de Atordoar {EffectParam1}s
1321,Stun,Tem {EffectParam2}% de chance de Atordoar {EffectParam1}s
1331,Stun,Tem {EffectParam2}% de chance de Atordoar {EffectParam1}s
1341,Stun,Tem {EffectParam2}% de chance de Atordoar {EffectParam1}s
1351,Stun,Tem {EffectParam2}% de chance de Atordoar {EffectParam1}s
1361,Stun,Tem {EffectParam2}% de chance de Atordoar {EffectParam1}s
1371,Stun,Tem {EffectParam2}% de chance de Atordoar {EffectParam1}s
1381,Stun,Tem {EffectParam2}% de chance de Atordoar {EffectParam1}s
1391,Stun,Tem {EffectParam2}% de chance de Atordoar {EffectParam1}s
1401,Stun,Tem {EffectParam2}% de chance de Atordoar {EffectParam1}s
1411,Stun,Tem {EffectParam2}% de chance de Atordoar {EffectParam1}s
1421,Stun,Tem {EffectParam2}% de chance de Atordoar {EffectParam1}s
1431,Stun,Tem {EffectParam2}% de chance de Atordoar {EffectParam1}s
1441,Stun,Tem {EffectParam2}% de chance de Atordoar {EffectParam1}s
1451,Stun,Tem {EffectParam2}% de chance de Atordoar {EffectParam1}s
1461,Stun,Tem {EffectParam2}% de chance de Atordoar {EffectParam1}s
1471,Stun,Tem {EffectParam2}% de chance de Atordoar {EffectParam1}s
1481,Stun,Tem {EffectParam2}% de chance de Atordoar {EffectParam1}s
1491,Stun,Tem {EffectParam2}% de chance de Atordoar {EffectParam1}s
1501,Stun,Tem {EffectParam2}% de chance de Atordoar {EffectParam1}s
1511,Knock Down,tem uma chance de {EffectParam2}% de derrubar para {EffectParam1}s
1521,Knock Down,tem uma chance de {EffectParam2}% de derrubar para {EffectParam1}s
1531,Knock Down,tem uma chance de {EffectParam2}% de derrubar para {EffectParam1}s
1541,Knock Down,tem uma chance de {EffectParam2}% de derrubar para {EffectParam1}s
1551,Knock Down,tem uma chance de {EffectParam2}% de derrubar para {EffectParam1}s
1561,Knock Down,tem uma chance de {EffectParam2}% de derrubar para {EffectParam1}s
1571,Knock Down,tem uma chance de {EffectParam2}% de derrubar para {EffectParam1}s
1581,Knock Down,tem uma chance de {EffectParam2}% de derrubar para {EffectParam1}s
1591,Knock Down,tem uma chance de {EffectParam2}% de derrubar para {EffectParam1}s
1601,Knock Down,tem uma chance de {EffectParam2}% de derrubar para {EffectParam1}s
1611,Knock Down,tem uma chance de {EffectParam2}% de derrubar para {EffectParam1}s
1621,Knock Down,tem uma chance de {EffectParam2}% de derrubar para {EffectParam1}s
1631,Knock Down,tem uma chance de {EffectParam2}% de derrubar para {EffectParam1}s
1641,Knock Down,tem uma chance de {EffectParam2}% de derrubar para {EffectParam1}s
1651,Knock Down,tem uma chance de {EffectParam2}% de derrubar para {EffectParam1}s
1661,Knock Down,tem uma chance de {EffectParam2}% de derrubar para {EffectParam1}s
1671,Knock Down,tem uma chance de {EffectParam2}% de derrubar para {EffectParam1}s
1681,Knock Down,tem uma chance de {EffectParam2}% de derrubar para {EffectParam1}s
1691,Knock Down,tem uma chance de {EffectParam2}% de derrubar para {EffectParam1}s
1701,Knock Down,tem uma chance de {EffectParam2}% de derrubar para {EffectParam1}s
1711,Knock Down,tem uma chance de {EffectParam2}% de derrubar para {EffectParam1}s
1721,Knock Down,tem uma chance de {EffectParam2}% de derrubar para {EffectParam1}s
1731,Knock Down,tem uma chance de {EffectParam2}% de derrubar para {EffectParam1}s
1741,Knock Down,tem uma chance de {EffectParam2}% de derrubar para {EffectParam1}s
1751,Knock Down,tem uma chance de {EffectParam2}% de derrubar para {EffectParam1}s
1761,Knock Down,tem uma chance de {EffectParam2}% de derrubar para {EffectParam1}s
1771,Knock Down,tem uma chance de {EffectParam2}% de derrubar para {EffectParam1}s
1781,Knock Down,tem uma chance de {EffectParam2}% de derrubar para {EffectParam1}s
1791,Knock Down,tem uma chance de {EffectParam2}% de derrubar para {EffectParam1}s
1801,Knock Down,tem uma chance de {EffectParam2}% de derrubar para {EffectParam1}s
1811,Knock Down,tem uma chance de {EffectParam2}% de derrubar para {EffectParam1}s
1821,Knock Down,tem uma chance de {EffectParam2}% de derrubar para {EffectParam1}s
1831,Knock Down,tem uma chance de {EffectParam2}% de derrubar para {EffectParam1}s
1841,Knock Down,tem uma chance de {EffectParam2}% de derrubar para {EffectParam1}s
1851,Knock Down,tem uma chance de {EffectParam2}% de derrubar para {EffectParam1}s
1861,Knock Down,tem uma chance de {EffectParam2}% de derrubar para {EffectParam1}s
1871,Knock Down,tem uma chance de {EffectParam2}% de derrubar para {EffectParam1}s
1881,Knock Down,tem uma chance de {EffectParam2}% de derrubar para {EffectParam1}s
1891,Knock Down,tem uma chance de {EffectParam2}% de derrubar para {EffectParam1}s
1901,Knock Down,tem uma chance de {EffectParam2}% de derrubar para {EffectParam1}s
1911,Knock Down,tem uma chance de {EffectParam2}% de derrubar para {EffectParam1}s
1921,Knock Down,tem uma chance de {EffectParam2}% de derrubar para {EffectParam1}s
1931,Knock Down,tem uma chance de {EffectParam2}% de derrubar para {EffectParam1}s
1941,Knock Down,tem uma chance de {EffectParam2}% de derrubar para {EffectParam1}s
1951,Knock Down,tem uma chance de {EffectParam2}% de derrubar para {EffectParam1}s
1961,Knock Down,tem uma chance de {EffectParam2}% de derrubar para {EffectParam1}s
1971,Knock Down,tem uma chance de {EffectParam2}% de derrubar para {EffectParam1}s
1981,Knock Down,tem uma chance de {EffectParam2}% de derrubar para {EffectParam1}s
1991,Knock Down,tem uma chance de {EffectParam2}% de derrubar para {EffectParam1}s
2001,Knock Down,tem uma chance de {EffectParam2}% de derrubar para {EffectParam1}s
2011,Airborne,Tem {EffectParam2}% de chance para lançamento aéreo para {EffectParam1}s
2021,Airborne,Tem {EffectParam2}% de chance para lançamento aéreo para {EffectParam1}s
2031,Airborne,Tem {EffectParam2}% de chance para lançamento aéreo para {EffectParam1}s
2041,Airborne,Tem {EffectParam2}% de chance para lançamento aéreo para {EffectParam1}s
2051,Airborne,Tem {EffectParam2}% de chance para lançamento aéreo para {EffectParam1}s
2061,Airborne,Tem {EffectParam2}% de chance para lançamento aéreo para {EffectParam1}s
2071,Airborne,Tem {EffectParam2}% de chance para lançamento aéreo para {EffectParam1}s
2081,Airborne,Tem {EffectParam2}% de chance para lançamento aéreo para {EffectParam1}s
2091,Airborne,Tem {EffectParam2}% de chance para lançamento aéreo para {EffectParam1}s
2101,Airborne,Tem {EffectParam2}% de chance para lançamento aéreo para {EffectParam1}s
2111,Airborne,Tem {EffectParam2}% de chance para lançamento aéreo para {EffectParam1}s
2121,Airborne,Tem {EffectParam2}% de chance para lançamento aéreo para {EffectParam1}s
2131,Airborne,Tem {EffectParam2}% de chance para lançamento aéreo para {EffectParam1}s
2141,Airborne,Tem {EffectParam2}% de chance para lançamento aéreo para {EffectParam1}s
2151,Airborne,Tem {EffectParam2}% de chance para lançamento aéreo para {EffectParam1}s
2161,Airborne,Tem {EffectParam2}% de chance para lançamento aéreo para {EffectParam1}s
2171,Airborne,Tem {EffectParam2}% de chance para lançamento aéreo para {EffectParam1}s
2181,Airborne,Tem {EffectParam2}% de chance para lançamento aéreo para {EffectParam1}s
2191,Airborne,Tem {EffectParam2}% de chance para lançamento aéreo para {EffectParam1}s
2201,Airborne,Tem {EffectParam2}% de chance para lançamento aéreo para {EffectParam1}s
2211,Airborne,Tem {EffectParam2}% de chance para lançamento aéreo para {EffectParam1}s
2221,Airborne,Tem {EffectParam2}% de chance para lançamento aéreo para {EffectParam1}s
2231,Airborne,Tem {EffectParam2}% de chance para lançamento aéreo para {EffectParam1}s
2241,Airborne,Tem {EffectParam2}% de chance para lançamento aéreo para {EffectParam1}s
2251,Airborne,Tem {EffectParam2}% de chance para lançamento aéreo para {EffectParam1}s
2261,Airborne,Tem {EffectParam2}% de chance para lançamento aéreo para {EffectParam1}s
2271,Airborne,Tem {EffectParam2}% de chance para lançamento aéreo para {EffectParam1}s
2281,Airborne,Tem {EffectParam2}% de chance para lançamento aéreo para {EffectParam1}s
2291,Airborne,Tem {EffectParam2}% de chance para lançamento aéreo para {EffectParam1}s
2301,Airborne,Tem {EffectParam2}% de chance para lançamento aéreo para {EffectParam1}s
2311,Airborne,Tem {EffectParam2}% de chance para lançamento aéreo para {EffectParam1}s
2321,Airborne,Tem {EffectParam2}% de chance para lançamento aéreo para {EffectParam1}s
2331,Airborne,Tem {EffectParam2}% de chance para lançamento aéreo para {EffectParam1}s
2341,Airborne,Tem {EffectParam2}% de chance para lançamento aéreo para {EffectParam1}s
2351,Airborne,Tem {EffectParam2}% de chance para lançamento aéreo para {EffectParam1}s
2361,Airborne,Tem {EffectParam2}% de chance para lançamento aéreo para {EffectParam1}s
2371,Airborne,Tem {EffectParam2}% de chance para lançamento aéreo para {EffectParam1}s
2381,Airborne,Tem {EffectParam2}% de chance para lançamento aéreo para {EffectParam1}s
2391,Airborne,Tem {EffectParam2}% de chance para lançamento aéreo para {EffectParam1}s
2401,Airborne,Tem {EffectParam2}% de chance para lançamento aéreo para {EffectParam1}s
2411,Airborne,Tem {EffectParam2}% de chance para lançamento aéreo para {EffectParam1}s
2421,Airborne,Tem {EffectParam2}% de chance para lançamento aéreo para {EffectParam1}s
2431,Airborne,Tem {EffectParam2}% de chance para lançamento aéreo para {EffectParam1}s
2441,Airborne,Tem {EffectParam2}% de chance para lançamento aéreo para {EffectParam1}s
2451,Airborne,Tem {EffectParam2}% de chance para lançamento aéreo para {EffectParam1}s
2461,Airborne,Tem {EffectParam2}% de chance para lançamento aéreo para {EffectParam1}s
2471,Airborne,Tem {EffectParam2}% de chance para lançamento aéreo para {EffectParam1}s
2481,Airborne,Tem {EffectParam2}% de chance para lançamento aéreo para {EffectParam1}s
2491,Airborne,Tem {EffectParam2}% de chance para lançamento aéreo para {EffectParam1}s
2501,Airborne,Tem {EffectParam2}% de chance para lançamento aéreo para {EffectParam1}s
2511,Suppression,Tem uma chance de {EffectParam2}% de Suprimir para {EffectParam1}s
2521,Suppression,Tem uma chance de {EffectParam2}% de Suprimir para {EffectParam1}s
2531,Suppression,Tem uma chance de {EffectParam2}% de Suprimir para {EffectParam1}s
2541,Suppression,Tem uma chance de {EffectParam2}% de Suprimir para {EffectParam1}s
2551,Suppression,Tem uma chance de {EffectParam2}% de Suprimir para {EffectParam1}s
2561,Suppression,Tem uma chance de {EffectParam2}% de Suprimir para {EffectParam1}s
2571,Suppression,Tem uma chance de {EffectParam2}% de Suprimir para {EffectParam1}s
2581,Suppression,Tem uma chance de {EffectParam2}% de Suprimir para {EffectParam1}s
2591,Suppression,Tem uma chance de {EffectParam2}% de Suprimir para {EffectParam1}s
2601,Suppression,Tem uma chance de {EffectParam2}% de Suprimir para {EffectParam1}s
2611,Suppression,Tem uma chance de {EffectParam2}% de Suprimir para {EffectParam1}s
2621,Suppression,Tem uma chance de {EffectParam2}% de Suprimir para {EffectParam1}s
2631,Suppression,Tem uma chance de {EffectParam2}% de Suprimir para {EffectParam1}s
2641,Suppression,Tem uma chance de {EffectParam2}% de Suprimir para {EffectParam1}s
2651,Suppression,Tem uma chance de {EffectParam2}% de Suprimir para {EffectParam1}s
2661,Suppression,Tem uma chance de {EffectParam2}% de Suprimir para {EffectParam1}s
2671,Suppression,Tem uma chance de {EffectParam2}% de Suprimir para {EffectParam1}s
2681,Suppression,Tem uma chance de {EffectParam2}% de Suprimir para {EffectParam1}s
2691,Suppression,Tem uma chance de {EffectParam2}% de Suprimir para {EffectParam1}s
2701,Suppression,Tem uma chance de {EffectParam2}% de Suprimir para {EffectParam1}s
2711,Suppression,Tem uma chance de {EffectParam2}% de Suprimir para {EffectParam1}s
2721,Suppression,Tem uma chance de {EffectParam2}% de Suprimir para {EffectParam1}s
2731,Suppression,Tem uma chance de {EffectParam2}% de Suprimir para {EffectParam1}s
2741,Suppression,Tem uma chance de {EffectParam2}% de Suprimir para {EffectParam1}s
2751,Suppression,Tem uma chance de {EffectParam2}% de Suprimir para {EffectParam1}s
2761,Suppression,Tem uma chance de {EffectParam2}% de Suprimir para {EffectParam1}s
2771,Suppression,Tem uma chance de {EffectParam2}% de Suprimir para {EffectParam1}s
2781,Suppression,Tem uma chance de {EffectParam2}% de Suprimir para {EffectParam1}s
2791,Suppression,Tem uma chance de {EffectParam2}% de Suprimir para {EffectParam1}s
2801,Suppression,Tem uma chance de {EffectParam2}% de Suprimir para {EffectParam1}s
2811,Suppression,Tem uma chance de {EffectParam2}% de Suprimir para {EffectParam1}s
2821,Suppression,Tem uma chance de {EffectParam2}% de Suprimir para {EffectParam1}s
2831,Suppression,Tem uma chance de {EffectParam2}% de Suprimir para {EffectParam1}s
2841,Suppression,Tem uma chance de {EffectParam2}% de Suprimir para {EffectParam1}s
2851,Suppression,Tem uma chance de {EffectParam2}% de Suprimir para {EffectParam1}s
2861,Suppression,Tem uma chance de {EffectParam2}% de Suprimir para {EffectParam1}s
2871,Suppression,Tem uma chance de {EffectParam2}% de Suprimir para {EffectParam1}s
2881,Suppression,Tem uma chance de {EffectParam2}% de Suprimir para {EffectParam1}s
2891,Suppression,Tem uma chance de {EffectParam2}% de Suprimir para {EffectParam1}s
2901,Suppression,Tem uma chance de {EffectParam2}% de Suprimir para {EffectParam1}s
2911,Suppression,Tem uma chance de {EffectParam2}% de Suprimir para {EffectParam1}s
2921,Suppression,Tem uma chance de {EffectParam2}% de Suprimir para {EffectParam1}s
2931,Suppression,Tem uma chance de {EffectParam2}% de Suprimir para {EffectParam1}s
2941,Suppression,Tem uma chance de {EffectParam2}% de Suprimir para {EffectParam1}s
2951,Suppression,Tem uma chance de {EffectParam2}% de Suprimir para {EffectParam1}s
2961,Suppression,Tem uma chance de {EffectParam2}% de Suprimir para {EffectParam1}s
2971,Suppression,Tem uma chance de {EffectParam2}% de Suprimir para {EffectParam1}s
2981,Suppression,Tem uma chance de {EffectParam2}% de Suprimir para {EffectParam1}s
2991,Suppression,Tem uma chance de {EffectParam2}% de Suprimir para {EffectParam1}s
3001,Suppression,Tem uma chance de {EffectParam2}% de Suprimir para {EffectParam1}s
3011,Knock Back,tem uma chance de {EffectParam2}% de derrubar
3021,Knock Back,tem uma chance de {EffectParam2}% de derrubar
3031,Knock Back,tem uma chance de {EffectParam2}% de derrubar
3041,Knock Back,tem uma chance de {EffectParam2}% de derrubar
3051,Knock Back,tem uma chance de {EffectParam2}% de derrubar
3061,Knock Back,tem uma chance de {EffectParam2}% de derrubar
3071,Knock Back,tem uma chance de {EffectParam2}% de derrubar
3081,Knock Back,tem uma chance de {EffectParam2}% de derrubar
3091,Knock Back,tem uma chance de {EffectParam2}% de derrubar
3101,Knock Back,tem uma chance de {EffectParam2}% de derrubar
3111,Knock Back,tem uma chance de {EffectParam2}% de derrubar
3121,Knock Back,tem uma chance de {EffectParam2}% de derrubar
3131,Knock Back,tem uma chance de {EffectParam2}% de derrubar
3141,Knock Back,tem uma chance de {EffectParam2}% de derrubar
3151,Knock Back,tem uma chance de {EffectParam2}% de derrubar
3161,Knock Back,tem uma chance de {EffectParam2}% de derrubar
3171,Knock Back,tem uma chance de {EffectParam2}% de derrubar
3181,Knock Back,tem uma chance de {EffectParam2}% de derrubar
3191,Knock Back,tem uma chance de {EffectParam2}% de derrubar
3201,Knock Back,tem uma chance de {EffectParam2}% de derrubar
3211,Knock Back,tem uma chance de {EffectParam2}% de derrubar
3221,Knock Back,tem uma chance de {EffectParam2}% de derrubar
3231,Knock Back,tem uma chance de {EffectParam2}% de derrubar
3241,Knock Back,tem uma chance de {EffectParam2}% de derrubar
3251,Knock Back,tem uma chance de {EffectParam2}% de derrubar
3261,Knock Back,tem uma chance de {EffectParam2}% de derrubar
3271,Knock Back,tem uma chance de {EffectParam2}% de derrubar
3281,Knock Back,tem uma chance de {EffectParam2}% de derrubar
3291,Knock Back,tem uma chance de {EffectParam2}% de derrubar
3301,Knock Back,tem uma chance de {EffectParam2}% de derrubar
3311,Knock Back,tem uma chance de {EffectParam2}% de derrubar
3321,Knock Back,tem uma chance de {EffectParam2}% de derrubar
3331,Knock Back,tem uma chance de {EffectParam2}% de derrubar
3341,Knock Back,tem uma chance de {EffectParam2}% de derrubar
3351,Knock Back,tem uma chance de {EffectParam2}% de derrubar
3361,Knock Back,tem uma chance de {EffectParam2}% de derrubar
3371,Knock Back,tem uma chance de {EffectParam2}% de derrubar
3381,Knock Back,tem uma chance de {EffectParam2}% de derrubar
3391,Knock Back,tem uma chance de {EffectParam2}% de derrubar
3401,Knock Back,tem uma chance de {EffectParam2}% de derrubar
3411,Knock Back,tem uma chance de {EffectParam2}% de derrubar
3421,Knock Back,tem uma chance de {EffectParam2}% de derrubar
3431,Knock Back,tem uma chance de {EffectParam2}% de derrubar
3441,Knock Back,tem uma chance de {EffectParam2}% de derrubar
3451,Knock Back,tem uma chance de {EffectParam2}% de derrubar
3461,Knock Back,tem uma chance de {EffectParam2}% de derrubar
3471,Knock Back,tem uma chance de {EffectParam2}% de derrubar
3481,Knock Back,tem uma chance de {EffectParam2}% de derrubar
3491,Knock Back,tem uma chance de {EffectParam2}% de derrubar
3501,Knock Back,tem uma chance de {EffectParam2}% de derrubar
3511,Shock,Tem uma chance {EffectParam2}% de causar choque para {EffectParam1}s
3521,Shock,Tem uma chance {EffectParam2}% de causar choque para {EffectParam1}s
3531,Shock,Tem uma chance {EffectParam2}% de causar choque para {EffectParam1}s
3541,Shock,Tem uma chance {EffectParam2}% de causar choque para {EffectParam1}s
3551,Shock,Tem uma chance {EffectParam2}% de causar choque para {EffectParam1}s
3561,Shock,Tem uma chance {EffectParam2}% de causar choque para {EffectParam1}s
3571,Shock,Tem uma chance {EffectParam2}% de causar choque para {EffectParam1}s
3581,Shock,Tem uma chance {EffectParam2}% de causar choque para {EffectParam1}s
3591,Shock,Tem uma chance {EffectParam2}% de causar choque para {EffectParam1}s
3601,Shock,Tem uma chance {EffectParam2}% de causar choque para {EffectParam1}s
3611,Shock,Tem uma chance {EffectParam2}% de causar choque para {EffectParam1}s
3621,Shock,Tem uma chance {EffectParam2}% de causar choque para {EffectParam1}s
3631,Shock,Tem uma chance {EffectParam2}% de causar choque para {EffectParam1}s
3641,Shock,Tem uma chance {EffectParam2}% de causar choque para {EffectParam1}s
3651,Shock,Tem uma chance {EffectParam2}% de causar choque para {EffectParam1}s
3661,Shock,Tem uma chance {EffectParam2}% de causar choque para {EffectParam1}s
3671,Shock,Tem uma chance {EffectParam2}% de causar choque para {EffectParam1}s
3681,Shock,Tem uma chance {EffectParam2}% de causar choque para {EffectParam1}s
3691,Shock,Tem uma chance {EffectParam2}% de causar choque para {EffectParam1}s
3711,Shock,Tem uma chance {EffectParam2}% de causar choque para {EffectParam1}s
3721,Shock,Tem uma chance {EffectParam2}% de causar choque para {EffectParam1}s
3731,Shock,Tem uma chance {EffectParam2}% de causar choque para {EffectParam1}s
3741,Shock,Tem uma chance {EffectParam2}% de causar choque para {EffectParam1}s
3751,Shock,Tem uma chance {EffectParam2}% de causar choque para {EffectParam1}s
3761,Shock,Tem uma chance {EffectParam2}% de causar choque para {EffectParam1}s
3771,Shock,Tem uma chance {EffectParam2}% de causar choque para {EffectParam1}s
3781,Shock,Tem uma chance {EffectParam2}% de causar choque para {EffectParam1}s
3791,Shock,Tem uma chance {EffectParam2}% de causar choque para {EffectParam1}s
3811,Shock,Tem uma chance {EffectParam2}% de causar choque para {EffectParam1}s
3821,Shock,Tem uma chance {EffectParam2}% de causar choque para {EffectParam1}s
3831,Shock,Tem uma chance {EffectParam2}% de causar choque para {EffectParam1}s
3841,Shock,Tem uma chance {EffectParam2}% de causar choque para {EffectParam1}s
3851,Shock,Tem uma chance {EffectParam2}% de causar choque para {EffectParam1}s
3861,Shock,Tem uma chance {EffectParam2}% de causar choque para {EffectParam1}s
3871,Shock,Tem uma chance {EffectParam2}% de causar choque para {EffectParam1}s
3881,Shock,Tem uma chance {EffectParam2}% de causar choque para {EffectParam1}s
3891,Shock,Tem uma chance {EffectParam2}% de causar choque para {EffectParam1}s
3911,Shock,Tem uma chance {EffectParam2}% de causar choque para {EffectParam1}s
3921,Shock,Tem uma chance {EffectParam2}% de causar choque para {EffectParam1}s
3931,Shock,Tem uma chance {EffectParam2}% de causar choque para {EffectParam1}s
3941,Shock,Tem uma chance {EffectParam2}% de causar choque para {EffectParam1}s
3951,Shock,Tem uma chance {EffectParam2}% de causar choque para {EffectParam1}s
3961,Shock,Tem uma chance {EffectParam2}% de causar choque para {EffectParam1}s
3971,Shock,Tem uma chance {EffectParam2}% de causar choque para {EffectParam1}s
3981,Shock,Tem uma chance {EffectParam2}% de causar choque para {EffectParam1}s
3991,Shock,Tem uma chance {EffectParam2}% de causar choque para {EffectParam1}s
5011,Bind,tem uma chance de {EffectParam2}% de vincular para {EffectParam1}s
5021,Bind,tem uma chance de {EffectParam2}% de vincular para {EffectParam1}s
5031,Bind,tem uma chance de {EffectParam2}% de vincular para {EffectParam1}s
5041,Bind,tem uma chance de {EffectParam2}% de vincular para {EffectParam1}s
5051,Bind,tem uma chance de {EffectParam2}% de vincular para {EffectParam1}s
5061,Bind,tem uma chance de {EffectParam2}% de vincular para {EffectParam1}s
5071,Bind,tem uma chance de {EffectParam2}% de vincular para {EffectParam1}s
5081,Bind,tem uma chance de {EffectParam2}% de vincular para {EffectParam1}s
5091,Bind,tem uma chance de {EffectParam2}% de vincular para {EffectParam1}s
5101,Bind,tem uma chance de {EffectParam2}% de vincular para {EffectParam1}s
5111,Bind,tem uma chance de {EffectParam2}% de vincular para {EffectParam1}s
5121,Bind,tem uma chance de {EffectParam2}% de vincular para {EffectParam1}s
5131,Bind,tem uma chance de {EffectParam2}% de vincular para {EffectParam1}s
5141,Bind,tem uma chance de {EffectParam2}% de vincular para {EffectParam1}s
5151,Bind,tem uma chance de {EffectParam2}% de vincular para {EffectParam1}s
5161,Bind,tem uma chance de {EffectParam2}% de vincular para {EffectParam1}s
5171,Bind,tem uma chance de {EffectParam2}% de vincular para {EffectParam1}s
5181,Bind,tem uma chance de {EffectParam2}% de vincular para {EffectParam1}s
5191,Bind,tem uma chance de {EffectParam2}% de vincular para {EffectParam1}s
5201,Bind,tem uma chance de {EffectParam2}% de vincular para {EffectParam1}s
5211,Bind,tem uma chance de {EffectParam2}% de vincular para {EffectParam1}s
5221,Bind,tem uma chance de {EffectParam2}% de vincular para {EffectParam1}s
5231,Bind,tem uma chance de {EffectParam2}% de vincular para {EffectParam1}s
5241,Bind,tem uma chance de {EffectParam2}% de vincular para {EffectParam1}s
5251,Bind,tem uma chance de {EffectParam2}% de vincular para {EffectParam1}s
5261,Bind,tem uma chance de {EffectParam2}% de vincular para {EffectParam1}s
5271,Bind,tem uma chance de {EffectParam2}% de vincular para {EffectParam1}s
5281,Bind,tem uma chance de {EffectParam2}% de vincular para {EffectParam1}s
5291,Bind,tem uma chance de {EffectParam2}% de vincular para {EffectParam1}s
5301,Bind,tem uma chance de {EffectParam2}% de vincular para {EffectParam1}s
5311,Bind,tem uma chance de {EffectParam2}% de vincular para {EffectParam1}s
5321,Bind,tem uma chance de {EffectParam2}% de vincular para {EffectParam1}s
5331,Bind,tem uma chance de {EffectParam2}% de vincular para {EffectParam1}s
5341,Bind,tem uma chance de {EffectParam2}% de vincular para {EffectParam1}s
5351,Bind,tem uma chance de {EffectParam2}% de vincular para {EffectParam1}s
5361,Bind,tem uma chance de {EffectParam2}% de vincular para {EffectParam1}s
5371,Bind,tem uma chance de {EffectParam2}% de vincular para {EffectParam1}s
5381,Bind,tem uma chance de {EffectParam2}% de vincular para {EffectParam1}s
5391,Bind,tem uma chance de {EffectParam2}% de vincular para {EffectParam1}s
5401,Bind,tem uma chance de {EffectParam2}% de vincular para {EffectParam1}s
5411,Bind,tem uma chance de {EffectParam2}% de vincular para {EffectParam1}s
5421,Bind,tem uma chance de {EffectParam2}% de vincular para {EffectParam1}s
5431,Bind,tem uma chance de {EffectParam2}% de vincular para {EffectParam1}s
5441,Bind,tem uma chance de {EffectParam2}% de vincular para {EffectParam1}s
5451,Bind,tem uma chance de {EffectParam2}% de vincular para {EffectParam1}s
5461,Bind,tem uma chance de {EffectParam2}% de vincular para {EffectParam1}s
5471,Bind,tem uma chance de {EffectParam2}% de vincular para {EffectParam1}s
5481,Bind,tem uma chance de {EffectParam2}% de vincular para {EffectParam1}s
5491,Bind,tem uma chance de {EffectParam2}% de vincular para {EffectParam1}s
5501,Bind,tem uma chance de {EffectParam2}% de vincular para {EffectParam1}s
5511,Silence,Tem uma chance {EffectParam2}% de silenciar para {EffectParam1}s
5521,Silence,Tem uma chance {EffectParam2}% de silenciar para {EffectParam1}s
5531,Silence,Tem uma chance {EffectParam2}% de silenciar para {EffectParam1}s
5541,Silence,Tem uma chance {EffectParam2}% de silenciar para {EffectParam1}s
5551,Silence,Tem uma chance {EffectParam2}% de silenciar para {EffectParam1}s
5561,Silence,Tem uma chance {EffectParam2}% de silenciar para {EffectParam1}s
5571,Silence,Tem uma chance {EffectParam2}% de silenciar para {EffectParam1}s
5581,Silence,Tem uma chance {EffectParam2}% de silenciar para {EffectParam1}s
5591,Silence,Tem uma chance {EffectParam2}% de silenciar para {EffectParam1}s
5601,Silence,Tem uma chance {EffectParam2}% de silenciar para {EffectParam1}s
5611,Silence,Tem uma chance {EffectParam2}% de silenciar para {EffectParam1}s
5621,Silence,Tem uma chance {EffectParam2}% de silenciar para {EffectParam1}s
5631,Silence,Tem uma chance {EffectParam2}% de silenciar para {EffectParam1}s
5641,Silence,Tem uma chance {EffectParam2}% de silenciar para {EffectParam1}s
5651,Silence,Tem uma chance {EffectParam2}% de silenciar para {EffectParam1}s
5661,Silence,Tem uma chance {EffectParam2}% de silenciar para {EffectParam1}s
5671,Silence,Tem uma chance {EffectParam2}% de silenciar para {EffectParam1}s
5681,Silence,Tem uma chance {EffectParam2}% de silenciar para {EffectParam1}s
5691,Silence,Tem uma chance {EffectParam2}% de silenciar para {EffectParam1}s
5701,Silence,Tem uma chance {EffectParam2}% de silenciar para {EffectParam1}s
5711,Silence,Tem uma chance {EffectParam2}% de silenciar para {EffectParam1}s
5721,Silence,Tem uma chance {EffectParam2}% de silenciar para {EffectParam1}s
5731,Silence,Tem uma chance {EffectParam2}% de silenciar para {EffectParam1}s
5741,Silence,Tem uma chance {EffectParam2}% de silenciar para {EffectParam1}s
5751,Silence,Tem uma chance {EffectParam2}% de silenciar para {EffectParam1}s
5761,Silence,Tem uma chance {EffectParam2}% de silenciar para {EffectParam1}s
5771,Silence,Tem uma chance {EffectParam2}% de silenciar para {EffectParam1}s
5781,Silence,Tem uma chance {EffectParam2}% de silenciar para {EffectParam1}s
5791,Silence,Tem uma chance {EffectParam2}% de silenciar para {EffectParam1}s
5801,Silence,Tem uma chance {EffectParam2}% de silenciar para {EffectParam1}s
5811,Silence,Tem uma chance {EffectParam2}% de silenciar para {EffectParam1}s
5821,Silence,Tem uma chance {EffectParam2}% de silenciar para {EffectParam1}s
5831,Silence,Tem uma chance {EffectParam2}% de silenciar para {EffectParam1}s
5841,Silence,Tem uma chance {EffectParam2}% de silenciar para {EffectParam1}s
5851,Silence,Tem uma chance {EffectParam2}% de silenciar para {EffectParam1}s
5861,Silence,Tem uma chance {EffectParam2}% de silenciar para {EffectParam1}s
5871,Silence,Tem uma chance {EffectParam2}% de silenciar para {EffectParam1}s
5881,Silence,Tem uma chance {EffectParam2}% de silenciar para {EffectParam1}s
5891,Silence,Tem uma chance {EffectParam2}% de silenciar para {EffectParam1}s
5901,Silence,Tem uma chance {EffectParam2}% de silenciar para {EffectParam1}s
5911,Silence,Tem uma chance {EffectParam2}% de silenciar para {EffectParam1}s
5921,Silence,Tem uma chance {EffectParam2}% de silenciar para {EffectParam1}s
5931,Silence,Tem uma chance {EffectParam2}% de silenciar para {EffectParam1}s
5941,Silence,Tem uma chance {EffectParam2}% de silenciar para {EffectParam1}s
5951,Silence,Tem uma chance {EffectParam2}% de silenciar para {EffectParam1}s
5961,Silence,Tem uma chance {EffectParam2}% de silenciar para {EffectParam1}s
5971,Silence,Tem uma chance {EffectParam2}% de silenciar para {EffectParam1}s
5981,Silence,Tem uma chance {EffectParam2}% de silenciar para {EffectParam1}s
5991,Silence,Tem uma chance {EffectParam2}% de silenciar para {EffectParam1}s
6001,Silence,Tem uma chance {EffectParam2}% de silenciar para {EffectParam1}s
6011,Blind,tem uma chance de {EffectParam2}% de cegar para {EffectParam1}s
6021,Blind,tem uma chance de {EffectParam2}% de cegar para {EffectParam1}s
6031,Blind,tem uma chance de {EffectParam2}% de cegar para {EffectParam1}s
6041,Blind,tem uma chance de {EffectParam2}% de cegar para {EffectParam1}s
6051,Blind,tem uma chance de {EffectParam2}% de cegar para {EffectParam1}s
6061,Blind,tem uma chance de {EffectParam2}% de cegar para {EffectParam1}s
6071,Blind,tem uma chance de {EffectParam2}% de cegar para {EffectParam1}s
6081,Blind,tem uma chance de {EffectParam2}% de cegar para {EffectParam1}s
6091,Blind,tem uma chance de {EffectParam2}% de cegar para {EffectParam1}s
6101,Blind,tem uma chance de {EffectParam2}% de cegar para {EffectParam1}s
6111,Blind,tem uma chance de {EffectParam2}% de cegar para {EffectParam1}s
6121,Blind,tem uma chance de {EffectParam2}% de cegar para {EffectParam1}s
6131,Blind,tem uma chance de {EffectParam2}% de cegar para {EffectParam1}s
6141,Blind,tem uma chance de {EffectParam2}% de cegar para {EffectParam1}s
6151,Blind,tem uma chance de {EffectParam2}% de cegar para {EffectParam1}s
6161,Blind,tem uma chance de {EffectParam2}% de cegar para {EffectParam1}s
6171,Blind,tem uma chance de {EffectParam2}% de cegar para {EffectParam1}s
6181,Blind,tem uma chance de {EffectParam2}% de cegar para {EffectParam1}s
6191,Blind,tem uma chance de {EffectParam2}% de cegar para {EffectParam1}s
6201,Blind,tem uma chance de {EffectParam2}% de cegar para {EffectParam1}s
6211,Blind,tem uma chance de {EffectParam2}% de cegar para {EffectParam1}s
6221,Blind,tem uma chance de {EffectParam2}% de cegar para {EffectParam1}s
6231,Blind,tem uma chance de {EffectParam2}% de cegar para {EffectParam1}s
6241,Blind,tem uma chance de {EffectParam2}% de cegar para {EffectParam1}s
6251,Blind,tem uma chance de {EffectParam2}% de cegar para {EffectParam1}s
6261,Blind,tem uma chance de {EffectParam2}% de cegar para {EffectParam1}s
6271,Blind,tem uma chance de {EffectParam2}% de cegar para {EffectParam1}s
6281,Blind,tem uma chance de {EffectParam2}% de cegar para {EffectParam1}s
6291,Blind,tem uma chance de {EffectParam2}% de cegar para {EffectParam1}s
6301,Blind,tem uma chance de {EffectParam2}% de cegar para {EffectParam1}s
6311,Blind,tem uma chance de {EffectParam2}% de cegar para {EffectParam1}s
6321,Blind,tem uma chance de {EffectParam2}% de cegar para {EffectParam1}s
6331,Blind,tem uma chance de {EffectParam2}% de cegar para {EffectParam1}s
6341,Blind,tem uma chance de {EffectParam2}% de cegar para {EffectParam1}s
6351,Blind,tem uma chance de {EffectParam2}% de cegar para {EffectParam1}s
6361,Blind,tem uma chance de {EffectParam2}% de cegar para {EffectParam1}s
6371,Blind,tem uma chance de {EffectParam2}% de cegar para {EffectParam1}s
6381,Blind,tem uma chance de {EffectParam2}% de cegar para {EffectParam1}s
6391,Blind,tem uma chance de {EffectParam2}% de cegar para {EffectParam1}s
6401,Blind,tem uma chance de {EffectParam2}% de cegar para {EffectParam1}s
6411,Blind,tem uma chance de {EffectParam2}% de cegar para {EffectParam1}s
6421,Blind,tem uma chance de {EffectParam2}% de cegar para {EffectParam1}s
6431,Blind,tem uma chance de {EffectParam2}% de cegar para {EffectParam1}s
6441,Blind,tem uma chance de {EffectParam2}% de cegar para {EffectParam1}s
6451,Blind,tem uma chance de {EffectParam2}% de cegar para {EffectParam1}s
6461,Blind,tem uma chance de {EffectParam2}% de cegar para {EffectParam1}s
6471,Blind,tem uma chance de {EffectParam2}% de cegar para {EffectParam1}s
6481,Blind,tem uma chance de {EffectParam2}% de cegar para {EffectParam1}s
6491,Blind,tem uma chance de {EffectParam2}% de cegar para {EffectParam1}s
6501,Blind,tem uma chance de {EffectParam2}% de cegar para {EffectParam1}s
6511,Freeze,Tem {EffectParam2}% chance de congelar para {EffectParam1}s
6521,Freeze,Tem {EffectParam2}% chance de congelar para {EffectParam1}s
6531,Freeze,Tem {EffectParam2}% chance de congelar para {EffectParam1}s
6541,Freeze,Tem {EffectParam2}% chance de congelar para {EffectParam1}s
6551,Freeze,Tem {EffectParam2}% chance de congelar para {EffectParam1}s
6561,Freeze,Tem {EffectParam2}% chance de congelar para {EffectParam1}s
6571,Freeze,Tem {EffectParam2}% chance de congelar para {EffectParam1}s
6581,Freeze,Tem {EffectParam2}% chance de congelar para {EffectParam1}s
6591,Freeze,Tem {EffectParam2}% chance de congelar para {EffectParam1}s
6601,Freeze,Tem {EffectParam2}% chance de congelar para {EffectParam1}s
6611,Freeze,Tem {EffectParam2}% chance de congelar para {EffectParam1}s
6621,Freeze,Tem {EffectParam2}% chance de congelar para {EffectParam1}s
6631,Freeze,Tem {EffectParam2}% chance de congelar para {EffectParam1}s
6641,Freeze,Tem {EffectParam2}% chance de congelar para {EffectParam1}s
6651,Freeze,Tem {EffectParam2}% chance de congelar para {EffectParam1}s
6661,Freeze,Tem {EffectParam2}% chance de congelar para {EffectParam1}s
6671,Freeze,Tem {EffectParam2}% chance de congelar para {EffectParam1}s
6681,Freeze,Tem {EffectParam2}% chance de congelar para {EffectParam1}s
6691,Freeze,Tem {EffectParam2}% chance de congelar para {EffectParam1}s
6701,Freeze,Tem {EffectParam2}% chance de congelar para {EffectParam1}s
6711,Freeze,Tem {EffectParam2}% chance de congelar para {EffectParam1}s
6721,Freeze,Tem {EffectParam2}% chance de congelar para {EffectParam1}s
6731,Freeze,Tem {EffectParam2}% chance de congelar para {EffectParam1}s
6741,Freeze,Tem {EffectParam2}% chance de congelar para {EffectParam1}s
6751,Freeze,Tem {EffectParam2}% chance de congelar para {EffectParam1}s
6761,Freeze,Tem {EffectParam2}% chance de congelar para {EffectParam1}s
6771,Freeze,Tem {EffectParam2}% chance de congelar para {EffectParam1}s
6781,Freeze,Tem {EffectParam2}% chance de congelar para {EffectParam1}s
6791,Freeze,Tem {EffectParam2}% chance de congelar para {EffectParam1}s
6801,Freeze,Tem {EffectParam2}% chance de congelar para {EffectParam1}s
6811,Freeze,Tem {EffectParam2}% chance de congelar para {EffectParam1}s
6821,Freeze,Tem {EffectParam2}% chance de congelar para {EffectParam1}s
6831,Freeze,Tem {EffectParam2}% chance de congelar para {EffectParam1}s
6841,Freeze,Tem {EffectParam2}% chance de congelar para {EffectParam1}s
6851,Freeze,Tem {EffectParam2}% chance de congelar para {EffectParam1}s
6861,Freeze,Tem {EffectParam2}% chance de congelar para {EffectParam1}s
6871,Freeze,Tem {EffectParam2}% chance de congelar para {EffectParam1}s
6881,Freeze,Tem {EffectParam2}% chance de congelar para {EffectParam1}s
6891,Freeze,Tem {EffectParam2}% chance de congelar para {EffectParam1}s
6901,Freeze,Tem {EffectParam2}% chance de congelar para {EffectParam1}s
6911,Freeze,Tem {EffectParam2}% chance de congelar para {EffectParam1}s
6921,Freeze,Tem {EffectParam2}% chance de congelar para {EffectParam1}s
6931,Freeze,Tem {EffectParam2}% chance de congelar para {EffectParam1}s
6941,Freeze,Tem {EffectParam2}% chance de congelar para {EffectParam1}s
6951,Freeze,Tem {EffectParam2}% chance de congelar para {EffectParam1}s
6961,Freeze,Tem {EffectParam2}% chance de congelar para {EffectParam1}s
6971,Freeze,Tem {EffectParam2}% chance de congelar para {EffectParam1}s
6981,Freeze,Tem {EffectParam2}% chance de congelar para {EffectParam1}s
6991,Freeze,Tem {EffectParam2}% chance de congelar para {EffectParam1}s
7001,Freeze,Tem {EffectParam2}% chance de congelar para {EffectParam1}s
7011,Provoke,Tem uma chance de {EffectParam2}% de Provocação para {EffectParam1}s
7021,Provoke,Tem uma chance de {EffectParam2}% de Provocação para {EffectParam1}s
7031,Provoke,Tem uma chance de {EffectParam2}% de Provocação para {EffectParam1}s
7041,Provoke,Tem uma chance de {EffectParam2}% de Provocação para {EffectParam1}s
7051,Provoke,Tem uma chance de {EffectParam2}% de Provocação para {EffectParam1}s
7061,Provoke,Tem uma chance de {EffectParam2}% de Provocação para {EffectParam1}s
7071,Provoke,Tem uma chance de {EffectParam2}% de Provocação para {EffectParam1}s
7081,Provoke,Tem uma chance de {EffectParam2}% de Provocação para {EffectParam1}s
7091,Provoke,Tem uma chance de {EffectParam2}% de Provocação para {EffectParam1}s
7101,Provoke,Tem uma chance de {EffectParam2}% de Provocação para {EffectParam1}s
7111,Provoke,Tem uma chance de {EffectParam2}% de Provocação para {EffectParam1}s
7121,Provoke,Tem uma chance de {EffectParam2}% de Provocação para {EffectParam1}s
7131,Provoke,Tem uma chance de {EffectParam2}% de Provocação para {EffectParam1}s
7141,Provoke,Tem uma chance de {EffectParam2}% de Provocação para {EffectParam1}s
7151,Provoke,Tem uma chance de {EffectParam2}% de Provocação para {EffectParam1}s
7161,Provoke,Tem uma chance de {EffectParam2}% de Provocação para {EffectParam1}s
7171,Provoke,Tem uma chance de {EffectParam2}% de Provocação para {EffectParam1}s
7181,Provoke,Tem uma chance de {EffectParam2}% de Provocação para {EffectParam1}s
7191,Provoke,Tem uma chance de {EffectParam2}% de Provocação para {EffectParam1}s
7201,Provoke,Tem uma chance de {EffectParam2}% de Provocação para {EffectParam1}s
7211,Provoke,Tem uma chance de {EffectParam2}% de Provocação para {EffectParam1}s
7221,Provoke,Tem uma chance de {EffectParam2}% de Provocação para {EffectParam1}s
7231,Provoke,Tem uma chance de {EffectParam2}% de Provocação para {EffectParam1}s
7241,Provoke,Tem uma chance de {EffectParam2}% de Provocação para {EffectParam1}s
7251,Provoke,Tem uma chance de {EffectParam2}% de Provocação para {EffectParam1}s
7261,Provoke,Tem uma chance de {EffectParam2}% de Provocação para {EffectParam1}s
7271,Provoke,Tem uma chance de {EffectParam2}% de Provocação para {EffectParam1}s
7281,Provoke,Tem uma chance de {EffectParam2}% de Provocação para {EffectParam1}s
7291,Provoke,Tem uma chance de {EffectParam2}% de Provocação para {EffectParam1}s
7301,Provoke,Tem uma chance de {EffectParam2}% de Provocação para {EffectParam1}s
7311,Provoke,Tem uma chance de {EffectParam2}% de Provocação para {EffectParam1}s
7321,Provoke,Tem uma chance de {EffectParam2}% de Provocação para {EffectParam1}s
7331,Provoke,Tem uma chance de {EffectParam2}% de Provocação para {EffectParam1}s
7341,Provoke,Tem uma chance de {EffectParam2}% de Provocação para {EffectParam1}s
7351,Provoke,Tem uma chance de {EffectParam2}% de Provocação para {EffectParam1}s
7361,Provoke,Tem uma chance de {EffectParam2}% de Provocação para {EffectParam1}s
7371,Provoke,Tem uma chance de {EffectParam2}% de Provocação para {EffectParam1}s
7381,Provoke,Tem uma chance de {EffectParam2}% de Provocação para {EffectParam1}s
7391,Provoke,Tem uma chance de {EffectParam2}% de Provocação para {EffectParam1}s
7401,Provoke,Tem uma chance de {EffectParam2}% de Provocação para {EffectParam1}s
7411,Provoke,Tem uma chance de {EffectParam2}% de Provocação para {EffectParam1}s
7421,Provoke,Tem uma chance de {EffectParam2}% de Provocação para {EffectParam1}s
7431,Provoke,Tem uma chance de {EffectParam2}% de Provocação para {EffectParam1}s
7441,Provoke,Tem uma chance de {EffectParam2}% de Provocação para {EffectParam1}s
7451,Provoke,Tem uma chance de {EffectParam2}% de Provocação para {EffectParam1}s
7461,Provoke,Tem uma chance de {EffectParam2}% de Provocação para {EffectParam1}s
7471,Provoke,Tem uma chance de {EffectParam2}% de Provocação para {EffectParam1}s
7481,Provoke,Tem uma chance de {EffectParam2}% de Provocação para {EffectParam1}s
7491,Provoke,Tem uma chance de {EffectParam2}% de Provocação para {EffectParam1}s
7501,Provoke,Tem uma chance de {EffectParam2}% de Provocação para {EffectParam1}s
7511,Mutation,Tem uma chance {EffectParam2}% de sofrer mutação para {EffectParam1}s
7521,Mutation,Tem uma chance {EffectParam2}% de sofrer mutação para {EffectParam1}s
7531,Mutation,Tem uma chance {EffectParam2}% de sofrer mutação para {EffectParam1}s
7541,Mutation,Tem uma chance {EffectParam2}% de sofrer mutação para {EffectParam1}s
7551,Mutation,Tem uma chance {EffectParam2}% de sofrer mutação para {EffectParam1}s
7561,Mutation,Tem uma chance {EffectParam2}% de sofrer mutação para {EffectParam1}s
7571,Mutation,Tem uma chance {EffectParam2}% de sofrer mutação para {EffectParam1}s
7581,Mutation,Tem uma chance {EffectParam2}% de sofrer mutação para {EffectParam1}s
7591,Mutation,Tem uma chance {EffectParam2}% de sofrer mutação para {EffectParam1}s
7601,Mutation,Tem uma chance {EffectParam2}% de sofrer mutação para {EffectParam1}s
8011,Mind Control,tem uma chance {EffectParam2}% de controle mental para {EffectParam1}s
8021,Mind Control,tem uma chance {EffectParam2}% de controle mental para {EffectParam1}s
8031,Mind Control,tem uma chance {EffectParam2}% de controle mental para {EffectParam1}s
8041,Mind Control,tem uma chance {EffectParam2}% de controle mental para {EffectParam1}s
8051,Mind Control,tem uma chance {EffectParam2}% de controle mental para {EffectParam1}s
8061,Mind Control,tem uma chance {EffectParam2}% de controle mental para {EffectParam1}s
8071,Mind Control,tem uma chance {EffectParam2}% de controle mental para {EffectParam1}s
8081,Mind Control,tem uma chance {EffectParam2}% de controle mental para {EffectParam1}s
8091,Mind Control,tem uma chance {EffectParam2}% de controle mental para {EffectParam1}s
8101,Mind Control,tem uma chance {EffectParam2}% de controle mental para {EffectParam1}s
8511,Fear,Tem {EffectParam2}% de chance de Temer por {EffectParam1}s
8521,Fear,Tem {EffectParam2}% de chance de Temer por {EffectParam1}s
8531,Fear,Tem {EffectParam2}% de chance de Temer por {EffectParam1}s
8541,Fear,Tem {EffectParam2}% de chance de Temer por {EffectParam1}s
8551,Fear,Tem {EffectParam2}% de chance de Temer por {EffectParam1}s
8561,Fear,Tem {EffectParam2}% de chance de Temer por {EffectParam1}s
8571,Fear,Tem {EffectParam2}% de chance de Temer por {EffectParam1}s
8581,Fear,Tem {EffectParam2}% de chance de Temer por {EffectParam1}s
8591,Fear,Tem {EffectParam2}% de chance de Temer por {EffectParam1}s
8601,Fear,Tem {EffectParam2}% de chance de Temer por {EffectParam1}s
10111,Slow,Tem uma chance de {EffectParam3}% de reduzir a Velocidade de Movimento do alvo em {EffectParam1}% para {EffectParam2}s
10211,Knock Down,Tem {EffectParam2}% de chance de derrubar o alvo por {EffectParam1}s
10311,Preparing for Battle,Aumenta o ataque em {EffectParam1} para {EffectParam2}s
10411,Bleed,Tem uma chance de {EffectParam3}% de causar {EffectParam1}% de poder como dano para {EffectParam2}s
10412,Protection Strike,Increases Defense em {EffectParam1} para {EffectParam2}s
11011,Stun,Tem {EffectParam2}% de chance de Atordoar {EffectParam1}s
14011011,Damage Increase,Aumenta o dano de skill em {EffectParam1}%
14011012,Reaching Surge,Aumenta a distância máxima de lançamento de skill em {EffectParam1}m
15011011,Damage Increase,Aumenta o dano de skill em {EffectParam1}%
15011012,Reaching Surge,Aumenta a distância máxima de lançamento de skill em {EffectParam1}m
15011013,Surge Shock,Reduz a defesa do alvo em {EffectParam1}
11111,Concentration,Aumenta a precisão em {EffectParam1} para {EffectParam2}s
14011111,Enhanced Focus,Aumenta a evasão em {EffectParam1}
15011111,Unshakable Focus,"Aumenta a evasão em {EffectParam1}
 Aumenta a precisão em {EffectParam2}%"
11211,Burn,Tem uma chance de {EffectParam3}% de causar {EffectParam1}% de poder como dano para {EffectParam2}s
11212,Slow,Tem uma chance de {EffectParam3}% de reduzir a Velocidade de Movimento do alvo em {EffectParam1}% para {EffectParam2}s
14011211,Damage Increase,Aumenta o dano de skill em {EffectParam1}%
14011212,Stun,Tem {EffectParam2}% de chance de Atordoar {EffectParam1}s
15011211,Damage Increase,Aumenta o dano de skill em {EffectParam1}%
15011212,Endless Rage,Aumenta a distância máxima de lançamento de skill em {EffectParam1}m
15011213,Stun,Tem {EffectParam2}% de chance de Atordoar {EffectParam1}s
12011,Bleed,Tem uma chance de {EffectParam3}% de causar {EffectParam1}% de poder como dano para {EffectParam2}s
14012011,Damage Increase,Aumenta o dano de skill em {EffectParam1}%
14012012,Slow,Tem uma chance de {EffectParam3}% de desacelerar os inimigos em {EffectParam1}% para {EffectParam2}s
15012011,Damage Increase,Aumenta o dano de skill em {EffectParam1}%
15012012,Slow,Tem uma chance de {EffectParam3}% de desacelerar os inimigos em {EffectParam1}% para {EffectParam2}s
15012013,Blade Split,"Aumenta a velocidade de lançamento de Skill em {EffectParam1}%
 Aumenta a contagem de alvos de Skill em {EffectParam2}"
12111,Physical Enhancement,Aumenta a velocidade de ataque em {EffectParam1}% para {EffectParam2}s
14012111,Enhanced Physique,"Aumenta o dano de ataque básico em {EffectParam1}%
(dobrado em PvE)"
15012111,Perfect Physique,"Aumenta o dano de ataque básico em {EffectParam1}%
(dobrado em PvE)
Aumenta Skill Dano em {EffectParam2}% 
 (dobrado em PvE)"
12511,Battle Momentum,Aumenta a Defesa em {EffectParam1} e reduz o dano recebido de Ataques Básicos em {EffectParam2}% para Membros do clã dentro da área (até 10 membros)
12512,Battle Terror,Reduz o ataque de inimigos dentro da área em {EffectParam1}
14012511,Slow,Retarda os inimigos dentro da área em {EffectParam1}%
15012511,Slow,Retarda os inimigos dentro da área em {EffectParam1}%
15012512,Battlefield Domination,"Aumenta Alcance de Skill em 2m
Tem uma chance de {EffectParam3}% de reduzir a velocidade de ataque dos inimigos dentro da área em {EffectParam1}% para {EffectParam2}s ao lançar (excluindo chefes)"
15012513,Reduces Critical Damage,Reduz Skill Dano de Acerto Crítico recebido pelo lançador em {EffectParam1}%
12611,Sword's Brand,"Para {EffectParam3}s,
aumenta o dano causado aos alvos com a Marca de Blade em {EffectParam2}%
Reduz o dano recebido de alvos com a Marca de Blade em {EffectParam1}%"
12612,Slow,Tem uma chance de {EffectParam3}% de desacelerar os inimigos em {EffectParam1}% para {EffectParam2}s
12613,Bleed,Tem uma chance de {EffectParam3}% de causar {EffectParam1}% de poder como dano para {EffectParam2}s
14012611,Mark’s Burden,"Aumenta a distância máxima de lançamento de Skill em {EffectParam3}m
Aumenta ainda mais o dano causado a alvos com a Marca de Blade em {EffectParam2}%
Reduz ainda mais o dano recebido de alvos com a Marca de Blade em {EffectParam1}%"
15012611,Oppressive Mark,"Aumenta a distância máxima de lançamento de Skill em {EffectParam3}m
Aumenta ainda mais o dano causado a alvos com a Marca de Blade em {EffectParam2}%
Reduz ainda mais o dano recebido de alvos com a Marca de Blade em {EffectParam1}%"
15012612,Bind,tem uma chance de {EffectParam2}% de vincular para {EffectParam1}s
15012613,Reduce Evasion Rate,Reduz a Taxa de Evasão de jogadores marcados com a Sword's Brand em {EffectParam1}%
13011,Suppression,Tem uma chance de {EffectParam2}% de Suprimir para {EffectParam1}s
13012,Destruction Focus,Reduz o dano recebido em {EffectParam1}% ao lançar skills
14013011,Damage Increase,Aumenta o dano de skill em {EffectParam1}%
14013012,Spreading Destruction,"Aumenta o alcance do dano de explosão em 2 m
 Aumenta o dano causado a alvos suprimidos em {EffectParam1}%"
15013011,Damage Increase,Aumenta o dano de skill em {EffectParam1}%
15013012,Spreading Destruction,"Aumenta o alcance do dano de explosão em 2 m
 Aumenta o dano causado a alvos suprimidos em {EffectParam1}%"
15013013,Stun,Tem um {EffectParam2}% de chance de atordoar alvos atingidos pela explosão para {EffectParam1}s
13111,Ironclad Rage,"Para {EffectParam4}s,
aumenta a chance crítica em {EffectParam1}%,
Velocidade de movimento em {EffectParam2}%,
e Skill Ataque por {EffectParam3}"
14013111,Keen Ironclad,"Aumenta o Ataque Básico em {EffectParam1}
 Aumenta o dano crítico do ataque básico em {EffectParam2}% 
 (dobrado em PvE)"
15013111,Fierce Ironclad,"Aumenta a velocidade de lançamento de Skill em {EffectParam1}%
Aumenta o ataque básico em {EffectParam2}
Aumenta o dano crítico do ataque básico em {EffectParam3}%
(dobrado em PvE)
Aumenta o dano crítico de Skill em {EffectParam4}%
(dobrado em PvE)"
13511,Chain,Tem 80% chance de puxar o alvo em direção ao lançador
14013511,Chain Extension,Aumenta a distância máxima de lançamento de skill em {EffectParam1}m
14013512,Bind,Tem uma chance {EffectParam2}% de vincular o alvo para {EffectParam1}s
14013513,Item Disabled,"Ao acertar, tem {EffectParam2}% de chance de desabilitar o uso de itens do alvo para {EffectParam1}s"
15013511,Chain Extension,Aumenta a distância máxima de lançamento de skill em {EffectParam1}m
15013512,Bind,Tem uma chance {EffectParam2}% de vincular o alvo para {EffectParam1}s
15013513,Item Disabled,"Ao acertar, tem {EffectParam2}% de chance de desabilitar o uso de itens do alvo para {EffectParam1}s"
13611,Provoke,Tem uma chance de {EffectParam2}% de Provocação para {EffectParam1}s
14013611,Leap Shock,Aumenta Alcance de Skill em 2m
14013612,Provoke,Tem uma chance de {EffectParam2}% de Provocação para {EffectParam1}s
15013611,Leap Shock,Aumenta Alcance de Skill em 2m
15013612,Provoke,Tem uma chance de {EffectParam2}% de Provocação para {EffectParam1}s
15013613,Perfect Landing,"Aumenta a velocidade de movimento em {EffectParam1}% para {EffectParam3}s após lançar uma habilidade
Reduz o dano recebido em {EffectParam2}% por {EffectParam3}s após lançar um skill"
14011,Knock Down,tem uma chance de {EffectParam2}% de derrubar para {EffectParam1}s
14012,Burn,Tem uma chance de {EffectParam3}% de causar {EffectParam1}% de poder como dano para {EffectParam2}s
14014011,Damage Increase,Aumenta o dano de skill em {EffectParam1}%
14014012,Extra Trajectory,Aumenta os alvos de múltiplas trajetórias em 1.
15014011,Damage Increase,Aumenta o dano de skill em {EffectParam1}%
15014012,Extra Trajectory,Aumenta os alvos de múltiplas trajetórias em 2.
15014013,Resonance of the Sword,Aumenta a resistência ao controle de multidão em {EffectParam1}% para {EffectParam2}s
14111,Fighting Spirit of the Overlord,"Para {EffectParam4} sec
Aumenta o dano de acerto crítico em {EffectParam1}%
Reduz o dano de Skill recebido por {EffectParam2}%
Aumenta a taxa de resistência a golpes críticos em {EffectParam3}"
14014111,Fighting Spirit of the Overlord,"Aumenta a taxa de resistência ao controle de multidão em {EffectParam1}%
Increases Defense em {EffectParam2}"
15014111,Fighting Spirit of the Overlord,"Aumenta a taxa de resistência ao controle de multidão em {EffectParam1}%
Increases Defense em {EffectParam2}
Aumenta o poder de ataque de ignorar em {EffectParam3}"
14511,Power of the Sword,80% de chance de puxar em direção ao centro
14512,Burn,Tem uma chance de {EffectParam3}% de causar {EffectParam1}% de poder como dano para {EffectParam2}s
14014511,Bind,tem uma chance de {EffectParam2}% de vincular para {EffectParam1}s
15014511,Bind,tem uma chance de {EffectParam2}% de vincular para {EffectParam1}s
15014512,Wound of the Greatsword,Reduz a chance de acerto do Crowd Control em {EffectParam1}% para {EffectParam2}s
14611,Protection of Steel,"Para {EffectParam4} sec
Reduz os danos recebidos por {EffectParam1}%
Aumenta a taxa de resistência a golpes críticos em {EffectParam2}%
Aumenta a taxa de resistência de maximização em {EffectParam3}%"
14014611,Protection of Steel,Aumenta a resistência ao controle de multidão Taxa em {EffectParam1}%
15014611,Protection of Steel,"Aumenta a taxa de resistência ao controle de multidão em {EffectParam1}%
Reduz Dano de acerto crítico recebido em {EffectParam2}%"
20011,Slow,Tem uma chance de {EffectParam3}% de desacelerar os inimigos em {EffectParam1}% para {EffectParam2}s
20111,Knock Down,tem uma chance de {EffectParam2}% de derrubar para {EffectParam1}s
20311,Preparing for Battle,Aumenta o ataque em {EffectParam1} para {EffectParam2}s
20411,Poison,Tem uma chance de {EffectParam3}% de causar {EffectParam1}% de poder como dano para {EffectParam2}s
20412,Mana Reverse,Cria {EffectParam1} Escudo para {EffectParam2}s
21011,Seal Explosion,"Enquanto o Selo estiver ativo, acertar o alvo {EffectParam1} vezes causa dano adicional"
21012,Stun,"Após a explosão, tem {EffectParam2}% de chance de atordoar {EffectParam1}s."
14021011,Damage Increase,Aumenta o dano de skill em {EffectParam1}%
14021012,Slow,Tem {EffectParam2}% de chance de Retardar alvos com o Selo em {EffectParam1}%
15021011,Damage Increase,Aumenta o dano de skill em {EffectParam1}%
15021012,Slow,Tem {EffectParam2}% de chance de Retardar alvos com o Selo em {EffectParam1}%
15021013,Seal Expansion,Expande o ataque de dano adicional em um alcance de 3m
21111,Concentration,Aumenta a precisão em {EffectParam1} para {EffectParam2}s
14021111,Enhanced Focus,Aumenta a evasão em {EffectParam1}
15021111,Unshakable Focus,"Aumenta a evasão em {EffectParam1}
 Aumenta a precisão em {EffectParam2}%"
21211,Freeze,Tem uma chance de {EffectParam3}% de causar {EffectParam1}% de poder como dano para {EffectParam2}s
14021211,Damage Increase,Aumenta o dano de skill em {EffectParam1}%
14021212,Knock Down,tem uma chance de {EffectParam2}% de derrubar para {EffectParam1}s
15021211,Damage Increase,Aumenta o dano de skill em {EffectParam1}%
15021212,Field of Thorns,"Aumenta o alcance de Skill em 1,5 m"
15021213,Knock Down,tem uma chance de {EffectParam2}% de derrubar para {EffectParam1}s
22011,Burn,Tem uma chance de {EffectParam3}% de causar {EffectParam1}% de poder como dano para {EffectParam2}s
14022011,Damage Increase,Aumenta o dano de skill em {EffectParam1}%
14022012,Slow,Tem uma chance de {EffectParam3}% de reduzir a Velocidade de Movimento do alvo em {EffectParam1}% para {EffectParam2}s
15022011,Damage Increase,Aumenta o dano de skill em {EffectParam1}%
15022012,Slow,Tem uma chance de {EffectParam3}% de reduzir a Velocidade de Movimento do alvo em {EffectParam1}% para {EffectParam2}s
15022013,Hellish Expansion,"Aumenta a contagem de destino de Skill em {EffectParam1}
Aumenta a duração de Skill em 2s"
22111,Physical Enhancement,Aumenta a velocidade de ataque em {EffectParam1}% para {EffectParam2}s
14022111,Enhanced Physique,"Aumenta o dano de ataque básico em {EffectParam1}%
(dobrado em PvE)"
15022111,Perfect Physique,"Aumenta o dano de ataque básico em {EffectParam1}%
(dobrado em PvE)
Aumenta Skill Dano em {EffectParam2}% 
 (dobrado em PvE)"
22511,Mana Shield,Cria {EffectParam1} Escudo para {EffectParam2}s
14022511,Protection Expansion,Aumenta o Escudo Mágico em {EffectParam1}%
15022511,Potent Protection,"Aumenta o Escudo Mágico em {EffectParam1}% 
 Aumenta o Dano em {EffectParam2}% enquanto o Escudo está ativo"
22611,Mana Circulation,"Para {EffectParam3}s,
reduz Skill Cooldown em {EffectParam1}%
e Custo de MP em {EffectParam2}%"
14022611,Extended Cycle,Estende a duração de Skill em {EffectParam1}s
15022611,Mana Reflux,"Aumenta a duração de Skill em {EffectParam1}s
 Aumenta a velocidade de lançamento em {EffectParam2}%"
23011,Stun,Tem {EffectParam2}% de chance de Atordoar {EffectParam1}s
14023011,Damage Increase,Aumenta o dano de skill em {EffectParam1}%
14023012,Space Expansion,Aumenta o alcance da explosão em 1 m
15023011,Damage Increase,Aumenta o dano de skill em {EffectParam1}%
15023012,Space Expansion,Aumenta o alcance da explosão em 1 m
15023013,Spatial Explosion,Cria uma zona na área de explosão. Inimigos na zona recebem {EffectParam1}% de dano aumentado
23111,High-Density Mana,"Para {EffectParam4}s,
aumenta a chance crítica em {EffectParam1}%,
Velocidade de lançamento em {EffectParam2}%, 
 e Skill Ataque por {EffectParam3}"
14023111,Pure Mana,"Aumenta o Ataque Básico em {EffectParam1}
 Aumenta o dano crítico do ataque básico em {EffectParam2}% 
 (dobrado em PvE)"
15023111,Hyper-dense Mana,"Aumenta a velocidade de movimento em {EffectParam1}%
 Aumenta o ataque básico em {EffectParam2}
Aumenta o dano crítico do ataque básico em {EffectParam3}%
(dobrado em PvE)
Aumenta o dano crítico de Skill em {EffectParam4}%
(dobrado em PvE)"
23511,Ice Shield,Increases Defense dos membros do grupo próximos ao pilar de gelo em {EffectParam1}
23512,Shock,Tem uma chance {EffectParam2}% de causar choque para {EffectParam1}s
23513,Freeze,Tem uma chance de {EffectParam3}% de causar {EffectParam1}% de poder como dano para {EffectParam2}s
14023511,Chill,Retarda os inimigos próximos ao pilar de gelo em {EffectParam1}% para {EffectParam2}s
14023512,Enduring Frost,Aumenta a duração do pilar de gelo em 2s
15023511,Blizzard,Retarda os inimigos próximos ao pilar de gelo em {EffectParam1}% para {EffectParam2}s
15023512,Enduring Blizzard,"Aumenta a duração do pilar de gelo em 4s
Aumenta a contagem de alvos do pilar de gelo em {EffectParam1}"
15023513,Shock,Aumenta a duração do choque em {EffectParam1}s
23611,Blessing,Reduz o dano recebido em {EffectParam1}% para {EffectParam2}s
14023611,Enhanced Protection,Aumenta a redução de danos em {EffectParam1}%
15023611,Perfect Protection,"Aumenta a redução de danos em {EffectParam1}%
 Aumenta a taxa de resistência ao controle de multidão em {EffectParam2}%"
24011,Stun,Tem {EffectParam2}% de chance de Atordoar {EffectParam1}s
24012,Freeze,Tem uma chance de {EffectParam3}% de causar {EffectParam1}% de poder como dano para {EffectParam2}s
14024011,Damage Increase,Aumenta o dano de skill em {EffectParam1}%
14024012,Endless Frost,Aumenta a duração de Skill em 1s
15024011,Damage Increase,Aumenta o dano de skill em {EffectParam1}%
15024012,Endless Frost,Aumenta a duração de Skill em 2s
15024013,Frost Hell,Reduces Damage Taken de inimigos dentro da área do Inferno Congelado em {EffectParam1}%
24111,Eternal Wisdom,"Para {EffectParam4} sec
Aumenta o dano de acerto crítico em {EffectParam1}%
Reduz Skill Dano recebido por {EffectParam2}%
Aumenta a Defesa em {EffectParam3}"
14024111,Eternal Wisdom,"Aumenta a taxa de resistência a ataques críticos em {EffectParam1}%
Aumenta a taxa de resistência a ataques críticos em {EffectParam2}"
15024111,Eternal Wisdom,"Aumenta a taxa de resistência ao controle de multidão em {EffectParam1}%
Aumenta a taxa de resistência a golpes críticos em {EffectParam2}
Aumenta o poder de ataque ignorado em {EffectParam3}"
24511,Shield,Cria {EffectParam1} Escudo para {EffectParam2}s
24512,Cradle of Mana,Aumenta a taxa de resistência ao controle de multidão em {EffectParam1}% enquanto o escudo está ativo
24513,Mana Detection,Remove a invisibilidade de alvos hostis dentro do alcance de Cradle of Mana
14024511,Cradle Enhancement,"Aumenta o alcance de Cradle of Mana em 5 m
Aumenta a resistência a controle de grupo em mais 10% enquanto o escudo estiver ativo"
14024512,Scan Enhancement,Aumenta a remoção furtiva alcance em 5m
15024511,Cradle Enhancement,"Aumenta o alcance de Cradle of Mana em 5 m
Aumenta a resistência a controle de grupo em mais 15% enquanto o escudo estiver ativo"
15024512,Scan Enhancement,Aumenta a remoção furtiva alcance em 5m
15024513,Mana’s Blessing,Aumenta o dano de ataque básico em {EffectParam1}% enquanto o escudo está ativo
24611,Element Overload,"Para {EffectParam4} sec
Aumenta a duração do Buff em {EffectParam1}%
Aumenta a taxa de resistência a acertos críticos em {EffectParam2}%
Aumenta a taxa de resistência à maximização em {EffectParam3}%"
14024611,Element Overload,Aumenta a resistência ao controle de multidão Taxa em {EffectParam1}%
15024611,Element Overload,"Aumenta a taxa de resistência ao controle de multidão em {EffectParam1}%
Reduz Dano de acerto crítico recebido em {EffectParam2}%"
30011,Slow,Tem uma chance de {EffectParam3}% de reduzir a Velocidade de Movimento do alvo em {EffectParam1}% para {EffectParam2}s
30211,Knock Down,tem uma chance de {EffectParam2}% de derrubar para {EffectParam1}s
30311,Preparing for Battle,Aumenta o ataque em {EffectParam1} para {EffectParam2}s
30411,HP Recovery,Recupera HP por {EffectParam1}
31011,Stun,Tem {EffectParam2}% de chance de Atordoar {EffectParam1}s
31012,Freeze,Tem uma chance de {EffectParam3}% de causar {EffectParam1}% de poder como dano para {EffectParam2}s
14031011,Damage Increase,Aumenta o dano de skill em {EffectParam1}%
14031012,Moonlight Glide,Aumenta a velocidade de movimento em {EffectParam1}% para {EffectParam2}s após lançar um skill
15031011,Damage Increase,Aumenta o dano de skill em {EffectParam1}%
15031012,Moonlight Glide,Aumenta a velocidade de movimento em {EffectParam1}% para {EffectParam2}s após lançar um skill
15031013,Dazzling Moonlight,"Reduz a defesa do alvo em {EffectParam1}
 Aumenta o dano recebido dos jogadores em {EffectParam2}%"
31111,Concentration,Aumenta a precisão em {EffectParam1} para {EffectParam2}s
14031111,Enhanced Focus,Aumenta a evasão em {EffectParam1}
15031111,Unshakable Focus,"Aumenta a evasão em {EffectParam1}
 Aumenta a precisão em {EffectParam2}%"
31211,Poison,Tem uma chance de {EffectParam3}% de causar {EffectParam1}% de poder como dano para {EffectParam2}s
14031211,Damage Increase,Aumenta o dano de skill em {EffectParam1}%
14031212,Knock Down,tem uma chance de {EffectParam2}% de derrubar para {EffectParam1}s
15031211,Damage Increase,Aumenta o dano de skill em {EffectParam1}%
15031212,Potent Wave,"Aumenta o alcance de Skill em 1,5 m"
15031213,Knock Down,tem uma chance de {EffectParam2}% de derrubar para {EffectParam1}s
32011,Slow,Tem uma chance de {EffectParam3}% de desacelerar alvos atingidos por {EffectParam1}% para {EffectParam2}s
14032011,Damage Increase,Aumenta o dano de skill em {EffectParam1}%
14032012,Silence,Tem uma chance {EffectParam2}% de silenciar para {EffectParam1}s
15032011,Damage Increase,Aumenta o dano de skill em {EffectParam1}%
15032012,Silence,Tem uma chance {EffectParam2}% de silenciar para {EffectParam1}s
15032013,Whirlwind,"Aumenta Intervalo Skill em {EffectParam1}m
 Aumenta a contagem de destino de Skill em {EffectParam2}"
32111,Physical Enhancement,Aumenta a velocidade de ataque em {EffectParam1}% para {EffectParam2}s
14032111,Enhanced Physique,"Aumenta o dano de ataque básico em {EffectParam1}%
(dobrado em PvE)"
15032111,Perfect Physique,"Aumenta o dano de ataque básico em {EffectParam1}%
(dobrado em PvE)
Aumenta Skill Dano em {EffectParam2}% 
 (dobrado em PvE)"
32511,HP Recovery,Recupera HP por {EffectParam1}
14032511,Potent Heal,Aumenta a quantidade de recuperação de cura Skill em {EffectParam1}%
15032511,Potent Heal,Aumenta a quantidade de recuperação de cura Skill em {EffectParam1}%
15032512,Endless Heal,Aumenta a distância máxima de lançamento de skill em {EffectParam1}m
32611,Purify,"Remove 5 debuffs
Recupera o HP do alvo em {EffectParam1}"
32612,Aura of Recovery,Aumenta a cura de HP recebida pelo alvo purificado em {EffectParam1}% para {EffectParam2} sec
14032611,Purifying Aura,Aumenta a velocidade de movimento de alvos purificados em {EffectParam1}% para {EffectParam2}s
15032611,Purifying Aura,Aumenta a velocidade de movimento de alvos purificados em {EffectParam1}% para {EffectParam2}s
15032612,Perfect Purification,Remove todos os debuffs e efeito cego
15032613,Restores MP,Restaura {EffectParam1}% do Max MP para Alvos purificados. Restrição
33011,Twisted Fate,Tem 50% de chance de puxar o alvo em direção ao centro do alcance de ataque
14033011,Damage Increase,Aumenta o dano de skill em {EffectParam1}%
14033012,Powerful Distortion,Aumenta Alcance de Skill em 2m
14033013,Suppression,Tem uma chance de {EffectParam2}% de suprimir alvos puxados para {EffectParam1}s
15033011,Damage Increase,Aumenta o dano de skill em {EffectParam1}%
15033012,Endless Distortion,"Aumenta o alcance de Skill em 2m
Cria uma zona após lançar um skill que causa 100% de dano adicional por 4s"
15033013,Stun,Tem {EffectParam2}% de chance de Atordoar {EffectParam1}s
15033014,Suppression,Tem uma chance de {EffectParam2}% de suprimir alvos puxados para {EffectParam1}s
33111,Force of Nature,"para {EffectParam4}s,
aumenta a chance crítica em {EffectParam1}%,
Velocidade de movimento em {EffectParam2}%,
e ataque básico em {EffectParam3}"
14033111,Nature’s Pulse,"Aumenta o ataque de Skill em {EffectParam1}
 Aumenta o dano crítico de ataque básico em {EffectParam2}%
(dobrado em PvE)"
15033111,Nature’s Reach,"Aumenta a velocidade de lançamento de Skill em {EffectParam1}%
 Aumenta o ataque de Skill em {EffectParam2}
Aumenta o dano crítico do ataque básico em {EffectParam3}%
(dobrado em PvE)
Aumenta o dano crítico de Skill em {EffectParam4}%
 (dobrado em PvE)"
33511,HP Recovery,"Restaura {EffectParam1} HP para alvos na área a cada 0,5s"
14033511,Endless Salvation,Aumenta a duração de Skill em 2s
14033512,Covenant of Salvation,Aumenta a taxa de resistência a golpes críticos em {EffectParam1}% para alvos dentro da área
15033511,Perfect Salvation,"Aumenta a duração de Skill em 2s
Aumenta o intervalo Skill em 2m
Aumenta a contagem de destino Skill em {EffectParam1}"
15033512,Covenant of Salvation,Aumenta a taxa de resistência a golpes críticos em {EffectParam1}% para alvos dentro da área
33611,HP Recovery,Restaura {EffectParam1} HP para {EffectParam2}s
14033611,Light Body,Aumenta a velocidade de movimento em {EffectParam1}% para {EffectParam2}s após lançar um skill
14033612,Endless Heal,Aumenta a distância máxima de lançamento de skill em {EffectParam1}m
15033611,Light Body,Aumenta a velocidade de movimento em {EffectParam1}% para {EffectParam2}s após lançar um skill
15033612,Perfect Heal,"Aumenta a distância máxima de lançamento de Skill em {EffectParam1}m
 Aumenta a duração de Skill em {EffectParam2}s
 (Cura aumentada pela duração estendida)"
34011,Slow,Tem uma chance de {EffectParam3}% de desacelerar alvos atingidos por {EffectParam1}% para {EffectParam2}s
34012,Poison,Tem uma chance de {EffectParam3}% de causar {EffectParam1}% de poder como dano para {EffectParam2}s
14034011,Damage Increase,Aumenta o dano de skill em {EffectParam1}%
14034012,Deep Spring,Aumenta a duração de Skill em 1s
15034011,Damage Increase,Aumenta o dano de skill em {EffectParam1}%
15034012,Deep Spring,Aumenta a duração de Skill em 2s
15034013,Mist of the Spring,Reduz a chance de acerto do Crowd Control em {EffectParam1}% em inimigos dentro da Abyssal Spring
34111,Breath of the Judge,"Para {EffectParam4} sec
Aumenta o dano de acerto crítico em {EffectParam1}%
Reduz Skill Dano recebido por {EffectParam2}%
Aumenta a Defesa em {EffectParam3}"
14034111,Breath of the Judge,"Aumenta a taxa de resistência a ataques críticos em {EffectParam1}%
Aumenta a taxa de resistência a ataques críticos em {EffectParam2}"
15034111,Breath of the Judge,"Aumenta a taxa de resistência ao controle de multidão em {EffectParam1}%
Aumenta a taxa de resistência a golpes críticos em {EffectParam2}
Aumenta o poder de ataque ignorado em {EffectParam3}"
34511,HP Recovery,Recupera HP por {EffectParam1}
34512,Divine Breath,Aumenta o HP máximo do alvo em {EffectParam2} para {EffectParam1} sec
34513,Divine Blessing,"Ao usar um skill, reduz o dano recebido de Skill em {EffectParam1}% e o dano de acerto crítico recebido de skills em {EffectParam2}% por {EffectParam3} seg"
14034511,Perfect Breath,Reduz a duração do Crowd Control em {EffectParam1}% para o efeito de respiração Divine.
14034512,Aura of Protection,"Para o efeito de proteção Divine,
Aumenta a taxa de resistência ao controle de multidão em {EffectParam1}%
Aumenta a taxa de resistência a golpes críticos de Skill em {EffectParam2}%"
15034511,Perfect Breath,Reduz a duração do Crowd Control em {EffectParam1}% para o efeito de respiração Divine.
15034512,Aura of Protection,"Para o efeito de proteção Divine,
Aumenta a taxa de resistência ao controle de multidão em {EffectParam1}%
Aumenta a taxa de resistência a golpes críticos de Skill em {EffectParam2}%"
34611,Baptism of Light,"para {EffectParam4} sec
Aumenta a taxa de recuperação de cura em {EffectParam1}%
Aumenta a taxa de resistência a golpes críticos em {EffectParam2}%
Aumenta a taxa de resistência de maximização em {EffectParam3}%"
14034611,Baptism of Light,Aumenta a resistência ao controle de multidão Taxa em {EffectParam1}%
15034611,Baptism of Light,"Aumenta a taxa de resistência ao controle de multidão em {EffectParam1}%
Reduz Dano de acerto crítico recebido em {EffectParam2}%"
40011,Knock Back,tem uma chance de {EffectParam2}% de derrubar
40111,Stun,Tem {EffectParam2}% de chance de Atordoar {EffectParam1}s
40211,Knock Down,tem uma chance de {EffectParam2}% de derrubar para {EffectParam1}s
40311,Preparing for Battle,Aumenta o ataque em {EffectParam1} para {EffectParam2}s
40411,Bleed,Tem uma chance de {EffectParam3}% de causar {EffectParam1}% de poder como dano para {EffectParam2}s
41011,Stun,Tem {EffectParam2}% de chance de Atordoar {EffectParam1}s
14041011,Damage Increase,Aumenta o dano de skill em {EffectParam1}%
14041012,Shadow Step,Aumenta a distância de lançamento de Skill em {EffectParam1}m
15041011,Damage Increase,Aumenta o dano de skill em {EffectParam1}%
15041012,Shadow Step,Aumenta a distância de lançamento de Skill em {EffectParam1}m
15041013,Surge Shock,Reduces Defense em {EffectParam1}
41111,Concentration,Aumenta a precisão em {EffectParam1} para {EffectParam2}s
14041111,Enhanced Focus,Aumenta a evasão em {EffectParam1}
15041111,Unshakable Focus,"Aumenta a evasão em {EffectParam1}
 Aumenta a precisão em {EffectParam2}%"
41211,Poison,Tem uma chance de {EffectParam3}% de causar {EffectParam1}% de poder como dano para {EffectParam2}s
41212,Slow,Tem uma chance de {EffectParam3}% de reduzir a Velocidade de Movimento do alvo em {EffectParam1}% para {EffectParam2}s
14041211,Damage Increase,Aumenta o dano de skill em {EffectParam1}%
14041212,Knock Down,tem uma chance de {EffectParam2}% de derrubar para {EffectParam1}s
15041211,Damage Increase,Aumenta o dano de skill em {EffectParam1}%
15041212,Sandstorm,Aumenta o alcance de Skill em 1 m
15041213,Knock Down,tem uma chance de {EffectParam2}% de derrubar para {EffectParam1}s
42011,Poison,Tem uma chance de {EffectParam3}% de causar {EffectParam1}% de poder como dano para {EffectParam2}s
14042011,Damage Increase,Aumenta o dano de skill em {EffectParam1}%
14042012,Slow,Tem uma chance de {EffectParam3}% de reduzir a Velocidade de Movimento do alvo em {EffectParam1}% para {EffectParam2}s
15042011,Damage Increase,Aumenta o dano de skill em {EffectParam1}%
15042012,Slow,Tem uma chance de {EffectParam3}% de reduzir a Velocidade de Movimento do alvo em {EffectParam1}% para {EffectParam2}s
15042013,Thick Mist,"Aumenta a contagem de destino de Skill em {EffectParam1}
Aumenta Skill Duração em 2s
Aumenta a evasão de si mesmo dentro da névoa venenosa em {EffectParam2}%"
42111,Physical Enhancement,Aumenta a velocidade de ataque em {EffectParam1}% para {EffectParam2}s
14042111,Enhanced Physique,"Aumenta o dano de ataque básico em {EffectParam1}%
(dobrado em PvE)"
15042111,Perfect Physique,"Aumenta o dano de ataque básico em {EffectParam1}%
(dobrado em PvE)
Aumenta Skill Dano em {EffectParam2}% 
 (dobrado em PvE)"
42511,Silence,Tem uma chance {EffectParam2}% de silenciar para {EffectParam1}s
42512,Bleed,Tem uma chance de {EffectParam3}% de causar {EffectParam1}% de poder como dano para {EffectParam2}s
14042511,Enhanced Throw,Aumenta a distância de lançamento de Skill em {EffectParam1}m
14042512,Silence,Tem uma chance {EffectParam2}% de silenciar para {EffectParam1}s
15042511,Perfect Throw,"Aumenta a distância de lançamento de Skill em {EffectParam1}m
Tem uma chance {EffectParam3}% de impedir que os alvos usem consumíveis para {EffectParam2}s"
15042512,Silence,Tem uma chance {EffectParam2}% de silenciar para {EffectParam1}s
42611,Hunt Begins,"Para {EffectParam2} sec
Aumenta a taxa de acerto crítico contra jogadores em {EffectParam1}%
Reduz o dano de ataque básico recebido por {EffectParam3}%"
14042611,Hunting Sortie,Aumenta o dano crítico contra jogadores em {EffectParam1}%
15042611,Hunting Sortie,Aumenta o dano crítico contra jogadores em {EffectParam1}%
15042612,Trophies,Aumenta a velocidade de movimento em {EffectParam1}% e a velocidade de ataque em {EffectParam2}% para {EffectParam3}s ao derrotar um jogador enquanto o efeito skill está ativo
43011,Stun,Tem {EffectParam2}% de chance de Atordoar {EffectParam1}s
14043011,Damage Increase,Aumenta o dano de skill em {EffectParam1}%
14043012,Assault Mark,Inimigos atingidos recebem {EffectParam1}% de dano aumentado do lançador
15043011,Damage Increase,Aumenta o dano de skill em {EffectParam1}%
15043012,Assault Mark,Inimigos atingidos recebem {EffectParam1}% de dano aumentado do lançador
15043013,Perfect Breakfall,Aumenta a velocidade de movimento em {EffectParam1}% para {EffectParam2}s após lançar um skill
43111,Path of the Assassin,"Para {EffectParam4}s, 
 aumenta a chance crítica em {EffectParam1}%,
Velocidade de movimento por {EffectParam2}%,
e ataque por {EffectParam3}"
14043111,Assassin's Stance,"Aumenta o acerto crítico em {EffectParam1}
 Aumenta o dano crítico do ataque básico em {EffectParam2}%
 (dobrado em PvE)"
15043111,Assassin's Royal Path,"Aumenta a velocidade de lançamento de Skill em {EffectParam1}%
Aumenta o acerto crítico em {EffectParam2}
Aumenta o dano crítico do ataque básico em {EffectParam3}%
(dobrado em PvE)
Aumenta o dano crítico de Skill em {EffectParam4}%
(dobrado em PvE)"
43511,Stealth,"entra em modo furtivo para {EffectParam1}s
 causa 100% de acerto crítico ao acertar enquanto estiver em modo furtivo."
14043511,Flawless Stealth,"Aumenta a duração da Furtividade em {EffectParam1}s
 Aumenta a Velocidade de Movimento em {EffectParam2}% enquanto em Furtividade
 Increases Evasion em {EffectParam3}% enquanto em Furtividade"
15043511,Absolute Stealth,"Aumenta a duração da Furtividade em {EffectParam1}s
Aumenta a Velocidade de Movimento em {EffectParam2}% enquanto estiver em Furtividade
Increases Evasion em {EffectParam3}% enquanto estiver em Furtividade Stealth
Ignorar colisão enquanto estiver em Stealth"
43611,Suppression,Tem uma chance de {EffectParam2}% de Suprimir para {EffectParam1}s
43612,Precise Strike,Aumenta a chance crítica em {EffectParam1}% contra jogadores
14043611,Perfect Strike,Aumenta ainda mais a chance crítica em {EffectParam1}% contra jogadores
14043612,Healing Disabled,"Tem uma chance de {EffectParam3}% de reduzir a regeneração natural de HP, recuperação de poções de HP e cura recebida por {EffectParam1}% para {EffectParam2}s"
15043611,Perfect Strike,"Aumenta ainda mais a chance crítica em {EffectParam1}% contra jogadores
Aumenta a duração da supressão em {EffectParam2}s"
15043612,Healing Disabled,"tem um {EffectParam3}% de chance de reduzir a regeneração natural de HP do alvo, a recuperação de poções de HP e a cura recebida em {EffectParam1}% para {EffectParam2}s
Reduz o MP do alvo em {EffectParam4}%"
44011,Silence,Tem uma chance {EffectParam2}% de silenciar para {EffectParam1}s
44012,Bleed,Tem uma chance de {EffectParam3}% de causar {EffectParam1}% de poder como dano para {EffectParam2}s
14044011,Damage Increase,Aumenta o dano de skill em {EffectParam1}%
14044012,Adds Afterimage,Aumenta os alvos do Afterimage Flurry em 1.
15044011,Damage Increase,Aumenta o dano de skill em {EffectParam1}%
15044012,Adds Afterimage,Aumenta os alvos do Afterimage Flurry em 2.
15044013,Afterimage Effect,Aumenta a taxa de evasão em {EffectParam1}% para {EffectParam2}s
44111,Glare of Malice,"Para {EffectParam4} sec
Aumenta o dano de acerto crítico em {EffectParam1}%
Reduz o dano de Skill recebido por {EffectParam2}%
Aumenta a taxa de resistência a golpes críticos em {EffectParam3}"
14044111,Glare of Malice,"Aumenta a taxa de resistência ao controle de multidão em {EffectParam1}%
Increases Defense em {EffectParam2}"
15044111,Glare of Malice,"Aumenta a taxa de resistência ao controle de multidão em {EffectParam1}%
Increases Defense em {EffectParam2}
Aumenta o poder de ataque de ignorar em {EffectParam3}"
44511,Blind,tem uma chance de {EffectParam2}% de cegar para {EffectParam1}s
44512,Poison,Tem uma chance de {EffectParam3}% de causar {EffectParam1}% de poder como dano para {EffectParam2}s
14044511,Slow,Reduz o movimento Velocidade em {EffectParam1}% em inimigos dentro da Névoa Sombria
15044511,Slow,Reduz o movimento Velocidade em {EffectParam1}% em inimigos dentro da Névoa Sombria
15044512,Mist Control,Aumenta a resistência ao controle de multidão Taxa em {EffectParam1}%
44611,Concentrated Malice,"Para {EffectParam4} sec
Reduz o dano de acerto crítico recebido por {EffectParam1}%
Aumenta a taxa de resistência a acerto crítico em {EffectParam2}%
Aumenta a taxa de resistência de maximização em {EffectParam3}%"
14044611,Concentrated Malice,Aumenta a resistência ao controle de multidão Taxa em {EffectParam1}%
15044611,Concentrated Malice,"Aumenta a taxa de resistência ao controle de multidão em {EffectParam1}%
Reduz Dano de acerto crítico recebido em {EffectParam2}%"
50011,Knock Back,Tem 50% de chance de empurrar o inimigo de volta ao final do caminho da flecha.
50111,Slow,Tem uma chance de {EffectParam3}% de reduzir a Velocidade de Movimento do alvo em {EffectParam1}% para {EffectParam2}s
50211,Knock Back,Tem um {EffectParam2}% de chance de derrubar alvos próximos
50311,Preparing for Battle,Aumenta o ataque em {EffectParam1} para {EffectParam2}s
50411,Burn,Tem uma chance de {EffectParam3}% de causar {EffectParam1}% de poder como dano para {EffectParam2}s
14051011,Damage Increase,Aumenta o dano de skill em {EffectParam1}%
14051012,Slow,Tem uma chance de {EffectParam3}% de desacelerar alvos em {EffectParam1}% para {EffectParam2}s
15051011,Damage Increase,Aumenta o dano de skill em {EffectParam1}%
15051012,Slow,Tem uma chance de {EffectParam3}% de desacelerar alvos em {EffectParam1}% para {EffectParam2}s
15051013,Stun,Tem {EffectParam2}% de chance de Atordoar {EffectParam1}s
51111,Concentration,Aumenta a precisão em {EffectParam1} para {EffectParam2}s
14051111,Enhanced Focus,Aumenta a evasão em {EffectParam1}
15051111,Unshakable Focus,"Aumenta a evasão em {EffectParam1}
 Aumenta a precisão em {EffectParam2}%"
51211,Bleed,Tem uma chance de {EffectParam3}% de causar {EffectParam1}% de poder como dano para {EffectParam2}s
14051211,Damage Increase,Aumenta o dano de skill em {EffectParam1}%
14051212,Stun,Tem {EffectParam2}% de chance de Atordoar {EffectParam1}s
15051211,Damage Increase,Aumenta o dano de skill em {EffectParam1}%
15051212,Splitting Arrow,"Aumenta o alcance de Skill em 1,5 m"
15051213,Stun,Tem {EffectParam2}% de chance de Atordoar {EffectParam1}s
52011,Bleed,Tem uma chance de {EffectParam3}% de causar {EffectParam1}% de poder como dano para {EffectParam2}s
14052011,Damage Increase,Aumenta o dano de skill em {EffectParam1}%
14052012,Slow,Tem uma chance de {EffectParam3}% de reduzir a Velocidade de Movimento do alvo em {EffectParam1}% para {EffectParam2}s
15052011,Damage Increase,Aumenta o dano de skill em {EffectParam1}%
15052012,Slow,Tem uma chance de {EffectParam3}% de reduzir a Velocidade de Movimento do alvo em {EffectParam1}% para {EffectParam2}s
15052013,Endless Rain,"Aumenta a contagem de destino de Skill em {EffectParam1}
Aumenta a duração de Skill em 2s"
52111,Physical Enhancement,Aumenta a velocidade de ataque em {EffectParam1}% para {EffectParam2}s
14052111,Enhanced Physique,"Aumenta o dano de ataque básico em {EffectParam1}%
(dobrado em PvE)"
15052111,Perfect Physique,"Aumenta o dano de ataque básico em {EffectParam1}%
(dobrado em PvE)
Aumenta Skill Dano em {EffectParam2}% 
 (dobrado em PvE)"
52511,Tracking Arrow,"1º acerto: Tem uma chance de {EffectParam7}% de desacelerar {EffectParam1}% para {EffectParam4}s
2º acerto: tem uma chance de {EffectParam5}% de vincular-se a {EffectParam2}s
3º acerto: tem uma chance de {EffectParam6}% de silenciar para {EffectParam3}s"
14052511,Additional Arrow,4º acerto: tem {EffectParam2}% de chance de cegar para {EffectParam1}s
15052511,Mighty Arrow,"aprimora o efeito da seta de rastreamento
1º acerto: tem uma chance de {EffectParam9}% de desacelerar em {EffectParam1}% para {EffectParam5}s
2º acerto: tem um {EffectParam6}% de chance de vincular para {EffectParam2}s
3º acerto: tem uma chance de {EffectParam7}% de silenciar para {EffectParam3}s
4º acerto: tem um {EffectParam8}% chance de cegar para {EffectParam4}s"
52711,Expose Weakness,"Concede efeitos adicionais ao Ataque Básico para {EffectParam8}s.
Tem uma chance de {EffectParam5}% de retardar alvos atingidos por Ataque Básico por {EffectParam1}% para {EffectParam2}s (Max {EffectParam7} stacks)
Tem uma chance {EffectParam6}% de reduzir a velocidade de ataque dos alvos atingidos pelo ataque básico {EffectParam7} vezes em {EffectParam3}% para {EffectParam4}s"
52712,Weak Point Attack,Aumenta a taxa de precisão de ataque básico em {EffectParam1}% para {EffectParam2} sec
14052711,Weakness Analysis,"Aumenta Skill Duração em {EffectParam1}s
 Detecção de fraqueza: Além disso, diminui em {EffectParam2}%"
15052711,Weakness Covenant,"Aumenta a duração de Skill em {EffectParam1}s
Adicionalmente retarda em {EffectParam2}%
Reduz adicionalmente a velocidade de ataque em {EffectParam3}%
Reduz a precisão em {EffectParam4}% em {EffectParam5} acumula"
53011,Bind,tem uma chance de {EffectParam2}% de vincular para {EffectParam1}s
14053011,Damage Increase,Aumenta o dano de skill em {EffectParam1}%
14053012,Soul Penetration,O alvo recebe {EffectParam1}% de dano aumentado do lançador
15053011,Damage Increase,Aumenta o dano de skill em {EffectParam1}%
15053012,Soul Penetration,O alvo recebe {EffectParam1}% de dano aumentado do lançador
15053013,Soul Absorption,Aumenta a velocidade de ataque em {EffectParam1}% para {EffectParam2}s após lançar um skill
53111,Hunting Instinct,"Para {EffectParam4}s,
aumenta a chance crítica em {EffectParam1}%,
Velocidade de lançamento de habilidade em {EffectParam2}%, 
 e Ataque Básico de {EffectParam3}"
14053111,Keen Senses,"Aumenta o ataque de Skill em {EffectParam1}
 Aumenta o dano crítico de ataque básico em {EffectParam2}%
(dobrado em PvE)"
15053111,Predator’s Senses,"Aumenta a velocidade de movimento em {EffectParam1}%
Aumenta o ataque de Skill em {EffectParam2}
Aumenta o dano crítico do ataque básico em {EffectParam3}%
(dobrado em PvE)
Aumenta o dano crítico de Skill em {EffectParam4}%
(dobrado em PvE)"
53511,Trap,Implanta uma Trap que dura 15s
53512,Knock Down,Tem {EffectParam2}% de chance de derrubar o alvo por {EffectParam1}s quando a armadilha explode
53513,Burn,Tem um {EffectParam3}% de chance de causar {EffectParam1}% de Poder para Danificar alvos para {EffectParam2}s quando a armadilha explode
14053511,Sturdy Trap,Aumenta a duração da armadilha implantada em 10 s
14053512,Mana Collapse,Reduz o MP do alvo em {EffectParam1}% quando a armadilha explode.
14053513,Shadow Trap,Reduz a cura recebida em {EffectParam2}% para {EffectParam1}s
15053511,Sturdy Trap,Aumenta a duração da armadilha implantada em 20 s
15053512,Mana Collapse,Reduz o MP do alvo em {EffectParam1}% quando a armadilha explode.
15053513,Shadow Trap,Reduz a cura recebida em {EffectParam2}% para {EffectParam1}s
15053514,Blind,Tem {EffectParam2}% de chance de cegar o alvo por {EffectParam1}s quando a armadilha explode
53611,Liberation,Remove 5 buffs do alvo ao ser atingido
14053611,Silence,Tem uma chance {EffectParam2}% de silenciar o alvo por {EffectParam1} seg ao ser atingido
15053611,Silence,Tem uma chance {EffectParam2}% de silenciar o alvo por {EffectParam1} seg ao ser atingido
15053612,Absoulute Unleash,"Skill alcance aumentado em 2m
Remove todos os Buffs do alvo ao acertar"
54011,Stun,Tem {EffectParam2}% de chance de Atordoar {EffectParam1}s
54012,Bleed,Tem uma chance de {EffectParam3}% de causar {EffectParam1}% de poder como dano para {EffectParam2}s
14054011,Damage Increase,Aumenta o dano de skill em {EffectParam1}%
14054012,Chain Link,Aumenta os alvos Chain Shackles em 1
15054011,Damage Increase,Aumenta o dano de skill em {EffectParam1}%
15054012,Chain Link,Aumenta os alvos Chain Shackles em 2
15054013,Chain,Reduz a chance de resistência ao efeito de aflição em {EffectParam1}% para {EffectParam2}s
54111,Master Archer’s Gaze,"Para {EffectParam4} sec
Aumenta o Dano de Acerto Crítico em {EffectParam1}%
Reduz Skill Dano recebido por {EffectParam2}%
Aumenta Ignorar o poder de ataque por {EffectParam3}"
14054111,Master Archer’s Gaze,"Aumenta a taxa de resistência a ataques críticos em {EffectParam1}%
Aumenta a taxa de resistência a ataques críticos em {EffectParam2}"
15054111,Master Archer’s Gaze,"Aumenta a taxa de resistência a ataques críticos em {EffectParam1}%
Aumenta a taxa de resistência a ataques críticos em {EffectParam2}
Increases Defense em {EffectParam3}"
54511,Bind,tem uma chance de {EffectParam2}% de vincular para {EffectParam1}s
54512,Poison,Tem uma chance de {EffectParam3}% de causar {EffectParam1}% de poder como dano para {EffectParam2}s
14054511,Consumables Unavailable,Tem uma chance {EffectParam2}% de desabilitar o uso de itens consumíveis para {EffectParam1}s
15054511,Consumables Unavailable,Tem uma chance {EffectParam2}% de desabilitar o uso de itens consumíveis para {EffectParam1}s
15054512,Mana Collapse,Reduz o MP do alvo atingido em {EffectParam1}%
54611,Ruler’s Gaze,"para {EffectParam4}s
Aumenta a chance de acerto do Crowd Control em {EffectParam1}%
Aumenta a taxa de resistência a acertos críticos em {EffectParam2}%
Aumenta a taxa de resistência à maximização em {EffectParam3}%"
14054611,Ruler’s Gaze,Aumenta a resistência ao controle de multidão Taxa em {EffectParam1}%
15054611,Ruler’s Gaze,"Aumenta a taxa de resistência ao controle de multidão em {EffectParam1}%
Reduz Dano de acerto crítico recebido em {EffectParam2}%"
211001,Basic Combat,Aumenta o poder de ataque em {EffectParam1}
211011,Defensive Stance,Increases Defense em {EffectParam1}
211021,Prepare to Strike,Aumenta o acerto crítico em {EffectParam1}
212001,Precise Aim,Aumenta Precisão em {EffectParam1}
212011,Sharp Instincts,Aumenta a evasão em {EffectParam1}
213001,Power of the Combat,Aumenta o poder de ataque em {EffectParam1}
213011,Heavy Blow,"Aumenta a taxa de maximização em {EffectParam1}%
 Aumenta o poder de ataque básico em {EffectParam2}"
213021,Enhance Vitality,"Aumenta Max HP em {EffectParam1}
 Aumenta HP Potion Healing em {EffectParam2}"
214001,Flow of the Battlefield,"Aumenta a regeneração de MP em {EffectParam1}
 Aumenta o poder de ataque de Skill em {EffectParam2}"
214011,Focused Breathing,Aumenta a taxa de precisão em {EffectParam1}%
214021,Indomitable Body,"Aumenta a taxa de resistência a acertos críticos de Skill em {EffectParam1}%
Reduz o dano de acerto crítico recebido por {EffectParam2}%"
215001,Hero’s Aura,"Reduz o Dano Recebido em {EffectParam1}% 
 Aumenta a Velocidade de Movimento em {EffectParam2}%"
215011,Gale Resolve,"aumenta Taxa de resistência ao controle de multidão em {EffectParam1}%
Aumenta a velocidade de lançamento de Skill em {EffectParam2}%"
215021,Deathless Flesh,"Aumenta o HP máximo em {EffectParam1}
Dano reduzido recebido de alvo único Skills em {EffectParam2}%"
211401,Swordsmanship Training,Aumenta o poder de ataque em {EffectParam1}
212401,Greatsword Enhancement,Aumenta a defesa de ignorar em {EffectParam1}
213401,Combat Will: Warrior,"Aumenta o dano contra monstros em {EffectParam1}% 
 Aumenta o poder de ataque de Skill em {EffectParam2}"
213411,Ferocious Rage,"Aumenta o Dano de Acerto Crítico em {EffectParam1}%
 Aumenta a Defesa em {EffectParam2}"
214401,Warrior's Aura,"Aumenta a chance de acerto crítico em {EffectParam1}%
 Aumenta o poder de ataque básico em {EffectParam2}"
214411,Steel Rage,"Aumenta o dano contra inimigos derrubados em {EffectParam1}% 
 Aumenta o dano contra inimigos aéreos em {EffectParam2}%"
214412,Steel Fury,"Após um ataque de acompanhamento bem-sucedido, aumenta adicionalmente a velocidade de lançamento de 
 em {EffectParam1}% e Velocidade de movimento em {EffectParam2}% para {EffectParam3} sec
 (recarga: {EffectParam4} seg)"
214431,Blazing Fury,"Aumenta o dano contra alvos queimados em {EffectParam1}% 
 Aumenta o dano contra alvos sangrando em {EffectParam2}%"
214432,Flames of Rage,"No ataque bem-sucedido, para {EffectParam1}s, 
 Aumenta a velocidade de ataque em {EffectParam2}% 
 (CD: {EffectParam3}s)"
215401,Sword of Destruction,Aumenta o dano em {EffectParam1}%
215402,Destructive Currents,"Após o acompanhamento bem-sucedido, skill atingiu, tem um {EffectParam2}% de chance de aumentar o dano de Skill em {EffectParam1}% por {EffectParam3} seg."
211701,Combat Instinct: Warrior,Aumenta o poder de ataque de ignorar em {EffectParam1}
212701,Strong Will,"Increases Defense em {EffectParam1}
 Aumenta a geração de Aggro em {EffectParam2}%"
213701,Honorable Combat,"Increases Critical Hit Resistance em {EffectParam1}
Reduz o dano de ataque básico recebido por {EffectParam2}"
213711,Steel Heart,Aumenta HP Regen por {EffectParam1}Reduz Skill Dano recebido por {EffectParam2}%
214701,Domination of Rage,"Quando você sofre dano, por {EffectParam3} seg:
Reduz o dano recebido por {EffectParam1}%
Aumenta a geração de Aggro em {EffectParam2}%
(máx. 5 pilhas)"
214711,Earth's Blessing,"Aumenta o HP máximo em {EffectParam1}%
Aumenta a cura de poções em {EffectParam2}
Aumenta a cura recebida por {EffectParam3}%
Reduz a duração do Crowd Control em {EffectParam4}%"
214712,Enduring Blessing,"Além disso, se o HP estiver abaixo de 30%, 
 aumenta ainda mais a recuperação de cura recebida em {EffectParam1}%"
214731,Tenacious Combat,"Aumenta a taxa de precisão em {EffectParam1}%
Reduz Skill Dano de acerto crítico recebido por {EffectParam2}%"
215701,Ironclad Protection,"Aumenta a resistência ao controle de multidão em {EffectParam1}% 
Reduz o dano recebido enquanto está sob controle de multidão em {EffectParam2}%"
215721,Battle-Hardened Courage,"Reduces Critical Damage recebido em {EffectParam1}%
 Aumenta a taxa de resistência ao controle de multidão em {EffectParam2}%"
215722,Veteran's Insight,"No golpe de Ataque Básico, tem {EffectParam2}% de chance de aumentar o Dano causado a alvos protegidos por {EffectParam1}% para {EffectParam3}s"
221001,Basic Combat,Aumenta o poder de ataque em {EffectParam1}
221011,Defensive Stance,Increases Defense em {EffectParam1}
221021,Prepare to Strike,Aumenta o acerto crítico em {EffectParam1}
222001,Precise Aim,Aumenta Precisão em {EffectParam1}
222011,Sharp Instincts,Aumenta a evasão em {EffectParam1}
223001,Power of the Combat,Aumenta o poder de ataque em {EffectParam1}
223011,Heavy Blow,"Aumenta a taxa de maximização em {EffectParam1}%
 Aumenta o poder de ataque básico em {EffectParam2}"
223021,Enhance Vitality,"Aumenta Max HP em {EffectParam1}
 Aumenta HP Potion Healing em {EffectParam2}"
224001,Flow of the Battlefield,"Aumenta a regeneração de MP em {EffectParam1}
 Aumenta o poder de ataque de Skill em {EffectParam2}"
224011,Focused Breathing,Aumenta a taxa de precisão em {EffectParam1}%
224021,Indomitable Body,"Aumenta a taxa de resistência a acertos críticos de Skill em {EffectParam1}%
Reduz o dano de acerto crítico recebido por {EffectParam2}%"
225001,Hero’s Aura,"Reduz o Dano Recebido em {EffectParam1}% 
 Aumenta a Velocidade de Movimento em {EffectParam2}%"
225011,Gale Resolve,"aumenta Taxa de resistência ao controle de multidão em {EffectParam1}%
Aumenta a velocidade de lançamento de Skill em {EffectParam2}%"
225021,Deathless Flesh,"Aumenta o HP máximo em {EffectParam1}
Dano reduzido recebido de alvo único Skills em {EffectParam2}%"
221401,Mana Training,Aumenta o poder de ataque básico em {EffectParam1}
222401,Staff Enhancement,Aumenta o poder de ataque de Skill em {EffectParam1}
223401,Combat Will: Mage,"Aumenta o dano contra monstros em {EffectParam1}% 
 Aumenta o poder de ataque de Skill em {EffectParam2}"
223411,Primeval Magic,"Aumenta o dano de acerto crítico em {EffectParam1}% 
 Aumenta o HP máximo em {EffectParam2}"
224401,Mage's Aura,"Aumenta a chance de acerto crítico em {EffectParam1}%
 Aumenta o poder de ataque básico em {EffectParam2}"
224411,Mind Blast,Aumenta o dano contra alvos atordoados em {EffectParam1}%
224412,Focused Consciousness,"Após um ataque de acompanhamento bem-sucedido, aumenta adicionalmente a velocidade de lançamento de 
 em {EffectParam1}% e Velocidade de movimento em {EffectParam2}% para {EffectParam3} sec
 (recarga: {EffectParam4} seg)"
224431,Frozen Flame,"Aumenta o dano contra alvos queimados em {EffectParam1}% 
 Aumenta o dano contra alvos congelados em {EffectParam2}%"
224432,Energy of Ice Flower,"Em ataques adicionais bem-sucedidos ataque, para {EffectParam1}s, 
 Increases Skill Damage em {EffectParam2}% 
 (CD: {EffectParam3}s)"
225401,Burning Heart,Aumenta o dano em {EffectParam1}%
225402,Fierce Heart,"Após o uso de skill de acompanhamento, aumenta o dano de Skill em {EffectParam1}% para {EffectParam2} sec
 (máximo de 5 pilhas)"
221701,Combat Instinct: Mage,Increases Critical Hit Resistance em {EffectParam1}
222701,Will of Mana,"Aumenta a Defesa em {EffectParam1}
 Aumenta a Regeneração de MP em {EffectParam2}"
223701,Magic Focus,"Aumenta a evasão em {EffectParam1}
 Aumenta a velocidade de lançamento de Skill em {EffectParam2}%"
223711,Mana Amplification,"Ao acertar o Ataque Básico, tem {EffectParam2}% de chance de aumentar o poder de ataque seu e dos membros do seu grupo em {EffectParam1} para {EffectParam3} seg."
224701,Mana Armor,"Ao receber dano, tem {EffectParam2}% de chance de criar um Escudo {EffectParam1} para {EffectParam3}s
(cooldown:{EffectParam4} seg)"
224702,Light Armor,"Quando um Escudo de Armadura Mágica é criado, aumenta a Velocidade de Movimento em {EffectParam1}% enquanto a Barreira durar."
224721,Foresight,Aumenta Skill Taxa de evasão em {EffectParam1}%
224722,Successful Prediction,"Após o uso de skill, tem uma chance de {EffectParam1}% de reduzir Skill Recarga em {EffectParam2}s
 (recarga: {EffectParam3} seg.)"
224741,Spell Acceleration,"Aumenta a taxa de precisão em {EffectParam1}%
Increases Skill Damage em {EffectParam2}%
Aumenta a velocidade de lançamento de Skill em {EffectParam3}%"
225701,Eye of the Battlefield,"Após acertar o Ataque Básico, tem {EffectParam2}% de chance de aumentar o Dano causado por você e pelos membros do seu grupo em {EffectParam1}% por {EffectParam3} seg."
225721,Mana Erosion,"Reduces Critical Damage recebido por {EffectParam1}%
Reduz a duração do controle de multidão recebido em {EffectParam2}%"
225722,Mana Insight,"Ao acertar Skill, tem {EffectParam2}% de chance de aumentar o dano causado a alvos protegidos em {EffectParam1}% para {EffectParam3}s"
231001,Basic Combat,Aumenta o poder de ataque em {EffectParam1}
231011,Defensive Stance,Increases Defense em {EffectParam1}
231021,Prepare to Strike,Aumenta o acerto crítico em {EffectParam1}
232001,Precise Aim,Aumenta Precisão em {EffectParam1}
232011,Sharp Instincts,Aumenta a evasão em {EffectParam1}
233001,Power of the Combat,Aumenta o poder de ataque em {EffectParam1}
233011,Heavy Blow,"Aumenta a taxa de maximização em {EffectParam1}%
 Aumenta o poder de ataque básico em {EffectParam2}"
233021,Enhance Vitality,"Aumenta Max HP em {EffectParam1}
 Aumenta HP Potion Healing em {EffectParam2}"
234001,Flow of the Battlefield,"Aumenta a regeneração de MP em {EffectParam1}
 Aumenta o poder de ataque de Skill em {EffectParam2}"
234011,Focused Breathing,Aumenta a taxa de precisão em {EffectParam1}%
234021,Indomitable Body,"Aumenta a taxa de resistência a acertos críticos de Skill em {EffectParam1}%
Reduz o dano de acerto crítico recebido por {EffectParam2}%"
235001,Hero’s Aura,"Reduz o Dano Recebido em {EffectParam1}% 
 Aumenta a Velocidade de Movimento em {EffectParam2}%"
235011,Gale Resolve,"aumenta Taxa de resistência ao controle de multidão em {EffectParam1}%
Aumenta a velocidade de lançamento de Skill em {EffectParam2}%"
235021,Deathless Flesh,"Aumenta o HP máximo em {EffectParam1}
Dano reduzido recebido de alvo único Skills em {EffectParam2}%"
231401,Divine Training,Aumenta o poder de ataque básico em {EffectParam1}
232401,Orb Enhancement,Aumenta o poder de ataque de Skill em {EffectParam1}
233401,Combat Will: Battle Priest,"Aumenta o dano contra monstros em {EffectParam1}%
 Aumenta o poder de ataque básico em {EffectParam2}"
233411,Inner Vision,"Aumenta o Dano de Acerto Crítico em {EffectParam1}%
Aumenta o Poder de Ataque de Ignorar em {EffectParam2}"
234401,Battle Priest's Aura,"Aumenta a chance de acerto crítico em {EffectParam1}% 
 Aumenta o poder de ataque de Skill em {EffectParam2}"
234411,Holy Radiance,Aumenta o dano contra alvos com velocidade de movimento reduzida em {EffectParam1}%
234412,Radiant Light,"Após ataque de acompanhamento bem-sucedido, aumenta adicionalmente a velocidade de ataque de 
 em {EffectParam1}% e a velocidade de movimento em {EffectParam2}% para {EffectParam3} sec
 (recarga: {EffectParam4} seg)"
234431,Frozen Miasma,"Aumenta o dano contra alvos congelados em {EffectParam1}% 
 Aumenta o dano contra alvos envenenados em {EffectParam2}%"
234432,Energy of Frost Poison,"Em ataques adicionais bem-sucedidos ataque, para {EffectParam1}s, 
 Increases Skill Damage em {EffectParam2}% 
 (CD: {EffectParam3}s)"
235401,Divine Judgment,Aumenta o dano em {EffectParam1}%
235402,Dispencing Justice,"Após o acerto do Ataque Básico, aumenta o Dano do Ataque Básico em {EffectParam1}% para {EffectParam2} sec
 (máx. 10 stack seg)"
231701,Combat Instinct: Battle Priest,Increases Defense em {EffectParam1}
232701,Will of Nature,"Aumenta o HP máximo em {EffectParam1}
 Aumenta a regeneração de MP em {EffectParam2}"
233701,Recovery Shield,"Increases Defense em {EffectParam1}
 Aumenta a quantidade de cura em {EffectParam2}%"
233711,Suppressive Will,Aumenta a precisão do ataque básico em {EffectParam1}
233712,Healing Suppression,"Ao acertar o Ataque Básico, tem {EffectParam2}% de chance de reduzir a Cura Recebida pelo alvo em {EffectParam1}% por {EffectParam3} seg."
234701,Combat Blessing,"Ao acertar o Ataque Básico, tem um {EffectParam1}% de chance de conceder um Escudo que anula 1 ataque por {EffectParam2} sec
 (tempo de recarga: {EffectParam3} seg)"
234711,Regroup,"Reduz o Tempo de Recarga de Skill em {EffectParam1}%
Reduz a duração do controle de multidão em {EffectParam2}%"
234712,Power of Healing,"Ao curar skill, tem uma chance de {EffectParam2}% de restaurar {EffectParam1} HP"
234731,Divine Suppression,"Aumenta a taxa de precisão em {EffectParam1}% 
 Increases Skill Damage em {EffectParam2}% 
 Aumenta a chance de acerto do Crowd Control em {EffectParam3}%"
235701,Sanctuary,Aumenta a quantidade de cura em {EffectParam1}%
235702,Savior,"Ao curar o uso de skill, 
 aumenta a taxa de evasão em {EffectParam1}% e a velocidade de movimento em {EffectParam2}% para {EffectParam3} sec
 (cooldown: {EffectParam4} seg)"
235721,Holy Blessing,"Reduces Critical Damage recebido em {EffectParam1}%
 Aumenta a taxa de resistência ao controle de multidão em {EffectParam2}%"
235722,Sacred Insight,"No golpe de Ataque Básico, tem {EffectParam2}% de chance de aumentar o Dano causado a alvos protegidos por {EffectParam1}% para {EffectParam3}s"
241001,Basic Combat,Aumenta o poder de ataque em {EffectParam1}
241011,Defensive Stance,Increases Defense em {EffectParam1}
241021,Prepare to Strike,Aumenta o acerto crítico em {EffectParam1}
242001,Precise Aim,Aumenta Precisão em {EffectParam1}
242011,Sharp Instincts,Aumenta a evasão em {EffectParam1}
243001,Power of the Combat,Aumenta o poder de ataque em {EffectParam1}
243011,Heavy Blow,"Aumenta a taxa de maximização em {EffectParam1}%
 Aumenta o poder de ataque básico em {EffectParam2}"
243021,Enhance Vitality,"Aumenta Max HP em {EffectParam1}
 Aumenta HP Potion Healing em {EffectParam2}"
244001,Flow of the Battlefield,"Aumenta a regeneração de MP em {EffectParam1}
 Aumenta o poder de ataque de Skill em {EffectParam2}"
244011,Focused Breathing,Aumenta a taxa de precisão em {EffectParam1}%
244021,Indomitable Body,"Aumenta a taxa de resistência a acertos críticos de Skill em {EffectParam1}%
Reduz o dano de acerto crítico recebido por {EffectParam2}%"
245001,Hero’s Aura,"Reduz o Dano Recebido em {EffectParam1}% 
 Aumenta a Velocidade de Movimento em {EffectParam2}%"
245011,Gale Resolve,"aumenta Taxa de resistência ao controle de multidão em {EffectParam1}%
Aumenta a velocidade de lançamento de Skill em {EffectParam2}%"
245021,Deathless Flesh,"Aumenta o HP máximo em {EffectParam1}
Dano reduzido recebido de alvo único Skills em {EffectParam2}%"
241401,Assassination Training,Aumenta a defesa de ignorar em {EffectParam1}
242401,Dagger Enhancement,Aumenta o poder de ataque em {EffectParam1}
243401,Combat Will: Assassin,"Aumenta o dano contra monstros em {EffectParam1}% 
 Aumenta o poder de ataque de Skill em {EffectParam2}"
243411,Shadow Discipline,"Aumenta o Dano de Acerto Crítico em {EffectParam1}%
Increases Evasion em {EffectParam2}"
244401,Assassin's Aura,"Aumenta a chance de acerto crítico em {EffectParam1}%
 Aumenta o poder de ataque básico em {EffectParam2}"
244411,Shadow Blade,Aumenta o dano contra alvos atordoados em {EffectParam1}%
244412,Shadow Walk,"Após ataque de acompanhamento bem-sucedido, aumenta 
Acerto crítico Chance em {EffectParam1}% e velocidade de movimento em {EffectParam2}% para {EffectParam3} sec
 (recarga: {EffectParam4} sec)"
244431,Cruel Imprint,"Aumenta Dano contra alvos envenenados em {EffectParam1}%
Aumenta o dano contra alvos sangrando em {EffectParam2}%"
244432,Trace of Imprint,"No ataque bem-sucedido, para {EffectParam1}s, 
 Aumenta a velocidade de ataque em {EffectParam2}% 
 (CD: {EffectParam3}s)"
245401,Assassin's Breath,Aumenta o dano em {EffectParam1}%
245402,Assassin’s Aura,"Após o acerto crítico subsequente, aumenta o Dano de Skill em {EffectParam2}% para {EffectParam1} sec"
241701,Combat Instinct: Assassin,Aumenta o acerto crítico contra jogadores em {EffectParam1}
242701,Will of Darkness,"Aumenta o poder de ataque contra jogadores em {EffectParam1}
 Aumenta a precisão contra jogadores em {EffectParam2}"
243701,Echo of Blood,"Aumenta a taxa de precisão contra jogadores em {EffectParam1}% 
 Aumenta o dano contra alvos de sangramento em {EffectParam2}%"
243711,Dark Focus,"Se o HP restante do alvo for 30% ou menos, 
 aumenta o dano em {EffectParam1}% para {EffectParam2} sec"
244701,Blood Aura,"Se seu HP restante cair para 30% ou menos:
aumenta a taxa de evasão em {EffectParam1}%
Aumenta a velocidade de movimento em {EffectParam2}%"
244711,Dark Amplification,Aumenta o dano de acerto crítico do jogador em {EffectParam1}%
244721,Shadow Instinct,"Aumenta a taxa de precisão em {EffectParam1}%
Reduz a duração do Crowd Control em {EffectParam2}%"
245701,Judgment,"Ao acertar skill, aumenta a chance de acerto crítico contra jogadores em {EffectParam1}% para {EffectParam2} sec
 (recarga: {EffectParam3} seg)"
245721,Cruel Instinct,"Reduces Critical Damage recebido por {EffectParam1}%
Aumenta Chance de resistência à aflição {EffectParam2}%"
245722,Cruel Insight,"Ao acertar Skill, tem {EffectParam2}% de chance de aumentar o dano causado a alvos protegidos em {EffectParam1}% para {EffectParam3}s"
251001,Basic Combat,Aumenta o poder de ataque em {EffectParam1}
251011,Defensive Stance,Increases Defense em {EffectParam1}
251021,Prepare to Strike,Aumenta o acerto crítico em {EffectParam1}
252001,Precise Aim,Aumenta Precisão em {EffectParam1}
252011,Sharp Instincts,Aumenta a evasão em {EffectParam1}
253001,Power of the Combat,Aumenta o poder de ataque em {EffectParam1}
253011,Heavy Blow,"Aumenta a taxa de maximização em {EffectParam1}%
 Aumenta o poder de ataque básico em {EffectParam2}"
253021,Enhance Vitality,"Aumenta Max HP em {EffectParam1}
 Aumenta HP Potion Healing em {EffectParam2}"
254001,Flow of the Battlefield,"Aumenta a regeneração de MP em {EffectParam1}
 Aumenta o poder de ataque de Skill em {EffectParam2}"
254011,Focused Breathing,Aumenta a taxa de precisão em {EffectParam1}%
254021,Indomitable Body,"Aumenta a taxa de resistência a acertos críticos de Skill em {EffectParam1}%
Reduz o dano de acerto crítico recebido por {EffectParam2}%"
255001,Hero’s Aura,"Reduz o Dano Recebido em {EffectParam1}% 
 Aumenta a Velocidade de Movimento em {EffectParam2}%"
255011,Gale Resolve,"aumenta Taxa de resistência ao controle de multidão em {EffectParam1}%
Aumenta a velocidade de lançamento de Skill em {EffectParam2}%"
255021,Deathless Flesh,"Aumenta o HP máximo em {EffectParam1}
Dano reduzido recebido de alvo único Skills em {EffectParam2}%"
251401,Archery Training,Aumenta o poder de ataque de Skill em {EffectParam1}
252401,Longbow Enhancement,Aumenta o poder de ataque básico em {EffectParam1}
253401,Combat Will: Hunter,"Aumenta o dano contra monstros em {EffectParam1}%
 Aumenta o poder de ataque básico em {EffectParam2}"
253411,Gale Arrow,"Aumenta o Dano de Acerto Crítico em {EffectParam1}%
 Aumenta a Resistência a Acerto Crítico em {EffectParam2}"
254401,Hunter's Aura,"Aumenta a chance de acerto crítico em {EffectParam1}% 
 Aumenta o poder de ataque de Skill em {EffectParam2}"
254411,Beast's Fang,Aumenta o dano contra alvos com velocidade de movimento reduzida em {EffectParam1}%
254412,Beastial Intuition,"Após ataque de acompanhamento bem-sucedido, aumenta
 Dano de habilidade em {EffectParam1}% e velocidade de movimento em {EffectParam2}% para {EffectParam3} sec
 (recarga: {EffectParam4} seg)"
254431,Bloodstained Instinct,Aumenta o dano contra alvos sangrando em {EffectParam1}%
254432,Blood Awakening,"Em ataques adicionais bem-sucedidos, para {EffectParam1}s, 
Aumenta o dano de ataque básico em {EffectParam2}%
(CD: {EffectParam3}s)"
255401,Perfect Stance,Aumenta o dano em {EffectParam1}%
255402,Silencing Breath,"Além disso, se estiver parado por 5 segundos, 
 aumenta o dano de ataque básico em {EffectParam1}%"
251701,Combat Instinct: Hunter,Aumenta a defesa de ignorar em {EffectParam1}
252701,Arrow’s Will,"Aumenta Max HP em {EffectParam1}
 Aumenta a regeneração de HP em {EffectParam2}"
253701,Hunting Prowess,"Aumenta a precisão em {EffectParam1}
 Aumenta a chance de acerto do Crowd Control em {EffectParam2}%"
253711,Beast Instinct,"Após o acerto do Ataque Básico, {EffectParam2}% de chance de reduzir a Taxa de Resistência ao Controle de Multidão do alvo em {EffectParam4}% por {EffectParam1} sec
 (Recarga: {EffectParam3} seg)"
254701,Hunting Essence,"Ao acertar o Ataque Básico, reduz a Defesa do alvo em {EffectParam1} (máximo de 5 segundos de pilha)"
254711,Defense Break,"Após skill atingido, reduz a Taxa de Resistência Crítica do alvo em {EffectParam1}% 
 (recarga: {EffectParam2} seg)"
254721,Weakness Hunting,"Aumenta a taxa de precisão em {EffectParam1}%
Aumenta o dano a alvos controlados por multidão em {EffectParam2}%"
255701,Ashen Arrow,Aumenta a duração do Crowd Control em {EffectParam1}%
255702,Ashen Wound,"Ao acertar skill, {EffectParam1}% de chance de prevenir o alvo de usar consumíveis para {EffectParam3} sec
 (Recarga: {EffectParam2} sec)"
255721,Venom Tracker,"Reduces Critical Damage recebido por {EffectParam1}%
Aumenta Chance de resistência à aflição {EffectParam2}%"
255722,Venomous Insight,"Ao acertar Skill, tem {EffectParam2}% de chance de aumentar o dano causado a alvos protegidos em {EffectParam1}% para {EffectParam3}s"
10010011,Attack Power Increase,"Ao usar Bound Skill, causa dano com Poder de Ataque aumentado em {EffectParam1}"
10010021,Attack Power Increase,"Ao usar Bound Skill, causa dano com Poder de Ataque aumentado em {EffectParam1}"
10010031,Attack Power Increase,"Ao usar Bound Skill, causa dano com Poder de Ataque aumentado em {EffectParam1}"
10010041,Attack Power Increase,"Ao usar Bound Skill, causa dano com Poder de Ataque aumentado em {EffectParam1}"
10010051,Attack Power Increase,"Ao usar Bound Skill, causa dano com Poder de Ataque aumentado em {EffectParam1}"
10010111,Accuracy Increase,"Ao usar o Bound Skill, causa dano com Precisão aumentada em {EffectParam1}"
10010121,Accuracy Increase,"Ao usar o Bound Skill, causa dano com Precisão aumentada em {EffectParam1}"
10010131,Accuracy Increase,"Ao usar o Bound Skill, causa dano com Precisão aumentada em {EffectParam1}"
10010141,Accuracy Increase,"Ao usar o Bound Skill, causa dano com Precisão aumentada em {EffectParam1}"
10010151,Accuracy Increase,"Ao usar o Bound Skill, causa dano com Precisão aumentada em {EffectParam1}"
10010211,Critical Hit Increase,"Ao usar Bound Skill, causa dano com Acerto Crítico aumentado em {EffectParam1}"
10010221,Critical Hit Increase,"Ao usar Bound Skill, causa dano com Acerto Crítico aumentado em {EffectParam1}"
10010231,Critical Hit Increase,"Ao usar Bound Skill, causa dano com Acerto Crítico aumentado em {EffectParam1}"
10010241,Critical Hit Increase,"Ao usar Bound Skill, causa dano com Acerto Crítico aumentado em {EffectParam1}"
10010251,Critical Hit Increase,"Ao usar Bound Skill, causa dano com Acerto Crítico aumentado em {EffectParam1}"
10010341,Increases Skill Damage,Aumenta o dano de skill em {EffectParam1}%
10010351,Increases Skill Damage,Aumenta o dano de skill em {EffectParam1}%
10010441,Increased Damage to Crowd Controlled Targets,Aumenta o dano limitado de Skill contra alvos afetados pelo Crowd Control em {EffectParam1}%
10010451,Increased Damage to Crowd Controlled Targets,Aumenta o dano limitado de Skill contra alvos afetados pelo Crowd Control em {EffectParam1}%
10010541,Increased Damage to Afflicted Targets,Aumenta o dano limitado de Skill contra alvos afetados por Aflição em {EffectParam1}%
10010551,Increased Damage to Afflicted Targets,Aumenta o dano limitado de Skill contra alvos afetados por Aflição em {EffectParam1}%
10010641,Accuracy Rate Increase,Aumenta a taxa de precisão do limite Skill em {EffectParam1}%
10010651,Accuracy Rate Increase,Aumenta a taxa de precisão do limite Skill em {EffectParam1}%
10010741,Critical Hit Chance Increase,Aumenta a chance de acerto crítico de limite Skill em {EffectParam1}%
10010751,Critical Hit Chance Increase,Aumenta a chance de acerto crítico de limite Skill em {EffectParam1}%
10010841,Critical Damage Increase,Aumenta o dano de acerto crítico do Bound Skill em {EffectParam1}%
10010851,Critical Damage Increase,Aumenta o dano de acerto crítico do Bound Skill em {EffectParam1}%
10010911,Healing Amount Increase,Aumenta a quantidade de cura do limite Skill em {EffectParam1}%
10010921,Healing Amount Increase,Aumenta a quantidade de cura do limite Skill em {EffectParam1}%
10010931,Healing Amount Increase,Aumenta a quantidade de cura do limite Skill em {EffectParam1}%
10010941,Healing Amount Increase,Aumenta a quantidade de cura do limite Skill em {EffectParam1}%
10010951,Healing Amount Increase,Aumenta a quantidade de cura do limite Skill em {EffectParam1}%
10011011,Shield Amount Increase,Aumenta a quantidade de escudo do limite Skill em {EffectParam1}%
10011021,Shield Amount Increase,Aumenta a quantidade de escudo do limite Skill em {EffectParam1}%
10011031,Shield Amount Increase,Aumenta a quantidade de escudo do limite Skill em {EffectParam1}%
10011041,Shield Amount Increase,Aumenta a quantidade de escudo do limite Skill em {EffectParam1}%
10011051,Shield Amount Increase,Aumenta a quantidade de escudo do limite Skill em {EffectParam1}%
10011111,Cooldown Decrease,Aumenta o limite Skill Cooldown em {EffectParam1}%
10011121,Cooldown Decrease,Aumenta o limite Skill Cooldown em {EffectParam1}%
10011131,Cooldown Decrease,Aumenta o limite Skill Cooldown em {EffectParam1}%
10011141,Cooldown Decrease,Aumenta o limite Skill Cooldown em {EffectParam1}%
10011151,Cooldown Decrease,Aumenta o limite Skill Cooldown em {EffectParam1}%
10011211,Casting Speed Increase,Aumenta a velocidade de lançamento do limite Skill em {EffectParam1}%
10011221,Casting Speed Increase,Aumenta a velocidade de lançamento do limite Skill em {EffectParam1}%
10011231,Casting Speed Increase,Aumenta a velocidade de lançamento do limite Skill em {EffectParam1}%
10011241,Casting Speed Increase,Aumenta a velocidade de lançamento do limite Skill em {EffectParam1}%
10011311,Crowd Control Resistance Increase,Aumenta a taxa de resistência ao controle de multidão em {EffectParam1}% ao lançar Bound Skill
10011321,Crowd Control Resistance Increase,Aumenta a taxa de resistência ao controle de multidão em {EffectParam1}% ao lançar Bound Skill
10011331,Crowd Control Resistance Increase,Aumenta a taxa de resistência ao controle de multidão em {EffectParam1}% ao lançar Bound Skill
10011341,Crowd Control Resistance Increase,Aumenta a taxa de resistência ao controle de multidão em {EffectParam1}% ao lançar Bound Skill
10011431,Stun Duration Increase,Aumenta a duração do atordoamento do limite Skill em {EffectParam1}%
10011441,Stun Duration Increase,Aumenta a duração do atordoamento do limite Skill em {EffectParam1}%
10011451,Stun Duration Increase,Aumenta a duração do atordoamento do limite Skill em {EffectParam1}%
10011531,Knockdown and Airborne Duration Increase,Aumenta a duração de Knockdown e Airborne do Bound Skill em {EffectParam1}%
10011541,Knockdown and Airborne Duration Increase,Aumenta a duração de Knockdown e Airborne do Bound Skill em {EffectParam1}%
10011551,Knockdown and Airborne Duration Increase,Aumenta a duração de Knockdown e Airborne do Bound Skill em {EffectParam1}%
10011631,Slow Duration Increase,Aumenta a duração da redução da velocidade de movimento desde o limite Skill em {EffectParam1}%
10011641,Slow Duration Increase,Aumenta a duração da redução da velocidade de movimento desde o limite Skill em {EffectParam1}%
10011651,Slow Duration Increase,Aumenta a duração da redução da velocidade de movimento desde o limite Skill em {EffectParam1}%
10011731,Stun Chance Increase,Aumenta a chance de acerto de atordoamento do limite Skill em {EffectParam1}%
10011741,Stun Chance Increase,Aumenta a chance de acerto de atordoamento do limite Skill em {EffectParam1}%
10011751,Stun Chance Increase,Aumenta a chance de acerto de atordoamento do limite Skill em {EffectParam1}%
10011831,Knockdown and Airborne Chance Increase,Aumenta a Chance de Knockdown e Airborne Hit do Bound Skill em {EffectParam1}%
10011841,Knockdown and Airborne Chance Increase,Aumenta a Chance de Knockdown e Airborne Hit do Bound Skill em {EffectParam1}%
10011851,Knockdown and Airborne Chance Increase,Aumenta a Chance de Knockdown e Airborne Hit do Bound Skill em {EffectParam1}%
10011931,Slow Chance Increase,Aumenta a chance de acerto de redução de velocidade de movimento de limite Skill em {EffectParam1}%
10011941,Slow Chance Increase,Aumenta a chance de acerto de redução de velocidade de movimento de limite Skill em {EffectParam1}%
10011951,Slow Chance Increase,Aumenta a chance de acerto de redução de velocidade de movimento de limite Skill em {EffectParam1}%
10012031,Affliction Duration Increase,Aumenta a duração da aflição do limite Skill em {EffectParam1}%
10012041,Affliction Duration Increase,Aumenta a duração da aflição do limite Skill em {EffectParam1}%
10012051,Affliction Duration Increase,Aumenta a duração da aflição do limite Skill em {EffectParam1}%
10012131,Affliction Chance Increase,aumenta a chance de acerto do limite Skill em {EffectParam1}%
10012141,Affliction Chance Increase,aumenta a chance de acerto do limite Skill em {EffectParam1}%
10012151,Affliction Chance Increase,aumenta a chance de acerto do limite Skill em {EffectParam1}%
10012211,MP Cost Reduction,Diminui Limite Skill Consumo de MP por {EffectParam1}%
10012221,MP Cost Reduction,Diminui Limite Skill Consumo de MP por {EffectParam1}%
10012231,MP Cost Reduction,Diminui Limite Skill Consumo de MP por {EffectParam1}%
10012241,MP Cost Reduction,Diminui Limite Skill Consumo de MP por {EffectParam1}%
10012311,Buff Duration Increase,Aumenta a duração do Buff vinculado Skill em {EffectParam1}%
10012321,Buff Duration Increase,Aumenta a duração do Buff vinculado Skill em {EffectParam1}%
10012331,Buff Duration Increase,Aumenta a duração do Buff vinculado Skill em {EffectParam1}%
10012341,Buff Duration Increase,Aumenta a duração do Buff vinculado Skill em {EffectParam1}%
10012411,HP Recovery,"Após o uso de Skill vinculado, tem uma chance de {EffectParam1}% de restaurar {EffectParam2} HP"
10012421,HP Recovery,"Após o uso de Skill vinculado, tem uma chance de {EffectParam1}% de restaurar {EffectParam2} HP"
10012431,HP Recovery,"Após o uso de Skill vinculado, tem uma chance de {EffectParam1}% de restaurar {EffectParam2} HP"
10012441,HP Recovery,"Após o uso de Skill vinculado, tem uma chance de {EffectParam1}% de restaurar {EffectParam2} HP"
10012541,Cooldown Reset,"Ao usar Skill vinculado, tem uma chance de {EffectParam1}% de redefinir o resfriamento de Skill"
10012551,Cooldown Reset,"Ao usar Skill vinculado, tem uma chance de {EffectParam1}% de redefinir o resfriamento de Skill"
10012651,Penetration Increase,Bound Skill causa dano com Penetração aumentada em {EffectParam1}.
10012711,Monster Damage Increase,Aumenta o dano do Bound Skill contra monstros em {EffectParam1}%
10012721,Monster Damage Increase,Aumenta o dano do Bound Skill contra monstros em {EffectParam1}%
10012731,Monster Damage Increase,Aumenta o dano do Bound Skill contra monstros em {EffectParam1}%
10012751,Monster Damage Increase,Aumenta o dano do Bound Skill contra monstros em {EffectParam1}%
10012811,Player Damage Increase,Aumenta o dano do Bound Skill contra jogadores em {EffectParam1}%
10012821,Player Damage Increase,Aumenta o dano do Bound Skill contra jogadores em {EffectParam1}%
10012831,Player Damage Increase,Aumenta o dano do Bound Skill contra jogadores em {EffectParam1}%
10012851,Player Damage Increase,Aumenta o dano do Bound Skill contra jogadores em {EffectParam1}%
10012911,Monster Accuracy Increase,Aumenta a taxa de precisão do limite Skill contra monstros em {EffectParam1}%
10012921,Monster Accuracy Increase,Aumenta a taxa de precisão do limite Skill contra monstros em {EffectParam1}%
10012931,Monster Accuracy Increase,Aumenta a taxa de precisão do limite Skill contra monstros em {EffectParam1}%
10012951,Monster Accuracy Increase,Aumenta a taxa de precisão do limite Skill contra monstros em {EffectParam1}%
10013011,Player Accuracy Increase,Aumenta a taxa de precisão do limite Skill contra jogadores em {EffectParam1}%
10013021,Player Accuracy Increase,Aumenta a taxa de precisão do limite Skill contra jogadores em {EffectParam1}%
10013031,Player Accuracy Increase,Aumenta a taxa de precisão do limite Skill contra jogadores em {EffectParam1}%
10013051,Player Accuracy Increase,Aumenta a taxa de precisão do limite Skill contra jogadores em {EffectParam1}%
10013111,Monster Critical Hit Chance Increase,Aumenta a chance de acerto crítico de limite Skill contra monstros em {EffectParam1}%
10013121,Monster Critical Hit Chance Increase,Aumenta a chance de acerto crítico de limite Skill contra monstros em {EffectParam1}%
10013131,Monster Critical Hit Chance Increase,Aumenta a chance de acerto crítico de limite Skill contra monstros em {EffectParam1}%
10013151,Monster Critical Hit Chance Increase,Aumenta a chance de acerto crítico de limite Skill contra monstros em {EffectParam1}%
10013211,Player Critical Hit Chance Increase,Aumenta a chance de acerto crítico de limite Skill contra jogadores em {EffectParam1}%
10013221,Player Critical Hit Chance Increase,Aumenta a chance de acerto crítico de limite Skill contra jogadores em {EffectParam1}%
10013231,Player Critical Hit Chance Increase,Aumenta a chance de acerto crítico de limite Skill contra jogadores em {EffectParam1}%
10013251,Player Critical Hit Chance Increase,Aumenta a chance de acerto crítico de limite Skill contra jogadores em {EffectParam1}%
10013311,Monster Critical Damage Increase,Aumenta o dano de acerto crítico do Bound Skill contra monstros em {EffectParam1}%
10013321,Monster Critical Damage Increase,Aumenta o dano de acerto crítico do Bound Skill contra monstros em {EffectParam1}%
10013331,Monster Critical Damage Increase,Aumenta o dano de acerto crítico do Bound Skill contra monstros em {EffectParam1}%
10013351,Monster Critical Damage Increase,Aumenta o dano de acerto crítico do Bound Skill contra monstros em {EffectParam1}%
10013411,Player Critical Damage Increase,Aumenta o dano de acerto crítico do Bound Skill contra jogadores em {EffectParam1}%
10013421,Player Critical Damage Increase,Aumenta o dano de acerto crítico do Bound Skill contra jogadores em {EffectParam1}%
10013431,Player Critical Damage Increase,Aumenta o dano de acerto crítico do Bound Skill contra jogadores em {EffectParam1}%
10013451,Player Critical Damage Increase,Aumenta o dano de acerto crítico do Bound Skill contra jogadores em {EffectParam1}%
10013511,Maximization Chance Increase,Aumenta a chance de maximização de Limita Skill em {EffectParam1}%
10013521,Maximization Chance Increase,Aumenta a chance de maximização de Limita Skill em {EffectParam1}%
10013531,Maximization Chance Increase,Aumenta a chance de maximização de Limita Skill em {EffectParam1}%
10013541,Maximization Chance Increase,Aumenta a chance de maximização de Limita Skill em {EffectParam1}%
10013551,Maximization Chance Increase,Aumenta a chance de maximização de Limita Skill em {EffectParam1}%
10013611,MP Recovery,"Após o uso de Skill vinculado, tem uma chance de {EffectParam2}% de restaurar {EffectParam1} MP"
10013621,MP Recovery,"Após o uso de Skill vinculado, tem uma chance de {EffectParam2}% de restaurar {EffectParam1} MP"
10013631,MP Recovery,"Após o uso de Skill vinculado, tem uma chance de {EffectParam2}% de restaurar {EffectParam1} MP"
10013641,MP Recovery,"Após o uso de Skill vinculado, tem uma chance de {EffectParam2}% de restaurar {EffectParam1} MP"
10013711,Shield Generation,"Ao usar o Bound Skill, tem uma chance de {EffectParam2}% de criar um Escudo {EffectParam1} por {EffectParam3} segundos (o efeito não se acumula)"
10013721,Shield Generation,"Ao usar o Bound Skill, tem uma chance de {EffectParam2}% de criar um Escudo {EffectParam1} por {EffectParam3} segundos (o efeito não se acumula)"
10013731,Shield Generation,"Ao usar o Bound Skill, tem uma chance de {EffectParam2}% de criar um Escudo {EffectParam1} por {EffectParam3} segundos (o efeito não se acumula)"
10013741,Shield Generation,"Ao usar o Bound Skill, tem uma chance de {EffectParam2}% de criar um Escudo {EffectParam1} por {EffectParam3} segundos (o efeito não se acumula)"
10013811,Movement Speed Increase,"Após o uso de Bound Skill, aumenta a velocidade de movimento em {EffectParam1}% por {EffectParam2} segundos (o efeito não se acumula)"
10013821,Movement Speed Increase,"Após o uso de Bound Skill, aumenta a velocidade de movimento em {EffectParam1}% por {EffectParam2} segundos (o efeito não se acumula)"
10013831,Movement Speed Increase,"Após o uso de Bound Skill, aumenta a velocidade de movimento em {EffectParam1}% por {EffectParam2} segundos (o efeito não se acumula)"
10013841,Movement Speed Increase,"Após o uso de Bound Skill, aumenta a velocidade de movimento em {EffectParam1}% por {EffectParam2} segundos (o efeito não se acumula)"
10013941,Reduces Damage Taken,"Após o uso de Skill vinculado, reduz o dano recebido em {EffectParam1}% por {EffectParam2} segundos (o efeito não se acumula)"
10013951,Reduces Damage Taken,"Após o uso de Skill vinculado, reduz o dano recebido em {EffectParam1}% por {EffectParam2} segundos (o efeito não se acumula)"
10014041,Increases Evasion Chance,"Após o uso do limite Skill, aumenta a taxa de evasão em {EffectParam1}% por {EffectParam2} segundos (o efeito não se acumula)"
10014051,Increases Evasion Chance,"Após o uso do limite Skill, aumenta a taxa de evasão em {EffectParam1}% por {EffectParam2} segundos (o efeito não se acumula)"
10014141,Crowd Control Resistance Increase,"Após o uso de Skill vinculado, aumenta a taxa de resistência ao controle de multidão em {EffectParam1}% por {EffectParam2} segundos (o efeito não se acumula)"
10014151,Crowd Control Resistance Increase,"Após o uso de Skill vinculado, aumenta a taxa de resistência ao controle de multidão em {EffectParam1}% por {EffectParam2} segundos (o efeito não se acumula)"
10014241,Increased Damage to Boss Monsters,Aumenta o dano vinculado de Skill contra monstros chefes em {EffectParam1}%
10014251,Increased Damage to Boss Monsters,Aumenta o dano vinculado de Skill contra monstros chefes em {EffectParam1}%
10014341,Increased Damage to Shielded Targets,Aumenta Skill vinculado Dano contra alvos protegidos em {EffectParam1}%
10014351,Increased Damage to Shielded Targets,Aumenta Skill vinculado Dano contra alvos protegidos em {EffectParam1}%
10014441,Boss Monster Accuracy Increase,Aumenta Linked Skill Taxa de precisão contra monstros chefes em {EffectParam1}%
10014451,Boss Monster Accuracy Increase,Aumenta Linked Skill Taxa de precisão contra monstros chefes em {EffectParam1}%
10014541,Boss Monster Critical Hit Chance Increase,aumenta vinculado Skill Chance de acerto crítico contra monstros chefes em {EffectParam1}%
10014551,Boss Monster Critical Hit Chance Increase,aumenta vinculado Skill Chance de acerto crítico contra monstros chefes em {EffectParam1}%
10014641,Boss Monster Critical Damage Increase,Aumenta em {EffectParam1}% o dano crítico de Skill vinculada contra monstros chefes.
10014651,Boss Monster Critical Damage Increase,Aumenta em {EffectParam1}% o dano crítico de Skill vinculada contra monstros chefes.
10014741,Increase Critical Hit Resistance Rate ,"No lançamento de Skill vinculado, aumenta a taxa de resistência ao acerto crítico em {EffectParam1}% para {EffectParam2}s (o efeito não se acumula)"
10014751,Increase Critical Hit Resistance Rate ,"No lançamento de Skill vinculado, aumenta a taxa de resistência ao acerto crítico em {EffectParam1}% para {EffectParam2}s (o efeito não se acumula)"
10014841,Attack Power Increase,"No lançamento de Skill vinculado, aumenta o poder de ataque em {EffectParam1} para {EffectParam2}s (o efeito não se acumula)"
10014851,Attack Power Increase,"No lançamento de Skill vinculado, aumenta o poder de ataque em {EffectParam1} para {EffectParam2}s (o efeito não se acumula)"
10014941,Increases Defense,"No lançamento de Skill vinculado, aumenta a defesa em {EffectParam1} para {EffectParam2}s (efeito não acumula)"
10014951,Increases Defense,"No lançamento de Skill vinculado, aumenta a defesa em {EffectParam1} para {EffectParam2}s (efeito não acumula)"
10015041,Increase Skill Cast Speed,"No lançamento vinculado de Skill, aumenta a velocidade de lançamento de Skill em {EffectParam1}% para {EffectParam2}s (efeito não acumula)"
10015051,Increase Skill Cast Speed,"No lançamento vinculado de Skill, aumenta a velocidade de lançamento de Skill em {EffectParam1}% para {EffectParam2}s (efeito não acumula)"
10020011,Increase [Basic Attack] Power,O Ataque Básico causa dano com Poder de Ataque aumentado em {EffectParam1}
10020021,Increase [Basic Attack] Power,O Ataque Básico causa dano com Poder de Ataque aumentado em {EffectParam1}
10020031,Increase [Basic Attack] Power,O Ataque Básico causa dano com Poder de Ataque aumentado em {EffectParam1}
10020041,Increase [Basic Attack] Power,O Ataque Básico causa dano com Poder de Ataque aumentado em {EffectParam1}
10020051,Increase [Basic Attack] Power,O Ataque Básico causa dano com Poder de Ataque aumentado em {EffectParam1}
10020111,Increase [Basic Attack] Accuracy,O Ataque Básico causa dano com Precisão aumentada em {EffectParam1}
10020121,Increase [Basic Attack] Accuracy,O Ataque Básico causa dano com Precisão aumentada em {EffectParam1}
10020131,Increase [Basic Attack] Accuracy,O Ataque Básico causa dano com Precisão aumentada em {EffectParam1}
10020141,Increase [Basic Attack] Accuracy,O Ataque Básico causa dano com Precisão aumentada em {EffectParam1}
10020151,Increase [Basic Attack] Accuracy,O Ataque Básico causa dano com Precisão aumentada em {EffectParam1}
10020211,Increase [Basic Attack] Critical Hit,O Ataque Básico causa dano com Crítico aumentado em {EffectParam1}
10020221,Increase [Basic Attack] Critical Hit,O Ataque Básico causa dano com Crítico aumentado em {EffectParam1}
10020231,Increase [Basic Attack] Critical Hit,O Ataque Básico causa dano com Crítico aumentado em {EffectParam1}
10020241,Increase [Basic Attack] Critical Hit,O Ataque Básico causa dano com Crítico aumentado em {EffectParam1}
10020251,Increase [Basic Attack] Critical Hit,O Ataque Básico causa dano com Crítico aumentado em {EffectParam1}
10020341,Increase [Basic Attack] Damage,Aumenta o dano de ataque básico em {EffectParam1}%
10020351,Increase [Basic Attack] Damage,Aumenta o dano de ataque básico em {EffectParam1}%
10020441,Increase [Basic Attack] Accuracy Rate,Aumenta a taxa de precisão de ataque básico em {EffectParam1}%
10020451,Increase [Basic Attack] Accuracy Rate,Aumenta a taxa de precisão de ataque básico em {EffectParam1}%
10020541,Increase [Basic Attack] Critical Hit Chance,Aumenta a chance de acerto crítico de ataque básico em {EffectParam1}%
10020551,Increase [Basic Attack] Critical Hit Chance,Aumenta a chance de acerto crítico de ataque básico em {EffectParam1}%
10020641,Increase [Basic Attack] Critical Hit Damage,Aumenta o Ataque Básico Dano de acerto crítico em {EffectParam1}%
10020651,Increase [Basic Attack] Critical Hit Damage,Aumenta o Ataque Básico Dano de acerto crítico em {EffectParam1}%
10020741,Increase [Basic Attack] Speed,Aumenta em {EffectParam1}% a velocidade do ataque básico.
10020751,Increase [Basic Attack] Speed,Aumenta em {EffectParam1}% a velocidade do ataque básico.
10020811,Reduce [Basic Attack] Power,"Ao acertar o Ataque Básico, tem {EffectParam1}% de chance de reduzir o poder de ataque do alvo em {EffectParam3} por {EffectParam2} sec
 (tempo de espera: {EffectParam4} seg)"
10020821,Reduce [Basic Attack] Power,"Ao acertar o Ataque Básico, tem {EffectParam1}% de chance de reduzir o poder de ataque do alvo em {EffectParam3} por {EffectParam2} sec
 (tempo de espera: {EffectParam4} seg)"
10020831,Reduce [Basic Attack] Power,"Ao acertar o Ataque Básico, tem {EffectParam1}% de chance de reduzir o poder de ataque do alvo em {EffectParam3} por {EffectParam2} sec
 (tempo de espera: {EffectParam4} seg)"
10020841,Reduce [Basic Attack] Power,"Ao acertar o Ataque Básico, tem {EffectParam1}% de chance de reduzir o poder de ataque do alvo em {EffectParam3} por {EffectParam2} sec
 (tempo de espera: {EffectParam4} seg)"
10020851,Reduce [Basic Attack] Power,"Ao acertar o Ataque Básico, tem {EffectParam1}% de chance de reduzir o poder de ataque do alvo em {EffectParam3} por {EffectParam2} sec
 (tempo de espera: {EffectParam4} seg)"
10020911,Reduce [Basic Attack] Defense,"Ao acertar o Ataque Básico, tem {EffectParam1}% de chance de reduzir a Defesa do alvo em {EffectParam3} para {EffectParam2} sec
 (cooldown: {EffectParam4} seg)"
10020921,Reduce [Basic Attack] Defense,"Ao acertar o Ataque Básico, tem {EffectParam1}% de chance de reduzir a Defesa do alvo em {EffectParam3} para {EffectParam2} sec
 (cooldown: {EffectParam4} seg)"
10020931,Reduce [Basic Attack] Defense,"Ao acertar o Ataque Básico, tem {EffectParam1}% de chance de reduzir a Defesa do alvo em {EffectParam3} para {EffectParam2} sec
 (cooldown: {EffectParam4} seg)"
10020941,Reduce [Basic Attack] Defense,"Ao acertar o Ataque Básico, tem {EffectParam1}% de chance de reduzir a Defesa do alvo em {EffectParam3} para {EffectParam2} sec
 (cooldown: {EffectParam4} seg)"
10020951,Reduce [Basic Attack] Defense,"Ao acertar o Ataque Básico, tem {EffectParam1}% de chance de reduzir a Defesa do alvo em {EffectParam3} para {EffectParam2} sec
 (cooldown: {EffectParam4} seg)"
10021041,Add Bleeding to [Basic Attack],"Ao acertar o Ataque Básico, tem {EffectParam1}% de chance de infligir Sangramento no alvo por {EffectParam2} sec
 (cooldown: {EffectParam3} sec)"
10021051,Add Bleeding to [Basic Attack],"Ao acertar o Ataque Básico, tem {EffectParam1}% de chance de infligir Sangramento no alvo por {EffectParam2} sec
 (cooldown: {EffectParam3} sec)"
10021141,Add Bind to [Basic Attack],"Ao acertar o Ataque Básico, tem {EffectParam1}% de chance de infligir Vinculação no alvo por {EffectParam2}s
 (tempo de espera: {EffectParam3} seg)"
10021151,Add Bind to [Basic Attack],"Ao acertar o Ataque Básico, tem {EffectParam1}% de chance de infligir Vinculação no alvo por {EffectParam2}s
 (tempo de espera: {EffectParam3} seg)"
10021241,Add Stun to [Basic Attack],"Ao acertar o Ataque Básico, tem {EffectParam1}% de chance de infligir Atordoamento no alvo por {EffectParam2}s
 (cooldown: {EffectParam3} seg)"
10021251,Add Stun to [Basic Attack],"Ao acertar o Ataque Básico, tem {EffectParam1}% de chance de infligir Atordoamento no alvo por {EffectParam2}s
 (cooldown: {EffectParam3} seg)"
10021351,Increase [Basic Attack] Penetration,Ataque Básico causa dano com Penetração aumentada em {EffectParam1}%
10021411,Increase [Basic Attack] Damage against Monsters,Aumenta o dano de ataque básico contra monstros em {EffectParam1}%
10021421,Increase [Basic Attack] Damage against Monsters,Aumenta o dano de ataque básico contra monstros em {EffectParam1}%
10021431,Increase [Basic Attack] Damage against Monsters,Aumenta o dano de ataque básico contra monstros em {EffectParam1}%
10021451,Increase [Basic Attack] Damage against Monsters,Aumenta o dano de ataque básico contra monstros em {EffectParam1}%
10021511,Increase [Basic Attack] Damage against Players,Aumenta o dano de ataque básico contra jogadores em {EffectParam1}%
10021521,Increase [Basic Attack] Damage against Players,Aumenta o dano de ataque básico contra jogadores em {EffectParam1}%
10021531,Increase [Basic Attack] Damage against Players,Aumenta o dano de ataque básico contra jogadores em {EffectParam1}%
10021551,Increase [Basic Attack] Damage against Players,Aumenta o dano de ataque básico contra jogadores em {EffectParam1}%
10021641,Increase [Basic Attack] Damage against boss monsters,Aumenta o dano de ataque básico contra monstros chefes em {EffectParam1}%
10021651,Increase [Basic Attack] Damage against boss monsters,Aumenta o dano de ataque básico contra monstros chefes em {EffectParam1}%
10021711,Increase [Basic Attack] Accuracy Rate against Monsters,Aumenta a taxa de precisão de ataque básico contra monstros em {EffectParam1}%
10021721,Increase [Basic Attack] Accuracy Rate against Monsters,Aumenta a taxa de precisão de ataque básico contra monstros em {EffectParam1}%
10021731,Increase [Basic Attack] Accuracy Rate against Monsters,Aumenta a taxa de precisão de ataque básico contra monstros em {EffectParam1}%
10021751,Increase [Basic Attack] Accuracy Rate against Monsters,Aumenta a taxa de precisão de ataque básico contra monstros em {EffectParam1}%
10021811,Increase [Basic Attack] Accuracy Rate against Players,Aumenta a taxa de precisão de ataque básico contra jogadores em {EffectParam1}%
10021821,Increase [Basic Attack] Accuracy Rate against Players,Aumenta a taxa de precisão de ataque básico contra jogadores em {EffectParam1}%
10021831,Increase [Basic Attack] Accuracy Rate against Players,Aumenta a taxa de precisão de ataque básico contra jogadores em {EffectParam1}%
10021851,Increase [Basic Attack] Accuracy Rate against Players,Aumenta a taxa de precisão de ataque básico contra jogadores em {EffectParam1}%
10021911,Increase [Basic Attack] Critical Hit Chance against Monsters,Aumenta a chance crítica de ataque básico contra monstros em {EffectParam1}%
10021921,Increase [Basic Attack] Critical Hit Chance against Monsters,Aumenta a chance crítica de ataque básico contra monstros em {EffectParam1}%
10021931,Increase [Basic Attack] Critical Hit Chance against Monsters,Aumenta a chance crítica de ataque básico contra monstros em {EffectParam1}%
10021951,Increase [Basic Attack] Critical Hit Chance against Monsters,Aumenta a chance crítica de ataque básico contra monstros em {EffectParam1}%
10022011,Increase [Basic Attack] Critical Hit Chance against Players,Aumenta a chance de acerto crítico de ataque básico contra jogadores em {EffectParam1}%
10022021,Increase [Basic Attack] Critical Hit Chance against Players,Aumenta a chance de acerto crítico de ataque básico contra jogadores em {EffectParam1}%
10022031,Increase [Basic Attack] Critical Hit Chance against Players,Aumenta a chance de acerto crítico de ataque básico contra jogadores em {EffectParam1}%
10022051,Increase [Basic Attack] Critical Hit Chance against Players,Aumenta a chance de acerto crítico de ataque básico contra jogadores em {EffectParam1}%
10022111,Increase [Basic Attack] Critical Hit Damage against Monsters,Aumenta o Dano de Acerto Crítico do Ataque Básico contra monstros em {EffectParam1}%
10022121,Increase [Basic Attack] Critical Hit Damage against Monsters,Aumenta o Dano de Acerto Crítico do Ataque Básico contra monstros em {EffectParam1}%
10022131,Increase [Basic Attack] Critical Hit Damage against Monsters,Aumenta o Dano de Acerto Crítico do Ataque Básico contra monstros em {EffectParam1}%
10022151,Increase [Basic Attack] Critical Hit Damage against Monsters,Aumenta o Dano de Acerto Crítico do Ataque Básico contra monstros em {EffectParam1}%
10022211,Increase [Basic Attack] Critical Hit Damage against Players,Aumenta o Dano de Acerto Crítico do Ataque Básico contra jogadores em {EffectParam1}%
10022221,Increase [Basic Attack] Critical Hit Damage against Players,Aumenta o Dano de Acerto Crítico do Ataque Básico contra jogadores em {EffectParam1}%
10022231,Increase [Basic Attack] Critical Hit Damage against Players,Aumenta o Dano de Acerto Crítico do Ataque Básico contra jogadores em {EffectParam1}%
10022251,Increase [Basic Attack] Critical Hit Damage against Players,Aumenta o Dano de Acerto Crítico do Ataque Básico contra jogadores em {EffectParam1}%
10022311,Increase [Basic Attack] Maximization Chance,Aumenta a chance de maximização de ataque básico em {EffectParam1}%
10022321,Increase [Basic Attack] Maximization Chance,Aumenta a chance de maximização de ataque básico em {EffectParam1}%
10022331,Increase [Basic Attack] Maximization Chance,Aumenta a chance de maximização de ataque básico em {EffectParam1}%
10022341,Increase [Basic Attack] Maximization Chance,Aumenta a chance de maximização de ataque básico em {EffectParam1}%
10022351,Increase [Basic Attack] Maximization Chance,Aumenta a chance de maximização de ataque básico em {EffectParam1}%
10022441,Add Movement Speed Reduction to [Basic Attack],"Ao acertar o Ataque Básico, tem {EffectParam2}% de chance de infligir Redução de Velocidade de Movimento no alvo por {EffectParam3}s Lentos {EffectParam1}% (tempo de espera: {EffectParam4} seg)"
10022451,Add Movement Speed Reduction to [Basic Attack],"Ao acertar o Ataque Básico, tem {EffectParam2}% de chance de infligir Redução de Velocidade de Movimento no alvo por {EffectParam3}s Lentos {EffectParam1}% (tempo de espera: {EffectParam4} seg)"
10022541,Add Burn to [Basic Attack],"Ao acertar o Ataque Básico, tem {EffectParam2}% de chance de infligir Queimadura no alvo por {EffectParam1} seg (tempo de espera: {EffectParam3} seg)"
10022551,Add Burn to [Basic Attack],"Ao acertar o Ataque Básico, tem {EffectParam2}% de chance de infligir Queimadura no alvo por {EffectParam1} seg (tempo de espera: {EffectParam3} seg)"
10022641,Add Freeze to [Basic Attack],"Ao acertar o Ataque Básico, tem {EffectParam2}% de chance de infligir Congelamento no alvo por {EffectParam1} seg (tempo de espera: {EffectParam3} seg)"
10022651,Add Freeze to [Basic Attack],"Ao acertar o Ataque Básico, tem {EffectParam2}% de chance de infligir Congelamento no alvo por {EffectParam1} seg (tempo de espera: {EffectParam3} seg)"
10022741,Add Poison to [Basic Attack],"Ao acertar o Ataque Básico, tem {EffectParam2}% de chance de Inflict Poison no alvo por {EffectParam1} seg (tempo de recarga: {EffectParam3} seg)"
10022751,Add Poison to [Basic Attack],"Ao acertar o Ataque Básico, tem {EffectParam2}% de chance de Inflict Poison no alvo por {EffectParam1} seg (tempo de recarga: {EffectParam3} seg)"
10022841,Increases [Basic Attack] Damage against Crowd Controlled targets,Aumenta o dano de ataques básicos contra alvos controlados por multidão em {EffectParam1}%
10022851,Increases [Basic Attack] Damage against Crowd Controlled targets,Aumenta o dano de ataques básicos contra alvos controlados por multidão em {EffectParam1}%
10022941,Increases [Basic Attack] Damage against Afflicted targets,Aumenta o dano de ataques básicos contra alvos afetados em {EffectParam1}%
10022951,Increases [Basic Attack] Damage against Afflicted targets,Aumenta o dano de ataques básicos contra alvos afetados em {EffectParam1}%
10023041,Increases [Basic Attack] Damage against Shielded targets,Aumenta o dano de ataque básico contra alvos protegidos em {EffectParam1}%
10023051,Increases [Basic Attack] Damage against Shielded targets,Aumenta o dano de ataque básico contra alvos protegidos em {EffectParam1}%
10023141,Increases [Basic Attack] Accuracy Rate against Boss Monsters,Aumenta a taxa de precisão de ataque básico contra monstros chefes em {EffectParam1}%
10023151,Increases [Basic Attack] Accuracy Rate against Boss Monsters,Aumenta a taxa de precisão de ataque básico contra monstros chefes em {EffectParam1}%
10023241,Increases [Basic Attack] Critical Hit Chance against Boss Monsters,Aumenta o ataque básico Chance de acerto crítico de ataque contra monstros chefes em {EffectParam1}%
10023251,Increases [Basic Attack] Critical Hit Chance against Boss Monsters,Aumenta o ataque básico Chance de acerto crítico de ataque contra monstros chefes em {EffectParam1}%
10023341,Increases [Basic Attack] Critical Hit Damage against Boss Monsters,Aumenta a chance de acerto crítico de ataque básico Dano contra Monstros Chefes em {EffectParam1}%
10023351,Increases [Basic Attack] Critical Hit Damage against Boss Monsters,Aumenta a chance de acerto crítico de ataque básico Dano contra Monstros Chefes em {EffectParam1}%
10023441,Increases Movement Speed on [Basic Attacks],"No ataque básico, tem uma chance de {EffectParam2}% de aumentar a velocidade de movimento em {EffectParam1}% para {EffectParam3}s (recarga: {EffectParam4}s)"
10023451,Increases Movement Speed on [Basic Attacks],"No ataque básico, tem uma chance de {EffectParam2}% de aumentar a velocidade de movimento em {EffectParam1}% para {EffectParam3}s (recarga: {EffectParam4}s)"
10023541,Restores MP on [Basic Attacks],Derrotar um jogador com um Ataque Básico restaura {EffectParam1}% MP (tempo de espera: {EffectParam2}s)
10023551,Restores MP on [Basic Attacks],Derrotar um jogador com um Ataque Básico restaura {EffectParam1}% MP (tempo de espera: {EffectParam2}s)
10030011,Reduce [Dash] Cooldown,Reduz o Tempo de Recarga do Dash em {EffectParam1}%
10030021,Reduce [Dash] Cooldown,Reduz o Tempo de Recarga do Dash em {EffectParam1}%
10030031,Reduce [Dash] Cooldown,Reduz o Tempo de Recarga do Dash em {EffectParam1}%
10030041,Reduce [Dash] Cooldown,Reduz o Tempo de Recarga do Dash em {EffectParam1}%
10030051,Reduce [Dash] Cooldown,Reduz o Tempo de Recarga do Dash em {EffectParam1}%
10030141,Increase [Dash] Distance,Aumenta a distância do traço em {EffectParam1}m
10030151,Increase [Dash] Distance,Aumenta a distância do traço em {EffectParam1}m
10030251,Increase Max [Dash],Aumenta Max Dash em {EffectParam1}
10030311,[Dash] to Reset Cooldown,Usar Dash tem uma chance de {EffectParam1}% de redefinir o tempo de recarga do Dash.
10030321,[Dash] to Reset Cooldown,Usar Dash tem uma chance de {EffectParam1}% de redefinir o tempo de recarga do Dash.
10030331,[Dash] to Reset Cooldown,Usar Dash tem uma chance de {EffectParam1}% de redefinir o tempo de recarga do Dash.
10030341,[Dash] to Reset Cooldown,Usar Dash tem uma chance de {EffectParam1}% de redefinir o tempo de recarga do Dash.
10030351,[Dash] to Reset Cooldown,Usar Dash tem uma chance de {EffectParam1}% de redefinir o tempo de recarga do Dash.
10030441,[Dash] to Increase Crowd Control Resistance Rate,Usar Dash tem uma chance de {EffectParam2}% de aumentar a taxa de resistência ao Crowd Control por {EffectParam1} seg (cooldown: {EffectParam3} seg)
10030451,[Dash] to Increase Crowd Control Resistance Rate,Usar Dash tem uma chance de {EffectParam2}% de aumentar a taxa de resistência ao Crowd Control por {EffectParam1} seg (cooldown: {EffectParam3} seg)
10030511,[Dash] to Increase Movement Speed,Usar Dash aumenta a velocidade de movimento em {EffectParam2}% para {EffectParam1}s
10030521,[Dash] to Increase Movement Speed,Usar Dash aumenta a velocidade de movimento em {EffectParam2}% para {EffectParam1}s
10030531,[Dash] to Increase Movement Speed,Usar Dash aumenta a velocidade de movimento em {EffectParam2}% para {EffectParam1}s
10030541,[Dash] to Increase Movement Speed,Usar Dash aumenta a velocidade de movimento em {EffectParam2}% para {EffectParam1}s
10030551,[Dash] to Increase Movement Speed,Usar Dash aumenta a velocidade de movimento em {EffectParam2}% para {EffectParam1}s
10030641,[Dash] to Increase Evasion Rate,Usar Dash aumenta Taxa de Evasão em {EffectParam2}% por {EffectParam1} seg (tempo de espera: {EffectParam3} seg)
10030651,[Dash] to Increase Evasion Rate,Usar Dash aumenta Taxa de Evasão em {EffectParam2}% por {EffectParam1} seg (tempo de espera: {EffectParam3} seg)
10030751,[Dash] to Remove Crowd Control,"Após Dash enquanto estiver sob Crowd Control, remove imediatamente Crowd Control
Além disso, aumenta a taxa de resistência de Crowd Control em {EffectParam2}% para {EffectParam1}s.
 (Recarga: 90 seg.)"
10030841,[Dash] to Ignore Collision,"Ao usar Dash, ignora colisão
Reduz o cooldown do Dash em {EffectParam1}%"
10030851,[Dash] to Ignore Collision,"Ao usar Dash, ignora colisão
Reduz o cooldown do Dash em {EffectParam1}%"
10030911,[Dash] to Increase Cast Speed,Usar Dash aumenta a velocidade de lançamento em {EffectParam1}% para {EffectParam2} sec
10030921,[Dash] to Increase Cast Speed,Usar Dash aumenta a velocidade de lançamento em {EffectParam1}% para {EffectParam2} sec
10030931,[Dash] to Increase Cast Speed,Usar Dash aumenta a velocidade de lançamento em {EffectParam1}% para {EffectParam2} sec
10030941,[Dash] to Increase Cast Speed,Usar Dash aumenta a velocidade de lançamento em {EffectParam1}% para {EffectParam2} sec
10030951,[Dash] to Increase Cast Speed,Usar Dash aumenta a velocidade de lançamento em {EffectParam1}% para {EffectParam2} sec
10031041,[Dash] to Increase Defense,Usar Dash aumenta a Defesa em {EffectParam1} para {EffectParam2} seg (cooldown: {EffectParam3} seg)
10031051,[Dash] to Increase Defense,Usar Dash aumenta a Defesa em {EffectParam1} para {EffectParam2} seg (cooldown: {EffectParam3} seg)
10031111,[Dash] to Increase Defense against Monsters,Usar Dash aumenta a defesa contra monstros em {EffectParam1} por {EffectParam2} seg (cooldown: {EffectParam3} seg)
10031121,[Dash] to Increase Defense against Monsters,Usar Dash aumenta a defesa contra monstros em {EffectParam1} por {EffectParam2} seg (cooldown: {EffectParam3} seg)
10031131,[Dash] to Increase Defense against Monsters,Usar Dash aumenta a defesa contra monstros em {EffectParam1} por {EffectParam2} seg (cooldown: {EffectParam3} seg)
10031211,[Dash] to Increase Defense against Players,Usar Dash aumenta a defesa contra jogadores em {EffectParam1} por {EffectParam2} seg (cooldown: {EffectParam3} seg)
10031221,[Dash] to Increase Defense against Players,Usar Dash aumenta a defesa contra jogadores em {EffectParam1} por {EffectParam2} seg (cooldown: {EffectParam3} seg)
10031231,[Dash] to Increase Defense against Players,Usar Dash aumenta a defesa contra jogadores em {EffectParam1} por {EffectParam2} seg (cooldown: {EffectParam3} seg)
10031341,[Dash] to Increase Evasion,Usar Dash aumenta a Evasão em {EffectParam1} para {EffectParam2} seg (recarga: {EffectParam3} seg)
10031351,[Dash] to Increase Evasion,Usar Dash aumenta a Evasão em {EffectParam1} para {EffectParam2} seg (recarga: {EffectParam3} seg)
10031411,[Dash] to Increase Evasion against Monsters,Usar Dash aumenta a Evasão contra monstros em {EffectParam1} por {EffectParam2} seg (cooldown: {EffectParam3} seg)
10031421,[Dash] to Increase Evasion against Monsters,Usar Dash aumenta a Evasão contra monstros em {EffectParam1} por {EffectParam2} seg (cooldown: {EffectParam3} seg)
10031431,[Dash] to Increase Evasion against Monsters,Usar Dash aumenta a Evasão contra monstros em {EffectParam1} por {EffectParam2} seg (cooldown: {EffectParam3} seg)
10031511,[Dash] to Increase Evasion against Players,Usar Dash aumenta a Evasão contra jogadores em {EffectParam1} por {EffectParam2} seg (cooldown: {EffectParam3} seg)
10031521,[Dash] to Increase Evasion against Players,Usar Dash aumenta a Evasão contra jogadores em {EffectParam1} por {EffectParam2} seg (cooldown: {EffectParam3} seg)
10031531,[Dash] to Increase Evasion against Players,Usar Dash aumenta a Evasão contra jogadores em {EffectParam1} por {EffectParam2} seg (cooldown: {EffectParam3} seg)
10031641,[Dash] to Increase Critical Hit Resistance,Usar Dash aumenta a resistência a golpes críticos em {EffectParam1} por {EffectParam2} seg (cooldown: {EffectParam3} seg)
10031651,[Dash] to Increase Critical Hit Resistance,Usar Dash aumenta a resistência a golpes críticos em {EffectParam1} por {EffectParam2} seg (cooldown: {EffectParam3} seg)
10031711,[Dash] to Increase Critical Hit Resistance against Monsters,Usar Dash aumenta a resistência a golpes críticos contra monstros em {EffectParam1} por {EffectParam2} seg (cooldown: {EffectParam3} seg)
10031721,[Dash] to Increase Critical Hit Resistance against Monsters,Usar Dash aumenta a resistência a golpes críticos contra monstros em {EffectParam1} por {EffectParam2} seg (cooldown: {EffectParam3} seg)
10031731,[Dash] to Increase Critical Hit Resistance against Monsters,Usar Dash aumenta a resistência a golpes críticos contra monstros em {EffectParam1} por {EffectParam2} seg (cooldown: {EffectParam3} seg)
10031811,[Dash] to Increase Critical Hit Resistance against Players,Usar Dash aumenta a resistência a golpes críticos contra jogadores em {EffectParam1} por {EffectParam2} seg (tempo de espera: {EffectParam3} seg)
10031821,[Dash] to Increase Critical Hit Resistance against Players,Usar Dash aumenta a resistência a golpes críticos contra jogadores em {EffectParam1} por {EffectParam2} seg (tempo de espera: {EffectParam3} seg)
10031831,[Dash] to Increase Critical Hit Resistance against Players,Usar Dash aumenta a resistência a golpes críticos contra jogadores em {EffectParam1} por {EffectParam2} seg (tempo de espera: {EffectParam3} seg)
10031941,[Dash] to Reduce Basic Attack Damage Received,Usar Dash reduz o Dano de Ataque Básico recebido em {EffectParam1}% por {EffectParam2} seg (tempo de espera: {EffectParam3} seg)
10031951,[Dash] to Reduce Basic Attack Damage Received,Usar Dash reduz o Dano de Ataque Básico recebido em {EffectParam1}% por {EffectParam2} seg (tempo de espera: {EffectParam3} seg)
10032041,[Dash] to Reduce Skill Damage Received,Usar Dash reduz Skill Dano recebido em {EffectParam1}% por {EffectParam2} seg (tempo de espera: {EffectParam3} seg)
10032051,[Dash] to Reduce Skill Damage Received,Usar Dash reduz Skill Dano recebido em {EffectParam1}% por {EffectParam2} seg (tempo de espera: {EffectParam3} seg)
10032141,[Dash] to Reduce Damage Received from Monsters,Usar Dash reduz o dano recebido de monstros em {EffectParam1}% por {EffectParam2} seg (tempo de espera: {EffectParam3} seg)
10032151,[Dash] to Reduce Damage Received from Monsters,Usar Dash reduz o dano recebido de monstros em {EffectParam1}% por {EffectParam2} seg (tempo de espera: {EffectParam3} seg)
10032241,[Dash] to Reduce Damage Received from Players,Usar Dash reduz o dano recebido dos jogadores em {EffectParam1}% por {EffectParam2} segundos (tempo de espera: {EffectParam3} segundos)
10032251,[Dash] to Reduce Damage Received from Players,Usar Dash reduz o dano recebido dos jogadores em {EffectParam1}% por {EffectParam2} segundos (tempo de espera: {EffectParam3} segundos)
10032351,[Dash] to Remove Affliction,"Usar Dash remove imediatamente Affliction (cooldown: {EffectParam3} seg)
Além disso, aumenta a taxa de resistência à aflição em {EffectParam1}% para {EffectParam2} sec"
10032451,Add Invisibility to [Dash],Usar Dash tem uma chance de {EffectParam1}% de conceder Invisibilidade para {EffectParam2}s
10032541,[Dash] Gale,"Usar Dash tem {EffectParam1}% de chance de ativar
Causa dano a inimigos próximos com {EffectParam2}% de chance de empurrá-los para trás. (cooldown: {EffectParam3}s)"
10032551,[Dash] Gale,"Usar Dash tem {EffectParam1}% de chance de ativar
Causa dano a inimigos próximos com {EffectParam2}% de chance de empurrá-los para trás. (cooldown: {EffectParam3}s)"
10032641,[Dash] Blast,"Usar Dash tem uma chance de {EffectParam1}% de ativar
Causa dano a inimigos próximos com {EffectParam2}% de chance de atordoá-los por {EffectParam3}s. (cooldown: {EffectParam4}s)"
10032651,[Dash] Blast,"Usar Dash tem uma chance de {EffectParam1}% de ativar
Causa dano a inimigos próximos com {EffectParam2}% de chance de atordoá-los por {EffectParam3}s. (cooldown: {EffectParam4}s)"
500031,Mercenary's Power,"Quando ativado, consome Memorite para aumentar o Dano de Ataque Básico 
 em {EffectParam1}% e o Poder de Ataque Básico em {EffectParam2}"
500041,Knight's Power,"Quando ativado, consome Memorite para aumentar o Dano de Ataque Básico 
 em {EffectParam1}% e o Poder de Ataque Básico em {EffectParam2}"
500051,Champion's Power,"Quando ativado, consome Memorite para aumentar o Dano de Ataque Básico 
 em {EffectParam1}% e o Poder de Ataque Básico em {EffectParam2}"
500061,Hero's Power,"Quando ativado, consome Memorite para aumentar o Dano de Ataque Básico 
 em {EffectParam1}% e o Poder de Ataque Básico em {EffectParam2}"
514011,Quick Heal,Aumenta a quantidade de cura em {EffectParam1}%
514021,Enhance Fighting Spirit,Aumenta a maximização em {EffectParam1}%
514031,Enhance Vision,Aumenta a taxa de precisão de ataque básico em {EffectParam1}%
514041,Focus Skill,Aumenta a taxa de precisão de Skill em {EffectParam1}%
514051,Striking Instinct,Aumenta a taxa de precisão em {EffectParam1}%
514061,Sharp Momentum,Aumenta a chance de acerto crítico de ataque básico em {EffectParam1}%
514071,Sharp Skill,Aumenta a chance de acerto crítico de Skill em {EffectParam1}%
514081,Critical Instinct,Aumenta a chance de acerto crítico em {EffectParam1}%
514091,Strike Burst,Aumenta o Ataque Básico Dano de acerto crítico em {EffectParam1}%
514101,Skill Burst,Aumenta o dano de acerto crítico de Skill em {EffectParam1}%
514111,Rift Fissure,Aumenta o Dano de Acerto Crítico em {EffectParam1}%
514121,Unleashed Power,Aumenta o dano de ataque básico em {EffectParam1}%
514131,Unleashed Skills,Increases Skill Damage em {EffectParam1}%
514141,Heartbeat,Aumenta o dano em {EffectParam1}%
514151,Keen Inner Self,Aumenta o dano do jogador em {EffectParam1}%
514161,Predator's Aura,Aumenta o dano a todos os monstros em {EffectParam1}%
515011,Life Regeneration,"Aumenta a taxa de precisão em {EffectParam1}%
Aumenta a quantidade de cura em {EffectParam2}%"
515021,Fighting Spirit Awakening,"Aumenta a taxa de precisão em {EffectParam1}%
Aumenta a chance de maximização em {EffectParam2}%"
515031,Perfect Rift,"Aumenta a taxa de precisão em {EffectParam1}%
Aumenta a chance de acerto crítico em {EffectParam2}%"
515041,Enhance Rift,"Aumenta a taxa de precisão em {EffectParam1}%
Aumenta o dano de acerto crítico em {EffectParam2}%"
515051,Power Unbound,"Aumenta a taxa de precisão em {EffectParam1}% 
 Aumenta o dano de ataque básico em {EffectParam2}%"
515061,Skill Unbound,"Aumenta a taxa de precisão em {EffectParam1}% 
 Increases Skill Damage em {EffectParam2}%"
515071,Beast Instinct,"Aumenta a taxa de precisão em {EffectParam1}% 
 Aumenta o dano contra todos os monstros em {EffectParam2}%"
515081,Inner Resolve,"Aumenta a taxa de precisão em {EffectParam1}%
Aumenta o dano contra jogadores em {EffectParam2}%"
515091,Predator’s Senses,"Aumenta a taxa de precisão em {EffectParam1}%
Aumenta o dano contra chefes em {EffectParam2}%"
515101,Heart’s Fury,"Aumenta a taxa de precisão em {EffectParam1}%
 Aumenta o dano em {EffectParam2}%"
515111,Ruler's Instinct,"Aumenta a taxa de precisão em {EffectParam1}%
Aumenta o dano contra jogadores em {EffectParam2}%"
515121,Predator's Insight,"Aumenta a taxa de precisão em {EffectParam1}%
Aumenta o dano contra chefes em {EffectParam2}%"
516011,Judgment of the Absolute,"Aumenta a taxa de precisão em {EffectParam1}%
Aumenta a quantidade de cura em {EffectParam2}%
Aumenta a quantidade de escudo em {EffectParam3}%
Aumenta a chance de maximização em {EffectParam4}%
Aumenta o dano de acerto crítico em {EffectParam5}%"
516021,The Great Battle,"Aumenta a taxa de precisão em {EffectParam1}%
Aumenta a quantidade de cura em {EffectParam2}%
Aumenta a quantidade de escudo em {EffectParam3}%
Aumenta a chance de maximização em {EffectParam4}%
Aumenta o dano em {EffectParam5}%"
516031,Boundless Dawn,"Aumenta a taxa de precisão em {EffectParam1}%
Aumenta a cura de HP em {EffectParam2}%
Aumenta a quantidade de escudo em {EffectParam3}%
Aumenta a chance de maximização em {EffectParam4}%
Aumenta o dano em {EffectParam5}%
Aumenta o dano crítico contra jogadores em {EffectParam6}%"
525011,Domination Suppression,"Aumenta a taxa de acertos do Crowd Control em {EffectParam1}% 
 Aumenta a taxa de acertos de aflição em {EffectParam2}%"
526011,Primordial Suppression,"Aumenta a taxa de acertos do Crowd Control em {EffectParam1}% 
 Aumenta a taxa de acertos de aflição em {EffectParam2}%"
536011,Thrilling Blade Dance,"Ao atacar Skill atingido, tem {EffectParam1}% de chance de redefinir o tempo de recarga da última habilidade ativa de classe usada
 (cooldown: {EffectParam2}s)"
536021,Blade’s Cry of the Primordial,"Ao acertar o Ataque Básico, tem {EffectParam3}% de chance de aumentar a Velocidade de Movimento em {EffectParam1}% e a Velocidade de Ataque em {EffectParam2}% para {EffectParam4}s
 (recarga: {EffectParam5}s)"
536031,Absolute Accuracy,"Acertar um ataque tem uma chance de {EffectParam3}% de aumentar Taxa de precisão em {EffectParam1}% e taxa de acerto de CC em {EffectParam2}% por {EffectParam4} segundos
 (Recarga: {EffectParam5}s)"
544011,Quick Heal,Aumenta a quantidade de cura recebida em {EffectParam1}%
544021,Protection Training,Aumenta a quantidade de escudo recebida em {EffectParam1}%
544031,Will Suppression,Aumenta a taxa de resistência de maximização em {EffectParam1}%
544041,Will Suppression,Aumenta a taxa de resistência de maximização em {EffectParam1}%
544051,Enhance Senses,Aumenta a taxa de evasão de ataque básico em {EffectParam1}%
544061,Enhance Intuition,Aumenta Skill Taxa de evasão em {EffectParam1}%
544071,Crisis Detection,aumenta a evasão Taxa contra todos os monstros em {EffectParam1}%
544081,Fighting Spirit Detection,Aumenta a taxa de evasão contra jogadores em {EffectParam1}%
544091,Sensory Focus,Aumenta a taxa de evasão em {EffectParam1}%
544101,Shock Absorption,Aumenta a taxa de resistência ao acerto crítico de ataques básicos em {EffectParam1}%
544111,Focused Defense,Aumenta a taxa de resistência a acertos críticos de Skill em {EffectParam1}%
544121,Hunt Resistance,Aumenta a taxa de resistência a acertos críticos contra todos os monstros em {EffectParam1}%
544131,Strike Evasion,Aumenta a taxa de resistência a acertos críticos contra jogadores em {EffectParam1}%
544141,Enhance Resistance,Aumenta a taxa de acertos críticos Taxa de resistência em {EffectParam1}%
544151,Pulverize Resistance,Reduz o dano crítico de ataque básico recebido em {EffectParam1}%
544161,Damage Mitigation,Reduz Skill Dano Crítico Recebido em {EffectParam1}%
544171,Survival Instincts,Reduz o Dano de Acerto Crítico recebido de todos os monstros {EffectParam1}%
544181,Shock Suppression,Reduz o Dano de Acerto Crítico recebido de jogadores em {EffectParam1}%
544191,Pain Resistance,Reduz o Dano de Acerto Crítico recebido em {EffectParam1}%
544201,Strike Mitigation,Reduz o dano de ataque básico recebido por {EffectParam1}%
544211,Skill Defense,Reduz Skill Dano recebido em {EffectParam1}%
544221,Hunt Endurance,Reduz o dano recebido de todos os monstros em {EffectParam1}%
544231,Duel Defense,Reduz o dano recebido dos jogadores em {EffectParam1}%
544241,Hunt Instincts,Reduz o dano recebido dos chefes em {EffectParam1}%
544251,Defense Essence,Reduz a Taxa de Redução de Dano em {EffectParam1}%
545011,Instant Heal,"Aumenta a taxa de evasão em {EffectParam1}%
Aumenta a Taxa de Aumento da Quantidade de Cura em {EffectParam2}%"
545021,Hand of the Guardian,"Aumenta a taxa de evasão em {EffectParam1}%
 Aumenta a quantidade de escudo recebida por {EffectParam2}%"
545031,Echo of Chains,"Aumenta a taxa de evasão em {EffectParam1}%
Aumenta a taxa de resistência de maximização em {EffectParam2}%"
545041,Survival Hunt,"Aumenta a taxa de evasão em {EffectParam1}%
Aumenta a Taxa de Resistência a Acertos Críticos contra todos os monstros em {EffectParam2}%"
545051,Frozen Momentum,"Aumenta a Taxa de Evasão em {EffectParam1}%
Aumenta a Taxa de Resistência a Acertos Críticos contra jogadores em {EffectParam2}%"
545061,Resistance Instincts,"Aumenta a taxa de evasão em {EffectParam1}%
 Aumenta a taxa de resistência a acertos críticos em {EffectParam2}%"
545071,Unyielding Survival,"Aumenta a taxa de evasão em {EffectParam1}% 
Reduces Critical Damage recebido de todos os monstros em {EffectParam2}%"
545081,Memories of Pain,"Aumenta a taxa de evasão em {EffectParam1}%
Reduces Critical Damage recebido dos jogadores em {EffectParam2}%"
545091,Explosion Resistance,"Aumenta a Taxa de Evasão em {EffectParam1}%
Reduz o Dano Crítico recebido por {EffectParam2}%"
545101,Strike Mitigation,"Aumenta a taxa de evasão em {EffectParam1}%
Reduz o Dano de Ataque Básico recebido por {EffectParam2}%"
545111,Skill Mitigation,"Aumenta a taxa de evasão em {EffectParam1}%
Reduz Skill Dano recebido por {EffectParam2}%"
545121,Endurance of the Hunt,"Aumenta a taxa de evasão em {EffectParam1}%
Reduz o dano recebido de todos os monstros por {EffectParam2}%"
545131,Survival’s Instincts,"Aumenta a taxa de evasão em {EffectParam1}%
Reduz o dano recebido dos jogadores em {EffectParam2}%"
545141,Predator’s Aura,"Aumenta a taxa de evasão em {EffectParam1}%
Reduz o dano recebido de chefes em {EffectParam2}%"
545151,Indomitable Will,"Aumenta a taxa de evasão em {EffectParam1}%
Reduz o dano recebido em {EffectParam2}%"
545161,Death-Defying Will,"Aumenta a taxa de evasão em {EffectParam1}%
Reduz o dano recebido por {EffectParam2}%
Reduces Critical Damage recebido por {EffectParam3}%"
545171,Silent Endurance,"Aumenta a taxa de evasão em {EffectParam1}%
Reduz o dano recebido em {EffectParam2}%"
545181,Shock Dissipation,"Aumenta a taxa de evasão em {EffectParam1}%
Reduz o dano recebido por {EffectParam2}%
Reduces Critical Damage recebido por {EffectParam3}%"
546011,Hem of Calamity,"Aumenta a taxa de evasão em {EffectParam1}%
 Aumenta a quantidade de cura recebida por {EffectParam2}%
 Aumenta a quantidade de escudo recebida por {EffectParam3}%
Aumenta a taxa de resistência à maximização em {EffectParam4}%
Reduz o dano de acerto crítico recebido por {EffectParam5}%"
546021,Pain Seal,"Aumenta a Taxa de Evasão em {EffectParam1}%
Aumenta a Quantidade de Cura recebida por {EffectParam2}%
Aumenta a quantidade de escudo recebida por {EffectParam3}%
Aumenta a taxa de resistência de maximização em {EffectParam4}%
Increases Critical Hit Resistance em {EffectParam5}%"
546031,Covenant of Survival,"Aumenta a taxa de evasão em {EffectParam1}%
Aumenta a quantidade de cura recebida por {EffectParam2}%
Aumenta a quantidade de escudo recebida por {EffectParam3}%
Aumenta a taxa de resistência de maximização em {EffectParam4}%
Reduz o dano recebido em {EffectParam5}%"
546041,Cry of Protection,"Aumenta a taxa de evasão em {EffectParam1}%
 Aumenta a quantidade de cura recebida por {EffectParam2}%
 Aumenta a quantidade de escudo recebida por {EffectParam3}%
Aumenta a taxa de resistência de maximização em {EffectParam4}%
Increases Critical Hit Resistance em {EffectParam5}%
Reduz o dano recebido por {EffectParam6}%"
546051,Despair of the Blade,"Aumenta a taxa de evasão em {EffectParam1}%
Aumenta a quantidade de cura recebida por {EffectParam2}%
Aumenta a quantidade de escudo recebida por {EffectParam3}%
Aumenta a taxa de resistência de maximização em {EffectParam4}%
Reduz o dano de acerto crítico recebido por {EffectParam5}%
Reduz o dano recebido por {EffectParam6}%"
555011,Warrior’s Form,"Aumenta a taxa de resistência ao controle de multidão em {EffectParam1}% 
 Aumenta a taxa de resistência à aflição em {EffectParam2}%"
556011,Hero’s Radiance,"Aumenta a taxa de resistência ao controle de multidão em {EffectParam1}% 
 Aumenta a taxa de resistência à aflição em {EffectParam2}%"
566011,Ruler’s Commanding Spirit,"Quando você é atingido, for atingido, tem {EffectParam2}% de chance de reduzir o Dano de Ataque Básico recebido em {EffectParam1}% para {EffectParam3}s
(cooldown: {EffectParam4}s)"
566021,Radiant Flow,"Quando você é atingido, tem um {EffectParam2}% de chance de reduzir Skill Dano recebido por {EffectParam1}% para {EffectParam3}s
(cooldown: {EffectParam4}s)"
566031,Moonlight Aura,"Quando você é atingido, tem {EffectParam2}% de chance de conceder um Escudo {EffectParam1} para {EffectParam3}s
(cooldown: {EffectParam4}s)"
566041,Astral Sight,"Quando você é atingido, tem uma chance de {EffectParam2}% de aumentar a Taxa de Evasão de Ataque Básico em {EffectParam1}% para {EffectParam3}s
 (tempo de espera: {EffectParam4}s)"
566051,Prophet’s Veil,"Quando você é atingido, tem {EffectParam2}% de chance de aumentar a Taxa de Evasão de Skill em {EffectParam1}% para {EffectParam3}s
(cooldown: {EffectParam4}s)"
580011,Haste,Aumenta a velocidade de montagem em {EffectParam2}% para {EffectParam1}secs
580021,Haste,Aumenta a velocidade de montagem em {EffectParam2}% para {EffectParam1}secs
580031,Haste,Aumenta a velocidade de montagem em {EffectParam2}% para {EffectParam1}secs
580041,Haste,Aumenta a velocidade de montagem em {EffectParam2}% para {EffectParam1}secs
580051,Haste,Aumenta a velocidade de montagem em {EffectParam2}% para {EffectParam1}secs
580061,Haste,Aumenta a velocidade de montagem em {EffectParam2}% para {EffectParam1}secs
581011,Power of the Sigil,"Aumenta a regeneração de HP em {EffectParam1}
Aumenta a regeneração de MP em {EffectParam2}"
581021,Power of the Beast,Aumenta a cura de poção de HP em {EffectParam1}
581031,Power of the Beast,Aumenta a cura de poção de HP em {EffectParam1}
581041,Aura of the Tree,Reduz o custo de MP em {EffectParam1}%
581051,Power of the Sigil,"Aumenta a regeneração de HP em {EffectParam1}
Aumenta a regeneração de MP em {EffectParam2}"
581061,Aura of the Tree,Reduz o custo de MP em {EffectParam1}%
581071,Power of the Sigil,"Aumenta a regeneração de HP em {EffectParam1}
Aumenta a regeneração de MP em {EffectParam2}"
581081,Start of the Festival,"Aumenta a cura de poção de HP em {EffectParam1}
 Aumenta a regeneração de MP em {EffectParam2}"
581091,Halo,"Aumenta a cura de poção de HP em {EffectParam1}
 Aumenta a regeneração de MP em {EffectParam2}"
581101,Seven-Colored Hope,"Aumenta a cura de poção de HP em {EffectParam1}
 Aumenta a regeneração de MP em {EffectParam2}"
581111,Golem's Power,Aumenta a cura de poção de HP em {EffectParam1}
581121,Dimensional Bond,"Aumenta a cura de poção de HP em {EffectParam1}
 Aumenta a regeneração de MP em {EffectParam2}"
581131,Beast Roar,Aumenta a regeneração de MP em {EffectParam1}
582011,Spirit of the Forest,"Aumenta a Regeneração de HP em {EffectParam1}
 Aumenta a Cura de Poção de HP em {EffectParam2}
Reduz a redução do consumo de MP em {EffectParam3}%"
582021,Power of the Beast,"Aumenta a regeneração de HP em {EffectParam1}
 Aumenta a regeneração de MP em {EffectParam2}
 Aumenta a cura de poções de HP em {EffectParam3}"
582031,Improve Combat Ability,"Aumenta a regeneração de HP em {EffectParam1}
 Aumenta a regeneração de MP em {EffectParam2}
 Aumenta a cura de poções de HP em {EffectParam3}"
585011,Thundermane’s Roar,Reduz o dano recebido de todos os monstros em {EffectParam1}%
585021,Wanderer’s Cry,Reduz o dano de ataque básico recebido por {EffectParam1}%
585031,Boosts Defense,Reduz Skill Dano recebido em {EffectParam1}%
590111,Thunder Descent,Causa dano na área de pouso com 100% de chance de infligir Choque para {EffectParam1}s
590211,Ring of Lightning,Causa dano à área de pouso em forma de donut e reduz a velocidade de movimento em {EffectParam1}% para {EffectParam2}s
590311,Blessed Landing,Cura instantaneamente aliados na área de pouso em {EffectParam1} HP
590411,Descent of Protection,"Cria uma cúpula na área de pouso por 7 s, reduzindo o dano recebido pelos aliados dentro da área em {EffectParam1}%"
590511,Descent of Corruption,"Cria um campo na área de pouso por 7 s, causando dano aos inimigos dentro da área ao longo do tempo e reduzindo a velocidade de movimento em {EffectParam1}%"
590611,Dark Lightning,Causa dano a a área de pouso e reduz a taxa de resistência a golpes críticos em {EffectParam1}% para {EffectParam2}s
590711,Wings of Fate,"Concede aleatoriamente um dos seguintes Buffs aos aliados na área de pouso
: Aumenta a velocidade de movimento em {EffectParam1}% para {EffectParam5}s
: Aumenta a velocidade de lançamento em {EffectParam2}% para {EffectParam5}s
: Aumenta a velocidade de ataque em {EffectParam3}% para {EffectParam5}s
: Reduz o resfriamento de Skill em {EffectParam4}% para {EffectParam5}s"
590811,Chain Wave,"Causa dano à área de pouso 3 vezes
1º acerto: 3m / 2º acerto: 4m / 3º acerto: 5m"
590911,Earth Collapse,Tem {EffectParam2}% de chance por segundo de infligir Atordoamento em {EffectParam1}s na área de pouso
591011,Tectonic Mallet,Causa dano na área de pouso com {EffectParam2}% de chance de infligir Airborne para {EffectParam1}s
591111,Vacuum Implosion,Causas dano na área de pouso com {EffectParam2}% de chance de infligir atordoamento para {EffectParam1}s
591211,Blessed Fragment,"Ao pousar, concede {EffectParam1}% de aumento de dano ao chefe para {EffectParam2}s"
591311,Dragon Storm,Cria uma corrente ascendente no local de pouso que dura 10 segundos
595011,Heavenly Warrior,"Aumenta o HP máximo em {EffectParam1}% 
 Aumenta o dano de ataque básico em {EffectParam2}%"
595021,Heaven’s Cavalier,"Aumenta o HP máximo em {EffectParam1}% 
 Increases Skill Damage em {EffectParam2}%"
595031,Wind Spirit,"Aumenta o HP máximo em {EffectParam1}%
Aumenta a quantidade de cura em {EffectParam2}%"
595041,Blessing of Levitation,"Aumenta o HP máximo em {EffectParam1}%
Aumenta a quantidade de escudo em {EffectParam2}%"
595051,Radiant Glide,"Aumenta o HP máximo em {EffectParam1}% 
 Aumenta o dano contra monstros de todos os níveis em {EffectParam2}%"
595061,Dark Glide,"Aumenta o HP máximo em {EffectParam1}%
Aumenta o dano contra jogadores em {EffectParam2}%"
595071,Azure Wings,"Aumenta o HP máximo em {EffectParam1}%
Aumenta o dano crítico de Skill em {EffectParam2}%"
595081,Celestial Guidance,"Aumenta o HP máximo em {EffectParam1}%
Aumenta o dano crítico do ataque básico em {EffectParam2}%"
595091,Abyssal Sky,"Aumenta o HP máximo em {EffectParam1}%
Aumenta o dano em {EffectParam2}%"
595101,Domain of Aesthetics,"Aumenta o HP máximo em {EffectParam1}% 
 Aumenta o dano aos alvos afetados em {EffectParam2}%"
595111,Soaring Dream,"Aumenta o HP máximo em {EffectParam1}%
Aumenta o dano a alvos controlados por multidão em {EffectParam2}%"
595121,Gale Dance,"Aumenta o HP máximo em {EffectParam1}%
Aumenta o dano a monstros chefes em {EffectParam2}%"
595131,Dragon Wings,"Aumenta o HP máximo em {EffectParam1}%
Aumenta o dano contra monstros Comuns e Elite em {EffectParam2}%"
610001,Keyring Trigger - Test Skill,"Ao acertar o Ataque Básico, tem um {EffectParam2}% de chance de aumentar o dano em {EffectParam1%} para {EffectParam3}s (recarga: {EffectParam4}s)"
610011,Knot of the Dawn Mist,"Ao derrotar monstros, reduz o dano recebido de monstros em {EffectParam1}% para {EffectParam2}s (tempo de espera: {EffectParam3}s)"
610021,Latch of the Veiled Moon,"Ao acertar skill contra monstros, tem {EffectParam2}% de chance de aumentar o dano contra monstros chefes em {EffectParam1}% para {EffectParam3}s (recarga: {EffectParam4}s)"
610031,Knot of the Dawn Mist,"Ao derrotar monstros, reduz o dano recebido de monstros em {EffectParam1}% para {EffectParam2}s (tempo de espera: {EffectParam3}s)"
610041,Knot of the Dawn Mist,"Ao derrotar monstros, reduz o dano recebido de monstros em {EffectParam1}% para {EffectParam2}s (tempo de espera: {EffectParam3}s)"
610051,Jaws of the Black Tide,"Ao acertar skill contra monstros, tem uma chance de {EffectParam2}% de aumentar o dano de Skill contra Monstros Chefes em {EffectParam1}% para {EffectParam3}s (cooldown: {EffectParam4}s)"
610061,Fractured Constellation,"Ao acertar skill contra monstros, tem {EffectParam2}% de chance de aumentar o Dano de Ataque Básico contra Monstros Chefes em {EffectParam1}% para {EffectParam3}s (recarga: {EffectParam4}s)"
610071,Knot of the Dawn Mist,"Ao derrotar monstros, reduz o dano recebido de monstros em {EffectParam1}% para {EffectParam2}s (tempo de espera: {EffectParam3}s)"
610081,Ashen Eyelid,"Ao acertar skill contra monstros, tem {EffectParam2}% de chance de aumentar o dano contra monstros chefes em {EffectParam1}% para {EffectParam3}s (recarga: {EffectParam4}s)"
610091,Veil of Inhalation,"Ao derrotar monstros, reduz o dano recebido de monstros em {EffectParam1}% para {EffectParam2}s (tempo de espera: {EffectParam3}s)"
610101,Moonlight Gauge,"Ao acertar skill contra monstros, tem {EffectParam2}% de chance de aumentar o dano contra monstros chefes em {EffectParam1}% para {EffectParam3}s (recarga: {EffectParam4}s)"
610111,Broken Toll,"Quando atingido por jogadores, aumenta Taxa de resistência ao atordoamento em {EffectParam1}% para {EffectParam2}s (tempo de espera: {EffectParam3}s)"
610121,Veil of Inhalation,"Ao derrotar monstros, reduz o dano recebido de monstros em {EffectParam1}% para {EffectParam2}s (tempo de espera: {EffectParam3}s)"
610131,Veil of Inhalation,"Ao derrotar monstros, reduz o dano recebido de monstros em {EffectParam1}% para {EffectParam2}s (tempo de espera: {EffectParam3}s)"
610141,Ashen Ripple,"Ao acertar skill contra monstros, tem uma chance de {EffectParam3}% de aumentar o dano de Skill contra Monstros Chefes em {EffectParam1}% e Dano contra monstros chefes em {EffectParam2}% para {EffectParam4}s (cooldown: {EffectParam5}s)"
610151,Crimson Stillness,"Quando atingido por jogadores, aumenta a taxa de resistência ao atordoamento em {EffectParam1}% para {EffectParam3}s e recupera {EffectParam2} MP (cooldown: {EffectParam4}s)"
610161,Buried Candle,"Ao acertar skill contra monstros, tem {EffectParam2}% de chance de aumentar o dano contra monstros chefes em {EffectParam1}% para {EffectParam3}s (recarga: {EffectParam4}s)"
610171,Veil of Inhalation,"Ao derrotar monstros, reduz o dano recebido de monstros em {EffectParam1}% para {EffectParam2}s (tempo de espera: {EffectParam3}s)"
610181,Glass Citadel,"Ao acertar skill contra monstros, tem uma chance de {EffectParam3}% de aumentar o Dano de Ataque Básico contra Monstros Chefes em {EffectParam1}% e o Dano contra Monstros Chefes {EffectParam2}% para {EffectParam4}s (cooldown: {EffectParam5}s)"
610191,Dusty Scepter,"Quando atingido por jogadores, reduz o dano recebido dos jogadores em {EffectParam1}% e aumenta a taxa de resistência a atordoamento em {EffectParam2}% para {EffectParam3}s (recarga: {EffectParam4}s)"
610201,Seal of the White Night,"Quando atingido por jogadores, aumenta Taxa de resistência ao atordoamento em {EffectParam1}% para {EffectParam2}s (tempo de espera: {EffectParam3}s)"
610211,Sanctuary of Azure Breath,"Ao derrotar monstros, reduz o dano recebido de monstros em {EffectParam1}% para {EffectParam2}s (tempo de espera: {EffectParam3}s)"
610221,Orbit of the Black Silhouette,"Ao acertar skill contra monstros, tem {EffectParam2}% de chance de aumentar o dano contra monstros chefes em {EffectParam1}% para {EffectParam3}s (recarga: {EffectParam4}s)"
610231,Unwavering Oath,"Quando atingido por jogadores, aumenta a taxa de resistência ao atordoamento em {EffectParam1}% para {EffectParam3}s e recupera MP em {EffectParam2}% (cooldown: {EffectParam4}s)"
610241,Sanctuary of Azure Breath,"Ao derrotar monstros, reduz o dano recebido de monstros em {EffectParam1}% para {EffectParam2}s (tempo de espera: {EffectParam3}s)"
610251,Twisted Golden Ratio,"Ao acertar skill contra monstros, tem {EffectParam2}% de chance de aumentar o dano contra monstros chefes em {EffectParam1}% para {EffectParam3}s (recarga: {EffectParam4}s)"
610261,Covenant of Embers,"Quando atingido por jogadores, reduz o dano recebido dos jogadores em {EffectParam1}% e aumenta a taxa de resistência a atordoamento em {EffectParam2}% para {EffectParam3}s (recarga: {EffectParam4}s)"
610311,Unyielding Covenant,"Quando atingido por jogadores, aumenta a chance de resistência ao atordoamento em {EffectParam1}% e reduz o dano crítico recebido dos jogadores em {EffectParam2}% para {EffectParam3}s (tempo de recarga: {EffectParam4}s)"
610271,Sanctuary of Azure Breath,"Ao derrotar monstros, reduz o dano recebido de monstros em {EffectParam1}% para {EffectParam2}s (tempo de espera: {EffectParam3}s)"
610281,Eternal Breath,"Ao derrotar monstros, reduz o dano recebido de monstros em {EffectParam1}% para {EffectParam2}s (tempo de espera: {EffectParam3}s)"
610291,Flawless Orbit,"Ao acertar skill contra monstros, tem {EffectParam2}% de chance de aumentar o dano contra monstros chefes em {EffectParam1}% para {EffectParam3}s e zera o tempo de espera da última classe ativa Skill usada (tempo de espera: {EffectParam4}s)"
610301,Silence of the Crown,"Quando atingido por jogadores, aumenta a taxa de resistência ao atordoamento em {EffectParam1}% para {EffectParam3}s e recupera MP em {EffectParam2}% (cooldown: {EffectParam4}s)"
620001,Keyring Test Skill 1,Aumenta Precisão em {EffectParam1}
620011,Presence of Oblivion,Oblivion Resistance Rate {EffectParam1}%
620021,Presence of Oblivion,Oblivion Resistance Rate {EffectParam1}%
620031,Presence of Oblivion,Oblivion Resistance Rate {EffectParam1}%
620041,Presence of Encroachment,Taxa de resistência à invasão {EffectParam1}%
620051,Presence of Encroachment,Taxa de resistência à invasão {EffectParam1}%
620061,Presence of Encroachment,Taxa de resistência à invasão {EffectParam1}%
620071,Presence of the Void,Taxa de resistência ao vazio {EffectParam1}%
620081,Presence of the Void,Taxa de resistência ao vazio {EffectParam1}%
621011,Trace of Oblivion,Oblivion Resistance Rate {EffectParam1}%
621021,Trace of Oblivion,Oblivion Resistance Rate {EffectParam1}%
621031,Trace of Oblivion,Oblivion Resistance Rate {EffectParam1}%
621041,Trace of Encroachment,Taxa de resistência à invasão {EffectParam1}%
621051,Trace of Encroachment,Taxa de resistência à invasão {EffectParam1}%
621061,Trace of Encroachment,Taxa de resistência à invasão {EffectParam1}%
621071,Trace of the Void,Taxa de resistência ao vazio {EffectParam1}%
621081,Trace of the Void,Taxa de resistência ao vazio {EffectParam1}%
622011,Echo of Oblivion,Oblivion Resistance Rate {EffectParam1}%
622021,Echo of Oblivion,Oblivion Resistance Rate {EffectParam1}%
622031,Echo of Oblivion,Oblivion Resistance Rate {EffectParam1}%
622041,Echo of Encroachment,Taxa de resistência à invasão {EffectParam1}%
622051,Echo of Encroachment,Taxa de resistência à invasão {EffectParam1}%
622061,Echo of Encroachment,Taxa de resistência à invasão {EffectParam1}%
622071,Echo of the Void,Taxa de resistência ao vazio {EffectParam1}%
622081,Echo of the Void,Taxa de resistência ao vazio {EffectParam1}%
623011,Silver Thread of Oblivion,Oblivion Resistance Rate {EffectParam1}%
623021,Silver Thread of Oblivion,Oblivion Resistance Rate {EffectParam1}%
623031,Silver Thread of Oblivion,Oblivion Resistance Rate {EffectParam1}%
623041,Silver Thread of Oblivion,Oblivion Resistance Rate {EffectParam1}%
623051,Silver Thread of Encroachment,Taxa de resistência à invasão {EffectParam1}%
623061,Silver Thread of Encroachment,Taxa de resistência à invasão {EffectParam1}%
623071,Silver Thread of Encroachment,Taxa de resistência à invasão {EffectParam1}%
623081,Silver Thread of Encroachment,Taxa de resistência à invasão {EffectParam1}%
623091,Silver Thread of the Void,Taxa de resistência ao vazio {EffectParam1}%
623101,Silver Thread of the Void,Taxa de resistência ao vazio {EffectParam1}%
623111,Silver Thread of the Void,Taxa de resistência ao vazio {EffectParam1}%
623121,Silver Thread of the Void,Taxa de resistência ao vazio {EffectParam1}%
624011,Stigmata of Oblivion,Oblivion Resistance Rate {EffectParam1}%
624081,Stigmata of Oblivion,Oblivion Resistance Rate {EffectParam1}%
624021,Stigmata of Oblivion,Oblivion Resistance Rate {EffectParam1}%
624031,Stigma of Encroachment,Taxa de resistência à invasão {EffectParam1}%
624041,Stigma of Encroachment,Taxa de resistência à invasão {EffectParam1}%
624051,Stigmata of the Void,Taxa de resistência ao vazio {EffectParam1}%
624061,Stigmata of the Void,Taxa de resistência ao vazio {EffectParam1}%
624071,Stigmata of the Void,Taxa de resistência ao vazio {EffectParam1}%
625011,Blessing of Erosion,Taxa de resistência à erosão {EffectParam1}%
625021,Blessing of Erosion,Taxa de resistência à erosão {EffectParam1}%
625031,Blessing of Erosion,Taxa de resistência à erosão {EffectParam1}%
630001,Keyring Test Skill 2,Aumenta a taxa de evasão em {EffectParam1}%
630011,Echo of Warmth,"Aumenta o HP máximo em {EffectParam1}%
 Aumenta o HP de cura de poções em {EffectParam2}"
630021,Iron Curtain,"Aumenta o HP máximo em {EffectParam1}%
Aumenta Skill Dano contra monstros chefes em {EffectParam2}%"
630031,Lantern of Silence,"Aumenta o HP máximo em {EffectParam1}%
Aumenta a taxa de resistência ao silêncio em {EffectParam2}%
Aumenta a regeneração de MP em {EffectParam3}"
630111,Lantern of Tranquility,"Aumenta o HP máximo em {EffectParam1}%
Aumenta a taxa de resistência ao silêncio em {EffectParam2}%
Aumenta a regeneração de MP em {EffectParam3}"
630041,Echo of the Spring,"Aumenta o HP máximo em {EffectParam1}%
Reduz o custo de MP em {EffectParam2}%
Aumenta a regeneração de MP em {EffectParam3}"
630051,Starshroud Armor,"Aumenta o HP máximo em {EffectParam1}%
Aumenta o dano de ataque básico contra monstros chefes em {EffectParam2}%"
630061,Lantern of Echoes,"Aumenta o HP máximo em {EffectParam1}%
Aumenta a taxa de resistência ao silêncio em {EffectParam2}%
Reduz o custo de MP em {EffectParam3}%"
630071,Echo of Steel,"Aumenta o HP máximo em {EffectParam1}% 
Reduces Critical Damage recebido de monstros em {EffectParam2}%"
630081,Undying Warmth,"Aumenta o HP máximo em {EffectParam1}%
Aumenta HP Potion Healing em {EffectParam2}
Reduz o custo de MP em {EffectParam3}%
Reduces Critical Damage recebido de monstros por {EffectParam4}%"
630091,Ashen Citadel,"Aumenta o HP máximo em {EffectParam1}%
Aumenta o dano de acerto crítico em {EffectParam2}%"
630101,Silent Sovereign,"Aumenta o HP máximo em {EffectParam1}%
Aumenta a taxa de resistência ao silêncio em {EffectParam2}%
Aumenta a regeneração de MP em {EffectParam3}
Reduz o custo de MP em {EffectParam4}%"
850101,,O Diretor causa dano aos jogadores inimigos.
850201,,"Aumenta a velocidade de ataque em <Orange>{EffectParam1}</>%
 e a velocidade de movimento em <Orange>{EffectParam2}</>%"
850301,,Reduces Damage Taken from players por <Orange>{EffectParam1}</>%
850401,,"entra em modo furtivo, tornando-se invisível aos inimigos."
850501,,"Aumenta a regeneração de HP em <Orange>{EffectParam1}</>%
Aumenta a regeneração de MP em <Orange>{EffectParam2}</>%
Aumenta Cura de Poção de HP em <Orange>{EffectParam3}</>%"
850601,,Restaura um <Orange>{EffectParam1}</>% adicional do HP máximo ao reaparecer em um Clan Beacon
850701,,"Aumenta o dano contra jogadores em <Orange>{EffectParam1}</>%
Reduz o dano causado aos jogadores por <Orange>{EffectParam2}</>%
Aumenta a taxa de resistência ao controle de multidão em <Orange>{EffectParam3}</>%
Reduz a duração do controle de multidão em <Orange>{EffectParam4}</>%"
850801,,Aumenta a velocidade de movimento em <Orange>{EffectParam1}</>%
850901,,Redefine a descida Skill Cooldowns
851001,,Convoca à força membros do clã
851101,,Aumenta o dano recebido por o alvo marcado dos membros do clã do lançador por <Orange>{EffectParam1}</>%
1401011,Abyssal Form I,Reduz o tempo de espera para mudança de postura em {EffectParam1}%
1401021,Abyssal Form I,Reduz o tempo de espera para mudança de postura em {EffectParam1}%
1401031,Abyssal Form I,Reduz o tempo de espera para mudança de postura em {EffectParam1}%
1401041,Abyssal Form I,Reduz o tempo de espera para mudança de postura em {EffectParam1}%
1401051,Abyssal Form I,Reduz o tempo de espera para mudança de postura em {EffectParam1}%
1401061,Abyssal Form I,Reduz o tempo de espera para mudança de postura em {EffectParam1}%
1402011,Abyssal Form II,"Aumenta o dano contra alvos queimados e envenenados em {EffectParam1}%
Reduz alvo único Skill Dano sofrido em {EffectParam2}%"
1402021,Abyssal Form II,"Aumenta o dano contra alvos queimados e envenenados em {EffectParam1}%
Reduz alvo único Skill Dano sofrido em {EffectParam2}%"
1402031,Abyssal Form II,"Aumenta o dano contra alvos queimados e envenenados em {EffectParam1}%
Reduz alvo único Skill Dano sofrido em {EffectParam2}%"
1402041,Abyssal Form II,"Aumenta o dano contra alvos queimados e envenenados em {EffectParam1}%
Reduz alvo único Skill Dano sofrido em {EffectParam2}%"
1402051,Abyssal Form II,"Aumenta o dano contra alvos queimados e envenenados em {EffectParam1}%
Reduz alvo único Skill Dano sofrido em {EffectParam2}%"
1402061,Abyssal Form II,"Aumenta o dano contra alvos queimados e envenenados em {EffectParam1}%
Reduz alvo único Skill Dano sofrido em {EffectParam2}%"
1403011,Abyssal Form III,"Ao acertar o Ataque Básico, tem {EffectParam2}% de chance de aumentar a Penetração em {EffectParam1} para {EffectParam3}s (CD: {EffectParam4}s)"
1403021,Abyssal Form III,"Ao acertar o Ataque Básico, tem {EffectParam2}% de chance de aumentar a Penetração em {EffectParam1} para {EffectParam3}s (CD: {EffectParam4}s)"
1403031,Abyssal Form III,"Ao acertar o Ataque Básico, tem {EffectParam2}% de chance de aumentar a Penetração em {EffectParam1} para {EffectParam3}s (CD: {EffectParam4}s)"
1403041,Abyssal Form III,"Ao acertar o Ataque Básico, tem {EffectParam2}% de chance de aumentar a Penetração em {EffectParam1} para {EffectParam3}s (CD: {EffectParam4}s)"
1403051,Abyssal Form III,"Ao acertar o Ataque Básico, tem {EffectParam2}% de chance de aumentar a Penetração em {EffectParam1} para {EffectParam3}s (CD: {EffectParam4}s)"
1403061,Abyssal Form III,"Ao acertar o Ataque Básico, tem {EffectParam2}% de chance de aumentar a Penetração em {EffectParam1} para {EffectParam3}s (CD: {EffectParam4}s)"
1404011,Anima Form I,Restaura um {EffectParam1}% adicional do HP máximo após a ressurreição.
1404021,Anima Form I,Restaura um {EffectParam1}% adicional do HP máximo após a ressurreição.
1404031,Anima Form I,Restaura um {EffectParam1}% adicional do HP máximo após a ressurreição.
1404041,Anima Form I,Restaura um {EffectParam1}% adicional do HP máximo após a ressurreição.
1404051,Anima Form I,Restaura um {EffectParam1}% adicional do HP máximo após a ressurreição.
1404061,Anima Form I,Restaura um {EffectParam1}% adicional do HP máximo após a ressurreição.
1405011,Anima Form II,"Aumenta o dano contra alvos congelados/sangrando em {EffectParam1}%
Reduces Damage Taken de Skills multialvo em {EffectParam2}%"
1405021,Anima Form II,"Aumenta o dano contra alvos congelados/sangrando em {EffectParam1}%
Reduces Damage Taken de Skills multialvo em {EffectParam2}%"
1405031,Anima Form II,"Aumenta o dano contra alvos congelados/sangrando em {EffectParam1}%
Reduces Damage Taken de Skills multialvo em {EffectParam2}%"
1405041,Anima Form II,"Aumenta o dano contra alvos congelados/sangrando em {EffectParam1}%
Reduces Damage Taken de Skills multialvo em {EffectParam2}%"
1405051,Anima Form II,"Aumenta o dano contra alvos congelados/sangrando em {EffectParam1}%
Reduces Damage Taken de Skills multialvo em {EffectParam2}%"
1405061,Anima Form II,"Aumenta o dano contra alvos congelados/sangrando em {EffectParam1}%
Reduces Damage Taken de Skills multialvo em {EffectParam2}%"
1406011,Anima Form III,Tem uma chance de {EffectParam2}% de aumentar o Bloqueio em {EffectParam1} para {EffectParam3}s após o acerto de skill (CD: {EffectParam4}s)
1406021,Anima Form III,Tem uma chance de {EffectParam2}% de aumentar o Bloqueio em {EffectParam1} para {EffectParam3}s após o acerto de skill (CD: {EffectParam4}s)
1406031,Anima Form III,Tem uma chance de {EffectParam2}% de aumentar o Bloqueio em {EffectParam1} para {EffectParam3}s após o acerto de skill (CD: {EffectParam4}s)
1406041,Anima Form III,Tem uma chance de {EffectParam2}% de aumentar o Bloqueio em {EffectParam1} para {EffectParam3}s após o acerto de skill (CD: {EffectParam4}s)
1406051,Anima Form III,Tem uma chance de {EffectParam2}% de aumentar o Bloqueio em {EffectParam1} para {EffectParam3}s após o acerto de skill (CD: {EffectParam4}s)
1406061,Anima Form III,Tem uma chance de {EffectParam2}% de aumentar o Bloqueio em {EffectParam1} para {EffectParam3}s após o acerto de skill (CD: {EffectParam4}s)
1407011,Indomitable Form I,"Aumenta o dano recebido enquanto estiver na [Postura de ataque] em {EffectParam1}%
Reduces Damage Taken enquanto estiver em [Specialized] em {EffectParam2}%"
1407021,Indomitable Form I,"Aumenta o dano recebido enquanto estiver na [Postura de ataque] em {EffectParam1}%
Reduces Damage Taken enquanto estiver em [Specialized] em {EffectParam2}%"
1407031,Indomitable Form I,"Aumenta o dano recebido enquanto estiver na [Postura de ataque] em {EffectParam1}%
Reduces Damage Taken enquanto estiver em [Specialized] em {EffectParam2}%"
1407041,Indomitable Form I,"Aumenta o dano recebido enquanto estiver na [Postura de ataque] em {EffectParam1}%
Reduces Damage Taken enquanto estiver em [Specialized] em {EffectParam2}%"
1407051,Indomitable Form I,"Aumenta o dano recebido enquanto estiver na [Postura de ataque] em {EffectParam1}%
Reduces Damage Taken enquanto estiver em [Specialized] em {EffectParam2}%"
1407061,Indomitable Form I,"Aumenta o dano recebido enquanto estiver na [Postura de ataque] em {EffectParam1}%
Reduces Damage Taken enquanto estiver em [Specialized] em {EffectParam2}%"
1408011,Indomitable Form II,"Aumenta o dano em {EffectParam1}% enquanto estiver no Postura [Special]
Reduces Damage Taken em {EffectParam2}% enquanto na postura [Attack]"
1408021,Indomitable Form II,"Aumenta o dano em {EffectParam1}% enquanto estiver no Postura [Special]
Reduces Damage Taken em {EffectParam2}% enquanto na postura [Attack]"
1408031,Indomitable Form II,"Aumenta o dano em {EffectParam1}% enquanto estiver no Postura [Special]
Reduces Damage Taken em {EffectParam2}% enquanto na postura [Attack]"
1408041,Indomitable Form II,"Aumenta o dano em {EffectParam1}% enquanto estiver no Postura [Special]
Reduces Damage Taken em {EffectParam2}% enquanto na postura [Attack]"
1408051,Indomitable Form II,"Aumenta o dano em {EffectParam1}% enquanto estiver no Postura [Special]
Reduces Damage Taken em {EffectParam2}% enquanto na postura [Attack]"
1408061,Indomitable Form II,"Aumenta o dano em {EffectParam1}% enquanto estiver no Postura [Special]
Reduces Damage Taken em {EffectParam2}% enquanto na postura [Attack]"
