Key,Value
ABURU_EVENT_QUEST,Event Staff’s Requests
ACCOUNT_CODE_COPY_MSG,Account code has been copied.
ACCOUNT_DELETE,Delete Account
ACCOUNT_DELETE_MSG_CONFIRM,I have read and accept all of the terms and conditions.
ACCOUNT_DELETE_PENDING_TITLE,Deletion Pending
ACCOUNT_DELETE_PRECHECK_POPUP_MSG,"Unable to 
<Red>delete the account</> as there are items in the inventory."
ACCOUNT_INFO,Account Info
ACCOUNT_LINK_LOG_IN_APPLE,Log in with Apple
ACCOUNT_LINK_LOG_IN_GOOGLE,Log in with Google
ACCOUNT_LINK_LOG_IN_HYBEIM,Log in with E-mail
ACCOUNT_LOG_OUT_POPUP_MESSAGE,Login is required to reconnect. Do you want to log out?
ACCOUNT_LOG_OUT_POPUP_TITLE,Log Out
ACCOUNT_MSG_UNLINK_DESC,Do you want to unlink the account?
ACCOUNT_MSG_UNLINK_FINISH,The account has been unlinked.
ACCOUNT_MSG_UNLINK_TITLE,Unlink Account
ACCOUNT_OPTION_ACCOUNT_LINK,Link Account
ACCOUNT_OPTION_COPY,Copy
ACCOUNT_OPTION_GET_REWARD,Claim Reward
ACCOUNT_OPTION_GET_REWARD_ALREADY,Reward Claimed
ACCOUNT_SYSTEM_GET_ALREADY,It has already been claimed.
ACCOUNT_SYSTEM_GET_REWARD,Reward claimed from Inbox.
ACCOUNT_SYSTEM_NEEDLINK,Please link the account.
ACCOUNT_UNLINK_DESC,Do you want to unlink the account?
ACCOUNT_UNLINK_NOT_ALLOWED,Unable to unlink the account.
ACHIEVEMENT_CATEGORY_ADVENTURE,Adventure
ACHIEVEMENT_CATEGORY_BATTLE,Battle
ACHIEVEMENT_CATEGORY_COLLECTION,Collection
ACHIEVEMENT_CATEGORY_GROWTH,Upgrade
ACHIEVEMENT_CATEGORY_LIST_NAME,[Name]
ACHIEVEMENT_COMPLETABLE_NOTIFICATION_MESSAGE,You can earn rewards by completing <Blue>[Name]</> Trophy.
ACHIEVEMENT_EARNED_POINTS,Acquired Points
ACHIEVEMENT_POINT,Trophy Score
ACHIEVEMENT_POINT_REWARD,Trophy Reward
ACHIEVEMENT_POINT_REWARD_GET,Claim Score Milestone Rewards
ACHIEVEMENT_POINT_REWARD_GUIDE_DESC,[Value]
ACHIEVEMENT_POINT_REWARD_GUIDE_PERCENT,In progress (‎[Percent])
ACHIEVEMENT_PROGRESS,Trophy Progress
ACHIEVEMENT_PROGRESSING,In progress
ACHIEVEMENT_REWARD_GET,Claim Trophy Reward
ACHIEVEMENT_REWARD_GET_ALL,Claim All Trophy Rewards
ACHIEVEMENT_TOTAL_POINT,Trophy Score
ACQUIRE_ASSET_ERROR,The information is not provided for a reward consisting of resources.
ACQUIRE_INFO_NOTDATA,No acquisition or usage info available.
ACTION_TYPE_CLANUNIT,<ActionClanUnit>[Clan Squad]</>
ACTION_TYPE_CLANUNIT_DESC1,Click here and move to the Clan Squad Rally Point
ACTION_TYPE_CLANUNIT_DESC2,Move to [Name]
ACTION_TYPE_CLANUNIT_NAME_LONG,Moving to the Clan Squad Rally Point
ACTION_TYPE_CLANUNIT_NAME_SHORT,Request to meet at the Clan Squad Rally Point
ACTION_TYPE_GIANTPIECE,<ActionGiantPiece>[Giant’s Remnant]</>
ACTION_TYPE_GIANTPIECE_DESC1,Click here to go to the Giant’s Remnant
ACTION_TYPE_GIANTPIECE_DESC2,Moving to see the Giant’s Remnant
ACTION_TYPE_GIANTPIECE_NAME_LONG,Moving to the Giant’s Remnant
ACTION_TYPE_GIANTPIECE_NAME_SHORT,Discovered a new Giant’s Remnant!
ACTION_TYPE_INVASION,<ActionSectorInvasion>[Incursion]</>
ACTION_TYPE_INVASION_DESC1,Click here to move to the Incursion
ACTION_TYPE_INVASION_DESC2,Move to [Name] Incursion
ACTION_TYPE_INVASION_NAME_LONG,Moving to the Incursion
ACTION_TYPE_INVASION_NAME_SHORT,An Incursion occurred nearby!
ACTION_TYPE_PARTY,<ActionParty>[Party]</>
ACTION_TYPE_PARTY_DESC1,Click here to go to the Party Rally Point
ACTION_TYPE_PARTY_DESC2,Move to [Name]
ACTION_TYPE_PARTY_NAME_LONG,Moving to the Party Rally Point
ACTION_TYPE_PARTY_NAME_SHORT,Request to meet at the Party Rally Point
ACTION_TYPE_SECTORINVASION,<ActionInvasion>[Grand Incursion]</>
ACTION_TYPE_SECTORINVASION_DESC1,Click here to move to the Grand Incursion
ACTION_TYPE_SECTORINVASION_DESC2,Move to [Name] Grand Incursion
ACTION_TYPE_SECTORINVASION_NAME_LONG,Moving to the Grand Incursion
ACTION_TYPE_SECTORINVASION_NAME_SHORT,A Grand Incursion occurred nearby!
ACTION_TYPE_SUB,<ActionSub>[Sub Quest]</>
ACTION_TYPE_SUB_DESC1,Click here to accept the Sub Quest
ACTION_TYPE_SUB_DESC2,Go to [Name]
ACTION_TYPE_SUB_NAME_LONG,Moving to accept the Sub Quest
ACTION_TYPE_SUB_NAME_SHORT,Found a Sub Quest you can accept!
ACTION_TYPE_TELEPORTSTATION,<ActionTeleportStation>[Warp Anchor]</>
ACTION_TYPE_TELEPORTSTATION_DESC1,Click here to go to the Warp Anchor
ACTION_TYPE_TELEPORTSTATION_DESC2,Moving to activate the Warp Anchor
ACTION_TYPE_TELEPORTSTATION_NAME_LONG,Moving to the Warp Anchor
ACTION_TYPE_TELEPORTSTATION_NAME_SHORT,Discovered a new Warp Anchor!
ACTION_TYPE_TREASUREBOX,<ActionTreasureBox>[Treasure Chest]</>
ACTION_TYPE_TREASUREBOX_DESC1,Click here to go to the Treasure Chest
ACTION_TYPE_TREASUREBOX_DESC2,Moving to open the Treasure Chest
ACTION_TYPE_TREASUREBOX_NAME_LONG,Moving to the Treasure Chest
ACTION_TYPE_TREASUREBOX_NAME_SHORT,Discovered a new Treasure Chest!
ACTION_TYPE_TREASUREBOXMISSION,<ActionTreasureBoxMission>[Ethereal Sanctum]</>
ACTION_TYPE_TREASUREBOXMISSION_DESC1,Click here to go to the Ethereal Sanctum
ACTION_TYPE_TREASUREBOXMISSION_DESC2,Go  to [Name] Ethereal Sanctum
ACTION_TYPE_TREASUREBOXMISSION_NAME_LONG,Moving to the Ethereal Sanctum
ACTION_TYPE_TREASUREBOXMISSION_NAME_SHORT,Discovered an available Ethereal Sanctum!
ACTION_TYPE_TRIALGATE,<ActionTrialGate>[Trial Gate]</>
ACTION_TYPE_TRIALGATE_DESC1,Click here to go to the Trial Gate
ACTION_TYPE_TRIALGATE_DESC2,Go to [Name] Trial Gate
ACTION_TYPE_TRIALGATE_NAME_LONG,Moving to the Trial Gate
ACTION_TYPE_TRIALGATE_NAME_SHORT,Discovered an available Trial Gate
ACTION_TYPE_UNSUPPORT_GADGET_DESC,Move to [Name]
ACTION_TYPE_UNSUPPORT_LOCATION_DESC,Move to [Name]
ACTION_TYPE_UNSUPPORT_NAME_LONG,Moving to the destination
ACTION_TYPE_UNSUPPORT_NAME_SHORT,Go to the destination
ACTION_TYPE_UNSUPPORT_NPC_DESC,Go to [Name]
ACTION_TYPE_VIEWPOINT,<ActionViewPoint>[Observatory]</>
ACTION_TYPE_VIEWPOINT_DESC1,Click here to go to the Observatory
ACTION_TYPE_VIEWPOINT_DESC2,Go to [Name] {jstag:}
ACTION_TYPE_VIEWPOINT_NAME_LONG,Moving to the Observatory
ACTION_TYPE_VIEWPOINT_NAME_SHORT,Discovered a new Observatory!
AIRVEHICLE_LIMITBREAK_RESULT_TITLE,Glider Ascent Successful
AIRVEHICLE_MAX_LIMIT_BREAK,This Glider has reached full ascension.
AIRVEHICLE_POTENTIAL_NOHAVE,Glider required to activate.
ALGORITHM_ACTIVE_NOTI,Activate Algorithm
ALGORITHM_ACTIVE_NOTI_DESC,[AlgorithmName] Algorithm has been activated.
ALGORITHM_END_NOTI,Deactivate Algorithm
ALGORITHM_END_NOTI_DESC,[AlgorithmName] Algorithm has been deactivated.
ALGORITHM_ENDNOTI,[AlgorithmName] Algorithm has been deactivated.
ALGORITHM_INVASION_AREA_NOTIFY_MSG,Entered the Ruler Incursion area.
ALGORITHM_INVASION_FINISH_DESC,Suppress the Ruler Incursion
ALGORITHM_INVASION_NAME,Ruler [InvasionName]’s Incursion
ALGORITHM_INVASION_SIGN_NOTIFY_MSG,[InvasionName]’s Ruler Incursion Omen has been detected in [AreaName].
ALGORITHM_INVASION_START_NOTIFY_MSG,[InvasionName]‘s Ruler Incursion has started in [AreaName].
ALGORITHM_INVASION_TITLE,Ruler Incursion
ALGORITHM_MASTERKEY_NOTI,"Due to the Restore Ashur’s Torch Algorithm, Ashur’s Torch has returned to its original location."
ALGORITHM_MESSAGENOTI_CLANSTELGOLD,Mandatory requisition in [Time]: Gold Algorithm will end.
ALGORITHM_MESSAGENOTI_CLANSTELTOKEN,Mandatory requisition in [Time]: Giant’s Tower Currency Algorithm will end.
ALGORITHM_MESSAGENOTI_GADGETSPAWN,Atrahasis’s Treasure Algorithm will end in [Time].
ALGORITHM_MESSAGENOTI_INVASION,Incursion Activation Algorithm will activate in [Time].
ALGORITHM_MESSAGENOTI_KEYRESET,Ashur’s Torch Algorithm will activate in [Time].
ALGORITHM_MESSAGENOTI_KICKOUT,Shut Down Algorithm will activate in [Time].
ALGORITHM_MESSAGENOTI_MONSTERSPAWN,Mini Golem Creation Algorithm will end in [Time].
ALGORITHM_MESSAGENOTI_NPCSPAWN,Impurity Removal Algorithm will end in [Time].
ALGORITHM_MESSAGENOTI_SECTORINVASION,Grand Incursion Activation Algorithm will activate in [Time].
ALGORITHM_PANEL_NOTACTIVE,There is no activ Algorithm.
ALGORITHM_RULER_SUCCESS_NOTI,Additional reward will be given due to the Indomitable Recompense Algorithm.
ALGORITHM_SECTORINVASION_BOSS_APPEAR_READY_MSG,A powerful Ruler Grand Incursion boss will spawn in [m] minute(s).
ALGORITHM_SECTORINVASION_BOSS_BATTLE,Ruler Incursion Boss Battle
ALGORITHM_SECTORINVASION_BOSS_KILL_MSG,You have defeated a powerful Ruler Grand Incursion boss.
ALGORITHM_SECTORINVASION_BOSS_KILL_REWARD_DESC,Defeat the powerful Ruler Incursion boss
ALGORITHM_SECTORINVASION_BOSS_SPAWN,Ruler Incursion Boss Spawned
ALGORITHM_SECTORINVASION_BOSS_SPAWN_MSG,A powerful Ruler Grand Incursion boss has spawned.
ALGORITHM_SECTORINVASION_BOSSPORTAL_DIFFICULTY_MSG,The powerful Ruler Incursion Portal starts emitting an even more powerful aura.
ALGORITHM_SECTORINVASION_BOSSPORTAL_SPAWN_MSG,A Ruler Incursion Portal with a powerful aura has spawned. 
ALGORITHM_SECTORINVASION_COMPLETE_COUNT_DESC,Number of Ruler Incursion Suppressed
ALGORITHM_SECTORINVASION_FINISH_MSG,Ruler Grand Incursion Ended
ALGORITHM_SECTORINVASION_FINISH_NOTIFY_MSG,[InvasionName]‘s Ruler Grand Incursion has vanished.
ALGORITHM_SECTORINVASION_HUDALARM_PRECURSOR,Ruler Grand Incursion Omen
ALGORITHM_SECTORINVASION_HUDALARM_PROGRESS,Ruler Grand Incursion in Progress
ALGORITHM_SECTORINVASION_INVASIONNAME_DESC,[InvasionName]’s Ruler Grand Incursion
ALGORITHM_SECTORINVASION_READY_NOTIFY_MSG,[InvasionName]’s Ruler Grand Incursion will start in [m]minutes.
ALGORITHM_SECTORINVASION_SIGN_NOTIFY_MSG,[InvasionName]’s Ruler Grand Incursion Omen has been detected.
ALGORITHM_SECTORINVASION_START_NOTIFY_MSG,[InvasionName]’s Ruler Grand Incursion has started.
ALGORITHM_SHUTDOWN_NOTI,You have been removed to the Lobby due to the Banish Algorithm.
ALGORITHM_START_NOTI_TITLE,Use Algorithm
ALGORITHM_SUBTITLE_CLANBUFF,Enhance Allies
ALGORITHM_SUBTITLE_EVENT,Events
ALGORITHM_SUBTITLE_GOLEMBUFF,Enhance Guardian Golem
ALGORITHM_SUBTITLE_INVASION,Incursion
ALGORITHM_SUBTITLE_REGULATION,Control
ALGORITHM_SUBTITLE_STEAL,Requisition
ALGORITHM_TAB_ALL,All
ALGORITHM_TAB_CONTROL,Control
ALGORITHM_TAB_EVENT,Events
ALGORITHM_TAB_EXTORTION,Requisition
ALGORITHM_TAB_GOLEMBUFF,Enhance Guardian Golem
ALGORITHM_TAB_INVASION,Incursion
ALGORITHM_TAB_PLAYERBUFF,Enhance Allies
ALLIANCE_APPLICATION_LIST,Alliance Request List
ALLIANCE_CLAN_APPLICATION_LIST_EMPTY_NOTIFICATION,No clan has sent an Alliance Request.
ALLIANCE_CLAN_APPLICATION_TOOL_TIP_MSG,You can receive up to [Count] Alliance Requests.
ALLIANCE_CLAN_ASSET_AID_POPUP_TOOLTIP,Diamonds given to Allied Clans will be distributed after <Yellow>[Value]%</> fee is deducted.
ALLIANCE_CLAN_ASSET_SUPPORT_REQUEST_MESSAGE,Clan’s Diamonds Support Proposal has been announced.
ALLIANCE_CLAN_LIST,Allied Clans List
ALLIANCE_CLAN_LIST_EMPTY_NOTIFICATION,No Allied Clan.
ALLIANCE_CLAN_REQUEST_LIST_EMPTY_NOTIFICATION,There is no record of sending Alliance Requests.
ALLIANCE_CLAN_REQUEST_TOOL_TIP_MSG,You can send up to [Count] Alliance Request(s).
ALLIANCE_REQUEST_LIST,Alliance Request List
APP_VERSION_UNDER_LATEST,"A new version is available.
Do you want to download it now?"
APP_VERSION_UNDER_MIN,"App update required.
Please visit the Store and update the game."
ARCHIEVEMENT_NOTREWARD_POINT,Unable to claim rewards due to insufficient Achievement Points.
AREA_NEW_DISCOVER,New Zone
AREA_PEACE_ERROR_MSG,PK is not allowed in a Peace Zone.
AREA_PKAREA_ARENA,"Todos os ataques são permitidos, sem penalidade."
AREA_PKAREA_BATTLEFIELD,"Todos os ataques são permitidos, mas haverá penalidade se você não participar do campo de batalha."
AREA_PKAREA_FIELD,"É possível atacar inimigos, mas haverá penalidade."
AREA_PKAREA_GRADE_NORMAL,Alerta
AREA_PKAREA_GRADE_PEACE,Paz
AREA_PKAREA_GRADE_PK,Sem lei
AREA_PKAREA_GRADE_ARENA,Guerra
AREA_PKAREA_MONOLITH,Monolith War
AREA_PKAREA_SIEGE,Cerco
AREA_PKAREA_TOWER,"É possível atacar alvos comuns e inimigos, mas haverá penalidade."
AREA_PKAREA_TOWN,Não é possível atacar alvos comuns nem inimigos.
AREA_RESTRICTEAREA_COUNTDOWN_MSG,You have entered a forbidden area. You will be moved to the closest Warp Anchor in [s] second(s).
AREA_RESTRICTEAREA_OUT_MSG,You have left a restricted zone.
AREA_UNKNOWN,Unknown Realm
ASSET_SHORTAGE_SHOPMOVE,"Not enough resources.
Click Move to visit the shop."
ASSISTMODE_AUTOCOMBAT_TOGGLE_ERROR,AI Auto-Battle is not available in this World.
ASSISTMODE_AUTOCOMBATSETTING_BTN,AI Auto-Battle Setting
ASSISTMODE_AUTOCOMBATSETTING_LABEL,AI Auto-Battle
ASSISTMODE_BATTLEFIELDBUFF_ASSETTEXT,or less only
ASSISTMODE_BATTLEFIELDBUFF_CATEGORY1,Buff Purchase Status
ASSISTMODE_BATTLEFIELDBUFF_CATEGORY2,Desired Max Price
ASSISTMODE_BATTLEFIELDBUFF_TIP,Purchasing Monolith Buff for the Realm where the AI Auto-Battle begins.
ASSISTMODE_BENEFITDESC_BATTLEFIELDBUFF,"Automatically purchases the Monolith Buff for the Realm where the AI Auto-Battle begins.
You can set a desired max price."
ASSISTMODE_BENEFITDESC_EXTRACT,Automatically disassembles items.
ASSISTMODE_BENEFITDESC_REVIVE,"Upon death, you will be automatically revived and return to the Hunting Grounds."
ASSISTMODE_BENEFITDESC_REVIVERECOVERY,Penalties will be automatically restored after death.
ASSISTMODE_BENEFITDESC_SHOP,"After using all consumables, you will return to the Hunting Grounds after re-purchasing them."
ASSISTMODE_BENEFITDESC_STORAGE,"When your inventory is full, you will return to the Hunting Grounds after storing the items in your Stash."
ASSISTMODE_BENEFITNAME_BATTLEFIELDBUFF,Auto-Purchase Monolith Buff
ASSISTMODE_BENEFITNAME_EXTRACT,Auto-Dismantle Items
ASSISTMODE_BENEFITNAME_REVIVE,Auto-Revive
ASSISTMODE_BENEFITNAME_REVIVERECOVERY,Restore Death Penalty
ASSISTMODE_BENEFITNAME_SHOP,Auto-Purchase Consumables
ASSISTMODE_BENEFITNAME_STORAGE,Auto-Store Items
ASSISTMODE_BENEFITSETTING_ERROR,Disassembly Stars must not overlap with the Storage Stars.
ASSISTMODE_BENEFITSHOP_ERROR1,No setting has been changed.
ASSISTMODE_BENEFITSHOP_ERROR2,No setting found.
ASSISTMODE_BENEFITSTATUS_EXTRACT,Dismantle [Value]
ASSISTMODE_BENEFITSTATUS_NOSETTING1,Setting Required
ASSISTMODE_BENEFITSTATUS_NOSETTING2,Setting Required
ASSISTMODE_BENEFITSTATUS_NOSETTING3,Setting Required
ASSISTMODE_BENEFITSTATUS_NOSETTING4,Setting Required
ASSISTMODE_BENEFITSTATUS_NOSETTING5,Setting Required
ASSISTMODE_BENEFITSTATUS_REVIVE,"Auto-Revive: [Value1]
Restore Death Penalty: [Value2]"
ASSISTMODE_BENEFITSTATUS_SHOP,Purchase Settings Complete
ASSISTMODE_BENEFITSTATUS_STORAGE,Store [Value]
ASSISTMODE_BENEFITTITLE_BATTLEFIELDBUFF,Auto-Purchase Monolith Buff
ASSISTMODE_BENEFITTITLE_EXTRACT,Auto-Dismantle Items
ASSISTMODE_BENEFITTITLE_ITEMEXTRACT,Auto-Dismantle Settings
ASSISTMODE_BENEFITTITLE_ITEMSTORAGE,Auto-Store Settings
ASSISTMODE_BENEFITTITLE_PENALTYRECOVERY,Restore Death Penalty Settings
ASSISTMODE_BENEFITTITLE_REVIVE,Auto-Revive Settings
ASSISTMODE_BENEFITTITLE_STORAGE,Auto-Store Items
ASSISTMODE_BTN_HINTTEXT,SMART
ASSISTMODE_CLARITY_LABEL,Transparency
ASSISTMODE_CONTENTSCHANCE_FREECHANCE_LABEL,Remaining Free Time: [Time]
ASSISTMODE_CONTENTSCHANCE_FREECHANCE_LABEL_NOTIME,Remaining Free Time: <Red>None</>
ASSISTMODE_CONTENTSCHANCE_PAIDCHANCE_LABEL,Remaining Additional Time: [Time]
ASSISTMODE_CONTENTSCHANCE_PAIDCHANCE_LABEL_NOTIME,Remaining Additional Time: <Red>None</>
ASSISTMODE_DISABLECONDITION_NOTAREA,Unable to use this function in this Realm.
ASSISTMODE_DISABLECONDITION_NOTCLAN,No Clan Occupying [AreaName]
ASSISTMODE_DISABLECONDITION_NOTITEM,Exclusive Benefits for [ShopItemName]
ASSISTMODE_FUNTION_COUNT,Remaining Summons [CurrentCount]⁄[MaxCount]
ASSISTMODE_FUNTION_COUNT_INT,[CurrentCount]/[MaxCount]
ASSISTMODE_FUNTION_COUNT_LABEL,Remaining Auto-Maintenance
ASSISTMODE_GUIDE_BALOON,"AI Auto-Battle has been activated.
Tap and hold the button for detailed settings."
ASSISTMODE_HISTORY_TITLE,AI Auto-Battle Log
ASSISTMODE_NEED_SETTING,You must set up the AI Auto-Battle first.
ASSISTMODE_NONE_WORLD,AI Auto-Battle is not available in this World.
ASSISTMODE_NOT_ENOUGH_PURCHASE_GOLD,"Insufficient funds to purchase consumables.
Do you want to activate AI Auto-Battle anyway?"
ASSISTMODE_NOTENOUGH_MINUS,Can’t go lower.
ASSISTMODE_NOTENOUGH_PLUS,Can’t go higher.
ASSISTMODE_OFF_DESC,This function is currently OFF. Tap the button on the left to turn it ON.
ASSISTMODE_OPEN_SPEECH_TEXT,"AI Auto-Battle has been activated.
Tap and hold the button to change settings."
ASSISTMODE_PANEL_GUIDE,You can turn on the panel again from the AI Auto-Battle settings.
ASSISTMODE_PURCHASE_MAX_COUNT_OVER,Exceeded the max number of purchase of the same type.
ASSISTMODE_SETTING_ADD_FUNCTION,Additional Convenience Function
ASSISTMODE_SETTING_ADD_NOLIMIT,No limit
ASSISTMODE_SETTING_REPAIR_FUNCTION,Auto-Maintenance
ASSISTMODE_SETTING_TIP,The Auto-Maintenance Tokens reset every time you activate Auto-Combat.
ASSISTMODE_SETTING_TIP2,An Auto-Maintenance Token is consumed when you move to the Village and return to the Hunting Grounds.
ASSISTMODE_SETTING_TITLE,AI Auto-Battle Setting
ASSISTMODE_SETTING_VIEW_STATUS,See Auto-Combat Status Board
ASSISTMODE_SETTINGCHANGE_BTN,Change Settings
ASSISTMODE_SHOPBENEFIT_DESC_OFF,+[Number] bonuses with [ShopItemName] Benefit
ASSISTMODE_SHOPBENEFIT_DESC_ON,[ShopItemName] Benefit applied
ASSISTMODE_SHOPITEMBENEFIT_TITLE,Exclusive Benefits for [ShopItemName]
ASSISTMODE_START_BTN,Start AI Auto-Battle
ASSISTMODE_START_BTN_NEW,Start AI Auto-Battle
ASSISTMODE_START_ERROR_REVIVESETTING,Set up the auto-revive and return locations.
ASSISTMODE_START_ERROR_SHOPSETTING,Select consumables to auto-purchase.
ASSISTMODE_START_ERROR_TIMEOUT,No time remaining.
ASSISTMODE_START_MESSAGE,AI Auto-Battle has begun.
ASSISTMODE_STOP_BTN,Stop the mode
ASSISTMODE_STOP_BTN_NEW,Stop AI Auto-Battle
ASSISTMODE_STOP_COMPLETE,AI Auto-Battle has stopped.
ASSISTMODE_STOP_MESSAGE,Do you want to stop AI Auto-Battle?
ASSISTMODE_STOP_NOTICE,AI Auto-Battle has ended.
ASSISTMODE_SUBSCRIBE_BENEFIT,Exclusive Benefits for [[SubscribeName]]
ASSISTMODE_TIME_TIP,Free Time will be used first when using AI Auto-Battle.
ASSISTMODE_TIMESTAMP,[yyyy]-[MM]-[dd] [hh]:[mm]:[ss]
ASSISTMODE_TITLE,AI Auto-Battle
ASSISTMODE_TITLE_NEW,AI Auto-Battle Status
ASSISTPANEL_GUIDESTEP_NAME_COMPLETE,Manual do nível [Value] concluído
ASSISTPANEL_GUIDESTEP_NAME_ING,Manual do nível [Value] em andamento
ASSISTPANEL_GUIDESTEP_PROGRESSING,[CurrentValue]/[MaxValue]
ASSISTPANEL_TABNAME_INSTANCE,Objetivo
AUCTION_1DAYLOW_PRICE,Daily Lowest Price
AUCTION_ALL_CALCULATE,Settle all
AUCTION_ALL_CANCEL,Reclaim All Expired Items
AUCTION_AVERAGE_PRICE,Average Lowest Price
AUCTION_BUY_NO_LIST_GUIDE,No item registered.
AUCTION_BUY_TOTALAMOUNT,Purchase Price
AUCTION_BUYCOUNT_HISTORY,Total Purchases
AUCTION_CANCEL_EXPIRED,Expired items have been reclaimed.
AUCTION_CURRENTLOW_PRICE,Current Lowest Price
AUCTION_DUTY,Tax Rate [Value]%
AUCTION_DUTY_ACCUM,Accumulated Tax Rate [Value]%
AUCTION_DUTY_ACCUMDESC1,Total Accumulated Tax
AUCTION_DUTY_ACCUMDESC2,※ Accumulated Tax is reset once per day.
AUCTION_DUTY_ACCUMDESC3,Server Accumulated Tax
AUCTION_DUTY_MESSAGE,A base tax rate of [Value]% is in effect.
AUCTION_DUTY_SYSTEM,Base Tax Rate [Value]%
AUCTION_DUTY_TIP,Method of Tax Rate Application
AUCTION_DUTY_TOTAL,<Orange>Final Tax Rate [Value]%</>
AUCTION_FEATURE_NOT_AVAILABLE,Can’t use this function in the Marketplace.
AUCTION_HIGH_PRICE,Max Trade Price
AUCTION_ITEM_NOT_FOUND,This item is currently not for sale.
AUCTION_ITEM_SELL_LIST,Marketplace Sales List
AUCTION_MENU_ALL,All
AUCTION_MENU_BUY,Purchase
AUCTION_MENU_COUNT,Total Sales
AUCTION_MENU_DURABILITY,Durability
AUCTION_MENU_HISTORY,Sales History
AUCTION_MENU_ITEM,Item Info
AUCTION_MENU_LEFTTIME,Time Remaining
AUCTION_MENU_LOWPRICE,Lowest Price
AUCTION_MENU_NO_HISTORY,No History
AUCTION_MENU_OPTION,Infuse
AUCTION_MENU_PERPRICE,Unit Price
AUCTION_MENU_RESULTPRICE,Payout
AUCTION_MENU_SELECTEDITEM,Selected Item Info
AUCTION_MENU_SELL,Sell
AUCTION_MENU_SELLCOUNT,Sale Quantity
AUCTION_MENU_SELLPRICE,Sale Price 
AUCTION_MENU_SOLDTIME,Sale Time
AUCTION_MENU_STATUS,Current Status
AUCTION_MENU_TEXT,Marketplace
AUCTION_MENU_TYPE,Type
AUCTION_MENULOCK_MSG,Marketplace is unavailable at this location.
AUCTION_MIN_SELLCOUNT_SYSTEM_MSG,You need to set the sales amount.
AUCTION_MINPRICE_SYSTEM_MSG,Total sale price must be at least 10 Diamonds.
AUCTION_MSGPOPUP_UNDERPRICE,Unit price must at at least 0.01 Diamonds.
AUCTION_NO_EXPIRED_SALE_ITEMS_NOTIFY,There is no expired item.
AUCTION_NO_SOLD_ITEMS_NOTIFY,Cannot pay out as no item has been sold.
AUCTION_NOFAVORITE_GUIDE,There is no item marked as favorite.
AUCTION_NOHISTORY_GUIDE,No sales history.
AUCTION_NOSELLINGITEM_GUIDE,There is no item registered for sale.
AUCTION_NOT_REGISTRATION,You can’t register this item in the Marketplace for sale.
AUCTION_PER_SELLPRICE,Unit Sales Price
AUCTION_PRICE_INFO,Trade Info
AUCTION_PURCHASE_COMPLETE_SYSTEM_MSG,The item has been purchased and sent to your inventory.
AUCTION_PURCHASE_INVENTORY_FULL_SYSTEM_MSG,Cannot purchase due to insufficient inventory space.
AUCTION_RECORD_DATE_FORM_1,[MM] [dd] [hh]:[mm]
AUCTION_RECORD_DATE_FORM_2,"[MM] [dd] 
[hh]:[mm]"
AUCTION_RESULTPRICE_SYSTEM_MSG,Payout Result: Received <Blue>[Value] Diamonds</>.
AUCTION_SEARCH_INPUT_HINT,Enter Item Name
AUCTION_SELL_ALREADY_EQUIP,This item is equipped.
AUCTION_SELL_COMMISION,Registration Fee
AUCTION_SELL_COMPLETE,Sold
AUCTION_SELL_PENDING,Sale Pending
AUCTION_SELL_TIMEOUT,Duration Expired
AUCTION_SELL_TOTALAMOUNT,Sale Price
AUCTION_SELLCOUNT,Sale Quantity
AUCTION_SELLCOUNT_HISTORY,Total Sales
AUCTION_SELLPOPUP_SELLCOUNT,Sale Quantity
AUCTION_SELLPOPUP_SELLPRICE,Total Sales Price
AUCTION_SELLSLOT_FULL_SYSTEM_MSG,Can’t register anymore item for sale.
AUCTION_TAB_HISTORY,Trade History
AUCTION_TITLE_TEXT,Marketplace
AUCTION_TOTAL_SELLPRICE,Total Sales Price
AUCTION_TRADE_INFO,Current Trade History
AUCTION_WAITING_GUIDE,Item will be registered in the Marketplace for sale after a brief period.
AUCTION_ALL_BUY_BUTTON_TEXT,Purchase All ([Count]⁄[MaxCount])
AUCTION_ALL_BUY_LIST_TEXT,All ([Count]⁄[MaxCount])
AUCTION_ALL_BUY_PRICE_COUNT,⁄[Value] per item
AUCTION_ALL_BUY_BUTTON_MSG,Select an item to purchase in bulk.
AUCTION_ALL_BUY_MAXCOUNT_MSG,Can’t select anymore.
AUCTION_ALL_BUY_FAILED_LIST_MSG,Failed to purchase [Count] out of [MaxCount] items.
AUCTION_ALL_BUY_TITLE,Purchase All
AUCTION_ALL_BUY_FAIL_MST,No item to purchase.
AUCTION_BUY_RECHECK,This item is priced significantly higher than the average market price. Purchase it anyway?
AUCTION_BUY_RECHECK_SUB,Tap Purchase to confirm your purchase.
AUTHORITYFLOATING_MSG,Not authorized to control [Name].
AUTHPROCESS_POPUP_DESC,"Identity verification is required to use the Marketplace.
Please complete verification via the DRIMAGE launcher."
AUTHPROCESS_POPUP_DESC_MOBILE,<Red>Mobile Verification will be available soon. Please complete verification on PC. </>
AUTHPROCESS_POPUP_DESC_MOBILE_MSG,Identity verification is available on PC.
AUTO_MOVING,Moving
AUTOCOMBAT_ALL_SKILL_MODE,AUTO
AUTOCOMBAT_DEFAULT_SKILL_MODE,SEMI
AUTOCOMBAT_DISTANCE,[Value]M
AUTOCOMBAT_LEADER_STATE_ANOTHER,Can’t move because [Param] is at another location.
AUTOCOMBAT_LEADER_STATE_FAR,Can’t move because [Param] is too far away.
AUTOCOMBAT_LEADER_STATE_OFF,[Param] isn’t using Auto-Combat.
AUTOCOMBAT_LEADER_STATE_START,[Param] has activated Auto-Combat.
AUTOCOMBAT_OPTION_DISCONNECT_AUTO,Switch to Offline AI Mode when exiting during Auto-Combat
AUTOCOMBAT_RANGE_TITLE,Auto-Combat Distance Settings
AUTOCOMBAT_RANGEVISIVLE,Show Auto-Combat Range
AUTOCOMBAT_SKILL_HP_MAX_CONDITION_TOOLTIP_DESC,Use this skill when your HP is below a certain percentage.
AUTOCOMBAT_SKILL_HP_MAX_CONDITION_TOOLTIP_TITLE,Max HP Requirement
AUTOCOMBAT_SKILL_HP_MIN_CONDITION_TOOLTIP_DESC,Use this skill when your HP is above a certain percentage.
AUTOCOMBAT_SKILL_HP_MIN_CONDITION_TOOLTIP_TITLE,Min HP Requirement
AUTOCOMBAT_SKILL_MP_CONDITION_TOOLTIP_DESC,Determine whether to allow this skill to be affected by MP limit settings.
AUTOCOMBAT_SKILL_MP_CONDITION_TOOLTIP_TITLE,Apply MP Limit
AUTOCOMBAT_SKILLROOTMOTION,Use natural movements during attacks
AUTOCOMBAT_TOOLTIP_DESC,Use skills automatically.
AUTOCOMBAT_TOOLTIP_TITLE,Auto-Use
AUTOCOMBAT_TYPE_AROUND_DESC,Auto-Combat near Party Leader
AUTOCOMBAT_TYPE_BASIC_DESC,Basic Auto-Combat
AUTOCOMBAT_TYPE_TARGET_DESC,Automatically attack the party leader’s target
AUTOCOMBAT_TYPE_TITLE,Auto-Combat Type
AUTOITEM_ADD_COMPLETE,Auto-use [Name].
AUTOITEM_DELETE_COMPLETE,Auto-use for [Name] has been disabled.
AUTOSETTING_AUTOITEMSETTING,Consumable Auto-Use Settings
AUTOSETTING_AUTOSKILLSETTING,Active Skill Auto-Use Settings
AUTOSETTING_BATTLEITEM_TAP,Consumables
AUTOSETTING_LOCKITEM_SYSTEM_MSG,Can’t Auto-use locked items.
AUTOSETTING_POPUP_TITLE,Auto-use Settings
AUTOSETTING_SKILL_TAP,Active Skill
AUTOSETTING_TITLE,Auto-Combat Settings
AWAKENING_ALREADY_OPENED_CELL,This cell is already unlocked.
AWAKENING_CELL_BASIC,Normal Cell
AWAKENING_CELL_EFFECT_BASIC,A fixed effect applies to Normal Cells based on Stars.
AWAKENING_CELL_EFFECT_SPECIAL,The number of Special Cells is randomly determined based on Stars.
AWAKENING_CELL_EFFECT_TITLE,Cell Effect
AWAKENING_CELL_INFO,Cell Details
AWAKENING_CELL_INFO_TIP,A Cell’s level progressively increases when unlocked.
AWAKENING_CELL_INFO_TITLE,Cell Effect
AWAKENING_CELL_LIMITBREAK_TIP,Awakening is available after unlocking all cells to Level 3.
AWAKENING_CELL_SPECIAL,Special Cell
AWAKENING_CHOICE_CELL_TITLE,Selected Cell
AWAKENING_CHOICE_COST_TITLE,Consumed Materials
AWAKENING_CHOICE_LIMITBREAK_BUTTON,Awakening
AWAKENING_CHOICE_OPEN_BUTTON,Unlock
AWAKENING_CHOICE_RATE_TITLE,Chance of Success
AWAKENING_FAIL_SYSTEM_MSG,Awakening failed.
AWAKENING_INVALID_PAGE,This page is invalid.
AWAKENING_LIMITBREAK_CELL_EFFECT_TITLE,Awakening Effect
AWAKENING_LIMITBREAK_EFFECT_POINT,Overall Awakening Level
AWAKENING_LIMITBREAK_EFFECT_TITLE,Overall Awakening Effects
AWAKENING_LIMITBREAK_GRADE_TIP,A random star will apply upon awakening.
AWAKENING_LIMITBREAK_NOTI_DESC,You can acquire additional stats by awakening cells.
AWAKENING_LIMITBREAK_NOTI_TITLE,Start Awakening Level
AWAKENING_LIMITBREAK_STAT_COUNT,Can acquire [Count]
AWAKENING_LIMITBREAK_SUCCESS_SYSTEM_MSG,Awakened to a random Star Grade.
AWAKENING_MOVE_OPEN_TAB,Move to the Awakening Screen
AWAKENING_NEED_OPEN_CELL,The cell needs to be unlocked.
AWAKENING_NEED_OPEN_CELL_FOR_LIMITBREAK,Can’t awaken locked cells.
AWAKENING_NEED_SELECT_CELL,Need to select cell.
AWAKENING_NOTENOUGH_MATERIAL,Insufficient materials.
AWAKENING_OPEN_CELL_EFFECT_TITLE,Unlock Effect
AWAKENING_OPEN_NO_LIST,No unlock effect to show.
AWAKENING_OPEN_OPEN_TIP,Level 1 effect will apply after the initial unlock.
AWAKENING_OPEN_SPECIAL_TIP,"Level  1 effect will apply after the initial unlock.
Number of effects applied differ by tiers."
AWAKENING_OPEN_STEP,Level [Param]
AWAKENING_OPEN_TITLE,Unlock Effect
AWAKENING_PAGE_LOCK_TITLE,Page Unlock Requirements
AWAKENING_PAGE_NEED_MATERIAL_TITLE,Page Upgrade Materials
AWAKENING_PAGE_NEED_MATERIAL_TITLE_SHOT,Consumed Materials
AWAKENING_REQUIRE_BEFORE_PAGE_COMPLETE,Previous page is not completed.
AWAKENING_SUCCESS_SYSTEM_MSG,Unlock successful. Stats have been acquired.
AWAKENING_SYNERGY_INFO_TITLE,Overall Awakening Effect
AWAKENING_SYNERGY_TIP,Applies based on the total number of the cell’s Awakened Stars.
AWAKENING_TITLE,Awakening
AWAKENING_WARNING_LIMITBREAK_MSG,"There is a <Orange>high-star cell</>. 
<Red>The cell’s star grade may change upon awakening. </>

Do you want to continue?"
AWAKENING_AUTO_TITLE,Auto-Setting
AWAKENING_OPEN_AUTO,Auto-Unlock
AWAKENING_OPEN_AUTO_START,Start Auto-Unlock
AWAKENING_OPEN_AUTO_STOP,Stop Auto-Unlock
AWAKENING_OPEN_AUTO_DESC,Auto-Unlock will progress based on the set <Yellow>priorities</>.
AWAKENING_OPEN_AUTO_TARGET_TITLE,Priority Settings
AWAKENING_LIMITBREAK_AUTO,Auto-Awaken
AWAKENING_LIMITBREAK_AUTO_STOP,Stop Auto-Awaken
AWAKENING_LIMITBREAK_AUTO_START,Start Auto-Awaken
AWAKENING_LIMITBREAK_AUTO_DESC,Auto-awaken will progress based on the set <Yellow>Total Awakening Level</>.
AWAKENING_LIMITBREAK_AUTO_TARGET_TITLE,Total Awakening Level of Selected Cell
AWAKENING_LIMITBREAK_AUTO_TARGET,Total [Value]
AWAKENING_LIMITBREAK_AUTO_OPTION,Stops when a cell reaches <Grade5>5 Stars</> or higher
AWAKENING_OPEN_COMPLETE_DESC,This cell has been completely unlocked.
AWAKENING_OPEN_OPTION1,Sequential Progress
AWAKENING_OPEN_OPTION2,Prioritize Attack
AWAKENING_OPEN_OPTION3,Prioritize Defense
AWAKENING_OPEN_OPTION4,Prioritize Support
AWAKENING_LIMITBREAK_AUTO_TAB1,All Cells
AWAKENING_LIMITBREAK_AUTO_TAB2,Specific Cells
AWAKENING_LIMITBREAK_AUTO_TARGET_DESC,Select the cells for Auto-Awakening.
AWAKENING_LIMITBREAK_AUTO_TARGET_DESC_FOCUS,Focused Awakening is currently selected.
AWAKENING_LIMITBREAK_AUTO_TARGET_GRADE,Setting targets for the selected cells: [Currently [Grade]★]
AWAKENING_LIMITBREAK_AUTO_TARGET_GRADE_TITLE,Target Star Grade
AWAKENING_LIMITBREAK_AUTO_TARGET_GRADE_MSG1,Select the target star grade.
AWAKENING_LIMITBREAK_AUTO_TARGET_GRADE_MSG2,Cannot select a star grade lower than the current one.
AWAKENING_CELL_LIMITBREAK_FOCUS_TIP,"Focused Awakening only awakens the selected cell.
By consuming additional materials, you can awaken the selected cell individually, instead of awakening adjacent cells at the same time."
AWAKENING_TAB_NORMAL,Normal Awakening
AWAKENING_TAB_FOCUS,Focused Awakening
BADGE_NOTIFICATION_DEFAULT,No notification.
BADGE_ONOFF_COMPLETE,Badge notification settings have been changed.
BADGE_ONOFF_CONTENTSHORTCUT,Go to Badge Notification Settings
BADGE_ONOFF_DISABLE_GUIDE,Cannot disable this badge.
BADGE_ONOFF_OFFPOPUP_DESC,Do you want to disable Badge Notification for this location?
BADGE_ONOFF_OFFPOPUP_SUBDESC,Disabled badges can be re-enabled in the game option.
BADGE_ONOFF_OFFPOPUP_TITLE,Badge Notification
BADGE_ONOFF_SETTING_CHANGE,Notification settings for [ContentsName] have been changed.
BADGE_OPTION_CHANGE_WARNNING_MSG,Do you want to disable Badge Notification?
BADGE_OPTION_CUSTOM,Custom
BADGE_OPTION_CUSTOM_ERROR,Custom options will be selected when changing the advanced settings.
BADGE_OPTION_SETTING,Advanced Settings
BADGE_OPTION_TITLE1,[ContentsName] Settings
BADGE_OPTION_TITLE2,Notification Settings
BATTLE_RECORD,Battle Log
BATTLE_RECORD_ADD_ENEMY_CLAN,Register Enemy
BATTLE_RECORD_ADDITIONAL_FEATURES_SELECT_POPUP_TITLE,Select Additional Functions
BATTLE_RECORD_ADDITIONAL_FEATURES_UNAVAILABLE_NOTCOST,Function unavailable due to insufficient owned resources.
BATTLE_RECORD_ADDITIONAL_FEATURES_UNAVAILABLE_TIMEOUT,Function unavailable due to expiration.
BATTLE_RECORD_ASSIST,<Green>Assists</>
BATTLE_RECORD_BOUNTY_ACTION_SUCCESS_MESSAGE,Bounty registered.
BATTLE_RECORD_BOUNTY_POPUP_BUTTON_OK,Register
BATTLE_RECORD_BOUNTY_POPUP_MESSAGE,Do you want to place a bounty on <Yellow>[Name]</>?
BATTLE_RECORD_BOUNTY_POPUP_MESSAGE_SUB,Available Bounty Postings remaining: [Count]/[MaxCount]
BATTLE_RECORD_BOUNTY_POPUP_MESSAGE_TAX,"<Red>[TaxRate]%</> of the entered amount will be deducted as a <Red>Fee</>,
and the remaining amount will be registered as bounty."
BATTLE_RECORD_BOUNTY_POPUP_TITLE,Register Bounty
BATTLE_RECORD_BOUNTY_REQUEST,Wanted
BATTLE_RECORD_BOUNTY_REQUEST_LIST_FILTER_ASCENDING,"Sort by bounty, lowest to highest"
BATTLE_RECORD_BOUNTY_REQUEST_LIST_FILTER_DEFAULT,Default Sort
BATTLE_RECORD_BOUNTY_REQUEST_LIST_FILTER_DESCENDING,"Sort by bounty, highest to lowest"
BATTLE_RECORD_BOUNTY_RESULT_NOTIFICATION_MESSAGE,Target defeated. You have acquired the registered bounty.
BATTLE_RECORD_CANNOT_FIND_TRACE_CHARACTER_SYSTEM_MSG,Unable to find the tracked target
BATTLE_RECORD_CANNOT_REACT_TO_ALLIED_CLAN_MEMBERS,You can’t take revenge on or taunt a Clan Member.
BATTLE_RECORD_CANNOT_TRACE_MY_CHARACTER,Cannot track your own character.
BATTLE_RECORD_CANNOT_TRACE_MY_REQUESTER,Track function is not available for the requested target.
BATTLE_RECORD_CLAN_TAUNT,Clan Taunt
BATTLE_RECORD_CLAN_TAUNT_POPUP_MESSAGE,"Spend resources to send a taunt message to the opponent’s Clan
?"
BATTLE_RECORD_CLAN_TAUNT_POPUP_MESSAGE_SUB,<SubRed>Clan Taunts can be used only once.</>
BATTLE_RECORD_CLAN_TAUNT_POPUP_TITLE,Clan Taunt
BATTLE_RECORD_DEATH,<Red>Deaths</>
BATTLE_RECORD_DEFAULT_TAUNT_MESSAGE,Your courage is as empty as your strength. Fight properly next time.
BATTLE_RECORD_KILL,<Blue>Kills</>
BATTLE_RECORD_KILL_COMPLETED,Opponent Killed
BATTLE_RECORD_LIST_DATE,[YYYY]-[MM]-[DD]
BATTLE_RECORD_LIST_FILTER_ALL,All
BATTLE_RECORD_LIST_FILTER_ASSIST,Assists
BATTLE_RECORD_LIST_FILTER_DEATH,Deaths
BATTLE_RECORD_LIST_FILTER_KILL,Kills
BATTLE_RECORD_LIST_INDEX_ADDITIONAL_FEATURES,Additional Functions
BATTLE_RECORD_LIST_INDEX_BATTLE_RESULT,Battle Result
BATTLE_RECORD_LIST_INDEX_CHARACTER_INFO,Character Info
BATTLE_RECORD_LIST_INDEX_CLAN_INFO,Clan Info
BATTLE_RECORD_LIST_INDEX_RECORD_TIMESTAMP,Record Date
BATTLE_RECORD_LIST_INDEX_REMAINING_TIME,Remaining Function Duration
BATTLE_RECORD_LIST_INDEX_SERVER_INFO,Server Info
BATTLE_RECORD_LIST_NO_RESULT,No Battle Log found.
BATTLE_RECORD_LIST_TIME,[HH]:[MM]:[SS]
BATTLE_RECORD_MAIL_TAUNT,Taunt Mail
BATTLE_RECORD_MAIL_TAUNT_POPUP_MESSAGE,"Spend resources to send a 
taunt mail to the opponent?"
BATTLE_RECORD_MAIL_TAUNT_POPUP_MESSAGE_SUB,<SubRed>Taunt Mails can be used only once.</>
BATTLE_RECORD_MAIL_TAUNT_POPUP_TITLE,Taunt Mail
BATTLE_RECORD_PERSONAL_TAUNT,Personal Taunt
BATTLE_RECORD_PERSONAL_TAUNT_POPUP_MESSAGE,"Spend resources to send a 
taunt message to the opponent?"
BATTLE_RECORD_PERSONAL_TAUNT_POPUP_MESSAGE_SUB,<SubRed>Personal Taunts can be used only once.</>
BATTLE_RECORD_PERSONAL_TAUNT_POPUP_TITLE,Personal Taunt
BATTLE_RECORD_REACT_COMPLETED,Counter-taunt Complete
BATTLE_RECORD_REACT_DISABLED,You can no longer counter-taunt.
BATTLE_RECORD_REQUEST_LIST_CLAN_NOT_JOINED,Available after joining a Clan.
BATTLE_RECORD_REQUEST_LIST_INDEX_ADDITIONAL_FEATURES,Additional Functions
BATTLE_RECORD_REQUEST_LIST_INDEX_BOUNTY_AMOUNT,Bounty
BATTLE_RECORD_REQUEST_LIST_INDEX_OPPONENT_CHARACTER,Target Character
BATTLE_RECORD_REQUEST_LIST_INDEX_OPPONENT_CLAN,Target Clan
BATTLE_RECORD_REQUEST_LIST_INDEX_OPPONENT_SERVER,Target Server
BATTLE_RECORD_REQUEST_LIST_INDEX_REMAINING_TIME,Remaining Time
BATTLE_RECORD_REQUEST_LIST_INDEX_REQUEST_TIMESTAMP,Request Date⁄Time
BATTLE_RECORD_REQUEST_LIST_INDEX_REQUESTER,Requester
BATTLE_RECORD_REQUEST_LIST_NO_RESULT_BOUNTY,No currently active Bounty.
BATTLE_RECORD_REQUEST_LIST_NO_RESULT_REVENGE,No Request Revenge records found.
BATTLE_RECORD_REQUESTER,Requester
BATTLE_RECORD_REVENGE_ACTION_SUCCESS_MESSAGE,Asked an Allied Clan member for revenge.
BATTLE_RECORD_REVENGE_POPUP_MESSAGE,Spend resources to ask an allied Clan member for revenge?
BATTLE_RECORD_REVENGE_POPUP_MESSAGE_SUB,"You can request revenge only once.
Once used, no other actions can be taken afterward."
BATTLE_RECORD_REVENGE_POPUP_TITLE,Request Revenge
BATTLE_RECORD_REVENGE_REQUEST,Request Revenge
BATTLE_RECORD_REVENGE_RESULT_NOTIFICATION_MESSAGE,Successfully took revenge by defeating the target.
BATTLE_RECORD_SEARCH_INPUT_KEYWORD,Enter Character Name
BATTLE_RECORD_TARGET_TRACE,Track Opponent
BATTLE_RECORD_TAUNT_MESSAGE_SETTING,Set Taunt Message
BATTLE_RECORD_TAUNT_MESSAGE_SETTING_ERROR_CONTENT,Enter a message.
BATTLE_RECORD_TAUNT_MESSAGE_SETTING_ERROR_CONTENT_LARGE_SIZE,The message is too long to send.
BATTLE_RECORD_TAUNT_MESSAGE_SETTING_HINT,Enter a phrase to use.
BATTLE_RECORD_TAUNT_MESSAGE_SETTING_HINT_MESSAGE,<Red>Profanity and abusive language will be automatically filtered out.</>
BATTLE_RECORD_TAUNT_MESSAGE_SETTING_MESSAGE,An additional phrase displayed when taunting a defeated opponent.
BATTLE_RECORD_TAUNT_MESSAGE_SETTING_TITLE,Set Taunt Message
BATTLE_RECORD_TAUNT_NOTIFICATION_ALLY,<Blue>[Name]</>
BATTLE_RECORD_TAUNT_NOTIFICATION_TARGET,[TargetClanName][TargetName]{jstag:}
BATTLE_RECORD_TAUNT_RESULT_NOTIFICATION_MESSAGE,You were killed by <Red>[Name]</>.
BATTLE_RECORD_TRACE_ACTION_SUCCESS_MESSAGE,Tracking the target’s location.
BATTLE_RECORD_TRACE_POPUP_BUTTON_OK,Track
BATTLE_RECORD_TRACE_POPUP_MESSAGE,Spend resources to track [Name]’s location?
BATTLE_RECORD_TRACE_POPUP_MESSAGE_SUB,Total attempts: [Count]
BATTLE_RECORD_TRACE_POPUP_TITLE,Track Opponent
BATTLE_RECORD_TRACKING_OFF_WARNING_POPUP_MESSAGE,"Your current tracking will be deactivated and 
can no longer be used.
 Do you want to continue?"
BATTLE_RECORD_TRACKING_OFF_WARNING_POPUP_TITLE,Tracking Deactivation Warning
BATTLEFIELD_DIALOG_ALLIANCE_CLAN_CONQUEST_SUCCESS,An Allied Clan [ClanName] has captured the territory.
BATTLEFIELD_DIALOG_ALLIANCE_CLAN_MONSTER_KILL,An Allied Clan [ClanName] defeated a Demonic Beast and gained formidable power.
BATTLEFIELD_DIALOG_ALLIANCE_CLAN_TOWER_CAPTURE,An Allied Clan [ClanName] has captured the Leyline Tree.
BATTLEFIELD_DIALOG_ALLY_CLAN_CONQUEST_LOST,The territory you were defending has been lost to an Enemy Clan.
BATTLEFIELD_DIALOG_ALLY_CLAN_CONQUEST_SUCCESS,Your Clan has captured the territory.
BATTLEFIELD_DIALOG_ALLY_CLAN_MONSTER_KILL,Your Clan member [CharacterName] has defeated the Guardian of the Ruins  and gained formidable power.
BATTLEFIELD_DIALOG_ALLY_CLAN_TOWER_CAPTURE,Your Clan member [CharacterName] has captured the Buff Tower.
BATTLEFIELD_DIALOG_AREA_READY_WARNING,"When the Monolith War begins, all players within the battlefield will be teleported to the nearest Warp Anchor."
BATTLEFIELD_DIALOG_AREA_START_WARNING,You have been teleported to the nearest Warp Anchor due to the impact of Aether Explosion.
BATTLEFIELD_DIALOG_BATTLEFIELD_MONOLITH_START,A Monolith War has begun.
BATTLEFIELD_DIALOG_ENEMY_CLAN_CONQUEST_SUCCESS,The Opponent Clan [ClanName] has captured the territory.
BATTLEFIELD_DIALOG_ENEMY_CLAN_MONSTER_KILL,The Opponent Clan [ClanName] has defeated the Guardian of the Ruins and gained formidable power.
BATTLEFIELD_DIALOG_ENEMY_CLAN_TOWER_CAPTURE,The Opponent Clan [ClanName] has captured the Buff Tower.
BATTLEFIELD_DIALOG_FIELD_MONSTER_SPAWN,A formidable Guardian of the Ruins has appeared.
BATTLEFIELD_DIALOG_FIELD_MONSTER_SPAWN_SOON,A formidable Guardian of the Ruins will appear in [Value] seconds.
BATTLEFIELD_DIALOG_OCCUPATION_LOSS_FORCED_MOVE,You have been removed from the resurrection point because your Clan lost the territory.
BATTLEFIELD_DIALOG_OBSERVER_CLAN_TOWER_CAPTURE,[ClanName] Clan has captured the Buff Tower.
BATTLEFIELD_DIALOG_OBSERVER_CLAN_MONSTER_KILL,[ClanName] Clan has defeated the Guardian of the Ruins and gained formidable power.
BATTLEFIELD_DIALOG_OBSERVER_CLAN_CONQUEST_SUCCESS,[ClanName] Clan has occupied the territory.
BATTLEFIELD_MONOLITH_ALARM_STATUS_BATTLEREADY,Prepare for Monolith War
BATTLEFIELD_MONOLITH_ALARM_STATUS_BATTLESTART,Start Monolith War
BATTLEFIELD_MONOLITH_ALARM_STATUS_ENTRYSTART,Join Monolith War
BATTLEFIELD_MONOLITH_ATTEMPT_CLAN_DESC,Occupation Attempt in Progress by a Clan
BATTLEFIELD_MONOLITH_ATTEMPT_EMPTY_DESC,No Occupation Attempt in Progress by a Clan
BATTLEFIELD_MONOLITH_BATTLEEND_TIME,Occuaption resets in [Time]
BATTLEFIELD_MONOLITH_BATTLEPLAYING_TIME,Monolith War in progress [Time]
BATTLEFIELD_MONOLITH_BUFF_ACTIVE,Active
BATTLEFIELD_MONOLITH_BUFF_BUY,Purchase Buff
BATTLEFIELD_MONOLITH_BUFF_BUY_CONFIRM_POPUP_MESSAGE,Spend the following resources to purchase a Monolith Buff?
BATTLEFIELD_MONOLITH_BUFF_BUY_CONFIRM_POPUP_MESSAGE_SUB,"If the same buff is stacked, its duration will reset."
BATTLEFIELD_MONOLITH_BUFF_BUY_EFFECT_DURATION,"The purchased buff lasts for [h] hours. 
※ Duration resets if the same buff is stacked."
BATTLEFIELD_MONOLITH_BUFF_BUY_TIP,"If the same buff is stacked, its duration will reset."
BATTLEFIELD_MONOLITH_BUFF_INFO_DESC,Monolith Buff Info
BATTLEFIELD_MONOLITH_BUFF_PURCHASE_COMPLETE,Successfully purchased a [EffectName] buff.
BATTLEFIELD_MONOLITH_BUFF_PURCHASE_NO_OCCUPY_CLAN,Buffs cannot be purchased if no Clan occupies the territory.
BATTLEFIELD_MONOLITH_BUFF_PURCHASE_RESULT_POPUP_DESC,A Monolith Buff has been purchased and will remain active for [Time].
BATTLEFIELD_MONOLITH_BUFF_PURCHASE_RESULT_POPUP_TITLE,Monolith Buff Purchased
BATTLEFIELD_MONOLITH_BUFF_SALE_PRICE_EDIT_PERMISSION_DENIED_NOTIFY,You do not have permission to change the buff sale price.
BATTLEFIELD_MONOLITH_BUFF_SALE_REWARD,Buff Sale Reward
BATTLEFIELD_MONOLITH_BUFF_SALE_SETTING_TIPS_1,The sale proceeds will be paid after deducting a [Value]% transaction fee.
BATTLEFIELD_MONOLITH_BUFF_SALE_SETTING_TIPS_2,The new sale price will apply at the reset time on the following day.
BATTLEFIELD_MONOLITH_BUFF_SALE_SETTINGS,Set Buff Price
BATTLEFIELD_MONOLITH_BUFF_SALES_AVAILABLE_RANGE_NOTIFICATION,The price must be between [MinValue] and [MaxValue] Diamonds.
BATTLEFIELD_MONOLITH_BUFF_SETTING,Manage Buffs
BATTLEFIELD_MONOLITH_BUY_BUFF_CONFIRM_POPUP_DESC,"To purchase a buff, you must approach a Monolith and purchase the buff in person. Do you want to visit one now?"
BATTLEFIELD_MONOLITH_BUY_BUFF_CONFIRM_POPUP_TITLE,Buff Purchase Guide
BATTLEFIELD_MONOLITH_BUY_BUFF_EFFECT,Purchased Buff Effect
BATTLEFIELD_MONOLITH_CANNOT_ENTRY_CANCEL_STATE,You can only cancel your entry during the registration period.
BATTLEFIELD_MONOLITH_DETAILED_BATTLE_HISTORY,Battle Breakdown
BATTLEFIELD_MONOLITH_ENTRY_CLAN,Participating Clans
BATTLEFIELD_MONOLITH_ENTRY_CLAN_EMTPY_BP,No Clan participating in the event at the moment.
BATTLEFIELD_MONOLITH_ENTRY_CLAN_LIST,Number of registered clans: <Yellow>[Param]</>
BATTLEFIELD_MONOLITH_ENTRY_CONFIRM_POPUP_MESSAGE,Spend the following resources to register for the Monolith War?
BATTLEFIELD_MONOLITH_ENTRY_LOCKED,Only Clans Lv.[Level] or higher may participate
BATTLEFIELD_MONOLITH_ENTRY_NO_PERMISSION,You are not eligible for registration.
BATTLEFIELD_MONOLITH_ENTRY_REWARD,Participation Reward
BATTLEFIELD_MONOLITH_ENTRY_UNAVAILABLE_CLAN_LEVEL,Only Clans Lv.[Level] or higher may participate.
BATTLEFIELD_MONOLITH_INSUFFICIENT_ENTRY_COST_NOTIFY,You do not have enough resources to register.
BATTLEFIELD_MONOLITH_LEFT_TIME_END,[m] min [s] sec until completion
BATTLEFIELD_MONOLITH_LEFT_TIME_START,[m] min [s] sec until start
BATTLEFIELD_MONOLITH_NEXT_SCHEDULE_DESC,Time until next event
BATTLEFIELD_MONOLITH_NOT_IN_ENTRY_PERIOD,Monolith War is not open at the moment.
BATTLEFIELD_MONOLITH_OCCUPATION_CLAN,Occupying Clan
BATTLEFIELD_MONOLITH_OCCUPATION_CLAN_DESC,Occupied by Clan
BATTLEFIELD_MONOLITH_OCCUPATION_CLAN_EMTPY,No Occupying Clan
BATTLEFIELD_MONOLITH_OCCUPATION_CLAN_EMTPY_BP,There is no occupying Clan.
BATTLEFIELD_MONOLITH_OCCUPATION_EMPTY_DESC,No Occupying Clan
BATTLEFIELD_MONOLITH_OCCUPATION_GAUGE_ATTEMPT,Attempting Capture
BATTLEFIELD_MONOLITH_OCCUPATION_GAUGE_DEFENCE,Defending 
BATTLEFIELD_MONOLITH_OCCUPATION_REQUIRED_HEAD_COUNT,([Count] more required)
BATTLEFIELD_MONOLITH_OCCUPATION_REWARD,Occupation Reward
BATTLEFIELD_MONOLITH_OCCUPATION_REWARD_DESC_1,Exclusive Buff
BATTLEFIELD_MONOLITH_OCCUPATION_REWARD_DESC_2,Buff Sale Revenue
BATTLEFIELD_MONOLITH_OCCUPATION_REWARD_DESC_3,Loots for Winning Clan
BATTLEFIELD_MONOLITH_OCCUPIED,Monolith Occupation in Progress
BATTLEFIELD_MONOLITH_PARTICIPATING,Participating
BATTLEFIELD_MONOLITH_PARTICIPATION_CANCEL_NOTIFY,You canceled your Monolith Question entry and received a refund.
BATTLEFIELD_MONOLITH_PROGRESS_BATTLE_END_DESC,Until Registration Starts
BATTLEFIELD_MONOLITH_PROGRESS_BATTLE_READY_DESC,Until Battle Starts
BATTLEFIELD_MONOLITH_PROGRESS_BATTLE_START_DESC,Until Battle Ends
BATTLEFIELD_MONOLITH_PROGRESS_ENTRY_END_DESC,Until Battle Preparation
BATTLEFIELD_MONOLITH_PROGRESS_ENTRY_START_DESC,Until Registration Ends
BATTLEFIELD_MONOLITH_RANKING,Battlefield Rank
BATTLEFIELD_MONOLITH_RESULT_POPUP_AUTO_CLOSE_MSG,Window closes automatically in [s] sec
BATTLEFIELD_MONOLITH_RESULT_POPUP_TOUCH_CLOSE_MSG,Tap the screen to close the results window.
BATTLEFIELD_MONOLITH_SALES_AMOUNT_TAX_NOTIFICATION,The total sales amount represents an after-tax amount.
BATTLEFIELD_MONOLITH_SCORE_TOOL_TIP,Battle Breakdown is calculated for all personnel within the Monolith War battlefield.
BATTLEFIELD_MONOLITH_STARTEND_DESC_END,Time until the end of the current Monolith War
BATTLEFIELD_MONOLITH_STARTEND_DESC_START,Time until the next Monolith War
BATTLEFIELD_MONOLITH_STATE,Monolith War Status
BATTLEFIELD_MONOLITH_STATE_BATTLEEND,Battle Complete
BATTLEFIELD_MONOLITH_STATE_BATTLEREADY,Preparing for Battle
BATTLEFIELD_MONOLITH_STATE_BATTLESTART,Battle in Progress
BATTLEFIELD_MONOLITH_STATE_ENTRYEND,Registration Closed
BATTLEFIELD_MONOLITH_STATE_ENTRYSTART,Registration in Progress
BATTLEFIELD_MONOLITH_STATE_READY,Preparation in Progress
BATTLEFIELD_MONOLITH_STATE_WAITINGENTRY,Before Registration
BATTLEFIELD_MONOLITH_VICTORY_REWARD,Victory Reward
BATTLEFIEND_MONOLITH_OCCUPATION_CLAN_INFO,Occupying Clan Info
BATTLEFIEND_MONOLITH_OBSERVER_POINT,Strategic Points
BATTLEFIEND_MONOLITH_OBSERVER_CAMERA,Observe
BATTLEFIEND_MONOLITH_OBSERVER_KILL,<Yellow>[Count]</> Kill Streaks!
BATTLEFIEND_MONOLITH_OBSERVER_NOT_PLAYER,Not a participant player.
BATTLEFIEND_MONOLITH_OBSERVER_SUBBOSS,Sub Boss
BATTLEFIEND_MONOLITH_OBSERVER_MAINBOSS,Main Boss
BATTLEFIEND_MONOLITH_OBSERVER_BROADCAST_DELAY_MSG,You can enter as an observer in [Time].
BATTLERECORD_TAB_HISTORY,Record
BATTLERECORD_TAB_REVENGER,Revenge
BATTLERECORD_TAB_WANTED,Bounty
BATTLESTANCE_USE_ERROR_SYSTEM_MSG,Cannot be used in the current stance.
BATTLESTANCE_SKILL_USE_ERROR_SYSTEM_MSG,Skills cannot be used in this stance.
BIGSUCCESS_RATE_STARSTONE_UPGRADE_SINGLE,<Yellow>[Value]%</>
BLESSING_CARD_ALREADY_EQUIPPED,This card is already equipped.
BLESSING_CARD_AUTO_EQUIP,Auto-Equip
BLESSING_CARD_AUTO_EQUIP_TIP,"Do you wish to auto-equip these cards? Cards with the highest 
<Yellow>Combat Power will be equipped</> automatically."
BLESSING_CARD_AUTO_EQUIP_TIP2,A card with higher Combat Power is already equipped.
BLESSING_CARD_AUTO_EQUIP_TITLE,Auto-Equip Cards
BLESSING_CARD_AUTOEQUIP_FAIL,No cards available for Auto-Equip.
BLESSING_CARD_BASIC_INFO,Stats
BLESSING_CARD_BONUS_INFO_TITLE,Great Success Reward Info
BLESSING_CARD_BONUS_TEXT,Great Success Bonus Reward Acquired
BLESSING_CARD_CHANGE_EQUIP,Replace
BLESSING_CARD_COMBINE_BONUS_TIP,"[Card Fusion Great Success Bonus Rules]
 - Upon successful fusion, you have a chance to receive a Great Success bonus.
- Chance of Great Success varies by card grade. Using Rare cards as materials increases the bonus chance based on the quantity used.
- Added bonus rates are applied individually."
BLESSING_CARD_COMBINE_CHOICE_MSG,Only cards of the same grade can be registered.
BLESSING_CARD_COMBINE_EXCHANGE_GRADE4,Exchange <Grade4>4-Star</> Card
BLESSING_CARD_COMBINE_EXCHANGE_GRADE5,Exchange <Grade5>5-Star</> Card
BLESSING_CARD_COMBINE_EXCHANGE_GRADE6,Exchange <Grade6>6-Star</> Card
BLESSING_CARD_COMBINE_EXCHANGE_LABEL,Available Points
BLESSING_CARD_COMBINE_EXCHANGEGUIDE,"You can use your Fuse Points to obtain <Grade4>4-Star</>, <Grade5>5-Star</>, and <Grade6>6-Star</> cards."
BLESSING_CARD_COMBINE_POINT_EXCHANGE_TITLE,Exchange Fuse Points
BLESSING_CARD_COMBINE_POINT_TIP,"Points acquired when failing to fuse <Grade3>3-Star</> or higher cards. 

[Where to Use]
 - Exchange them for <Grade4>4-Star</>, <Grade5>5-Star</>, or <Grade6>6-Star</> cards."
BLESSING_CARD_COMBINE_POINT_TITLE,Fuse Points
BLESSING_CARD_COMPOSE_MENU,Fuse
BLESSING_CARD_EQUIP,Equip
BLESSING_CARD_EQUIP_MENU,Guardian Star
BLESSING_CARD_EXCEED_RESULT_TITLE,Card Transcendence Complete
BLESSING_CARD_EXPANSION,Transcend
BLESSING_CARD_EXPANSION_FAIL_MSG,Card Transcendence failed.
BLESSING_CARD_EXPANSION_MSG,"The card has been transcended, increasing its max level."
BLESSING_CARD_EXPANSION_TIP,Nebula Effect is based on the total combined card level.
BLESSING_CARD_EXPANTION_TIP,Transcendence Required
BLESSING_CARD_GROUP_MENU,Nebula Effect
BLESSING_CARD_GROWTH_CHOICE_TIP,Select a card to level up.
BLESSING_CARD_GROWTH_MENU,Upgrade
BLESSING_CARD_GROWTH_TIP,No card selected.
BLESSING_CARD_INFO_GROUP_TEXT,Nebula Effect Amount
BLESSING_CARD_LEVEL,Lv.[Level]
BLESSING_CARD_LEVELUP,Level Up
BLESSING_CARD_LEVELUP_MSG,Card leveled up.
BLESSING_CARD_LEVELUP_RESULT_TITLE,Card Leveled Up
BLESSING_CARD_MAX_LEVEL,Max Level
BLESSING_CARD_NO_LIST,No item to display.
BLESSING_CARD_SLOT_NO_CARD,No card selected in the fusion slot.
BLESSING_CARD_TYPE,Grace of the Constellations Card
BLESSING_CARD_UNEQUIP,Unequip
BLESSING_CHANGE_SLOT_MSG,Replace the card designated as the Guardian Star?
BLESSING_CHOICE_MATERIAL_TITLE,Selected Material
BLESSING_COMPOSE_ATONCE_BUTTON,Fuse All
BLESSING_COMPOSE_AUTO_BUTTON,Auto Register
BLESSING_COMPOSE_BONUS_RATE,Great Success Bonus Chance
BLESSING_COMPOSE_BUTTON,Fuse
BLESSING_COMPOSE_LIST_CHOICE_TIP,Select cards to fuse from the list.
BLESSING_COMPOSE_NO_CARD_MSG,No card to fuse.
BLESSING_COMPOSE_NO_CARD_TIP,No card available for fuse.
BLESSING_COMPOSE_NO_SLOT_SYSTEM_MSG,Cannot register any more.
BLESSING_COMPOSE_RESULT_COUNT,[COUNT]
BLESSING_COMPOSE_RESULT_SUBTITLE,Cards Acquired from Fusion
BLESSING_COMPOSE_RESULT_TITLE,Fusion Result
BLESSING_EQUIP_CARD_INFO,Guardian Star Effect
BLESSING_EXCHANGE_RESULT_TITLE,Exchange Result
BLESSING_EXPANSION_MATERIAL_TITLE,Transcendence Material
BLESSING_EXPANSION_RATE,Chance of Success
BLESSING_GROUP_CARD_INFO,Nebula Effect
BLESSING_GROUP_CARD_LEVEL_INFO,Total Card Level
BLESSING_GROUP_RESULT_TITLE,Nebula Effect Achieved
BLESSING_GROWTH_NO_CARD_TIP,No cards available for level up.
BLESSING_LEVEL_INFO_TITLE,Level Info
BLESSING_LEVELUP_MATERIAL_CHOICE_MSG,Please select materials for level up.
BLESSING_LEVELUP_MATERIAL_NO_MSG,Insufficient materials.
BLESSING_LEVELUP_MINUS_ERROR,Cannot decrease any further.
BLESSING_MATERIAL_TITLE,Owned Materials
BLESSING_MAX_GRROWTH_MSG,This card is at its maximum level.
BLESSING_MAX_LEVEL_MSG,Max level reached.
BLESSING_MIN_LEVEL_MSG,Minimum level reached.
BLESSING_SLOT_NO_LIST,No Guardian Star Effect to display.
BLESSING_TITLE,Grace of the Constellations
BLESSINGCARD_COMBINE_NOT_RESET,No card registered.
BLESSINGCARD_COMBINE_NOTEQUAL_MSG,The same quantity must be registered across all slots.
BLESSINGCARD_COMBINE_RARE_CONFIRM_MSG,"A Rare card is registered. Do you want to continue 
 fusion?"
BLESSINGCARD_COMBINE_SELECT_SINGLE_GRADE_ONLY,Only cards of the same grade can be registered.
BLESSINGCARD_COMBINE_SLOT_MAX_COUNT,Cannot register any more cards.
BLESSINGCARD_COUNT_NEW,[Count]
BLESSINGCARD_GRADE_TEXT,[Grade]-Star
BLESSINGCARD_GROUP_COUNT,Include [Value] Group
BLESSINGCARD_GROUPINFO_LABEL,Nebula Effect
BLESSINGCARD_GROUPINFO_LABEL2,Nebula Effects Included
BLESSINGCARD_GROWTH_TITLE,Card Upgrade Complete
BLESSINGCARD_LEVELUP_EXP_GROWTH,[Name] Grace of the Constellation card has leveled up.
BLESSINGCARD_NOMORE_AUTO_REGIST,Cannot add any more.
BLESSINGCARD_SELECT_DESC,Select a card to compare.
BLESSINGCARD_SELECT_TITLE,Select Card to Compare
BLESSINGCARD_STAT_LABEL,Equipped Stats
BLESSINGCARD_TAB_COLLECTION,Nebula Effect
BLOCK_HINT_TEXT,No blocked adventurers.
BOSS_CONTRIBUTION_CONTRIBUTIONPOPUP_CONTRIBUTION,Contribution
BOSS_CONTRIBUTION_CONTRIBUTIONPOPUP_CONTRIBUTIONLIST,Total Contribution Rank
BOSS_CONTRIBUTION_CONTRIBUTIONPOPUP_NAMELIST,Target Info
BOSS_CONTRIBUTION_CONTRIBUTIONPOPUP_RANKINGLIST,Rank
BOSS_CONTRIBUTION_RANK_HINT_TEXT,No target to display.
BOSS_CONTRIBUTION_RESULTPOPUP_MYCONTRIBUITION,My Contribution
BOSS_CONTRIBUTION_RESULTPOPUP_POPUPNAME,Boss Defeat Result
BOSS_CONTRIBUTION_RESULTPOPUP_POPUPNAME_FAIL,Boss Defeat Failed
BOSS_CONTRIBUTIONPERCENT,[Value]%
BOSS_CONTRIBUTIONPERCENT_CLANUNIT,Clan Squad [Value]%
BOSS_CONTRIBUTIONPERCENT_PARTY,Party [Value]%
BOSS_CONTRIBUTIONPERCENT_SOLO,Member [Value]%
BOSS_DROPNOTI_NOTDROPREWARD,No loot acquired.
BOSS_DROPNOTI_NOTDROPREWARDALL,No one acquired loot.
BOSS_REWARDLIST,Drop Info
BOSS_WORLDMAP_BOSSGROUPNAME,[MapIconName] : [BossGroupName]
BOSS_WORLDMAP_RESPAWNTIMETEXT,[Time]
BOSS_WORLDMAP_SPAWNTEXT,[Name] Spawned
BOSS_WORLDMAP_SPAWNTEXT_LIFETIME,[Time] until despawn
BOSS_GUIDE_SPAWNTEXT,Spawned
BOSS_GUIDE_SPAWNTIMETEXT,Spawn Time
BOSS_GUIDE_SPAWNTIMEBUTTON,Details
BOSS_GUIDE_NOTSPAWNED,Not Spawned
BOSS_GUIDE_GROUPSPAWN_SPECIFICTIMELOOPTEXT,Spawn Cycle: [Time]
BOSS_GUIDE_GROUPSPAWN_SPECIFICTIMELOOP,Spawn Cycle
BOSS_GUIDE_GROUPSPAWN_SPECIFICTIMELOOP_TOOLTIP,"Bosses in the same 
 group share respawn times. If one boss in the group is defeated, all remaining bosses will spawn together [Time] after the first defeat."
BOSS_SPAWNTYPE_SPECIFICTIME_EVERYDAY,Daily
BOSS_SPAWNTYPE_ALTERNATEDAY,Every other day
BOSS_SPAWNNOTI_HUD,The Boss will appear shortly.
BOUNTY_REQUEST_REGISTRATION_AMOUNT_RANGE_NOTIFICATION,The bounty amount must be between [MinValue] and [MaxValue] Diamonds.
BROADCAST_CARDACQUISITION_MSG,[Name] acquired <Grade[Value1]>[CardName]</> card.
BROADCAST_CARDCOMPOSE_MSG,[Name] acquired <Grade[Value1]>[CardName]</> through fusion.{jstag:}
BROADCAST_CLAN_INVALID,No Clan
BROADCAST_COSTUMEACQUISITION_MSG,[Name] acquired <Grade[Value1]>[CostumeTypeName] [CostumeName]</>{jstag:}.
BROADCAST_EQUIPMENTCRAFTSUCCESS_MASTERPIECE_MSG,[Name] achieved <Buff>Ultimate Success</> while crafting <Grade[Value1]>[ItemName]</>.
BROADCAST_EQUIPMENTCRAFTSUCCESS_MSG,[Name] crafted <Grade[Value1]>[ItemName]</>.
BROADCAST_EQUIPMENTENCHANTSUCCESS_MSG,[Name] successfully enhanced <Grade[Value1]>[ItemName]</> to +[Value2].
BROADCAST_FIELDDROPITEM_MSG,[Name] acquired <Grade[Value1]>[ItemName]</> in [PlaceName].{jstag:}
BROADCAST_HUNTING_FLAG_LOCKED_MSG,[CharacterName] occupied a Vitalizing Sanctum in [AreaName].
BROADCAST_HUNTING_FLAG_LOCKING_MSG,You have engraved the Vitalizing Sanctum. Defend the Sanctuary for [Time].
BROADCAST_HUNTING_FLAG_UNLOCKED_MSG,You can engrave the Vitalizing Sanctum in [AreaName].
BROADCAST_HUNTING_FLAG_UNLOCKING_MSG,[CharacterName] engraved the Vitalizing Sanctum. You can engrave again in [Time].
BROADCAST_ITEMBOXREWARD_MSG,[Name] acquired <Grade[Value1]>[ItemName]</> in [SourceItemName].{jstag:}
BROADCAST_NAMEHIDE_ANONYM,Nameless Adventurer
BROADCAST_STARSTONEACQUISITION_MSG,[Name] acquired <StarStoneColor>[ItemName]</>.{jstag:}
BROADCAST_STARSTONEUPGRADE_MSG,[Name] upgraded <StarStoneColor>[ItemName]</>{jstag:} to <StarStoneColor>[Value1]Tier</>.
BROADCAST_TOWEROFTITAN_ADDSPAWN,"The Ruler Algorithm has activated, summoning additional monsters in specific areas."
BROADCAST_TOWEROFTITAN_DUTYASSET,The Ruler Algorithm has activated. Some of [AssetName] drop will be given to the Ruler Clan.
BROADCAST_TOWEROFTITAN_EVENT01,"The Ruler Algorithm has activated, respawning Atrahasis’s Treasure Chest."
BROADCAST_TOWEROFTITAN_EVENT02,"The Ruler Algorithm has activated, respawning Mini Golems."
BROADCAST_TOWEROFTITAN_GOLEMBUFF01,"The Ruler Algorithm has activated, increasing the Guardian Golem’s DEF and HP."
BROADCAST_TOWEROFTITAN_GOLEMBUFF02,"The Ruler Algorithm has activated, increasing the chance of rewards when the Guardian Golem disappears."
BROADCAST_TOWEROFTITAN_GOLEMEND,"The Boss has respawned, removing the Guardian Golem."
BROADCAST_TOWEROFTITAN_GOLEMKILL,The Guardian Golem has been removed.
BROADCAST_TOWEROFTITAN_KEY,[Name] acquired Ashur’s Torch.
BROADCAST_TOWEROFTITAN_KEY_EMPTY,Ashur’s Torch has been returned to its original position.
BROADCAST_TOWEROFTITAN_KEYRESET,Ashur’s Torch has been activated. The torch has been returned to its original position.
BROADCAST_TOWEROFTITAN_OVERFLOWEVENT,"The Ruler Algorithm has been activated, increasing the frequency of Incursion."
BROADCAST_TOWEROFTITAN_RULER,[Name] has become the Ruler of [TowerOfTitanName].
BROADCAST_TOWEROFTITAN_RULERBUFF,"The Ruler Algorithm has been activated, granting [EffectName] to Ruler Clan Members.{jstag:}"
BROADCAST_TOWEROFTITAN_SECTORINVASION,"The Ruler Algorithm has been activated, triggering an Incursion."
BROADCAST_TOWEROFTITAN_SHUTDOWN,"The Ruler Algorithm has been activated, removing all players except Ruler Clan Members from the Tower of Titan."
BROADCAST_VEHICLEACQUISITION_MSG,[Name] acquired <Grade[Value1]>[VehicleTypeName] [VehicleName]</>.{jstag:}
BROADCAST_VENDINGMACHINE_COUNTREWARD,[Name] has won the Titan’s Vending Machine reward!
BTN_FACTION_DONATION,Donate
BTN_FACTION_DONATION_REWARD,Claim Reward
BUFFCARD_CANNOT_CHOOSE,You must select a Blessing.
BUTTON_AUTO_SETTING_NOTREADY,This feature is not yet available.
BUTTON_CALCULATE,Collect
BUTTON_CANCEL_SELL,Cancel Sale
BUTTON_CANCEL_TIMEOVER,Retrieve
CAMERA_MODE_ACTION,Action
CAMERA_MODE_FIXED,Fixed
CAMERA_MODE_FREE,Free
CAMERA_MODE1_SELECT,Switched to Action Camera.
CAMERA_MODE2_SELECT,Switched to Default Camera.
CAMERA_MODE3_SELECT,Switched to Fixed Camera.
CANNOT_CHANGE_VALUE_SYSTEM_MSG,Cannot change the quantity of this item.
CANNOT_LEAVE_PARTY,Cannot leave the party in this area.
CANNOT_OVER_MAXSTACK_SYSTEM_MSG,Cannot enter a quantity higher than [VALUE] for this item.
CANNOT_USE_DUE_TO_NO_CLAN,Not available because you are not in a Clan.
CANNOTGET_CLAN_COFFER_FULL_SYSTEM_MSG,Cannot acquire this item because the Clan Vault is full.
CANNOTGET_INVENTORY_FULL_SYSTEM_MSG,Not enough inventory space.
CANT_SELECT_AUTOCOMBAT_MODE,Cannot change unless you are a Party or Squad Member.
CANT_WHILE_JUMPING,Cannot do that while jumping.
CANT_WHILE_SPECIAL_MOVE,Cannot do that during special moves.
CDN_LIST_INVALID_RESPONSE,Invalid CDN configuration address.
CDN_LIST_INVALID_RESPONSE_CODE,Invalid response from the CDN configuration address. Abnormal response: [Code]
CDN_LIST_RECEIVE_FAILED,Failed to receive CDN configuration info.
CDN_LIST_RECEIVE_UNHANDLED,Failed to read CDN configuration info.
CDN_PARSING_INVALID1,Invalid CDN configuration info.
CDN_PARSING_INVALID2,Invalid CDN configuration format.
CHALLENGEGATE_FINISH_COMPLETE,Success
CHALLENGEGATE_FINISH_FAIL,Failure
CHANGE_GRAPHIC_OPTION_MOBILE_PERFORMANCE_ON,Device is charging. Some graphics settings have been adjusted to protect the device.
CHANGE_GRAPHIC_OPTION_MOBILE_PERFORMANCE_OFF,Charging stopped. Some graphics settings have been restored.
CHANGE_GRAPHIC_OPTION_PC_PERFORMANCE_ON,Charging stopped. Some graphics settings have been adjusted to protect the device.
CHANGE_GRAPHIC_OPTION_PC_PERFORMANCE_OFF,Device is charging. Some graphics settings have been restored to their previous values.
CHARACTER_CREATE_DISABLED_CLASS,Esta classe não está disponível.
CHARACTER_CREATE_DISABLED_GENDER,Ficarão disponíveis no lançamento oficial.
CHARACTER_CUSTOMIZATION_COSTUME_PREVIEW,Costume Preview
CHARACTER_CUSTOMIZE_BACK_CONFIRM_POPUP_MSG,"Voltar à tela anterior vai <Red>redefinir</> todas as alterações.
Deseja voltar?"
CHARACTER_CUSTOMIZE_BACK_CONFIRM_POPUP_TITLE,Aviso de redefinição da aparência
CHARACTER_CUSTOMIZE_BODY_ARM,Braço
CHARACTER_CUSTOMIZE_BODY_ARM_LENGTH,Comprimento dos braços
CHARACTER_CUSTOMIZE_BODY_ARM_TICKNESS,Espessura dos braços
CHARACTER_CUSTOMIZE_BODY_BREAST_SIZE,Tamanho do peito
CHARACTER_CUSTOMIZE_BODY_CHEST,Peito
CHARACTER_CUSTOMIZE_BODY_CHEST_SIZE,Tamanho do tronco
CHARACTER_CUSTOMIZE_BODY_FACE,Rosto
CHARACTER_CUSTOMIZE_BODY_FOOT_SIZE,Tamanho dos pés
CHARACTER_CUSTOMIZE_BODY_HAND_SIZE,Tamanho das mãos
CHARACTER_CUSTOMIZE_BODY_HEAD_DETAIL_TITLE_1,Cabeça
CHARACTER_CUSTOMIZE_BODY_HEAD_DETAIL_TITLE_2,Pescoço
CHARACTER_CUSTOMIZE_BODY_HEAD_SIZE,Tamanho da cabeça
CHARACTER_CUSTOMIZE_BODY_HEAD_SUBMENU,Cabeça
CHARACTER_CUSTOMIZE_BODY_HIP_SIZE,Tamanho do quadril
CHARACTER_CUSTOMIZE_BODY_LEG,Perna
CHARACTER_CUSTOMIZE_BODY_LEG_LENGTH,Comprimento das pernas
CHARACTER_CUSTOMIZE_BODY_LEG_TICKNESS,Espessura das pernas
CHARACTER_CUSTOMIZE_BODY_LOWERBODY_DETAIL_TITLE_1,Pelve
CHARACTER_CUSTOMIZE_BODY_LOWERBODY_DETAIL_TITLE_2,Perna
CHARACTER_CUSTOMIZE_BODY_LOWERBODY_DETAIL_TITLE_3,Pé
CHARACTER_CUSTOMIZE_BODY_LOWERBODY_SUBMENU,Parte inferior
CHARACTER_CUSTOMIZE_BODY_NECK_LENGTH,Comprimento do pescoço
CHARACTER_CUSTOMIZE_BODY_NECK_TICKNESS,Espessura do pescoço
CHARACTER_CUSTOMIZE_BODY_PELVIS_SIZE,Tamanho da pelve
CHARACTER_CUSTOMIZE_BODY_SHOULDER_SIZE,Tamanho dos ombros
CHARACTER_CUSTOMIZE_BODY_UPPERBODY_DETAIL_TITLE_1,Ombro
CHARACTER_CUSTOMIZE_BODY_UPPERBODY_DETAIL_TITLE_2,Peito
CHARACTER_CUSTOMIZE_BODY_UPPERBODY_DETAIL_TITLE_3,Cintura
CHARACTER_CUSTOMIZE_BODY_UPPERBODY_DETAIL_TITLE_4,Braço
CHARACTER_CUSTOMIZE_BODY_UPPERBODY_DETAIL_TITLE_5,Mão
CHARACTER_CUSTOMIZE_BODY_UPPERBODY_SUBMENU,Parte superior
CHARACTER_CUSTOMIZE_BODY_WAIST,Cintura
CHARACTER_CUSTOMIZE_BODY_WAIST_LENGTH,Comprimento da cintura
CHARACTER_CUSTOMIZE_BODY_WAIST_TICKNESS,Espessura da cintura
CHARACTER_CUSTOMIZE_BRIGHTNESS,Brilho
CHARACTER_CUSTOMIZE_CHANGE_CANCEL_DESC,"Cancelar as alterações?
A personalização atual não será salva."
CHARACTER_CUSTOMIZE_CHANGE_CANCEL_TITLE,Cancelar alterações
CHARACTER_CUSTOMIZE_CHANGE_CONFIRM,Confirmar personalização
CHARACTER_CUSTOMIZE_CHANGE_CONFIRM_DESC,"Mudar para a aparência selecionada? Um 
Customization Change Ticket será consumido e esta ação não poderá ser desfeita."
CHARACTER_CUSTOMIZE_CHANGE_CONFIRM_TITLE,Confirmar personalização
CHARACTER_CUSTOMIZE_CHANGE_GENDER_DESC,"Alterar o gênero? 
A personalização atual não será salva."
CHARACTER_CUSTOMIZE_CHANGE_GENDER_TITLE,Alterar gênero
CHARACTER_CUSTOMIZE_CHEEK_MAKEUP,Rubor facial
CHARACTER_CUSTOMIZE_CHEEK_MAKEUP_DETAIL_TITLE_1,Rubor facial
CHARACTER_CUSTOMIZE_CHEEK_MAKEUP_SUBMENU,Rubor facial
CHARACTER_CUSTOMIZE_CHEEKMAKEUP_BRIGHTNESS,Brilho do rubor
CHARACTER_CUSTOMIZE_CHEEKMAKEUP_COLOR,Cor do rubor
CHARACTER_CUSTOMIZE_CHEEKMAKEUP_SATURATION,Opacidade do rubor
CHARACTER_CUSTOMIZE_CHEEKMAKEUP_STYLE,Estilo do rubor
CHARACTER_CUSTOMIZE_COLOR,Cor
CHARACTER_CUSTOMIZE_DECAL,Adesivo facial
CHARACTER_CUSTOMIZE_EXPORT_DESC,Digite o ID para carregar
CHARACTER_CUSTOMIZE_EXPORT_TITLE,Carregar aparência
CHARACTER_CUSTOMIZE_EXPORT_WRONG,ID inválido.
CHARACTER_CUSTOMIZE_EYE,Olho
CHARACTER_CUSTOMIZE_EYE_HORIZONTAL_SHAPE,Formato horizontal dos olhos
CHARACTER_CUSTOMIZE_EYE_MAKEUP,Maquiagem dos olhos
CHARACTER_CUSTOMIZE_EYE_MAKEUP_DETAIL_TITLE_1,Maquiagem dos olhos
CHARACTER_CUSTOMIZE_EYE_MAKEUP_DETAIL_TITLE_2,Delineador
CHARACTER_CUSTOMIZE_EYE_MAKEUP_DETAIL_TITLE_3,Sombra
CHARACTER_CUSTOMIZE_EYE_MAKEUP_SUBMENU,Maquiagem dos olhos
CHARACTER_CUSTOMIZE_EYE_OPENING,Abertura dos olhos
CHARACTER_CUSTOMIZE_EYE_POSITION,Posição dos olhos
CHARACTER_CUSTOMIZE_EYE_PROTRUSION,Projeção dos olhos
CHARACTER_CUSTOMIZE_EYE_ROTATION,Ângulo dos olhos
CHARACTER_CUSTOMIZE_EYE_SIZE,Tamanho dos olhos
CHARACTER_CUSTOMIZE_EYE_SPACING,Distância entre os olhos
CHARACTER_CUSTOMIZE_EYE_STYLE,Formato dos olhos
CHARACTER_CUSTOMIZE_EYE_STYLE_DETAIL_TITLE_1,Olho
CHARACTER_CUSTOMIZE_EYE_STYLE_DETAIL_TITLE_2,Contorno dos olhos
CHARACTER_CUSTOMIZE_EYE_STYLE_DETAIL_TITLE_3,Canal lacrimal
CHARACTER_CUSTOMIZE_EYE_STYLE_DETAIL_TITLE_4,Canto externo dos olhos
CHARACTER_CUSTOMIZE_EYE_STYLE_SUBMENU,Formato dos olhos
CHARACTER_CUSTOMIZE_EYE_TAIL_POSITION,Posição do canto externo dos olhos
CHARACTER_CUSTOMIZE_EYE_VERTICAL_SHAPE,Contorno vertical dos olhos
CHARACTER_CUSTOMIZE_EYEBALL,Íris
CHARACTER_CUSTOMIZE_EYEBALL_DETAIL_SETTING,Detalhes da íris
CHARACTER_CUSTOMIZE_EYEBALL_DETAIL_TITLE_1,Formato e cor
CHARACTER_CUSTOMIZE_EYEBALL_DETAIL_TITLE_2,Detalhes
CHARACTER_CUSTOMIZE_EYEBALL_GLOW_INTENSITY,Intensidade do brilho dos olhos
CHARACTER_CUSTOMIZE_EYEBALL_IRIS_BRIGHTNESS,Brilho (ambos os olhos)
CHARACTER_CUSTOMIZE_EYEBALL_IRIS_COLOR,Cor da íris
CHARACTER_CUSTOMIZE_EYEBALL_IRIS_POSITION,Posição da íris
CHARACTER_CUSTOMIZE_EYEBALL_IRIS_SHAPE,Formato da íris
CHARACTER_CUSTOMIZE_EYEBALL_IRIS_SIZE,Tamanho da íris
CHARACTER_CUSTOMIZE_EYEBALL_REFLECTION_INTENSITY,Intensidade do reflexo dos olhos
CHARACTER_CUSTOMIZE_EYEBALL_SCLERA_COLOR,Cor da esclera
CHARACTER_CUSTOMIZE_EYEBALL_SUBMENU,Íris
CHARACTER_CUSTOMIZE_EYEBROW,Sobrancelha
CHARACTER_CUSTOMIZE_EYEBROW_ANGLE,Ângulo das sobrancelhas
CHARACTER_CUSTOMIZE_EYEBROW_BONE_POSITION,Posição do osso da sobrancelha
CHARACTER_CUSTOMIZE_EYEBROW_COLOR,Cor das sobrancelhas
CHARACTER_CUSTOMIZE_EYEBROW_COLOR_Alpha,Opacidade das sobrancelhas
CHARACTER_CUSTOMIZE_EYEBROW_COLOR_BRIGHTNESS,Brilho das sobrancelhas
CHARACTER_CUSTOMIZE_EYEBROW_DETAIL_SETTING,Configurações detalhadas das sobrancelhas
CHARACTER_CUSTOMIZE_EYEBROW_DETAIL_TITLE_1,Formato e cor
CHARACTER_CUSTOMIZE_EYEBROW_DETAIL_TITLE_2,Configurações detalhadas das sobrancelhas
CHARACTER_CUSTOMIZE_EYEBROW_POSITION,Posição das sobrancelhas
CHARACTER_CUSTOMIZE_EYEBROW_PROTRUSION,Projeção das sobrancelhas
CHARACTER_CUSTOMIZE_EYEBROW_SPACING,Distância entre as sobrancelhas
CHARACTER_CUSTOMIZE_EYEBROW_SUBMENU,Sobrancelha
CHARACTER_CUSTOMIZE_EYEBROW_THICKNESS,Espessura das sobrancelhas
CHARACTER_CUSTOMIZE_EYEBROW_TYPE,Formato das sobrancelhas
CHARACTER_CUSTOMIZE_EYELASH,Cílio
CHARACTER_CUSTOMIZE_EYELASH_COLOR,Cor dos cílios
CHARACTER_CUSTOMIZE_EYELASH_COLOR_BRIGHTNESS,Brilho dos cílios
CHARACTER_CUSTOMIZE_EYELASH_DETAIL_SETTING,Configurações detalhadas dos cílios
CHARACTER_CUSTOMIZE_EYELASH_DETAIL_TITLE_1,Cor
CHARACTER_CUSTOMIZE_EYELASH_DETAIL_TITLE_2,Detalhes
CHARACTER_CUSTOMIZE_EYELASH_LENGTH,Comprimento dos cílios
CHARACTER_CUSTOMIZE_EYELASH_LOWER_ANGLE,Ângulo dos cílios inferiores
CHARACTER_CUSTOMIZE_EYELASH_SUBMENU,Cílio
CHARACTER_CUSTOMIZE_EYELASH_THICKNESS,Espessura dos cílios
CHARACTER_CUSTOMIZE_EYELASH_UPPER_ANGLE,Ângulo dos cílios superiores
CHARACTER_CUSTOMIZE_EYEMAKEUP_EYELINER_BRIGHTNESS,Brilho do delineador
CHARACTER_CUSTOMIZE_EYEMAKEUP_EYELINER_COLOR,Cor do delineador
CHARACTER_CUSTOMIZE_EYEMAKEUP_EYELINER_SATURATION,Opacidade do delineador
CHARACTER_CUSTOMIZE_EYEMAKEUP_EYESHADOW_BRIGHTNESS,Brilho da sombra
CHARACTER_CUSTOMIZE_EYEMAKEUP_EYESHADOW_COLOR,Cor da sombra
CHARACTER_CUSTOMIZE_EYEMAKEUP_EYESHADOW_SATURATION,Opacidade da sombra
CHARACTER_CUSTOMIZE_EYEMAKEUP_STYLE,Estilo da maquiagem dos olhos
CHARACTER_CUSTOMIZE_FACE,Rosto
CHARACTER_CUSTOMIZE_FACE_BACK_JAW_HEIGHT,Altura da parte posterior da mandíbula
CHARACTER_CUSTOMIZE_FACE_CHEEK,Bochecha
CHARACTER_CUSTOMIZE_FACE_CHEEK_SIZE,Tamanho das bochechas
CHARACTER_CUSTOMIZE_FACE_CHEEKBONE,Maçã do rosto
CHARACTER_CUSTOMIZE_FACE_CHEEKBONE_POSITION,Posição das maçãs do rosto
CHARACTER_CUSTOMIZE_FACE_CHEEKBONE_PROTRUSION,Projeção das maçãs do rosto
CHARACTER_CUSTOMIZE_FACE_CHEEKBONE_SIZE,Tamanho das maçãs do rosto
CHARACTER_CUSTOMIZE_FACE_CHIN,Queixo
CHARACTER_CUSTOMIZE_FACE_CHIN_HEIGHT,Altura do queixo
CHARACTER_CUSTOMIZE_FACE_CHIN_PROTRUSION,Projeção do queixo
CHARACTER_CUSTOMIZE_FACE_CHIN_WIDTH,Largura do queixo
CHARACTER_CUSTOMIZE_FACE_DETAIL_TITLE_1,Cor e brilho
CHARACTER_CUSTOMIZE_FACE_FACE_LENGTH,Profundidade do rosto
CHARACTER_CUSTOMIZE_FACE_FOREHEAD,Testa
CHARACTER_CUSTOMIZE_FACE_FOREHEAD_LENGTH,Comprimento da testa
CHARACTER_CUSTOMIZE_FACE_FOREHEAD_PROTRUSION,Projeção da testa
CHARACTER_CUSTOMIZE_FACE_JAW_WIDTH,Largura do maxilar
CHARACTER_CUSTOMIZE_FACE_JAWLINE,Mandíbula
CHARACTER_CUSTOMIZE_FACE_LOWER_CHEEK_POSITION,Posição inferior das bochechas
CHARACTER_CUSTOMIZE_FACE_LOWER_CHEEK_PROTRUSION,Projeção inferior das bochechas
CHARACTER_CUSTOMIZE_FACE_LOWER_CHEEK_SIZE,Tamanho inferior das bochechas
CHARACTER_CUSTOMIZE_FACE_SKIN_COLOR,Cor da pele
CHARACTER_CUSTOMIZE_FACE_SKIN_SHEEN,Brilho da pele
CHARACTER_CUSTOMIZE_FACE_STYLE,Formato do rosto
CHARACTER_CUSTOMIZE_FACE_STYLE_DETAIL_TITLE_1,Formato da testa
CHARACTER_CUSTOMIZE_FACE_STYLE_DETAIL_TITLE_2,Formato das maçãs do rosto
CHARACTER_CUSTOMIZE_FACE_STYLE_DETAIL_TITLE_3,Formato das bochechas
CHARACTER_CUSTOMIZE_FACE_STYLE_DETAIL_TITLE_4,Formato do queixo
CHARACTER_CUSTOMIZE_FACE_STYLE_DETAIL_TITLE_5,Têmpora
CHARACTER_CUSTOMIZE_FACE_STYLE_SUBMENU,Formato do rosto
CHARACTER_CUSTOMIZE_FACE_SUBMENU,Rosto
CHARACTER_CUSTOMIZE_FACE_TEMPLE_POSITION,Posição da têmpora
CHARACTER_CUSTOMIZE_FACE_TYPE,Tipo de rosto
CHARACTER_CUSTOMIZE_FACE_UPPER_JAW_PROTRUSION,Posição do maxilar
CHARACTER_CUSTOMIZE_HAIR,Cabelo
CHARACTER_CUSTOMIZE_HAIR_BLEND_ALPHA,Posição do degradê
CHARACTER_CUSTOMIZE_HAIR_BLEND_RANGE,Faixa do degradê
CHARACTER_CUSTOMIZE_HAIR_COLOR,Cor do cabelo
CHARACTER_CUSTOMIZE_HAIR_COLOR_ROOT,Cor da raiz do cabelo
CHARACTER_CUSTOMIZE_HAIR_COLOR_TIP,Cor das pontas do cabelo
CHARACTER_CUSTOMIZE_HAIR_COLOR1,Cor primária
CHARACTER_CUSTOMIZE_HAIR_COLOR1_BRIGHTNESS,Brilho da cor primária
CHARACTER_CUSTOMIZE_HAIR_COLOR2,Cor secundária
CHARACTER_CUSTOMIZE_HAIR_COLOR2_BRIGHTNESS,Brilho da cor secundária
CHARACTER_CUSTOMIZE_HAIR_DETAIL_TITLE_1,Formato e cor
CHARACTER_CUSTOMIZE_HAIR_STYLE,Estilo de cabelo
CHARACTER_CUSTOMIZE_HAIR_SUBMENU,Cabelo
CHARACTER_CUSTOMIZE_HAIR_TYPE,Formato do cabelo
CHARACTER_CUSTOMIZE_LACRIMAL_GLAND_LENGTH,Comprimento do canal lacrimal
CHARACTER_CUSTOMIZE_LACRIMAL_GLAND_POSITION,Posição do canal lacrimal
CHARACTER_CUSTOMIZE_LACRIMAL_GLAND_SIZE,Tamanho do canal lacrimal
CHARACTER_CUSTOMIZE_LIP_MAKEUP,Maquiagem dos lábios
CHARACTER_CUSTOMIZE_LIP_MAKEUP_DETAIL_TITLE_1,Maquiagem dos lábios
CHARACTER_CUSTOMIZE_LIP_MAKEUP_SUBMENU,Maquiagem dos lábios
CHARACTER_CUSTOMIZE_LIPMAKEUP_BRIGHTNESS,Brilho da maquiagem dos lábios
CHARACTER_CUSTOMIZE_LIPMAKEUP_COLOR,Cor dos lábios
CHARACTER_CUSTOMIZE_LIPMAKEUP_GLOSS,Brilho labial
CHARACTER_CUSTOMIZE_LIPMAKEUP_SATURATION,Opacidade da maquiagem dos lábios
CHARACTER_CUSTOMIZE_LIPMAKEUP_STYLE,Estilo da maquiagem dos lábios
CHARACTER_CUSTOMIZE_LOAD_CONFIRM_POPUP_MSG,"Se carregar os dados de personalização, 
todas as alterações serão perdidas. 
Deseja continuar mesmo assim?"
CHARACTER_CUSTOMIZE_LOAD_CONFIRM_POPUP_TITLE,Carregar personalização
CHARACTER_CUSTOMIZE_LOAD_SUCCESS_NOTIFY,Dados de personalização carregados.
CHARACTER_CUSTOMIZE_MAKEUP,Maquiagem
CHARACTER_CUSTOMIZE_MENU_1,Predefinição
CHARACTER_CUSTOMIZE_MENU_2,Cabeça
CHARACTER_CUSTOMIZE_MENU_3,Rosto
CHARACTER_CUSTOMIZE_MENU_4,Formato do corpo
CHARACTER_CUSTOMIZE_MENU_5,Decoração
CHARACTER_CUSTOMIZE_MENU_6,Voz
CHARACTER_CUSTOMIZE_MOUTH,Boca
CHARACTER_CUSTOMIZE_MOUTH_CORNER_POSITION,Posição dos cantos da boca
CHARACTER_CUSTOMIZE_MOUTH_DETAIL_TITLE_1,Formato da boca
CHARACTER_CUSTOMIZE_MOUTH_DETAIL_TITLE_2,Lábio superior
CHARACTER_CUSTOMIZE_MOUTH_DETAIL_TITLE_3,Lábio inferior
CHARACTER_CUSTOMIZE_MOUTH_LIP_SHAPE,Formato dos lábios
CHARACTER_CUSTOMIZE_MOUTH_LOWER_LIP_PROTRUSION,Projeção do lábio inferior
CHARACTER_CUSTOMIZE_MOUTH_LOWER_LIP_SPREAD,Inclinação do lábio inferior
CHARACTER_CUSTOMIZE_MOUTH_LOWER_LIP_THICKNESS,Espessura do lábio inferior
CHARACTER_CUSTOMIZE_MOUTH_POSITION,Posição da boca
CHARACTER_CUSTOMIZE_MOUTH_PROTRUSION,Projeção da boca
CHARACTER_CUSTOMIZE_MOUTH_SUBMENU,Boca
CHARACTER_CUSTOMIZE_MOUTH_UPPER_LIP_PROTRUSION,Projeção do lábio superior
CHARACTER_CUSTOMIZE_MOUTH_UPPER_LIP_SPREAD,Inclinação do lábio superior
CHARACTER_CUSTOMIZE_MOUTH_UPPER_LIP_THICKNESS,Espessura do lábio superior
CHARACTER_CUSTOMIZE_MOUTH_WIDTH,Largura da boca
CHARACTER_CUSTOMIZE_NOSE,Nariz
CHARACTER_CUSTOMIZE_NOSE_DETAIL_TITLE_1,Nariz
CHARACTER_CUSTOMIZE_NOSE_DETAIL_TITLE_2,Ponte nasal
CHARACTER_CUSTOMIZE_NOSE_HEIGHT,Altura do nariz
CHARACTER_CUSTOMIZE_NOSE_NASAL_BRIDGE_ANGLE,Inclinação da ponte nasal
CHARACTER_CUSTOMIZE_NOSE_NASAL_BRIDGE_WIDTH,Largura da ponte nasal
CHARACTER_CUSTOMIZE_NOSE_NASAL_TIP_WIDTH,Largura das narinas
CHARACTER_CUSTOMIZE_NOSE_POSITION,Posição do nariz
CHARACTER_CUSTOMIZE_NOSE_SUBMENU,Nariz
CHARACTER_CUSTOMIZE_NOSE_TIP_ANGLE,Inclinação da ponta do nariz
CHARACTER_CUSTOMIZE_NOSE_WIDTH,Largura do nariz
CHARACTER_CUSTOMIZE_NPC,Personalizar NPC
CHARACTER_CUSTOMIZE_PRESET_DETAIL_TITLE_1,Predefinição básica
CHARACTER_CUSTOMIZE_PRESET_SAVE,Salvar predefinição
CHARACTER_CUSTOMIZE_PRESET_SUBMENU,Predefinição
CHARACTER_CUSTOMIZE_PRESET_TYPE,Tipo de predefinição
CHARACTER_CUSTOMIZE_RESET_CONFIRM_POPUP_MSG,"Se <Yellow>redefinir</>, todas as alterações desta categoria serão <Red>perdidas</>.
Deseja continuar?"
CHARACTER_CUSTOMIZE_RESET_CONFIRM_POPUP_TITLE,Aviso de redefinição da categoria
CHARACTER_CUSTOMIZE_SAVE_SUCCESS_NOTIFY,"Informações de personalização salvas.
[PATH]"
CHARACTER_CUSTOMIZE_SKIN,Pele
CHARACTER_CUSTOMIZE_SKIN_SUBMENU,Pele
CHARACTER_CUSTOMIZE_TATTOO,Tatuagem
CHARACTER_CUSTOMIZE_TATTOO_BRIGHTNESS,Brilho da tatuagem
CHARACTER_CUSTOMIZE_TATTOO_COLOR,Cor da tatuagem
CHARACTER_CUSTOMIZE_TATTOO_DETAIL_SETTING,Detalhes da tatuagem
CHARACTER_CUSTOMIZE_TATTOO_DETAIL_TITLE_1,Formato e cor
CHARACTER_CUSTOMIZE_TATTOO_DETAIL_TITLE_2,Posição e tamanho
CHARACTER_CUSTOMIZE_TATTOO_POSITION,Posição da tatuagem
CHARACTER_CUSTOMIZE_TATTOO_ROTATION,Rotação da tatuagem
CHARACTER_CUSTOMIZE_TATTOO_SATURATION,Opacidade da tatuagem
CHARACTER_CUSTOMIZE_TATTOO_SIZE,Tamanho da tatuagem
CHARACTER_CUSTOMIZE_TATTOO_STYLE,Tipo de tatuagem
CHARACTER_CUSTOMIZE_TATTOO_SUBMENU,Tatuagem
CHARACTER_CUSTOMIZE_VOICE_DETAIL_TITLE_1,Voz
CHARACTER_CUSTOMIZE_VOICE_SAMPLE,Reproduzir falas
CHARACTER_CUSTOMIZE_VOICE_SUBMENU,Voz
CHARACTER_CUSTOMIZE_VOICE_TYPE,Tipo de voz
CHARACTER_DELETE,Excluir personagem
CHARACTER_DELETE_CANCEL_POPUP_MESSAGE,Cancel the character deletion? Proceeding will reset the Deletion Grace Period.
CHARACTER_DELETE_CANCEL_POPUP_TITLE,Cancel Character Deletion
CHARACTER_DELETE_CONDITION,Character Deletion Requirements
CHARACTER_DELETE_CONDITION_AUCTION_DESC,"No Active Market Listings, No Pending Settlements"
CHARACTER_DELETE_CONDITION_CLAN_DESC,No Clan Affiliation
CHARACTER_DELETE_CONDITION_LEVEL_DESC,Lv.1 or Lv.[Level] and above
CHARACTER_DELETE_CONDITION_MAIL_DESC,No Unread or Unclaimed mail
CHARACTER_DELETE_CONDITION_POPUP_MESSAGE,"The character can be deleted once all the requirements below are met.
Please check the requirements and try again."
CHARACTER_DELETE_CONDITION_POPUP_TITLE,Excluir personagem
CHARACTER_DELETE_CONFIRM_POPUP_INPUT_HINT,Enter the name of the character to delete.
CHARACTER_DELETE_CONFIRM_POPUP_MESSAGE,Do you want to delete this character?
CHARACTER_DELETE_CONFIRM_POPUP_MESSAGE_SUB,"<Red>After a Deletion Grace Period of [d] days, all information for this character
cannot be recovered.</>"
CHARACTER_DELETE_CONFIRM_POPUP_TITLE,Confirm Character Deletion
CHARACTER_DELETE_LEFT_TIME,Delete in [Time]
CHARACTER_DELETE_LEVEL,Lv.[Level] (Pending Deletion)
CHARACTER_DELETION_NAME_INPUT_ERROR_MESSAGE,The entered name does not match the character's name. Please try again.
CHARACTER_DELETION_PENDING_ACCESS_DENIED_MESSAGE,Characters pending deletion cannot be accessed until the deletion is canceled.
CHARACTER_HUNT_ARRIVAL,This is your current Realm.
CHARACTER_PROFILE_CLASS_NAME,[ClassName] - Rank [ClassRank]
CHARACTER_SLOT_OPEN_ITEM_USAGE_NOTIFICATION_MESSAGE,You must purchase and use a Character Slot Ticket.
CHARACTER_SLOT_UNLOCK_NOTIFICATION_MESSAGE,The Character Slot has been unlocked by using the item.
CHAT_BLOCK_ADD,Add to Block List
CHAT_BLOCK_ALREADY,This Adventurer is already blocked.
CHAT_BLOCK_CANCEL,Unblock
CHAT_BLOCK_DESC,Enter the name of the Adventurer to Block.
CHAT_BLOCK_NOCHARACTER,No blocked adventurers.
CHAT_BLOCK_NORESULT,No blocked adventurers.
CHAT_BLOCK_TITLE,Manage Block List
CHAT_CATEGORY_MYGROUP,My Group List
CHAT_CATEGORY_PUBLICGROUP,Public Group List
CHAT_CATEGORY_WISHPER,Whisper List
CHAT_CHANNEL_ALL,All
CHAT_CHANNEL_CLAN,Clan
CHAT_CHANNEL_CLAN_LABEL,[Clan]
CHAT_CHANNEL_CLANUNIT,Clan Squad
CHAT_CHANNEL_CLANUNIT_LABEL,[Clan Squad]
CHAT_CHANNEL_CLANUNIT2,Clan Squad
CHAT_CHANNEL_GROUP,Group
CHAT_CHANNEL_GROUP_LABEL,[Group]
CHAT_CHANNEL_PARTY,Party
CHAT_CHANNEL_PARTY_LABEL,[Party]
CHAT_CHANNEL_PRIVATE,Private
CHAT_CHANNEL_PRIVATE_LABEL,[Private]
CHAT_CHANNEL_SERVER,Server
CHAT_CHANNEL_SERVER_LABEL,[Server]
CHAT_CHANNEL_SYSTEM,System
CHAT_CHANNEL_SYSTEM_LABEL,[System]
CHAT_CHANNEL_WORLD,Realm
CHAT_CHANNEL_WORLD_LABEL,[Realm]
CHAT_COOLTIME_WARNING,Available in [Sec] seconds.
CHAT_GROUP_APPOINT,Appoint Group Leader
CHAT_GROUP_CREAT,Create Group
CHAT_GROUP_CREATE_GROUPDESC,Group Description
CHAT_GROUP_CREATE_GROUPDESC_HINT,Enter the Group Description.
CHAT_GROUP_CREATE_GROUPNAME,Group Name
CHAT_GROUP_CREATE_GROUPNAME_HINT,Enter the Group Name.
CHAT_GROUP_CREATE_GROUPPW,Group Password
CHAT_GROUP_CREATE_GROUPPW_HINT,Enter the Group Password.
CHAT_GROUP_CREATE_JOINTYPE,Visibility
CHAT_GROUP_CREATE_JOINTYPE_PUBLIC,Public
CHAT_GROUP_CREATE_JOINTYPE_SEACRET,Private
CHAT_GROUP_CREATE_TITLE,Create Group
CHAT_GROUP_DISMISS,Dismiss Group Leader
CHAT_GROUP_EXIT_DESC,Do you want to leave the [Name] Group?
CHAT_GROUP_EXIT_OK,Leave
CHAT_GROUP_EXIT_TITLE,Leave Group
CHAT_GROUP_FULL,This Group is full.
CHAT_GROUP_INVITE,Invite
CHAT_GROUP_INVITE_WAIT,Invitation Pending
CHAT_GROUP_KICK,Kick
CHAT_GROUP_KICK_DESC,Do you want to <Red>kick</> <Yellow>[Name]</>?
CHAT_GROUP_KICK_TITLE,Kick from Group
CHAT_GROUP_MASTER_APPOINT,[Name] has become the Group Leader.
CHAT_GROUP_MEMBERENTER,[Name] has joined.
CHAT_GROUP_MEMBEREXIT,[Name] has left.
CHAT_GROUP_MEMBERINVITE,Invited [Name].
CHAT_GROUP_NORESULT,The chat Group does not exist.
CHAT_GROUP_NOTJOIN,You are not in any Group.
CHAT_GROUP_PUBLIC_SERACH_HINT,Search Group Name
CHAT_GROUP_PUBLIC_SERACH_NORESULT,No search results.
CHAT_GROUP_SETTING_EMPTYINVITE,Search for members to invite.
CHAT_GROUP_SETTING_INVITE,Group Invite
CHAT_GROUP_SETTING_INVITE_NORESULT,No search results.
CHAT_GROUP_SETTING_MANAGE,Manage Group Members
CHAT_GROUP_SETTING_SEARCH,Search
CHAT_GROUP_SETTING_SEARCH_HINT,Search Adventurer Name
CHAT_GROUP_SETTING_SELECT_MEMBER,Manage Members
CHAT_GROUP_SETTING_SELECT_SETTING,Group Settings
CHAT_GROUP_SETTING_SELECT_TITLE,Manage Group
CHAT_GROUP_SETTING_TITLE,Manage Members
CHAT_GROUP_SWICHER_MYGROUP,View Joined Groups
CHAT_GROUP_SWICHER_PUBLICGROUP,View Public Groups
CHAT_GROUP_TITLE_GROUPSETTING,Group Settings
CHAT_HINTTEXT,Please avoid entering personal information.
CHAT_MESSAGE_HINTTEXT,No messages to display.
CHAT_MINI_MESSAGE,[Channel][Name] <MiniDefault>[Message]</>
CHAT_NEW_MESSAGE_COUNT,[Value] New Message(s)
CHAT_NONECLAN,Available after joining a Clan.
CHAT_NONECLANUNIT,Available after joining a Clan Squad.
CHAT_NONEMESSAGE,You cannot send messages in this Channel.
CHAT_NONEPARTY,Available after joining a Party.
CHAT_OPTION_OFF,Off
CHAT_OPTION_ON,On
CHAT_OPTION_SUBTITLE_SYSTEM,System Message
CHAT_OPTION_TITLE,Chat Settings
CHAT_POPUP_TITLE,Chat
CHAT_PROMOTE_PARTY,Recruiting Party Members.
CHAT_PROMOTE_PARTY_CONDITION_BATTLESCORE,(Combat Power Limit: [Value])
CHAT_PROMOTE_PARTY_CONDITION_LEVEL,(Level Limit: [Level])
CHAT_PROMOTE_PARTY_LINK,<PromoteParty> [PartyName]</>
CHAT_PROMOTE_PARTY_LINK_MINI,<PromotePartyMini> [PartyName]</>
CHAT_QUICKMESSAGE_HINT,Enter a message.
CHAT_QUICKMESSAGE_SEND,Send
CHAT_QUICKMESSAGE_TITLE,Quick Chat
CHAT_REPORT_ALRDY_MSG,This Chat has already been reported.
CHAT_REPORT_BLOCK_BTN,Block
CHAT_REPORT_BTN,Report Chat
CHAT_REPORT_CHANNEL,Report Channel
CHAT_REPORT_CHANNEL_CLAN,Clan
CHAT_REPORT_CHANNEL_GROUP,Group
CHAT_REPORT_CHANNEL_PARTY,Party
CHAT_REPORT_CHANNEL_PERSONAL,Private
CHAT_REPORT_CHANNEL_REGION,Realm
CHAT_REPORT_CHANNEL_WORLD,Server
CHAT_REPORT_CHANNEL_WORLDGROUP,Server Group
CHAT_REPORT_CHARACTER,Character Name
CHAT_REPORT_CHAT,Reported Chat
CHAT_REPORT_DESC,"When reporting a chat, some information regarding the reporter, the reported user, and the chat content will be stored for processing.
Reports against the same user are limited to 5 times per day, and an already reported chat cannot be resubmitted.
If the report is false or without valid reason, actions may be taken according to the Operation Policy."
CHAT_REPORT_MSG,"1. When reporting a chat, some chat content will be stored.
2. Reported content will be processed according to the Operation Policy. No action may be taken if it does not meet the internal criteria.
3. Depending on the context of the conversation, the reporter’s character may also be subject to actions.
4. False reporting may result in actions according to the Operation Policy.
5. The reported character will be automatically added to the 'Block Chat' list.
6. Individual notifications regarding the results will not be provided after submission.
<Red>7. Reporting is limited to 3 times per day.</>"
CHAT_REPORT_MSG_APPROVE,Your report has been received.
CHAT_REPORT_MSG_CANNOT,This type of chat cannot be reported.
CHAT_REPORT_MSG_COOLTIME,You can report a chat again in [Second] seconds.
CHAT_REPORT_MSG_LEVEL,Chat reporting is available from Level [Param].
CHAT_REPORT_MSG_MAXCOUNT,You can report chats up to [MaxCount] times per day.
CHAT_REPORT_MSG_NEED_REASON,Please select a reason for reporting.
CHAT_REPORT_MSG_PASTDAY,Chat logs older than [MaxPastDay] days cannot be reported.
CHAT_REPORT_MSG_USERMAXCOUNT,You can report the same user up to [MaxCount] times per day.
CHAT_REPORT_REASON,Reason for Reporting
CHAT_REPORT_REASON_1,Inappropriate Language
CHAT_REPORT_REASON_2,Spamming & Commercial Ads
CHAT_REPORT_REASON_3,Promoting Real Money & Account Trading
CHAT_REPORT_REASON_4,"Other (Obscenity, Slander, etc.)"
CHAT_REPORT_SEND,Report Submitted
CHAT_REPORT_TITLE,Report Chat
CHAT_REPORT_TOP_MSG,Report Notice & Consent
CHAT_ROOM_MESSAGE_DEFAULT,No chats yet.
CHAT_SHARE_ERROR,Sharing is not available in this Channel.
CHAT_SHARE_ITEM,[[ItemName]]
CHAT_SHARE_LOCATION,[Share Location: [CharacterName]]
CHAT_SHARE_LOCATION_ERROR,Share Location is not available in this area.
CHAT_SHARE_MOVE,Move
CHAT_SHARE_MOVE_LABEL,Share Location
CHAT_SHARE_PARTY,[Party Promotion: [PartyName]]
CHAT_SUBFUC_BLOCK,Block List
CHAT_SUBFUC_QUICKCHAT,Quick Chat
CHAT_SUBFUC_WORLDSHARE,Share Location
CHAT_WHISPER_EXIT_DESC,End Whisper with [CharacterName]?
CHAT_WHISPER_EXIT_TITLE,Leave Whisper
CHAT_WHISPER_INPUT_HINT,Select an Adventurer to Whisper.
CHAT_WHISPER_NORESULT,Target not found.
CHAT_WHISPER_NOTJOIN,No Adventurers in recent Whispers.
CHAT_WHISPER_SEARCH_HINT,Search Adventurer Name
CHATWHISPER_BUTTON_UNAVAILABLE_OTHER_SERVER,Cannot Whisper to adventurers from another Server.
CLAN_ACCUMULATED_SUPPORT_AMOUNT,Total Support Amount
CLAN_ACTIVITY_SCORE,Activity Level
CLAN_AID_AMOUNT,Support Amount
CLAN_ALLIANCE_AID_ASSET,Support Allied Clan
CLAN_ALLIANCE_AID_REQUESTED_AMOUNT,Amount to Support
CLAN_ANGBAR,Angbar Arena
CLAN_APPLICATION_ALLIANCE,Alliance Request Received
CLAN_ASSET_AID_UNAVAILABLE_NO_ALLIED_CLAN,Cannot Support Allied Clan because you do not have Allied Clans.
CLAN_ASSET_ALLIANCE_AID_NOTIFY_ASSESSMENT_APPROVED,Agreed to the Support Allied Clan review.
CLAN_ASSET_ALLIANCE_AID_NOTIFY_ASSESSMENT_REJECTED,Declined the Support Allied Clan review.
CLAN_ASSET_ALLIANCE_AID_NOTIFY_COMPLETED,Support Allied Clan complete.
CLAN_ASSET_ALLIANCE_AID_NOTIFY_REGISTRATION_CANCEL,Support Allied Clan agenda has been canceled.
CLAN_ASSET_ALLIANCE_AID_NOTIFY_REGISTRATION_FAIL,Failed to register Support Allied Clan agenda.
CLAN_ASSET_ALLIANCE_AID_NOTIFY_REGISTRATION_SUCCESS,Support Allied Clan agenda registered.
CLAN_ASSET_ALLIANCE_AID_NOTIFY_REJECTED,Resources support was canceled as the alliance vote was rejected.
CLAN_ASSET_AVAILABLE_AID_AMOUNT,Available Support Amount
CLAN_ASSET_DISTRIBUTABLE_AMOUNT,Available Distribution Amount
CLAN_ASSET_DISTRIBUTION,Distribute Clan Resource
CLAN_ASSET_DISTRIBUTION_AMOUNT_MISSING_WARNING,Please enter a distribution amount.
CLAN_ASSET_DISTRIBUTION_NOTIFY_ASSESSMENT_APPROVED,Accepted the Clan Resource Distribution review.
CLAN_ASSET_DISTRIBUTION_NOTIFY_ASSESSMENT_REJECTED,Declined the Clan Resource Distribution review.
CLAN_ASSET_DISTRIBUTION_NOTIFY_COMPLETED,Clan Resource Distribution completed.
CLAN_ASSET_DISTRIBUTION_NOTIFY_REGISTRATION_CANCEL,Clan Resource Distribution canceled.
CLAN_ASSET_DISTRIBUTION_NOTIFY_REGISTRATION_FAIL,Failed to register Clan Resource Distribution.
CLAN_ASSET_DISTRIBUTION_NOTIFY_REGISTRATION_SUCCESS,Clan Resource Distribution registered.
CLAN_ASSET_DISTRIBUTION_NOTIFY_REJECTED,"Clan Resource Distribution vote was rejected, and distribution was canceled."
CLAN_ASSET_DISTRIBUTION_POPUP_TOOLTIP,Clan Resource Distribution requires designated Clan Auditor approval.
CLAN_ASSET_DISTRIBUTION_PROGRESS_CANCEL_DESC,Cancel Clan Resource Distribution?
CLAN_ASSET_DISTRIBUTION_PROGRESS_STATE,Clan Resource Distribution Status
CLAN_ASSET_DISTRIBUTION_TYPE,Distribution Method
CLAN_ASSET_DISTRIBUTION_UNABLE_MINIMUM_AMOUNT,Minimum distribution amount is not met. Distribution unavailable.
CLAN_ASSET_REQUESTED_AVAILABLE_AID_AMOUNT,Amount to Support
CLAN_ASSET_REQUESTED_DISTRIBUTION_AMOUNT,Amount to Distribute
CLAN_AUTO_CANCEL_INVITE_DESC,"Time until auto-decline
[hh]:[mm]:[ss]"
CLAN_AUTO_CANCEL_REQUEST_DESC,"Time until auto-cancel
[hh]:[mm]:[ss]"
CLAN_BANEFIT,Clan Benefits
CLAN_BATTLE_SCORE,Clan Combat Power
CLAN_BATTLEFIELD_MONOLITH_AREA_MOVE,Move to participating Monolith War
CLAN_BATTLEFIELD_MONOLITH_AREA_MOVE_DESC,"The participating Monolith War has begun.
Move now?"
CLAN_BOSS_RAID,Angbar Arena
CLAN_BOSS_RAID_1F,Floor 1
CLAN_BOSS_RAID_2F,Floor 2
CLAN_BOSS_RAID_3F,Floor 3
CLAN_BOSS_RAID_4F,Floor 4
CLAN_BOSS_RAID_FAIL_DESC,Failed to defeat the Angbar Arena boss within the time limit.
CLAN_BOSS_RAID_FAIL_TITLE,Failed to Clear the Angbar Arena
CLAN_BOSS_RAID_ITEM_BUY_CONFIRM_LIST_HINT_TEXT,You do not possess an Angbar Invitation.
CLAN_BOSS_RAID_ITEM_BUY_CONFIRM_POPUP_MSG,"[Name]Purchase this item?
(Weekly Angbar Arena Limit: [Count]/[MaxCount])"
CLAN_BOSS_RAID_ITEM_BUY_CONFIRM_POPUP_MSG_SUB,Amount in Clan Treasury: [Count]
CLAN_BOSS_RAID_ITEM_BUY_CONFIRM_POPUP_TITLE,Purchase Angbar Invitation
CLAN_BOSS_RAID_MAIN_DESC,"The ancient, noble House of Angbargidea once found amusement in the brutal spectacles of combat between humans and monsters.
Such violent banquets were a calculated tool to instill fear in the subjugated.
The arena bearing their name, and its invitations, summon Adventurers to the fray."
CLAN_BOSS_RAID_RESULT,Angbar Arena Boss Conquest Result
CLAN_BOSS_RAID_SHOP_DIRECTMOVE,Go to Clan's Ancient Coins Shop
CLAN_BOSS_RAID_STATUS_TITLE_TEXT,s [Name]
CLAN_CALL_COOLDOWN_REMAINING_TIME_NOTIFY,Cannot be used during cooldown. ([Time])
CLAN_CALL_MEMBERS_PERMISSIONS,You do not have permission to use Clan Call.
CLAN_CALL_PUPUP_MESSAGE,"Consume the Resources below to initiate a Clan Call to currently online Clan Members?
(Cooldown : [Time])"
CLAN_CALL_PUPUP_TITLE,Clan Call
CLAN_CALL_SKIP_POPUP_MESSAGE,[CharacterName] has initiated a Clan Call. Move to the allied Clan Beacon immediately?
CLAN_CALL_SKIP_POPUP_TIME,"If you do not respond within [s] seconds, it will be automatically declined."
CLAN_CALL_SKIP_POPUP_TITLE,Clan Call
CLAN_CALL_SUCCESS_NOTIFY,Initiated a Clan Call at your current location.
CLAN_CAPTAIN_GRADE_ADD,Add Deputy Clan Leader
CLAN_CAPTAIN_GRADE_CAPACITY_DESC,[Name] Level Quantity: [Count]/[MaxCount]
CLAN_COFFER,Clan Treasury
CLAN_COFFER_ASSET_AID_NO_DIAMOND,You do not have enough Diamonds to support.
CLAN_COFFER_ASSET_AID_NO_INPUT_AMOUNT,Please enter the support amount.
CLAN_COFFER_ASSET_DISTRIBUTION_NO_DIAMOND,You do not have any Diamonds to distribute.
CLAN_COFFER_ASSET_DISTRIBUTION_NO_INPUT_AMOUNT,Please enter the distribution amount.
CLAN_COFFER_EXCHANGE_REGISTER,Post to Clan
CLAN_COFFER_EXPAND_TITLE,Expand Treasury Slot
CLAN_COFFER_EXPANDED,Clan Treasury expanded to [Count] slots.
CLAN_COFFER_FULL,Warning: Clan Treasury is full.
CLAN_COFFER_FULL_UNIT_DISTRIBUTION_CHANGE,The Treasury is full. Distribution type has changed to contribution-based.
CLAN_COFFER_FULL_WARNING_MESSAGE,The Clan Treasury is full. No more items can be stored.
CLAN_COFFER_INVENTORY_FULL_DISTRIBUTION_TYPE_UNAVAILABLE,This distribution type is unavailable while the Clan Treasury is full.
CLAN_COFFER_ITEM_AUCTION_SALE_REGISTRATION_CANCEL_NOTIFY,The item registration on the Marketplace has been canceled.
CLAN_COFFER_ITEM_AUCTION_SALE_REGISTRATION_CANCEL_NOTIFY_NEW,[Name]  item registration has been canceled.
CLAN_COFFER_ITEM_AUCTION_SALE_REGISTRATION_NOTIFY,The item has been registered on the Marketplace.
CLAN_COFFER_ITEM_AUCTION_SALE_REGISTRATION_NOTIFY_NEW,[Name] item has been registered for sale.
CLAN_COFFER_ITEM_ENTER_SELL_AMOUNT,Enter the sale price.
CLAN_COFFER_ITEM_PURCHASE_AVAILABLE,Available for Purchase
CLAN_COFFER_ITEM_PURCHASE_DATE_TIME,"[M]/[d]/[yyyy] 
[hh]:[mm]:[ss]"
CLAN_COFFER_ITEM_PURCHASE_UNAVAILABLE,<Red>Unavailable for Purchase</>
CLAN_COFFER_ITEM_SELL_AMOUNT,Sale Price
CLAN_COFFER_ITEM_SELL_AMOUNT_COLON,Sale Price:
CLAN_COFFER_ITEM_SELL_LIMIT_TIME_HHMMSS,Time Remaining: [hh]:[mm]:[ss]
CLAN_COFFER_ITEM_SELL_MINIMUM_BID_AMOUNT,Minimum Bid Price
CLAN_COFFER_ITEM_SELL_REGISTER_TYPE_TIP_MSG,Clan Trades cannot be canceled once registered.
CLAN_COFFER_ITEM_SELL_REGISTRATION,Register Treasury Item for Sale
CLAN_COFFER_ITEM_SELL_REGISTRATION_CONFIRM_MESSAGE,Register this item for sale?
CLAN_COFFER_ITEM_SELL_SPECIFIC_BUYER_SELECTION_NOT_ALLOWED,Buyers cannot be selected for this sale method.
CLAN_COFFER_ITEM_SELL_TYPE,Sales Method
CLAN_COFFER_ITEM_SELL_TYPE_AUCTION,Highest Bid Auction
CLAN_COFFER_ITEM_SELL_TYPE_AUCTION_TOOLTIP,"In a Highest Bid Auction, the Clan member with the highest bid wins the item."
CLAN_COFFER_ITEM_SELL_TYPE_EXTERNAL,External
CLAN_COFFER_ITEM_SELL_TYPE_EXTERNAL_TOOLTIP,External Sales register items on the external Marketplace for other players to purchase.
CLAN_COFFER_ITEM_SELL_TYPE_LOTTERY,Random Draw Sale
CLAN_COFFER_ITEM_SELL_TYPE_LOTTERY_TOOLTIP,"In a Random Draw Sale, the item is awarded to a randomly selected Clan member."
CLAN_COFFER_ITEM_SELL_TYPE_SPECIFIED,Buyer-Designated Sale
CLAN_COFFER_ITEM_SELL_TYPE_SPECIFIED_TOOLTIP,"In a Buyer-Designated Sale, only the Clan Member selected by the seller can purchase the item."
CLAN_COFFER_NOTIFY_BIDDING_CANCEL,You have been outbid.
CLAN_COFFER_NOTIFY_BIDDING_COMPLETED,Successfully placed the highest bid.
CLAN_COFFER_NOTIFY_BIDDING_FAIL,Failed to become the highest bidder.
CLAN_COFFER_NOTIFY_BIDDING_WON,Won the auctioned item.
CLAN_COFFER_NOTIFY_BUY_COMPLETED,Purchased the item.
CLAN_COFFER_NOTIFY_ITEM_SELL_REGISTRATION_FAIL,Failed to register the item for sale.
CLAN_COFFER_NOTIFY_ITEM_SELL_REGISTRATION_SUCCESS,[Name] item was registered for sale via the [SellType] method.
CLAN_COFFER_NOTIFY_LOTTERY_CANCEL,Canceled entry for the item draw.
CLAN_COFFER_NOTIFY_LOTTERY_COMPLETED,Entered the item draw sale.
CLAN_COFFER_NOTIFY_LOTTERY_FAIL,Failed to enter the item draw.
CLAN_COFFER_NOTIFY_LOTTERY_WIN,Won the item draw.
CLAN_COFFER_PURCHASE_NOT_ALLOWED,Not selected. Purchase unavailable.
CLAN_COFFER_RECORD,Clan Treasury History
CLAN_COFFER_RECORD_CONTENT,History Details
CLAN_COFFER_RECORD_DATE,[yyyy]-[MM]-[dd]
CLAN_COFFER_RECORD_TIME,[hh]:[mm]:[ss]
CLAN_COFFER_RECORD_TIMESTAMP,Record Date
CLAN_COFFER_STORED_ASSET,Stored Resources
CLAN_COFFER_STORED_ITEM,Stored Items
CLAN_COFFER_STORED_ITEM_EMPTY,No items stored
CLAN_COFFER_TAB_ALL,All
CLAN_COFFER_TAB_CONSUME,Spent
CLAN_COFFER_TAB_DISTRIBUTION,Distribution
CLAN_COFFER_TAB_DONATE,Donation
CLAN_COFFER_TAB_SAVE,Store
CLAN_COFFER_TAB_SELL,Sell
CLAN_CONTENTS_OPEN,Content Unlocked
CLAN_CREATE,Create Clan
CLAN_CREATE_SYSTEM_MSG,[Name] Clan has been created.
CLAN_CREATE_UNAVAILABLE_NOT_PROVIDED_NAME,Cannot create a Clan without a name.
CLAN_CURRENT_INSPECTOR,Current Auditor
CLAN_CUSTOM_GRADE_ADD_COUNT_MAXCOUNT_DESC,Additional Grades Available
CLAN_CUSTOM_GRADE_EDIT_COUNT_MAXCOUNT_DESC,[Name]Level Quantity: [Count]/[MaxCount]
CLAN_DIAMOND_AID_FROM_ALLIANCE,Diamonds Received
CLAN_DIPLOMACY,Clan Diplomacy
CLAN_DIPLOMACY_ADD_ALREADY_REGISTERED_CLAN,This target is already designated as a Hostile Clan.
CLAN_DIPLOMACY_ADD_ENEMY_ASSET_CONFIRM_POPUP_MESSAGE,"Spend the following Resources to designate this Clan as Hostile?
Registration lasts for [Time]."
CLAN_DIPLOMACY_ADD_ENEMY_ASSET_CONFIRM_POPUP_TITLE,Register Enemy
CLAN_DIPLOMACY_ADD_ENEMY_CANCEL,Canceled Hostile registration.
CLAN_DIPLOMACY_ADD_ENEMY_FAIL_INSUFFICIENT_ASSETS,Insufficient resources for Hostile registration.
CLAN_DIPLOMACY_ADD_ENEMY_INSUFFICIENT_PERMISSIONS,You do not have permission to register Hostiles.
CLAN_DIPLOMACY_ADD_ENEMY_SUCCESS_MESSAGE,Registered this Clan as Hostile.
CLAN_DIPLOMACY_ADD_ENEMY_UNAVAILABLE_NO_CLAN,Cannot register as Hostile: Target has no Clan.
CLAN_DIPLOMACY_ALLIANCE_ACCEPT_MESSAGE,Accepted the Alliance Request.
CLAN_DIPLOMACY_ALLIANCE_REGISTRATION_NOTIFY,[Name]Clan has been registered as an Alliance.
CLAN_DIPLOMACY_ALLIANCE_REJECT_MESSAGE,Declined the Alliance Request.
CLAN_DIPLOMACY_ALLIANCE_TERMINATION,Dissolved the Alliance.
CLAN_DIPLOMACY_ALLIANCE_TERMINATION_NOTIFY,Alliance with [Name] has been broken.
CLAN_DIPLOMACY_ALREADY_REQUEST_ALLIANCE,An Alliance Request has already been sent to this Clan.
CLAN_DIPLOMACY_CANCEL_REQUEST_MESSAGE,Canceled the Alliance Request.
CLAN_DIPLOMACY_ENEMY_LIST_FULL_NOTIFY,Cannot register more Hostiles. The list is full.
CLAN_DIPLOMACY_ENEMY_REGISTRATION_NOTIFY,[Name]Clan has been registered as a Hostile.
CLAN_DIPLOMACY_MUTUAL_ENEMY_REGISTRATION_NOTIFY,<Red>[Name]</>Clan registered an Allied Clan as Hostile. Mutual Hostility state engaged.
CLAN_DIPLOMACY_NO_PERMISSION,You do not have permission to manage Clan Diplomacy.
CLAN_DIPLOMACY_REMOVE_ALLIANCE_CONFIRM_POPUP_MESSAGE,"Dissolve alliance with<Blue>[Name]</>?
Re-establishing the alliance will require mutual consent again."
CLAN_DIPLOMACY_REMOVE_ALLIANCE_CONFIRM_POPUP_TITLE,Dissolve Clan Alliance
CLAN_DIPLOMACY_REMOVE_ALLIANCE_SUCCESS_MESSAGE,Dissolved the alliance with this Clan.
CLAN_DIPLOMACY_REMOVE_ENEMY_CONFIRM_POPUP_MESSAGE,"Remove <Red>[Name]</> Clan from Hostiles?
Even if the hostile status is removed, Resources spent for registration will not be refunded."
CLAN_DIPLOMACY_REMOVE_ENEMY_CONFIRM_POPUP_TITLE,Remove Hostile Clan
CLAN_DIPLOMACY_REMOVE_ENEMY_SUCCESS_MESSAGE,Removed the hostile status with this Clan.
CLAN_DIPLOMACY_REQUEST_ALLIANCE_ACCEPT,Accepted the Alliance Request.
CLAN_DIPLOMACY_REQUEST_ALLIANCE_CANCEL,Canceled the Alliance Request.
CLAN_DIPLOMACY_REQUEST_ALLIANCE_DECLINED,[Name] Clan has declined the Alliance Request.
CLAN_DIPLOMACY_REQUEST_ALLIANCE_INSUFFICIENT_PERMISSIONS,You do not have permission to send an Alliance Request.
CLAN_DIPLOMACY_REQUEST_ALLIANCE_MESSAGE,Alliance Request sent to the selected Clan.
CLAN_DIPLOMACY_REQUEST_ALLIANCE_RECEIVED,Alliance Request received from [Name] Clan.
CLAN_DIPLOMACY_REQUEST_ALLIANCE_REJECT,Alliance request declined.
CLAN_DISBAND,Disband Clan
CLAN_DISBAND_COFFER_ITEM_DESTRUCTION_WARNING_MESSAGE,"Upon disbanding, all distributable items in the Clan Treasury will be permanently lost.
Do you wish to proceed?"
CLAN_DISBAND_COFFER_ITEM_DESTRUCTION_WARNING_TITLE,Item Loss Warning
CLAN_DISBAND_CONFIRM_POPUP_INPUT_HINT,Enter the name of the Clan to disband.
CLAN_DISBAND_CONFIRM_POPUP_MESSAGE,Are you sure you want to disband the Clan?
CLAN_DISBAND_CONFIRM_POPUP_MESSAGE_SUB,"If the Clan is disbanded, all related data will be reset,
and all stored Resources and items will be destroyed.
You will also be unable to join or create another Clan for a set period of time."
CLAN_DISBAND_CONFIRM_POPUP_TITLE,Confirm Clan Disbandment
CLAN_DISBAND_WARNING_MESSAGE,"Upon disbanding, all Clan information will be reset and cannot be recovered.
Do you still wish to proceed?
※ You cannot join or create another Clan for 24 hours after disbanding."
CLAN_DISPERSE_SYSTEM_MSG,[Name] Clan has been disbanded.
CLAN_DISTRIBUTION,Distribution
CLAN_DISTRIBUTION_APPROVAL_PROGRESS_STATE,Distribution Approval Status
CLAN_DISTRIBUTION_CANCEL,Cancel Distribution
CLAN_DISTRIBUTION_DIAMOND,Diamonds Distribution 
CLAN_DISTRIBUTION_GOLD,Gold Distribution 
CLAN_DISTRIBUTION_REMAINING_AMOUNT,Remaining Amount
CLAN_DISTRIBUTION_REQUESTED_AMOUNT,Amount to Distribute
CLAN_DISTRIBUTION_TYPE_CONTRIBUTION,Contribution-Priority Distribution
CLAN_DISTRIBUTION_TYPE_EQUAL,Equal Distribution for All
CLAN_DISTRIBUTION_TYPE_USER_CONTROLLED,Custom Distribution
CLAN_DONATE,Clan Donation
CLAN_DONATE_DESC,Donate the selected Resources or items to grant Grace to both the Clan and yourself.
CLAN_DONATE_NOTENOUGH,Insufficient Donation materials.
CLAN_DONATE_OVER_DIAMOND,Daily Diamond Donation limit reached.
CLAN_DONATE_OVER_GOLD,Daily Gold Donation limit reached.
CLAN_DONATE_OVER_ITEM,Daily Ring of Vows Donation limit reached.
CLAN_DONATE_RESULT_TITLE,[Name] Result
CLAN_DONATE2,Clan Donation
CLAN_DONATION_DAILY_LIMIT_DESC,Daily Limit
CLAN_DUNGEON,Clan Dungeon
CLAN_DUNGEON_LIST,Angbar Arena · Replica Seed
CLAN_DUNGEON_WEEKLY_LIMIT_COUNT,Angbar Arena Weekly Limit
CLAN_DUNGEON_WEEKLY_LIMIT_COUNT_TITLE_DEL,Weekly Limit
CLAN_EDIT_GRADE_PERMISSION,Edit Rank Permissions
CLAN_EDIT_PERMISSION,Edit Permissions
CLAN_EMBLEM_BACKGROUND,Background
CLAN_EMBLEM_BACKGROUND_COLOR,Background Color
CLAN_EMBLEM_EDIT,Edit Emblem
CLAN_EMBLEM_SETTING,Set Clan Emblem
CLAN_EMBLEM_SETTING_COMPLETE,Clan Emblem has been set.
CLAN_EMBLEM_SYMBOL,Symbol
CLAN_EMBLEM_SYMBOL_COLOR,Symbol Color
CLAN_ENEMY_TYPE,Hostility Type
CLAN_EXCHANGE,Clan Trade
CLAN_EXCHANGE_BID_AMOUNT_INPUT,Enter Bid Amount
CLAN_EXCHANGE_BUYER_LIST,Eligible Clan Members
CLAN_EXCHANGE_HISTORY,Sales History
CLAN_EXCHANGE_HISTORY_LIST_NO_RESULT,No Sales History 
CLAN_EXCHANGE_INPUT_COUNT_MSG,Enter the quantity to list for sale.
CLAN_EXCHANGE_JOIN_INFO,Participation Info
CLAN_EXCHANGE_LEFT_TIME,Time Remaining
CLAN_EXCHANGE_LIST_NO_RESULT,No items currently on sale.
CLAN_EXCHANGE_PURCHASE_AVAILABLE,Purchase Availability
CLAN_EXCHANGE_PURCHASE_NOT_ALLOWED,Not a designated buyer. Purchase unavailable.
CLAN_EXCHANGE_PURCHASE_TARGET,Purchase Target
CLAN_EXCHANGE_PURCHASE_TYPE,Purchase Availability
CLAN_EXCHANGE_REFRESH_BUTTON_COOLTIME_REMAINING,Refresh cooldown has [TIME] seconds remaining.
CLAN_EXCHANGE_REGIST_COUNT,Sales Listing Quantity:
CLAN_EXCHANGE_REGIST_COUNT_MAX_COUNT,[Count]/[MaxCount]
CLAN_EXCHANGE_SEARCH_INPUT_KEYWORD,Enter a search term.
CLAN_EXCHANGE_SPECIFIED_BUYER,Designated Buyer
CLAN_EXCHANGE_TAX_NOTICE,Sale Fee : [Value]%
CLAN_EXCHANGE_TOP_BID,Current Highest Bidder
CLAN_GET_WEEKLY_REWARD,Claim Weekly Reward
CLAN_GRADE_CAPACITY_DESC,[Name] Level Quantity: [Count]/[MaxCount]
CLAN_GRADE_COUNT,Rank [RANK]
CLAN_GRADE_LIMIT_COUNT_MAXCOUNT_DESC,Number of [RankName] : [Count]/[MaxCount]
CLAN_GRADE_NAME_GENERATION_RULE,Enter a name for the rank to create.
CLAN_INDEX_MEMBER_COUNT,Members
CLAN_INFO,Clan Info
CLAN_INFO_SETTING_COMPLETE,Clan information has been updated.
CLAN_INSPECTOR_APPOINTMENT_DESC,"The Clan Auditor holds the <Yellow>authority to vote on Clan Resource Distribution proposals</>. Every Monday (or upon the first deposit of Clan Diamonds), the <Yellow>top 3 weekly contributors</>, excluding the Clan Leader, are automatically appointed.
Appointed Auditors <Yellow>cannot be removed arbitrarily</>."
CLAN_INSPECTOR_EMPTY_NO_DIAMONDS,Cannot assign an Auditor as there are no Diamonds to distribute within the Clan.
CLAN_INSPECTOR_EMTPY,No eligible members
CLAN_INSPECTOR_EXPEL_NOT_ALLOWED_MESSAGE,A Clan Member assigned as an Auditor cannot be expelled.
CLAN_INSPECTOR_RANK_CHANGE_NOTIFICATION_MESSAGE,The Clan Auditor has been changed.
CLAN_INSPECTOR_STATUS,Clan Auditor Status
CLAN_INTRODUCTION,Clan Description
CLAN_INTRODUCTION_GENERATION_RULE,The Clan description can be up to 26 characters.
CLAN_INVITE,Clan Invitation
CLAN_INVITE_SYSTEM_MSG,Invited [Name] to the Clan.
CLAN_INVITE_TARGET_SEARCH,Search for Invitees
CLAN_JOIN,Join Clan
CLAN_JOIN_APPLICATION_CANCEL_NOTIFY,Clan application canceled.
CLAN_JOIN_BLOCKED,Unable to Join
CLAN_JOIN_CREATE,Create Clan
CLAN_JOIN_INVITE,Invite
CLAN_JOIN_INVITE_AUTO_CANCEL_TIME_DESC,Time until auto-cancel : [hh]:[mm]:[ss]
CLAN_JOIN_INVITE_BLOCKED_MESSAGE_ALREADY_INVITED,This Adventurer has already received a Clan invitation.
CLAN_JOIN_INVITE_BLOCKED_MESSAGE_ALREADY_JOINED,This Adventurer is already in another Clan.
CLAN_JOIN_INVITE_BLOCKED_MESSAGE_CONTENT_LOCKED,Target’s Level is too low to invite.
CLAN_JOIN_INVITE_CANCEL_NOTIFY,Clan invitation canceled .
CLAN_JOIN_INVITE_CAPACITY_COUNT_DESC,Clan Invitation
CLAN_JOIN_INVITE_COUNT_DESC,Join Invitations [Count] / [MaxCount]
CLAN_JOIN_INVITE_DECLINE_NOTIFY,Clan invitation declined.
CLAN_JOIN_INVITE_DESC,You can receive up to [COUNT] join invitations.
CLAN_JOIN_INVITE_LIST,Invitation List
CLAN_JOIN_INVITE_NO_RESULT,No Clan invitations received.
CLAN_JOIN_INVITE_RECEIVED_MESSAGE,A join invitation from [Name] Clan has arrived.
CLAN_JOIN_INVITE_SUCCESS_MESSAGE,Invitation sent.
CLAN_JOIN_INVITER_CHARACTER,Inviting Adventurer
CLAN_JOIN_INVITER_CHARACTER_DESC,Invited Adventurer :
CLAN_JOIN_MENU_CREATE,Create Clan
CLAN_JOIN_MENU_INVITE,Invitation List
CLAN_JOIN_MENU_RECOMMEND,Recommended Clans
CLAN_JOIN_MENU_REQUEST,Request List
CLAN_JOIN_NEED_INVITE,Invitation Required
CLAN_JOIN_NOTIFY_SYSTEM_MSG,[Name] has joined the Clan.
CLAN_JOIN_NOW,Join Instantly
CLAN_JOIN_RECOMMAND_DESC,Up to 20 recommended clans shown for instant join.
CLAN_JOIN_RECOMMEND,Recommended Clans
CLAN_JOIN_REQUEST,Join Application
CLAN_JOIN_REQUEST_AUTO_REJECT_TIME_DESC,Time until auto-reject : [hh]:[mm]:[ss]
CLAN_JOIN_REQUEST_CANCEL,Cancel Application
CLAN_JOIN_REQUEST_CAPACITY_COUNT_DESC,Request to Join
CLAN_JOIN_REQUEST_CONFIRM_POPUP_DESC,"Would you like to request to
join [Name] Clan?"
CLAN_JOIN_REQUEST_COUNT_DESC,Join Applications [Count] / [MaxCount]
CLAN_JOIN_REQUEST_DESC,You can have up to [Count] Join Applications.
CLAN_JOIN_REQUEST_LIST,Request List
CLAN_JOIN_REQUEST_LIST_TIP,You can receive up to [Count] Requests to Join.
CLAN_JOIN_REQUEST_MEMO,Join Request Message
CLAN_JOIN_REQUEST_MEMO_GENERATION_RULE,Enter up to 20 characters.
CLAN_JOIN_REQUEST_NO_RESULT,No pending clan applications.
CLAN_JOIN_REQUEST_NOTIFY_SYSTEM_MSG,[Name] has submitted a join request.
CLAN_JOIN_REQUEST_SUCCESS_MESSAGE,Join request submitted to [Name].
CLAN_JOIN_SYSTEM_MSG,You have joined [Name].
CLAN_JOIN_TYPE,Join Type
CLAN_KICKOUT_NOTIFY_SYSTEM_MSG,[Name] has been removed from the clan.
CLAN_KICKOUT_SYSTEM_MSG,You have been removed from [Name].
CLAN_LEAVE_CONFIRM_POPUP_INPUT_HINT,Enter the clan name to leave.
CLAN_LEAVE_CONFIRM_POPUP_MESSAGE,Leave Clan?
CLAN_LEAVE_CONFIRM_POPUP_MESSAGE_SUB,"All contribution points will be reset upon leaving.
You will be restricted from joining or creating a clan for a set period."
CLAN_LEAVE_CONFIRM_POPUP_TITLE,Confirm Leave
CLAN_LEAVE_NAME_MISMATCH,The name entered does not match the clan name.
CLAN_LEVEL,Clan Level
CLAN_LEVEL_BANEFIT,Level Benefits
CLAN_LEVEL_BUFF,Level Buff
CLAN_LEVEL_UP,Clan Level-Up
CLAN_LEVEL_UP_CHAT_NOTIFICATION_MESSAGE,The clan has reached Lv. [LEVEL].
CLAN_MANAGEMENT,Manage Clan
CLAN_MEMBER,Clan Members
CLAN_MEMBER_COUNT_MAXCOUNT,[Count]/[MaxCount]
CLAN_MEMBER_EXPEL,Kick Member
CLAN_MEMBER_EXPEL_ASK_MSG,<Red>Kick</><Yellow>[Name]</> from the clan?
CLAN_MEMBER_GRADE,Clan Member Rank
CLAN_MEMBER_GRADE_ADD_DESC,Add a clan member rank.
CLAN_MEMBER_GRADE_ADD_TITLE,Add Rank
CLAN_MEMBER_GRADE_CAPTAIN,Deputy Clan Leader
CLAN_MEMBER_GRADE_CHANGE,Edit Rank
CLAN_MEMBER_GRADE_CHANGE_NOTIFICATION,[Name] has been assigned as [Grade].
CLAN_MEMBER_GRADE_DELETE,Delete Rank
CLAN_MEMBER_GRADE_DELETE_WARNING_DESC,"Deleting this rank is permanent. All members in this rank will be moved to the default rank.
Proceed?"
CLAN_MEMBER_GRADE_DELETE_WARNING_TITLE,Rank Deletion Warning
CLAN_MEMBER_GRADE_EDIT_DESC,Edit Clan member ranks.
CLAN_MEMBER_GRADE_EDIT_TITLE,Edit Rank
CLAN_MEMBER_GRADE_INSPECTER_PARENTHESIS,(Thanks)
CLAN_MEMBER_GRADE_MASTER,Clan Leader
CLAN_MEMBER_GRADE_MASTER_CHANGE_ASK_MSG,Appoint <Yellow>[Name]</> as the new Clan Leader?
CLAN_MEMBER_GRADE_MEMBER,Clan Members
CLAN_MEMBER_GRADE_NAME_CHANGE,Edit Rank Name
CLAN_MEMBER_GRADE_NAME_DUPLICATE_WARNING_MSG,This rank name is already in use.
CLAN_MEMBER_GRADE_SELECT,Select a rank.
CLAN_MEMBER_LIST,Clan Member List
CLAN_MEMBER_LIST_SORT_ACCESS,By Login
CLAN_MEMBER_LIST_SORT_BATTLE_SCORE,By Combat Power
CLAN_MEMBER_LIST_SORT_CONTRIBUTION_WEEKLY,By Contribution
CLAN_MEMBER_LIST_SORT_GRADE,Default Sort
CLAN_MEMBER_NAME_GENERATION_RULE,Enter a name for the rank to create.
CLAN_MEMBER_RANK_CHANGE,Change Rank
CLAN_MEMBER_RANK_NAME_INPUT_ERROR,"Rank names must be 1–8 characters long using Korean, English, or numbers. Spaces and special characters are not allowed."
CLAN_NAME,Clan Name
CLAN_NAME_GENERATION_RULE,Enter the name of your new clan.
CLAN_NAME_MISMATCH,The name entered does not match the clan name.
CLAN_NEED_PERMISSION,Available for [Name] rank and above
CLAN_NEXT_WEEK_INSPECTOR,Next Auditor
CLAN_NO_JOIN_INVITE,No adventurers have been invited.
CLAN_NO_JOIN_REQUEST,No adventurers have applied to join.
CLAN_NO_JOINED,No Clan Affiliation
CLAN_NO_MEMBER,No Clan members
CLAN_NOTICE,Clan Announcement
CLAN_NOTICE_GENERATION_RULE,Enter a clan announcement (max 90 characters).
CLAN_OUT_NOTIFY_SYSTEM_MSG,[Name] has left the clan.
CLAN_OUT_SYSTEM_MSG,You have left [Name].
CLAN_OWN_ASSETS,Clan Resources Held
CLAN_PERMISSION_MASTER_PERMISSION_REMOVAL_UNAVAILABLE,The clan leader cannot revoke permissions within the clan.
CLAN_PERMISSION_SETTING_COMPLETE,Rank permissions updated.
CLAN_PERSONNEL,Members
CLAN_RAID_CLAN_REWARD_HINT_TEXT,No target to display.
CLAN_RAID_CREATE_CLAN_UNIT,Create Clan Squad
CLAN_RAID_CREATE_CLAN_UNIT_DESC,"You need to be part of a Clan Squad to use this invitation.
Create one now?"
CLAN_RAID_EXIT_CONFIRM_POPUP_MESSAGE,Leave the Angbar Arena?
CLAN_RAID_EXIT_CONFIRM_POPUP_TITLE,Leave Angbar Arena
CLAN_RAID_IN_PROGRESS,Angbar Arena in progress
CLAN_RAID_ITEM_USAGE_NOTIFICATION,A portal has been created to enter the Angbar Arena.
CLAN_RAID_MEMBER_COUNT,[Count] ([OtherClanCount])
CLAN_RAID_MOVE_CONFIRM_MESSAGE,"The Angbar Arena is now open.
Enter now?"
CLAN_RAID_MOVE_CONFIRM_TITLE,Move to Angbar Arena
CLAN_RAID_MOVE_MONOLITH_AREA,Move to Ancient Ruins
CLAN_RAID_MOVE_MONOLITH_AREA_DESC,"Invitations can only be used in the Ancient Ruins.
Go to the nearest ruins?"
CLAN_RAID_PORTAL,Angbar Arena Portal
CLAN_RAID_PORTAL_SPAWN_NOTIFICATION,[Name] has created a portal to enter the Angbar Arena.
CLAN_RAID_REWARD_ACQUIRER_COFFER,(Stored in the Clan Treasury)
CLAN_RAID_UNAVAILABLE_BATTLEFIELD_MONOLITH_IN_PROGRESS,Portals cannot be created during a Monolith War.
CLAN_RANK,Rank [Rank]
CLAN_RECORD_CLAN_TAUNT_SEND_SUCCESS_NOTIFICATION,A taunt message has been sent to the clan.
CLAN_RECORD_MAIL_TAUNT_SEND_SUCCESS_NOTIFICATION,A taunt mail has been sent to the character.
CLAN_RECORD_PERSONAL_TAUNT_SEND_SUCCESS_NOTIFICATION,A taunt message has been sent to the character.
CLAN_RECORD_TAB_ALL,All
CLAN_RECORD_TAB_CONSUMPTION,Spent
CLAN_RECORD_TAB_DISTRIBUTION,Distribution
CLAN_RECORD_TAB_DONATION,Donation
CLAN_RECORD_TAB_SELLING,Sell
CLAN_RECORD_TAB_STORAGE,Store
CLAN_REJOIN_PENALTY_NOTIFY,"Due to the rejoin penalty, you can create or join a clan after [TIME]."
CLAN_REMOVE_ALLIANCE,End Alliance
CLAN_REMOVE_ENEMY,End Hostility
CLAN_REPLICASEED,Replica Seed
CLAN_REQUEST_ALLIANCE,Request Alliance
CLAN_RESEARCH,Clan Research
CLAN_RESEARCH_ACQUIRE,Complete Research
CLAN_RESEARCH_ACQUIRE_COST,Research Cost
CLAN_RESEARCH_ACQUIRE_LOCKED_NOTI,Requirements not met to unlock research.
CLAN_RESEARCH_ACTIVATE_CONFIRM_POPUP_MSG,Activate <Blue>[Name]</>?
CLAN_RESEARCH_ACTIVATE_CONFIRM_POPUP_MSG_SUB,Cost deducted every [Time] while research is active.
CLAN_RESEARCH_ACTIVATE_CONFIRM_POPUP_TITLE,Activate Research
CLAN_RESEARCH_ACTIVATION_UNAVAILABLE_ALREADY_ACTIVE,This research is already active.
CLAN_RESEARCH_DEACTIVATE_CONFIRM_POPUP_MSG,Deactivate <Blue>[Name]</>?
CLAN_RESEARCH_DEACTIVATE_CONFIRM_POPUP_MSG_SUB,"<Red>Remaining active time is preserved, but will not auto-renew.</>"
CLAN_RESEARCH_DEACTIVATE_CONFIRM_POPUP_TITLE,Deactivate Research
CLAN_RESEARCH_EFFECT,Research Effects
CLAN_RESEARCH_EFFECT_GRANTED_ON_ACTIVATION,Effects on Activation
CLAN_RESEARCH_LEVEL,Lv.[Level]
CLAN_RESEARCH_LEVELUP,Additional Research
CLAN_RESEARCH_LEVELUP_COST,Additional Research Cost
CLAN_RESEARCH_LEVELUP_LOCKED_NOTI,Requirements not met for additional research.
CLAN_RESEARCH_LOCKED_REQUIRED_CLAN_LEVEL,Requires <Yellow>Clan Lv. [Level]</>
CLAN_RESEARCH_LOCKED_REQUIRED_ID,Requires<Yellow>[Name]</> Research <Yellow>Lv. [Level]</>
CLAN_RESEARCH_MAX_LEVEL_NOTI,No further research available.
CLAN_RESEARCH_NO_CURRENT_EFFECT,Research Not Completed (No Effects)
CLAN_RESEARCH_OPERATION_EFFECT,Research Stats Effects
CLAN_RESEARCH_SYSTEM_MSG_DEACTIVATE_INSUFFICIENT_COST,[Name] has been deactivated due to insufficient activation cost.
CLAN_RESEARCH_SYSTEM_MSG_TOGGLE_ACTIVATE,[Name] has been activated.
CLAN_RESEARCH_SYSTEM_MSG_TOGGLE_AUTO_ACTIVATE,Active research auto-renewal has started.
CLAN_RESEARCH_SYSTEM_MSG_TOGGLE_AUTO_DEACTIVATE,Active research auto-renewal has stopped.
CLAN_RESEARCH_SYSTEM_MSG_TOGGLE_DEACTIVATE,[Name] has been deactivated.
CLAN_RESEARCH_TOGGLE_ACTIVATE,Activate
CLAN_RESEARCH_TOGGLE_ACTIVATE_COST,Activation Cost
CLAN_RESEARCH_TOGGLE_ACTIVATE_LEFT_TIME,[Time] Left
CLAN_RESEARCH_TOGGLE_AUTO_ACTIVATE,Auto-Renewal
CLAN_RESEARCH_TOGGLE_DEACTIVATE,Deactivate
CLAN_RESEARCH_TYPE_PASSIVE,Maintenance Type
CLAN_RESEARCH_TYPE_TOGGLE,Active Type
CLAN_REVIVE_CAMP_DECAYED_TIME,([hh]:[mm]:[ss])
CLAN_REVIVE_CAMP_DESTRUCTION_DESC,"Your Clan Beacon is already deployed. Replacing it will destroy the existing one.
Use item?"
CLAN_REVIVE_CAMP_NOTIFY_ATTACKED,Your Clan Beacon is under attack.
CLAN_REVIVE_CAMP_NOTIFY_DECAYED,Your Clan Beacon has expired.
CLAN_REVIVE_CAMP_NOTIFY_DESTROYED,Your Clan Beacon has been destroyed.
CLAN_REVIVE_CAMP_NOTIFY_INSTALLATION,Clan Beacon deployed.
CLAN_REVIVE_CAMP_NOTIFY_RELOCATION,Clan Beacon relocated.
CLAN_REVIVEPOINT_NOT_SYSTEM_MSG,No Clan Beacon deployed
CLAN_SEARCH,Search Clan
CLAN_SEARCH_INPUT_HINT_TEXT,Enter Clan Name
CLAN_SHOP_ADD_SHOP_ITEM,Shop: Additional Items
CLAN_TAB_COFFER,Treasury
CLAN_TAB_DIPLOMACY,Diplomacy
CLAN_TAB_DONATE,Donation
CLAN_TAB_INFO,Info
CLAN_TAB_MEMBER,Clan Members
CLAN_TAB_RESEARCH,Research
CLAN_TAB_TRADE,Trade
CLAN_TAB_UNIT,Squad
CLAN_TOTAL_CONTRIBUTION,Cumulative Contribution
CLAN_TREASURER,Resource Manager
CLAN_UI_DISPLAY_MUTUAL_HOSTILITY,"Mutual Hostility 
([TIME])"
CLAN_UI_DISPLAY_ONESIDED_HOSTILITY,"One-Sided Hostility 
([TIME])"
CLAN_UI_UNAVAILABLE_IN_TRIAL_GATE_PARTY,Unavailable in Co-Op Trial Gates.
CLAN_UNIT_DISTRIBUTION_COFFERS_TIP,"Clan Stash loot only applies to Bosses.
Rewards for other monsters are distributed based on contribution."
CLAN_UNIT_JOIN_PARTY_LEFT,Left the party automatically to join the Clan Squad.
CLAN_UNIT_SETTINGS,Squad Objectives & Loot Distribution
CLAN_UNIT_TO_SOMEONE,[Name]‘s Clan Squad
CLAN_UNIT_UNAVAILABLE_WORLD_TYPE,Clan Squad features are limited in this world.
CLAN_UNIT_DISPERSE_MSG,Force-disband the clan squad?
CLAN_VIEW_GRADE_PERMISSION,Edit Rank Permissions
CLAN_WEEKLY_ACTIVITY_SCORE_PARENTHESES,[Value]
CLAN_WEEKLY_CONTRIBUTION,Weekly Contribution
CLAN_WITHDRAW,Leave Clan
CLAN_WITHDRAW_AND_DISBAND,Leave & Disband
CLAN_WITHDRAW_WARNING_MESSAGE,"Leaving the clan will cancel all benefits and reset your cumulative contribution.
Are you sure you want to leave?
※ You will be restricted from joining another clan for 24 hours."
CLANBOSSRAIDPORTAL_PANEL_INSTALLERINFO_DESC,[ClanName]'s Clan Beacon
CLANUNIT_ASEEMBLYPOINT_CHANGE,Set Rally Point
CLANUNIT_ASEEMBLYPOINT_MOVE,Move to Rally Point
CLANUNIT_ASSEMBLYPOINT_CHANGE_MSG,Rally point changed.
CLANUNIT_ASSEMBLYPOINT_CHANGE_SYSTEM_MSG,Rally point changed.
CLANUNIT_ASSEMBLYPOINT_ERROR_SYSTEM_MSG,Invalid location for rally point.
CLANUNIT_ASSEMBLYPOINT_NOT_SYSTEM_MSG,No rally point set.
CLANUNIT_ASSEMBLYPOINT_SET_MSG,Rally point set.
CLANUNIT_CREATE,Create Clan Squad
CLANUNIT_CREATE_CHAT_MSG,[Name] has created a clan squad.
CLANUNIT_CREATE_PARTYOUT_MSG,"Creating a clan squad will automatically remove you from your party.
Proceed?"
CLANUNIT_CREATE_SYSTEM_MSG,Clan squad created.
CLANUNIT_DELEGATION,Assign Squad Leader
CLANUNIT_DISPERSE,Disband
CLANUNIT_DISPERSE_CONFIRM_MSG,Disband the clan squad?
CLANUNIT_DISPERSE_MSG,Clan squad disbanded.
CLANUNIT_DISPERSE_SYSTEM_MSG,Clan squad disbanded.
CLANUNIT_DISTRIBUTION,Loot Distribution
CLANUNIT_DISTRIBUTION_CHANGE_CHAT_MSG,Loot distribution changed to [Param].
CLANUNIT_DISTRIBUTION_CHANGE_SYSTEM_MSG,Loot distribution changed to [Param].
CLANUNIT_DUPLICATION_JOIN_MSG,"Already in a clan squad.
You cannot join another."
CLANUNIT_INVITE,Invite
CLANUNIT_INVITE_MSG,[Name] has invited you to a clan squad.
CLANUNIT_INVITE_PROGRESS_SYSTEM_MSG,Already invited member.
CLANUNIT_INVITE_REJECT_MSG,Clan squad invitation declined.
CLANUNIT_INVITE_REJECT_SYSTEM_MSG,[Name] has declined the clan squad invitation.
CLANUNIT_INVITE_SYSTEM_MSG,Invited [Name] to the clan squad.
CLANUNIT_JOIN,Join Application
CLANUNIT_JOIN_CHAT_MSG,[Name] has joined the clan squad.
CLANUNIT_JOIN_SYSTEM_MSG,Joined the clan squad.
CLANUNIT_KICKOUT,Kick
CLANUNIT_KICKOUT_CHAT_MSG,[Name] has been kicked from the clan squad.
CLANUNIT_KICKOUT_SYSTEM_MSG,Kicked from the clan squad.
CLANUNIT_LABEL_DISTRIBUTION,Distribution Method
CLANUNIT_LABEL_JOIN,Join
CLANUNIT_LABEL_MASTER,Squad Leader
CLANUNIT_LABEL_MEMBER,Members
CLANUNIT_LABEL_TARGET,Squad Objectives
CLANUNIT_LIST_REFRESH,Atualizar lista
CLANUNIT_LOCATION_MARK_CHANGE_MSG,Squad Location Marker updated.
CLANUNIT_LOCATION_MARK_SET_MSG,Squad Location Marker set.
CLANUNIT_MAP_ASSEMBLYPOINT,Set Rally Point
CLANUNIT_MAP_MARK,Location Marker
CLANUNIT_MAP_MARK_DELETE,Remove Location Marker
CLANUNIT_MARK,Location Marker
CLANUNIT_MARSTER_CHAT_OFF_MSG,Squad Leader Chat disabled.
CLANUNIT_MARSTER_CHAT_ON_MSG,Squad Leader Chat enabled.
CLANUNIT_MASTER,Fireteam Leader
CLANUNIT_MASTER_CHANGE_CHAT_MSG,[Name] is now the Squad Leader.
CLANUNIT_MASTER_CHANGE_SYSTEM_MSG,[Name] is now the Squad Leader.
CLANUNIT_MEMBER,Squad Member
CLANUNIT_MEMBER_SLOT_EDIT,Edit Member Location
CLANUNIT_NO_LIST,No squad created.
CLANUNIT_OUT,Leave
CLANUNIT_OUT_CHAT_MSG,[Name] has left the clan squad.
CLANUNIT_OUT_MASTER_MSG,"Leave Clan Squad?
A new Squad Leader will be assigned automatically."
CLANUNIT_OUT_MSG,Leave the clan squad?
CLANUNIT_OUT_SYSTEM_MSG,You have left the clan squad.
CLANUNIT_PARTYOUT_MSG,"Joining a clan squad will automatically remove you from your party.
Join?"
CLANUNIT_POPUP_TIP,"Objectives: [Param1]  Distribution: [Param2], [Param3]"
CLANUNIT_READY_CHECK,Request Ready
CLANUNIT_READY_CHECK_NO,Not Ready
CLANUNIT_READY_CHECK_OK,Ready
CLANUNIT_READY_COMPLETE,Squad Member [Name] Ready
CLANUNIT_READYCHECK_MEMBER_EMPTY,No squad members.
CLANUNIT_READYCHECK_MSG,"Squad Leader’s ready check in progress.
Are you ready?

Unresponsive members will be set to Not Ready."
CLANUNIT_READYCHECK_SUB_MSG,Unresponsive members will be set to Not Ready.
CLANUNIT_READYCHECK_WAIT,Cooldown
CLANUNIT_REQUEST_READYCHECK,Ready check request sent to squad members.
CLANUNIT_REWARD_CLAN,Clan Treasury Loot
CLANUNIT_REWARD_CLAN_DESC,Deposits rewards of the selected grade or higher into the Clan Treasury.
CLANUNIT_REWARD_CONTRIBUTION,Contribution
CLANUNIT_REWARD_CONTRIBUTION_DESC,Rewards are distributed to squad members based on their contribution.
CLANUNIT_REWARD_GRADE,([Grade] or higher)
CLANUNIT_REWARD_RANDOM,Random
CLANUNIT_REWARD_RANDOM_DESC,Distributes rewards to randomly selected squad members.
CLANUNIT_SETTING,Squad Settings
CLANUNIT_SQUAD_CHANGE_SYSTEM_MSG,You have been moved to Fireteam [Param].
CLANUNIT_SQUAD_INDEX,[Param1]
CLANUNIT_SQUAD_MASTER_CHANGE_SYSTEM_MSG,[Name] is now the Fireteam Leader.
CLANUNIT_TARGET,Targeting
CLANUNIT_TARGET_MARK_CHANGE_MSG,Target mark updated.
CLANUNIT_TARGET_MARK_SET_MSG,Target mark set.
CLANUNIT_TITLE,Clan Squad
CLANUNIT_UNABLE_CREATE_PARTY_MSG,Cannot create a party while in a Clan squad.
CLANUNIT_UNABLE_JOIN_PARTY_MSG,Cannot join a party while in a Clan squad.
CLANUNIT_WITHDRAW_MSG,Left the Clan squad.
CLANUNIT_WITHDRAW_NOTIFY_MSG,[Name] has left the Clan squad.
CLASS_INFO_BASIC_TIP,Base Advancement level.
CLASS_INFO_BATTLESTANCE_EXPERT,Specialized
CLASS_INFO_BATTLESTANCE_EXPERT_DESC_CLASS_1,A defensive stance. Reduces damage taken and controls target’s movement by pulling or taunting.
CLASS_INFO_BATTLESTANCE_EXPERT_DESC_CLASS_2,A support stance. Temporarily boosts stats.
CLASS_INFO_BATTLESTANCE_EXPERT_DESC_CLASS_3,A healing stance. Restores allies' HP to improve survival.
CLASS_INFO_BATTLESTANCE_EXPERT_DESC_CLASS_4,A PVP stance. Delivers lethal strikes to targets and grants Stealth to remain hidden.
CLASS_INFO_BATTLESTANCE_EXPERT_DESC_CLASS_5,A CC stance. Subdues enemies with crowd control and knockbacks to keep them at bay.
CLASS_INFO_BATTLESTANCE_NORMAL,Attack
CLASS_INFO_BATTLESTANCE_NORMAL_DESC_CLASS_1,Wields a greatsword. A melee class that charges into battle against enemies.
CLASS_INFO_BATTLESTANCE_NORMAL_DESC_CLASS_2,Wields a staff. A ranged class that deals magic damage.
CLASS_INFO_BATTLESTANCE_NORMAL_DESC_CLASS_3,Wields magic orbs. A ranged class that fights with magic orbs.
CLASS_INFO_BATTLESTANCE_NORMAL_DESC_CLASS_4,Wields assassin daggers. A melee class that makes swift attacks against enemies.
CLASS_INFO_BATTLESTANCE_NORMAL_DESC_CLASS_5,Attacks enemies with a bow. This ranged class deals damage to distant targets.
CLASS_INFO_BENEFIT_INFO,Advancement Benefits
CLASS_INFO_BENEFIT_SKILL,Unlock new skills
CLASS_INFO_BENEFIT_STAT,Boost stats
CLASS_INFO_BENEFIT_UPGRADE,Learn Specializeds
CLASS_INFO_CLASSRANK_CONDITION,Advancement Requirements
CLASS_INFO_CLASSRANK_CONDITION_ERROR_SYSTEM_MSG_0,Complete the previous advancement first.
CLASS_INFO_CLASSRANK_CONDITION_ERROR_SYSTEM_MSG_1,Insufficient level for advancement.
CLASS_INFO_CLASSRANK_CONDITION_ERROR_SYSTEM_MSG_2,[QuestName]Quest not completed
CLASS_INFO_CLASSRANK_CONDITION_ERROR_SYSTEM_MSG_3,Insufficient items: [ItemName]
CLASS_INFO_CLASSRANK_MATERIAL,Advancement Materials
CLASS_INFO_CLASSRANK_STAT,Stats
CLASS_INFO_CLASSRANK_UPGRADE_FINISH,Advancement completed.
CLASS_MAINMENU,Classe
CLASS_UPGRADE_CONDITION_ITEM,[ItemName] ([Count]/[MaxCount])
CLASS_UPGRADE_CONDITION_LEVEL,[Level] Reach ([Count]/[MaxCount])
CLASS_UPGRADE_CONDITION_QUSET,Clear [QuestName] ([Count]/[MaxCount])
COLLECTION_ACQUIRE_STATUS,Research Achievement Effects
COLLECTION_ACQUIRE_STATUS_NOTHING,No stats are granted.
COLLECTION_ALREADY_ALLHAVE,No items to buy in bulk.
COLLECTION_ALREADY_ALLREGIST,No items to buy in bulk.
COLLECTION_APPLY_ITEM_NOTHING,No items to register.
COLLECTION_APPLY_STATUS_DESC,Effects Applied
COLLECTION_DETAIL_EXPIRE,Research period has expired. The following research can no longer be conducted.
COLLECTION_DETAIL_RESET,Research renewed. The following research information are reset.
COLLECTION_FILTER_CATEGORY_ALL,All Stats
COLLECTION_FILTER_CATEGORY_ATTACK,Attack Stats
COLLECTION_FILTER_CATEGORY_DEFENSE,Defense Stats
COLLECTION_FILTER_CATEGORY_ETC,Support Stats
COLLECTION_FILTER_CATEGORY_SEARCH,Search
COLLECTION_NONE_STAT,No owned effects applied.
COLLECTION_RESEARCH_ACHIEVE,Number of Research Achieved
COLLECTION_RESEARCH_ACHIEVE_DISTRICT,Realm Research Achieved
COLLECTION_RESEARCH_ACHIEVE_STAR,Research Achieved
COLLECTION_RESEARCH_ACHIEVE_TITLE_POINT,[Value] achieved
COLLECTION_RESEARCH_APPLY_ITEM_NOTHING,No items eligible for research registration.
COLLECTION_RESEARCH_COUNT,Research [CurrentValue]/[Value]:
COLLECTION_RESEARCH_ITEM_ALREADY_APPLY,Registration complete
COLLECTION_RESEARCH_ITEM_INFO_ENHANCE_TITLE,+[Value] [Name]
COLLECTION_RESEARCH_ITEM_NOTHING,No items are available for research.
COLLECTION_STAT_EXPIRE,Research period expired. The following effects will be removed.
COLLECTION_STAT_RESET,Research period renewed. The following effects are reset.
COMBINE_ATONCE_BLESSING_LACK,Insufficient Grace of the constellations Card for batch fuse.
COMBINE_ATONCE_COSTUME_LACK,Insufficient costumes for batch fuse.
COMBINE_ATONCE_NEEDOPEN_MSG,There are still items left to check.
COMBINE_ATONCE_PHANTOMWEAPON_LACK,Insufficient Phantom Weapons for batch fuse.
COMBINE_ATONCE_POPUP_DESC_BLESSING,"Fuse all low-star cards?
All items below <Red>[Grade] stars will be batch fused.</>"
COMBINE_ATONCE_POPUP_DESC_COSTUME,"Fuse all low-star costumes?
All items below <Red>[Grade] stars will be batch fused.</>"
COMBINE_ATONCE_POPUP_DESC_PHANTOMWEAPON,"Fuse all low-star Phantom Weapons?
All items below <Red>[Grade] stars will be batch fused.</>"
COMBINE_ATONCE_POPUP_DESC_SUB,All items below <Red>[Grade] stars will be batch fused.</>
COMBINE_ATONCE_RESULT_SKIP_MSG,Animations are skipped during low-star batch fuse.
COMBINE_ATONCE_SLOT_MSG,All material slots must be cleared first.
COMBINE_ATONCE_RESULT_TITLE,Batch Fuse Results
COMMISSIONQUEST_ACCEPT_DESC,Accept
COMMISSIONQUEST_CANCEL_DESC,Abandon Commission
COMMISSIONQUEST_CANNOTACCEPT_DAILY_MSG,All Daily Commissions completed.
COMMISSIONQUEST_CANNOTACCEPT_WEEKLY_MSG,All Weekly Commissions completed.
COMMISSIONQUEST_CLIENT_DESC,Commissioner
COMMISSIONQUEST_COMPLETABLE_DESC,Rewards Available
COMMISSIONQUEST_COMPLETECOUNT_DAILY_DESC,Tentativas de comissão diária
COMMISSIONQUEST_COMPLETECOUNT_WEEKLY_DESC,Tentativas de comissão semanal
COMMISSIONQUEST_COMPLETECOUNTADD_BUTTON_DESC,Refill Attempts
COMMISSIONQUEST_COMPLETECOUNTADD_CONFIRM_MSG,Would you like to renew using [AssetName]?{jstag:}
COMMISSIONQUEST_COMPLETECOUNTADD_DAILY_ERROR_MSG,Refill limit reached.
COMMISSIONQUEST_COMPLETECOUNTADD_DAILY_LIMITCOUNT,Daily Refill ([Value1]/[Value2])
COMMISSIONQUEST_COMPLETECOUNTADD_DAILY_MSG,Daily Commission attempts refilled by [Count].
COMMISSIONQUEST_COMPLETECOUNTADD_DAILY_TITLE,Refill Daily Commission
COMMISSIONQUEST_COMPLETECOUNTADD_DESC,"Use [AssetName]{jstag:} to refill
 commission attempts."
COMMISSIONQUEST_COMPLETECOUNTADD_WEEKLY_ERROR_MSG,Refill limit reached.
COMMISSIONQUEST_COMPLETECOUNTADD_WEEKLY_LIMITCOUNT,Weekly Refill ([Value1]/[Value2])
COMMISSIONQUEST_COMPLETECOUNTADD_WEEKLY_MSG,Weekly Commission attempts refilled by [Count].
COMMISSIONQUEST_COMPLETECOUNTADD_WEEKLY_TITLE,Refill Weekly Commission
COMMISSIONQUEST_COMPLETECOUNTADDLOCKED_NOASSET,Insufficiant [AssetName] to refill.{jstag:}
COMMISSIONQUEST_COMPLETECOUNTEND_DESC_DAILY,All Daily Commissions completed.
COMMISSIONQUEST_COMPLETECOUNTEND_DESC_WEEKLY,All Weekly Commissions completed.
COMMISSIONQUEST_COUNT_CHARGE_MSG,Refill limit reached.
COMMISSIONQUEST_DAILYCOUNT_CHARGING_GUIDE_MSG,"[Daily Commission Refill Rules]
- The base attempts refresh <Yellow>[Value1] time(s)</> <Yellow>daily at 4:00 a.m</>.
- Use <Yellow>Daily Commission Refill Contracts to add extra attempts</>.
- Contracts can be used up to <Yellow>[Value2] time(s)</> per day. Total attempts cannot exceed <Yellow>[MaxCount]</>.
- Base attempts are consumed first.
- The commission list resets upon leveling up."
COMMISSIONQUEST_DAILYCOUNT_CHARGING_GUIDE_TITLE,"[Daily Commission Attempts]
Base <Yellow>[Value1]</> time(s) / Refill  <Yellow>[Value2]</> time(s) (Max [MaxCount])
Up to <Yellow>10</> active commissions are allowed at once including refills."
COMMISSIONQUEST_DESC,Comissão
COMMISSIONQUEST_FREECOUNT_DESC,Base Attempts
COMMISSIONQUEST_GOAL_DESC,Commission Objectives
COMMISSIONQUEST_MAXACCEPTCOUNT_MSG,Cannot accept any more commissions.
COMMISSIONQUEST_NO_LIST_DESC,"No commissions available here.
Visit a Commission House in another area."
COMMISSIONQUEST_NOT_AVAILABLE,No more commissions available at this level.
COMMISSIONQUEST_NOTENOUGH_QUEST_COUNT,Cannot accept any more commissions.
COMMISSIONQUEST_PAIDCOUNT_DESC,Refill Attempts
COMMISSIONQUEST_PROGRESSCOUNT_DESC,Comissões ativas
COMMISSIONQUEST_QUESTACCEPT_ERROR1_MSG,Commissions renewed following the reset. Please check again.
COMMISSIONQUEST_QUESTACCEPT_MSG,Accepted commission: [QuestName].
COMMISSIONQUEST_QUESTCANCEL_MSG,Abandoned commission: [QuestName].
COMMISSIONQUEST_QUESTGRADE_GRADE1,Grade 1 Commission
COMMISSIONQUEST_QUESTGRADE_GRADE2,Grade 2 Commission
COMMISSIONQUEST_QUESTGRADE_GRADE3,Grade 3 Commission
COMMISSIONQUEST_QUESTINFO_TITLE_DESC,Commission Details
COMMISSIONQUEST_QUESTLISTREFRESH_ERROR1_MSG,Commissions renewed following the reset.
COMMISSIONQUEST_QUESTLISTREFRESH_MSG,Commission list updated.
COMMISSIONQUEST_QUESTSELECTED_NONE_DESC,No commission selected.
COMMISSIONQUEST_REFRESHLOCKED_NOASSET,Insufficient [AssetName] to refresh.{jstag:}
COMMISSIONQUEST_RENEW_NO,No commissions to renew.
COMMISSIONQUEST_REWARD_DESC,Recompensa de conclusão
COMMISSIONQUEST_TITLE,Casa de Comissões
COMMISSIONQUEST_UNTIL_REFRESH_DAILY,Until commission reset
COMMISSIONQUEST_UNTIL_REFRESH_WEEKLY,Until commission reset
COMMISSIONQUEST_UNTILRESET_DESC,Until base reset
COMMISSIONQUEST_WEEKLYCOUNT_CHARGING_GUIDE_MSG,"[Weekly Commission Refill Rules]
- The base attempts refresh <Yellow>[Value1] time(s)</> <Yellow>every Monday at 4:00 a.m</>.
- Use <Yellow>Weekly Commission Refill Contracts to add extra attempts</>.
- Contracts can be used up to <Yellow>[Value2] time(s)</> per day. Total attempts cannot exceed <Yellow>[MaxCount]</>.
- Base attempts are consumed first.
- The commission list resets upon leveling up."
COMMISSIONQUEST_WEEKLYCOUNT_CHARGING_GUIDE_TITLE,"[Weekly Commission Attempts]
Base <Yellow>[Value1]</> time(s) / Refill <Yellow>[Value2]</> time(s) (Max [MaxCount])
Up to <Yellow>10</> active commissions are allowed at once including refills."
COMMISSIONQUEST_TAB_DAILY,Diárias
COMMISSIONQUEST_TAB_WEEKLY,Semanais
COMMOM_ACCEPTANCE_PENDING,Pending
COMMOM_ALREADY_REGISTERED,Registration complete
COMMON_+,+
COMMON_ACCEPT,Aceitar
COMMON_ACCOUNT_LINK,Link Account
COMMON_ACHIEVEMENT,Trophy
COMMON_ACHIEVERECORD_PERCENT,[Value]%
COMMON_ACQUIRE_ALL,Receive All
COMMON_ACQUIRE_INFO,Obtained From
COMMON_ACQUIRED_REWARD,My Rewards
COMMON_ACTIVATE,Activate
COMMON_ADD,Add
COMMON_ADD_CLAN_GRADE,Add Rank
COMMON_ADD_VALUE,+[Value]
COMMON_AGREE,Agree
COMMON_AID,Support
COMMON_ALGORITHM,Algorithm
COMMON_ALGORITHM_SECTORINVASION,Ruler's Grand Incursion
COMMON_ALL,Todos
COMMON_ALL_APPLY,Batch Register
COMMON_ALL_ASSETS,All Resources
COMMON_ALL_BUY,Purchase All
COMMON_ALLIANCE_CLAN,Allied Clans
COMMON_ALLY,Allies
COMMON_ALREADY_ENTER,Cannot move to the same region.
COMMON_AMOUNT,Quantity
COMMON_APPROVE,Agree
COMMON_ASSET_DIAMOND,Diamond
COMMON_ASSET_GOLD,Gold
COMMON_ASSET_HOLDINGAMOUNT,Current amount [Value] / [MaxValue]
COMMON_ASSET_MAXVALUE_WARNING,"Resource limit reached. Only a portion can be collected. Are you sure you want to proceed?
<Red>Any excess will be discarded.</>"
COMMON_ASSET_SHORTAGE,Insufficient resources.
COMMON_ASSIST,Assist
COMMON_ASSOCIATION,Affiliation
COMMON_AUCTION_REGISTER,Post to Market
COMMON_AUTODIALOG,Auto-Progress
COMMON_AUTOUSE,Auto-Use
COMMON_BAR,--
COMMON_BATTLE_RECORD,Battle Log
COMMON_BATTLE_SCORE,By Combat Power
COMMON_BATTLEFIELD_MONOLITH,Monolith War
COMMON_BATTLEFIELD_MONOLITH_SCHEDULE,Monolith War Schedule
COMMON_BENEFIT,Benefits
COMMON_BIDDING,Bid
COMMON_BIND_CHARACTER,Bound
COMMON_BIND_CHARACTER_PARENTHESES,(Bound)
COMMON_BIND_CHARACTER_WHEN_EQUIPPED,Equipped Character
COMMON_BIND_UNBIND,Unbound
COMMON_BIND_USER,Unbound
COMMON_BIND_USER_PARENTHESES,(Unbound)
COMMON_BIND_USER_WHEN_EQUIPPED,Equipped Server
COMMON_BLOCK,Block
COMMON_BOSS,Boss
COMMON_BOSSINFO,Boss Info
COMMON_BTN_LATER,Later
COMMON_BTN_LEVELDOWN1,Lv.-1
COMMON_BTN_LEVELUP1,Lv.+1
COMMON_BUFF_BUY,Purchase Buff
COMMON_BUFF_SALE_AMOUNT,Buff Sale Price
COMMON_BUFFCARD_TITLE,Select Architect's Blessing
COMMON_BUTTON_REFRESH_COOLDOWN,Cannot be updated yet.
COMMON_BUY,Purchase
COMMON_BUY_AMOUNT,Purchase Price
COMMON_BUY_MOVE,Purchase Transfer
COMMON_BUY_TIME,Purchase Time
COMMON_BUYER,Buyer
COMMON_CALCULATOR_BACK,←
COMMON_CALCULATOR_C,C
COMMON_CALCULATOR_MAX,Max
COMMON_CALCULATOR_MIN,Min
COMMON_CALCULATOR_TITLE,Enter Quantity
COMMON_CANCEL,Cancelar
COMMON_CANCEL_INVITE,Cancel Invitation
COMMON_CHARACTER_CREATE,Criar personagem
COMMON_CHARACTER_DEL,Excluir personagem
COMMON_CHARACTER_DEL_CANCEL,Cancel Character Deletion
COMMON_CHARACTER_INFO,Character Info
COMMON_CHARACTER_LEVEL,Lv.[Level]
COMMON_CHARACTER_SELECT,Selecionar personagem
COMMON_CLAN,Clan
COMMON_CLAN_JOIN,Join Clan
COMMON_CLAN_LEVEL,Lv.[Level]
COMMON_CLAN_MEMBER,Clan Members
COMMON_CLAN_NAME,Clan Name
COMMON_CLAN_REWARD,Clan Rewards
COMMON_CLAN_TREASURER,Clan Treasurer
COMMON_CLANUNIT,Clan Squad
COMMON_CLASS,Classe
COMMON_CLASS_ALL,All Classes
COMMON_CLASS_ASSASSIN,Assassin
COMMON_CLASS_BATTLEPRIEST,Battle Priest
COMMON_CLASS_HUNTER,Hunter
COMMON_CLASS_MAGE,Mage
COMMON_CLASS_NAME,[Class]
COMMON_CLASS_WARRIOR,Warrior
COMMON_CLOSE,Fechar
COMMON_COLON_TIME_HH_MM,[hh]:[mm]
COMMON_COLON_TIME_HH_MM_SS,[hh]:[mm]:[ss]
COMMON_COLON_TIME_MM_DD,[MM].[dd]
COMMON_COLON_TIME_MM_SS,[mm]:[ss]
COMMON_COLOR_BLUE,<Blue>[Text]</>
COMMON_COLOR_GREEN,<Green>[Text]</>
COMMON_COMBATPOWER_WARNING_MSG,"This location is too dangerous for your level.
Enter anyway?"
COMMON_COMBATPOWERSTANDARD,Required Combat Power
COMMON_COMBINATION_GRADE,[Grade]-Star
COMMON_COMBINE,Fuse
COMMON_COMPLETABLE,Available
COMMON_COMPLETE,Concluído
COMMON_COMPLETE_STEP_TITLE,Progress Level
COMMON_COMPLETED,Concluído
COMMON_COMPOSE_CHANGE_CONFIRM_DESC,Proceed with [Name]?{jstag:}
COMMON_COMPOSE_CHANGE_CONFIRM_TITLE,Exchange
COMMON_COMPOSE_GRADE1,<Grade1>1-star</>
COMMON_COMPOSE_GRADE2,<Grade2>2-star</>
COMMON_COMPOSE_GRADE3,<Grade3>3-star</>
COMMON_COMPOSE_GRADE4,<Grade4>4-star</>
COMMON_COMPOSE_GRADE5,<Grade5>5-star</>
COMMON_COMPOSE_GRADE6,<Grade6>6-star</>
COMMON_CONNECT_LABEL,Online
COMMON_CONNECTING,Online
COMMON_CONNECT_NONCONNECT,Offline AI Mode
COMMON_CONSUMPTION_COST,Cost
COMMON_CONSUMPTION_MATERIAL,Consumed Materials
COMMON_CONTINUE,Continuar
COMMON_CONTROLLING,Controlling the device
COMMON_COSTUME_COMBINE,Fuse
COMMON_COSTUME_GROUP,Bind
COMMON_COSTUMEACQUISITION,Get Costume
COMMON_COUNT,[Count] pcs
COMMON_COUNT_1,First
COMMON_COUNT_2,Second
COMMON_COUNT_3,Third
COMMON_COUNT_CASH,[Count] Diamond
COMMON_COUNT_EXP,[Count] EXP
COMMON_COUNT_GET,[Count] Obtained
COMMON_COUNT_GET_POSSIBLE,Can acquire [Count]
COMMON_COUNT_GOLD,[Count] Gold
COMMON_COUNT_LABEL,Time(s)
COMMON_COUNT_LESS_SELECT_MSG,Insufficient resources. Automatically set to minimum.
COMMON_COUNT_LIMIT,Remaining Attempts
COMMON_COUNT_LIMIT_DAILY,Daily Attempts
COMMON_COUNT_LIMIT_MONTHLY,Monthly Attempts
COMMON_COUNT_LIMIT_SEASON,Seasonal Attempts
COMMON_COUNT_LIMIT_WEEK,Weekly Attempts
COMMON_COUNT_LOWER_SYMBOL,x[Count]
COMMON_COUNT_MAX,[Count]/[MaxCount]
COMMON_COUNT_MAX_LOWER_SYMBOL,x[Count]/[MaxCount]
COMMON_COUNT_MAX_RED,<Red>[Count]</>/[MaxCount]
COMMON_COUNT_MAX2,[Count] / [MaxCount]
COMMON_COUNT_MULTIPLE,X [Count]
COMMON_COUNT_OVER_SELECT_MSG,Insufficient resources. Automatically set to maximum.
COMMON_COUNT_SELECT,Select Quantity
COMMON_COUNT_SELECT_DESC,Select quantity to use.
COMMON_COUNT_SELECT_EXCHANGE_DESC,Select quantity to exchange.
COMMON_COUNT_SELECT_MSG,Select Quantity.
COMMON_COUNT_SELECT_STROAGE_DESC,Select quantity to withdraw.
COMMON_COUNT_SELECT_TAKEOUT_DESC,Select quantity to store.
COMMON_COUNT_UPPPER_SYMBOL,X[Count]
COMMON_COUNT_VALUE,[Count] time(s)
COMMON_COUNT_X1,x1
COMMON_CREATE,Criar
COMMON_CURRENT_ASSET,Owned Resources
COMMON_CURRENTSTATUS,Current Status
COMMON_CUSTOMIZE_RESET_TITLE,Check Reset
COMMON_CUSTOMIZE_SELECT,Personalizar
COMMON_DAMAGE_METER,Participation Score Board
COMMON_DAY_MONTH,[M](MM) [d](DD)
COMMON_DDHH,[d] day(s) [h] hr(s)
COMMON_DDHHMM,[d] day(s) [h] hr(s) [m] min(s)
COMMON_DEATH,Death
COMMON_DEL_LABEL,Delete
COMMON_DELETE,Excluir
COMMON_DESOLATE_LANDS,Abandoned Land
COMMON_DIFFICULTY,Difficulty
COMMON_DIFFICULTY_HARD_AREA_WARNING,This is a high-difficulty area. We recommend moving to a safer area.
COMMON_DIRECTMOVE,Atalho
COMMON_DIRECTMOVE_CRAFT,Craft Shortcut
COMMON_DISAGREE,Opposite
COMMON_DISBAND,Disband
COMMON_DISTANCE,[Value]m
COMMON_DONATE,Donation
COMMON_DUNGEON,Dungeon
COMMON_DUNGEON_CLEARTEXT,You have passed the Atrahasis’s Trial.
COMMON_DUNGEON_CLEARTIME,Total Time Consumed
COMMON_DUNGEON_DEFENSE_TARGET,Objective Target
COMMON_DUNGEON_ENTER_COST,Entry Resources
COMMON_DUNGEON_FAIL_PLAYERDEATH,You died.
COMMON_DUNGEON_FAIL_TARGETDEATH,The target has died.
COMMON_DUNGEON_FAIL_TIMEOUT,Time limit has ended.
COMMON_DUNGEON_FAILTEXT,You failed Atrahasis’s Trial.
COMMON_DUNGEON_INSTANTENTER,Instant Entry
COMMON_DUNGEON_KILLCOUNT,[Count]/[MaxCount]
COMMON_DUNGEON_MATCHING_CANCEL,Cancelling Auto Match.
COMMON_DUNGEON_MATCHING_CANCEL_CONFIRM,Cancel Auto Match?
COMMON_DUNGEON_MATCHING_CANCEL_LEADERONLY,Only the Party Leader can cancel matchmaking.
COMMON_DUNGEON_MATCHING_PARTYWAITING,"Party matching in progress...
Automatically switches to Ready once full.
※ Matching will continue even if this window is closed."
COMMON_DUNGEON_MATCHING_DUNGEONWAITING,"Matching in progress
You can enter as soon as the player slots are full."
COMMON_DUNGEON_MATCHING_DUNGEONWAITING_LONGER,"Adjusting matched players due to long wait times.
You can enter as soon as the player count reaches the recommended level."
COMMON_DUNGEON_PARTY_CHECKDUNGEONENTER,You will automatically enter when all members are ready.
COMMON_DUNGEON_MATCHING_CHECKDUNGEONENTER,"You can enter [DungeonTypeName] currently in progress.
Enter now?"
COMMON_DUNGEON_MATCHING_SUCCESSENTERCHECK,[DungeonTypeName] Match Successful
COMMON_DUNGEON_BACK_MATCHING_SOON,Matchmaking will be canceled if you press the Cancel button or fail to ready up in time.
COMMON_DUNGEON_CANCLE_MATCHING_SOON,Matchmaking will be canceled if you press the Cancel button or fail to ready up in time.
COMMON_DUNGEON_PARTY_SELECTMATCHINGWAY,"You can enter with other users via Party Matchmaking,
or enter immediately solo."
COMMON_DUNGEON_SELECTMATCHINGWAY,"Enter with matched players
or enter solo immediately."
COMMON_DUNGEON_MATCH_ROOM_UNAVAILABLE,"This dungeons is currently inaccessible.
Returning to the queue."
COMMON_DUNGEON_MATCH_CANCLED_UNAVAILABLE_TIME,The dungeon is not currently open.
COMMON_DUNGEON_MATCH_CANCLE_TIMEOUT,Matchmaking was canceled because you did not ready up within the time limit.
COMMON_DUNGEON_WARNING_MATCHING_CANCLE,"Canceling matching will reset the queue.
Do you want to cancel matching?"
COMMON_DUNGEON_WARNING_EXIT_CHANCE_PENALTY,"Once spent, [ContentsChanceName] will not be recovered,
and a re-entry penalty applies.

Do you want to exit?{jstag:}"
COMMON_DUNGEON_CANNOT_ENTER_PENALTY,A re-entry penalty applies for leaving early. You can enter in [Time].
COMMON_DUNGEON_ENTER,Enter [DungeonTypeName]
COMMON_DUNGEON_EXIT,Exit [DungeonTypeName]
COMMON_DUNGEON_ON_MATCHING,Matching: [DungeonTypeName]
COMMON_DUNGEON_MATCHING_ALREADYOK,You have accepted the entry request.
TRIALGATE_DUNGEON_PARTY_SELECTMATCHINGWAY,"You can enter with other users via Party Matchmaking,
or enter immediately solo."
COMMON_DUNGEON_MATCHING_DUNGEONNAMEWAITING,"Party matchmaking in progress.
The party will automatically move to the Ready stage when it is full."
COMMON_DUNGEON_MATCHING_ENTER,Matchmaking Complete. Entering dungeon.
COMMON_DUNGEON_MATCHING_LEADERONLY,Only the Party Leader can request for matchmaking.
COMMON_DUNGEON_MATCHING_MATCHINGCANCEL,Cancel matchmaking
COMMON_DUNGEON_MATCHING_START,Starting matchmaking for [DungeonName]{jstag:}.
COMMON_DUNGEON_MATCHING_WAITING,Matchmaking in progress
COMMON_DUNGEON_PARTY_ENTER_PARTYREJECT,Party member has rejected entry.
COMMON_DUNGEON_PARTY_ENTER_REFUSAL,Someone has rejected entry.
COMMON_DUNGEON_PARTY_MATCHING_ALREADYOK,You have accepted the entry request.
COMMON_DUNGEON_PARTY_MATCHING_OK,Accept entry.
COMMON_DUNGEON_PARTY_MATCHING_REFUSE,Reject entry.
COMMON_DUNGEON_PARTY_PARTYENTER,Instant Party Entry
COMMON_DUNGEON_PARTY_PARTYMATCHING,Party Matchmaking
COMMON_DUNGEON_PARTY_SOLOMATCHING,Solo Matchmaking
COMMON_DUNGEON_PARTYAUTORECRUITING,Auto-recruit Party Members
COMMON_DUNGEON_PARTYAUTORECRUITINGTEXT,Auto-recruiting party members…
COMMON_DUNGEON_PARTYMATCHING_WAITING,Party matchmaking in progress
COMMON_DUNGEON_REWARD_TITLE,Claim Reward
COMMON_DUNGEON_REWARD_WARNING,"[Count] 
[AssetName]{jstag:} will be consumed when claiming rewards.
Claim?"
COMMON_DUNGEON_TIMELIMIT,[mm] : [ss]
COMMON_DUNGEONENTER_LEVEL_LIMIT_MSG,Unable to enter due to insufficient level.
COMMON_DUNGEONMISSION_COMPLETEANDENOREWARD_MSG,"There are no rewards to claim since all missions were cleared.
Enter anyway?"
COMMON_DUNGEON_ASSET_COST,Use [AssetName]
COMMON_DUNGEON_CHANCE_COST,Use [ContentsChanceName]
COMMON_DUNGEON_DUNGEONMATCHING,Match
COMMON_DUNGEON_KEEP_MATCH,Requeue
COMMON_EFFECT_ALL,All Effects
COMMON_EMERGENCY_ESCAPE,Emergency Exit
COMMON_ENCHANT,Enhance
COMMON_ENCHANT_COUNT,+[Value]
COMMON_ENEMY,Enemy
COMMON_ENEMY_CLAN,Enemy Clan
COMMON_DUNGEON_CANNOT_ENTER_ASSET_SHORTAGE,Insufficient [AssetName] to enter.{jstag:}
COMMON_DUNGEON_CANNOT_ENTER_CHANCE_SHORTAGE,You have used all [ContentsChanceName]. Cannot enter.{jstag:}
COMMON_DUNGEON_CANNOT_CHARGE,No more recharges available.
COMMON_ENOUGH_COUNT,[MyCount]/[Count]
COMMON_ENTER,Enter
COMMON_ENTER_CANCEL,Cancel Entry
COMMON_ENTER_COST,Entry Cost
COMMON_ENTRY_CLAN_LIST,Participating Clan List
COMMON_EQUIP,Equip
COMMON_EQUIP_RAISE_MSG,[Name] [Param]{jstag:} has been unequipped.
COMMON_EQUIP_REGISTER_MSG,[Name] [Param]{jstag:} has been equipped.
COMMON_EVENT,Events
COMMON_EVENT_EN,Event
COMMON_EXP,Exp: [Value]
COMMON_EXP_GAMEUI,EXP
COMMON_EXP_PER,[Exp]%
COMMON_EXP_VALUE,[CurrentExp] / [RequiredExp] ([Expper])
COMMON_EXPEL,Kick
COMMON_EXTRA_REWARD,Bonus Rewards
COMMON_FACTION,Adventurers Alliance
COMMON_FAIL,Failure
COMMON_FAVORITE_REGISTRATION_MSG,Registered on Wishlist.
COMMON_FAVORITE_REMOVE_MSG,Removed from Wishlist.
COMMON_FREE_BUY,Free Purchase
COMMON_FREE_ENTER,There are no limits on this floor.
COMMON_FRIDAY,Friday
COMMON_FRIDAY_SHORT,Fri
COMMON_FRONTIER,Infinite Spire
COMMON_FUNCTION,Feature
COMMON_GAME_OPTION,Configurações
COMMON_GOODS,Resources
COMMON_GRADE,Star
COMMON_GRADE1,1 Star
COMMON_GRADE1_COLOR,<Grade1>1-star</>
COMMON_GRADE2,2 Stars
COMMON_GRADE2_COLOR,<Grade2>2-star</>
COMMON_GRADE3,3 Stars
COMMON_GRADE3_COLOR,<Grade3>3-star</>
COMMON_GRADE4,4 Stars
COMMON_GRADE4_COLOR,<Grade4>4-star</>
COMMON_GRADE5,5 Stars
COMMON_GRADE5_COLOR,<Grade5>5-star</>
COMMON_GRADE6,6 Stars
COMMON_GRADE6_COLOR,<Grade6>6-star</>
COMMON_GRADEALL,All
COMMON_GROWTH_BTN,Upgrade
COMMON_GROWTH_TIP,"If you have enough materials for Transcendence,
upgrading beyond the Transcendence level will consume them."
COMMON_GUDUA,Gudua's Memories
COMMON_GUIDE,Guide
COMMON_GUIDEBOOK,Manual
COMMON_HELP,Help
COMMON_HHMM,[h] hr(s) [m] min(s)
COMMON_HHMMSS,[h] hr(s) [m] min(s) [s] sec(s)
COMMON_HIGHER_BID,Top bids
COMMON_HOUR,[h]HH
COMMON_HOUR_MIN,[h]HH:[m]MM
COMMON_HYPHEN,-
COMMON_INCREASE_LEVEL,+Lv.[Value]
COMMON_INDEX,Categorize
COMMON_INDIVIDUAL_RANK,Private Ranking
COMMON_INFO,Info
COMMON_INITIAL_BID,Initial Bid
COMMON_INVENTORY,Inventário
COMMON_INVITE_NO_RESULT,No clan invitation received.
COMMON_ITEM_INFO,Item Info
COMMON_ITEM_SELECT,Select item
COMMON_ITEM_STAT,+[Stat]
COMMON_ITEM_USE_COUNT,Select quantity to use.
COMMON_ITEMACQUISITION,Obtain item
COMMON_ITEM_NOTENOUGH_MSG,Insufficient items.
COMMON_JOIN,Join
COMMON_KICKOUT,Kick
COMMON_KILL,Kill
COMMON_KRW,￦[Value]
COMMON_EUR,€[Value]
COMMON_GBP,£[Value]
COMMON_HKD,HK$[Value]
COMMON_IDR,Rp[Value]
COMMON_JPY,¥[Value]
COMMON_MYR,RM[Value]
COMMON_PHP,₱[Value]
COMMON_SGD,S$[Value]
COMMON_THB,฿[Value]
COMMON_TWD,NT$[Value]
COMMON_USD,$[Value]
COMMON_VND,[Value]₫
COMMON_LATEST,Recent
COMMON_LATEST_NORESULT,Recipient cannot be found.
COMMON_LEFT,[Value] left
COMMON_LEFT_STRING,Left
COMMON_LEFT_TIME,Time Remaining
COMMON_LEFT_UNLIMITIEDNESS,Infinite
COMMON_LEVEL,Nível
COMMON_LEVEL_DOT,Lv.[Value]
COMMON_LEVEL_WARNING,"This area may be too difficult for your current level.
Recommended level: Above [Level]"
COMMON_LIMIT_COMBAT_POWER,Combat Power Limit
COMMON_LIMIT_LEVEL,Level Limit
COMMON_LIMIT_TIME,Time Limit
COMMON_LIMITTIME_DAY,[Value] day(s)
COMMON_LIMITTIME_HOUR,[Value] hr(s)
COMMON_LIMITTIME_MIN,[Value] min(s)
COMMON_LIMITTIME_SECOND,[Value] sec(s)
COMMON_LIST,List
COMMON_LIST_NO_TARGET,No adventurers to display.
COMMON_LOAD,Load
COMMON_LOADING_WORLDENTER_MSG,Entrando no mundo.
COMMON_LOCK_CONTENT,This feature is locked.
COMMON_LOCK_SLOT,Espaço bloqueado
COMMON_LOSE,Defeat
COMMON_DRAW,Draw
COMMON_LOTTERY,Submit
COMMON_LOTTERY_CANCEL,Cancel Submission
COMMON_MASTER,Clan Leader
COMMON_MAX_LEVEL_MSG,Max level reached.
COMMON_MAX_LIMITBREAK_MSG,Transcend Complete.
COMMON_MAXIMUM_SALES_AMOUNT,Max Sales Cost
COMMON_MEMBER_COUNT,No. of members
COMMON_MESSAGE_TITLE,Notificação
COMMON_MINIMUM_SALES_AMOUNT,Min Sales Cost
COMMON_MINUS_COUNT,-[Count]
COMMON_MISSION,Mission
COMMON_MISSION_CLEAR_REWARD_TITEL,Mission Complete
COMMON_MISSION_CLEAR_TITEL,Complete Mission Immediately
COMMON_MMSS,[m] min(s) [s] sec(s)
COMMON_MONDAY,Monday
COMMON_MONDAY_SHORT,Mon
COMMON_MONSTER,Monster
COMMON_MOVE,Mover
COMMON_MOVEWALKING,Andar
COMMON_MULTIPLE,Multiple
COMMON_MY_CLAN,My Clan
COMMON_NAME,Name
COMMON_NAME_CHANGE,Alterar nome
COMMON_NAME_GENERATION_RULE,2–10 characters (English/Korean/Numbers). No space or special character allowed.
COMMON_NAME_INVALID_LENGTH,"You can only use [MinValue1]—[MaxValue1] Korean Characters, [MinValue2]—[MaxValue2] English Characters, and [MinValue3]—[MaxValue3] mixed characters."
COMMON_NEED_ASSET,Required Resources
COMMON_NETWORK_CONNECT_AIRPLANE,Airplane Mode
COMMON_NETWORK_CONNECT_CELL,Cellular
COMMON_NETWORK_CONNECT_ETHERNET,Ethernet
COMMON_NETWORK_CONNECT_UNKOWN,No Signal
COMMON_NETWORK_CONNECT_WIFI,WiFi
COMMON_NETWORK_CONNECT_WIMAX,WiMax
COMMON_NEW_CONTENT_OPEN,Open new content
COMMON_NEXT,Avançar
COMMON_NEXT_PAGE_LOADING,Loading next page…
COMMON_NO_INFO_LIST,No details to display.
COMMON_NO_LIMIT,No limit
COMMON_NO_LONGER_SELECTED,You can select up to 200.
COMMON_NO_MORE_ATTEMPTS,No more attempts available.
COMMON_NO_MORE_SELECTIONS,Cannot select any more.
COMMON_NO_MORE_RECHARGE_TIME,Recharge limit reached. Cannot recharge further.
COMMON_NO_REWARD,No rewards to claim.
COMMON_NO_REWARD_SHORT,No claimed rewards
COMMON_NOCLAN,No Clan
COMMON_NONCONNECT_LABEL,Offline
COMMON_NOT_ENTER,Unable to enter
COMMON_NOT_ENTERWORLD,You can only enter in the Abandoned Land.
COMMON_NOT_OCCUPIED,Not conquered
COMMON_NOT_SKIP_MSG,Não é possível pular esta cena.
COMMON_NOT_TODAY_VIEW,Don’t show today
COMMON_NOT_VIEW,Don’t show again
COMMON_NOTENOUGH_COST,Insufficient funds.
COMMON_NOTENOUGH_COUNT,<Red>[MyCount]</>/[Count]
COMMON_NOTENOUGH_ITEM,Insufficient Resources.
COMMON_NOTENOUGH_MATERIAL,Insufficient materials.
COMMON_NOTENOUGH_MINUS,Can’t reduce any more.
COMMON_NOTENOUGH_PLUS,Can’t add any more.
COMMON_NOTENOUGH_POINT,Insufficient Points.
COMMON_NOTENOUGH_RECHARGEITEM,Insufficient items: [ItemName]
COMMON_NOTHING,Nenhum
COMMON_NOTSTARTED,Ready to accept
COMMON_NOTUSE_FUNTION_TARGET,This feature is unavailable here.
COMMON_OBJECTEXTINCTIONDELAY,Perish after [Time]
COMMON_OCCUPATION_REWARD,Occupation Reward
COMMON_OFFLINE_TIME,Login before [Time]
COMMON_OK,Confirmar
COMMON_ONLY_LOOK,Cosmetic Only
COMMON_OPEN,Open
COMMON_OPERATION,Movement
COMMON_OVER,Over
COMMON_OWNER_GADGET_NAME,[Name] of [Player]
COMMON_PARENTHESES,([Value])
COMMON_PARENTHESES_END,)
COMMON_PARENTHESES_FRONT,(
COMMON_PARTY,Party
COMMON_PARTY_KICK,Export
COMMON_PARTY_MANAGE,Manage Party
COMMON_PEOPLECOUNT,Player(s)
COMMON_PERCENT,[Value]%
COMMON_PERCENT_COLOR_YELLOW,<Yellow>[Value]%</>
COMMON_PERSONAL_REWARD,Private Reward
COMMON_PLANNED_SALE_AMOUNT,Estimated Sale Cost
COMMON_PLUS_COUNT,+[Count]
COMMON_PROCEEDING,In progress
COMMON_PROEGRESS_ENTRY_CANCEL,Cancel participation
COMMON_PROFILE,Profile
COMMON_PROGRESS_COMPLETE,Concluir
COMMON_PROGRESS_ENTRY,Request to participate
COMMON_PROGRESS_INPROGRESS,In progress
COMMON_PROGRESS_READY,Ready
COMMON_PROGRESSSTATUS,Progress Status
COMMON_PROVIDE,Distribute
COMMON_PURCHASE,Purchase
COMMON_QUEST,Missões
COMMON_QUEST_MESSAGE_COMPLETE,[TaskName] Complete
COMMON_QUEST_MESSAGE_PROGRESS,[TaskName] ([Value]/[MaxValue])
COMMON_QUEST_MESSAGE_PROGRESS_NOTVALUE,[TaskName]
COMMON_RANGE_SYMBOL,~
COMMON_RANK,Rank
COMMON_RANK_RATE,Top [Value]%
COMMON_RANK_VALUE,Rank [Rank]
COMMON_RANK_VALUE_RANGE,#[MinRank] - #[MaxRank]
COMMON_RANK_VALUE_RANGE_SHORT,- #[Rank]
COMMON_RANK_VALUE_RANGE_OVER,Rank [MinRank] or below
COMMON_RANKING,Ranking
COMMON_RATE_VALUE,[Value]%
COMMON_READY,Preparing.
COMMON_READY_GET,Receive
COMMON_RECENT_CONNECTION,Recent login
COMMON_RECOMMENDLEVEL,Recommended Level
COMMON_RECOMMENDNUMBER_PEOPLE,Recommended Member
COMMON_MAXNUMBER_PEOPLE,Max Players
COMMON_JOINNUMBER_PEOPLE,Participants
COMMON_RECORD,Codex
COMMON_REDNUM_VALUE,<Red>[Value]</>
COMMON_REFRESH,Refresh
COMMON_REGISTER_SALE,Sell
COMMON_REJECT,Reject
COMMON_REMAIN_SECOND,([Second] secs)
COMMON_REMAINING_TIME_COLON,Time Remaining : 
COMMON_REPLICASEED,Replica Seed
COMMON_REQUEST,Request
COMMON_RESEARCH,Research
COMMON_RESET,Redefinir
COMMON_APPLY,Aplicar
COMMON_RESOLUTION,[Width]x[Height]
COMMON_REVENGE,Revenge
COMMON_REVIVE,Revive
COMMON_REVIVE_ENEMY,Incapacitated with [Name]‘s attack
COMMON_REVIVE_ENEMYNAME,Incapacitated with <Orange>[Name]</>‘s attack
COMMON_REVIVE_INPLACE,Revive Here
COMMON_REVIVE_INSTANTLY,Instant Revival
COMMON_REVIVE_MSG,Brink of Death
COMMON_REVIVE_PENALTY_EXP,Reduce EXP by [Param]%
COMMON_REVIVE_SPOT,Nearby Spawn Point
COMMON_REWARD,Reward
COMMON_REWARD_ALREADY_MSG,It has already been claimed.
COMMON_REWARD_ALREADYGET_MSG,It has already been claimed.
COMMON_REWARD_CLAN,Clan Rewards
COMMON_REWARD_MEMBER,Private Reward
COMMON_REWARD_PARTICIPATION,Participation Reward
COMMON_REWARD_SEASON_PARTICIPATION,Season Participation Reward
COMMON_REWARD_RANKING,Ranking Rewards
COMMON_REWARD_ACQUIRED,Rewards Claimed
COMMON_BASIC,General
COMMON_RATE,Rates
COMMON_REWARD_TAKE,Claim Reward
COMMON_REWARDACQUISITION,Claim Reward
COMMON_SALE_PRICE_CHANGE,Change Sale Cost
COMMON_SATURDAY,Saturday
COMMON_SATURDAY_SHORT,Sat
COMMON_SAVE,Salvar
COMMON_SCAN,Detectar
COMMON_SCORE,Score
COMMON_SCHEDULE_ALTERNATEDAY,Every other day
COMMON_SCHEDULE_EVERYDAY,Daily
COMMON_SCHEDULE_BIWEEKLY,Bi-weekly
COMMON_SCHEDULE_EVERYWEEK,Weekly
COMMON_SEARCH,Buscar
COMMON_SEARCH_COOLTIME,You can search again after [s] secs.
COMMON_SEARCH_HINT_CHARACTER,Adventurer’s name to search
COMMON_SEARCH_HINT_CLAN,Clan’s name to search
COMMON_SEARCH_INPUT_ITEM_KEYWORD,Enter item’s name.
COMMON_SEARCH_INPUT_KEYWORD,Enter a search term.
COMMON_SEARCH_NO_RESULT,No search results.
COMMON_SEARCH_NORESULT,No search results.
COMMON_SEASON_EN,Season
COMMON_SECTORINVASION,Grand Incursion
COMMON_SEEMORE,See More
COMMON_SELECT,Selecionar
COMMON_SELECT_REWARD,Select Reward
COMMON_SELL,Sell
COMMON_SELL_REGISTER,Sell
COMMON_SEND,Send
COMMON_SERVER,Server
COMMON_SERVER_MY,My Server
COMMON_SERVER_GLOBAL,All Servers
COMMON_SETTING,Configurações
COMMON_SETTLEMENT_AMOUNT,Payout
COMMON_SETUP,Settings
COMMON_SHOP,Shop
COMMON_SI_EXA,E
COMMON_SI_GIGA,G
COMMON_SI_KILO,k
COMMON_SI_MEGA,M
COMMON_SI_PETA,P
COMMON_SI_TERA,T
COMMON_SINGLE,Single
COMMON_SKILL,Habilidade
COMMON_SKILLACQUISITION,Obtain Skill
COMMON_SKILLACQUISITION_GET,Acquire Skill
COMMON_SKILLACQUISITION_PLURAL,Obtained <Yellow>[Param]</> types of new skills.
COMMON_SKILLACQUISITION_SINGULAR,Obtained <Yellow>[SkillName]</> skill.
COMMON_SKIP,Pular
COMMON_SLASH,/
COMMON_SLOT_EQUIPMENT_TIP,Select slot to Infuse.
COMMON_SPECIALSHOP,Summon Shop
COMMON_SPOTNOW,Current location
COMMON_SS,[s] secs
COMMON_STAGE_VALUE,[Value]
COMMON_STARSTONE,Sacred Relic
COMMON_START,Iniciar
COMMON_START_SIMPLE,Iniciar
COMMON_STAT,Stats
COMMON_STEP,Level [Param]
COMMON_STEP_REWARD_TITLE,Level [Param] Completion Reward
COMMON_SUCCESS,Success
COMMON_SUMMON,Summon
COMMON_SUNDAY,Sunday
COMMON_SUNDAY_SHORT,Sun
COMMON_TARGET_ADD,Register
COMMON_TARGET_ENEMY,Objective Target
COMMON_TARGET_EQUIPMENT_TIP,Selecting a target item.
COMMON_TARGET_MATERIAL_NO_LIST,There are no available resources.
COMMON_TARGET_REQUEST,Request
COMMON_TAUNT,Taunt
COMMON_TELEPORT,Teleport
COMMON_THURSDAY,Thursday
COMMON_THURSDAY_SHORT,Neck
COMMON_TIER_SYMBOL,T
COMMON_TIME_D,[d] days
COMMON_TIME_H,[h] hrs
COMMON_TIME_M,[m] mins
COMMON_TIME_S,[s] secs
COMMON_TIME_STAMP_FULL,[yyyy]-[MM]-[dd] [HH]:[mm]:[ss]
COMMON_TIME_STAMP_NO_SEC,[yyyy]-[MM]-[dd] [hh]:[mm]
COMMON_TIME_W,[w] weeks
COMMON_TIME_WW,[ww] weeks
COMMON_TIME_Y,[y] years
COMMON_TIME_YYYY,[yyyy] years
COMMON_TIMETABLE_EVERYDAYFIXEDTIME,Daily [Time]
COMMON_TIMETABLE_ALTERNATEDAY_2,Every other day [Time]
COMMON_TIMETABLE_ALTERNATEDAY_3,3 days [Time]
COMMON_TIMETABLE_ALTERNATEDAY_4,4d [Time]
COMMON_TIMETABLE_ALTERNATEDAY_5,5d [Time]
COMMON_TIMETABLE_ALTERNATEDAY_6,6d [Time]
COMMON_TIMETABLE_ALTERNATEDAY_7,Wednesday [Time]
COMMON_TITLE,Shared
COMMON_TITLE_TITLE,Move to title
COMMON_TOTAL_COMBATPOWER,Total Combat Power
COMMON_TOTAL_SALE_AMOUNT,Accumulated Sales
COMMON_TOTALLEVEL_AIRVEHICLE,Total Glider Ascensions
COMMON_TOTALLEVEL_COMPLETE_AIRVEHICLE,Total Ascensions
COMMON_TOTALLEVEL_COMPLETE_AIRVEHICLE_MANY,Achieved Multiple Ascensions
COMMON_TOTALLEVEL_COMPLETE_AWAKEN_DOWN,Total Awakening Reduced
COMMON_TOTALLEVEL_COMPLETE_AWAKEN_MANY,Achieved Multiple Awakenings
COMMON_TOTALLEVEL_COMPLETE_AWAKEN_PAGE,Page [Value]
COMMON_TOTALLEVEL_COMPLETE_AWAKEN_UP,Total Awakening Increased
COMMON_TOTALLEVEL_COMPLETE_BLESSINGCARD,Nebula Effect Achieved
COMMON_TOTALLEVEL_COMPLETE_BLESSINGCARD_MANY,Achieved Multiple Nebula Effect
COMMON_TOTALLEVEL_COMPLETE_COLLECTION,Reached Total Research
COMMON_TOTALLEVEL_COMPLETE_COLLECTION_MANY,Reached Multiple Total Research
COMMON_TOTALLEVEL_COMPLETE_COSTUME,Reached Total Binding Points
COMMON_TOTALLEVEL_COMPLETE_COSTUME_MANY,Reached Multiple Total Binding Points
COMMON_TOTALLEVEL_COMPLETE_SKILL,Reached Combined Skill Level
COMMON_TOTALLEVEL_COMPLETE_SKILL_MANY,Reached Multiple Combined Skill Level
COMMON_TOTALLEVEL_COMPLETE_VEHICLE,Total Ascensions
COMMON_TOTALLEVEL_COMPLETE_VEHICLE_MANY,Achieved Multiple Ascensions
COMMON_TOTALLEVEL_COMPLETE_WEAPONCOSTUME,Achieved Phantom Weapon Owned Effects
COMMON_TOTALLEVEL_COMPLETE_WEAPONCOSTUME_MANY,Achieved Multiple Phantom Weapon Owned Effects
COMMON_TOTALLEVEL_SKILL,Combined Skill Level
COMMON_TOTALLEVEL_VEHICLE,Total Mount Ascension
COMMON_TOWER,Tower
COMMON_TOWER_OF_TITAN,Giant's Tower
COMMON_TRADE_BIND_USER_PARENTHESES,(Untradeable)
COMMON_TRADE_USER_PARENTHESES,(Tradeable)
COMMON_TUESDAY,Tuesday
COMMON_TUESDAY_SHORT,Tue
COMMON_UNGRADE,-
COMMON_UNKNOWN,Desconhecido
COMMON_HIDEHP,????
COMMON_UNRANK,-
COMMON_UPGRADE_GRADE,[Grade]-Star
COMMON_USE,Use
COMMON_USE_INFO,Where To Use
COMMON_USEITEM,Use Item
COMMON_USELEVEL_MAX,Lv.[Level]↓
COMMON_USELEVEL_MIN,Lv.[Level]↑
COMMON_VALUE,[Value]
COMMON_VALUE_RANGE,[Value1] ~ [Value2]
COMMON_VALUE_RANK,Rank [Value]
COMMON_VEHICLE_AIR,Planador
COMMON_VEHICLEACQUISITION,Acquire Mount
COMMON_VIEW,Read
COMMON_WARNING,Warning
COMMON_Wave,Wave
COMMON_WEAPONCOSTUME_ACQUISITION,Acquire Phantom Weapon
COMMON_WEDNESDAY,Wednesday
COMMON_WEDNESDAY_SHORT,Wed
COMMON_WHISPER_LABEL,Whisper
COMMON_WIN,Victory
COMMON_WITHDRAW,Leave
COMMON_WORLDMAP,Abandoned Land
COMMON_WORLDMAP_BLOCK,World Map is unavailable right now.
COMMON_WORLDMAP_TOWN,Village
COMMON_WORLDMAP_HUNTINGGOUND,Hunting Grounds
COMMON_WRONG_ACCESS_MSG,Invalid approach.
COMMON_X,x
COMMON_YEAR_DATE,[YYYY]-[MM]-[DD]
COMMON_MISSION_REWARD_TITLE,Mission Reward
COMMON_CONDITION_LEVEL,Lv. [Param]
COMMON_CONDITION_COMBATPOWER,[Param]
COMMON_CONDITION_COMBATPOWER_TITLE,Combat Power [Param]
COMMON_CONDITION_DAY,Day [Param]
COMMON_CONDITION_ACTIVEDAY,Day [Param]
COMMON_REWARD_ALL_GET,Claim All Rewards
COMMON_PERSONAL,Private
COMMUNITY_ENEMY_ADD,Add enemy
COMMUNITY_ENEMY_CANCEL,Remove enemy
COMMUNITY_ENEMY_LIST_LABEL,Enemy List
COMMUNITY_ENEMY_NO_LIST,No enemies to mark.
COMMUNITY_FRIEND_ADD,Add friend
COMMUNITY_FRIEND_LIST_LABEL,Friends List
COMMUNITY_FRIEND_NO_LIST,No friends to mark.
COMMUNITY_FRIEND_REMOVE,Delete friend
COMMUNITY_LIST_ADD_BLOCK_SYSTEM_MSG,Blocked [CharacterName]
COMMUNITY_LIST_ALREADY_REQUEST_FRIEND_SYSTEM_MSG,Already sent a request to [CharacterName].
COMMUNITY_LIST_CAUTION_SYSTEM_MSG,Added [CharacterName] to the Enemy List.
COMMUNITY_LIST_CONNECT_CAUTION_SYSTEM_MSG,"[CharacterName], who is on the enemy list, has logged on."
COMMUNITY_LIST_CONNECT_ENEMY_SYSTEM_MSG,"[CharacterName], who is on the enemy list, has logged on."
COMMUNITY_LIST_DEL_BLOCK_SYSTEM_MSG,Deleted [CharacterName] from the Block List
COMMUNITY_LIST_DEL_FRIEND_SYSTEM_MSG,Deleted [CharacterName] from the Friend List.
COMMUNITY_LIST_DELL_ENEMY_SYSTEM_MSG,Deleted [CharacterName] from the Enemy List.
COMMUNITY_LIST_FRIEND_SYSTEM_MSG,Became friends with [CharacterName].
COMMUNITY_LIST_FULL_ENEMY_SYSTEM_MSG,Enemy List is full.
COMMUNITY_LIST_FULL_FRIEND_SYSTEM_MSG,Friend List is full.
COMMUNITY_LIST_FULL_FRIEND_TARGET_SYSTEM_MSG,[CharacterName]‘s Friend List is full.
COMMUNITY_LIST_NOTI_CAUTION_SYSTEM_MSG,"[CharacterName], who is on the enemy list, is nearby."
COMMUNITY_LIST_NOTI_ENEMY_SYSTEM_MSG,"[CharacterName], who is on the enemy list, is nearby."
COMMUNITY_LIST_REGISTRATION_UNAVAILABLE_MY_CHARACTER,Unable search your character.
COMMUNITY_LIST_REGISTRATION_UNAVAILABLE_NO_TARGET_CHARACTER,Unable find target.
COMMUNITY_LIST_REQUEST_FRIEND_SYSTEM_MSG,Sent a friend request to [CharacterName].
COMMUNITY_REQUEST_LIST_LABEL,Request List
COMMUNITY_REQUEST_NO_LIST,No friends to mark.
COMMUNITY_SUB_TITLE_ENEMY,Target Enemy
COMMUNITY_SUB_TITLE_ENEMY2,Enemies
COMMUNITY_SUB_TITLE_FRIEND,Friends
COMMUNITY_SUB_TITLE_REQUEST,Friend Request
COMMUNITY_SUB_TITLE_REQUEST2,Request
COMMUNITY_TITLE,Relations
COMPOSE_ACQUISITION_SUBTITLE,Acquisition List
COMPOSE_MAX_GRADE_DESC,Highest [temporary] crafting grade.
COMPOSE_MAX_GRADE_FILTER_DESC,This Star-tier can’t be crafted.
COMPOSE_MERERIAL_COUNT,(CurrentCount/MaxCount)
COMPOSE_NONE_METERIAL,No targets to auto-register.
COMPOSE_PLAY_NONE,Craft
COMPOSE_RESULT_REWARD_LABEL1,Change Levels
COMPOSE_RESULT_REWARD_LABEL2,Reward
COMPOSE_RESULT_REWARD_LABEL3,None
CONTENT_NOT_AUTO,This is a manual dungeon.
CONTENTSLOCK_CHARACTERHIGHLEVEL,Available if there is a character level <Yellow>[CharacterLevel]</> or higher in your account.
CONTENTSLOCK_CHARACTERLEVEL,Available when you are level <Yellow>[CharacterLevel]</> or higher.
CONTENTSLOCK_CLANLEVEL,Available when Clan level is <Yellow>[ClanLevel]</> or higher.
CONTENTSLOCK_CLANLEVEL_SHORT,Open to Clan Lv. <Yellow>[ClanLevel]</> and above
CONTENTSLOCK_CLANLEVEL_STEP,"Clan Level
<Yellow>[ClanLevel]</> or higher"
CONTENTSLOCK_CLANLEVEL_STEP2,Requires Clan <Red>Lv.[Level]</>
CONTENTSLOCK_COMBATPOWER,Available when your Combat Point is <Yellow>[CombatPower]</> or higher.
CONTENTSLOCK_COMBATPOWER_SHORT,Combat Power Limit <Yellow>[CombatPower]</>
CONTENTSLOCK_CONDITION_COMBATPOWER,Requires Combat Power [Value] or higher.
CONTENTSLOCK_CONDITION_CHARACTER_LEVEL,Character must reach level [Value].
CONTENTSLOCK_CONDITION_CLAN_LEVEL,Clan must reach level [Value].
CONTENTSLOCK_CONDITION_CLASS,[Value] Class
CONTENTSLOCK_CONDITION_CLASS_RANK,[Value]nd Advancement required.
CONTENTSLOCK_CONDITION_COMPLETE_QUEST,"Available after completing <Red>[QuestName]</>
 quest."
CONTENTSLOCK_CONDITION_EPICMAIN_COMPLETE_QUEST,"Available after completing <EpicMain>[[QuestType]]</> [EpisodeName] - <Red>[QuestName]</>
."
CONTENTSLOCK_NOTREADY,Preparing.
CONTENTSLOCK_POTENTIAL_INTENSITYNODECOUNT,Needs to complete Page Ascension <Yellow>[Count]</> or higher.
CONTENTSLOCK_POTENTIAL_REQUIRENODECOUNT,Requires <Yellow>[Count]</> <Yellow>[Param]pages</> with at least the <Yellow>3rd Stage</> or higher unlocked.
CONTENTSLOCK_POTENTIAL_REQUIRESYNERGYPOINT,Requires an Overall Awakening Level of <Yellow>[Count]</> or higher on the <Yellow>[Param] Page</>
CONTENTSLOCK_QUEST,Available after completing <Yellow>[QuestName]</> quest.
CONTENTSLOCK_QUESTTASK,Available after completing <Yellow>[QuestTaskName]</> quest.
CONTENTSSHORTCUT_WORLDMAP_INVALIDWORLD_ERROR_MSG,It is in an unknown location.
CONTENTSSHORTCUT_WORLDMAP_TARGET_NONE_ERROR_MSG,It is in an undiscovered location.
COSTUME_CLASS_COMMON,Costume
COSTUME_CLASS_FIXED,[ClassName] exclusive costume
COSTUME_COLLAPSED_HEAD,Hide Helm
COSTUME_COLLAPSED_CAPE,Hide Cloak
COSTUME_COLLECTION_ACTIVESTAT,Apply
COSTUME_COLLECTION_ALLSTAT,All
COSTUME_COLLECTION_COMPLETE_COUNT,[CompleteCount]/[AllCount]
COSTUME_COLLECTION_DETAIL,Detail
COSTUME_COLLECTION_STATUS,Completion Status
COSTUME_COLLECTION_TITLE,Costume Owned Effect
COSTUME_COMBINE_ALLSKIP,Skip Cutscene
COSTUME_COMBINE_APPLIED_RATE,Applied Effect : [Value]%
COSTUME_COMBINE_AUTO_REGISTER_UNAVAILABLE,Unable to auto-register due to insufficient costumes.
COSTUME_COMBINE_GRADE_SUCCESS_RATE,Fusion Pity Rate Details
COSTUME_COMBINE_NO_CARD_MSG,Materials aren’t registered. Unable to fuse.
COSTUME_COMBINE_NOT_RESET,No costumes registered.
COSTUME_COMBINE_RATE_TOOLTIP,"<Buff>[Max Cap System Notice]</>
- When fusion succeeds, you will obtain the next star grade, and <Orange>and the pity counter will reset.</>.
- <Blue>Success Rate</> will increase when failing to <Orange>fuse 3★⁄4★⁄5★</> <Orange>6 times</>, and the <Blue>success rate is guaranteed to reach 100%</> if you <Orange>fail 7 times</>."
COSTUME_COMBINE_RESULT_ALLOPEN,Open All
COSTUME_COMBINE_RESULT_TITLE,Fusion Result
COSTUME_COMBINE_SELECT_SINGLE_GRADE_ONLY,You can only register costumes of the same star grade as those already registered.
COSTUME_COMBINE_SLOT_QUANTITY_MISMATCH,Unable to fuse due to insufficient materials registered.
COSTUME_COMBINE_RESULT_SKIP,Check All
COSTUME_COMBINE_SLOT_MAX_COUNT,Maximum registration limit reached.
COSTUME_COMPOSE_AUTOFILTER,Auto Register: Below [Grade]★
COSTUME_COMPOSE_AUTOREGI_GRADE1,1 Star
COSTUME_COMPOSE_AUTOREGI_GRADE2,2 Stars
COSTUME_COMPOSE_AUTOREGI_GRADE3,3 Stars
COSTUME_COMPOSE_AUTOREGI_GRADE4,4 Stars
COSTUME_COMPOSE_AUTOREGI_GRADE5,5 Stars
COSTUME_COMPOSE_AUTOREGI_GRADE6,6 Stars
COSTUME_COMPOSE_CHANGE_CONFIRM_DESC,"Replace the unidentified costume?
Once replaced, this action cannot be undone."
COSTUME_COMPOSE_CHANGE_CONFIRM_TITLE,Replace Costume
COSTUME_COMPOSE_EFFECT_SKIP,Skip Cutscene
COSTUME_COMPOSE_EXCHANGE,Exchange
COSTUME_COMPOSE_EXCHANGE_GRADE4,Trade <Grade4>4★</> Costume
COSTUME_COMPOSE_EXCHANGE_GRADE5,Trade <Grade5>5★</> Costume
COSTUME_COMPOSE_EXCHANGE_GRADE6,Trade <Grade6>6★</> Costume
COSTUME_COMPOSE_EXCHANGEGUIDE,"You can summon <Grade4>4★</>, <Grade5>5★</>, <Grade6>6★</> costumes by using your Crafting Points."
COSTUME_COMPOSE_EXCHANGEPOINT,Crafting Points
COSTUME_COMPOSE_EXCHANGEPOPUP,Exchange Crafting Points
COSTUME_COMPOSE_FAIL_RESULT,The Crafting Level did not change.
COSTUME_COMPOSE_NONE_LIST,"No costume to craft.
You can craft when owning 2 or more."
COSTUME_COMPOSE_NONE_METERIAL,No registered materials.
COSTUME_COMPOSE_PLAY,Craft [Value]
COSTUME_COMPOSE_POINT_STATUS,[CurrentValue]/[UsePoint]
COSTUME_COMPOSE_POINT_TIP,"You can acquire these points when failing to craft <Grade3>3★</> or higher costumes.

[Where To use Points]
 - You can summon <Grade4>4★</>, <Grade5>5★</>, <Grade6>6★</> costumes by using points.
 - You can use points when replacing other costumes in the Confirm screen."
COSTUME_COMPOSE_PROGRESS_SUBTITLE,Crafting Result
COSTUME_COMPOSE_PROGRESS_TARGET,Costume
COSTUME_COMPOSE_RATE_LABEL,Chance of Success
COSTUME_COMPOSE_RATESTEP,Level[Value]
COSTUME_COMPOSE_RATESTEP1,Level 1
COSTUME_COMPOSE_RATESTEP2,Level 2
COSTUME_COMPOSE_RATESTEP3,Level 3
COSTUME_COMPOSE_RATESTEP4,Level 4
COSTUME_COMPOSE_REGISTERAUTO,Auto Register
COSTUME_COMPOSE_REGISTERMANY,Register [Value]
COSTUME_COMPOSE_RESULT,Costume Crafting Result
COSTUME_COMPOSE_RESULT_LABEL,Acquired Costume
COSTUME_COMPOSE_RESULT_NO,You didn’t acquire anything.
COSTUME_COMPOSE_RESULT_NORESULT,You didn’t acquire costumes through crafting.
COSTUME_COMPOSE_RESULT_TITLE,Achieved Costume Owned Effects
COSTUME_COMPOSE_SKIPERROR,Available when crafting more than [Value].
COSTUME_COMPOSE_SUCCESS_RESULT,Crafting Level has changed.
COSTUME_DECIDE_CHANGE,Replace
COSTUME_DECIDE_CHANGE_TIP,You can exchange with other costumes with the same Star grade within the remaining time.
COSTUME_DECIDE_CLASS_SELECT_POPUP_ALERT,Selected class is different from your character class. Select this class?
COSTUME_DECIDE_CONFIRM,Confirmed [CostumeName] costume.
COSTUME_DECIDE_DUPLICATION,"You already <Yellow>own this costume</>.
Confirm?"
COSTUME_DECIDE_FIX,Confirm
COSTUME_DECIDE_LIMITCOUNT,Remaining Attempts
COSTUME_DECIDE_LIMITTIME,Time Remaining
COSTUME_DECIDE_NOHAVE,No guaranteed costume.
COSTUME_EQUIP,Equip
COSTUME_EQUIP_STAT_TITLE,Equipped Stats
COSTUME_EQUIPBTN,Equip
COSTUME_EXCEED_MAXLIMIT_ERROR,Unable to transcend any more.
COSTUME_EXCEED_MAXLIMIT_GUIDE,This costume can’t transcend any more.
COSTUME_EXCEED_RESULT_TITLE,Costume Transcendence Complete
COSTUME_EXCEED_TITLE,Transcend Costume
COSTUME_GRADE_TEXT,[Grade]-Star
COSTUME_GROUP_COUNT,and [Param] other
COSTUME_GROUP_HINT_TEXT,No Crystal of Binding effect to display.
COSTUME_GROUP_IN,Included Synergy Group
COSTUME_GROUP_LABEL,Crystal of Binding Effect
COSTUME_GROUP_PAGEERROR_LEFT,This is the first Crystal of Binding
COSTUME_GROUP_PAGEERROR_RIGHT,This is the last Crystal of Binding
COSTUME_GROUP_POINT_NAME,Binding Points
COSTUME_GROUP_QUICK_LV_LABEL,When reached
COSTUME_GROUP_QUICK_POINT_LABEL,Point(s)
COSTUME_GROUP_QUICKPANEL_TITLE,Binding Points Detail
COSTUME_GROUP_TIP1,You acquire effects based on the total Binding Points.
COSTUME_GROUP_TOTALPOINT,Total Binding Points
COSTUME_GROUPINFO_LABEL,Included Synergy Group
COSTUME_GROWTH_TITLE,Costume Upgrade Complete
COSTUME_INFO_BTN,Check Ability
COSTUME_INFO_GROUPPOINT,[Value] points
COSTUME_INFOBTN,Check Ability
COSTUME_INFOLABEL_ACTIVESKILL,Memorite Skill
COSTUME_INFOLABEL_PASSIVESKILL,Passive Skill
COSTUME_INFOLABEL_STAT,Stats
COSTUME_LEVELINFO_EXP,[CurrentExp]/[NextExp]
COSTUME_LEVELINFO_MAXLEVEL,Max Level
COSTUME_LEVELINFO_NEEDEXCEED,Transcendence Required
COSTUME_LEVELUP_EXP_GROWTH,[Name] costume became more powerful.
COSTUME_LEVELUP_RESULT_TITLE,Costume Level Up Complete
COSTUME_LEVELUP_RESULT_TITLE2,Costume EXP Complete
COSTUME_LEVELUP_TITLE,Level Up Costume
COSTUME_LOOKEQUIP,Apply Appearance
COSTUME_LOOKEQUIP_MENU,Appearance
COSTUME_LOOKUNEQUIP,Disable Appearance
COSTUME_MAINMENU,Traje
COSTUME_MENU_DECIDE,Confirm
COSTUME_MENU_EQUIP,Equip
COSTUME_MENU_LIMITBREAK,Ascend
COSTUME_MENU_POSABILITY,Owned Effects
COSTUME_MENU_REFORM,Craft
COSTUME_MISSION_ALREADY_COMPLETE,Already completed this Mastery Mission.
COSTUME_MISSION_REWARD_GETALL,Claim all Mastery rewards
COSTUME_MISSION_REWARD_GETALL_COMPLETE,You’ve claimed all Mastery rewards for your costumes.
COSTUME_MISSION_REWARD_GETALL_FAIL,You haven’t achieved any Mastery missions for your costumes.
COSTUME_REROLL_ALLSKIP,Skip Cutscene
COSTUME_SKILL_ASSET_INFO,Required materials per action
COSTUME_SKILL_OFF,Deactivate
COSTUME_SKILL_ON,Activate
COSTUME_SLOTEFFECT_ARMOR_LIST_TIP,"If you acquire <Yellow>3★+ costume</>, you also acquire the Gallery Effect matching the Star Grade. Duplicate acquisitions do not count."
COSTUME_SLOTEFFECT_MENU,Gallery
COSTUME_SLOTEFFECT_MENU_WEAPON,Armory
COSTUME_SLOTEFFECT_NONE,No effect
COSTUME_SLOTEFFECT_POPUP_ARMOR_TIP,Acquired costumes will be registered in the Gallery <Yellow>in order from highest Star Rank</>.
COSTUME_SLOTEFFECT_POPUP_WEAPON_TIP,Acquired Phantom Weapon will be registered in the Armory <Yellow>in order from highest Star Rank</>.
COSTUME_SLOTEFFECT_RESULT_NOTI_ARMOR_DESC,Acquired new Costume. Emperor’s Gallery Effect activated.
COSTUME_SLOTEFFECT_RESULT_NOTI_WEAPON_DESC,Acquired Phantom Weapon. Emperor’s Armory Effect activated.
COSTUME_SLOTEFFECT_RESULT_TITLE,Acquired new Emperor’s Gallery
COSTUME_SLOTEFFECT_RESULT_TITLE_WEAPON,Acquired new Emperor’s Armory
COSTUME_SLOTEFFECT_TITLE,Emperor's Gallery Effect
COSTUME_SLOTEFFECT_TITLE_ALL,Emperor's Gallery Effect
COSTUME_SLOTEFFECT_TITLE_ALL_WEAPON,Emperor’s Armory Effect
COSTUME_SLOTEFFECT_TITLE_WEAPON,Emperor’s Armory Effect
COSTUME_SLOTEFFECT_WEAPON_LIST_TIP,"If you acquire a <Yellow>3★+ Phantom Weapon of my class</>, you gain the Armory Effect of the same Star Grade. Duplicate acquisitions do not count."
COSTUME_TYPE_ARMOR,Costume
COSTUME_TYPE_WEAPON,Phantom Weapon
COSTUME_UNEQUIP,Unequip
COSTUME_VEHICLE_AIRVEHICLE_NEED_ITEM,Insufficient Summon Materials.
COSTUME_VEHICLE_DECIDE_DUPLICATE_TIP_LABEL,Tokens to be Earned
COSTUME_VEHICLE_DECIDE_DUPLICATE_TIP2,"If already owned, 
guaranteed acquisition will grant a Token instead"
COSTUME_VEHICLE_EXCEED_LABEL,Transcendence Cost
COSTUME_VEHICLE_EXCEED_OK_ERROR,Insufficient materials.
COSTUME_VEHICLE_GROWTH_EXCEED_BTN,Transcend
COSTUME_VEHICLE_GROWTH_LABEL1,Consumed Materials
COSTUME_VEHICLE_GROWTH_LABEL2,Cost
COSTUME_VEHICLE_GROWTH_LEVELUP_BTN,Level Up
COSTUME_VEHICLE_ITEMTOOLTIP_TITLE,Reward List
COSTUME_VEHICLE_LEVEL,Lv.[Level]
COSTUME_VEHICLE_LEVELUP_1LEVELDOWN_ERROR,You can’t lower it any further.
COSTUME_VEHICLE_LEVELUP_1LEVELUP_ERROR,Max level reached.
COSTUME_VEHICLE_LEVELUP_AUTO,Use Max Materials
COSTUME_VEHICLE_LEVELUP_LABEL,Level Up Cost
COSTUME_VEHICLE_LEVELUP_MINUS_ERROR,Cannot decrease any further.
COSTUME_VEHICLE_LEVELUP_MINUS1,-1 Level
COSTUME_VEHICLE_LEVELUP_NOTMETERIAL,You don’t have any materials.
COSTUME_VEHICLE_LEVELUP_OK_ERROR,Please select materials for level up.
COSTUME_VEHICLE_LEVELUP_PLUS1,+1 Level
COSTUME_VEHICLE_MAXLEVEL,Max Lv.[Level]
COSTUME_VEHICLE_MISSION,Proficiency
COSTUME_VEHICLE_MISSION_BACK,Return to list
COSTUME_VEHICLE_MISSION_BTN,Go to Proficiency
COSTUME_VEHICLE_MISSION_COMPLETE_NOTI,[MissionName] Proficiency Complete
COSTUME_VEHICLE_MISSION_COMPLETE_TITLE,[Name] Proficiency Increased
COSTUME_VEHICLE_MISSION_NEED_COMPLETE,You didn’t complete the Proficiency Mission yet.
COSTUME_VEHICLE_MISSION_NOHAVE_COSTUME,You don’t own this costume.
COSTUME_VEHICLE_MISSION_NOHAVE_VEHICLE,You don’t own this mount.
COSTUME_VEHICLE_MISSION_NOHAVE_VEHICLE_AIR,You don’t own this Glider
COSTUME_VEHICLE_MISSION_PROGRESS,[CompleteCount] / [MaxCount]
COSTUME_VEHICLE_MISSION_STATUS_COMPLETE,Completed
COSTUME_VEHICLE_MISSION_STATUS_GETREWARD,<Yellow>Reward Available</>
COSTUME_VEHICLE_MISSION_STATUS_HIDE,???
COSTUME_VEHICLE_MISSION_STATUS_INPROGRESS,<Yellow>In Progress</>
COSTUME_VEHICLE_MISSION_STATUS_NOTSTART,Pre-process
COSTUME_VEHICLE_MISSIONREWARD_BTN,Claim Reward
COSTUME_VEHICLE_MISSIONREWARD_LABEL1,Reward Item
COSTUME_VEHICLE_MISSIONREWARD_LABEL2,Reward Stats
COSTUME_VEHICLE_NEED_LEVELUP,Please select materials for level up.
COSTUME_VEHICLE_NOASSET,Insufficient Resources
COSTUMEVEHICLE_DECIDE_BTN,Confirm
COSTUMEVEHICLE_DUPLICATE_COST,Guaranteed Reward
COSTUMEVEHICLE_DUPLICATETIP,Owned
COSTUMEVEHICLE_MISSION_GETREWARD_ERROR,Available after completing the Proficiency Mission.
COSTUMEVEHICLE_MISSION_NEED_CONDITION,Insufficient Proficiency.
COSTUMEVEHICLE_MISSION_REWARD_ALREADY_MSG,It has already been claimed.
COSTUMEVEHICLE_MISSION_REWARD_BTN_REWARD,Claim Reward
COSTUMEVEHICLE_MISSION_REWARD_SUBTITLE_ITEM,Item
COSTUMEVEHICLE_MISSION_REWARD_SUBTITLE_STAT,Stats
COSTUMEVEHICLE_MISSION_REWARD_TITLE,Reward List
COSTUMEVEHICLE_STATINFO,Details
EQUIPUI_LIST_FILTER_LEVEL,View Upgradeable Items Only
EQUIPUI_LIST_FILTER_MAX_LEVEL,No upgradeable item available in the list.
EQUIPUI_LIST_FILTER_EMPTY,No item in possession.
CRAFT_ACQUIRE_INFORMATION,Obtained From
CRAFT_ADVANCED_GRADE_NEED_TEXT,Requires Class Advancement to Tier [Rank]
CRAFT_BIGSUCCESS_RATE,Great Success Rate: [Value]%
CRAFT_BIGSUCCESS_RATE_TEXT,Great Success Rate
CRAFT_BIGSUCCESS_TEXT,Great Success
CRAFT_BTN_RECIPE_USE,Activate Recipe
CRAFT_CONFIRM_BONUS_RESULT_TEXT,Guraranteed Crafting
CRAFT_CONFIRM_RATE_APPLY_BIGSUCCESS,Great Success
CRAFT_CONFIRM_RATE_APPLY_MASTERPIECESUCCESS,Ultimate Success
CRAFT_CONFIRM_RATE_APPLY_OVER_BIGSUCCESS,Great Success or higher
CRAFT_CONFIRM_RATE_APPLY_OVER_SUCCESS,Success or higher
CRAFT_CONFIRM_RATE_APPLY_SUCCESS,Success
CRAFT_CONFIRM_REMAIN_COUNT_TEXT,[CurrentCount] / [ConfirmCount]
CRAFT_CONFIRM_REMAIN_TEXT,Remaining attempts [ConfirmRateApply]until Guaranteed[ConfirmResultCheck]
CRAFT_CONFIRM_RESULT_CHECK_BIGSUCCESS,Great Success
CRAFT_CONFIRM_RESULT_CHECK_CRAFT,Craft
CRAFT_CONFIRM_RESULT_CHECK_FAIL,Failure
CRAFT_CONFIRM_RESULT_CHECK_MASTERPIECESUCCESSS,Ultimate Success
CRAFT_CONFIRM_RESULT_CHECK_SUCCESS,Success
CRAFT_COST_TEXT,Craft Cost Discount
CRAFT_CRAFT_INFORMATION,Craft Details
CRAFT_EXFIRED_DATE_FAIL_SYSTEM_MSG,Crafting duration has expired.
CRAFT_FACTION_COST_DISCOUNT,[Param]%
CRAFT_FACTION_GRADE_NAME,Affinity: [GradeName]
CRAFT_FACTION_GRADE_NEED_TEXT,[Name]Affinity[Value] level required
CRAFT_FACTION_INFO,Recipe Details
CRAFT_FACTION_INFO_DESC,Crafting costs are discounted based on the level of Adventure and Clan’s Affinity.
CRAFT_FACTION_LEVEL_NEED_TEXT,Adventurer Affinity Level [Grade] required
CRAFT_FACTION_RECIPE,"Recipe required
[FactionName] Guild Affinity Reward"
CRAFT_FAIL_BONUS_TIP,"<Buff>[Guaranteed Crafting System Notice]</>
- If the <Orange>accumulated crafting failures</> reach maximum, <Blue>the next crafting is guaranteed</>.
- After the <Blue>guaranteed crafting</>, the <Orange>accumulated failure count</> will be reset."
CRAFT_FAIL_RATE,Failure Rate: [Value]%
CRAFT_FAIL_RATE_TEXT,Failure Rate
CRAFT_FAIL_TEXT,Failure
CRAFT_IMMEDIATELY_BTN_TEXT,Instant Crafting
CRAFT_IMMEDIATELY_CRAFT_NO,Cancel
CRAFT_IMMEDIATELY_CRAFT_OK,Craft
CRAFT_IMMEDIATELY_CRAFT_SUBTEXT,"[Count] Consumed materials
[ItemName]"
CRAFT_IMMEDIATELY_CRAFT_TEXT,Do you want to instantly craft [Count] [ItemName]?
CRAFT_IMMEDIATELY_CRAFT_TITLE,Instant Crafting
CRAFT_IMPOSSIBLE,Uncraftable
CRAFT_INPUT_COUNT_MSG,Enter the quantity to craft.
CRAFT_INVENTORY_FAIL_SYSTEM_MSG,Insufficient space in inventory. Unable to craft.
CRAFT_LEVEL_FAIL_SYSTEM_MSG,Unsufficient levels. Unable to craft.
CRAFT_LEVEL_FAIL_TIP,Craft Level Limit: Lv. [Level]
CRAFT_MARKET,Marketplace
CRAFT_MASTERPIECE_RATE_TEXT,Ultimate Success Rate
CRAFT_MASTERPIECE_TEXT,Ultimate Success
CRAFT_MASTERPIECESUCCESS_TEXT,Ultimate Success
CRAFT_MATERIAL_LACK_SYSTEM_MSG,Unable to craft due to insufficient materials.
CRAFT_MATERIAL_NOT_ENOUGH_BOX_MSG,There are no boxes to obtain this item.
CRAFT_MATERIAL_REPLACEMENT,Substitute Material
CRAFT_MATERIAL_REPLACEMENT_BUTTON,Substitute
CRAFT_MATERIAL_REPLACEMENT_NEED_SELECT_SYSTEM_MSG,You didn’t select a substitute material.
CRAFT_MATERIAL_SELECT_TIP,Selected items will be used in order of untradable to tradable.
CRAFT_MAX_CRAFT_COUNT,[Count1]/[Count2]
CRAFT_MAX_CRAFT_COUNT_DESC,Max Crafting Quantity
CRAFT_MENU_TEXT,Craft
CRAFT_MENU_TEXT_RECIPE,Activate Recipe
CRAFT_MSG_MATERIAL_RECIPE_NOTHING,The required item to activate recipe is not in your inventory.
CRAFT_NEED_REGISTERED_RECIPE,You can’t expand the quantity of an inactive recipe.
CRAFT_NOT_REGISTERED_RECIPE,There are no registered recipes.
CRAFT_NOTENOUGH_COUNT_FAIL_SYSTEM_MSG,Unable to craft beyond maximum limit.
CRAFT_NOTENOUGH_MATERIAL_FAIL_SYSTEM_MSG,Insufficient materials.
CRAFT_PERIODDAY_TEXT,Craftable until: [YYYY].[MM].[DD] [hh]:[mm]
CRAFT_POSSIBLE,Able to craft
CRAFT_QUICK_CRAFT,Craft Now
CRAFT_QUICK_CRAFT_COUNT,(+[Value])
CRAFT_RECIPE_OPEN,[ItemName] has been activated.
CRAFT_RESULT_CLOSE_DESC,Tap to close window.
CRAFT_RESULT_RATE_TEXT,Crafting Result Rate
CRAFT_RESULT_TEXT,Crafting Result
CRAFT_SUCCESS_RATE,Success Rate: [Value]%
CRAFT_SUCCESS_RATE_TEXT,Chance of Success
CRAFT_SUCCESS_TEXT,Success
CRAFTINFO_TITLE1,Crafting Materials
CRAFTINFO_TITLE2,Crafting List
CRESET_BTN_SELECT_ALL,Select All
CREST_ALL_CANCEL_BTN_SELECT_DIMMED_MSG,No items registered. Unable to unselect all.
CREST_APPRAISAL_BTN,Identify
CREST_APPRAISAL_BTN_MOVE,Go to Identify
CREST_APPRAISAL_COST_LABEL,Identification Material
CREST_APPRAISAL_MULTI_TIP,"Select a Powerstone to identify. You can 
identify<Yellow> up to [Count]</> at once."
CREST_APPRAISAL_MULTITIP1,"When identifying, the durability is unlocked based on stats."
CREST_APPRAISAL_MULTITIP2,Tradeable item will become untradeable.
CREST_APPRAISAL_RANDOMSTAT_SLOT1,1st random stats to be unlocked
CREST_APPRAISAL_RANDOMSTAT_SLOT2,2nd random stats to be unlocked
CREST_APPRAISAL_RANDOMSTAT_SLOT3,3rd random stats to be unlocked
CREST_APPRAISAL_RESULT_TITLE,Identification Result
CREST_APPRAISAL_TAB_MULTI,Multiple Identification
CREST_APPRAISAL_TAB_SINGLE,Normal Identification
CREST_APPRAISAL_TIP,Stats will be unlocked when identifying.
CREST_APPRAISAL_TITLE_ITEMS,Identification Target
CREST_APPRAISAL_UN,Unidentified
CREST_APPRAISAL_VALUE_LABEL,Identification Cost
CREST_APPRAISALLABEL_BASICSTAT,Basic Stats
CREST_APPRAISALLABEL_BIND,Tradability
CREST_APPRAISALLABEL_RANDOMSTAT,Random Stats
CREST_APPRAISALTAB_MULTI,Multiple
CREST_APPRAISALTAB_SINGLE,Single
CREST_ATONCE_BINDPAGE,Equippable Crest
CREST_ATONCE_BINDPAGE_NAME1,Crest Name 1
CREST_ATONCE_BINDPAGE_NAME2,Crest Name 2
CREST_ATONCE_BINDPAGE_NAME3,Crest Name 3
CREST_ATONCE_BINDPAGE_NAME4,Crest Name 4
CREST_ATONCE_GRADE,Star
CREST_ATONCE_TYPE,Type
CREST_BIND_CHANGE,<Unbind>Tradeable</> item will become <Bind>untradeable</>
CREST_CANCEL_ALL_MSG,No item to deselect.
CREST_CANNOT_LEVEUP_1,Unable to reset at Level 1.
CREST_COST_BAR,/
CREST_COST_CURRENTCOUNT,[Value]
CREST_COST_LABEL,Crest Power
CREST_COST_MAXCOUNT,[Value]
CREST_COUNT_EDIT,Set the registering quantity.
CREST_DESC_BINDPAGE,Bound Page
CREST_DISASSEMBLE_BTN,Disassembly
CREST_DISASSEMBLE_GAIN_REWARD_TITLE,Obtainable
CREST_DISASSEMBLE_RESULT_VIEW,Disassembly Result Preview
CREST_DISASSEMBLE_TIP,Select a Powerstone to disassemble. You can disassemble up to [Count] at once.
CREST_DISASSEMBLE_TITLE_ITEMS,Disassemble Target
CREST_DISSASEMBLE_TIP,You can obtain Crest Level Up materials when disassembling.
CREST_ENCHANT_BREAK_SYSTEM_MSG,Failed to refine +[Value]. Powerstone was destroyed.
CREST_ENCHANT_BTN,Refine
CREST_ENCHANT_BTN_MOVE,Go to Refine
CREST_ENCHANT_COST_LABEL,Refine Materials
CREST_ENCHANT_PREV_GRADE_MSG,Unable to select the previous Refine Level.
CREST_ENCHANT_STOP_BUTTON,Stop refining
CREST_ENCHANT_TAB_MULTI,Multiple refining
CREST_ENCHANT_TAB_SINGLE,Refine
CREST_ENCHANT_TABMULTI,Multiple
CREST_ENCHANT_TABSINGLE,Single
CREST_ENCHANT_TIP,Stats will either increase or unlock when refining.
CREST_ENCHANT_VALUE_LABEL,Refining Cost
CREST_ENHANCE_TITLE_ITEMS,Refining Target
CREST_ENHANCE_TRY_COST_TITLE,Level-up Attempt Cost
CREST_EQUIP_BTN,Equip
CREST_EQUIP_BTN_MOVE,Go to Equip
CREST_EQUIPERROR_COST,Insufficient Crest Power.
CREST_EQUIPERROR_TYPE,Unable to equip in this slot.
CREST_FILTER_ALL_RELEASE_CHECKBOX,Unequip All
CREST_FILTER_APPLY,Apply
CREST_FILTER_CONTAIN,Include
CREST_FILTER_NOT_APPLY,Not applied
CREST_FILTER_NOT_CONTAIN,Not included
CREST_FILTER_NOTHING_SELECT,No Powerstones were selected for bulk selection.
CREST_FILTER_OPTION_RELEASE_NOTHING,Nothing was sorted through the selected filter.
CREST_FILTER_RESET_ERROR,Filter has not been applied yet.
CREST_FILTER_SELECT_FAIL_MSG,You don’t own the item set for bulk selection.
CREST_FILTER_SELECT_SUCCESS_MSG,Selected all set items.
CREST_FILTER_SETTING_APPLY,Select All Targets
CREST_FILTER_SETTING_CHECKBOX_NOT_APPRAISAL_STATE,Unidentified
CREST_FILTER_SETTING_CHECKBOX_SELECT_ALL,All Stats
CREST_FILTER_SETTING_IS_APPLY,Apply Select All
CREST_FILTER_SETTING_IS_NOT_APPRAISAL_APPLY,Unappraised Powerstone
CREST_FILTER_SETTING_NOT_APPLY,Exclude from Select All
CREST_FILTER_SETTING_SUBTITLE_APPRAISAL_OPTION,Appraised Stat
CREST_FILTER_SETTING_SUBTITLE_ENCHANT_OPTION_1,+4 Refine Stat
CREST_FILTER_SETTING_SUBTITLE_ENCHANT_OPTION_2,+7 Refine Stat
CREST_FILTER_SETTING_SUBTITLE_ENCHANT_OPTION_3,+10 Refine Stat
CREST_FILTER_TAB_ERROR,Detailed filter has been applied.
CREST_INVENTORY_EXPAND_TITLE,Expand Powerstone Inventory
CREST_INVENTORY_EXPANDED,Powerstone inventory expanded to [Count] slots.
CREST_INVENTORY_EXTEND_MAX_MSG,Reached max level. Cannot expand further.
CREST_ITEMDESC_STAT1,Unlocked upon Appraisal
CREST_ITEMDESC_STAT2,Unlocked at +[Value] Refine Level
CREST_LEVEL_UP_GOLD_LACK_MSG,Insufficient resources to enhance Crest.
CREST_LEVEL_UP_MATERIAL_LACK_MSG,Insufficient materials to enhance Crest.
CREST_LEVELCOST,Crest Power: [Value]
CREST_LEVELRESET_COST_PAYPACK,Refund
CREST_LEVELRESET_COST_PAYPACK_RATE,Refund Rate: [RefundRate]%
CREST_LEVELRESET_COST_TOTAL,Use
CREST_LEVELRESET_TITLE,Reset Crest Level
CREST_LEVELRESET_TITLE_CREST,Reset Crest
CREST_LEVELRESETMESSAGE,"The level of <Yellow>[CrestName]</> will be reset, and a portion of the 
used Crystals of Power will be refunded based on the refund rate."
CREST_LEVELUP_BTN,Level Up
CREST_LEVELUP_BTN_INIT,Reset Level
CREST_LEVELUP_COST_LABEL,Level Up Material
CREST_LEVELUP_COUNT_LABEL,Attempt Level Up
CREST_LEVELUP_NOMORE_LEVELUP,Cannot enhance any further.
CREST_LEVELUP_TIP,"Upon level up, the level increases randomly by 1 to 5. Material consumption increases with each attempt."
CREST_LEVELUP_TITLE,Crest Level Up
CREST_LEVELUP_VALUE_LABEL,Level Up Cost
CREST_LEVELUPCOUNT,[Value]Time(s)
CREST_LEVELUPTIP,Levels up randomly between Lv. 1 and [MaxLevel].
CREST_LIST_NOHAVE,No Powerstones owned.
CREST_LIST_NOHAVE_APPRAISAL,Appraise Powerstones to unlock stats.
CREST_LIST_NOHAVE_DISASSEMBLE,Disassemble Powerstones to obtain materials required for Crest Level Up.
CREST_LIST_NOHAVE_ENCHANT,Refine Powerstones to unlock or increase stats.
CREST_LIST_NOHAVE_EQUIP,Equip Powerstones to a Crest to grant stats.
CREST_MAXLEVEL_NOTI,This Crest is at its max level.
CREST_SAFE_ENCHANT_LABEL,+[Value]
CREST_STAT_LABEL1,Basic Stats
CREST_STAT_LABEL2,Random Stats
CREST_STATOPEN_1,Base Stat to be Unlocked
CREST_STATOPEN_2,1st random stats to be unlocked
CREST_STATOPEN_3,2nd random stats to be unlocked
CREST_STATOPEN_4,3rd random stats to be unlocked
CREST_STONE_ALL_CANCEL,Unequip All
CREST_STONE_ATONCE,Select All
CREST_STONE_ATONCE_APPRAISAL,Select All for Appraisal
CREST_STONE_ATONCE_DISASSEMBLE,Select All for Disassembly
CREST_STONE_ATONCE_ENHANCE,Select All for Refine
CREST_STONE_ATONCE_ENHANCE_LEVEL_SELECT,Instant Refine Level Selection
CREST_STONE_ENCHANT_MAX_LEVEL_MSG,Reached max Refine level.
CREST_STONE_ENCHANT_SUCCESS_SYSTEM_MSG,Successfully refined to +[Value].
CREST_STONE_EQUIP_NOT_APPRAISAL,Unappraised Powerstones cannot be equipped.
CREST_STONE_FILTER_ENHANCE_LEVEL,Appraised Stat
CREST_STONE_FILTER_ENHANCE_LEVEL1,+4 Refine Stat
CREST_STONE_FILTER_ENHANCE_LEVEL2,+7 Refine Stat
CREST_STONE_FILTER_ENHANCE_LEVEL3,+10 Refine Stat
CREST_STONE_OPTION_ENHANCE_LEVEL,Identify
CREST_STONE_OPTION_ENHANCE_LEVEL1,+4 Refine
CREST_STONE_OPTION_ENHANCE_LEVEL2,+7 Refine
CREST_STONE_OPTION_ENHANCE_LEVEL3,+10 Refine
CREST_STONE_OPTION_POPUP_TITLE,Powerstone Stat Info
CREST_STONE_PAGE_CAN_NOT_EQUIP,No slots available to equip on this page.
CREST_STONE_STATE_EQUIP_PAGE,[Name] Equipped
CREST_STONE_STATE_NOT_APPRAISAL,Unidentified
CREST_STONE_TYPE_NAME_DESTINY,Powerstone of Fate
CREST_STONE_TYPE_NAME_DESTROY,Powerstone of Destruction
CREST_STONE_TYPE_NAME_INSTINCT,Powerstone of Instinct
CREST_STONE_TYPE_NAME_JUDGMENT,Powerstone of Judgment
CREST_STONE_TYPE_NAME_MYSTERY,Powerstone of Mystery
CREST_STONE_TYPE_NAME_PROTECT,Powerstone of Protection
CREST_STONE_TYPE_NAME_RESISTANCE,Powerstone of Resistance
CREST_STONE_TYPE_NAME_SETTING,<Yellow>[CrestName]</> Select All Settings
CREST_STONE_TYPE_NAME_VICTORY,Powerstone of Victory
CREST_SUBTITLEMENU_CREST,Crest
CREST_SUBTITLEMENU_CRESTSTONE,Powerstone
CREST_SUBTITLEMENU_CRESTSTONE_APPRAISAL,Appraise Powerstone
CREST_SUBTITLEMENU_CRESTSTONE_DISASSEMBLE,Disassemble Powerstone
CREST_SUBTITLEMENU_CRESTSTONE_ENCHANT,Refine Powerstone
CREST_SUBTITLEMENU_CRESTSTONE_EQUIP,Equip Powerstone
CREST_SUBTITLEMENU_LEVELUP,Crest
CREST_SUBTITLEMENU_LIST,Crest List
CREST_TAB_NAME_CREST_LEVELUP,Crest Level Up
CREST_TAB_NAME_EQUIP,Equip Powerstone
CREST_TITLE,Crest of the Ancients
CREST_TYPE_DESTINY,Powerstone of Fate
CREST_TYPE_DESTROY,Powerstone of Destruction
CREST_TYPE_INSTINCT,Powerstone of Instinct
CREST_TYPE_JUDGMENT,Powerstone of Judgment
CREST_TYPE_MYSTERY,Powerstone of Mystery
CREST_TYPE_PROTECT,Powerstone of Protection
CREST_TYPE_RESISTANCE,Powerstone of Resistance
CREST_TYPE_VICTORY,Powerstone of Victory
CREST_UNEQUIP_BTN,Unequip
CRESTSTONE_ATONCE_POPUP,Select All
CRESTSTONE_ENCHANT_MAXLEVEL,Reached max Refine level.
CRESTSTONE_ENCHANT_MULTITIP1,Base stats increase as the Refine level increases.
CRESTSTONE_ENCHANT_MULTITIP2,Random stats are unlocked according to the Refine level.
CRESTSTONE_ENCHANT_SUCCESS_SYSTEM_MSG,Successfully refined to +[Value].
CRESTSTONE_FILTER_PAGEALL,All Crests
CRESTSTONE_FILTER_POPUP,Filter
CRESTSTONE_FILTER_STATALL,All Stats
CRESTSTONE_FILTER_TYPEALL,All Types
CRESTSTONE_AUTO_EQUIP_TITLE,Auto-Equip Powerstone
CRESTSTONE_AUTO_EQUIP_TIP1,"Would you like to auto-equip Powerstones?
<Yellow>Powerstones with higher Combat Power will be automatically equipped</>."
CRESTSTONE_AUTO_EQUIP_TIP2,A Powerstone with higher Combat Power is already equipped.
CRESTSTONE_AUTO_EQUIP_FAIL,No Powerstones available to auto-equip.
CROWDCONTROL_BINDING_NOT_USE,Rooted.
CROWDCONTROL_DASH_NOT_USE,Dash disabled.
CROWDCONTROL_FEAR_NOT_USE,Feared.
CROWDCONTROL_FROZEN_NOT_USE,Frozen.
CROWDCONTROL_HPPOTION_NOT_USE,HP Potion disabled.
CROWDCONTROL_IMPACT_NOT_USE,Shocked.
CROWDCONTROL_ITEM_NOT_USE,Item usage disabled.
CROWDCONTROL_KNOCKBACK_NOT_USE,Knocked back.
CROWDCONTROL_KNOCKDOWN_NOT_USE,Knocked down.
CROWDCONTROL_KNOCKUP_NOT_USE,Airborne.
CROWDCONTROL_MINDCONTROL_NOT_USE,Mind Controlled.
CROWDCONTROL_OVERPOWER_NOT_USE,Suppressed.
CROWDCONTROL_POLYMORPH_NOT_USE,Polymorphed.
CROWDCONTROL_PROVOKE_NOT_USE,Taunted.
CROWDCONTROL_SHIFT_NOT_USE,Forced Movement.
CROWDCONTROL_SILENCE_NOT_USE,Silenced.
CROWDCONTROL_STUN_NOT_USE,Stunned.
EROSION_OBLIVION_NOT_USE,Affected by Oblivion.
EROSION_ENCROACHMENT_NOT_USE,Affected by Encroachment.
EROSION_VOID_NOT_USE,Affected by the Void.
CURRENT_SALES_AMOUNT,Current Sale Price
CUSTOMIZATION_PRESET_SELECTION_RESET_WARNING_MSG,Changing the preset will reset your current appearance settings. Select preset?
CUSTOMIZATION_PRESET_SELECTION_RESET_WARNING_TITLE,Appearance Reset Warning
CUSTOMIZE_LOAD_FAIL_CORRUPTED_DATA,Customization data is corrupted and cannot be loaded.
CUSTOMIZE_LOAD_FAIL_NO_DATA,No customization data in this file. Cannot load.
CUSTOMIZE_LOAD_FAIL_OUT_OF_RANGE,Customization data is out of the allowed range. Cannot load.
CUSTOMIZE_MODE_GAME_START_NOT_READY,The story of the Abandoned Land can be experienced at the PC demo station.
CUSTOMIZE_SAVE_FAIL_INSUFFICIENT_STORAGE,Insufficient internal storage space. Cannot save.
CUSTOMIZE_SAVE_FAIL_NO_PERMISSION,Lack of permission. Cannot save.
CUTSCENE_WAIT_PARTY_MEMBER,Waiting for other Party members’ cutscenes to end.
DATA_RESET_FAIL,Failed to reset patch data.
DATA_RESET_NOT_AVAILABLE,No patch data to reset.
DATA_RESET_POPUP_MESSAGE,"Accepting will delete all downloaded patches.
Proceed?"
DATA_RESET_POPUP_TITLE,Reset Data
DATA_RESET_SUCCESS,Successfully reset patch data.
DAYOFWEEK_TIME_VIEW1,[DayOfWeek1] [Time]
DAYOFWEEK_TIME_VIEW2,[DayOfWeek2] [Time]
DAYOFWEEK_TIME_VIEW3,[DayOfWeek3] [Time]
DAYOFWEEK_TIME_VIEW4,[DayOfWeek4] [Time]
DAYOFWEEK_VIEW1_FRIDAY,Friday
DAYOFWEEK_VIEW1_MONDAY,Monday
DAYOFWEEK_VIEW1_SATURDAY,Saturday
DAYOFWEEK_VIEW1_SUNDAY,Sunday
DAYOFWEEK_VIEW1_THURSDAY,Thursday
DAYOFWEEK_VIEW1_TUESDAY,Tuesday
DAYOFWEEK_VIEW1_WEDNESDAY,Wednesday
DAYOFWEEK_VIEW2_FRIDAY,Every Friday
DAYOFWEEK_VIEW2_MONDAY,Every Monday
DAYOFWEEK_VIEW2_SATURDAY,Every Saturday
DAYOFWEEK_VIEW2_SUNDAY,Every Sunday
DAYOFWEEK_VIEW2_THURSDAY,Every Thursday
DAYOFWEEK_VIEW2_TUESDAY,Every Tuesday
DAYOFWEEK_VIEW2_WEDNESDAY,Every Wednesday
DAYOFWEEK_VIEW3_FRIDAY,Every Fri
DAYOFWEEK_VIEW3_MONDAY,Every Mon
DAYOFWEEK_VIEW3_SATURDAY,Every Sat
DAYOFWEEK_VIEW3_SUNDAY,Every Sun
DAYOFWEEK_VIEW3_THURSDAY,Every Thu
DAYOFWEEK_VIEW3_TUESDAY,Every Tue
DAYOFWEEK_VIEW3_WEDNESDAY,Every Wed
DAYOFWEEK_VIEW4_FRIDAY,Fri
DAYOFWEEK_VIEW4_MONDAY,Mon
DAYOFWEEK_VIEW4_SATURDAY,Sat
DAYOFWEEK_VIEW4_SUNDAY,Sun
DAYOFWEEK_VIEW4_THURSDAY,Neck
DAYOFWEEK_VIEW4_TUESDAY,Tue
DAYOFWEEK_VIEW4_WEDNESDAY,Wed
DEATH_MSG,You died.
DEATH_PENALTY_RECOVERY_ASSET_CONFIRM_POPUP_MESSAGE,Spend the resource below to recover lost EXP?
DEATH_PENALTY_RECOVERY_ASSET_CONFIRM_POPUP_TITLE,Restore Death Penalty
DEATH_PENALTY_RECOVERY_ASSET_CANT_SWITCH,You cannot select other resources while you hold a Death Penalty Recovery Coupon.
DEATH_PENALTY_RECOVERY_DELETE_POPUP_TITLE,Delete Additional Recovery
DEATH_PENALTY_RECOVERY_DELETE_POPUP_MESSAGE,Do you want to delete the selected Additional Recovery?
DEATH_PENALTY_RECOVERY_DELETE_POPUP_SUBMESSAGE,<Red>Deleted Additional Recovery cannot be restored.</>
DELETE_MAP_MARK_NOTIFICATION_MESSAGE,Location Marker deleted.
DIALOG_CANCEL_ATTACKED,Attacked. Conversation interrupted.
DIALOG_CHOICE_MUST_SELECT,Response required.
DISCONNECTED_PLAY_ACQUIRED_EXP,Acquired EXP
DISCONNECTED_PLAY_ACQUIRED_GOLD,Acquired Resource(s)
DISCONNECTED_PLAY_ACQUIRED_ITEM,Acquired Item(s)
DISCONNECTED_PLAY_CONFIRM_POPUP_MESSAGE,"Switching to Offline AI Mode will close the game in <Yellow>5s</>,
and your combat will continue.
<Red>※ Offline AI Mode lasts for up to 24 hours from the start.</>"
DISCONNECTED_PLAY_CONFIRM_POPUP_MESSAGE_SUB,"
Offline AI Mode will end if your character dies or doesn’t engage in combat for 180s."
DISCONNECTED_PLAY_COUNTDOWN_MESSAGE,The game will close in <Red>[Time]</>s.
DISCONNECTED_PLAY_DEATH,Died in Offline AI Mode
DISCONNECTED_PLAY_DEATH_LOST_EXP,<Red>Lost EXP: [Value]</>
DISCONNECTED_PLAY_DEATH_MESSAGE,You were slain by [Name].
DISCONNECTED_PLAY_DEATH_TIMESTAMP,[yyyy]-[MM]-[dd] [HH]:[mm]:[ss]
DISCONNECTED_PLAY_MODE,Offline AI Mode
DISCONNECTED_PLAY,Offline Play
DISCONNECTED_PLAY_NO_ITEM_LIST,No items acquired.
DISCONNECTED_PLAY_NO_REMAINING_TIME_NOTIFY,No remaining Offline AI Mode time. Cannot start.
DISCONNECTED_PLAY_PROGRESSING_CINEMATIC_NOTIFY,Cannot start Offline AI Mode during a cinematic cutscene.
DISCONNECTED_PLAY_PROGRESSING_FADER_NOTIFY,Cannot start Offline AI Mode during screen transitions.
DISCONNECTED_PLAY_PROGRESSING_TUTORIAL_NOTIFY,Cannot start Offline AI Mode during a tutorial.
DISCONNECTED_PLAY_REMAINING_TIME,Time Remaining
DISCONNECTED_PLAY_RESULT,Offline AI Mode Result
DISCONNECTED_PLAY_TIME,Play Time
DISCONNECTED_PLAY_UNAVAILABLE_INSUFFICIENT_TIME_MESSAGE,Offline AI Mode time exhausted. Cannot use.
DISCONNECTED_PLAY_UNAVAILABLE_NO_NEARBY_ENEMIES_MESSAGE,No enemies nearby. Cannot use Offline AI Mode.
DISCONNECTED_PLAY_UNAVAILABLE_WORLD_MESSAGE,Cannot use Offline AI Mode in this location.
DISTRIBUTION_AMOUNT_INPUT_PROMPT,Enter the amount to distribute.
DISTRIBUTION_TYPE_UNAVAILABLE_GRADE_SELECTION,Grade selection is not available for this distribution type.
DROP_EVENT_MAINTAIN_REWARD_LABLE,Main Reward Item
DUNGEON_ACCEPTPOPUP_TITLE,Start Task
DUNGEON_EXIT_FAILED_PK,Cannot exit while in combat with another player.
DUNGEON_TYPE_MODULAR,[Note]
DUNGEONMISSION_CLEAR_ALL,All Missions Complete
DUNGEONMISSION_CLEAR_RECORD,Clear Record
DUNGEONMISSIONLIST_TITLE,Task
DUNGEONMISSION_CLEAR_ITEM_TRIALGATE_MSG,You can use <Yellow>[Name]</> to complete the mission instantly.
DUNGEONMISSION_CLEAR_ITEM_TRESUREBOX_MSG,You can use <Green>[Name]</> to complete the mission instantly.
EFFECT_MENU_EMPTY,Nenhum efeito ativo.
EFFECT_POPUP_EMPTY,Nenhum efeito ativo.
EFFECT_POPUP_TITLE,Effect Info
EFFECT_SUBTITLE_BUFF,Buff
EFFECT_SUBTITLE_DEBUFF,Debuff
EFFECT_SUBTITLE_PASSIVE,Passive
ENCHANT_AND_ITEMNAME,[EnchantValue] [ItemName]
ENCHANT_QTE_TOUCH,Touch the screen.
ENEMY_CLAN,Hostile Clans
ENEMY_CLAN_LIST,Hostile Clan List
ENEMY_CLAN_LIST_EMPTY_NOTIFICATION,No Hostile Clans.
ENHANCE_BREAK_RATE_TEXT,Destruction
ENHANCE_DOWNGRADE_RATE_TEXT,Downgrade
ENHANCE_ITEM_NOTHING,No Enhancement materials.
ENHANCE_SAFETY_ENHANCE_SELECT,Select Enhance Safety
ENHANCE_STEADY_RATE_TEXT,Maintain
ENHANCE_UPGRADE_RATE_TEXT,+1 Enhancement
ENHANCE_UPGRADE2_RATE_TEXT,+2 Enhancement
EQUIPMENT_AUTO_MAGIC_OPTION_LOW_OPTION_DESC,Cannot set a stat value lower than the currently Infused stat.
EQUIPMENT_AUTO_MAGIC_OPTION_MATERIAL_LACK_DESC,Auto-Infuse ended due to insufficient materials or resources.
EQUIPMENT_AUTO_MAGIC_OPTION_MATERIAL_LACK_TITLE,Auto-Infuse Ended
EQUIPMENT_AUTO_MAGIC_OPTION_NEED_CHECK,Please select the stats to Infuse.
EQUIPMENT_AUTO_MAGIC_OPTION_SUCCESS_DESC,The stat set for Auto-Infuse has been applied.
EQUIPMENT_CNCHANT_BREAK_REWARD_TITLE,Enhancement Destruction Compensation
EQUIPMENT_COMBINATION_DETAIL_FILTER_POPUP_DESC,Items to be used as materials can be batch-selected using Grade and Stat filters.
EQUIPMENT_COMBINATION_DETAIL_FILTER_POPUP_TITLE,Select All Materials Filter
EQUIPMENT_COMBINATION_GRADE_AND_OPTION_REQUIRED,You must select Grade and Stats to batch-select materials.
EQUIPMENT_COMBINATION_MATERIAL_EXCLUSION_FILTER,Excluded Stat Filter for Fusion
EQUIPMENT_COMBINATION_MULTI_BUTTON,Multi Fusion
EQUIPMENT_COMBINATION_MULTI_UI_TIP,Tooltip TBD
EQUIPMENT_COMBINATION_OPTION_REQUIRED,You must select stats per slot to batch-select materials.
EQUIPMENT_COMBINATION_SINGLE_BUTTON,Fuse
EQUIPMENT_COMBINATION_SINGLE_UI_TIP,Fusion failure may result in a Grade downgrade.
EQUIPMENT_COMBINATION_UI_TITLE,Fuse
EQUIPMENT_ENCHANT_ASSET_TIP_DESC,Insufficient resources for Enhancement.
EQUIPMENT_ENCHANT_BLESSED_TIP_DESC,Enhance level increases without failure.
EQUIPMENT_ENCHANT_BREAK_BLESSED_TIP_DESC,"Upon failure, the equipment is destroyed or its Enhance level is maintained."
EQUIPMENT_ENCHANT_BREAK_DURABILITY_SYSTEM_MSG,"Failed to enhance to +[Value], durability decreased."
EQUIPMENT_ENCHANT_BREAK_SYSTEM_MSG,"Failed to enhance to +[Value], equipment destroyed."
EQUIPMENT_ENCHANT_BREAK_TIP_DESC,Equipment is destroyed upon failure.
EQUIPMENT_ENCHANT_BREAK_WARNNING_MSG,"If the enhance <Red>fails at the selected level, the 
equipment will be destroyed</>.
Proceed enhance?"
EQUIPMENT_ENCHANT_BUTTON,Enhance
EQUIPMENT_ENCHANT_CURSED_TIP_DESC,Enhance level decreased.
EQUIPMENT_ENCHANT_DECREASE_SYSTEM_MSG,Enhance level decreased to +[Value].
EQUIPMENT_ENCHANT_DECREASE_TIP_DESC,Equipment’s Enhance level decreases upon failure.
EQUIPMENT_ENCHANT_DURABILITY_TIP_DESC,Equipment’s durability decreases upon failure.
EQUIPMENT_ENCHANT_EQUIP_LOCKED_DESC,Locked items cannot be enhanced.
EQUIPMENT_ENCHANT_EQUIP_TIP_DESC,Select equipment to enhance.
EQUIPMENT_ENCHANT_LEVEL_TIP_DESC,Select target Enhance level.
EQUIPMENT_ENCHANT_MATERIAL_CHOICE_DESC,Please select materials.
EQUIPMENT_ENCHANT_MATERIAL_SELECTION_LIMIT_REACHED,Cannot register any more materials.
EQUIPMENT_ENCHANT_MATERIAL_TIP_DESC,Insufficient Enhance materials.
EQUIPMENT_ENCHANT_MULTIPLE,Multi Enhance
EQUIPMENT_ENCHANT_NOCHANGE_SYSTEM_MSG,Failed to enhance to +[Value].
EQUIPMENT_ENCHANT_NOT_CHANGE_TAB,Cannot perform other actions while enhancing.
EQUIPMENT_ENCHANT_RATE_INFORMATION,Rate Info
EQUIPMENT_ENCHANT_RESULT_BIGSUCCESS,Great Success
EQUIPMENT_ENCHANT_RESULT_BREAK,Destruction
EQUIPMENT_ENCHANT_RESULT_FAIL,Failure
EQUIPMENT_ENCHANT_RESULT_SUCCESS,Success
EQUIPMENT_ENCHANT_RESULT_TITLE,Enhance Result
EQUIPMENT_ENCHANT_SAME_ITEM_APPLY_BUTTON,Register Identical Equipment
EQUIPMENT_ENCHANT_SINGLE,Single Enhance
EQUIPMENT_ENCHANT_STEP_TIP_DESC,Registered equipment will be sequentially enhanced up to the target level.
EQUIPMENT_ENCHANT_STOP_BUTTON,Stop Enhance
EQUIPMENT_ENCHANT_SUCCESS_SYSTEM_MSG,Successfully enhanced to +[Value].
EQUIPMENT_ENCHANT_SUCCESS_TIP_DESC,Enhance level increases without failure.
EQUIPMENT_ENCHANT_TARGET_HIGH,Try highest Enhance level equipment first
EQUIPMENT_ENCHANT_TARGET_STOP,Stop upon reaching target Enhance level
EQUIPMENT_GRADE_OPTION,Tier Additional Stat
EQUIPMENT_GRADE_OPTION_LOCKED,[Stat]
EQUIPMENT_MAGIC_OPTION_MAX_VALUE_CHECKBOX,End Auto-Infuse when max value is reached
EQUIPMENT_MAGIC_OPTION_OPTION_VIEW,View Stats
EQUIPMENT_MATERIAL_CHOICE,Select Material
EQUIPMENT_RANDOM_OPTION,Random Stats
EQUIPMENT_RANDOM_OPTION_CHANGE,Change Random Stat
EQUIPMENT_RANDOM_OPTION_CHANGE_UI_TIP,Required materials vary by slot.
EQUIPMENT_RANDOM_OPTION_INFO,Random Stat Info
EQUIPMENT_RANDOM_OPTION_MATERIAL_EFFECT_DESC,Re-roll Random Stat for Slot [Grade]
EQUIPMENT_RANDOM_OPTION_NOLIST_TIP,You can view the random stats to be changed after selecting the material.
EQUIPMENT_RANDOM_OPTION_REROLL_SELECTION_LIMIT_REACHED,A stat change material item is already selected. You cannot select a different material.
EQUIPMENT_RANDOM_OPTION_SLOT_LOCKED_STATE,Slot [Value] Lock Status
EQUIPMENT_RANDOM_OPTION_SLOT_NAME,Slot [Param]
EQUIPMENT_RANDOM_OPTION_SLOT_PENDING_OPEN,Random Stat to be Unlocked
EQUIPMENT_RANDOM_OPTION_STAT_CATEGORY,Random Stats
EQUIPMENT_SAFE_ENCHANT_EXCEED,Cannot select a lower Enhance level.
EQUIPMENT_SAFE_ENCHANT_FAIL_SYSTEM_MSG,Exceeded the Safe Enhance level.
EQUIPMENT_SAFE_ENCHANT_LABEL,+[Value]
EQUIPMENT_SAFE_ENCHANT_LABEL_NONE,Enhance up to Safe level
EQUIPMENT_SAME_ITEM_ENCHANT_MULTI_DIFFERENT,Cannot use because different equipment is registered.
EQUIPMENT_SAME_ITEM_ENCHANT_MULTI_NOTHING,No equipment registered for Multi Enhance.
EQUIPMENT_SAME_ITEM_ENCHANT_SAME_ITEM_NOTHING,You do not own identical equipment.
EQUIPMENT_STARSTONE_UPGRADE_BIG_SUCCESS,Advancement Great Success
EQUIPMENT_STARSTONE_UPGRADE_BIG_SUCCESS_EXTRA_REWARD_ITEM,Great Success Reward Item
EQUIPMENT_STARSTONE_UPGRADE_BIG_SUCCESS_REWARD,Advancement Great Success Reward
EQUIPMENT_STARSTONE_UPGRADE_BIGSUCCESS_REWARD_TEXT,Claim Great Success Reward
EQUIPMENT_STARSTONE_UPGRADE_BIGSUCCESS_TEXT,Great Success
EQUIPMENT_STARSTONE_UPGRADE_FAIL,Advancement Failed
EQUIPMENT_STARSTONE_UPGRADE_FAIL_EXTRA_REWARD_ITEM,Failure Compensation Resources
EQUIPMENT_STARSTONE_UPGRADE_FAIL_REWARD,Advancement Failure Compensation
EQUIPMENT_STARSTONE_UPGRADE_FAIL_REWARD_TEXT,Failure Compensation Granted
EQUIPMENT_STARSTONE_UPGRADE_FAIL_TEXT,Failure
EQUIPMENT_STARSTONE_UPGRADE_INSUFFICIENT_MATERIALS,Cannot proceed due to insufficient selected materials.
EQUIPMENT_STARSTONE_UPGRADE_MATERIAL_SELECTION_LIMIT_REACHED,Cannot select any more material items.
EQUIPMENT_STARSTONE_UPGRADE_MULTI_RESULT,Advance All Sacred Relics Result
EQUIPMENT_STARSTONE_UPGRADE_SUCCESS,Advancement Success
EQUIPMENT_STARSTONE_UPGRADE_SUCCESS_TEXT,Success
EQUIPMENT_STARSTONE_UPGRADE_TARGET_NOT_SELECTED,No target selected for Advance All.
EQUIPMENT_UPGRADE_BIG_SUCCESS_SYSTEM_MSG,Great Success in [Value]-Star Advancement. Additional rewards acquired.
EQUIPMENT_UPGRADE_BIGSUCCESS_REWARD_TITLE,Sacred Relic Advancement Great Success Reward
EQUIPMENT_UPGRADE_DECREASE_SYSTEM_MSG,Failed [Value1]-Star Advancement. Downgraded to [Value2]-Star.
EQUIPMENT_UPGRADE_DETAIL_FILTER_POPUP_DESC,Items to be used as materials can be batch-selected using Grade and Stat filters.
EQUIPMENT_UPGRADE_DETAIL_FILTER_POPUP_TITLE,Select All Materials Filter
EQUIPMENT_UPGRADE_GRADE,[Grade]
EQUIPMENT_UPGRADE_MULTI_BUTTON,Advance All
EQUIPMENT_UPGRADE_MULTI_TITLE,Advance All
EQUIPMENT_UPGRADE_MULTI_UI_TIP,Tier may decrease by 1-2 levels upon failure.
EQUIPMENT_UPGRADE_NEED_MATERIAL,Materials of the same grade are required for Advancement.
EQUIPMENT_UPGRADE_NEED_TARGET,Advancement target item is not specified.
EQUIPMENT_UPGRADE_NOCHANGE_SYSTEM_MSG,Failed [Value]-Star Advancement.
EQUIPMENT_UPGRADE_NOTENOUGH_COST,Insufficient funds to advance.
EQUIPMENT_UPGRADE_OPTION_REQUIRED,You must select stats per slot to batch-select materials.
EQUIPMENT_UPGRADE_SINGLE_BUTTON,Advancement
EQUIPMENT_UPGRADE_SINGLE_TITLE,Single Advancement
EQUIPMENT_UPGRADE_SINGLE_UI_TIP,Tier may decrease by 1-2 levels upon failure.
EQUIPMENT_UPGRADE_STOP_BUTTON,Stop Advancement
EQUIPMENT_UPGRADE_SUCCESS_SYSTEM_MSG,[Value]-Star Advancement Successful.
EQUIPMENT_UPGRADE_UI_TITLE,Sacred Relic Advancement
EQUIPMENTOPTION_ALL_SLOT_LOCKED,All slots are locked.
EQUIPMENTOPTION_CRAFTING_PROGRESS_INFO_TITLE,Crafting Upgrade Info
EQUIPMENTOPTION_LOCK_TIP,Infuse with a slot-compatible effect.
EQUIPMENTOPTION_MATERIAL_CHOICE_TIP,Please select materials.
EQUIPMENTOPTION_MATERIAL_NOT_HAVE_SYSTEM_MSG,Item not owned. Cannot register as material.
EQUIPMENTOPTION_MATERIAL_NOT_SELECT,Please select materials.
EQUIPMENTOPTION_NEED_TARGET,No target.
EQUIPMENTOPTION_NOLIST_TIP,You can improve equipment performance through Infuse.
EQUIPMENTOPTION_NORMAL_TIP,Stats are randomly granted based on the slot.
EQUIPMENTOPTION_NOTENOUGH_COST,Insufficient Infuse funds.
EQUIPMENTOPTION_NOTENOUGH_MATERIAL,Insufficient Infuse materials.
EQUIPMENTOPTION_OPTION_TITLE,Infuse Stat
EQUIPMENTOPTION_RARE_STAT_RANDOM_TIP,Increase minimum acquired stat value
EQUIPMENTOPTION_REROLL_COMPLETE_SYSTEM_MSG,Random Stat changed.
EQUIPMENTOPTION_REROLL_MATERIAL_CHOICE_TIP,Exclusive resources must be registered to change stats.
EQUIPMENTOPTION_REROLL_NOTENOUGH_COST,Insufficient currency to change Random Stats. Cannot proceed.
EQUIPMENTOPTION_REROLL_NOTENOUGH_MATERIAL,Insufficient materials selected. Cannot proceed with stat change.
EQUIPMENTOPTION_SLOT_NAME,Slot [Param]
EQUIPMENTOPTION_SLOT_NO_INFO,No Stat Info
EQUIPMENTOPTION_SLOT_OPTION_TITLE,Infuse Stat Info
EQUIPMENTOPTION_SLOT_TIP,Select a slot and add materials.
EQUIPMENTOPTION_SLOT_TYPE_LABEL,Slot Type
EQUIPMENTOPTION_STAT_RANDOM_TIP,Acquire Random Stats
EQUIPMENTOPTION_TARGET_TIP,Select equipment to Infuse.
EQUIPMENTOPTION_TITLE,Infuse
EQUIPMENTOPTION_WARNING_DESC,"The previously Infused stat will be <Red>removed</>. 
Proceed?"
EQUIPMENTOPTION_TYPE_1,Destruction
EQUIPMENTOPTION_TYPE_2,Endurance
EQUIPMENTOPTION_TYPE_3,Dexterity
EQUIPPED_STARSTONE_UPGRADE_WARNING_MESSAGE,"This Sacred Relic is currently equipped. 
Use it as an Advancement material?"
EQUIPPED_STARSTONE_UPGRADE_WARNING_TITLE,Equipped Sacred Relics
ESCAPE_COOLDOWN_REMAINING_UNAVAILABLE,Cannot use Emergency Escape. ([Time])
ESCAPE_MESSAGE_BOX_POPUP_MESSAGE,"Escape to a safe location immediately? 
However, this may reset your current progress. 
※ Cannot be reused for <Yellow>[Time]</> after escaping"
ESCAPE_MESSAGE_BOX_POPUP_TITLE,Emergency Exit
ESCAPE_READYCHECK_WAIT,Available in [Time]s
EVENT_BANNER_WEBLINK_BUTTON,Go to Webpage
EVENT_BUFF_GET_BUFF,Claim Buff
EVENT_BUFF_MSG_GETBUFF,Event buff applied.
EVENT_BUFF_MSG_NOMORE,You can claim the buff again after the reset time.
EVENT_BUFF_NEED_SELECT_BUFF,Buff selection required.
EVENT_BUFF_SELECT_BUFF,Select Buff
EVENT_COMPLETE_BONUS_ALRDY_GET,Reward already claimed.
EVENT_COMPLETE_BONUS_ALRDY_GETALL,All rewards already claimed.
EVENT_COMPLETE_BONUS_GET_ALL_MISSION_REWARD,Claim All Mission Rewards
EVENT_COMPLETE_BONUS_GET_COMPLETE_REWARD,Claim Completion Reward
EVENT_COMPLETE_BONUS_REWARD_DESC,All Completion Bonus!
EVENT_DICE_BOARD_START,Start
EVENT_DICE_COMMON_REWARD,Standard Reward Acquired
EVENT_DICE_COMMON_REWARD_RESULT_TITLE,Board Space Reward Acquired
EVENT_DICE_COMPLETE_MY_COUNT,Clears: <Yellow>[Count]</>
EVENT_DICE_COMPLETE_MY_COUNT_2,Cumulative Clears: <Yellow>[Count]</>
EVENT_DICE_COMPLETE_REQUIRE_COUNT,Special Reward for [Count] Clears
EVENT_DICE_COMPLETE_REWARD,Reward for Clears
EVENT_DICE_COMPLETE_REWARD_CONDITION_AVAILABLE,Rewards Available
EVENT_DICE_COMPLETE_REWARD_CONDITION_MET,Reward Claimed
EVENT_DICE_COMPLETE_REWARD_CONDITION_NOT_MET,Insufficient Clears
EVENT_DICE_COMPLETE_REWARD_LIST,Clear Rewards List
EVENT_DICE_COMPLETE_REWARD_REPEATABLE,(Repeatable Reward)
EVENT_DICE_COMPLETE_REWARD_RESULT_TITLE,Reward Acquired for [Count] Clears
EVENT_DICE_COMPLETE_REWARD_REPEATABLE_TITLE,Reward for [Count]+ Clears
EVENT_DICE_DOUBLE_ENG,BONUS
EVENT_DICE_DOUBLE_REWARD,x2
EVENT_DICE_DOUBLE_REWARD_RESULT_TITLE,Acquired x2 Board Space Reward
EVENT_DICE_FREE_COUNT_TYPE1,Free Attempts [Count]⁄[MaxCount]
EVENT_DICE_FREE_COUNT_TYPE2,Bonus! 1 Free Attempt!
EVENT_DICE_MAX_USE_COUNT,[Count] time(s)
EVENT_DICE_MAX_USE_COUNT_DESC,Daily Uses
EVENT_DICE_MAX_USE_COUNT_REACHED,All daily uses have been exhausted. Cannot roll the dice anymore.
EVENT_DICE_MISSION_BTN,Dice Mission List
EVENT_DICE_MISSION_DIRECT_BUTTON,Shortcut
EVENT_DICE_MISSION_LIST,Dice Mission List
EVENT_DICE_MISSION_PROGRESSING,In progress
EVENT_DICE_ROLL,Roll
EVENT_DICE_GETCOUPON_MOVE,How to Get Dice
EVENT_DICE_ROLL_BULK,Roll All
EVENT_DICE_BULKROLL_ANNOUNCE,Rolling in progress
EVENT_DICE_CANNOTBULKROLL,Requires at least 2 dice.
EVENT_DICE_ROLLED,Rolls
EVENT_DICE_ROLLED_COUNT,[Count] (+[Value])
EVENT_DICE_COMPLETED,Complete Runs
EVENT_DICE_BULK_REWARD_RESULT_TITLE,Claim Roll All Rewards
EVENT_DROP_ADDITIONAL_REWARD_TEXT,Additional Reward Event
EVENT_EXCHANGE_NOT_ENOUGH_MATERIAL,Insufficient materials for exchange.
EVENT_MISSION_ACCUM_REPEAT,[Repeatable Mission]
EVENT_MISSION_ALREADY_REWARD,It has already been claimed.
EVENT_MISSION_COMPLETE_NOTYET,This reward can be claimed only after completing all missions.
EVENT_MISSION_COMPLTECOUNT,Missions Completed: [CurrentCount]/[MaxCount]
EVENT_MISSION_COUNT_REWARD,[Count] Completed
EVENT_MISSION_DAY,Day [Day]
EVENT_MISSION_DAYSTEP_COUNTREWARD_TITLE,Completion Count Reward
EVENT_MISSION_FINALREWARD_GETERROR,You must complete the required number of missions to claim the reward.
EVENT_MISSION_NEXTREWARD,[Count] Completed
EVENT_MISSION_NOT_REWARD,You must complete all stage missions to claim the reward.
EVENT_MISSION_REWARDTITLE_COUNT,Completion Count Reward
EVENT_MISSION_REWARDTITLE_FINAL,Final Reward
EVENT_MISSION_TIP,Missions reset daily at 4:00 AM.
EVENT_MISSION_WEEK,Week [Week]
EVENT_MISSION_WEEKLY_COMPLETEREWARD,Week [Order] Completion Reward
EVENT_MISSON_NOT_READY_LIST,This stage is not yet open.
EVENT_MISSON_NOT_READY_LIST_DAILY,This day’s missions are not yet available.
EVENT_MISSON_NOT_READY_LIST_WEEKLY,This week’s missions are not yet available.
EVENT_NOTPROGRESS,No events in progress.
EVENT_RANKING_MISSION_BTN_POINT,Point Acquisition & Reward Info
EVENT_RANKING_MISSION_OFFSET_TIME,[Time] remaining until ranking tally ends
EVENT_RANKING_MISSION_OFFSET_TIME_DONE,Ranking Tally Ended
EVENT_RANKING_MISSION_POINT_GET,How to Earn Points
EVENT_RANKING_MISSION_POINT_VALUE,[Value]
EVENT_RANKING_MISSION_REFRESH_TIP,Event ranking is updated every minute.
EVENT_RANKING_MISSION_REWARD_RANK,Rank Reward
EVENT_RANKING_REWARD_POPUP_TITLE,Ranking Event Rank Reward
EVENT_ROULETTE_ACCUM_COUNT,Reached [Count]
EVENT_ROULETTE_ACCUM_NOTYET_MSG,Insufficient total participation.
EVENT_ROULETTE_ACCUM_REWARD,Milestone Rewards
EVENT_ROULETTE_ACCUM_REWARD_LIST,Milestone Reward List
EVENT_ROULETTE_COUPON,Roulette Ticket
EVENT_ROULETTE_FREE,Free
EVENT_ROULETTE_GETCOUPON_MOVE,How to Get Tickets
EVENT_ROULETTE_LEFT_FREE,Free attempts must be exhausted first.
EVENT_ROULETTE_MYCOUNT,Total Event Participation Count:
EVENT_ROULETTE_NOCOUPON,Not enough tickets to spin the roulette.
EVENT_ROULETTE_REWARD_RATE,Reward Probability
EVENT_ROULETTE_START,START
EVENT_ROULETTE_TOOLTIP,You can use the Use All button to consume up to <yellow>[MaxCount]</> at once.
EVENT_ROULETTE_USEALL_COUPON,Use All
EVENT_ROULETTE_USEALL_TIP,Can Use All up to [Count] times
EVENT_SCHEDULE_CLOSED,This event has ended.
EVENT_SCHEDULE_DAY1,Resets daily at [Hour]:[Minute].
EVENT_SCHEDULE_DAY2,Resets daily at [Hour]:00.
EVENT_SCHEDULE_END_REMAIN_TIME,[Time] until end
EVENT_SCHEDULE_MONTH1,Resets monthly on the [Day] at [Hour]:[Minute].
EVENT_SCHEDULE_MONTH2,Resets daily on the [Day] at [Hour]:00.
EVENT_SCHEDULE_START_REMAIN_TIME,[Time] until start
EVENT_SCHEDULE_WEEK1,Resets every [DayOfWeek] at [Hour]:[Minute].
EVENT_SCHEDULE_WEEK2,Resets every [DayOfWeek] at [Hour]:00.
EVENT_TAB_OWNER_TYPE_CHARACTER,[Character]
EVENT_TAB_OWNER_TYPE_USER,[Account]
EVNETQUEST_OPEN_NOT_YET,Opens in [Time]
EXCHANGE_AUCTION_BID_HIGHER_AMOUNT_INSUFFICIENT,A higher bid requires at least [Value] more Diamonds than the sale price.
EXCHANGE_AUCTION_BID_INCREMENT_NOTIFY,New bids must be at least [Value] Diamonds higher than the current bid.
EXCHANGE_AUCTION_BID_INSUFFICIENT_AMOUNT,Insufficient funds to place a bid.
EXPIRED_SALES_ITEM_BULK_RETRIEVAL_NOTIFICATION_MESSAGE,All expired items have been retrieved.
FACTION_AMITYPOINT_COUNT,[CurrentValue] / [MaxValue]
FACTION_AMITYPOINT_GET_SYSTEM_MSG,Affinity with the [Name] Guild has increased.
FACTION_AMITYPOINT_GRADE_GET_SYSTEM_MSG,Affinity with the [Name] Guild has increased to level [Param].
FACTION_CATEGORY_COLLECTION,[Name] Research
FACTION_CATEGORY_COLLECTION2,Research
FACTION_CATEGORY_GUIDEBOOK,[Name] Tasks
FACTION_CATEGORY_GUIDEBOOK2,Tasks
FACTION_CATEGORY_INFO,[Name] Info
FACTION_CATEGORY_INFO2,Info
FACTION_CATEGORY_MISSION,[Name] Trophy
FACTION_CATEGORY_SHOP,[Name] Shop
FACTION_CATEGORY_SHOP2,Shop
FACTION_CATEGORY_TRIBUTE,[Name] Guild Donation
FACTION_COLLECTION_COMMON,Research
FACTION_COLLECTION_COMPLETE,Research Complete
FACTION_COLLECTION_COMPLETE_COUNT,[CurrentValue] / [MaxValue]
FACTION_COLLECTION_COMPLETE_MSG,Research is already complete.
FACTION_COLLECTION_COMPLETE_TITLE,Completion Status:
FACTION_COLLECTION_CONDITION_DAY,Daily Reset
FACTION_COLLECTION_CONDITION_MONTH,Monthly Reset
FACTION_COLLECTION_CONDITION_WEEK,Weekly Reset
FACTION_COLLECTION_CONFIRM_MSG,"Research this item?
<Red>Researched items cannot be retrieved.</>"
FACTION_COLLECTION_EFFECT_ALL,All Effects
FACTION_COLLECTION_EFFECT_COMPLETE,Applied Effect
FACTION_COLLECTION_EFFECT_COMPLETION_COUNT,Completion Reward
FACTION_COLLECTION_EFFECT_TITLE,Research Effects
FACTION_COLLECTION_EXPIRE_COLLECTION,Expired Research
FACTION_COLLECTION_EXPIRE_STAT,Expired Effect
FACTION_COLLECTION_FILTER_ALL,All
FACTION_COLLECTION_FILTER_COMPLETE,Completed
FACTION_COLLECTION_FILTER_INCOMPLETE,Not Ready
FACTION_COLLECTION_GUIDE_PERIOD,Duration: [StartDate] — [EndDate]
FACTION_COLLECTION_GUIDE_TIP,"Resets on the 1st of every month, providing new research and effects."
FACTION_COLLECTION_GUIDE_TITLE,Research Period
FACTION_COLLECTION_LEVEL_OPERATION,Stats by Level
FACTION_COLLECTION_LEVEL_TIP,Stats are applied based on the completion level.
FACTION_COLLECTION_LOCATION,Location Info
FACTION_COLLECTION_MATERIAL,Research Materials
FACTION_COLLECTION_NO_CRAFT_MSG,This item cannot be crafted.
FACTION_COLLECTION_NO_ENCHANT_MSG,This item cannot be enhanced.
FACTION_COLLECTION_NO_ITEM_MSG,No items to research.
FACTION_COLLECTION_NO_LIST_DESC,No research list to display.
FACTION_COLLECTION_NO_REPLACEMENT_MSG,No replacement item.
FACTION_COLLECTION_PERIOD_DESC,~[YYYY].[MM].[DD]. [HH]:[MM]
FACTION_COLLECTION_PERIOD_FORMAT,[MM](MM)⁄[DD](DD)
FACTION_COLLECTION_REGISTRATION,Register
FACTION_COLLECTION_REGISTRATION_BTN,Register Research
FACTION_COLLECTION_REGISTRATION_MATERIAL,Registered Material
FACTION_COLLECTION_REGISTRATION_MSG,The selected item has been researched.
FACTION_COLLECTION_RESET_EXPIRATION,Expiration:
FACTION_COLLECTION_RESET_RESET,Refresh:
FACTION_COLLECTION_TITLE,[Name] Research
FACTION_COMPLETE_REWARD_GET,Acquire Completion Reward
FACTION_DONATION,Donate
FACTION_DONATION_FULL_MSG,Reached the maximum Affinity level. Cannot donate any further.
FACTION_DONATION_INFO_TITLE,Donation Info
FACTION_DONATION_LIST,Donation List
FACTION_DONATION_TITLE,[Name] Guild Donation
FACTION_FILTER_CHOICE_RESET,Reset Selection
FACTION_FILTER_EDIT_HINT_TEXT,Enter item’s name.
FACTION_FILTER_NO_LIST_DESC,No item to display.
FACTION_FRIENDLINESS_GRADE_UP,Affinity Grade Increased
FACTION_FRIENDLINESS_GRADE_UP_INFO_TITLE,Grade Achievement Info
FACTION_FRIENDLINESS_GRADE_UP_REWARD_TITLE,Obtainable Rewards
FACTION_GRADE_ALL_REWARD_LIST,All Rewards List
FACTION_GRADE_CONDITION_VALLUE_DESC,Unlocks Upon Achievement
FACTION_GRADE_COUNT,Acquired Affinity
FACTION_GRADE_INFO_TITLE,Affinity Info
FACTION_GRADE_NEXT_REWARD,Completion Reward
FACTION_GRADE_REWARD_TIP,You can receive rewards as your Affinity level increases.
FACTION_GRADE_REWARD_TITLE,Grade Achievement Reward
FACTION_GRADE_TITLE,Affinity
FACTION_GUIDEBOOK_NOTHING_QUEST,There are no tasks to proceed with yet.
FACTION_GUIDEBOOK_TIP,Complete sequential tasks to acquire rewards.
FACTION_GUIDEBOOK_TITLE,Adventurers' Alliance’s Task
FACTION_ILLUSTRATION_AREA_DESC,Select a realm.
FACTION_INFO_COLLECTION,Research Status
FACTION_INFO_GUIDEBOOK,Task Status
FACTION_INFO_MISSION,Achievement Status
FACTION_INFO_TITLE,Adventurers' Alliance’s Basic Info
FACTION_ITEM_CHOICE_DESC,Select an item to donate.
FACTION_LEVEL_REWARD_NEXT_TITLE,Next Reward
FACTION_LEVEL_REWARD_PREVIEW_TITLE,Main Reward
FACTION_MENU_COLLECTION,Adventurers' Alliance’s Research
FACTION_MENU_MAIN,Adventurers' Alliance’s Affinity
FACTION_MISSION_COMPLETE_COUNT,[CurrentValue] / [MaxValue]
FACTION_MISSION_NOT_TAST_MSG,Complete Trophy to receive.
FACTION_MISSION_REWARD_ALREADY_MSG,It has already been claimed.
FACTION_MISSION_TIP,Complete Trophy to increase Affinity.
FACTION_MISSION_TIP2,Consistently complete related Trophy to receive generous rewards.
FACTION_MISSION_TITLE,Adventurers' Alliance’s Achievements
FACTION_MISSTION_TITLE,Adventurers' Alliance’s Missions
FACTION_QUICK_CRAFT_BTN_MOVE_RECIPE,Go to Recipe
FACTION_REARD_GET,Claim Reward
FACTION_RESEARCH_ALL,Research All
FACTION_RESEARCH_LEVEL,Lv. [Level]
FACTION_RESEARCH_LEVEL_NONE,Locked
FACTION_RESEARCH_LEVEL_NONE_UI,0
FACTION_RESEARCH_LEVEL_UI,[Level]
FACTION_RESEARCH_OPTION_NOTHING,No research achievement effects.
FACTION_SELECT_DONATION_FULL_MSG,"With the items currently registered, you can achieve the maximum Affinity Rank."
FACTION_SHOP_PURCHASE_COMPLETE,Batch purchase complete.
FACTION_SHOP_TIP,Increase Affinity to purchase various goods.
FACTION_SHOP_TITLE,Adventurers' Alliance’s Shop
FACTION_SUB_TAB_NAME,[FactionName] Guild [TabName]
FACTION_TEXT,[Name] Guild
FACTION_TEXT_TITLE,Guild
FACTION_TRIBUTE_COUNT_MSG,Select the quantity to donate.
FACTION_TRIBUTE_MATERIAL_MSG,Select an item to donate.
FACTION_TRIBUTE_MATERIAL_RESET,Reset Materials
FACTION_TRIBUTE_NO_LIST,No items available to donate.
FACTION_TRIBUTE_RESULT_HINT_TEXT_NOTHING_INFO,No grade achievement info.
FACTION_TRIBUTE_RESULT_HINT_TEXT_NOTHING_REWARD,No obtainable grade achievement rewards.
FACTION_TRIBUTE_TIP,Donate medals to increase Affinity.
FACTION_TRIBUTE_TITLE,Support Adventurers' Alliance
FIELDBOSS_CONTRIBUTION_CONTRIBUTIONPOPUP_MYCONTRIBUITION,My Contribution
FIELDBOSS_CONTRIBUTION_RESULTPOPUP_CONTRIBUTIONLISTPOPUP,Contribution List
FIXEDTERM_DELETEDENDEVENT_DESC,Until [EventName] Ends
FIXEDTERM_DELETEDONDATE_DESC,Until [Time]
FIXEDTERM_DELETEDPLAYINGTIMESAFTER_DESC,"[Time]
 (Consumed based on connection time.)"
FIXEDTERM_DELETEDQUESTCLEAR_DESC,until [QuestName] completion
FIXEDTERM_DELETEDTIMEAFTER_DESC,[Time]
FIXEDTERM_LABEL,Time-limited
FIXEDTERM_TITLE,Period
FRONTER_STAGEEVENT,Phenomena and Restrictions
FRONTER_STAGEEVENT_TIP,"Various anomalies occur in the Perpetual Corridor.
Different phenomena and restrictions may apply depending on the stage."
FRONTIER_DUNGEON_AUTOEXITTIME,Exiting the Perpetual Corridor in [ss] seconds.
FRONTIER_DUNGEON_BUTTON_EXIT,Leave
FRONTIER_DUNGEON_BUTTON_NEXTSTAGE,Next
FRONTIER_DUNGEON_BUTTON_RETRY,Retry
FRONTIER_DUNGEON_CANNOTENTER_COMBATSTATE_PVP,Cannot enter the Perpetual Corridor stage during PVP.
FRONTIER_DUNGEON_CANNOTENTER_ENTRYTICKET_NOTENOUGH,Not enough Perpetual Corridor Tickets.
FRONTIER_KICKOUT_SEASONEND,The season has ended. Exiting the World.
FRONTIER_DUNGEON_CANNOTENTER_PREVSTAGE_UNCLEARED,Cannot enter because the previous stage has not been cleared.
FRONTIER_DUNGEON_CANNOTENTER_STAGE_CLEARED,This stage has already been cleared.
FRONTIER_DUNGEON_CANNOTENTER_STAGE_LOWERLEAGUE,Cannot enter a ranking stage of a lower league.
FRONTIER_DUNGEON_CANNOTENTER_SKIPPABLESTAGE,Cannot enter askippable stage.
FRONTIER_DUNGEON_ENTERCHECK,"Do you want to test your skills in Stage [StageNo]?
<Red>A Perpetual Corridor Ticket will be consumed upon entering the stage.</>"
FRONTIER_DUNGEON_ENTERCHECK_STAGEEXIT,Pressing Cancel will move you out of the stage.
FRONTIER_DUNGEON_ENTERCHECK_SEASONENDSOON,"The season is almost over.
Do you want to enter anyway?"
FRONTIER_DUNGEON_ENTERCHECK_TITLE,Enter Stage
FRONTIER_DUNGEON_FAILED,Challenge Failed
FRONTIER_DUNGEON_OUTCHECK,"Exiting the stage. 
<Red>The Perpetual Corridor Ticket will not be restored.</>
Do you want to exit?"
FRONTIER_DUNGEON_OUTCHECK_TITLE,Exit Stage
FRONTIER_DUNGEON_RANKINGSTAGE_CURRSCORE,Current Score
FRONTIER_DUNGEON_RANKINGSTAGE_MAXSCORE,High Score
FRONTIER_DUNGEON_RESTRICTION_ALLOWANCE_COUNT,[curValue]/[allowance]
FRONTIER_DUNGEON_RESTRICTION_ALLOWANCE_COUNTMAX,<red>[curValue]/[allowance]</>
FRONTIER_DUNGEON_SEASON_NUMBER,Perpetual Corridor Season [SeasonNo]
FRONTIER_DUNGEON_SUCCESS_REWARD_SENT,Rewards have been sent to your inventory.
FRONTIER_DUNGEON_SUCCESS_STAGE_CLEAR,Stage [StageNo] cleared
FRONTIER_LEAGUE,League
FRONTIER_LEAGUE_NAME,League Name
FRONTIER_LEAGUE_RANKINGRANGE,Rank [Rank]
FRONTIER_LEAGUE_RANKINGRANGES,#[MinRank] - #[MaxRank]
FRONTIER_LEAGUE_RANKINGPERCENTRANGE,[Percent]%
FRONTIER_LEAGUE_RANKINGPERCENTRANGES,[MinPer]% ~ [MaxPer]%
FRONTIER_LEAGUE_RANKINGPERCENTTHEREST,Unranked
FRONTIER_LEAGUE_RANKINGREWARD,League Ranking Reward
FRONTIER_LEAGUE_REWARD,Season League Reward
FRONTIER_LEAGUE_REWARD_INFO,Reward Info
FRONTIER_LEAGUE_SEASONREWARD,League Placement Reward
FRONTIER_LEAGUE_SEASONREWARD_TIP,Season League Rewards are distributed when the season ends.
FRONTIER_LEAGUE_SEASONREWARD_GLOBALRANKING_TIP,Ranking Rewards are distributed based on Server Rankings when the season ends.
FRONTIER_NEWSEASON_CANT_SKIP_STAGE,Stages cannot be skipped this season.
FRONTIER_NEWSEASON_DESC,Test your limits until [MM]/[dd] [hh]:[mm].
FRONTIER_NEWSEASON_PREVIOUSUSERLEAGUE,League from Previous Season
FRONTIER_NEWSEASON_START,Perpetual Corridor Season Launch
FRONTIER_NEWSEASON_START_SOON,A new season will start soon.
FRONTIER_NEWSEASON_STARTSCHEDULE,Opens on [MM]/[dd] at [hh]:[mm]
FRONTIER_RANKING_SEASONEND_TIP,The season has ended.
FRONTIER_RANKINGSTAGE_NPCSCORE,[ScoreValue] Points
FRONTIER_RANKINGSTAGE_SCORE,Points Acquired upon Defeating Monsters
FRONTIER_RANKINGSTAGE_SCORE_TIP,The points acquired upon defeating a monster may vary depending on the type of monster.
FRONTIER_RANKINGSTAGE_SCOREBOARD,Monsters
FRONTIER_REWARD_NONE,No rewards available.
FRONTIER_SEASON_ACTIVE_TIP,League Rewards will be distributed when the season ends.
FRONTIER_SEASON_AFFIX,Phenomena and Restrictions
FRONTIER_SEASON_END_REWARD_SENT,Season Rewards have been sent to your inventory.
FRONTIER_SEASON_END_SEASONNUMBER,End of Perpetual Corridor Season [SeasonNo]
FRONTIER_SEASON_END_TIP,This information is from the previous season.
FRONTIER_SEASON_NUMBER_ENG,Season [SeasonNo]
FRONTIER_SEASON_NUMBER,Season [SeasonNo]
FRONTIER_SEASON_PRE_TIP,The skippable stages vary depending the league achieved in the previous season.
FRONTIER_SEASON_READY,The season has not started.
FRONTIER_SEASON_STATE_ACTIVE,[time] until season ends
FRONTIER_SEASON_STATE_DEACTIVE,Information not available because the season is not active.
FRONTIER_SEASON_STATE_END,Season End
FRONTIER_SEASON_STATE_READY,[time] until season launch
FRONTIER_SKIP_TIP,"You can skip to a specific point based on the league achieved in the previous season.
Skipped stages are automatically cleared."
FRONTIER_STAGE,Stage
FRONTIER_STAGE_CLEARED,Challenge Complete
FRONTIER_STAGE_CLEARREWARD,Stage Clear Reward
FRONTIER_STAGE_ENTER,Challenge
FRONTIER_STAGE_ENTRY_COST,-[EntryCost]
FRONTIER_STAGE_FIRSTCLEARREWARD,First Clear Reward
FRONTIER_STAGE_LEAGUERANK_MYRANK,[Rank]
FRONTIER_STAGE_LEAGUERANK_MYRANK_HIGH,#<Yellow>[Rank]</>
FRONTIER_STAGE_LEAGUERANK_MYRANK_LOW,#<Grade1>[Rank]</>
FRONTIER_STAGE_LEAGUERANK_MYSCORE,[ScoreValue]
FRONTIER_STAGE_LEAGUERANK_NONE,No Record
FRONTIER_STAGE_LEAGUESCORE,[LeagueName]
FRONTIER_STAGE_LEAGUESCORE_NEW,<green>new</>
FRONTIER_STAGE_NUMBER,Stage [StageNo]
FRONTIER_STAGE_PLAYRECORD_NONE,No stage clear history
FRONTIER_STAGE_RANKINGSTAGE_NONE,There is no ranking stage in [LeagueName] League.
FRONTIER_STAGE_SKIP,Skip
FRONTIER_STAGE_SKIP_NAME,Skip Stage
FRONTIER_STAGEEVENT_PHENOMENON,Phenomenon
FRONTIER_STAGEEVENT_PHENOMENON_LIST,Phenomena List
FRONTIER_STAGEEVENT_PHENOMENON_SEASON_NONE,No phenomena occur this season.
FRONTIER_STAGEEVENT_PHENOMENON_TIP,Phenomena becomes increasingly dangerous as you progress through stages.
FRONTIER_STAGEEVENT_RESTRICTION,Restriction
FRONTIER_STAGEEVENT_RESTRICTION_DESC,[RestrictionName] is restricted.{jstag:}
FRONTIER_STAGEEVENT_RESTRICTION_LIST,Restriction List
FRONTIER_STAGEEVENT_RESTRICTION_SEASON_NONE,There is no restriction this season.
FRONTIER_STAGEEVENT_RESTRICTION_TIP,"Each stage has a limit, and the action is restricted upon exceeding the limit."
FRONTIER_STAGEEVENT_RESTRICTION_TOOLTIP_DESC1,[RestrictionName] is allowed up to <Blue>[Allowance] times</>.{jstag:}
FRONTIER_STAGEEVENT_RESTRICTION_TOOLTIP_DESC2,[RestrictionName] is <Red>restricted</>.{jstag:}
FRONTIER_STAGETYPE_NORMAL,Standard Stage
FRONTIER_STAGETYPE_RANKING,Ranking Stage
FRONTIER_TAB_SEASONCONTENTS,Season
FRONTIER_TAB_LOCALRANKING,Server Ranking
FRONTIER_TAB_GLOBALRANKING,Ranking
FRONTIER_SEASON_END,Information not available because the season has ended.
FRONTIER_LEAGUE_NAME_TAB,[LeagueName]
FRONTIER_STAGE_CANTENTER_END,Cannot enter because the season has ended. You can enter when the next season begins.
FRONTIER_STAGE_ENTRYTICKETCOST,Use Perpetual Corridor Entry Ticket
FRONTIER_RANK_UNIT_NORMAL,#<Rank>[Rank]</>
FRONTIER_SCORE_UNIT_NORMAL,[ScoreValue] Points
FRONTIER_RANK_UNIT_LARGE,#<RankLarge>[Rank]</>
FRONTIER_SCORE_UNIT_LARGE,<ScoreLarge>[ScoreValue]</> pts
FRONTIER_RANK_EMPTY,No Record
FRONTIER_STAGE_GRADEUP,Advancement Stage
FRONTIER_SKIP_PRESEASONLEAGUE,League Achieved in Previous Season
FRONTIER_SKIP_STARTSTAGE,Starting Stage
FRONTIER_SKIP_STARTLEAGUE,Starting League
FRONTIER_SKIP_STAGEREWARDSENT,Clear Rewards for skipped stages will be sent to your inventory.
FRONTIER_SKIP_LEAGUESTAGESOMECLEARED_MSG,"You have already cleared some stages of the league you are trying to skip.
  Do you still want to skip?"
FRONTIER_SKIP_LEAGUESTAGESOMECLEARED_TIP,Skipped stages do not affect the skip cost
FRONTIER_CANTSKIP_RECORDEMPTY,Cannot skip stages because there is no previous season league record.
FRONTIER_CANTSKIP_STAGEEMPTY,There is no skippable stage.
FRONTIER_CANTSKIP_SEASONNOTSTART,Cannot skip stages because the season has not started.
FRONTIER_LOCALRANKING,Server Ranking
FRONTIER_GLOBALRANKING,Ranking
FRONTIER_NOCLAN,Not in a Clan
GACHA_BTN,Summon [Count]
GACHA_BTN_ALLOPEN,Skip to Results
GACHA_BTN_ALLSKIP,Auto-Skip Animation
GACHA_QTE_HINT1,Slide Right
GACHA_QTE_HINT2,Slide Up
GACHA_QTE_HINTTEXT,Tap and hold here.
GACHA_RESULT_ALLOPEN,Skip to Results
GACHA_RESULT_REROLL_TITLE,Replacement Result
GACHA_RESULT_RETRY1,Summon again 1 Time
GACHA_RESULT_RETRY11,Summon again 11 Times
GACHA_RESULT_TITLE,Summon Results
GACHASHOP_HARDPITY_COUNT,<HardPity>[HardCount] Time(s)</>
GACHASHOP_HARDPITY_GRADE,[HardCount] summons left until guaranteed [PityGrade]★ summon
GACHASHOP_HARDPITY_LABEL_NORMAL,until <HardPity>guaranteed <Grade>[PityGrade]★ </> summon</> 
GACHASHOP_HARDPITY_LABEL_PICKUP,until <HardPity>guaranteed <Grade>[Name]</> summon</>
GACHASHOP_HARDPITY_PICKUP_FIXED,[HardCount] summons left until guaranteed [Name] summon
GACHASHOP_HARDPITY_PICKUP_HALF,[HardCount] Times Left until Rate Up! for [Name]
GACHASHOP_PITY_TOOLTIP_HARDPITY,"<Buff>[Pity System Guide]</>
1. If <Orange>[PityGrade]★</> or higher is acquired before <Blue>[HardPityCount] summons</>, the pity counter will reset.
2. Upon reaching <Blue>[HardPityCount] summons</>, you have a 100% chance of pulling a <Orange>[PityGrade]★</>."
GACHASHOP_PITY_TOOLTIP_PICKUP,"<Buff>[Rate Up System Guide]</>
1. Upon acquiring your first <Orange>[PityGrade]★</>, there is a <Blue>50% chance</> to summon the Rate Up target.
2. If the first <Orange>[PityGrade]★</> acquired is not the Rate Up target, the next <Orange>[PityGrade]★</> is <Blue>guaranteed</> to be the Rate Up target.
3. After acquiring the Rate Up target, there is a <Blue>50% chance</> for the next <Orange>[PityGrade]★</> acquired to be the Rate Up target."
GACHASHOP_PITY_TOOLTIP_SOFTHARDPITY,"<Buff>[Pity System Guide]</>
1. If a <Orange>[PityGrade]★</> or higher is acquired before <Blue>[HardPityCount] summons</>, the pity count will reset.
2. From <Blue>[SoftPityCount] summons</> onwards, the chance to summon a <Orange>[PityGrade]★</> gradually increases.
3. Upon reaching <Blue>[HardPityCount] summons</>, you have a 100% chance of pulling a <Orange>[PityGrade]★</>."
GACHASHOP_PITYRESULT_FIXED,Guaranteed Summon
GACHASHOP_PITYRESULT_RATEUP,Rate Up!
GACHASHOP_SHORTCUT,Target Details
GACHASHOP_SOFTPITY_AFTER,[SoftCount] summons left until Rate Up! for [PityGrade]★
GACHASHOP_SOFTPITY_BEFORE,[PityGrade]★ Rate Up Active! The chance gradually increases up to [HardCount] times.
GACHASHOP_SOFTPITY_OVER_COUNT,<SoftPity>Active</>
GACHASHOP_SOFTPITY_OVER_LABEL_NORMAL,<Grade>[PityGrade]★</> <SoftPity>Rate Up!</> Summon
GACHASHOP_SOFTPITY_OVER_LABEL_PICKUP,<Grade>[Name]</> <SoftPity>Rate Up!</> Summon
GACHASHOP_SOFTPITY_UNDER_COUNT,<SoftPity>[SoftCount] Time(s)</>
GACHASHOP_SOFTPITY_UNDER_LABEL_NORMAL,until <Grade>[PityGrade]</>★ <SoftPity>Rate Up!</>
GACHASHOP_SOFTPITY_UNDER_LABEL_PICKUP,until <Grade>[Name]</> <SoftPity>Rate Up!</>
GADGET_CONTROLCOUNT,( [CurrentCount] / [TotalCount] )
GAME_EXIT,Quit Game
GAME_EXIT_CONFIRMATION_POPUP_MESSAGE,Do you want to exit the game?
GAME_EXIT_CONFIRMATION_POPUP_MESSAGE_SUB,"When Offline AI Mode is active, auto-combat will continue
while the game is closed."
GAME_TITLE_UI_GSTAR_MODE_0,Free Mode
GAME_TITLE_UI_GSTAR_MODE_1,Story Mode
GAME_TITLE_UI_GSTAR_MODE_2,Exploration Mode
GAME_TITLE_UI_GSTAR_MODE_3,Influencer Mode
GAME_TITLE_UI_GSTAR_MODE_4,Mobile Mode
GM_ACCOUNT_CANNOT_CREATE_GROUP_CHAT,GM Characters cannot use group chat.
GM_ACCOUNT_CANNOT_CREATE_PRIVATE_CHAT,GM Characters cannot use 1:1 chat.
GM_ACCOUNT_CANNOT_USE_INTERACTION_TOOL_TIP_UI,GM Characters cannot use this function on other players in the game.
GM_ACCOUNT_CANNOT_USE_JOIN_PARTY_RINK,GM Characters cannot join a Party.
GM_ACCOUNT_CANNOT_USE_MAIL,GM Characters cannot use the Inbox function in the game.
GM_NICKNAME_PREFIX,
GROWTH_GUIDE_UNAVAILABLE_DEATH_STATE,This function is not available while the Character is dead.
GSTAR_A_QUEST_CLEAR_DESC1,Thank you for playing.
GSTAR_A_QUEST_CLEAR_DESC2,Thank you for playing.
GSTAR_A_QUEST_CLEAR_TITLE,Story Mode has been completed.
GSTAR_ACCOUNT_RESET_WARNING_NOTIFICATION_MESSAGE,"Restarting the mode will reset your current Account.
Do you still want to continue?"
GSTAR_ACCOUNT_RESET_WARNING_NOTIFICATION_TITLE,Account Reset Warning
GSTAR_ADMIN_BUTTON_RESET_ACCOUNT,Account Reset
GSTAR_ADMIN_BUTTON_RESET_ADVENTURE_MODE,Restart in Exploration Mode
GSTAR_ADMIN_BUTTON_RESET_CUSTOMIZE_MODE,Restart in Mobile Mode
GSTAR_ADMIN_BUTTON_RESET_FREE_MODE,Restart in Free Mode
GSTAR_ADMIN_BUTTON_RESET_INFLUENCER_MODE,Restart in Influencer Mode
GSTAR_ADMIN_BUTTON_RESET_STORY_MODE,Restart in Story Mode
GSTAR_ADMIN_LOGIN,Admin Login
GSTAR_ADMIN_PASSWORD_ERROR,Incorrect password.
GSTAR_ADMIN_PASSWORD_POPUP_INPUT_HINT_MSG,An admin password is required.
GSTAR_ADMIN_PASSWORD_POPUP_MSG,An admin password is required.
GSTAR_ADMIN_SETTING_POPUP_DESC,Select the reset menu.
GSTAR_ADMIN_SETTING_POPUP_TITLE,Admin Pop-up
GSTAR_B_QUEST_CLEAR_DESC2,Thank you for playing.
GSTAR_GAME_MODE_1_DESC,Mode 1 Description
GSTAR_GAME_MODE_1_TITLE,Story Mode
GSTAR_GAME_MODE_2_DESC,Mode 2 Description
GSTAR_GAME_MODE_2_TITLE,Exploration Mode
GSTAR_GAME_MODE_SELECT_DESC,Select a game mode to play.
GSTAR_GAME_MODE_SELECT_TITLE,Select Game Mode
GSTAR_QUEST_CLEAR_TITLE,[Mode] Completed
GSTARBOARD_ADVENTUREMODE_DESC1,Naru's Request
GSTARBOARD_ADVENTUREMODE_DESC2,Fulfill Naru's request and earn a stamp.
GSTARBOARD_ADVENTUREMODECONTENTS_1,Trial Gates
GSTARBOARD_ADVENTUREMODECONTENTS_2,Trial of Flight
GSTARBOARD_ADVENTUREMODECONTENTS_3,Trial of Leap
GSTARBOARD_BTEAM_CONTENTSSCORE,[Value] <GStarBoard>/ [MaxValue]</>
GUDUA_ALREADY_MAXLEVEL,Max level reached.
GUDUA_ALREADY_MINLEVEL,Cannot select a Level lower than your current Level.
GUDUA_GROWTH_TITLE,Restore Gudua's Memories
GUDUA_LEVEL,Lv.[Level]
GUDUA_LEVELUP_BTN,Restore Memory
GUDUA_MAXLEVEL_ERROR,Cannot restore any more memories as you have reached the maximum Level.
GUDUA_MAXLEVEL_NOTI,Gudua is fully upgraded.
GUDUA_NOTENOUGH_MATERIAL,Insufficient memory restoration materials.
GUDUA_NOTI_TITLE,Gudua's Memory Fully Restored
GUDUA_RESULT_NAME,[GuduaName] Memory Restored
GUIDE_CHARACTER,Personagem
GUIDE_CHARACTER_CP,Character Combat Power
GUIDE_COMPARE_CP,Required Combat Power
GUIDE_COMPARE_CP_HIGH,Comparison Group Combat Power (Top Tier)
GUIDE_COMPARE_CP_SAME,Comparison Group Combat Power (Same Tier)
GUIDE_COMPARE_GROUP,Comparison Group
GUIDE_COMPARE_SELECT_HIGH,The comparison user group has been set to the top tier.
GUIDE_COMPARE_SELECT_SAME,The comparison user group has been set to the same tier.
GUIDE_COMPARE_SETTING,Combat Power Guide
GUIDE_COMPARE_TIP_MSG,You can select a user group to compare with your Character via Comparison Group settings.
GUIDE_CONTENTS,Content
GUIDE_CONTENTS_CP,Content Combat Power
GUIDE_CONTENTS_MOVE_IMPOSSIBLE_MSG,Content Shortcut is currently unavailable.
GUIDE_EQUIPMENT,Equipamentos
GUIDE_EQUIPMENT_CP,Equipment Combat Power
GUIDE_GUIDEBOSS,Boss Guide
GUIDE_GUIDECONTENTS,Adventure Guide
GUIDE_GUIDECONTENTS_QUESTACCEPTABLE_COMPLETED,All Completed
GUIDE_GUIDECONTENTS_SECTORINVASION_DETAILREWARD_REWARDINFO1,1st-3rd Place Reward
GUIDE_GUIDECONTENTS_SECTORINVASION_DETAILREWARD_REWARDINFO2,4th-10th Place Reward
GUIDE_GUIDECONTENTS_SECTORINVASION_DETAILREWARD_REWARDINFO3,Basic Reward
GUIDE_GUIDECONTENTS_SECTORINVASION_DETAILREWARD_TITLE,Grand Incursion Contribution Reward
GUIDE_GUIDEGROWTH,Growth
GUIDE_GUIDEREPLAY,Info Guide
GUIDE_GUIDEREPLAY_GUIDENONE,No guide to display.
GUIDE_HIGHLEVEL_AVR_CP,Top Tier Average Combat Power
GUIDE_IMAGEGUIDE_NOTACTIVE,This tip is not activated.
GUIDE_MYCHARACTER_LEVEL,My Character Level
GUIDE_SAMELEVEL_AVR_CP,Same Tier Group Average Combat Power
GUIDE_SUMMARY,Summary
GUIDE_TAB_GUIDEBOSS,Boss
GUIDE_TAB_GUIDECONTENTS,Adventure
GUIDE_TAB_GUIDEGROWTH,Progressão
GUIDE_TAB_GUIDEREPLAY,View Again
GUIDE_TOOLTIP_DESC,"Refers to the <Yellow>average combat power of users at similar levels to you</>.
If your combat power is below a certain level, a comparison group will not be set."
GUIDE_TOTAL_CP,Overall Combat Power
GUIDE_TUTORIALWALKTHROUGH_REWARDBUTTON_CANNOTGETREWARD_MSG1,You must read the guide to the end to receive the reward.
GUIDE_TUTORIALWALKTHROUGH_FIRSTTUTORIAL_FIRSTPAGE,First guide.
GUIDE_TUTORIALWALKTHROUGH_LASTTUTORIAL_LASTPAGE,Last guide.
GUIDE_CONTENTSSHORTCUT_BUTTON_DIMMED_MONOLITH,No Monolith War is currently in progress.
GUIDE_CONTENTSSHORTCUT_BUTTON_DIMMED_TOWERUNDERGROUND,Cannot enter. The Abyss Battlefield season is closed.
GUIDE_CONTENTSSHORTCUT_BUTTON_DIMMED_FRONTIER,No information available. Perpetual Corridor Season 1 has not started yet.
GUIDE_CONTENTSSHORTCUT_BUTTON_DIMMED_CLANFRONTIER,No information available. The Hall of Proof has not started yet.
GUIDE_CONTENTSGUIDE_DETAIL_DEACTIVE_MONOLITH,Monolith War not in progress.
GUIDE_CONTENTSGUIDE_DETAIL_DEACTIVE_TOWERUNDERGROUND,Abyss Battlefield is not in progress.
GUIDE_CONTENTSGUIDE_DETAIL_DEACTIVE_FRONTIER,No season information available for the Perpetual Corridor.
GUIDE_CONTENTSGUIDE_DETAIL_DEACTIVE_CLANFRONTIER,No information available for the Hall of Proof.
GUIDE_CONTENTSGUIDE_DETAIL_DEACTIVE_BATTLEFIELDCLASH,No information available for the Arena.
GUIDEBOOK_BUTTON_CANNOTPROGRESS,Cannot Progress
GUIDEBOOK_BUTTON_DONE,This stage is already completed.
GUIDEBOOK_BUTTON_NOTOPENED,You must complete the previous stage.
GUIDEBOOK_DESC,Forsaken Lands Essential Information
GUIDEBOOK_MENU_MISSIONLIST,Stage List
GUIDEBOOK_MENU_STEPINFO,Stage Progress
GUIDEBOOK_MENU_STEPREWARD,Stage Completion Reward
GUIDEBOOK_MISSION_COUNT,[Count]/[MaxCount]
GUIDEBOOK_MISSION_PROGRESS,Stage [Currentstep]
GUIDEBOOK_REMINDER_GRADE_COMPLETED,Guidebook Stage [GuideRank] Complete!
GUIDEBOOK_REMINDER_GRADE_INPROGRASS,Guidebook Stage [GuideRank]
HELP_BUTTON_MAINTEXT,Game Guide
HUD_CHARACTER_LEVEL,Nível [Level]
HUDQUICK_ADD_COMPLETE,O menu [Name] foi atribuído a um botão rápido.
HUDQUICK_DELETE_COMPLETE,O menu [Name] foi removido de um botão rápido.
HUNTING_FLAG_DUPLICATE_OCCUPATION_UNAVAILABLE_NOTIFICATION,"Your previous sanctum has been released as you occupied a new Vitalizing Sanctum, and you must defend the occupied sanctum for [Time]."
HUNTING_FLAG_EFFECT_AVAILABLE_IN_RANGE,You have entered the Hunting Grounds range of the Vitalizing Sanctum and will receive its effects.
HUNTING_FLAG_EFFECT_UNAVAILABLE_OUT_OF_RANGE,You have left the Hunting Grounds range and cannot receive the effects of the Vitalizing Sanctum.
HUNTING_FLAG_EMPTY,Empty
HUNTING_FLAG_IMPRINTING,Engraving
HUNTING_FLAG_NO_OWNER,No user is occupying the Waypoint.
HUNTING_FLAG_OCCUPATION_EFFECT,Engraving Effect
HUNTING_FLAG_OCCUPATION_INFO,Engraving Info
HUNTING_FLAG_PROTECTED,Protecting
HUNTING_FLAG_PURIFIABLE,Engravable
HUNTING_FLAG_STATE,Sanctum Status
MASTERKEY_OCCUPIED,Occupying
HYBE_PLATFORM_IS_INSPECTION,Platform is under maintenance. Please try again later.
HYBE_PLATFORM_LAUNCHER_SSO_FAIL,Launcher login failed and the game will close. Please try running the game again from the launcher.
HYBE_PLATFORM_LOGIN_CANCEL,Platform login canceled.
HYBE_PLATFORM_LOGIN_FAIL_AND_EXIT,Platform login failed and the game will close. Please restart the game.
HYBE_PLATFORM_LOGIN_FAILURE,Platform login failed.
HYBE_PLATFORM_LOGOUT_EXIT,The account has been logged out and the game will close.
HYBE_PLATFORM_LOGOUT_FAILURE,Platform logout failed.
HYBE_PLATFORM_NOT_ALLOWED_COUNTRY,The game is not available in your country and will close.
IAP_PURCHASE_CANCELED,Payment canceled.
IAP_PURCHASE_NOT_PREPARED,"Cannot proceed as the environment does not support payments. If the issue persists, please contact Customer Support."
IAP_PURCHASE_UNKNOW_ERROR,An error occurred during payment. Please try again later.
IAP_PURCHASE_NOT_FOUND,"Cannot find purchase information.
The payment may have been canceled or the payment approval may be delayed. Please try again later."
IAP_QUERY_PRODUCT_DEATILS_FAILED,"Failed to retrieve product information.
The payment account is not logged in or there is an issue with the purchasing environment."
IAP_MONTHLY_LIMIT_KR_MINOR,Payment cannot be processed as the monthly spending limit for minors has been exceeded.
IAP_MONTHLY_LIMIT_KR_ADULT,Payment cannot be processed as your monthly spending limit has been exceeded.
IAP_MONTHLY_LIMIT_JP_MINOR_OVER16,Payment cannot be processed as the monthly spending limit for minors (Ages 16–17) has been exceeded.
IAP_MONTHLY_LIMIT_JP_MINOR_UNDER16,Payment cannot be processed as the monthly spending limit for minors (Under Age 16) has been exceeded.
IAP_MONTHLY_LIMIT_DEFAULT,Payment cannot be processed as the monthly spending limit has been exceeded.
IAP_MONTHLY_LIMIT_REMAIN,Remaining Purchase Limit: [Value]
INITIAL_AUDIO_SETTINGS_DESC,Adjusts the volume so the background music can be heard clearly.
INITIAL_AUDIO_SETTINGS_TITLE,Master Volume
INITIAL_CONTROL_SETTINGS_DESC,Select the control mode to use in the game.
INITIAL_CONTROL_SETTINGS_TITLE,Select Control Mode
INITIAL_CONTROL_SETTINGS_TYPE_ACTION,Action Mode
INITIAL_CONTROL_SETTINGS_TYPE_ACTION_DESC,A control mode where you move the mouse to shift the camera view.
INITIAL_CONTROL_SETTINGS_TYPE_DEFAULT,Standard Mode
INITIAL_CONTROL_SETTINGS_TYPE_DEFAULT_DESC,A classic control mode where the mouse cursor is visible.
INITIAL_DISPLAY_SETTINGS_DESC,Adjust the screen brightness until the symbol is barely visible.
INITIAL_DISPLAY_SETTINGS_TITLE,Screen Brightness
INTERACTION_DESC_QUEST,Dialogue
INVASION_AREA_NOTIFY_MSG,Entered the Incursion area.
INVASION_BATTLE,Battle
INVASION_CONTRIBUTION_DESC,Contribution
INVASION_CONTRIBUTION_RANK,Rank [Rank]
INVASION_FAILINFO_MSG,"Failed to stop the [InvasionName] Incursion.
As  penalty, [SkillName] applies to the Incursion area."
INVASION_FINISH_COMPLETE,Success
INVASION_FINISH_DESC,Stop Incursion
INVASION_FINISH_FAIL,Failure
INVASION_NAME,[InvasionName] Incursion
INVASION_NAME_DESC,[InvasionName]
INVASION_NONE,Not Spawned
INVASION_PANEL_INSTALLERINFO_DESC,[InvasionName] Incursion in [AreaName]
INVASION_PANEL_INVASION_NAME,[AreaName] - [InvasionName]: [InvasionType]
INVASION_PENALTY,Contamination
INVASION_PLAY,In Progress
INVASION_PLAYING,Spawned
INVASION_SIGN,Omen
INVASION_SIGN_NOTIFY_MSG,An [InvasionName] Incursion omen has been detected in [AreaName].
INVASION_START_NOTIFY_MSG,[InvasionName] Incursion has begun in [AreaName].
INVASION_TITLE,Incursion
INVASION_UNTILSTART_DESC,until Incursion
INVASION_WAVE_COUNT,[Count]/[MaxCount]
INVENTORY_AUTOEQUIP_FAIL,Nenhum equipamento disponível para equipar automaticamente.
INVENTORY_CATEGORY_ACCARTIFACT,Acessórios
INVENTORY_CATEGORY_CLANUSEITEM,Consumíveis do clã
INVENTORY_CATEGORY_CRAFTMATERIAL,Materiais de criação
INVENTORY_CATEGORY_CRAFTMATERIAL_NEW,Materiais de criação
INVENTORY_CATEGORY_ETC,Diversos
INVENTORY_CATEGORY_GROWTHMATERIAL,Materiais de aprimoramento
INVENTORY_CATEGORY_GROWTHMATERIAL_NEW,Materiais de aprimoramento
INVENTORY_CATEGORY_LOYALTYSTARSTONE,Relíquia da Lealdade
INVENTORY_CATEGORY_OBEDIENCESTARSTONE,Relíquia da Subjugação
INVENTORY_CATEGORY_CONTROLSTARSTONE,Relíquia do Infinito
INVENTORY_CATEGORY_SILENCESTARSTONE,Relíquia do Abismo
INVENTORY_CATEGORY_TACTICSTARSTONE,Relíquia da Arena Sagrada
INVENTORY_CATEGORY_STRIFESTARSTONE,Relíquia do Conflito
INVENTORY_CATEGORY_HONORSTARSTONE,Relíquia da Honra
INVENTORY_CATEGORY_REDEMPTIONSTARSTONE,Relíquia da Salvação
INVENTORY_CATEGORY_STARSTONE,Relíquia Sagrada
INVENTORY_CATEGORY_USEITEM,Consumíveis
INVENTORY_CATEGORY_WEAPONARMOR,Equipamentos
INVENTORY_CATEGORY_OOPARTS,OOParts
INVENTORY_EMPTY,Nenhum item para exibir.
INVENTORY_EXPAND_AFTER,Após a expansão
INVENTORY_EXPAND_CURRENT,Atual
INVENTORY_EXPAND_FULL,Não é possível aumentar mais os espaços.
INVENTORY_EXPAND_LABEL1,Nível de expansão
INVENTORY_EXPAND_LABEL2,Recursos disponíveis
INVENTORY_EXPAND_LABEL3,Recursos necessários
INVENTORY_EXPAND_LABEL4,Disponível
INVENTORY_EXPAND_TITLE,Aumentar espaços do inventário
INVENTORY_EXPANDED,O inventário foi expandido para [Count] espaços.
INVENTORY_EXTRACT_DELETE_NO_LONGER_SELECTED,Você pode selecionar até 20 itens.
INVENTORY_EXTRACT_SUBTITLE_DELETE,Destruir
INVENTORY_EXTRACT_SUBTITLE_EXTRACT,Desmontar
INVENTORY_EXTRACT_TITLE,Gerenciar item
INVENTORY_FULL_AIRVEHICLE,Você atingiu o limite de planadores.
INVENTORY_FULL_BLESSINGCARD,Você atingiu o limite de Grace of the Constellations.
INVENTORY_FULL_CLANCOFFER,O tesouro do clã está cheio.
INVENTORY_FULL_COSTUME,Você atingiu o limite de trajes.
INVENTORY_FULL_CRESTSTONE,Você atingiu o limite de Powerstones.
INVENTORY_FULL_GROUNDVEHICLE,Você atingiu o limite de montarias.
INVENTORY_FULL_ITEM,O inventário está cheio.
INVENTORY_FULL_ITEM_DELETE,O inventário está cheio. Não foi possível obter o item.
INVENTORY_FULL_ITEM_SENDMAIL,O inventário está cheio. O item foi enviado ao correio.
INVENTORY_FULL_STRORAGE,O depósito está cheio.
INVENTORY_ITEMALLUSE_BTN,Usar todos
INVENTORY_ITEMALLUSE_HINTTEXT,Selecione o item que deseja usar.
INVENTORY_ITEMALLUSE_NONESELECT,Nenhum item selecionado.
INVENTORY_ITEMALLUSE_SELECT_ERROR_COUNT,Há itens demais para usar. Apenas alguns foram selecionados.
INVENTORY_ITEMALLUSE_SELECT_ERROR_MAX,Não é possível adicionar mais itens.
INVENTORY_ITEMALLUSE_SELECT_ERROR_NONE,Este item não permite usar todas as unidades de uma vez.
INVENTORY_ITEMALLUSE_SELECT_ERROR2_MAX,Não é possível adicionar mais itens.
INVENTORY_ITEMALLUSE_TITLE,Usar todos
INVENTORY_ITEMDELETE_CONFIRMMESSAGE,Deseja destruir o item selecionado?
INVENTORY_ITEMDELETE_GUIDE,Itens destruídos não concedem recompensas.
INVENTORY_ITEMDELETE_HINTTEXT,Selecione um item para destruir.
INVENTORY_ITEMDISASSEMBLE_CONFIRMMESSAGE,Deseja desmontar o item selecionado?
INVENTORY_ITEMEXTRACT_GUIDETITLE,Itens obtidos ao desmontar
INVENTORY_LABEL_ACC,Acessório
INVENTORY_LABEL_ARMOR,Armadura
INVENTORY_LABEL_ARTIFACT,Relíquia
INVENTORY_LABEL_WEAPON,Arma
INVENTORY_MOUNTING_EQUIPMENT,Equipamentos equipados
INVENTORY_NO_SELECTED_ITEM,Nenhum item do inventário selecionado.
INVENTORY_NONESELECT,Nenhum item selecionado.
INVENTORY_QUICKSLOT_GUIDE_CHECKED,Selecione um item do inventário para registrar.
INVENTORY_QUICKSLOT_GUIDE_UNCHECKED,Selecione um espaço e depois o item que deseja registrar.
INVENTORY_REFRESH_COMPLETE,Inventário organizado.
INVENTORY_REFRESH_MESSAGE,"Deseja organizar o inventário?
Os itens empilhados serão redistribuídos."
INVENTORY_SORT_ACQUISITION,Por data de obtenção
INVENTORY_SORT_GRADE,Por estrelas
INVENTORY_SORT_ITEMTYPE,Por tipo
INVENTORY_SUBTITLE_ACCARTIFACT,Acessórios
INVENTORY_SUBTITLE_ALL,Todos
INVENTORY_SUBTITLE_CLANEXPENDABLES,Consumíveis do clã
INVENTORY_SUBTITLE_ETC,Diversos
INVENTORY_SUBTITLE_EXPENDABLES,Consumíveis
INVENTORY_SUBTITLE_SKILLGEM,Pedra de habilidade
INVENTORY_SUBTITLE_STARSTONE,Relíquia Sagrada
INVENTORY_SUBTITLE_STARSTONE_LOYALTYSTARSTONE,Lealdade
INVENTORY_SUBTITLE_STARSTONE_OBEDIENCESTARSTONE,Subjugação
INVENTORY_SUBTITLE_STARSTONE_CONTROLSTARSTONE,Infinito
INVENTORY_SUBTITLE_STARSTONE_SILENCESTARSTONE,Abismo
INVENTORY_SUBTITLE_STARSTONE_TACTICSTARSTONE,Arena
INVENTORY_SUBTITLE_STARSTONE_STRIFESTARSTONE,Conflito
INVENTORY_SUBTITLE_STARSTONE_HONORSTARSTONE,Honra
INVENTORY_SUBTITLE_STARSTONE_REDEMPTIONSTARSTONE,Salvação
INVENTORY_SUBTITLE_WEAPONARMOR,Equipamentos
INVENTORY_TAB_CAN_NOT_AUTOEQUIP,Esta aba não permite equipar automaticamente.
INVENTORY_TABTITLE_EXTRACT_DELETE,Desmontar ou destruir item
INVITE_UNAVAILABLE_FOR_BLOCKED_TYPE,You cannot send Clan invitations in the unjoinable mode.
ITEM_ALLSELECT,Select All
ITEM_ALLUSE_NOHAVEITEM,No items to use all at once.
ITEM_BIND_CHARACTER,<Bind>Bound</>
ITEM_BIND_UNBIND,<Unbind>Tradeable</>
ITEM_BIND_USER,<Bind>Server Bound</>
ITEM_BOX_ACQUIRE_CHOOSE_LIST_TITLE,No item selected.
ITEM_COOLTIME_MSG,Can be used in [Time].
ITEM_COUNT_NEW,[Count]
ITEM_CRAFT_ALREADY_RESEARCH_COMPLETE,"All research for this item is already complete.
Do you want to craft it?"
ITEM_CRAFT_BTN_BOX_USE,Use Chest
ITEM_CRAFT_BTN_RECIPE_OPEN,Unlock Crafting
ITEM_CRAFT_CRAFT_MAX_CNT_UP,Crafting limit for [Name] has increased to [Value].
ITEM_CRAFT_EXPAND_ITEM_NOTHING,Not owned
ITEM_CRAFT_LIMIT_COUNT,Crafting Attempts Exhausted
ITEM_CRAFT_LIMIT_NEED_LEVEL,Must reach Lv. [Value]
ITEM_CRAFT_LIMIT_NEED_RECIPE,Recipe Required
ITEM_CRAFT_LIMIT_NEED_RECIPE_ACTIVE,Recipe Avaiable for Activation
ITEM_CRAFT_MATERIAL_CONSUME,Consumed Materials
ITEM_CRAFT_PERIODLIMIT_TYPE_DAY,Daily
ITEM_CRAFT_PERIODLIMIT_TYPE_HOUR,Hourly
ITEM_CRAFT_PERIODLIMIT_TYPE_MINUTE,Per Minute
ITEM_CRAFT_PERIODLIMIT_TYPE_MONTH,Monthly
ITEM_CRAFT_PERIODLIMIT_TYPE_WEEK,Weekly
ITEM_CRAFT_RECIPE_NOTHING,You do not have the recipe required to unlock crafting.
ITEM_CRAFT_REPLACEMENT_ALL_CANCEL,Deselect All
ITEM_CRAFT_REPLACEMENT_ALL_SELECT,Select All
ITEM_CRAFT_REPLACEMENT_SELECTED,Selected
ITEM_CRAFT_STORAGE_CNT,[Value] stashes
ITEM_CRAFT_TITLE_CNT_EXPAND,Expand Crafting Quantity
ITEM_CRAFT_TITLE_SELECT_BOX,Use Chest
ITEM_DELETE_COMPLETE,The selected item has been destroyed.
ITEM_DESTROY,Destroy Item
ITEM_DISASSEMBLE_COMMON,Destruction
ITEM_DISASSEMBLE_CONFIRM_DESC1,Are you sure you want to destroy the item?
ITEM_DISASSEMBLE_CONFIRM_DESC2,<Red>No reward is given for a destroyed item.</>
ITEM_DISASSEMBLE_CONFIRM_TITLE,Confirm Destruction of High-Star Item
ITEM_DISASSEMBLE_DENY,This item cannot be destroyed.
ITEM_DISASSEMBLE_FINISH_MSG,The selected item has been destroyed.
ITEM_EQUIPMENT_TYPE_,Exiting the Quest World.
ITEM_EQUIPMENT_TYPE_BELT,Belt
ITEM_EQUIPMENT_TYPE_BOOTS,Shoes
ITEM_EQUIPMENT_TYPE_BOW,Bow
ITEM_EQUIPMENT_TYPE_BRACELET,Bracelet
ITEM_EQUIPMENT_TYPE_CHEST,Chestpiece
ITEM_EQUIPMENT_TYPE_CLOAK,Cloak
ITEM_EQUIPMENT_TYPE_CRYSTAL,Tome
ITEM_EQUIPMENT_TYPE_DUALSWORD,Assassin Dagger
ITEM_EQUIPMENT_TYPE_EARRING,Earrings
ITEM_EQUIPMENT_TYPE_GLOVES,Gloves
ITEM_EQUIPMENT_TYPE_GREATSWORD,Greatsword
ITEM_EQUIPMENT_TYPE_HEARTSTONE,Heartstone
ITEM_EQUIPMENT_TYPE_HELMET,Helmet
ITEM_EQUIPMENT_TYPE_INFINITYSTONE,Infinity Stone
ITEM_EQUIPMENT_TYPE_KNIFE,Shield Gauntlet
ITEM_EQUIPMENT_TYPE_LEG,Gaiters
ITEM_EQUIPMENT_TYPE_MAGICBOOK,Gate Stone
ITEM_EQUIPMENT_TYPE_MASK,Mask
ITEM_EQUIPMENT_TYPE_MYSTISTONE,Mystic Stone
ITEM_EQUIPMENT_TYPE_NECKLACE,Necklace
ITEM_EQUIPMENT_TYPE_ORB,Orb
ITEM_EQUIPMENT_TYPE_QUIVER,Quiver
ITEM_EQUIPMENT_TYPE_RING,Ring
ITEM_EQUIPMENT_TYPE_SPAULDERS,Spaulders
ITEM_EQUIPMENT_TYPE_STAFF,Staff
ITEM_EQUIPMENT_TYPE_TECHSTONE,Skill Stone
ITEM_EXTRACT_NOT_GRADE,No items of that Star level to dismantle.
ITEM_INFO_CRAFTMATERIAL_NONE,This item cannot be crafted.
ITEM_INFO_CRAFTTARGET_NONE,No items can be crafted with this item.
ITEM_INSTALL_CLANBOSSRAID_INHOSTILECLAN_MSG,You are hostile towards the Clan occupying the Monolith.
ITEM_INSTALL_IMPOSSIBLE,Cannot be placed
ITEM_INSTALL_IMPOSSIBLE_PROCEED_MSG,Cannot be used right now.
ITEM_INSTALL_INVALID_NAVMESH_MSG,Cannot be placed at this location.
ITEM_INSTALL_LOGIC_ERROR_MSG,Cannot be used for an unknown reason.
ITEM_INSTALL_MODE,Placement Mode
ITEM_INSTALL_OTHER_CLAN_REVIVE_CAMP_MSG,Another Clan Beacon is nearby.
ITEM_INSTALL_OVERLAPPED_ACTOR_MSG,Cannot be used because of an obstructing object.
ITEM_INSTALL_PK_AREA_TYPE_EMTPY,Cannot be placed at this location.
ITEM_INSTALL_POSSIBLE,Can be placed
ITEM_INSTALL_AREA_POSSIBLE,Placeable Realm
ITEM_INSTALL_REVIVE_CAMP_NOT_ENABLED,"Can only be placed in <Yellow>Standard Fields</>, excluding villages in the Forsaken Lands and Abyss Battlefield."
ITEM_INSTALL_TESSERACTSHARD_AREATYPE_SELECTBUTTON,Select Monster
ITEM_INSTALL_UNEVEN_TERRAIN_MSG,Can only be used on flat ground.
ITEM_INSTALL_UNINSTALLABLE_AREA_MSG,Cannot be placed in <Yellow>[PKAreaType]</>.
ITEM_INSTALL_UNINSTALLABLE_AREA_MSG_CLAN_RAID,Can only be placed in Ancient Ruins.
ITEM_INSTALL_UNINSTALLABLE_AREA_MSG2,This Tesseract cannot be placed here.
ITEM_INSTALL_UNINSTALLABLE_NPCNEARBY_MSG,Cannot be placed because lifeforms are detected nearby.
ITEM_LOCK_USE_CONFIRM,"This item is locked.
Do you want to unlock and use it?"
ITEM_LOOTING_STORE_IN_CLAN_COFFER,(Stored in Clan Treasury)
ITEM_MAGIC_OPTION_BTN,Infuse
ITEM_MAGIC_OPTION_BTN_AUTO,Auto-Infuse
ITEM_MAGIC_OPTION_BTN_CANCEL,Cancel Auto-Infuse
ITEM_MAGIC_OPTION_BTN_START,Start Auto-Infuse
ITEM_MAGIC_OPTION_MATERIAL_NOTHING,No materials for Infusing.
ITEM_MAGIC_OPTION_SELECT,Select Stat to Infuse
ITEM_MAGIC_OPTION_SLOT_AUTO_SAME_OPTION_MSG,The maximum value for the selected stat has already been Infused.
ITEM_MAGIC_OPTION_TITLE,Auto-Infuse
ITEM_MAGIC_OPTION_TITLE_SLOT_SELECT,Select Infuse Slot
ITEM_NO_ENCHANT_MSG,This item cannot be enhanced.
ITEM_OPTION_NEED_TARGET,No target to Infuse.
ITEM_OPTION_NOT_TARGET,This item cannot be Infused.
ITEM_POTION_WARANING_MSG,"<Red>Not enough</> HP Potions.
Do you want to enter anyway?"
ITEM_QUICKBUTTON_AUCTION_ERROR_NOT_IN_INVENTORY,Only items in your Inventory can be posted to the Marketplace.
ITEM_QUICKBUTTON_AUCTION_ERROR_NOTCOUNT,No items on sale.
ITEM_QUICKBUTTON_AUCTION_ERROR_NOTSALE,This item is untradeable.
ITEM_QUICKBUTTON_AUCTION_ERROR_UNBIND,This item is untradeable.
ITEM_QUICKBUTTON_COLLECTION_ERROR,This item cannot be researched.
ITEM_QUICKBUTTON_DESTROY_ERROR_ALREADY,This item is already selected for dismantling.
ITEM_QUICKBUTTON_DESTROY_ERROR_EQUIP,This item is equipped.
ITEM_QUICKBUTTON_DESTROY_ERROR_NOT_IN_INVENTORY,Only items in your Inventory can be dismantled.
ITEM_QUICKBUTTON_DESTROY_ERROR_NOTDESTROY,This item cannot be dismantled.
ITEM_QUICKBUTTON_DESTROY_ERROR_NOTDESTROY_LOCk,Locked items cannot be dismantled.
ITEM_QUICKBUTTON_SHARE_ERROR,This item cannot be shared.
ITEM_SELECT_ALREADY_MIN,Cannot be reduced any further.
ITEM_SELECT_CHECKCOUNT,Select the quantity of items to receive.
ITEM_SELECT_CHECKHAVE,Owned:[Count]
ITEM_SELECT_MAX,Can’t select anymore.
ITEM_SELECT_NEED_COUNT,Available Quantity: [CurrentCount]/[MaxCount]
ITEM_SELECT_NOTHING,No item selected.
ITEM_SHORTAGE_NOTACQUISITION_ERROR,Not enough materials.
ITEM_SKILLACQUISITION_ACQUISITIONCOMPLETED,Acquired
ITEM_SKILLACQUISITION_CLASSRANKLOW,Can be acquired at Advancement [ClassRank] or higher
ITEM_SKILLACQUISITION_OTHERCLASSSKILL,Available to acquire a [ClassName] class item
ITEM_STAT_LABEL,Equipped Stats
ITEM_TYPE_BATTLEITEM,Combat Consumables
ITEM_TYPE_CLAN_RAID,Angbar Arena
ITEM_TYPE_CLAN_REPLICASEED,Replica Seed
ITEM_TYPE_CLANREVIVECAMP,Clan Consumables
ITEM_TYPE_CONTROL_STAR_STONE,Relic of Infinity
ITEM_TYPE_COSTUME,Traje
ITEM_TYPE_COSTUME_EXCEED,Costume Transcendence Materials
ITEM_TYPE_COSTUME_LEVELUP,Costume Level-Up Materials
ITEM_TYPE_CRAFTEXPAND,Crafting Certificate
ITEM_TYPE_CRAFTRECIPE,Recipe
ITEM_TYPE_CRESTENCHANTMATERIAL,Powerstone Upgrade Materials
ITEM_TYPE_CRESTRESET,Crest Level Reset Ticket
ITEM_TYPE_CRESTSTONE,Powerstone
ITEM_TYPE_CRESTSTONEPIECE,Crest Upgrade Materials
ITEM_TYPE_ENCAHNT_MATERIAL_ACC,Accessory Enhancement Materials
ITEM_TYPE_ENCAHNT_MATERIAL_ARMOR,Armor Enhancement Materials
ITEM_TYPE_ENCAHNT_MATERIAL_ARTIFACT,Relic Enhancement Materials
ITEM_TYPE_ENCAHNT_MATERIAL_WEAPON,Weapon Enhancement Materials
ITEM_TYPE_EQUIPMENT,Equipamento
ITEM_TYPE_EQUIPMENT_CRAFT_RECIPE,Recipe
ITEM_TYPE_ETC,Misc. Items
ITEM_TYPE_GUDUA,Gudua's Memories
ITEM_TYPE_HP_POTION,HP Potion
ITEM_TYPE_HONOR_STAR_STONE,Sacred Relic of Honor
ITEM_TYPE_ITEMBOX,Item Box
ITEM_TYPE_ITEMEXTEND,Inventory Expansion Ticket
ITEM_TYPE_STORAGEEXTEND,Stash Slot Expansion Ticket
ITEM_TYPE_LOYALTY_STAR_STONE,Relic of Loyalty
ITEM_TYPE_MEMORITE,Memorite
ITEM_TYPE_MP_POTION,MP Potion
ITEM_TYPE_OBEDIENCE_STAR_STONE,Relic of Subjugation
ITEM_TYPE_OPTION_MATERIAL,Equipment Powercore
ITEM_TYPE_QUESTETC,Quest Items
ITEM_TYPE_REDEMPTION_STAR_STONE,Sacred Relic of Salvation
ITEM_TYPE_RETURN,Teleport Spellstone
ITEM_TYPE_RETURNSCROLL,Teleport Scroll
ITEM_TYPE_SILENCE_STAR_STONE,Relic of Abyss
ITEM_TYPE_STRIFE_STAR_STONE,Sacred Relic of Strife
ITEM_TYPE_SKILLBOOK,Skill Items
ITEM_TYPE_SKILLGEM,Spellstone
ITEM_TYPE_SOCIALACTIONACTIVATE,Social Actions
ITEM_TYPE_SUBSCRIBERECHARGE,Privileges
ITEM_TYPE_TACTIC_STAR_STONE,Sacred Arena Relic
ITEM_TYPE_TESSERACTSHARD,Tesseract
ITEM_TYPE_TOWEROFTITANENTER,Pass
ITEM_TYPE_VEHICLE_EXCEED,Mount Transcendence Materials
ITEM_TYPE_VEHICLE_LEVELUP,Mount Level-Up Materials
ITEM_TYPE_TOWEROFTITANPAIDTIME,Refill Ticket
ITEM_TYPE_TOWEROFTITANUNDERGROUNDPAIDTIME,Refill Stone
ITEM_UNUSABLE,Cannot use the item.
ITEM_TYPE_SERVERTRANSFER,Server Transfer Ticket
ITEM_TYPE_CHARACTERTITLE,Title Acquisition Item
ITEM_UPGRADE_BIGSUCCESS_RATE_TEXT,Great Success
ITEM_UPGRADE_BIGSUCCESS_TOOLTIP_DESC,The item will be granted as Great Success reward.
ITEM_UPGRADE_BIGSUCCESS_TOOLTIP_TITLE,Bonus Reward Granted for Great Success 
ITEM_UPGRADE_MULTI_SELECT_NONE_REMAINING,No more Sacred Relic to select for advancement.
ITEM_UPGRADE_SUCCESS_RATE_TEXT,Success
ITEM_UPGRADE_TABMULTI,All
ITEM_UPGRADE_TABSINGLE,Single
ITEM_UPGRADE_TABEXCHANGE,Exchange
ITEM_USE_COUNT_MONTHLY,Monthly limit reached.
ITEM_USE_LIMIT_DAILY,Daily limit reached.
ITEM_USE_LIMIT_WEEKLY,Weekly limit reached.
ITEMBOX_DESC_FIXED,You can <Green>receive all</> items listed below.
ITEMBOX_DESC_RANDOM,You <Blue>have a chance</> to receive one of the following items .
ITEMBOX_DESC_RANDOMEACH,"You <Blue>have a chance to receive each</> of the following items.,"
ITEMBOX_DESC_SELECT,You can <Orange>choose</> one of the following items.
ITEMBOX_NEED_ITEM,Requires a token
ITEMBOX_NEED_KEY_ITEM_DESC,You do not have all of the required items.
ITEMBOX_NEED_KEY_ITEM_POPUP_MSG_2,You need a token to open the chest. How many chests do you want to open?
ITEMBOX_SELECT_CHECKHAVE_HAVE,[Value] owned
ITEMBOX_SELECT_CHECKHAVE_NOT,Not owned
ITEMDESC_BOXLIST_LABEL,Itens incluídos
ITEMDESC_BTN_ENCHANT,Aprimorar
ITEMDESC_BTN_EQUIP,Equipar
ITEMDESC_BTN_ITEM_COMBINATION,Fundir
ITEMDESC_BTN_ITEM_UPGRADE,Evoluir
ITEMDESC_BTN_RANDOM_OPTION_CHANGE,Alterar atributos
ITEMDESC_BTN_SKILLGET,Obter
ITEMDESC_BTN_UNEQUIP,Desequipar
ITEMDESC_BTN_USE,Usar
ITEMDESC_DESCRIPTION_LABEL,Descrição
ITEMDESC_DETAIL_STAT,[Stat] [Value]
ITEMDESC_DURABILITY_LABEL,Durabilidade
ITEMDESC_ENCHANTINFO_LABEL,Informações de aprimoramento
ITEMDESC_ENCHANTINFO2_LABEL,Nível de aprimoramento
ITEMDESC_MAGIC_OPTION_LABEL,Atributos encantáveis
ITEMDESC_OPTION_CREST_BASIC_LABEL,Atributos básicos
ITEMDESC_OPTION_CREST_RANDOM_LABEL,Atributos aleatórios
ITEMDESC_OPTION_LABEL,Atributos
ITEMDESC_SELLPRICE_LABEL,Preço
ITEMEXTRACT_CATALYST_NOT_SYSTEM_MSG,Not enough Dismantling Catalyst.
ITEMEXTRACT_CATALYST_TITLE,Dismantling Catalyst
ITEMEXTRACT_CATALYST_USE,Use
ITEMEXTRACT_CONFIRM_GROWTH_MSG,"Enhanced or Infused equipment selected.
Do you want to continue?"
ITEMEXTRACT_INVENTORY_FULL_SYSTEM_MSG,Not enough inventory space to dismantle the item.
ITEMEXTRACT_RESULT_TEXT,Dismantling Results
ITEMEXTRACT_SYSTEM_TITLE,Dismantle Item
ITEMEXTRACT_TARGET_ITEM_EMPTY,Select the item to dismantle.
ITEMEXTRACT_TAB_MSG,You cannot dismantle⁄destroy items in the All tab.
ITEMLOCK_CHARACTERLEVEL_OVER_ERROR_MSG,Character level too high.
ITEMLOCK_CHARACTERLEVEL_UNDER_ERROR_MSG,Character level too low.
ITEMLOCK_LOCK_FAIL,This item cannot be locked.
ITEMLOCK_LOCK_NOTI,Item locked.
ITEMLOCK_UNLOCK_NOTI,Item unlocked.
KICKOUT_BAD_NETWORK,Connection lost. Network unstable.
KICKOUT_FOR_INSPECT,Disconnected by the administrator.
KICKOUT_INSPECT_MSG,Disconnected due to server maintenance.
KICKOUT_NO_INPUT_IDLECHECKER,Inactivity detected. Leaving the world in [mm] seconds.
KICKOUT_NO_INPUT_MSG,Disconnected due to inactivity.
KICKOUT_NO_INPUT_IDLECHECKER2,Inactivity detected. Leaving the world.
KICKOUT_OTHER_DEVICE_MSG,Log in detected from another device. Restarting the game.
LAST_EPICMAIN_QUEST_COMPLETE_SUBTITLE,Stay tuned for the journey ahead.
LAST_EPICMAIN_QUEST_COMPLETE_TITLE,Coming Soon
LEVELUP_MSG,Level Up
LOGIN_POPUP_INPUT_HINT,Enter login ID
LOGIN_POPUP_MESSAGE,Enter a new or existing ID.
LOGIN_POPUP_TITLE,Log In
MAIL_ALREADY_KEEP,Already moved to Important.
MAIL_BLOCK_ALREADY,The adventurer is already blocked.
MAIL_BLOCK_CANCEL,Adventurer unblocked.
MAIL_BLOCK_COMPLETE,Adventurer blocked.
MAIL_BLOCK_COUNT,[Count]/[MaxCount]
MAIL_BLOCK_INPUT_CHARACTERNAME,Enter the name of the adventurer to block.
MAIL_BLOCK_MEMBER,Blocked Adventurers
MAIL_BLOCK_NOCHARACTER,No blocked adventurer.
MAIL_BLOCK_NORESULT,Target not found.
MAIL_COMPLETE_KEEP,Moved to Important.
MAIL_COUNT_LABEL_INDIVIDUAL,Personal
MAIL_COUNT_LABEL_KEEP,Important
MAIL_COUNT_VALUE,[Count]/[MaxCount]
MAIL_DEFAULT_DISPLAY_NAME,New mail arrived.
MAIL_DELETE_MESSAGE,"All read mails without attachment will be deleted.
Do you want to continue?"
MAIL_DELETE_MESSAGE2,Delete this mail?
MAIL_DELETE_TITLE,Delete
MAIL_DETAIL_CHARACTER,Sender
MAIL_DETAIL_CONTENT,Content
MAIL_DETAIL_DELETE,Delete
MAIL_DETAIL_TITLE,Subject
MAIL_DETAIL_TITLE_POPUP,Mail Content
MAIL_EMPTY_ERROR_SYSTEM_MSG,No mail to delete.
MAIL_GET_ACCOUNT,"Can be claimed by only one character per account.
Do you want to continue?"
MAIL_GET_INVENTORY_FULL,Inventory is full.
MAIL_GET_NOHAVE,No rewards to claim.
MAIL_GET_SERVER,"Can be claimed by only one character per server.
Do you want to continue?"
MAIL_GROUPINVITE_ACCEPT,Accept
MAIL_GROUPINVITE_MESSAGE,Accept the invitation from [ChatRoomName]?
MAIL_GROUPINVITE_REFUSAL,Reject
MAIL_GROUPINVITE_TITLE,Group Chat Invite
MAIL_KEEP_NORESULT,No important mail.
MAIL_LIST_DETAIL,Detail
MAIL_LIST_GET,Receive
MAIL_NEW,New mail arrived.
MAIL_NOTSEND_ME,Cannot send to yourself.
MAIL_NPC_NOTBLOCK,Only adventurers can be blocked.
MAIL_REWARD_LABEL,Attachment
MAIL_REWARD_NOTDELETE,Mails with attachment cannot be deleted.
MAIL_REWARD_NOTKEEP,Mails with attachment cannot be archived.
MAIL_SEND_COMPLTE,Message sent successfully.
MAIL_SEND_ERROR_CONTENT,Please enter a message.
MAIL_SEND_ERROR_CONTENT_LARGE_SIZE,Message too long.
MAIL_SEND_ERROR_NOTTARGET,Invalid recipient.
MAIL_SEND_ERROR_TEXT,Contains unsupported characters.
MAIL_SEND_ERROR_TITLE,Please enter a subject.
MAIL_SEND_ERROR_TITLE_LARGE_SIZE,Subject too long.
MAIL_SENDER_DEFAULT,[System]
MAIL_SETTING_NAME,Specify a recipient.
MAIL_TAB_KEEP,Important
MAIL_TARGET_CLAN,Receiving Clan
MAIL_TARGET_TIP_CLAN,Enter the receiving clan’s name.
MAIL_TARGET_TIP_USER,Enter the receiving adventurer name.
MAIL_TARGET_USER,Receiving Adventurer
MAIL_TITLE,Inbox
MAIL_TODAY_SEND_TITLE,Mail Tokens Left
MAIL_UI_BLOCK_BTN,Manage Block List
MAIL_UI_BTN_ALLDELETE,Delete All
MAIL_UI_BTN_GETALL,Receive All
MAIL_UI_BTN_WRITE,Compose
MAIL_UI_LABEL_USERMAIL,Personal
MAIL_UI_NORESULT,No mail.
MAIL_VALIDITYCHECK_CHARACTER,<Red>Adventurer not found.</>
MAIL_VALIDITYCHECK_CLAN,<Red>Clan not found.</>
MAIL_VALIDITYCHECK_OK,<Yellow>Valid recipient.</>
MAIL_WRITE_COUNT_TIP,Daily mail limit reached.
MAIL_WRITE_SEND_CHARACTER_TIP,Enter the receiving adventurer name.
MAIL_WRITE_SEND_CLAN_TIP,Enter the receiving clan’s name.
MAIL_WRITE_SEND_CONTENT_TIP,A body text is required. (Max [Value] characters)
MAIL_WRITE_SEND_TITLE_TIP,A subject is required. (Max [Value] characters)
MAPPIN_ACTIONMARK_MESSAGE,Map Pins
MAPPIN_ADD_MESSAGE,Add Map Pin
MAPPIN_ACTIVE_MESSAGE,Active Pins
MAPPIN_ADD_MESSAGE_DESC,Tap the location to place a pin.
MAPPIN_ALL_DELETE,Delete All
MAPPIN_APPLY_MESSAGE,Apply
MAPPIN_CHASE_MESSAGE,Track
MAPPIN_CHOICE_DELETE,Delete Selected
MAPPIN_COUNTFULL_ERROR_SYSTEM_MSG,Pin limit reached.
MAPPIN_DELETE,Delete
MAPPIN_DELETE_COMMON_POPUP_MESSAGE,"This will delete all pins.
Do you want to continue?"
MAPPIN_DELETE_COMMON_POPUP_TITLE,Delete All
MAPPIN_DESIGNPOPUP_TITLE,Select Pin
MAPPIN_EMPTY_ERROR_SYSTEM_MSG,No pin to delete
MAPPIN_NAMECUSTUM_MESSAGE,Enter a new name.
MAPPIN_NAMECUSTUM_NAMEINPUTHINT,Current name: [Name]
MAPPIN_NAMECUSTUM_TITLE,Rename Pin
MARK_LOCATION_MARK_CHANGE_MSG,Location marker updated.
MARK_LOCATION_MARK_SET_MSG,Location marker set.
MATERIAL_ITEMS_BULK_ADDITION,Auto Register
MATERIAL_NEED_SELECT_SYSTEM_MSG,Materials not selected.
MATERIAL_SELECTION,Select Material
MATERIAL_SELECTION_LOCKED_UNAVAILABLE,Locked items cannot be used as materials.
MAX_LEVEL_EXP_VIEW,100% ([Value])
MODULARDUNGEON_END_HINTTEXT,You eliminated all monsters from the dungeon.
MODULARDUNGEON_NEED_CHARGE,"Not enough Ordeal Tokens.
Do you want to recharge tokens?"
MODULARDUNGEON_START_HINTTEXT,Defeat monsters in the dungeon to earn Ordeal Treasures.
MODULEDUNGEON_DUNGEON_FAILTITLE,Challenge Failed
MODULEDUNGEON_LEVEL_CHOICE,Choose Difficulty
MODULEDUNGEON_NOT_ENTER_SYSTEM_MSG,Not enough Ordeal Tokens to enter.
MODULEDUNGEON_POINT,Ordeal Token
MODULEDUNGEON_POINT_CHARGING,Ordeal Token (Recharged)
MODULEDUNGEON_POINT_CHARGING_COUNT,Daily Recharge Limit ([Value1]/[Value2])
MODULEDUNGEON_POINT_CHARGING_ITEM_MAX_MSG,Basic token recharge limit reached.
MODULEDUNGEON_POINT_CHARGING_ITEM_MSG,[Count] Ordeal Tokens recharged.
MODULEDUNGEON_POINT_CHARGING_MAX_MSG,Recharge limit reached.
MODULEDUNGEON_POINT_CHARGING_MSG,"Recharges <Yellow>[Value]</> Ordeal Tokens.
Cost increases with each recharge."
MODULEDUNGEON_POINT_CHARGING_SYSTEM_MSG,Ordeal Tokens recharged.
MODULEDUNGEON_POINT_COST,Spend Ordeal Token
MODULEDUNGEON_POINT_TITLE,Arbiter’s Ordeal
MODULEDUNGEON_REWARD_1,Basic
MODULEDUNGEON_REWARD_2,Use x2
MODULEDUNGEON_REWARD_3,Use x3
MODULEDUNGEON_REWARD_ALL,Use All
MODULEDUNGEON_REWARD_BASIC,General
MODULEDUNGEON_REWARD_GUIDE_MSG,Open the treasure chest to obtain rewards.
MODULEDUNGEON_REWARD_POINT,Use Ordeal Tokens (Owned: <yellow>[Value]</>)
MODULEDUNGEON_REWARD_RATE,Rates
MODULEDUNGEON_REWARD_TIP,Ordeal Tokens are consumed based on selection.
MODULEDUNGEON_REWARD_TITLE,Select Reward
MODULEDUNGEON_REWARD_USE_POINT,Required for selected reward: <yellow>[Value]</>
MODULEDUNTEON_EXITCHECKTEXT_NOREWARD,"You have unclaimed rewards.
Are you sure you want to leave?"
MODULEDUNTEON_EXITCHECKTEXT_PLAYING,"Arbiter’s Ordeal is in progress.
Are you sure you want to leave?"
MODULEDUNTEON_LEVEL_LIMIT_SYSTEM_MSG,Unable to enter due to insufficient level.
MODULEDUNGEON_COMBATPOWERVALUE_LIMIT_SYSTEM_MSG,Not enough Combat Power to enter.
MODULEDUNTEON_MAIN_DESC,Choose an Ordeal and complete it to earn specific upgrade materials.
MODULEDUNTEON_MODULEPOINT_LACK_SYSTEM_MSG,Not enough Ordeal Tokens.
MODULEDUNTEON_POINT_CHARGING_GUIDE_MSG,"[Ordeal Token Recharge Rules]
- Basic Tokens recharge automatically at set intervals: <Yellow>one</> token per recharge, up to <yellow>600</> tokens total.
- You can use Diamonds to recharge additional tokens. The recharge cost increases with each purchase.
- You can only recharge with Diamonds up to <Yellow>four times</> daily, and paid tokens can accumulate <Yellow>up to 1,200</>.
- Basic Tokens are consumed first, followed by Paid Tokens."
MODULEDUNTEON_POINT_CHARGING_GUIDE_TITLE,"[Ordeal Tokens]
Basic Tokens <Yellow>[Value1]</> (Max 600) Paid Tokens <Yellow>[Value2]</> (Max 1,200)"
MODULEDUNTEON_POINT_CHARGING_NEXT_TIME,Next Recharge
MODULEDUNTEON_POINT_CHARGING_NEXT_TIME_MAX,(Recharge Limit)
MODULEDUNTEON_SWEEP_TITLE,Defeat Ordeal Token Monsters
MODULEDUNGEON_POINTCHARGING_ITEM_DESC,Use [ItemName] to recharge Ordeal Tokens.{jstag:}
MODULEDUNGEON_POINTCHARGING_ITEM,Recharge Item
MODULEDUNGEON_POINTCHARGING_DIA,Recharge Diamond
MODULEDUNGEON_POINTCHARGING_ITEM_SUB_DESC,Basic Token Limit ([Value1]/[Value2])
MONOLITH_INFO,Monolith Info
MOVE_RECORD,Go to Codex
MOVE_TO_SELECT_CHARACTER,"Você será levado à tela de seleção de personagem.
Deseja continuar?"
MOVEMENTMODE_CLIMBING_CANNOTSTART_MSG,Cannot climb due to a strong repelling force.
MOVEMENTMODE_FLIGHT_CANNOTFLIGHT_MSG,Flight restricted in this area.
MOVEMENTMODE_FLIGHT_CANNOTFLIGHT_SURFACE_MSG,Invalid terrain for fall skills.
MOVEMENTMODE_FLIGHT_CANNOTFLIGHT_HEIGHT_MSG,Insufficient height for fall skills.
MSG_CHARACTER_CREATE_DESC,Create a new character?
MSG_CHARACTER_DEL_DESC,Delete the selected character?
MSG_CHARACTER_NAME,2–12 characters allowed.
MSG_CHARACTER_NAME_EDIT,Enter a name for your character.
MSG_CHARACTER_NAME_HINT,Character Name
MSG_CHARACTER_NAME_TITLE,Enter Character Name
MSG_CUSTOMIZE_RESET_DESC,Reset the appearance settings?
MSG_PARTY_INVITE_CONFIRM,Accept the party invitation?
MSG_PARTY_KICK_DESC,Kick the member from the party?
MSG_PARTY_NAME_EDIT,Enter the party name.
MSG_PARTY_NAME_HINT,Enter Party Name
MSG_RESEARCH_PURCHASE_ALL_BUY,You have purchased all eligible items for bulk purchase.
MSG_RESEARCH_PURCHASE_TOTAL_PRICE_REVISED,Purchase failed due to price change. Refreshing list.
MSG_SELECT_SERVER,Select Server
MSG_SERVER_LIST_EMPTY_HINT,Waiting for server list...
MSG_TITLE_COPYRIGHT,"© 2025. Aqua Tree, Inc. All rights reserved. Published by DRIMAGE."
MSG_TITLE_COPYRIGHT_ATTACKTITAN,"©Hajime Isayama, KODANSHA/“ATTACK ON TITAN” The Final Season Production Committee."
MSG_TOUCH_THE_SCREEN,Pressione Tab para abrir o portal para a Terra Esquecida.
MULTI_COMBINATION_MATERIAL_CONSUMPTION_NOTIFICATION,Fuse attempted using [Grade]-star materials.
NAME_INVALID_LENGTH,[Min]-[Max] characters allowed.
NAME_INVALID_NUMBER,Numbers not allowed.
NAME_INVALID_NUMBER_ONLY,Numbers only.
NAME_INVALID_SPACE,Spaces not allowed.
NAME_INVALID_SYMBOL,Special characters are not allowed.
NEED_ARCHIVE_QUEST_COMPLETE,Complete the quest <Yellow>[QuestName]</> first.
NETWORK_AUTO_RECONNECT_GUIDE_MSG,Auto-reconnecting in <Red>[Sec] seconds</>.
NETWORK_ERROR,Disconnected due to unstable network.
NETWORK_ERROR_AIRPLANE_NO_WIFI,Connection unavailable in Airplane Mode.
NETWORK_ERROR_CDNCONFIG,"Failed to load settings.
Please check your connection and tap Confirm."
NETWORK_ERROR_TRY_COUNT_OVER,Failed to connect to server.
NETWORK_ERROR_WEAK_CELLULAR,Unstable cellular connection.
NETWORK_ERROR_WIFI,Unstable Wi-Fi connection.
NETWORK_MOVE_TO_TITLE,Go to Title
NETWORK_RECONNECTED,Connected to server.
NETWORK_TRY_RECONNECT,Reconnect
NICKNAME_INVALID_LENGTH,"Names must be [MinValue1]-[MaxValue1] chars in Korean, [MinValue2]-[MaxValue2] in English, or [MinValue3]-[MaxValue3] when mixed."
NICKNAME_INVALID_SLANDER,The name contains unsupported characters.
NICKNAME_INVALID_SPACE,Spaces are not allowed in names.
NICKNAME_INVALID_SYMBOL,Special characters cannot be used in names.
NO_CLAN_PERMISSION_UI_ENTRY,No permission to enter.
NO_MORE_RANDOM_NAME_RECOMMEND,No more character names to recommended.
NO_PERMISSION_TO_EDIT,No permission to edit.
NOT_ENOUGH_MP,Not enough MP.
NOTICE_TESTMESSAGE,Announcements are displayed as a single line.
NPC_HEALING_CANT,Cannot restore because HP/MP is already full.
NPC_HEALING_POPUP_DIA,Use Diamonds to restore?
NPC_HEALING_POPUP_FREE,Claim free recovery?
NPC_HEALING_POPUP_FREECOUNT,Remaining Free Recovery: [VALUE1]
NPC_HEALING_POPUP_FREEGOLDCOUNT,Daily Gold Recovery: [VALUE1]/[VALUE2]
NPC_HEALING_POPUP_GOLD,Use Gold to restore?
NPC_HEALING_POPUP_COUPON,Use coupons to restore?
NPC_HEALING_POPUP_GOLD_LOCKEDCOUPON,"The HP/MP Recovery Coupon is locked.
Use Gold to restore?"
NPC_HEALING_POPUP_DIA_LOCKEDCOUPON,"The HP/MP Recovery Coupon is locked.
Use Diamonds to restore?"
NPC_HEALING_POPUP_INFO,Fully Restore HP/MP
NPC_HEALING_POPUP_TITLE,Restore
NPC_SHOP_EXIT_EXIST_ORDER_ITEM_LIST,Unpurchased items in cart. Leave the shop anyway?
NPCSHOP_ALREADY_ATONCEPUCHASE,Cannot proceed during bulk purchase.
NPCSHOP_ALREADY_ATONCESELL,Cannot proceed during bulk sell.
NPCSHOP_ATONCESETTINGTITLE,Bulk Sell Settings 
NPCSHOP_BTN_BUY,Purchase
NPCSHOP_BTN_ORDER,Purchase
NPCSHOP_BTN_SELL,Sell
NPCSHOP_BTNBUY,Purchase All
NPCSHOP_BTNBUYSETTING,Bulk Purchase Settings
NPCSHOP_BTNSELL,Bulk Sell
NPCSHOP_BTNSELLSETTING,Bulk Sell Settings 
NPCSHOP_BTNSETTINGCANCEL,Cancel
NPCSHOP_BTNSETTINGCONFIRM,Save
NPCSHOP_BUY_COMPLETE,You’ve purchased items from [NpcName].
NPCSHOP_BUY_SETTING_ENOUGH_BUY,Set quantity owned
NPCSHOP_BUY_SETTING_EXCEED_BUY,Purchase limit exceeded
NPCSHOP_BUY_SETTING_EXCEED_BUY_MSG,Limit exceeded. Cannot purchase.
NPCSHOP_BUY_SETTING_HPPOTION_ONE_TYPE_MSG,Only one type of HP Potion can be set for bulk purchase.
NPCSHOP_BUYLABEL,Purchase Price
NPCSHOP_BUYPOPUP,Buy Items
NPCSHOP_DIMMED_ERROR,Cannot use here.
NPCSHOP_NEED_CHECK_ORDER_ITEM,No items to add.
NPCSHOP_NEED_CHECK_SELL_ITEM,No items to purchase.
NPCSHOP_NEED_NOT_ENOUGH_ASSET,Insufficient funds.
NPCSHOP_NEED_SELLSETTING,Not Applied
NPCSHOP_NEED_TRADE_TARGET,No one available for trade.
NPCSHOP_NEEDBUYSETTING,Bulk purchase not set.
NPCSHOP_NEEDBUYSETTING_ALREADY_POSSESSION,You already own the amount set for the bulk purchase.
NPCSHOP_NEEDSELLSETTING,Bulk sell not set.
NPCSHOP_NEEDSELLSETTING_CHANGE,Change Bulk Sell Settings first.
NPCSHOP_NOHAVESELLITEM,No items available for bulk sell.
NPCSHOP_NOT_SELL,This item cannot be sold.
NPCSHOP_ORDER_ITEM_LIST_POSSESION_SLOT_COUNT,Free Space [Count]/[MaxCount]
NPCSHOP_OVERFLOW_POSSESSIONCOUNT,Exceeds the maximum quantity you can have.
NPCSHOP_SAVED_BUYSETTING,Bulk purchase settings saved.
NPCSHOP_SAVED_SELLSETTING,Bulk sell settings saved.
NPCSHOP_SELL_COMPLETE,You’ve sold item(s) to [NpcName].
NPCSHOP_SELLLABEL,Sale Price
NPCSHOP_SELLPOPUP,Sell Items
NPCSHOP_SELLSETTINGGRADE,[GradeName] or lower
NPCSHOP_SOLDOUT_ITEM,Cannot purchase any more.
NPCSHOP_TITLE_NPCSHOP,General Store
NPCSHOP_TITLE_ORDER_ASSET,Purchase Price
NPCSHOP_TITLE_ORDER_CNT,Buy Items
NPCSHOP_TITLE_ORDER_ITEM_LIST,Cart
NPCSHOP_TITLE_SELL_ASSET,Sale Price
NPCSHOP_TITLE_SELL_CNT,Sell Items
NPCSHOP_TITLE_SELL_ITEM_LIST,Items to Sell
OPT_BLOCKED_BY_OTHER_OPT,Not available when using <Yellow>[Name]</>
OPT_NOT_SUPPORTED_DEVICE,Not supported on this device.
OPT_REQUIRED_SELECT_UPSCALING_TYPE,Not available with default <Yellow>Upscaling Type</>.
OPT_REQUIRED_SELECT_TYPE_OFF,Not available with <Yellow>[Name]</> turned off.
OPT_UPSCALING_AMD_FSR,AMD FSR
OPT_UPSCALING_DEFAULT,General
OPT_UPSCALING_INTEXL_XESS,Intel XeSS
OPT_UPSCALING_METAL_FX,Metal FX
OPT_UPSCALING_MOBILE_FSR,Mobile FSR
OPT_UPSCALING_MOBILE_ASR,Arm ASR
OPT_UPSCALING_NVIDIA_DLSS,NVIDIA DLSS
OPTION_ACCOUNT,Account
OPTION_AUTO_SCALABILITY,Auto-Optimization
OPTION_AUTO_SCALABILITY_MSG,"Optimizes quality based on 
hardware benchmarks."
OPTION_BADGE_SETTING_COMPLTE,Notification settings updated.
OPTION_BATTLE,Battle
OPTION_CATEGORY_RESET,[CategoryName] settings reset.
OPTION_CONTROL,Controls
OPTION_COPY_ACCOUNT_KEY,Code copied to clipboard.
OPTION_DEFAULT,General
OPTION_ENVIRNMENT,Preferences
OPTION_EXIT_COMPLETE,Emergency escape successful.
OPTION_INPUT_KEY_DUPLICATE_NOTI,Key Changes
OPTION_INPUT_KEY_EMPTY,None
OPTION_INPUT_KEY_RESET_TITLE,Reset Keys
OPTION_INPUT_KEY_SAME_MSG,No changes detected.
OPTION_INPUT_KEY_TITLE,Key Settings
OPTION_INPUT_KEYBOARD_KEY_RESET_WARN,"Reset all keybindings on the current <Yellow>keyboard</>
?"
OPTION_INPUT_REQUIRE_GUIDE,Enter the key to change.
OPTION_INPUT_TOUCH_GUIDE,Tap below to change the key.
OPTION_NOTICE,Notificação
OPTION_PUSH_NIGHT_OFF_MSG,[Architect: Land of Exiles][Date] nighttime news and promotions notifications disabled.
OPTION_PUSH_NIGHT_ON_MSG,[Architect: Land of Exiles][Date] nighttime news and promotions notifications enabled.
OPTION_PUSH_NOTICE_OFF_MSG,[Architect: Land of Exiles][Date] news and promotions notifications disabled.
OPTION_PUSH_NOTICE_ON_MSG,[Architect: Land of Exiles][Date] news and promotions notifications enabled.
OPTION_QUALITY_SETTING_COMPLTE,Auto-Optimization completed.
OPTION_RESET,Reset All
OPTION_RESET_CATEGORY,Reset Category
OPTION_RESET_CATEGORY_WARN,"Reset all settings in the current <Yellow>[Name]</>
to default?"
OPTION_RESET_COMPLETE,All option items have been reset.
OPTION_RESET_WARN,"<Red>All settings, including the current category, will be reset to default.</>
Reset all current settings?"
OPTION_RESOLUTION_TITLE,Resolution Settings
OPTION_SUBTYPE_ACCOUNTINFO,Account / Manage
OPTION_SUBTYPE_AUTOCOMBAT,Auto-Combat
OPTION_SUBTYPE_BADGEALARM,Alerta
OPTION_SUBTYPE_CAMERA,Camera
OPTION_SUBTYPE_COMBAT,Battle
OPTION_SUBTYPE_COMMON,Standard Combat
OPTION_SUBTYPE_CONTROL,Basics
OPTION_SUBTYPE_EFFICIENT,Efficiency
OPTION_SUBTYPE_ETC,Misc
OPTION_SUBTYPE_GAME,Game
OPTION_SUBTYPE_GAMEALARM,In-Game
OPTION_SUBTYPE_GAMEINFO,Show Info
OPTION_SUBTYPE_GAMEPAD,Game Pad
OPTION_SUBTYPE_GRAPHICQUALITY,Graphics
OPTION_SUBTYPE_INTERFACEEFFECT,UI Effects
OPTION_SUBTYPE_KEYBOARD,Hotkeys
OPTION_SUBTYPE_LANGUAGE,Language
OPTION_SUBTYPE_MOUSE,Mouse
OPTION_SUBTYPE_NAMETAG,Nametag
OPTION_SUBTYPE_OPTIMIZATION,Optimization
OPTION_SUBTYPE_PERFORMANCE,Performance
OPTION_SUBTYPE_POTION,Potion
OPTION_SUBTYPE_POWERSAVING,Power Saving Mode
OPTION_SUBTYPE_PUSHALARM,Push
OPTION_SUBTYPE_RECEIVETARGET,Recipient
OPTION_SUBTYPE_SOUNDQUALITY,Sound Quality
OPTION_SUBTYPE_TEST,Test
OPTION_SUBTYPE_VOLUME,Sound
OPTION_TABTARGET_BOSS,Boss
OPTION_TABTARGET_ETC,Misc
OPTION_TABTARGET_MONSTER,Monster
OPTION_TABTARGET_MUTUAL,Mutual Hostility
OPTION_TABTARGET_ONESIDE,One-sided Hostility
OPTION_OPTIMIZATION_SIMPLE_NOTI,Optimizes settings during large-scale battles.
OPTION_BOSSSPAWN_PUSH_TITLE,Set Boss Spawn Alert
OPTION_BOSSSPAWN_PUSH_DESC,5-Min Alert
OPTION_BOSSSPAWN_ALARM_ON,Boss spawn alert enabled.
OPTION_BOSSSPAWN_ALARM_OFF,Boss spawn alert disabled.
OQUPIE_WEBVIEW_TITLE,Customer Support
OUTLAW_CREATION_WARNING_MESSAGE,[Name] is now an outlaw.
OUTLAW_LOGIN_WARNING_MESSAGE,The outlaw [Name] has appeared.
PARTY_ASSEMBLYPOINT_CHANGE_CHAT_MSG,Rally point changed.
PARTY_ASSEMBLYPOINT_CHANGE_SYSTEM_MSG,Rally point changed.
PARTY_ASSEMBLYPOINT_ERROR_SYSTEM_MSG,Invalid location for rally point.
PARTY_ASSEMBLYPOINT_NOT_SYSTEM_MSG,No rally point set.
PARTY_ASSEMBLYPOINT_SET_CHAT_MSG,Rally point set.
PARTY_ASSEMBLYPOINT_SET_SYSTEM_MSG,Rally point set.
PARTY_AUTO_RECRUITMENT,Auto-recruit Party Members
PARTY_AUTO_RECRUITMENTCANCLE,Stop Auto-Recruit
PARTY_AUTO_RESTORE_FAIL,You have been removed from the party because you failed to return to your world in time.
PARTY_BREAKUP,Disband
PARTY_CREATE,Create Party
PARTY_CREATE_POPUP_MESSAGE,"You must be in a party to invite players.
Create a party and invite?"
PARTY_CREATE_POPUP_TITLE,Create Party and Invite Players
PARTY_CREATE_SYSTEM_MSG,Party created.
PARTY_CREATE_UNAVAILABLE_WORLD_TYPE,No-Party World
PARTY_CREATION_UNAVAILABLE_WORLD_TYPE,Party creation is restricted in this world.
PARTY_DISPERSE_CONFIRM_MSG,Disband the party?
PARTY_DISPERSE_MSG,Party disbanded.
PARTY_DISPERSE_SYSTEM_MSG,Party disbanded.
PARTY_DISTRIBUTION_CHANGE_CHAT_MSG,Loot distribution changed to [Param].
PARTY_DISTRIBUTION_CHANGE_SYSTEM_MSG,Loot distribution changed to [Param].
PARTY_DISTRIBUTION_CONTRIBUTION,By Contribution
PARTY_DISTRIBUTION_CONTRIBUTION_DESC,Rewards are distributed to <Yellow>party members based on their contribution</>.
PARTY_DISTRIBUTION_MASTER,Party Leader Only
PARTY_DISTRIBUTION_MASTER_DESC,The party leader obtains items above the set rating.
PARTY_DISTRIBUTION_RANDOM,Random
PARTY_DISTRIBUTION_RANDOM_DESC,<Yellow>Randomly distributes rewards</> to eligible party members.
PARTY_DISTRIBUTION_TITLE,Distribution Method
PARTY_ENTRUST_CHAT_MSG,[Name] is now the party leader.
PARTY_ENTRUST_SYSTEM_MSG,[Name] has been appointed as party leader.
PARTY_INVITATION_UNAVAILABLE_ALREADY_IN_CLANUNIT,Already in the clan squad.
PARTY_INVITATION_UNAVAILABLE_ALREADY_IN_PARTY,Already in the party.
PARTY_INVITATION_UNAVAILABLE_OFFLINE,Cannot invite offline players.
PARTY_INVITATION_UNAVAILABLE_WORLD_TYPE,Party invite not supported in this world.
PARTY_INVITE,Party Invite
PARTY_INVITE_CONNECT_NOT_SYSTEM_MSG,Not online.
PARTY_INVITE_MSG,"[Name] has invited you to a party.
Join the party?"
PARTY_INVITE_NOT_AUTHORITY,No permission to send party invites.
PARTY_INVITE_PROGRESS_SYSTEM_MSG,Invitation already sent.
PARTY_INVITE_SEND_CHAT_MSG,Invited [Name] to the party.
PARTY_INVITE_SEND_SYSTEM_MSG,Invited [Name] to the party.
PARTY_INVITE_SYSTEM_MSG,Invited [Name] to the party.
PARTY_INVITE_TAB_CLAN,Clan
PARTY_INVITE_TAB_FRIEND,Friends
PARTY_INVITE_TAB_NEAR,Nearby Adventurers
PARTY_INVITE_TARGET_EMPTY,No adventurers to invite to the party.
PARTY_INVITE_TARGET_LIST_HINT,No adventurers to invite.
PARTY_INVITE_UNAVAILABLE_PARTY_FULL,Party full. Cannot invite.
PARTY_INVITE_UNAVAILABLE_WORLD_TYPE,Party invite not supported in this world
PARTY_JOIN_COMFIRM_MSG,"[Name] has requested to join your party.
Accept?"
PARTY_JOIN_COMPLETE_ALL_CHAT_MSG,[Name] has joined the party.
PARTY_JOIN_COMPLETE_ALL_SYSTEM_MSG,[Name] has joined the party.
PARTY_JOIN_GET_SYSTEM_MSG,[Name] has requested to join the party.
PARTY_JOIN_LIMIT_CLANMEMBER,Members Only
PARTY_JOIN_LIMIT_CONFIRM,Approval Required
PARTY_JOIN_NO_LIMIT,No Requirements
PARTY_JOIN_REQUEST,Join Application
PARTY_JOIN_REQUEST_MSG,[Party] has requested to join your party. Accept?
PARTY_JOIN_REQUEST_SYSTEM_MSG,Requested to join [PartyName].
PARTY_JOIN_SYSTEM_MSG,Joined the party.
PARTY_JOINLIMIT_TITLE,Join Requirements
PARTY_KICKOUT_CHAT_MSG,[Name] has been removed from the party.
PARTY_KICKOUT_MINE_SYSTEM_MSG,You have been removed from the party.
PARTY_KICKOUT_REQUEST_MSG,Kick [Member] from the party?
PARTY_KICKOUT_SYSTEM_MSG,Kicked [Name] from the party.
PARTY_LIMIT_COMBATPOWER,[CombatPower]
PARTY_LIMIT_COMBATPOWER_OVER,Over
PARTY_LIMIT_LEVEL,[Level] or higher
PARTY_LIMIT_NUMERIC_ONLY,Please enter numbers only.
PARTY_LIST,Party List
PARTY_LIST_HINT,There is no party looking for members.
PARTY_LIST_TITLE,Party List
PARTY_MASTER,Party Leader
PARTY_MASTER_ENTRUST_REQUEST_MSG,Appoint [Member] as the Party Leader?
PARTY_MASTER_GRADE,Party Leader Acquisition Star Grade
PARTY_MEMBBER_MENU_DELEGATION,Appoint Party Leader
PARTY_MEMBBER_MENU_KICKOUT,Kick
PARTY_MEMBER,Party Member
PARTY_NAME,Party Name
PARTY_OPERATION_PERMISSION_DENIED,Only a Party Leader can manage this.
PARTY_OUT,Leave
PARTY_OUT_CHAT_MSG,[Name] has left the party.
PARTY_OUT_MSG,Leave party?
PARTY_OUT_SELF_SYSTEM_MSG,You left the party.
PARTY_OUT_SYSTEM_MSG,[Name] has left the party.
PARTY_PROMOTE_SYSTEM_MSG,Party has been promoted.
PARTY_SEARCH_NAME_SYSTEM_MSG,Enter the Adventurer’s name to search.
PARTY_SEARCH_NO_NAME_SYSTEM_MSG,Adventurer’s name doesn’t exist.
PARTY_TARGET_INVITE_MSG,Invite [Party] to the party?
PARTY_TOOL_TIP_UI_TIP_MESSAGE,<Yellow>Private Boss Contribution Rewards</> <Yellow>are applied differently</> from Party Distribution method.
PARTY_INVITE_NOT_USER_MSG,Cannot invite as the target is not accepting party invitations.
PASS_ALL_RECEIVE_REWARD_NOTHING,No rewards to claim.
PASS_BUTTON_LEVELMAX,Max Level
PASS_BUTTON_LEVELUP,Level Up
PASS_BUY_DELUXPASS_OPEN_DESC,Deluxe Pass Rewards are available now.
PASS_BUY_DELUXPASS_OPEN_TITLE,Unlock Deluxe Pass
PASS_BUY_PREMIUMPASS_OPEN_DESC,Premium Rewards are available now.
PASS_BUY_PREMIUMPASS_OPEN_TITLE,Unlock Premium Pass
PASS_CATEGORY_LEVEL,Level
PASS_CATEGORY_LEVEL2,Level
PASS_CATEGORY_MISSION,Season Pass
PASS_CATEGORY_MISSION2,Mission
PASS_CATEGORY_SHOP,Purchase Pass
PASS_CONTENT_TITLE,Season Pass
PASS_EXPIRED_MESSAGE,Duration has expired. Unclaimed rewards will be sent to the mailbox.
PASS_LEVEL_EXP_BUY,Purchase Level Up
PASS_LEVEL_TIP_DESC,You can acquire Repeat Rewards during the season.
PASS_LEVELUP_RESULT_TITLE,Level Up
PASS_LEVELUP_RESULT_TITLE_REPEAT,Repeat Level Achieved
PASS_MAXLV_SYSTEM_MSG,Already reached max Level.
PASS_MAXLV_TEXT,Max
PASS_MENU_DAILYMISSION,Daily Mission
PASS_MENU_FREEREWARD,Free Rewards
PASS_MENU_LEVEL,Pass Level
PASS_MENU_LEVELGUIDE,You can increase Season Pass Levels by completing missions.
PASS_MENU_LEVELGUIDE_TITLE,Selecting Season Pass.
PASS_MENU_LEVELUP,Purchase Level
PASS_MENU_LEVELUP_AFTER,After Level Up
PASS_MENU_LEVELUP_VALUE,Level Up Stage
PASS_MENU_SEASONMISSION,Season Pass
PASS_MENU_WEEKLYMISSION,Weekly Mission
PASS_MISSION_TAB_DAILY,Daily Mission
PASS_MISSION_TAB_SEASON,Season Pass
PASS_MISSION_TAB_WEEKLY,Weekly Mission
PASS_NAME_PAIDREWARD1,[Name1]
PASS_NAME_PAIDREWARD2,[Name2]
PASS_NEED_PREMIUM_MESSAGE,Available when purchasing Premium Rewards.
PASS_NONE_SYSTEM_MSG,Not currently in progress.
PASS_NORMAL_REWARD_LABEL,Standard Rewards
PASS_POPUP_BUY,"Purchase [Name]{jstag:,} to unlock reward access.
Tap Go to go to the Season Pass Shop."
PASS_POPUP_REPEATDESC1,Repeat Rewards
PASS_POPUP_REPEATDESC2,"Once you reach max level, Repeat Rewards become available. If you reach a Repeat Level during season 
, you can claim rewards."
PASS_PREMIUM_BENEFIT_BUY,Purchase Premium Rewards
PASS_PREMIUM_BENEFIT_OFFLINE_MODE,(Premium Rewards)
PASS_PREMIUM_BENEFIT_RECEIVE,Applying Premium Rewards
PASS_PREMIUM_BENEFIT_TITLE,Premium Rewards
PASS_PREMIUM_REWARD_LABEL,Premium Rewards
PASS_REPEAT_LEVEL_CUMULATIVE_CNT,x [Value]
PASS_REWARD_COMPLETE,Acquired
PASS_SEASON_START_DESC,A new season has started.
PASS_SHOP_GUIDE1,[Value] left until the end.
PASS_SHOP_GUIDE2,"This purchase will be applied immediately and may limit your right to cancel.
If you agree, please press “Purchase.”"
PASS_TITLE_NAME,[Name]
PASS_UPGRADE_BTN_TEXT,Upgrade Season Pass
PASSIVESKILL_COMMON_DESC,Shared
PASSIVESKILL_EXPERT_DESC,Specialized
PASSIVESKILL_EXPERT_TITLE,Specialized
PASSIVESKILL_MENU_TITLE,Enhance Stats
PASSIVESKILL_NORMAL_DESC,Attack
PASSIVESKILL_NORMAL_TITLE,Attack Stance
PASSIVESKILL_SKILL_EFFECT_TITLE,Effect Details
PASSIVESKILL_SKILL_GET_BTN,Acquire
PASSIVESKILL_SKILL_GET_BTN_ERROR1,Can’t acquire without [ItemName]{jstag:}
PASSIVESKILL_SKILL_GET_BTN_ERROR2,Can acquire after advancing [ClassRank]
PASSIVESKILL_SKILL_GET_BTN_ERROR3,Unable to learn skills at this time
PATCH_APPLICATION_CLOSING,Canceled due application closure.
PATCH_APPLICATION_ERROR,An application error has occurred.
PATCH_BUILD_VERIFY_FAIL,"Failed to verify the installed builds.
The file is either damaged or the installation was not complete."
PATCH_COMPLETE_MESSAGE,Tap the screen to go to the Title screen. Returning in [Time]s.
PATCH_DOWNLOAD_COMPLETE,Update complete.
PATCH_DOWNLOAD_ERROR,"Download request failed.
Please check your network connection."
PATCH_DOWNLOAD_INIT,Checking for updates.
PATCH_DOWNLOAD_INSTALLING,Updating game package.
PATCH_DOWNLOAD_MOVINGTOINSTALL,Creating package file.
PATCH_DOWNLOAD_QUEUED,Waiting for update.
PATCH_DOWNLOAD_RESUMING,Checking for updates.
PATCH_DOWNLOAD_SIZE,Download Size: [Value]
PATCH_DOWNLOAD_SPEED,[Speed]MB/s
PATCH_DOWNLOAD_VERIFICATION,Verifying package file.
PATCH_DOWNLOADING,Updating game package.
PATCH_DOWNLOADING_STATE,[Cur]/[Max] ([PercentValue]) [Speed]
PATCH_DURING_QUIT_MESSAGE,"A patch is currently in progress.
Cancel the patch and exit?"
PATCH_END_GAME_ENTER,Enter Game
PATCH_FAILED_TO_DOWNLOAD_MANIFEST,Failed to download patch manifest.
PATCH_FAILED_TO_DOWNLOAD_MANIFEST_NORESPONSE,No response from patch manifest.
PATCH_FAILED_TO_READ_MANIFEST,Failed to read patch manifest.
PATCH_FILE_CONSTRUCTION_FAIL,"File creation failed.
The file may have been corrupted during download or was not fully created."
PATCH_INITIALIZATION_ERROR,"Failed to reset patch installer.
Try again?"
PATCH_INSTALL_REMAINING_SPACE,[Remaining Memory Space: [Size]]
PATCH_INSTALL_REQUIRE_SPACE,[Required Memory Space: [Size]]
PATCH_INSTALLING_STATE,Installing downloaded file. ([PercentValue])
PATCH_INVALID_CLOUD_URL,Patch Cloud URL is invalid.
PATCH_INVALID_INSTALLATION_DIRECTORY,Patch Install Directory is invalid.
PATCH_INVALID_MANIFEST_URL,Patch Manifest URL is invalid.
PATCH_LACK_SYSTEM_MSG,<Red>Unable to install patch due to insufficient storage space.</>
PATCH_LIST_FAILED_INNER_GUIDE,"Number: [PatchNum]
Settings: [ManifestURL]
Chunk: [ChunkURL]"
PATCH_LIST_INVALID_RESPONSE,The patch list URL is invalid.
PATCH_LIST_INVALID_RESPONSE_CODE,Invalid response from the patch list URL. Unexpected Response: [Code]
PATCH_LIST_RECEIVE_FAILED,Failed to receive the patch list.
PATCH_LIST_RECEIVE_UNHANDLED,Failed to read patch list.
PATCH_LOGIN_FAILED_BACK,Unable to log in right now. Relocating to Title screen.
PATCH_MOVE_FILE_TO_INSTALL,"Error occurred while moving the file to the installed location.
Unable to approach the target directory.
Try again?"
PATCH_MOVING_STATE,Creating this will not use any data. ([PercentValue])
PATCH_OUT_OF_DISK_SPACE_INVALID,Insufficient storage space.
PATCH_OUT_OF_DISK_SPACE,"Insufficient storage space.
A total of [TotalSize] of space to download content, but only [AvailableSize] is available.
Please secure more than [RequireSize] of space and try again."
PATCH_PARSE_STATE_GUIDE,Calculating download size
PATCH_PATH_LENGTH_EXCEEDED,"Path length has exceeded the operating system limit.
Please change the installation patch and try again."
PATCH_POPUP_DESC,"Need to download resources.
Press Confirm to start downloading."
PATCH_POPUP_NO_WIFI_WARN,"Warning! Currently using mobile data.
We recommend downloading over Wifi."
PATCH_POPUP_TITLE,Update Notice
PATCH_PREREQUISITE_ERROR,Mandatory component installer program not found.
PATCH_PSO_PRECACHE_MADE,Creating PSO Precache.
PATCH_PSO_PRECACHE_WAIT,Preparing PSO Precache.
PATCH_UPDATE_GUIDE,"<Orange>A new app version</> available. 

Press Confirm to go to Store.
You can connect to the game without updating."
PATCH_USER_CANCELED,Patch process has been cancelled by the user.
PATCH_VERIFICATION_STATE,Verifying this will not use any data. ([PercentValue])
PATCH_VERIFICATION_TITLE,Patch Validity Verification
PATCH_VERIFY_COMPLETE,Patch Validity Verification complete.
PATCH_VERIFY_COMPLETED,Downloaded patch is currently valid.
PATCH_VERIFY_CONNECTION_FAILED,Failed to check manifest for verifying patch.
PATCH_VERIFY_FAILED,"Downloaded patch is invalid.
The following files either do not exist or are invalid."
PATCH_VERIFY_FILEMISSING,Target file(s) not found: [Count]
PATCH_VERIFY_FILESIZEFAILED,Size of target file(s) is invalid: [Count]
PATCH_VERIFY_HASHCHECKFAILED,Cache of target file(s) is invalid: [Count]
PATCH_VERIFY_INIT,Preparing to check for patch validity.
PATCH_VERIFY_INVALID,<Red>Patch is invalid.</>
PATCH_VERIFY_INVALID_FILE_LIST,Invalid File List
PATCH_VERIFY_OPENFILEFAILED,Failed to open target file(s): [Count]
PATCH_VERIFY_RUNNING,Patch validation in progress.
PATCH_VERIFY_VALID,<Green>Patch is valid.</>
PATCH_VERIFYING,Validating patch [PercentValue]
PATCH_WHITELIST_AVAIABLE_EXIST,"A whitelist patch is available.
Closing this pop-up will attempt to download the whitelist patch."
PENALTYINFO_TITLE,Death Penalty Details
PENALTYRECOVER_ADDITIONALRECOVER,Additional Recovery
PENALTYRECOVER_ADDITIONNUMBER,[Count] / [MaxCount]
PENALTYRECOVER_ADDITIONTOOLTIP,"Additional Recovery is only available with Diamonds.
If the storage limit is exceeded, 
oldest penalties will be deleted first."
PENALTYRECOVER_BASICNUMBER,[Count] / [MaxCount]
PENALTYRECOVER_BASICRECOVER,Restore
PENALTYRECOVER_BASICTOOLTIP,"When 24 hours pass or the storage limit is exceeded, 
<Yellow>the oldest penalties will be relocated</> to Additional Recovery."
PENALTYRECOVER_FREENUMBER, Remaining Daily Free Recoveries: [Count]
PENALTYRECOVER_FREERECOVER,Free Recovery
PENALTYRECOVER_GOLDRECOVERINFO,You can only recover [Value]% of the lost EXP when recovering with gold. Proceed?
PENALTYRECOVER_MOVE,Move
PENALTYRECOVER_MOVEINFO,Penalties can only be recovered in Village.
PENALTYRECOVER_NOMONEY,Insufficient cost required for Penalty Recovery.
PENALTYRECOVER_NOPENALTY,No penalties to recover.
PENALTYRECOVER_RECOVER,Recover
PENALTYRECOVER_TITLE,Recover Death Penalty
PK_GRADE_RANGE_VALUE,[MinValue] ~ [MaxValue]
PK_IGNORE_EFFECT_REMOVAL_WARNING_GADGET_CONTROLLED,Shield of Peace effect will perish due to interacting with [Name].
PK_IGNORE_EFFECT_REMOVAL_WARNING_GADGET_OPERATION_MESSAGE,Shield of Peace effect will perish when interacting with this objective. Proceed anyway?
PK_IGNORE_EFFECT_REMOVAL_WARNING_GADGET_OPERATION_TITLE,Buff Expiration Alert
PK_IGNORE_EFFECT_REMOVAL_WARNING_TOWER_OF_TITAN_EFFECT_MESSAGE,"Ashur’s Torch will be reset if you use this item.
Continue anyway?"
PK_IGNORE_EFFECT_REMOVAL_WARNING_TOWER_OF_TITAN_EFFECT_TITLE,Buff Reset Alert
PK_IGNORE_ITEM_USAGE_NOTIFICATION,"Shield of Peace item effect is applied, and you won’t be attacked by other players during [Time]."
PK_NOTIFY_UI_MESSAGE,You are being attacked by other characters.
PK_OUTLAW_DOUBLE_PENALTY,Penalty x2
PK_POINT_GRADE_CHANGE_MESSAGE,Alignment Level has been changed to [GradeName]{jstag:}.
PK_POINT_INFO_POPUP_TITLE,Alignment
PK_POINT_OUTLAW_PENALTY,Outlaw Penalty
PK_POINT_OUTLAW_PENALTY_TOOLTIP,Mounts and Fast Travel are restricted for Outlaws.
PK_POINT_TOOL_TIP_TITLE,Alignment Level
PK_TENDENCY_GRADE_LIST,Alignment Level List
PK_TENDENCY_MY_POINT,My Alignment
PLANNED_CHANGE_AMOUNT,Pending Change Amount
PLATFORM_APPLE_APPSTORE,App Store
PLATFORM_GOOGLE,Google Play
PLATFORM_GOOGLE_PC,Google Play
PLATFORM_ONE_STORE,One Store
PLAY_TIME_WARNING_MSG1,You have been playing for [hour] hrs. Please take a short break.
PLAY_TIME_WARNING_MSG2,You have been playing for [hour]h. Extended gameplay may affect your health.
PLAY_TIME_WARNING_MSG3,You have been playing for [hour] hrs. Excessive gameplay may disrupt your daily routine.
POSION_POSSESION_COUNT,Available to Own: [CurrentCount]⁄[MaxCount]
POSION_POSSESION_MAX_DROP,Cannot exceed the potion limit.
POTENTIAL_FAIL_SYSTEM_MSG,Awakening failed.
POTENTIAL_SUCCESS_SYSTEM_MSG,Awakening successful. Potential increased.
PRELOAD_MSG_TOUCH_THE_SCREEN,The gates to the Abandoned Lands will open soon.
PRELOAD_PATCH_FINISH_DESC,"Pre-download complete.
Official launch is scheduled for <Yellow>[Date] [Time]</>."
PRELOAD_PATCH_LACK_ALERT,<Red>Pre-download failed due to insufficient storage space.</>
PRELOAD_PATCH_LACK_SYSTEM_MSG,Pre-download failed due to insufficient storage space.
PRELOAD_PATCH_POPUP_DESC,"You can <Yellow>pre-download</> the game resources.
Press Confirm to start downloading now."
PRELOAD_TITLE,Notice
PREMIUMVENDINGMACHINE_ACTIVATED_OFF,Deactivated Status
PREMIUMVENDINGMACHINE_ACTIVATED_ON,Currently activated!
PREMIUMVENDINGMACHINE_ENDTIME_LEFTTIME,Ends after [Time]
PREMIUMVENDINGMACHINE_STARTTIME_LEFTTIME,Activated after [Time]
PROFILE_BUTTON_UNAVAILABLE_OTHER_SERVER,Unable to see profiles of adventurers from other Servers.
PROTECTED_ITEM_USED_CHARACTER_UNATTACKABLE,Unable to attack target who uses Shield of Peace.
PUSH_EMPTY,(No Content)
QUEST_ACCEPT_BUTTON,Accept Quest
QUEST_ACCEPTPOPUP_TITLE,Accept Quest
QUEST_ACQUIRED_CONDITION_CLASSRANK,Advanced to Class: [ClassRank]
QUEST_ACQUIRED_CONDITION_LEVEL,Character Level: [CharacterLevel]
QUEST_ACQUIRED_CONDITION_QUEST,Quest: [QuestName] Complete
QUEST_ACQUIRED_LOCKED_DESC,Quest requirements must be met.
QUEST_ACQUIRED_CONDITION_EPISODE,Complete all quests in Sub Quest Episode: [EpisodeName]
QUEST_ARCHIVE_EPISODE_REWARD_TITLE,Episode Rewards
QUEST_ARCHIVE_MENU_MOVE,Go to Archive Menu
QUEST_ARCHIVE_REWARD_POPUP_TITLE,Archive Story Complete
QUEST_ARCHIVE_TITLE,Archive
QUEST_BREAKTHROUGH_RESTART_MSG,You must defeat more nearby enemies.
QUEST_BREAKTHROUGH_TOTALCOUNTMAX_MSG,You’ve defeated enough nearby enemies. Let’s go to the Rally Point.
QUEST_BUTTON_NOTOPENED,You must complete the prerequisite quest.
QUEST_CANCEL_BUTTON,Abandon Quest
QUEST_CANCEL_POPUP_MSG,Abandon quest?
QUEST_COMMISSION_COUINT_PAIDCOUNT,(Recharge Count: [Value])
QUEST_COMMISSION_DAILY_COUNT,Daily Commission Attempts
QUEST_COMMISSION_WEEKLY_COUNT,Weekly Commission Attempts
QUEST_COMPLETE_BUTTON,Missão concluída
QUEST_COMPLETE_BUTTON_MSG,You’ve already completed this quest.
QUEST_COMPLETE_TO_TOUCH,Toque aqui para concluir a missão.
QUEST_CURRENT_TARGET_TITLE,Objetivo da missão
QUEST_DIRECT_BUTTON,Atalho
QUEST_EPIC_ALLCOMPLETE_DESC,To Be Continued
QUEST_EPIC_ALLCOMPLETE_MESSAGE,You’ve completed all Epic Quests. New journeys will be available soon.
QUEST_EPISODE_REWARD_POPUP_TITLE,Complete Episode
QUEST_EVENT_REWARD_POPUP_TITLE,Complete Event Story
QUEST_FACTION_QUEST_TITLE,Tasks in Progress
QUEST_FACTION_REWARD_POPUP_TITLE,Complete Adventurers Alliance Story
QUEST_GUIDEBOOK_STEP,Levels in Progress
QUEST_LIST_NO_MSG,No quests in progress.
QUEST_LOCKED_BUTTON_MSG,Conclua a missão anterior primeiro.
QUEST_LOCKED_QUESTLIST,???
QUEST_LOCKED_QUESTTASK_DESC,Disponível após concluir a missão anterior.
QUEST_EVENT_LOCKED_TIME,[Time] until disassemble
QUEST_MAIL_INVENTORY_FULL_SYSTEM_MSG,Sent to your mailbox due to insufficient space in inventory.
QUEST_MENU_MOVE,Go to Quest Menu
QUEST_MENU_MOVE_ARCHIVE,Go to Archive Menu
QUEST_MENU_MOVE_FACTION,Go to Adventurers Alliance Menu
QUEST_MENU_MOVE_GUIDEBOOK,Go to Guidebook Menu
QUEST_NAVIMESH_ERROR_HINTEXT,The destination is nearby. Let’s find it ourselves!
QUEST_NONE_QUESTLIST,No quests in progress.
QUEST_ONGOING_QUEST,Quests in Progress
QUEST_PANEL_DISTANCE,[Value]m
QUEST_PLAY_BUTTON,Atalho
QUEST_POSSIBLE_QUEST,Available Quests
QUEST_PROGRESS_BUTTON,In progress
QUEST_REVIVE_AUTO_MSG,Automatically restarts at [Name] after [Time].
QUEST_REVIVE_MOVETO_DEFAULT,Restart
QUEST_REWARD_POPUP_TITLE,Quest Complete
QUEST_REWARD_TITLE,Recompensa de conclusão da missão
QUEST_START_TO_AUTOTYPE_ALL,Press here to check the Quest Location
QUEST_START_TO_AUTOTYPE_AUTO,Press here to accept Quest
QUEST_START_TO_AUTOTYPE_PERFORM,Press here to go to the target
QUEST_START_TO_TOUCH,Press here to accept Quest
QUEST_STOP_BY_INSTANCE,"Leaving the Quest World. 
Quests in progress will reset upon leaving.
Leave?"
QUEST_SUB_REWARD_POPUP_TITLE,Complete Sub Story
QUEST_SUBCONTENTS_REWARD_POPUP_TITLE,Complete Advancement Story
QUEST_TAB_ALL,Todas
QUEST_TAB_ARCHIVE,Arquivo
QUEST_TAB_COMMISSION,Comissões
QUEST_TAB_EPIC,Épicas
QUEST_TAB_SEASONAL,Sazonais
QUEST_TAB_FACTION,Aliança
QUEST_TAB_GUIDEBOOK,Manual
QUEST_TAB_SUB,Secundárias
QUEST_TAB_CLASSRANK,Progressão
QUEST_TELEPORT_POPUP_MAIN_MSG,Too far from the quest location. Relocating to a nearby Warp Anchor.
QUEST_TELEPORT_POPUP_MSG_INSTANCE_WORLD_BY_TRIGGER,Entering Quest World.
QUEST_TELEPORT_POPUP_SUB_MSG,Go?
QUEST_TELEPORT_POPUP_TITLE,Warp Anchors
QUEST_TIMEOVER_MSG,Quest failed. Time ran out.
QUEST_TIMEOVER_TITLE,Quest Failed
QUEST_TYPE_ARCHIVE,Arquivo
QUEST_TYPE_COMMISSION,Comissão
QUEST_TYPE_DAILY,[Diária]
QUEST_TYPE_EPICMAIN,Épica
QUEST_TYPE_SEASONAL,Sazonal
QUEST_TYPE_SUBCONTENTS,Progressão
QUEST_TYPE_ABURU,Monstrosity Sightings
QUEST_TYPE_FACTION,Adventurers Alliance
QUEST_TYPE_FACTION_BLACKSMITH,<Faction>[Blacksmith]</>
QUEST_TYPE_FACTION_CRAFTSMAN,<Faction>[Artisan]</>
QUEST_TYPE_FACTION_EXPLORER,<Faction>[Adventurer]</>
QUEST_TYPE_FACTION_GUIDE,<Faction>[Wayfinder]</>
QUEST_TYPE_FACTION_HUNTER,<Faction>[Hunter]</>
QUEST_TYPE_FACTION_MERCHANT,<Faction>[Merchant]</>
QUEST_TYPE_FACTION_NEW,[[FactionName]Alliance]
QUEST_TYPE_FACTION_QUESTNAME,[Value] quest(s) in progress
QUEST_TYPE_FACTION_RELICAPPRAISER,<Faction>[Appraiser]</>
QUEST_TYPE_FACTION2,Alliance
QUEST_TYPE_GUIDEBOOK,Manual
QUEST_TYPE_SUB,Secundária
QUEST_TYPE_WEEKLY,[Semanal]
QUEST_UNABLEAUTO_QUEST_MSG,Fast Travel is unavailable for this quest.
QUEST_WAITING_OTHERPLAYER_MSG,Waiting for other players. [Count]⁄[MaxCount]
QUEST_WORLDSPOT_INCONSISTENCY_MSG,Unable to progress the quest here. You must go to [SpotName]{jstag:}.
QUEST_EVENT_PROGRESS,Progress
QUEST_DISABLECONDITION_NOTAREA,Unable to use this function in this Realm.
QUEST_UNABLEAUTO_SOCIALACTION_MOTION,Not enough [SocialActionName] to use.
QUICKBUTTON_ADD,Registrar
QUICKBUTTON_DELETE,Remover
QUIPMENT_UPGRADE_ITEM_LOCKED_DESC,Locked items cannot be advanced.
RANKING_DIFF_DECREASE,<Red>(▼ [Value])</>
RANKING_DIFF_INCREASE,<Green>(▲ [Value])</>
RANKING_DIFF_NEW,<Green>New</>
RANKING_DIFF_SAME,<Gray>-</>
RANKING_MENU_ADVENTURE,Adventure
RANKING_MENU_BATTLE,Battle
RANKING_MENU_CHARACTER,Character
RANKING_MENU_CLAN,Clan
RANKING_MENU_COLLECTION,Collection
RANKING_MENU_GROWTH,Upgrade
RANKING_MENU_PVP,PvP
RANKING_MONTHLY_RESET_PARENTHESIS,(Monthly Reset)
RANKING_NOT_EXIST,Aggregated Ranking Data does not exist.
RANKING_REFRESH_TIP_MESSAGE,Rankings are updated every [TIME].
RANKING_SEARCH_NAME_SYSTEM_MSG,Enter the Adventurer’s name to search.
RANKING_SEARCH_CLAN_SYSTEM_MSG,Enter a Clan name to search.
RANKING_WEEKLY_RESET_PARENTHESIS,(Weekly Reset)
RATE_BTN_TEXT,Rate Info
RATE_EQUIPMENT_ENCHANT_SINGLE,Success Rate: [Value]%
RATE_EQUIPMENT_ENCHANT_SINGLE_BLESSD_FAIL,"When failed: [Value1]% Maintained, [Value2]% Destroyed"
RATE_EQUIPMENT_ENCHANT_SINGLE_BLESSD_SUCCESS,"When successful: [Value1]% +1★, [Value2]% +2★"
RATE_MULTI_TIP_ENCHANT,Single Enhancement has the same success rate as Multiple Enhancement.
RATE_MULTI_TIP_UPGRADE,Single Advancement has the same success rate as Bulk Advancement.
RATE_POPUP_LIST_COMMISION_NAME,Grade [Value]
RATE_POPUP_LIST_ENCHANT_NAME,+[Value]★
RATE_POPUP_LIST_UPGRADE_NAME,<StarStoneColor>[Value]Tier</>
RATE_POPUP_TAB_COMMISSION_FACTION,Alliance
RATE_POPUP_TAB_COMMISSION_GRADE,Grade
RATE_STARSTONE_UPGRADE_SINGLE,[Value]%
RATE_TEXT,[Value]%
RATE_TIP,"Probabilities are rounded to 3 decimal places, so the total may not equal exactly 100%."
RATE_TITLE,Rate Info
RATE_TITLE_FACTOR,Category
RATE_TITLE_RATE,Rates
RATE_TITLE_VALUE,Value
RATE_WEBVIEW_TITLE,Rate Info
RECORD_BTN_SHOW,See Record
RECORD_CHALLENGEGATE,Trial Gates
RECORD_CHALLENGEGATE_DESC,"You can enter the Giant’s Tower by using the special devices scattered throughout the Forsaken Land.
When the tower was first discovered, many adventurers became trapped inside. Over time, however, they overcame its trials and now seek new challenges."
RECORD_ELITE_MONSTER_DESC,You must defeat the Elite Monsters living inside the Giant’s Tower.
RECORD_ELITE_MONSTER_KILL,Defeat Elite Monsters
RECORD_FIELDBOSS,Boss
RECORD_FIELDBOSS_LOCATION,Spawn Location
RECORD_FORMAT_COUNT,[Count]/[MaxCount]
RECORD_FORMAT_TOTAL_POINT,[Point]/[MaxPoint]
RECORD_GIANTPIECE,Giant's Remnants
RECORD_GIANTPIECE_DESC,"It functions similarly to the Record Discs once used by the Ancient Empire.
Adventurers can easily locate them. When activated, they leave behind a recorded message before disappearing. 
Some well-preserved specimens are said to still hold messages recorded in ancient times."
RECORD_GIANTPIECE_DISCOVEREDNOT,Unregistered
RECORD_GIANTPIECE_DISCOVEREDNOT_DESC,Undiscovered Giant’s Remnant.
RECORD_GIANTPIECE_NONE_SELECTION_DESC,Selecting Archives.
RECORD_GIANTPIECE_TITLE,Message from Ancient Times
RECORD_KEYREWARD_TITLE,Main Reward
RECORD_MASTER_KEY,Ashur's Torch
RECORD_MASTER_KEY_DESC,You can gain powerful buffs when acquiring Ashur’s Torch from the Giant’s Tower.
RECORD_NEXTREWARD_TITLE,Next Reward
RECORD_NORMAL_MONSTER_DESC,You must defeat the monsters living inside the Giant’s Tower.
RECORD_NORMAL_MONSTER_KILL,Defeat Common Monsters.
RECORD_NOTICE_NEW,A new entry has been added to the Codex.
RECORD_OBSERVATION,Observatory
RECORD_POINT,pt
RECORD_PROGRESS,Progress
RECORD_REWARD,Claim Reward
RECORD_REWARD_TAKE,Claim Reward
RECORD_REWARD_TITLE,Codex Rewards
RECORD_REWARDLIST,All Rewards List
RECORD_SECTOR_SELECT,Select Realm
RECORD_SECTOR_TITLE,Select Realm
RECORD_TAB_FIELD,Abandoned Land
RECORD_TAB_TOWEROFTITAN,Giant's Tower
RECORD_TRANSMITDEVICE,Warp Anchors
RECORD_TRANSMITDEVICE_DESC,"Presumed to have been created by the Ancients, this teleportation device is one of the primary means of transportation in the Forsaken Land.
It is divided into large, small, and monolith Warp Anchors. Users are advised to exercise caution because some have been abandoned in dangerous areas."
RECORD_TRANSMITDEVICE_OLD_DESC,"Presumed to have been created by the Ancients, this teleportation device is one of the primary means of transportation in the Forsaken Land.
It is divided into large, small, and monolith Warp Anchors. Users are advised to exercise caution because some have been abandoned in dangerous areas.
Warp Anchors near Monoliths are especially underdeveloped due to the Ether Explosion. It is unavailable during the Monolith War due to high emissions of Ether."
RECORD_TRANSMITDEVICE_BATTLEFIELD_DESC,"Presumed to have been created by the Ancients, this teleportation device is only available to Clans that have claimed a fortress."
RECORD_TREASUREBOX,Treasure Chest
RECORD_TREASUREBOX_DESC,"Treasure chests scattered throughout the Forsaken Land are believed to be remnants of the Ancient Empire. 
The Adventurers’ Guild occasionally commissions investigations into them."
RECORD_TREASUREBOX_TITLE,Treasure Chest
RECORD_TREASUREBOXEPIC,Ethereal Sanctum
RECORD_TREASUREBOXEPIC_DESC,"A relic believed to have been crafted by the nobles of the Ancient Empire.
Scattered throughout the Forsaken Land, it is said to grant rare treasures to those who overcome its trials."
RECORD_TREASUREBOXSPECIAL_DESC,"A special treasure chest you can find while exploring the Forsaken Land—believed to be remnants of the Ancient Empire. 
The Adventurers’ Guild occasionally commissions investigations into them."
RECORD_TREASUREBOXSPECIAL_TITLE,Special Treasure Chest
RECORD_TYPE_FIELDBOSS,Boss
RECORD_TYPE_GIANTPIECE,Giant's Remnants
RECORD_TYPE_TELEPORTSTATION,Warp Anchors
RECORD_TYPE_TREASUREBOX,Treasure Chest
RECORD_TYPE_TREASUREBOXEPIC,Ethereal Sanctum
RECORD_TYPE_TREASUREBOXSPECIAL,Special Treasure Chest
RECORD_TYPE_TRIALGATE,Trial Gates
RECORD_TYPE_VIEWPOINT,Observatory
RECORD_VIEWPOINTPOPUP_DESC,"It is used to monitor threats across the Forsaken Land and relay information about them.
Usually installed on high ground with a clear view, it is also used by adventurers to check the perimeter."
REGISTER_ENEMY_CLAN,Register Enemy
REPLICASEED_ACTIVATED_ALARM,Activate [BossName]’s Replica Seed
REPLICASEED_ACTIVATE,Activate Replica Seed
REPLICASEED_ACTIVATE_WARN,Reward collection limits are tracked on the clan level.
REPLICASEED_ACTIVATE_WARN_MSG,"My character can’t collect any more rewards.
Activate Replica Seed?"
REPLICASEED_ALRDY_SPAWN_MSG,An active Replica Seed already exists.
REPLICASEED_AUTOEXITTIME,Relocating to the Forsaken Land in [ss]s.
REPLICASEED_BOSSNAME,[Title] [BossName]
REPLICASEED_CAN_SPAWN,Essence Replication Available
REPLICASEED_GIVEUP,Abandon Challenge
REPLICASEED_DESTROY,Destruction
REPLICASEED_DESTROY_CONFIRM_TITLE,Destroy Replica Seed
REPLICASEED_DESTROY_CONFIRM_DESC1,Destroy the boss' Replica Seed?
REPLICASEED_DESTROY_CONFIRM_DESC2,Consumed items will not be refunded.
REPLICASEED_DESTROY_MSG,Challenge interrupted: [Name] destroyed [BossName]‘s Replica Seed.
REPLICASEED_ENTERNOTI_DESC,Defeat the boss replicated with ancient technology!
REPLICASEED_ESSENCE_SPAWN,Boss Essence Alert
REPLICASEED_ESSENCE_DESPAWN,Boss Essence Not Spawned
REPLICASEED_ESSENCE_NONE_MSG,Boss’s Essence has not appeared.
REPLICASEED_FAIL_TITLE,Replica Seed Mission Failed
REPLICASEED_FAIL_DESC,Failed to suppress the replicated boss.
REPLICASEED_STOP_TITLE,Replica Seed Challenge Interrupted
REPLICASEED_STOP_DESC,"The Replica Seed has been destroyed, halting the boss replication."
REPLICASEED_CLEAR_TITLE,Replica Seed Mission Success
REPLICASEED_CLEAR_DESC,The replicated boss has been subdued.
REPLICASEED_KEY_REWARD,Main Reward
REPLICASEED_MAIN_DESC,"An ancient artifact capable of replicating specific monsters by collecting and activating their Essence.
This artifact was forged to serve as the foundation for mass replication.
It resonates exclusively with specific Essences. Discovered only recently,
its observed reactions remain limited to select monsters as researchers struggle to amass more samples."
REPLICASEED_NO_PERMISSION,You are not authorized to handle Replica Seeds.
REPLICASEED_NOT_ENOUGH_ITEM,Requires more Replica Seeds to activate.
REPLICASEED_NOT_ENOUGH_OPPORTUNITY,All challenge attempts for this week have been exhausted.
REPLICASEED_NOT_SPAWN,Deactivate Essence
REPLICASEED_SPAWN,Boss Essence Alert
REPLICASEED_SHOP_SHORTCUT,Go to Clan's Ancient Coins Shop
REPLICASEED_WEEKLY_REWARD_CHANCE,Replica Weekly Rewards:
REPLICASEED_WEEKLY_REWARD_CHANCE2,Weekly Rewards: 
REPLICASEED_PORTAL_SPAWN_MSG,The Replica Seed has reacted with the boss' Essence and opened a portal.
REPLICASEED_ITEM_USAGE_NOTIFICATION,The Replica Seed is resonating violently with the boss's Essence.
REPLICASEED_PORTAL_SPAWN_NOTIFICATION,[Name] has activated [BossName]’s Replica Seed. Move there now?
REPLICASEED_PORTAL_NONE_MSG,No active Replica Seeds found.
REPLICASEED_PORTAL_ACTIVE,Activate Replica Seed
REPLICASEED_PORTAL_TIMELEFT,Time until despawn
CLANBOSSRAID_PORTAL_ACTIVE,Activate Clan Portal
CLANBOSSRAID_PORTAL_NOT_ACTIVE,Deactivate Clan Portal
REROLL_COSTUME,Replace Costume
REROLL_RETRY,Replace
REROLL_WEAPONCOSTUME,Swap Phantom Weapon
RESTRICT_CATEGORY,Sort
RESTRICT_CAUSE,Reason
RESTRICT_CHAT_BAN,Muted
RESTRICT_CHAT_BAN_MSG,You have been muted.
RESTRICT_DETAIL,Restriction Details
RESTRICT_INFO,Info
RESTRICT_NOTI_DESC,※ Please contact Customer Support for more details.
RESTRICT_NOTI_TITLE,User Guide
RESTRICT_REQUEST,Inquiry
RESTRICT_SERVICE_RESTRICTION,Restrictions
RESTRICT_SERVICE_SUSPENSION,Suspension
RESTRICT_TIME_END,Restriction End Date
RESTRICT_TIME_START,Restriction Start Date
RESTRICT_TYPE_WORLD,Cannot be used in this area.
RESTRICT_TYPE_OTHER_SERVER,Cannot send this request to adventurers from another server.
RESTRICT_TYPE_REMOTEPLAY,"Unavailable while connected to Remote Play through DRIMAGE Sync.
Disconnect from Remote Play and try again in the PC client, or use the mobile app."
RESTRICT_TYPE_REMOTEPLAY_PAIDPURCHASE,"Cannot purchase paid items while connected to Remote Play through DRIMAGE Sync.
Disconnect and try again in the PC  client, or use the mobile app."
REVENGE_REFRESH_COMPLETE,Revenge request details refreshed.
REVENGE_REFRESH_COOLTIME,[Second]sec cooldown remaining to refresh revenge request.
REVIVE_AUTO_MSG,Will automatically revive at [Time] in [Name].
REVIVE_DELAY_TIME,Revival available in [Time].
REVIVE_DELAY_TIME_FOR_CUSTOM,Available in [Time] sec.
REVIVE_MOVETO_CLANSTRONGHOLD,Clan Beacon Revive
REVIVE_MOVETO_DEFAULT,Revive
REVIVE_MOVETO_MONOLITH,Defense Position Revive
REWARD_ITEM_ACQUIRER_COFFER_AUTO_DESTROY,(Auto-Destroy)
RUNTIME_DESIGN_EPICQUEST_101050,You must fly to the designated location.
SCAN_AUTO_END,Auto-Scan ended.
SCAN_AUTO_START,Auto-Scan started.
SCAN_EMPTY_TEXT,No targets scanned.
SCAN_LIST_DELETE,Remove scanned items.
SCAN_SETPOPUP_AUTO_SCAN,Use Auto-Scan
SCAN_SETPOPUP_OPTION_ETC,Misc
SCAN_SETPOPUP_OPTION_ETC_BUILDING,Structure
SCAN_SETPOPUP_OPTION_MONSTER,Monster
SCAN_SETPOPUP_OPTION_MONSTER_BATTLE,Combat Target
SCAN_SETPOPUP_OPTION_MONSTER_BOSS,Boss
SCAN_SETPOPUP_OPTION_MONSTER_BUFF,Buff Monster
SCAN_SETPOPUP_OPTION_MONSTER_ELITE,Elite Monsters
SCAN_SETPOPUP_OPTION_MONSTER_NORMAL,Common Monsters
SCAN_SETPOPUP_OPTION_MONSTER_QUEST,Quest Monster
SCAN_SETPOPUP_OPTION_PLAYER,Player
SCAN_SETPOPUP_OPTION_PLAYER_ALLY,Standard Adventurer
SCAN_SETPOPUP_OPTION_PLAYER_BATTLE,Combat Target
SCAN_SETPOPUP_OPTION_PLAYER_CHAO,Chaotic Adventurer
SCAN_SETPOPUP_OPTION_PLAYER_CLAN,Clan Members
SCAN_SETPOPUP_OPTION_PLAYER_ENEMY,Hostile Target
SCAN_SETPOPUP_OPTION_PLAYER_FRIENDLYCLAN,Allied Clan Member
SCAN_SETPOPUP_OPTION_PLAYER_PARTY,Party / Fireteam Member
SCAN_SETPOPUP_OPTION_PLAYER_WATCH,Enemy Adventurers
SCAN_SETPOPUP_SCAN_EFFECT,Show Scan Effects
SCAN_SETPOPUP_SUB_TITLE_OPTION,Scan Target Settings
SCAN_SETPOPUP_SUB_TITLE_SET,Auto-Scan Settings
SCAN_SETPOPUP_TIME_DURATION,Auto-Scan Interval
SCAN_SETPOPUP_TIME_DURATION_VALUE,[Time] sec
SCAN_SETPOPUP_TITLE,Scan Settings
SCAN_START,Scanning nearby targets.
SCAN_TARGET_OFF_GADGET,Not scanning structures.
SCAN_TARGET_OFF_MONSTER,Not scanning monsters.
SCAN_TARGET_OFF_PLAYER,Not scanning players.
SCAN_TARGET_ON_GADGET,Scanning structures.
SCAN_TARGET_ON_MONSTER,Scanning monsters.
SCAN_TARGET_ON_PLAYER,Scanning players.
SCREEN_ASPECT_RATIO,[X]:[Y]
SCREEN_RESOLUTION_CUSTOM,Custom
SCREEN_RESOLUTION_NOT_SELECTED_NOTIFY,Select a resolution to apply.
SEAONALEVENT_VENDINGMACHINE_DESC,"Redeem your Vending Machine Token at the Vending Machine for a chance to win heaps of 
exclusive Aburu’s Bounty Festival rewards!"
SEAONALEVENT_VENDINGMACHINE_REWARDLABEL,Main Reward
SEAONALEVENT_VENDINGMACHINE_TITLE,Aburu Vending Machine
SEASONALEVENT_BTN_IMAGEGUIDE,View Guide
SEASONALEVENT_END,Ended
SEASONALEVENT_NAME_ABURUFESTIVAL,Aburu's Bounty Festival
SEASONALEVENT_OPEN_ALREADY_END,[SeasonalEventMenuName] has ended.{jstag:}
SEASONALEVENT_OPEN_NOT_YET,[SeasonalEventName] is not open yet.{jstag:}
SEASONALEVENT_MISSION_EVENT_TITLE,Naruru Mission
SEASONALEVENT_MISSION_EVENT_TITLE_LIGHT,Halo Mission
SEASONALEVENT_NAME_ATTACKTITAN,Architect x Attack on Titan
SEASONALEVENT_NAME_ATTACKTITAN_MISSION,Collab Special Missions
SEASONALEVENT_NAME_ATTACKTITAN_VENDINGMACHINE,Attack on Titan Vending Machine
SEASONALEVENT_NAME_ATTACKTITAN_VENDINGMACHINE_DESC,"Use Attack on Titan Vending Machine Tickets at the machine
for a chance to win exclusive Attack on Titan rewards!"
SECTERINVASION_BOSS_GRADETITLE,Grand Incursion Boss
SECTERINVASION_DIFFICULTY,Difficulty Level [Value]
SECTORINVASION_AREANAME_DESC,[AreaName]
SECTORINVASION_BOSS_APPEAR_READY_MSG,All Incursions have ended. [m] min until Boss Summon.
SECTORINVASION_INVASION_END,Until Incursion End
SECTORINVASION_INVASION_END_TIP,"Once all Incursions have ended, the Boss will be summoned."
SECTORINVASION_BOSS_SPAWN,Until Boss Summon
SECTORINVASION_BOSS_SPAWN_MSG,A powerful boss has appeared in the Grand Incursion.
SECTORINVASION_BOSS_BATTLE,Until Boss Despawn
SECTORINVASION_BOSS_KILL_MSG,The powerful boss of the Grand Incursion has been defeated.
SECTORINVASION_BOSS_KILL_REWARD_DESC,Defeat the powerful boss of the Incursion
SECTORINVASION_BOSS_NAMETAG,Center of the Incursion
SECTORINVASION_BOSS_UNTILSTART_DESC,Until Boss Summon
SECTORINVASION_BOSSDIFFICULTLEVEL,Boss Difficulty
SECTORINVASION_BOSSDIFFICULTY_NOTIFY,Grand Incursion Boss Level [Difficulty]
SECTORINVASION_BOSSPORTAL_DIFFICULTY_DESC,Level[Value]
SECTORINVASION_BOSSPORTAL_DIFFICULTY_MSG,The powerful Incursion Portal begins to emit an even stronger aura.
SECTORINVASION_BOSSPORTAL_SPAWN_MSG,An Incursion Portal with a powerful aura has emerged.
SECTORINVASION_COMPLETE_COUNT,[Count]/[MaxCount]
SECTORINVASION_COMPLETE_COUNT_DESC,Incursions Thwarted
SECTORINVASION_COMPLETE_DESC,Grand Incursions Thwarted
SECTORINVASION_DIFFICULTY,Level[Value]
SECTORINVASION_DIFFICULTY_NOTIFY,Grand Incursion Level [Difficulty]
SECTORINVASION_FAIL_DESC,Failed to thwart the Grand Incursion
SECTORINVASION_FINISH_DESC,The Grand Incursion has ended.
SECTORINVASION_FINISH_MSG,Grand Incursion Ended
SECTORINVASION_FINISH_NOTIFY_MSG,The Grand Incursion in [InvasionName] has vanished.
SECTORINVASION_HUDALARM_PRECURSOR,Grand Incursion Precursor
SECTORINVASION_HUDALARM_PROGRESS,Grand Incursion in Progress
SECTORINVASION_INVASIONNAME_DESC,Grand Incursion in [InvasionName]
SECTORINVASION_NAMETAG,Incursion in [AreaName]
SECTORINVASION_NOTPLAYING_MSG,Grand Incursion is not in progress.
SECTORINVASION_READY_NOTIFY_MSG,The Grand Incursion in [InvasionName] will start in [m] minutes.
SECTORINVASION_SECTORINVASIONTYPE_INFO_MSG1,Grand Incursion occurring in [InvasionName]
SECTORINVASION_SIGN_NOTIFY_MSG,A precursor to the Grand Incursion has detected in [InvasionName].
SECTORINVASION_START_NOTIFY_MSG,The Grand Incursion in [InvasionName] has started.
SECTORINVASION_TOOLTIP_GUIDE_MSG1,"[Grand Incursion Schedule]
Daily at <Yellow>[StartTime]</>"
SECTORINVASION_TOOLTIP_GUIDE_MSG2,"[Grand Incursion Rules]
When a Grand Incursion occurs, Incursion Portals will manifest throughout the Abandoned Land.
<Yellow>[SignTime]</>Following the precursor period, the Incursion officially begins and lasts for a maximum of <Yellow>[SpawnDelayTime]</>
Once all Incursions end and <Yellow>[BossAppearReadyTime]</>passes, the Grand Incursion Boss will spawn. The boss grows more powerful based on the highest Incursion level completed."
SECTORINVASION_WAVE_COUNT,[Count]/[MaxCount]
SELECT_ALL_CLAN_MEMBERS,Select All Clan Members
SERVER_SELECT,Select Server
SERVER_SELECT_ALL,All Servers
SERVER_SELECT_CHARACTER,Character
SERVER_SELECT_CONNECT_WAITING_DESC,Canceling the queue or changing servers will reset your position.
SERVER_SELECT_CONNECT_WAITING_TITLE,Server Connection Queue
SERVER_SELECT_CROWD_BUSY,<Busy>Busy</>
SERVER_SELECT_CROWD_FULL,<Full>Full</>
SERVER_SELECT_CROWD_IDLE,<Idle>Smooth</>
SERVER_SELECT_CROWD_INSPECT,<Inspect>Maintenance</>
SERVER_SELECT_CROWD_MARK,●
SERVER_SELECT_CROWD_NORMAL,<Normal>Normal</>
SERVER_SELECT_CROWD_WHITELIST,<Inspect>Maintenance</>
SERVER_SELECT_ENTER,Connect
SERVER_SELECT_GENERATECAP,Creation Restricted
SERVER_SELECT_GENERATECAP_DESC,Character creation is restricted on the selected server.
SERVER_SELECT_GENERATECAP_TITLE,Creation Restricted Server Info
SERVER_SELECT_GROUPNAME_SERVERNAME,[GroupName]-[ServerName]
SERVER_SELECT_IMPOSSIBLE,Cannot connect to this server at the moment.
SERVER_SELECT_MAINTENANCE,Under Maintenance.
SERVER_SELECT_MYCHARACTER,My Characters
SERVER_SELECT_NEW,New
SERVER_SELECT_NO_CHARACTER,No characters found.
SERVER_SELECT_NO_RECENT,No recent activity
SERVER_SELECT_NO_RECENT_CHARACTER,No recently connected characters.
SERVER_SELECT_NO_RECENT_MSG,No recently connected characters.
SERVER_SELECT_NO_RECOMMENDED,No recommended servers.
SERVER_SELECT_NO_SELECTED,No server selected.
SERVER_SELECT_QUEUE_CANCEL,Leave Queue
SERVER_SELECT_QUEUE_FULL_MSG,The server is at capacity. Please try again later.
SERVER_SELECT_QUEUE_LINE_CANCEL,Leave Queue
SERVER_SELECT_QUEUE_LINE_CANCEL_DESC,Leave queue?
SERVER_SELECT_QUEUE_NOTICE_DESC1,"Due to high player traffic, you have been placed in a queue. 
Please wait. You will enter automatically when it is your turn."
SERVER_SELECT_QUEUE_NOTICE_DESC2,Players in Queue: [NUM]
SERVER_SELECT_QUEUE_NOTICE_DESC3,<Red>Leaving the queue will reset your position.</>
SERVER_SELECT_QUEUE_NOTICE_TITLE,Queue Notice
SERVER_SELECT_RECENT,Recent Login
SERVER_SELECT_RECENT_CONNECT_TIME,Last Login Time
SERVER_SELECT_RECOMMENDED,Recommended
SERVER_SELECT_RECOMMENDED_SERVER,Recommended Server
SERVER_SELECT_SERVER,Server
SERVER_SELECT_STREAMER,Streamer
SHOP_ACCUM_COUNT,[Value]Time(s)
SHOP_ACCUM_DAY,Day [Value]
SHOP_ACCUM_LIMIT_DAILY,Daily Total [Value2][Value3]
SHOP_ACCUM_LIMIT_MONTHLY,Monthly Total [Value2][Value3]
SHOP_ACCUM_LIMIT_WEEKLY,Weekly Total [Value2][Value3]
SHOP_ACCUM_TITLE,Total Purchase
SHOP_ACCUM_NEXT,Next Reward
SHOP_ACCUM_NEXT_COUNT,[Value]Time(s)
SHOP_ACCUM_FINAL,Final Reward
SHOP_ACCUM_FINAL_COUNT,[Value]Time(s)
SHOP_ACCUM_REWARD_LIST,Total Reward
SHOP_ACCUM_PAGE_LOCK,Claim all rewards from the previous page first.
SHOP_ATONCE_PURCHASE_TIP,The item will be deselected automatically when you reach the set quantity.
SHOP_ATONCE_PURCHASE_TIP_FACTION,You can purchase items from multiple Guilds simultaneously.
SHOP_ATTENDANCE_DAY_BASIC,Instant
SHOP_ATTENDANCE_DAY_COUNT,[Day] Days
SHOP_ATTENDANCE_GETREWARD_COMPLETE,Reward Claimed
SHOP_ATTENDANCE_MYDAY,Total Attendance Days: <Buff>[Value]Days</>
SHOP_ATTENDANCE_NEEDPURCHASE,Available after Purchase
SHOP_ATTENDANCE_NOTYET,This reward cannot be claimed yet.
SHOP_BUTTON_RESTORE,Restore Purchase
SHOP_CLANGIFT_LABEL_1,"Clan
Gift"
SHOP_CLANGIFT_LABEL_2,Clan Gift
SHOP_COMMON_ACTIVE,Activated
SHOP_COMMON_ITEMLIST,Item List
SHOP_COMMON_PURCHASE,Purchase
SHOP_COMMON_PURCHASE_TITLE,Purchase Item
SHOP_COMMON_RENEW_UPDATE_CONFIRM,Confirm
SHOP_COMMON_RENEW_UPDATE_MSG,The Shop has been refreshed due to the date change.
SHOP_COMMON_RENEW_UPDATE_TITLE,Shop Refresh
SHOP_CONDITIONALPOPUP,Limited Purchase Item
SHOP_DECS_CLAN,"You are not currently in a Clan.
Rewards sent to Clan members will not be granted if purchase now.
Press the Purchase button if you still wish to proceed."
SHOP_DECS_COMMON,※ Related items may be resold again in the future in the same or similar form.
SHOP_DECS_SHOPACCUM,"※ Refunds are restricted after claiming Weekly/Monthly or cumulative purchase rewards. 
※ Cumulative purchase count increases when claimed from the Storage."
SHOP_DECS_STEPUP,※ Refund of lower-tier products is restricted if you purchase and claim higher-tier products.
SHOP_EXCHANGE_COMPLETE_SYSTEM_MSG,[ShopName] item exchange completed.
SHOP_ITEM_PURCHASE_COMPLETE,Purchase Completed
SHOP_ITEM_PURCHASE_COST_LABLE,Purchase Cost
SHOP_MESSAGE_NOITEM,No items available to claim.
SHOP_MESSAGE_RECEIVED,Item delivered to your Inventory.
SHOP_MISSION_BASIC,Upon Mission Completion
SHOP_MISSION_GETERROR,This reward can only be claimed by completing the mission.
SHOP_MISSION_GETREWARD_COMPLETE,Reward Claimed
SHOP_MULTIPURCHASE_BUTTON,Consecutive Purchase
SHOP_MULTIPURCHASE_BUTTON_COMPLETE,Purchase Completed
SHOP_MULTIPURCHASE_BUTTON_RETRY,Retry
SHOP_MULTIPURCHASE_CANCEL_MESSAGE,"Consecutive Purchase canceled.

Purchased items have been sent to your Mailbox."
SHOP_MULTIPURCHASE_CANCEL_TITLE,Cancel Consecutive Purchase
SHOP_MULTIPURCHASE_COMPLETE_MESSAGE,"Consecutive Purchase completed.

Purchased items have been sent to your Storage."
SHOP_MULTIPURCHASE_COMPLETE_TITLE,Consecutive Purchase Completed
SHOP_MULTIPURCHASE_PENDING_MESSAGE,Processing your purchase request. Please wait a moment.
SHOP_MULTIPURCHASE_POPUP_MESSAGE,Purchase all the above items consecutively?
SHOP_MULTIPURCHASE_POPUP_PRICEINFO,Total Purchase Cost
SHOP_MULTIPURCHASE_POPUP_SHOPLIST,List of Purchased Items
SHOP_MULTIPURCHASE_POPUP_TITLE,Consecutive Purchase Info
SHOP_MULTIPURCHASE_PROGRESS_INFO,Consecutive Purchase Progress ([Count]/[Total])
SHOP_MULTIPURCHASE_PROGRESS_MESSAGE,"Complete the purchase on <Shopboldtext>[Platform]</> and press<Shopboldtext>[Confirm]</>
If the connection is unstable or the next payment screen does not appear, press the<Shopboldtext>[Retry]</> button to continue."
SHOP_MULTIPURCHASE_PROGRESS_MESSAGE2,This popup will close automatically when all purchases are complete. Purchased items will be automatically delivered to your Inventory.
SHOP_MULTIPURCHASE_PROGRESS_TITLE,Consecutive Purchase in Progress
SHOP_MULTIPURCHASE_TEMPLATE_COUNT,Quantity: [Value]
SHOP_NEED_ACHIEVEMENT_CLEAR,[Name]Level[Index] Achievement Cleared
SHOP_NEED_CLASSRANK,Available for purchase upon reaching Advancement [ClassRank]
SHOP_NEED_JOINCLAN,Clan Membership required
SHOP_NEED_SUBSCRIBE,[Name] Purchase required
SHOP_PACKAGE_CONDITION,Condition Details
SHOP_PACKAGE_CONDITION_POPUP,Item Unlock Condition
SHOP_PASS_3LINE_LEVELUP_TIP,Purchasing the Premium and Deluxe Passes allow you to claim the rewards for each pass.
SHOP_PASS_BUY_WITHDRAWAL_POPUP_DESC,"Applied immediately upon purchase; refunds are restricted.
While your benefits remain active, making additional purchase will extend the benefit period.
Press Confirm If you agree to the refund restrictions."
SHOP_PASS_GRADE_ACTIVE,Purchase
SHOP_PASS_GRADE_NAME,Grade
SHOP_PASS_GRADE_NAME_DELUX,Deluxe
SHOP_PASS_GRADE_NAME_NORMAL,Standard Combat
SHOP_PASS_GRADE_NAME_PREMIUM,Premium
SHOP_PASS_LINE_BUY_KEYREWARD_TITLE,Main Reward
SHOP_PASS_LINE_BUY_POPUP_TIP,"This item may be resold in the future.
Depending on the remaining pass duration, you may not recieve the final reward."
SHOP_PASS_LINE_BUY_POPUP_WITHDRAWAL,"Refunds are available within 7 days of purchase.
(Refunds are unavailable if the item has been used.)"
SHOP_PASS_LINE_GRADE_ACTIVE,Purchase
SHOP_PASS_LINE_GRADE_NAME,Grade
SHOP_PASS_LINE_GRADE_NAME_DELUX,Deluxe
SHOP_PASS_LINE_GRADE_NAME_NORMAL,Standard Combat
SHOP_PASS_LINE_GRADE_NAME_PREMIUM,Premium
SHOP_PASS_LINE_LEVELUP_ALL_RECEIVE,View Missions
SHOP_PASS_LINE_LEVELUP_BUY,Purchase Level Up
SHOP_PASS_LINE_LEVELUP_MISSION,Receive All
SHOP_PASS_LINE_LEVELUP_TIP,Missions are completed automatically upon meeting the conditions.
SHOP_PASS_POPUP_TITLE_MISSION,Mission
SHOP_PASS_POPUP_REPEAT_MSG1,"All rewards for [ShopName] have been claimed and 
<yellow>Reset</>."
SHOP_PASS_POPUP_REPEAT_MSG2,"Any progress exceeding the maximum requirements of the previous [ShopName] mission will be immediately applied to the 
[ShopName] after reset."
SHOP_POPUP_OLDSUMMONPASSEND,"Claimed all rewards for [ShopName].
Excess summons beyond the max level requirements will carry over to the next Summon Pass missions."
SHOP_PASS_PURCHASE_SUBNAME,Pass
SHOP_PASSPACKAGE_DESC,Increase your Pass Level to obtain 2nd Advancement materials and 3-Star equipment.
SHOP_PASSPACKAGE_FREE,Free
SHOP_PASSPACKAGE_GUIDE,Missions are completed automatically upon meeting the conditions.
SHOP_PASSPACKAGE_IMMEDIATELY,Instant
SHOP_PASSPACKAGE_LEFTTIME,[Time]
SHOP_PASSPACKAGE_LEVEL,Level[Value]
SHOP_PASSPACKAGE_MISSION_BUTTON,View Missions
SHOP_PASSPACKAGE_MISSIONLIST,Stage List
SHOP_PURCHASE_ASSET_RECHECK,A large amount of Resources will be consumed. Purchase?
SHOP_PURCHASE_ATONCE_COMPLETE_MSG,Batch purchase of items complete.
SHOP_PURCHASE_ATONCE_COUNT,[CurrentCount]/[MaxCount]
SHOP_PURCHASE_ATONCE_FACTION_TIP,You can purchase items from multiple Guilds simultaneously.
SHOP_PURCHASE_ATONCE_NEED_UNIFY_ASSET_MSG,Only items using the same Resources can be purchased together.
SHOP_PURCHASE_ATONCE_SAVE_COMPLETE_MSG,Bulk purchase settings saved.
SHOP_PURCHASE_ATONCE_SAVE_COST,Expected Cost
SHOP_PURCHASE_ATONCE_SAVE_MSG,Press Save to complete the batch purchase settings.
SHOP_PURCHASE_ATONCE_SOLDOUT,<Red>Sold out</>
SHOP_PURCHASE_ATONCE_TITLE,Purchase All
SHOP_PURCHASE_ATONCE_TITLE_SAVE,Save Batch Purchase
SHOP_PURCHASE_BONUS,[Bonus] [RewardName]
SHOP_PURCHASE_COMPLETE_SYSTEM_MSG,Purchase of [ShopName] item completed.
SHOP_PURCHASE_CONDITION_1,[ShopRemain] [ShopTarget] [PurchaseCount]/[RemainCount]
SHOP_PURCHASE_CONDITION_2,[ShopRemain] [PurchaseCount]/[RemainCount]
SHOP_PURCHASE_CONDITION_3,[ShopTarget] [PurchaseCount]/[RemainCount]
SHOP_PURCHASE_CONDITION_4,[PurchaseCount]/[RemainCount]
SHOP_PURCHASE_CONDITION_ACCOUNT,All Servers
SHOP_PURCHASE_CONDITION_ACCOUNT_DESC,Purchase Limit: 1 per account
SHOP_PURCHASE_CONDITION_CHARACTER,Character
SHOP_PURCHASE_CONDITION_DAY,Daily
SHOP_PURCHASE_CONDITION_MONTH,Monthly
SHOP_PURCHASE_CONDITION_POPUP,[ShopTarget] [PurchaseCount]/[RemainCount]
SHOP_PURCHASE_CONDITION_SERVERACCOUNT,Server
SHOP_PURCHASE_CONDITION_SERVERVALUE,Remaining Quantity on Server: [Value]
SHOP_PURCHASE_CONDITION_WEEK,Weekly
SHOP_PURCHASE_CONFIRM_MESSAGE,Purchase [ShopName] item [Count] times?
SHOP_PURCHASE_FACTION_GRADE,Available for purchase upon reaching Affinity [FactionGrade]
SHOP_PURCHASE_IMPOSSIBLE_ACCOUNT_LEVEL_MAX,Available for purchase at Lv.[Value] or below
SHOP_PURCHASE_IMPOSSIBLE_ACCOUNT_LEVEL_MIN,Available for purchase at Lv.[Value] or higher
SHOP_PURCHASE_IMPOSSIBLE_ACHIEVEMENT,Clear [AchievementName] Achievement
SHOP_PURCHASE_IMPOSSIBLE_AREA,Purchase Unavailable Area
SHOP_PURCHASE_IMPOSSIBLE_CLANLEVEL,Available for purchase at Clan Lv.[Value] or higher
SHOP_PURCHASE_IMPOSSIBLE_CLASS,[ClassName] Class
SHOP_PURCHASE_IMPOSSIBLE_CONTENTSLOCK,Unlock [ContentsLockKeyword]
SHOP_PURCHASE_IMPOSSIBLE_LEVEL_MAX,Available for purchase at Lv.[Value] or below
SHOP_PURCHASE_IMPOSSIBLE_LEVEL_MIN,Available for purchase at Lv.[Value] or higher
SHOP_PURCHASE_IMPOSSIBLE_NOTCONDITION,Purchase conditions not met.
SHOP_PURCHASE_IMPOSSIBLE_NOTCONDITION_CLASS,Cannot purchase items for other classes.
SHOP_PURCHASE_IMPOSSIBLE_NOTCOST,Insufficient resources.
SHOP_PURCHASE_IMPOSSIBLE_NOTCOUNT,Cannot purchase any more.
SHOP_PURCHASE_IMPOSSIBLE_NOTENOUGH_CLASSRANK,Requires [ClassRank] Advancement
SHOP_PURCHASE_IMPOSSIBLE_NOTTIME,Not available for purchase at this time.
SHOP_PURCHASE_IMPOSSIBLE_QUEST,Clear [QuestName] Quest
SHOP_PURCHASE_IMPOSSIBLE_SHOPITEM,Purchase [ShopItemName] Item
SHOP_PURCHASE_IMPOSSIBLE_SOLDOUT,Sold out.
SHOP_PURCHASE_IMPOSSIBLE_WEEK,Available for purchase on [N]
SHOP_PURCHASE_IMPOSSIBLE_CLANMASTER,Only Clan Master can purchase
SHOP_PURCHASE_IMPOSSIBLE_LEARNEDSKILL,Skill already learned
SHOP_PURCHASE_IMPOSSIBLE_HIGHPASSCOUNT,Requires Challenge Completion: [Count]
SHOP_PURCHASE_PRICE_FREE,Free
SHOP_PURCHASE_SALEEND_TIME,[Time]
SHOP_PURCHASE_SALESTART_TIME,[Time]
SHOP_PURCHASE_STEPUP_COUNT,[CurrentStep]/[LastStep]
SHOP_PURCHASE_SUBSCRIBE_FUNCTION_MAX_RECHARGE,This item can be recharged up to 100 days.
SHOP_PURCHASE_SUBSCRIBE_FUNCTION_NEED_PURCHASE,Activated upon purchasing [ShopItemName]
SHOP_PURCHASE_TIMEOUT,Expired item.
SHOP_PURCHASE_TITLE,Purchase Info
SHOP_REFUND_ACCUM,Refunds are restricted if cumulative purchase rewards have been claimed.
SHOP_REFUND_GUIDE,View Details
SHOP_REFUND_GUIDE_DIA,"Items purchased with Diamonds are not eligible for refunds.
After reviewing all notices, press the ‘Purchase’ button if you agree to the purchase."
SHOP_REFUND_GUIDE_IMMEDIATELY,"This purchase will be applied immediately and may limit your right to cancel.
If you agree, please press “Purchase.”"
SHOP_REFUND_GUIDE_LONG,"■ Refund Policy
 - Refund Conditions
 - Refunds for purchased products are available within 7 days of purchase.
 -- Request can be submitted via [Customer Center - 1:1 Inquiry - Payment] category.
 · Refund Restrictions
 1. The eligible period for requesting a refund has passed.
 2. Content that is used immediately or applied directly to the service upon purchase.
 3. Content has been opened, where opening constitues usage or determines the utility of the item.
 4. Other cases where refund restrictions apply under relevant consumer protection laws in e-commerce or the Terms of Service.
 · Payment Cancellation Policy
 1. Members must keep the purchased product in a state where it can be retrieved or deleted after submitting a refund request.
 2. The company will initiate necessary procedures for a refund, such as requesting payment cancellation from the third-party platform that provided the payment service, within 3 business days from the date the product is retrieved or deleted.
 3. When a member requests a refund, the company may vertify purchase history via the third-party platform. The company may also contact the member using information provided to confirm the legitimacy of the refund request and may request additional documentation.
 4. If the company has already received payment from the payment provider, it will refund the provider and notify the consumer. However, if the member purchased the paid service using a credit card or other payment methods specified by the ‘Enforcement Decree of the Act on the Consumer Protection in Electronic Commerce, etc.’ via a “third-party platform,” the procedure in this clause may be carried out through the “third-party platform.”

■ Minor Payment Cancellation Notice
If a minor makes a payment without the consent of a legal guardian, either the minor or the legal guardian may request cancellation.
However, cancellation may be restricted if the minor’s payment for paid services was within the scope of property permitted for disposal by the legal guardian, or if it occurred due to the minor’s deceit.
Whether the party to the paid content purchase contract is a minor is determined based on the device used for payment, payment executor information, payment method account holder, etc. To verify a legitimate cancellation, the company may request documents proving the status of the minor and the legal guardian."
SHOP_REFUND_GUIDE_MAIL,"The product takes effect immediately upon claiming, and 
refunds will be restricted.
If you agree to this, please press the Claim button."
SHOP_REFUND_GUIDE_SHORT,"Refunds may be requested within 7 days of the purchase date.
However, refunds are restricted for products that take effects immediately upon purchase.
If a minor makes a payment without the consent of a legal guardian, cancellation can be requested."
SHOP_REFUND_GUIDE_TITLE,Refund Info
SHOP_REFUND_MESSAGE_COMPLETE,Purchase restoration complete. The item has been sent to Storage.
SHOP_REFUND_MESSAGE_NOITEM,No items available for purchase restoration.
SHOP_SALE_REMAIN_TIME,Time left
SHOP_SMARTPOPUP,Surprise Item
SHOP_STEP_LABEL,Step
SHOP_STEPUP_LOCK_DESC,Available for purchase upon buying the previous level item.
SHOP_STEPUP_LOCK_MSG,You must purchase the previous level item first.
SHOP_STEPUP_PURCHASE_COMPLETE,Purchase Completed
SHOP_STEPUP_PURCHASE_COUNT,Remaining Purchases: [COUNT]
SHOP_STORAGE_POPUP_TITLE,Item Details
SHOP_STORAGE_TIP,No stored items.
SHOP_SUBSCRIBE_BLESSING_LIST_LABLE,Exclusive Privileges
SHOP_SUBSCRIBE_BLESSING_LIST_PERIOD_LABLE,Privilege Period
SHOP_SUBSCRIBE_REWARD_IMMEDIATELY,Granted Immediately
SHOP_TAB_REMAINTIME_D1,Ends D-1
SHOP_TAB_REMAINTIME_D2,Ends D-2
SHOPMAIL_RECEIVED_MSG,The item has been sent to your Storage.
SHORTAGE_INFORMATION_DESC,Insufficient items. Check how to obtain them.
SHORTAGE_INFORMATION_SHORTCUT_DESC,"Insufficient Resources.
Move to the purchase screen?"
SHRINE_OF_VIGOR,The Vitalizing Sanctum
SIZE_UNIT_GIGA_BYTE,[Value]GB
SIZE_UNIT_MEGA_BYTE,[Value]MB
SKILL_COOLTIME_MSG,Cannot use due to cooldown.
SKILL_ACQUIRE_CONDITION_GET,Passive Skill already acquired.
SKILL_ACQUIRE_CONDITION_LEVEL,Can be acquired upon reaching Lv. [Level]
SKILL_ACQUIRE_CONDITION_LEVEL_RANK,Can be acquired upon reaching Advancement  [ClassRank] Lv. [Level]
SKILL_ACQUIRE_CONDITION_RANK,Can be acquired upon Advancement [ClassRank]
SKILL_COMMON_DASH,General
SKILL_COMMON_DEFAULT,General
SKILL_CASTING_PROGRESS,Casting Skill…
SKILL_EQUIP_AUTO_DETAILS_SET_BUTTON,Usage Settings
SKILL_EQUIP_AUTO_DETAILS_SET_HP_MAX_TITLE,Max HP Requirement
SKILL_EQUIP_AUTO_DETAILS_SET_HP_MIN_TITLE,Min HP Requirement
SKILL_EQUIP_AUTO_DETAILS_SET_HP_VALUE,[Param] %
SKILL_EQUIP_AUTO_DETAILS_SET_MP_TITLE,Apply MP Limit
SKILL_EQUIP_AUTO_SET_BUTTON,Auto-Skill Settings
SKILL_EQUIP_AUTO_SET_MPUSE_VALUE,Average MP consumption for Auto-Skills:<Yellow>[Seconds]approx.</>per <Yellow>sec[Value]</> (My recovery:[Param])
SKILL_EQUIP_DETAIL_POPUP_COOLTIME,Cooldown
SKILL_EQUIP_DETAIL_POPUP_COOLTIME_VALUE,[Param] sec
SKILL_EQUIP_DETAIL_POPUP_DESC,[Param]
SKILL_EQUIP_DETAIL_POPUP_DESC_VALUE,[Param]
SKILL_EQUIP_DETAIL_POPUP_EFFECT,Skill Effect
SKILL_EQUIP_DETAIL_POPUP_MPUSE,MP Consumption
SKILL_EQUIP_DETAIL_POPUP_MPUSE_VALUE,[Param]
SKILL_EQUIP_DETAIL_POPUP_OPTION,Skill Option
SKILL_EQUIP_DETAIL_POPUP_POWER,Power
SKILL_EQUIP_DETAIL_POPUP_POWER_VALUE,[Param] %
SKILL_EQUIP_DETAIL_POPUP_TARGET,Target
SKILL_EQUIP_DETAIL_POPUP_TARGET_VALUE,[Param]
SKILL_EQUIP_DETAILS_BUTTON,Skill Details
SKILL_EQUIP_LIST_ACTIVESKILL,Active Skill
SKILL_EQUIP_LIST_DEFAULTANDDASHSKILL,Basic Attack & Dash
SKILL_EQUIP_LIST_PASSIVESKILL,Passive Skill
SKILL_EQUIP_SKILL_DESC,[SkillDescription]
SKILL_EQUIP_SKILL_NAME,[SkillName]
SKILL_EQUIP_SKILL_NAME_LEVEL,Lv.[SkillLevel] [SkillName]
SKILL_EQUIP_SLOT_ITEM,Item
SKILL_EQUIP_SLOT_RAISE_MSG,[Name] [Param] has been unequipped.
SKILL_EQUIP_SLOT_REGISTER_MSG,[Name] [Param] has been equipped.
SKILL_EQUIP_SLOT_SKILL,Skill
SKILL_EQUIP_TITLE,Equip Skill
SKILL_EQUIP_TITLE_TIP,Select a slot to equip the skill.
SKILL_EXCEED_LABEL,Transcendence Cost
SKILL_EXCEED_OK,Transcend
SKILL_EXCEED_POPUP_TITLE,Transcend Skill
SKILL_EXCEED_RESULT_TITLE,Skill Transcended
SKILL_GEM_PREV_GRADE_LOCKED,The previous slot is not unlocked.
SKILL_GROWTH_TITLE,Skill Upgrade Complete
SKILL_INFO_ACTIVATE_AUTOUSE,Auto-Use
SKILL_INFO_ACTIVATE_CONDITION_MSG,Can be acquired upon Advancement [ClassRank]
SKILL_INFO_BATTLESTANCE_ALL,Passive applies regardless of Stance.
SKILL_INFO_BATTLESTANCE_EXPERT,Passive applies to <Yellow>Specialization Stance</>.
SKILL_INFO_BATTLESTANCE_NORMAL,Passive applies to <Yellow>Attack Stance</>.
SKILL_INFO_GET,Acquire
SKILL_INFO_ACTIVATE_SKILLACTION,Fixed Position Cast
SKILL_MOVEABLE_TOOLTIP_TITLE,Fixed Position
SKILL_MOVEABLE_TOOLTIP_DESC,Cast skills from a fixed position without moving.
SKILL_LEVELUP,Level Up
SKILL_LEVELUP_1LEVELDOWN_ERROR,You can’t lower it any further.
SKILL_LEVELUP_1LEVELUP_ERROR,Max level reached.
SKILL_LEVELUP_AUTO,Use Max Materials
SKILL_LEVELUP_EXP_GROWTH,[Name] has leveled up.
SKILL_LEVELUP_LABEL,Level Up Cost
SKILL_LEVELUP_MINUS_ERROR,Cannot decrease any further.
SKILL_LEVELUP_MINUS1,-1 Level
SKILL_LEVELUP_NOASSET,Set Level Up material.
SKILL_LEVELUP_NOTMETERIAL,You don’t have any materials.
SKILL_LEVELUP_PLUS1,+1 Level
SKILL_LEVELUP_POPUP_TITLE,Skill Level Up
SKILL_LEVELUP_RESULT_TITLE,Skill Level Up Complete
SKILL_MAIN_LEVEL_SYNERGY_LEVELVALUE,Combined Skill Level
SKILL_MAIN_LEVEL_SYNERGY_STAT,Total Skill Level Effect
SKILL_MAIN_LEVEL_SYNERGY_TIP,"Applied based on the total skill level, regardless of Stance."
SKILL_MENU_TITLE,Habilidade
SKILL_MENU_TITLE_AWAKENING,Skill Awakening
SKILL_MENU_TITLE_EQUIP,Equip Skill
SKILL_MENU_TITLE_INFO,Skill Info
SKILL_PASSIVE_APPLY_PARAM,Active
SKILL_PASSIVE_COMMON_TIP_DESC,<Yellow>[Param]</> This passive skill is always applied regardless of Stance.
SKILL_PASSIVE_COMMON_TIP_TITLE,Common Passive Skill Group
SKILL_PASSIVE_EXPERT_TIP_DESC,<Yellow>[Param]</> This passive skill only applies while in Specialization Stance.
SKILL_PASSIVE_EXPERT_TIP_TITLE,Specialization Passive Skill Group
SKILL_PASSIVE_NORMAL_TIP_DESC,<Yellow>[Param]</> This passive skill only applies while in Attack Stance.
SKILL_PASSIVE_NORMAL_TIP_TITLE,Attack Passive Skill Group
SKILL_POWER_COUNT_FORMAT,[Count]Hits
SKILL_RANK_COMMON_0,General
SKILL_RANK_COMMON_1,1st
SKILL_RANK_EXPERT_2,2nd Specialization
SKILL_RANK_EXPERT_3,3rd Specialization
SKILL_RANK_EXPERT_4,4th Specialization
SKILL_RANK_NORMAL_2,2nd Attack
SKILL_RANK_NORMAL_3,3rd Attack
SKILL_RANK_NORMAL_4,4th Attack
SKILL_SELECT_HINT,Select a skill.
SKILL_SUB_MENU_ACTIVE,Active Skill
SKILL_SUB_MENU_PASSIVE,Passive Skill
SKILL_TAB_ACTIVE,Active
SKILL_TAB_PASSIVE,Passive
SKILL_TARGET_NOT_FOUND_IN_RANGE_MSG,No targets in range.
SKILL_TARGET_NOT_FOUND_MSG,No targets for this skill.
SKILL_TYPE,[SkillType]
SKILL_UNEQUIP_TITLE,Unequip Skill
SKILL_UNUSABLE,Cannot use skill.
SKILL_UPGRADE,Unlock Slot
SKILL_UPGRADE_CHECK_OTHER,View other equippable Spellstones
SKILL_UPGRADE_COMPLETE,Skill with all slots unlocked.
SKILL_UPGRADE_EMPTY,No Spellstone owned.
SKILL_UPGRADE_FAIL_SYSTEM_MSG,Cannot unlock slot: insufficient materials.
SKILL_UPGRADE_LOCK_SYSTEM_MSG,You can equip Spellstones when the slot is unlocked.
SKILL_UPGRADE_NOT_SELECT,Select a Spellstone.
SKILL_UPGRADE_SKILLGEM_DELETE_SYSTEM_MSG,Extracted Spellstones from [SkillName].
SKILL_UPGRADE_SKILLGEM_EQUIP_SYSTEM_MSG,Spellstone equipped to [SkillName]
SKILL_UPGRADE_SLOT_ENABLE,Spellstone slot unlocked.
SKILL_UPGRADE_CHECK_NONEFFECT_SKILLGEM,Show Inactive Spellstones
SKILL_NOT_ACQUIRED_MSG,Unlearned skill.
SKILL_UPGRADE_SYNERGY_TITLE,Total Skill Level Effect
SKILLGEM_CHANGE_CHANGE,Change
SKILLGEM_CHANGE_CURRENT,Current
SKILLGEM_CHANGE_TITLE,Change Spellstone
SKILLGEM_DELETE,Extract Spellstone
SKILLGEM_EQUIP,Bind Spellstone
SKILLGEM_SETTING,Manage Spellstone
SKILLGEM_SLOT_OPEN_TIP,You can equip Spellstones when the slot is unlocked.
SKILLGEM_SLOT_OPEN_TITLE,Unlock Slot
SKILLGEM_SLOT_OPEN_VALUE,Unlock Cost
SKILLGEM_TITLE,Spellstone
SKILLTYPE_AIRVEHICLE_ACTIVE,Active Skill
SKILLTYPE_AIRVEHICLE_PASSIVE,Passive Skill
SKILLTYPE_AIRVEHICLE_TOGGLE,Descent Skill
SKILLTYPE_COSTUME_ACTIVE,Memorite
SKILLTYPE_COSTUME_PASSIVE,Passive Skill
SKILLTYPE_COSTUME_TOGGLE,Memorite
SKILLTYPE_GROUNDVEHICLE_ACTIVE,Active Skill
SKILLTYPE_GROUNDVEHICLE_PASSIVE,Passive Skill
SKILLTYPE_GROUNDVEHICLE_TOGGLE,Active Skill
SKILLTYPE_KEIRING_PASSIVE,Keyring Skill
SLEEP_MODE_ACQUIRED_EXP,Acquired EXP
SLEEP_MODE_ACQUIRED_GOLD,Acquired Resource(s)
SLEEP_MODE_ACQUIRED_ITEM,Acquired Item(s)
SLEEP_MODE_AUTO_USE_ITEM,Auto-Use Items
SLEEP_MODE_NO_ITEM_LIST,No items acquired.
SLEEP_MODE_RESULT,Power Saving Mode Result
SLEEP_MODE_RETURN,Send
SLEEP_MODE_RETURN_SCROLL_ITEM_EMPTY,No Teleport Scrolls owned.
SLEEP_MODE_TIME,Sleep Mode Time
SLEEPMODE_CHARACTER_STATE_DESC_COMBATAUTO,<SleepModeAuto>AUTO Combat in Progress</>
SLEEPMODE_CHARACTER_STATE_DESC_COMBATSEMI,<SleepModeSemi>SEMI Auto Combat in Progress</>
SLEEPMODE_CHARACTER_STATE_DESC_COMBATSMART,<SleepModeSmart>Smart Auto Combat in Progress</>
SLEEPMODE_CHARACTER_STATE_DESC_DIE,<SleepModeDie>Character Death</>
SLEEPMODE_CHARACTER_STATE_DESC_AUTOQUESTMOVE,<SleepModeMove>Moving to Target Location</>
SLEEPMODE_CHARACTER_STATE_DESC_AUTOQUEST,<SleepModeQuest>Quest in Progress</>
SLEEPMODE_CHARACTER_STATE_DESC_IDLE,<SleepModeStandby>Standby</>
SLEEPMODE_CHARACTER_STATE_DESC_MAX,<SleepModeStandby>Standby</>
SLEEPMODE_END_GUIDE,Swipe to exit Power Saving Mode
SLEEPMODE_PLACE_NAME,[PlaceName]
SLEEPMODE_PLACE_TIME,[Time] Left
SLEEPMODE_RUNTIME_ACQUIRED_EXP,Acquired EXP
SLEEPMODE_RUNTIME_ACQUIRED_GOLD,Acquired Resource(s)
SLEEPMODE_RUNTIME_ASSIST_FUNCTION_COUNT,Auto-Maintenance Attempts Remaining ([CurrentCount]/[MaxCount])
SLEEPMODE_RUNTIME_COMPLETE_QUEST,You have completed quests.
SLEEPMODE_RUNTIME_EXP,"[ExpValue]
([Expper]%)"
SLEEPMODE_RUNTIME_GET_ITEM,Acquired Item(s)
SLEEPMODE_RUNTIME_TIME_TITLE,Power Saving Mode
SLIDER_ALREADY_RESET,Cannot reset if it is the default setting value.
SLOT_PANEL_ERROR_SYSTEM_MSG_DASH,Cannot Dash in this state.
SLOT_PANEL_ERROR_SYSTEM_MSG_DEFAULTSKILL,Cannot Attack in this state.
SLOT_PANEL_ERROR_SYSTEM_MSG_JUMP,Cannot Jump in this state.
SLOT_PANEL_ERROR_SYSTEM_MSG_SKILL,Cannot use Skills in this state.
SLOT_PANEL_ITEM_EQUIP_MSG,Select an item to register in the slot.
SOCIALACTION_ACQUIRE_TITLE,Newly Acquired [SocialActionName]
SOCIALACTION_EMOTICON,Emote
SOCIALACTION_MOTION,Motion
SOCIALACTION_POSE,Pose
SPECIAL_MOVE_UNAVAILABLE_IN_COMBAT,Cannot use special movement during combat.
SPLASH_GRAC_WARN_MSG,"This game is <Red>restricted to adults</> and
is not suitable for players under 19."
STAR_STONE_NAME_RICH_TEXT,<GradeStarStone>[Name]</>
STAR_STONE_OPTION_ENCHANT_RESET_WARNING_MESSAGE,An Infused Relic is registered as an Advancement material. The Infused stat will be lost upon Advancement. Proceed anyway?
STAR_STONE_OPTION_ENCHANT_RESET_WARNING_TITLE,Infuse Reset Warning
STARSTONE_ADDITIONAL_REWARD,Additional Reward Acquired 
STARSTONE_UPGRADE_UNAVAILABLE_EQUIPPED,Equipped Sacred Relic cannot be used as Advancement materials.
STARSTONE_POINT_TITLE,Advancement Points
STARSTONE_POINT_EXCHANGE,Sacred Relic Exchange
STARSTONE_EXCHANGE_LABEL,Required Points
STARSTONE_EXCHANGE_NO_AVAILABLE_ITEMS,No exchangeable items available.
STARSTONE_POINT_TIP,"Points <Yellow>awarded upon failing T7+ Sacred Relic Advancement</>.
Use these points to <Yellow>exchange them for designated Sacred Relics</>."
STARSTONE_EXCHANGE_AVAILABLE,Exchangeable Items
STARSTONE_POINT_VIEW,View Points
STARSTONE_POINT_REWARD_TITLE,Relic Exchange Complete
STAT_ACQUIRE_CONTENTS_ACTOR,Character Level
STAT_ACQUIRE_CONTENTS_AIRVEHICLE,Glider
STAT_ACQUIRE_CONTENTS_AWAKENING,Awakening
STAT_ACQUIRE_CONTENTS_BLESSINGCARD,Grace of the Constellations
STAT_ACQUIRE_CONTENTS_CLANRESEARCH,Clan Research
STAT_ACQUIRE_CONTENTS_CLASSRANK,Advancement
STAT_ACQUIRE_CONTENTS_COLLECTION,Research
STAT_ACQUIRE_CONTENTS_COSTUME,Costume
STAT_ACQUIRE_CONTENTS_COSTUMEGROUP,Costume Bond
STAT_ACQUIRE_CONTENTS_CREST,Crest
STAT_ACQUIRE_CONTENTS_EFFECT,Buff
STAT_ACQUIRE_CONTENTS_EQUIPMENT,Equipment
STAT_ACQUIRE_CONTENTS_EXTRA,Additional Acquisition
STAT_ACQUIRE_CONTENTS_GROUNDVEHICLE,Mount
STAT_ACQUIRE_CONTENTS_GUDUA,Gudua's Memories
STAT_ACQUIRE_CONTENTS_PASS,Premium Pass
STAT_ACQUIRE_CONTENTS_SKILL,Skill
STAT_ACQUIRE_CONTENTS_CHARACTERTITLE,Title
STAT_ACQUIRE_CONTENTS_DECORATIONCOSTUME,Decorations
STAT_ACQUIRE_CONTENTS_TOTAL,All
STAT_ACQUIRE_CONTENTS_WEAPONCOSTUME,Phantom Weapon
STAT_POPUP_CATEGORY_ATTACK,Attack
STAT_POPUP_CATEGORY_ATTACK2,Main Attack Stats
STAT_POPUP_CATEGORY_DEFENSE,Defense
STAT_POPUP_CATEGORY_DEFENSE2,Main Defense Stats
STAT_POPUP_CATEGORY_TOTAL,All
STAT_POPUP_CATEGORY_UTILITY,Secondary
STAT_POPUP_CATEGORY_UTILITY2,Main Secondary Stats
STAT_POPUP_EMPTY,No stats applied.
STAT_POPUP_TITLE,Stats
STATUS_CLAN_INVAILD,You have not joined a clan.
STORAGE_AUTOKEEP_MAXCOUNT,The item in storage has reached its maximum stack.
STORAGE_AUTOSETTING_COMPLETE,Items set for Stack All have been stored in the Stash.
STORAGE_AUTOSETTING_FAIL,You do not have any items set for Stack All.
STORAGE_BTN_STACKKEEP,Quick Stack
STORAGE_COMPLETE_PART,Insufficient Stash space. Only some items were stored.
STORAGE_COMPLETE_SAVE_AUTOSETTING,Stack All has been set.
STORAGE_EXPAND_ERROR,The Stash cannot be expanded any further.
STORAGE_EXPAND_TITLE,Expand Stash Slot
STORAGE_FULL_NOT_SELECT,The Stash is full. Cannot select more items.
STORAGE_HINT_TEXT,There are no stored items.
STORAGE_INVENTORY_EXPAND_TITLE,Expand Stash Space
STORAGE_INVENTORY_EXPANDED,Stash space has been expanded to [Count] slots.
STORAGE_INVENTORY_FULL_NOT_SELECT,Your Inventory is full. Cannot select more items.
STORAGE_KEEP_COMPLETE,The selected items have been stored in the Stash.
STORAGE_KEEPLIST_TITLE,To be stored in Stash
STORAGE_NEED_AUTOSETTING,You must set items for Stack All.
STORAGE_NEED_AUTOSETTING2,No settings were changed. Cannot save.
STORAGE_NEED_CHECK_ITEM_KEEP,Select items to store.
STORAGE_NEED_CHECK_ITEM_TAKEOUT,Select items to withdraw.
STORAGE_NOT_SELCET_CHARACTERBIND,Character-bound items cannot be stored in the Stash.
STORAGE_NOT_SELECT_CHARACTERBIND,Untradable items cannot be stored.
STORAGE_NOT_SELECT_EQUIPPED,Equipped items cannot be stored.
STORAGE_ONCE_STORAGE_FULL_MSG,Not enough space for Stack All.
STORAGE_SELECT_STORAGE_COUNT,Select the quantity of items to store in the Stash.
STORAGE_SELECT_TAKEOUT_COUNT,Select the quantity of items to withdraw to your Inventory.
STORAGE_STACKKEEP_COMPLETE,Stored items identical to those stored in the Stash.
STORAGE_STACKKEEP_FAIL,No items in your inventory match those in the Stash. Cannot store.
STORAGE_SUBTITLE_ALL,All
STORAGE_SUBTITLE_BIND,Tradeable
STORAGE_SUBTITLE_UNBIND,Untradable
STORAGE_TAKEOUT_COMPLETE,Withdrew the selected items from the Stash to the Inventory.
STORAGE_TAKEOUTLIST_TITLE,To be withdrawn to Inventory
STORAGE_TIP_AUTO_KEEP,Stores set items when using Stack All.
STORAGE_TIP_DESC,"[Stack All]
Stores all items designated in the Stack All settings into the Stash.

[Quick Stack]
If your Inventory contains items identical to those in the Stash, all of them will be stored in the Stash.
However, items set to auto-use will not be stored."
STORAGE_TIP_GUIDE,Stores set items all at once when using Stack All.
STORAGE_TIP_STACK_KEEP,Stored items are stacked when using Quick Stack.
STORAGE_TIP_TITLE,Stack All and Quick Stack
STORAGE_UI_BTN_AUTOKEEP,Stack All
STORAGE_UI_BTN_AUTOKEEPSETTING,Stack All Settings
STORAGE_UI_BTN_ERROR,Select items to withdraw.
STORAGE_UI_BTN_KEEP,Store
STORAGE_UI_BTN_TAKOUT,Withdraw
STORAGE_UI_TEXT_AUTOKEPPSETTING,Stack All Settings
STORAGE_UI_TEXT_STORAGE,Stash
SUBSCRIBE_FUNCTION_AUTHORITY_DESC,Available for purchase when the [SubscribeName] Effect is applied. Go to the Effect purchase page?
SUBSCRIBE_FUNCTION_AUTHORITY_TITLE,No Purchase Permission
SUBSCRIBE_FUNCTION_MODULAR_FUNCTION_NEED_PURCHASE,Available upon purchasing [ContentsFunctionName].
SUBSCRIBE_FUNCTION_NO_MORE_PURCHASE,Can be accumulated until [MaxRechargeDay].
SUBSCRIBE_FUNCTION_RECHARGE_COMPLETE_DESC,[ContentsFunctionName] duration of [Period] days has been applied. Benefits will last until [EndDay]. Check now?
SUBSCRIBE_FUNCTION_RECHARGE_COMPLETE_TITLE,Duration Recharge Complete
SUBSCRIBE_FUNCTION_REMAIN_DAY_DESC,[SubscribeName] Effect has [ContentsFunctionRemainDay] days remaining.
SUBSCRIBE_FUNCTION_REMAIN_DAY_TITLE,Expiration Warning
SUBSCRIBE_PRODUCT_ITEM_USE_MSG,[SubscribeName] duration has increased by [ResultDay] days.
SUBSCRIBE_REWARD_TITLE,Payment Reward
SYSMSG_CANNOT_RIDE,Cannot mount right now.
SYSMSG_CANNOT_RIDE_ETC,Cannot mount in your current state.
SYSMSG_COMBAT_CANNOT_RIDE,Cannot mount during combat.
SYSMSG_RIDE_NOT_ALLOW_AREA,Cannot mount in this Realm.
SYSMSG_RIDE_NOT_ALLOW_CONTROL,Cannot mount while operating.
SYSMSG_RIDE_NOT_ALLOW_QUEST,Mounts cannot be used during this Quest.
SYSMSG_RIDE_NOT_ALLOW_STATE,Cannot mount in your current state.
SYSMSG_RIDE_NOT_ALLOW_WORLD,Cannot mount in this World.
SYSMSG_RIDE_NOT_ALLOW_SLAYER,Cannot mount while in Outlaw status.
SPECIALWORLDBOSS_TOOLTIP_DESC,"A counter tracking the number of bosses defeated.
- Defeating a boss fills 1 slot.
- Defeat a boss while the red active slots are filled for a chance for a True World Boss to spawn next.
- Defeating a boss when the final slot is filled guarantees a True World Boss spawn next."
TARGET_LEVELUP_MAX,Max Level reached.
TARGET_LOCK_NOTICE,Target locked.
TARGET_RELEASED_AS_TOO_FAR,Target is too far. Targeting canceled.
TELEPORT_COMFIRM_MESSAGE,Proceed with [Name] Teleport?
TELEPORT_CORRECTED_DESTINATION,Destination changed to the nearest accessible location.
TELEPORT_COST,Teleport Cost
TELEPORT_DESTINATION_DISTANCE,The destination is nearby.
TELEPORT_FAILED_CANT_WALK,There is no walkable path to the destination.
TELEPORT_FAILED_DIFFERENT_WORLD,You can travel from [WorldName]. Please try within that Realm.
TELEPORT_FAILED_ISOLATED_LOCATION,The player is in an unmovable location.
TELEPORT_FAILED_LOGIC_ERROR,Error occurred. Cannot move.
TELEPORT_FAILED_NONE_PATH,Pathfinding failure. Cannot move.
TELEPORT_FAILED_NONE_ROAD,No path around the destination. Cannot move.
TELEPORT_FAILED_NONE_ROAD_AT_START,No path around the starting point. Cannot move.
TELEPORT_FAILED_NOTENOUGH_COST_MOVEWALKING,Insufficient funds. Walking to the destination.
TELEPORT_FAILED_NOTNOW,Cannot move right now.
TELEPORT_FAILED_PK,Warp Anchor travel is unavailable during PvP combat.
TELEPORT_POPUP_DESTINATION,Location of nearest Warp Anchor: <Yellow>[Value]</>
TELEPORT_POPUP_DISTANCE,Remaining distance to the destination: <Yellow>[Value]M</>
TELEPORT_POPUP_MESSAGE,Uses a Warp Anchor to the destination.
TELEPORT_POPUP_TITLE,Warp Anchors
TELEPORT_STATION_DISTANCE,The teleport destination is too close.
TELEPORT_STATION_UNAVAILABLE_BATTLEFIELD,Cannot be used during the Monolith War due to the aether explosion.
TELEPORT_STATION_UNAVAILABLE_IN_BATTLEFIELD,Warp Anchors cannot be used while the battlefield is active due to surging aether.
TELEPORT_UNAVAILABLE_IN_COMBAT,You cannot teleport during combat.
TELEPORT_USE_IMPOSSIBLE_NOTCOST,Not enough resources.
TESSERACTSHARD_EXTINCTION_STEP1_MSG,"[Name]'s Artificial Tesseract is out of control and overloading.
The Artificial Tesseract will expire in [Time] seconds."
TESSERACTSHARD_EXTINCTION_STEP2_MSG,[Name]'s Artificial Tesseract will expire soon.
TESSERACTSHARD_EXTINCTION_STEP3_MSG,[Name]'s Artificial Tesseract has expired.
TESSERACTSHARD_INSTALL_AREATYPE_CONFIRM_MSG,"[WorldSectorName] [AreaName]
Lv.[Level]

Summon monsters in this Hunting Ground?
Selecting Confirm will consume the item."
TESSERACTSHARD_INSTALL_AREATYPE_NOTINWORLDSECTOR_TOUCH_MSG,You can only select Hunting Grounds in your current realm.
TESSERACTSHARD_INSTALL_AREATYPE_POPUP_DESC1,Choose a Hunting Ground and select Summon to call forth monsters.
TESSERACTSHARD_INSTALL_AREATYPE_POPUP_INSTALLBUTTON,Summon
TESSERACTSHARD_INSTALL_AREATYPE_POPUP_INSTALLERREWARD,Installer Reward
TESSERACTSHARD_INSTALL_AREATYPE_POPUP_MAINREWARD,Main Reward
TESSERACTSHARD_INSTALL_AREATYPE_POPUP_MONSTER_DESC,Select a monster to view detailed drop rewards.
TESSERACTSHARD_INSTALL_AREATYPE_POPUP_TITLE,Select Summoning Hunting Ground
TESSERACTSHARD_PANEL_INSTALLERINFO_DESC,Artificial Tesseract Domain created by [Name]
TESSERACTSHARD_REWARD_CONTRIBUTIONRANK_DESC,Kill Contribution
TESSERACTSHARD_REWARD_REWARD1_DESC,Kill Reward
TESSERACTSHARD_REWARD_REWARD2_DESC,Creator Bonus
TESSERACTSHARD_TITLE_FAIL,Artificial Tesseract Purification Failed
TESSERACTSHARD_TITLE_SUCCESS,Artificial Tesseract Purification Successful
TITLE_CDN_DOWNLOAD_FINISH_MSG,Additional data download complete.
TITLE_CHARACTER_PROFILE,Adventurer Info
TITLE_CONNECTING_GAME_SERVER,Connecting to Game Server
TITLE_CONNECTING_LOBBY_SERVER,Connecting to Lobby Server
TITLE_IDLE,Resetting Status
TITLE_RECEIVED_SERVER_LIST,Lista de servidores recebida.
TITLE_STYLE_NAME_TAG,[Title]
TITLE_STYLE_NAME_TAG_NPC,[Title]
TITLE_TREASUREBOX_DESC,"A relic said to have been created by the nobles of an ancient empire.
It can be found throughout the Forsaken Land, 
and those who pass its trials are said to obtain rare treasures."
TITLE_TREASUREBOX_NAME,Ethereal Sanctum
TOWER_OF_TITAN_EXIT_GUIDE,You have consumed all Hot Time.
TOWEROFTITAN_ABOVE_FIRST_FLOOR_DESC,An entry ticket is consumed upon entry. Meeting the requirements for a higher-tier realm also grants access to lower-tier realms.
TOWEROFTITAN_ALGOLITHM_TIP,Defeat the Guardian Golem to end it.
TOWEROFTITAN_ALGOLITHM_TITLE,[Name] Algorithm
TOWEROFTITAN_ALGORITHM_ACTIVE_INFO,[Value] Algorithms Active
TOWEROFTITAN_ALGORITHM_AREA,[AlgorithmName] Activated
TOWEROFTITAN_ALGORITHM_DESC,"[Desc]

<Yellow>Time Remaining: [Time]</>"
TOWEROFTITAN_ALGORITHM_ENERGY,[CurrentPoint]/[MaxPoint]
TOWEROFTITAN_ALGORITHM_LABEL1,Cores Consumed
TOWEROFTITAN_ALGORITHM_LABEL2,Resources Consumed
TOWEROFTITAN_ALGORITHM_LIST_LABEL,Guardian Algorithm List
TOWEROFTITAN_ALGORITHM_LIST_LABEL_ACTIVE,List of Activated Guardian Algorithms
TOWEROFTITAN_ALGORITHM_NOTACTIVE,No activated algorithms.
TOWEROFTITAN_ALGORITHM_NOTACTIVE_INFO,Algorithm Inactive
TOWEROFTITAN_ALGORITHM_REMAINTIME,Time Remaining
TOWEROFTITAN_BOSSINFO,Boss Info
TOWEROFTITAN_BOSSINFO_SPAWN,Spawned
TOWEROFTITAN_BOSSRESULT_NOCLAN,Not in a Clan
TOWEROFTITAN_BOSSRESULT_RULERNAME_STAGE,[Name] Ruler
TOWEROFTITAN_BOSSRESULT_RULERNAME_TOP,Ruler of the Tower
TOWEROFTITAN_BOSSRESULT_TIP,"Since contribution is calculated only up to two decimal places, the total contribution may not equal 100%."
TOWEROFTITAN_BOSSSTAGE_TIP,This floor does not consume entry tickets.
TOWEROFTITAN_CHARGE_ERROR1,Additional Hot Time for Giant's Tower cannot exceed <Orange>[MaxTime]</>.
TOWEROFTITAN_CHARGE_ERROR2,"Additional Hot Time for Giant's Tower is at maximum.
Cannot recharge further."
TOWEROFTITAN_CLANRANK_EMPTY,Unranked
TOWEROFTITAN_CLOSESTAGE_TIP,You cannot enter this floor.
TOWEROFTITAN_CONDITION_BATTLEFIELD_MONOLITH_CLAN,Monolith War Clan
TOWEROFTITAN_CONDITION_CLANRAID_CLEAR,[Name] Cleared
TOWEROFTITAN_CONDITION_LEVEL,[Level] Achieved
TOWEROFTITAN_CONDITION_QUEST_CLEAR,[Name] Cleared
TOWEROFTITAN_CONDITION_RULER,[Name] Ruler
TOWEROFTITAN_CONTRIBUTION,[Value]%
TOWEROFTITAN_CONTRIBUTION_DEFENCE_SUCCESSS,"Defense
Successful"
TOWEROFTITAN_CONTRIBUTION_GOLEM_TIP1,The reward is distributed to the Adventurer who dealt the final blow and their Clan.
TOWEROFTITAN_CONTRIBUTION_GOLEM_TIP2,Only Clan members can receive Clan rewards.
TOWEROFTITAN_CONTRIBUTION_GOLEM_TIP3,Reward distributed for successfully defending the Guardian Golem.
TOWEROFTITAN_CONTRIBUTION_LABEL,Clan Contribution
TOWEROFTITAN_CONTRIBUTION_LASTATTACK,"Final
Blow"
TOWEROFTITAN_CONTRIBUTION_MYRANKTITLE1,My Clan Reward
TOWEROFTITAN_CONTRIBUTION_MYRANKTITLE2,My Reward
TOWEROFTITAN_CONTRIBUTION_NOTREWARD,No Reward
TOWEROFTITAN_CONTRIBUTION_RANK,Rank [Value]
TOWEROFTITAN_CONTRIBUTION_RANK_HINTTEXT,No target to display.
TOWEROFTITAN_CONTRIBUTION_TIP1,"The boss has been defeated, so the ruling Clan's Guardian Golem will appear."
TOWEROFTITAN_CONTRIBUTION_TIP2,"If the ruler is not in a Clan, the Guardian Golem will not appear."
TOWEROFTITAN_CONTRIBUTION_TITLE,[BossName] Defeated
TOWEROFTITAN_CONTRIBUTION_TITLE_DEFENCE,[BossName] Defended
TOWEROFTITAN_CONTRIBUTIONPERCENT_CLANUNIT,Clan Squad [Value]%
TOWEROFTITAN_CONTRIBUTIONPERCENT_PARTY,Party [Value]%
TOWEROFTITAN_CONTRIBUTIONPERCENT2,Member [Value]%
TOWEROFTITAN_COOLTIME,"On Cooldown
[Time]"
TOWEROFTITAN_DESC,"In ancient times, the giants who ruled the world believed they could become gods if they ascended to the sky.
The giants' greed and arrogance created a massive tower.
The day the top of the tower touched the sky,
the giants vanished from the world, and humans took their place as its rulers.
And then, centuries passed... perhaps even millennia."
TOWEROFTITAN_ENTER_MISSION_LABEL,Entry Requirements
TOWEROFTITAN_ENTER_MYPOINT_LABEL,My [Stage] Giant's Trial Score
TOWEROFTITAN_ENTER_POINT_VALUE,[MissionPoint] pts
TOWEROFTITAN_ENTER_REQPOINT_LABEL,Previous Floor ([Stage]) Giant's Trial Score
TOWEROFTITAN_ENTER_REWARD_DROP,Item Drop Rate+
TOWEROFTITAN_ENTER_REWARD_EXP,Monster EXP+
TOWEROFTITAN_ENTER_REWARD_LABEL,Main Reward
TOWEROFTITAN_ENTER_REWARD_ORB,Relic Equipment
TOWEROFTITAN_ENTER_TIP,Select a Zone to enter. <Yellow>Higher Zones require proof of </>authority.
TOWEROFTITAN_ENTERCONDITION_LEFTTIME,<Yellow>[Remaining Entry Time: [Time]]</>
TOWEROFTITAN_EXIT_GUIDE,All Giant’s Blessings exhausted. Removed from the tower.
TOWEROFTITAN_EXIT_GUIDE2,"Your character will be transferred to the Giant's Tower Lobby.
Proceed?"
TOWEROFTITAN_EXIT_MESSAGE,Go to the Giant's Tower Lobby?
TOWEROFTITAN_EXTRA_ITEM_NAME,Giant's Tower Hot Time Recharge Ticket
TOWEROFTITAN_FIRST_FLOOR_DESC,Meeting the requirements for a higher-tier realm also grants access to lower-tier realms.
TOWEROFTITAN_GOLEM_ATTACKED,[WorldName] [NPCName]{jstag:} is under attack.
TOWEROFTITAN_GOLEM_DESC,"Only the Clan Leader can activate the algorithm.
Active algorithms can be used again after the cooldown."
TOWEROFTITAN_GOLEM_ON_STAGE,[Name] Guardian Golem
TOWEROFTITAN_GOLEM_REMAINING_ENERGY,Owned Algorithm Cores
TOWEROFTITAN_GOLEMNAME,[ClanName] Clan's Guardian Golem
TOWEROFTITAN_HOTTIME,Hot Time
TOWEROFTITAN_HOTTIME_ERROR_BATTLE,Cannot change during combat.
TOWEROFTITAN_HOTTIME_ERROR_COOLTIME,Cannot be used yet. ([Second]s)
TOWEROFTITAN_HOTTIME_ERROR_TIMEOVER,No time remaining.
TOWEROFTITAN_HOTTIME_EXTRA,Additional Time
TOWEROFTITAN_HOTTIME_NOITEM_MSG,Insufficient items: [ItemName]
TOWEROFTITAN_HOTTIME_TIP,EXP and Drop rates increase during Hot Time
TOWEROFTITAN_KEY_EMPTY,There is no owner of Ashur's Torch.
TOWEROFTITAN_KEYONER_CHANGE,The owner of Ashur's Torch has changed.
TOWEROFTITAN_KEYONER_COMBATSTATUS_NOTI,Ashur's Torch has returned to its original place due to an extended period without combat.
TOWEROFTITAN_KEYONER_NONE,Ashur's Torch has returned to its original place.
TOWEROFTITAN_LOBBY_EXIT_MESSAGE,Go to the Forsaken Land?
TOWEROFTITAN_MASTERKEY,Ashur's Torch
TOWEROFTITAN_MASTERKEY_EMPTY,No Target
TOWEROFTITAN_MASTERKEY_LABEL,Ashur's Torch
TOWEROFTITAN_MASTERKEY_WORLDMAP_EMPTY_DESC,The torch is unclaimed.
TOWEROFTITAN_MASTERKEY_WORLDMAP_EMPTY,Available for Capture
TOWEROFTITAN_MASTERKEY_WORLDMAP_OCCUPATIONSTATUS,Torch Status
TOWEROFTITAN_MASTERKEY_WORLDMAP_OCCUPATIONUSERINFO,Capture Info
TOWEROFTITAN_MASTERKEY_WORLDMAP_OCCUPATIONEFFECT,Capture Effect
TOWEROFTITAN_MESSAGE_ONLY_USE_TITAN,Usable only in the Giant's Tower.
TOWEROFTITAN_MISSION,Giant’s Trial
TOWEROFTITAN_MISSION_DETAIL,Detail
TOWEROFTITAN_MISSION_POPUP_MARK1,1 Time
TOWEROFTITAN_MISSION_POPUP_MARK2,Repeat
TOWEROFTITAN_MISSION_REMAINTIME,"Time Until Reset
[Time]"
TOWEROFTITAN_MISSION_RESET_CONFIRM,Reset the mission progress time?
TOWEROFTITAN_MISSION_RESET_COUNTERROR,Resettable once per day per mission.
TOWEROFTITAN_MISSION_TITLE,[Stage] Giant's Trial
TOWEROFTITAN_NAME,Giant's Tower
TOWEROFTITAN_NORMALSTAGE_TIP,You can hunt and defeat the Floor-Bound Guardian.
TOWEROFTITAN_NOT_PREPARE_INFO,The door of the Giant's Tower [Name] is still closed. It will open before you soon.
TOWEROFTITAN_NOT_PREPARE_RULER,The Ruler of the Tower has not appeared yet.
TOWEROFTITAN_NOTENOUGH_ENTERITEM,Not enough Entry Tickets to enter.
TOWEROFTITAN_POINT,Giant's Blessing
TOWEROFTITAN_POINT_ACTIVE,Use
TOWEROFTITAN_POINT_CHARGE,Giant's Blessing (Recharge)
TOWEROFTITAN_POINT_LABEL_CURRENT,Current Giant's Blessing
TOWEROFTITAN_POINT_LABEL_DAILY,Daily Giant's Blessing
TOWEROFTITAN_POINT_LABEL_MAX,Max Giant's Blessing
TOWEROFTITAN_POINT_MAX,Cannot recharge Giant's Blessing anymore.
TOWEROFTITAN_POINT_OVER,"The provided Giant's Blessing exceeds the maximum limit.
Proceed?"
TOWEROFTITAN_POINT_VALUE,[CurrentValue] / [MaxValue]
TOWEROFTITAN_RANK_1,1st Place
TOWEROFTITAN_RECOMMAND_LEVEL_LABEL,Recommended Level
TOWEROFTITAN_RECOMMANDLEVEL,Lv.[MinLevel] ~ Lv.[MaxLevel]
TOWEROFTITAN_REVIVE_BTN,Go to Lobby
TOWEROFTITAN_RULER,Ruler
TOWEROFTITAN_RULER_EMPTY,No Target
TOWEROFTITAN_RULER_LIST,Target Info
TOWEROFTITAN_RULER_REWARD,Reward Info
TOWEROFTITAN_RULER_STAGE,Floor Overseer
TOWEROFTITAN_RULER_TIP,"After defeating the boss, the benefits are maintained until the next boss spawns."
TOWEROFTITAN_RULER_TOWER,Ruler of the Tower
TOWEROFTITAN_RULERFAIL_SUBTITLE,Defeated Adventurer
TOWEROFTITAN_RULERNOTI_FAIL,[BossName] Defense Failed
TOWEROFTITAN_RULERNOTI_FAIL_DESC,Defense failed. No protection rewards granted.
TOWEROFTITAN_RULERNOTI_SUCCESS,[BossName] Defense Successful
TOWEROFTITAN_RULERNOTI_SUCCESS_DESC,Defense successful. Protection rewards granted.
TOWEROFTITAN_RULERNOTI_TITLE_CHARACTER,Defeated Adventurer
TOWEROFTITAN_RULERNOTI_TITLE_CLAN,Defeated Clan
TOWEROFTITAN_SPOT_NEEDSELECTSPOT,Must select an Entry Zone.
TOWEROFTITAN_STAGERULER_LABEL,Floor Overseer
TOWEROFTITAN_TIME_CHARGE,Giant's Tower Hot Time Recharge
TOWEROFTITAN_TIME_NOHAVE,No Time
TOWEROFTITAN_TIME_STOP,Character died. Giant's Blessing consumption suspended.
TOWEROFTITAN_TIME_TIP,Giant's Blessing is not consumed on the current floor.
TOWEROFTITAN_TIP_GUIDE_DESC,"[Weekly Basic Time Recharge Rules]
- Basic time is renewed by <Yellow>[Value1]</> every week at the <Yellow>weekly reset time</>.
- The maximum basic time is [Value1], and remaining time does not accumulate.
- You can use <Yellow>Giant's Tower Hot Time Recharge Tickets</> to recharge additionally. 
- Recharging with items can accumulate up to a <Yellow>maximum of 10 hours</>.
- Hot Time is consumed in the order of <Yellow>Event Additional Time</>, <Yellow>Basic Time</>, and <Yellow>Recharge Additional Time</>."
TOWEROFTITAN_TIP_GUIDE_MAIN,"[Giant's Tower Hot Time]
Weekly Basic Time <Yellow>[Value1]</> / Recharge Time <Yellow>[Value2]</> (Max 10 hours)"
TOWEROFTITAN_TIP_GUIDE_REMAIN_RESET_TIME,"The weekly basic time resets every Monday at 4:00 AM.
Additional time recharged with items will not be reset."
TOWEROFTITANWORLD_NOTENTER,Can be used in the Forsaken Land or the Giant's Tower Lobby.
TOWN_QUICK_NOT_AREA_MSG,Cannot be activated in this region.
TOWN_QUICK_POPUP_TITLE,Shortcut
TREASUREBOX_ALREADY_COMPLETE,Cannot move to a cleared Ethereal Sanctum.
TREASUREBOX_CHALLENGE_EMPTYQUESTTASK,Leave Ethereal Sanctum
TREASUREBOX_CHALLENGE_EXITCHECKTEXT_NOREWARD,"Currently challenging the Trial of the Ethereal Sanctum.
Leave anyway?
<Green>Unacquired rewards will be sent to your Inbox.</>"
TREASUREBOX_CHALLENGE_EXITCHECKTEXT_PLAYING,"Currently challenging the Trial of the Ethereal Sanctum.
Leave anyway?"
TREASUREBOX_DUNGEON_FAILTEXT,Failed to clear the Ethereal Sanctum.
TREASUREBOX_DUNGEON_FAILTITLE,Challenge Failed
TREASUREBOX_DUNGEON_NOT_DISCORVERY_MOVE,Ethereal Sanctum has not yet been discovered. Activate the Warp Anchors to reveal its location. Travel now?
TREASUREBOX_MSG_UNDISCOVERY_MOVE,Cannot travel because it has not yet been discovered.
TREASUREBOX_SUB_LIST_NOTHING,Undiscovered
TREASUREBOXCHALLENGE_CHECKPOINT_RESTART_MSG1,There is an unactivated Checkpoint.
TREASUREBOXCHALLENGE_CHECKPOINT_RESTART_MSG2,Stepped on an already activated Pressure Plate.
TREASUREBOXCHALLENGE_CHECKPOINT_RESTART_MSG3,Stepped on a Pressure Plate out of order.
TREASUREBOXCHALLENGE_CHECKPOINT_RESTART_TIME,Returning to the starting point in [ss]s.
TREASUREBOXCHALLENGE_FAIL,Challenge Failed
TREASUREBOXCHALLENGE_FAIL_DESC,Failed to pass the Trial of the Ethereal Sanctum.
TREASUREBOXCHALLENGE_FAIL_DESC_TIMEOVER,Failed to pass the Trial of the Ethereal Sanctum within the time limit.
TREASUREBOXCHALLENGE_MISSION_RESTRICTSKILL_DESC4,Dash Skill
TREASUREBOXCHALLENGE_MISSION_SCORE_DESC1,Ring of Light
TREASUREBOXCHALLENGE_MISSION_SCORE_DESC2,Dimensional Fragment
TREASUREBOXCHALLENGE_MISSION_SCORE_DESC3,Reset Device
TREASUREBOXCHALLENGE_MISSION_SCORE_DESC4,Warp Portal
TREASUREBOXCHALLENGE_OFFTHECOURSE_MSG,Deviated from the path and transferred to the nearest Checkpoint.
TREASUREBOXCHALLENGE_START_TITLE,Trial of the Ethereal Sanctum
TREASUREBOXCHALLENGE_SUCCESS,Challenge Successful!
TREASUREBOXCHALLENGE_TITLE,Ethereal Sanctum
TREASUREBOXCHALLENGE_MISSION_REWARD_TITLE,Claim Ethereal Sanctum Clear Reward
TRIALGATE_ALREADY_COMPLETE,Cannot move to a cleared Trial Gate.
TRIALGATE_CONTRIBUTION_RESULTPOPUP_POPUPDESC,Rewards acquired by Party Members are displayed in the list.
TRIALGATE_CONTRIBUTION_RESULTPOPUP_POPUPNAME,Acquired Rewards
TRIALGATE_CURRENT_TARGET,Dungeon Objective
TRIALGATE_DIFFICULTY_DESC,Clear the Trial Gates in each realm and obtain rewards.
TRIALGATE_DIFFICULTY_NAME,Level[Value]
TRIALGATE_DIFFICULTY_UP_DESC,The difficulty and rewards of the Trial Gates will be increased.
TRIALGATE_DIFFICULTY_UP_TITLE,Trial Gate Level Up
TRIALGATE_DONT_MOVE_PREV_DIFFICULTY,Cannot go to a Trial Gate of a previous difficulty.
TRIALGATE_DUNGEON_BLOCKERSPAWN,The entrance to the Trial Gate will be sealed in [Value1] seconds.
TRIALGATE_DUNGEON_CLEARTEXT,Open Atrahasis's Treasure Chest to obtain a reward.
TRIALGATE_DUNGEON_CLEARTITLE,Challenge Successful
TRIALGATE_DUNGEON_CONTRIBUTION_TIPTEXT,"Contribution is rounded to the second decimal place.
The sum of the rounded probabilities may not equal 100%."
TRIALGATE_DUNGEON_CONTRIBUTION_TIPTITLE,Total Contribution
TRIALGATE_DUNGEON_DIFFICULTY1,Standard Combat
TRIALGATE_DUNGEON_DIFFICULTY2,Hard
TRIALGATE_DUNGEON_DIFFICULTY3,Extreme
TRIALGATE_DUNGEON_DIFFICULTY4,Nightmare
TRIALGATE_DUNGEON_DIFFICULTY5,Hell
TRIALGATE_DUNGEON_EMPTYQUESTTASK,Leave Dungeon
TRIALGATE_DUNGEON_END_HINTTEXT,You have passed Atrahasis's Trial.
TRIALGATE_DUNGEON_ENTERERROR_CONTENTSLOCK,Content not unlocked
TRIALGATE_DUNGEON_ENTERERROR_CRIMINALSTATE,Outlaw Status
TRIALGATE_DUNGEON_ENTERERROR_CRIMINALSTATE_DESC,Cannot enter the dungeon while in Outlaw status.
TRIALGATE_DUNGEON_ENTERERROR_ETC,Unable to enter the dungeon
TRIALGATE_DUNGEON_ENTERERROR_GLOBALGAMESERVER_DESC,Unavailable server.
TRIALGATE_DUNGEON_ENTERERROR_IMPOSSIBLEAUTOENTERAREA,This area is inaccessible
TRIALGATE_DUNGEON_ENTERERROR_IMPOSSIBLEAUTOENTERAREA_DESC,Dungeon entry is not available here.
TRIALGATE_DUNGEON_EXITCHECKTEXT_NOREWARD,"You have not claimed your reward.
Leave anyway?
<Green>Unclaimed rewards will be sent to your Inbox.</>"
TRIALGATE_DUNGEON_EXITCHECKTEXT_PLAYING,"A Trial Gate is in progress.
Quit?"
TRIALGATE_DUNGEON_EXITEXT,Give Up
TRIALGATE_DUNGEON_FAILTITLE,Challenge Failed
TRIALGATE_DUNGEON_MATCHING_DUNGEONNAMEWAITING,Matchmaking [DungeonName]…
TRIALGATE_DUNGEON_MODE_PARTY,Co-op
TRIALGATE_DUNGEON_MODE_SOLO,Private
TRIALGATE_DUNGEON_NOT_DISCORVERY_MOVE,The Trial Gate has not yet been discovered. Activate the Warp Anchors to reveal its location. Go now?
TRIALGATE_DUNGEON_PARTY_AUTOEXITTIME,Relocating to the Forsaken Land in [ss]s.
TRIALGATE_DUNGEON_PARTY_CHECKDUNGEONENTER,You will automatically enter when all members are ready.
TRIALGATE_DUNGEON_PARTY_DEATHWAITNOTI,"Upon revival, you will resurrect at the starting point of the dungeon.
If you give up the challenge, you will leave the Party and return to the Forsaken Land."
TRIALGATE_DUNGEON_PARTY_ENTER_SELECTTIME,[s] seconds remaining.
TRIALGATE_DUNGEON_PARTY_ENTERCOSTNOTI,Use [Count] Rift Seals to obtain a reward.
TRIALGATE_EVENT_DUNGEON_PARTY_ENTERCOSTNOTI,Use [Count] Aberrant Rift Seals to obtain a reward.
TRIALGATE_DUNGEON_PARTY_ERROR_CLANUNITMEMBER,Cannot enter while in a Clan Squad.
TRIALGATE_DUNGEON_PARTY_ERROR_NOTPARTYMASTER,Only the Party Leader can apply for entry.
TRIALGATE_DUNGEON_PARTY_EXITCHECKTEXT_PLAYING,"The Rift is in progress.
Leave anyway?"
TRIALGATE_DUNGEON_PARTY_LIST_DESC,You can enter if you meet the required Combat Power.
TRIALGATE_DUNGEON_PARTY_LOADINGWAIT,Waiting for other Party Members.
TRIALGATE_DUNGEON_PARTY_MEMBERBREAKIN,[Name] has joined.
TRIALGATE_DUNGEON_PARTY_PARTYCOUNTWARNING,"The party is not full.
Enter anyway?"
TRIALGATE_DUNGEON_PARTY_PARTYMEMBERWARNING,A Party Member cannot enter the dungeon.
TRIALGATE_DUNGEON_PARTY_EXITCHECKTEXT_NOREWARD,"You have unclaimed rewards.
Are you sure you want to leave?"
TRIALGATE_DUNGEON_PARTY_REWARD_COST,Consume Rift Seal
TRIALGATE_SEASONAL_DUNGEON_PARTY_REWARD_COST,Consume Aberrant Rift Seal
TRIALGATE_DUNGEON_PARTY_REWARD_GETFAIL,"Not enough Rift Seals to obtain rewards.
Enter anyway?"
TRIALGATE_EVENT_DUNGEON_PARTY_REWARD_GETFAIL,"Not enough Aberrant Rift Seals to obtain rewards.
Enter anyway?"
TRIALGATE_EVENT_DUNGEON_TITLE,Aberrant Rift
TRIALGATE_DUNGEON_PARTYAUTORECRUITING_AUTOSTART,Auto-recruit Party Members activated.
TRIALGATE_DUNGEON_PARTYAUTORECRUITING_AUTOEND,Auto-recruit Party Members deactivated.
TRIALGATE_DUNGEON_PARTY_REWARD_GETFAILTITLE,Cannot Obtain Reward
TRIALGATE_DUNGEON_PARTY_REWARD_NOTCOST,"Not enough resources.
Cannot obtain the reward."
TRIALGATE_DUNGEON_PARTY_REWARDTICKETCOST,Consume Rift Seal
TRIALGATE_DUNGEON_PARTY_SOLOENTRANCEWARNING,You can clear the dungeon more easily by forming a party. Enter alone anyway?
TRIALGATE_DUNGEON_PARTY_STAGECHANGE,Stage cleared.
TRIALGATE_DUNGEON_PARTY_STAGECHANGETIME,Relocating to the next stage in [s] seconds.
TRIALGATE_DUNGEON_PARTY_STAGESTATE,Rift of Mutual Destruction Stage
TRIALGATE_DUNGEON_PARTY_MOVESHOP,Go to Rift Shop
TRIALGATE_DUNGEON_RETRY,Retry
TRIALGATE_DUNGEON_START_HINTTEXT,The dungeon will begin shortly.
TRIALGATE_DUNGEON_TIMEADD,[s]s
TRIALGATE_DUNGEONMISSION_DEFENSENPC,Ancient Guardian
TRIALGATE_MATINGWAITING_CANCEL,[DungeonName]'s matchmaking has been canceled.
TRIALGATE_MATINGWAITING_DESC,Matchmaking [DungeonName]…
TRIALGATE_MISSION_SCORE_BUFFCARD,Blessing
TRIALGATE_MISSION_SCORE_GADGETCONTROLCOUNT_BUFFCARD,Architect's Blessing obtained
TRIALGATE_MISSION_SCORE_GADGETCONTROLCOUNT_GREENDOOR,Open Green Door
TRIALGATE_MISSION_SCORE_GADGETCONTROLCOUNT_HELP,Help the Wounded
TRIALGATE_MISSION_SCORE_GADGETCONTROLCOUNT_RANDOMBOX,Open Suspicious Box
TRIALGATE_MISSION_SCORE_ITEMUSELIMIT_HPPOTIONTYPE,HP Potion
TRIALGATE_MISSION_SCORE_NPCHPLIMIIT_DEFENSELEADER,Protection Target
TRIALGATE_MISSION_SCORE_NPCHPLIMIIT_DEFENSENPC,Ancient Guardian
TRIALGATE_MSG_COMPLETED,Cannot go to an already completed Trial Gate.
TRIALGATE_MSG_MOVE_PREV_DIFFICULTY,Only Trial Gates of the current difficulty are available.
TRIALGATE_MSG_PREV_DIFFICULTY_MOVE,Cannot go to an already completed Trial Gate.
TRIALGATE_TIMELIMIT,Trial Gate Time Limit
TRIALGATE_TITLE,Trial Gates
TRIALGATE_TITLE_PARTY,Rift
TRIALGATE_MISSION_REWARD_TITLE,Claim Trial Gates Clear Reward
TUTORIAL_INTRO_DESC,Start Tutorial
TUTORIAL_SKIP_MESSAGE,Skip tutorial?
TUTORIALWALKTHROUGH_BUTTON_DESC1,New Guide
TUTORIAL_WALKTHROUGH_REWARD,Claim Guide Rewards
UPGRADE_DECREASE_RATE_TEXT_1,-1 Decrease
UPGRADE_DECREASE_RATE_TEXT_2,-2 Decrease
UPGRADE_MULTI_WARNING_HIGHER_GRADE_SELECT_DESC,"The selected Sacred Relic is a higher tier than the one currently equipped.
Use it as Advancement material?"
UPGRADE_MULTI_WARNING_HIGHER_GRADE_SELECT_TITLE,Higher Tier Sacred Relic Selection Warning
UPGRADE_MULTI_WARNING_HIGHER_GRADE_USE_DESC,"The selected Sacred Relic is a higher tier than the one currently equipped.
Use it as Advancement material?

Once advanced, it cannot be reversed."
UPGRADE_MULTI_WARNING_HIGHER_GRADE_USE_TITLE,Higher Tier Sacred Relic Usage Warning
UPGRADE_STEADY_RATE_TEXT,Maintain
VEHICLE_ABILITY_LABEL_BASIC,Basic Abilities
VEHICLE_ABILITY_LABEL_POTENTIAL,Potential Abilities
VEHICLE_ACQUIRE_STAT_TITLE,Owned Stats
VEHICLE_COLLECTION_ACTIVESTAT,Apply
VEHICLE_COLLECTION_ALLSTAT,All
VEHICLE_COLLECTION_COMPLETE_COUNT,[CompleteCount]/[AllCount]
VEHICLE_COLLECTION_DETAIL,Detail
VEHICLE_COLLECTION_DETAIL_FILTER,Detailed Filter
VEHICLE_COLLECTION_DETAIL_FILTER_ABILITY_ALL,All Stats
VEHICLE_COLLECTION_DETAIL_FILTER_ABILITY_ATTACK,Attack
VEHICLE_COLLECTION_DETAIL_FILTER_ABILITY_DEFENCE,Defense
VEHICLE_COLLECTION_DETAIL_FILTER_ABILITY_LABEL,Stats
VEHICLE_COLLECTION_DETAIL_FILTER_ABILITY_SUPPORT,Secondary
VEHICLE_COLLECTION_DETAIL_FILTER_SEARCH_HINT,Enter the name of the Mount to search.
VEHICLE_COLLECTION_DETAIL_FILTER_SEARCH_LABEL,Target
VEHICLE_COLLECTION_DETAIL_FILTER_TITLE,Detailed Filter
VEHICLE_COLLECTION_NOTI_TITLE,Mount Owned Effect Achieved
VEHICLE_COLLECTION_STATUS,Completion Status
VEHICLE_COLLECTION_TITLE,Mount Owned Effects
VEHICLE_COMPOSE_AUTOFILTER,Auto Register: Below [Grade]★
VEHICLE_COMPOSE_AUTOFILTER_GRADE1,Auto Register: <Grade1>[Grade]★</>
VEHICLE_COMPOSE_AUTOFILTER_GRADE2,Auto Register: <Grade2>[Grade]★</>
VEHICLE_COMPOSE_AUTOFILTER_GRADE3,Auto Register: <Grade3>[Grade]★</>
VEHICLE_COMPOSE_AUTOFILTER_GRADE4,Auto Register: <Grade4>[Grade]★</>
VEHICLE_COMPOSE_AUTOFILTER_GRADE5,Auto Register: <Grade5>[Grade]★</>
VEHICLE_COMPOSE_AUTOFILTER_GRADE6,Auto Register: <Grade6>[Grade]★</>
VEHICLE_COMPOSE_AUTOREGI_GRADE1,1★ or lower
VEHICLE_COMPOSE_AUTOREGI_GRADE2,2★ or lower
VEHICLE_COMPOSE_AUTOREGI_GRADE3,3★ or lower
VEHICLE_COMPOSE_AUTOREGI_GRADE4,4★ or lower
VEHICLE_COMPOSE_AUTOREGI_GRADE5,5★ or lower
VEHICLE_COMPOSE_AUTOREGI_GRADE6,6★ or lower
VEHICLE_COMPOSE_AUTOSETTING,Auto Register Settings
VEHICLE_COMPOSE_CHANGE_CONFIRM_BTN,Replace
VEHICLE_COMPOSE_CHANGE_CONFIRM_DESC,Swap the mount?
VEHICLE_COMPOSE_EFFECT_SKIP,Skip Cutscene
VEHICLE_COMPOSE_EXCHANGE,Exchange
VEHICLE_COMPOSE_EXCHANGE_GRADE4,Swap <Grade4>4★</> Mount
VEHICLE_COMPOSE_EXCHANGE_GRADE5,Swap <Grade5>5★</> Mount
VEHICLE_COMPOSE_EXCHANGE_GRADE6,Swap <Grade6>6★</> Mount
VEHICLE_COMPOSE_EXCHANGEGUIDE,"Use your Transmutation Points to summon <Grade4>4-star</>, <Grade5>5-star</>, or <Grade6>6-star</> mounts."
VEHICLE_COMPOSE_EXCHANGEPOINT,Crafting Points
VEHICLE_COMPOSE_EXCHANGEPOPUP,Exchange Crafting Points
VEHICLE_COMPOSE_FAIL_RESULT,The Crafting Level did not change.
VEHICLE_COMPOSE_GRADESELECT_DESC,Select the star rating for Auto Register.
VEHICLE_COMPOSE_GRADESELECT_TITLE,Select Auto Register Rating
VEHICLE_COMPOSE_NONE_LIST,"No mounts to transmute.
You need at least two mounts to perform transmutation."
VEHICLE_COMPOSE_NONE_METERIAL,No registered materials.
VEHICLE_COMPOSE_PLAY,Craft [Value]
VEHICLE_COMPOSE_POINT_STATUS,[CurrentValue]/[UsePoint]
VEHICLE_COMPOSE_POINT_TIP,"Points are awarded when a transmutation attempt fails for a <Grade3>3-star</> or higher mount.

[Using Points]
 - Use points to summon <Grade4>4-star</>, <Grade5>5-star</>, or <Grade6>6-star</> mounts.
 - You can also use points to swap for a different mount on the confirmation screen."
VEHICLE_COMPOSE_PROGRESS_SUBTITLE,Crafting Result
VEHICLE_COMPOSE_PROGRESS_TARGET,Mount
VEHICLE_COMPOSE_RATE_LABEL,Chance of Success
VEHICLE_COMPOSE_RATESTEP,Level[Value]
VEHICLE_COMPOSE_RATESTEP1,Level 1
VEHICLE_COMPOSE_RATESTEP2,Level 2
VEHICLE_COMPOSE_RATESTEP3,Level 3
VEHICLE_COMPOSE_RATESTEP4,Level 4
VEHICLE_COMPOSE_REGISTERAUTO,Auto Register
VEHICLE_COMPOSE_REGISTERMANY,Register [Value]
VEHICLE_COMPOSE_RESULT,Mount Transmutation Result
VEHICLE_COMPOSE_RESULT_LABEL,Mount Obtained
VEHICLE_COMPOSE_RESULT_NO,You didn’t acquire anything.
VEHICLE_COMPOSE_RESULT_NORESULT,No mounts obtained from transmutation.
VEHICLE_COMPOSE_SKIPERROR,Available when crafting more than [Value].
VEHICLE_COMPOSE_SUCCESS_RESULT,Crafting Level has changed.
VEHICLE_COMPOSE_TIP,Transmutation Points are awarded when a transmutation attempt fails for a 3-star or higher mount. These points can be used to obtain a mount one star higher.
VEHICLE_CRAFT_COMPLETE_TITLE,Summon Complete
VEHICLE_CRAFT_CRAFTBTN,Craft
VEHICLE_CRAFT_METERIAL_LABEL,Crafting Materials
VEHICLE_CRAFT_NPCMOVE,Visit [NpcName]
VEHICLE_CRAFT_SUBTITLE,Craft Glider
VEHICLE_DECIDE_CHANGE,Replace
VEHICLE_DECIDE_CHANGE_TIP,Swap for a different mount of the same star rating within the remaining time.
VEHICLE_DECIDE_CONFIRM,[VehicleName] mounts confirmed.
VEHICLE_DECIDE_COUNTTIMEOUT,Unavailable
VEHICLE_DECIDE_FIX,Confirm
VEHICLE_DECIDE_LIMITCOUNT,Remaining Attempts
VEHICLE_DECIDE_LIMITTIME,Time Remaining
VEHICLE_DECIDE_LIMITTIMEOUT,Expired
VEHICLE_DECIDE_TIMEOUT_ERROR,Swap time has expired. You can no longer swap.
VEHICLE_DEICDE_NORESULT,No mounts to confirm.
VEHICLE_ENTER_AIR,Glider
VEHICLE_ENTER_GROUND,Mount
VEHICLE_ENTER_TIP,"※ Ground mounts are shared by all characters on an account.
※ Gliders are not shared."
VEHICLE_EQUIP_STAT_TITLE,Equipped Stats
VEHICLE_EQUIPBTN,Mount
VEHICLE_EXCEED_RESULT_TITLE,Mount Transcendence Complete
VEHICLE_EXCEED_TITLE,Transcend Mount
VEHICLE_FIRST_GAIN_MSG,The summoned [[VehicleName]] is now mountable.
VEHICLE_FIRST_GAIN_TEXT,First Acquisition
VEHICLE_GRADE_TEXT,[Grade]-Star
VEHICLE_INFO_BTN,Check Ability
VEHICLE_INFO_EXP_BUFF,EXP Gain Buff
VEHICLE_INFO_MOVE,Movement Speed
VEHICLE_INFO_POTION_STACK_BUFF,Increased Potion Limit
VEHICLE_INFOLABEL_ACTIVESKILL,Active Skill
VEHICLE_INFOLABEL_PASSIVESKILL,Passive Skill
VEHICLE_INFOLABEL_STAT,Stats
VEHICLE_LEVELUP_RESULT_TITLE,Mount Level-Up Complete
VEHICLE_LEVELUP_RESULT_TITLE2,Mount EXP Increase
VEHICLE_LEVELUP_TITLE,Mount Level-Up
VEHICLE_LIMIT_BREAK_TIP,Applied based on total ascensions of your mounts.
VEHICLE_LIMIT_BREAK_TITLE,Overall Ascension Effect
VEHICLE_LIMIT_BREAK_TOTAL,Total Ascension
VEHICLE_LIMITBREAK_ACTIVATE,Activate Abilities
VEHICLE_LIMITBREAK_ACTIVATE_ALREADY,Activation Complete
VEHICLE_LIMITBREAK_CANNOT_CHANGE,Cannot change this potential ability.
VEHICLE_LIMITBREAK_CHANGE,Change
VEHICLE_LIMITBREAK_NOACTIVATE_MSG,No potential abilities to reset.
VEHICLE_LIMITBREAK_NOSTEP_MSG,Activate potential abilities after ascension.
VEHICLE_LIMITBREAK_POTENTIAL,Potential Ascension Abilities
VEHICLE_LIMITBREAK_POTENTIAL_ACTIVATE,Activate Potential Abilities
VEHICLE_LIMITBREAK_POTENTIAL_ACTIVATE_CONFIRM,"Core stats have not been acquired for this level
Continue to activate the next level’s abilities?"
VEHICLE_LIMITBREAK_POTENTIAL_ACTIVATE_CONFIRM_DESC,"Activating the next level will <Yellow>lock previous level stats</>.
Proceed anyway?"
VEHICLE_LIMITBREAK_POTENTIAL_ACTIVATE_CONFIRM_TITLE,Activate Potential Abilities
VEHICLE_LIMITBREAK_POTENTIAL_ACTIVATE_NOTI_SUBTITLE,Additional stats gained through activation of potential abilities.
VEHICLE_LIMITBREAK_POTENTIAL_ACTIVATE_NOTI_TITLE,Activate Potential Ascension Abilities
VEHICLE_LIMITBREAK_POTENTIAL_ACTIVATE_POSSIBLE,Activate Abilities
VEHICLE_LIMITBREAK_POTENTIAL_CHANGE,Change Potential Abilities
VEHICLE_LIMITBREAK_POTENTIAL_CHANGE_CONFIRM,"Contains <Yellow>higher tier</> stats.
Proceed with change?"
VEHICLE_LIMITBREAK_POTENTIAL_CHANGE_IMPOSSIBLE_NOTI_MSG,Only potential abilities of the current level can be changed.
VEHICLE_LIMITBREAK_POTENTIAL_FIXED,Fixed Type
VEHICLE_LIMITBREAK_POTENTIAL_LABEL,Assignable Potential Abilities
VEHICLE_LIMITBREAK_POTENTIAL_NEED_ACTIVATE,Potential abilities must be activated.
VEHICLE_LIMITBREAK_POTENTIAL_NEED_SELECT,Select to activate a potential ability
VEHICLE_LIMITBREAK_POTENTIAL_OPEN,Unlock Potential Ability Lv. [Grade]
VEHICLE_LIMITBREAK_POTENTIAL_OPTION,Potential Ability Stats
VEHICLE_LIMITBREAK_POTENTIAL_RANDOM,Random Type
VEHICLE_LIMITBREAK_POTENTIAL_REQUIRE_BREAK,Ascend to Lv. [Grade] to activate abilities
VEHICLE_LIMITBREAK_POTENTIAL_REQUIRE_PREVIOUS_STEP,Activate previous level first
VEHICLE_LIMITBREAK_POTENTIAL_REQUIRE_PREVIOUS_STEP_MSG,Cannot activate potential abilities at the moment.
VEHICLE_LIMITBREAK_POTENTIAL_RESET,Reset All
VEHICLE_LIMITBREAK_POTENTIAL_RESET_ALL,Reset All Potential Abilities
VEHICLE_LIMITBREAK_POTENTIAL_RESET_DESC,"All potential abilities applied will be <Yellow>reset</>,
and <Yellow>consumed resources will not be refunded.</>
Reset all abilities?"
VEHICLE_LIMITBREAK_POTENTIAL_RESET_FINISH_MSG,Potential abilities have been reset.
VEHICLE_LIMITBREAK_POTENTIAL_RESET_TITLE,Resets Potential Abilities
VEHICLE_LIMITBREAK_POTENTIAL_SELECTED,Selecting
VEHICLE_LIMITBREAK_POTENTIAL_SLOT,Select Infuse Slot
VEHICLE_LIMITBREAK_POTENTIAL_STAT,Potential Abilities
VEHICLE_LIMITBREAK_POTENTIAL_STEP,Level[Value]
VEHICLE_LIMITBREAK_POTENTIAL_TOGGLE,View Stats
VEHICLE_LIMITBREAK_POTENTIAL_TOGGLE_TIP1,Fixed-type stats have only one type per level.
VEHICLE_LIMITBREAK_POTENTIAL_TOGGLE_TIP2,Random-type stats have one type selected per level.
VEHICLE_LIMITBREAK_RESULT_TITLE,Mount Ascension Complete
VEHICLE_LIMITBREAK_TEMPLATE_STEP,[Lv. [Grade]]
VEHICLE_LIMITBREAK_CHANGE_AUTO,Auto-Change
VEHICLE_LIMITBREAK_CHANGE_STOP,Stop Auto-Change
VEHICLE_LIMITBREAK_OPTION_TITLE,Auto-Change Potential Abilities
VEHICLE_LIMITBREAK_OPTION_SELECT,Select Potential Ability
VEHICLE_LIMITBREAK_OPTION_NEED_CHECK,Select a potential ability.
VEHICLE_LIMITBREAK_OPTION_MAX_VALUE_CHECKBOX,End Auto-Change at Max Value
VEHICLE_LIMITBREAK_CHANGE_START,Start Auto-Change
VEHICLE_LIMITBREAK_CANNOT_STOP,Reset is unavailable during Auto-Change.
VEHICLE_LIMITBREAK_OPTION_SLOT_AUTO_SAME_OPTION_MSG,The selected ability is already at its maximum value.
VEHICLE_LIMITBREAK_OPTION_MATERIAL_LACK_TITLE,Auto-Change Ended
VEHICLE_LIMITBREAK_OPTION_MATERIAL_LACK_DESC,Auto-Change ended due to insufficient materials or resources.
VEHICLE_LOOKEQUIP,Apply Appearance
VEHICLE_LOOKUNEQUIP,Disable Appearance
VEHICLE_MAINMENU,Montaria
VEHICLE_MAX_LIMIT_BREAK,This mount reached max ascension.
VEHICLE_MENU_COMBINE,Craft
VEHICLE_MENU_DECIDE,Confirm
VEHICLE_MENU_EQUIP,Mount
VEHICLE_MENU_POSABILITY,Owned Effects
VEHICLE_MENU_SUMMONBTN,Summon
VEHICLE_MENU_SUMMONLABEL,Summon Materials
VEHICLE_METERIAL_LABEL,Materials
VEHICLE_NO_CRAFTABLE,No mount to craft.
VEHICLE_NOTENOUGH_MINUS,Can’t go lower.
VEHICLE_NOTENOUGH_PLUS,Can’t go higher.
VEHICLE_POTENTIAL_NEEDLIMITBREAK,Insufficient Ascension Level for activation of potential abilities.
VEHICLE_POTENTIAL_NOHAVE,You can only activate mounts that you own.
VEHICLE_SUMMON_COMPLETE,Glider Summon Complete
VEHICLE_SUMMON_NOMETERIAL,Insufficient Summon Materials.
VEHICLE_TYPE_AIR,Glider
VEHICLE_TYPE_GROUND,Mount
VEHICLE_UNEQUIP,Dismount
VEHICLEAIR_LIMIT_BREAK_TIP,Applied based on total ascensions of your Gliders
VENDING_PRIZE_CHARACTER,[CharacterName]
VENDING_PRIZE_CHARACTER_NONE,Before Winning
VENDING_PRIZE_CHARACTER_TITLE,Winner
VENDING_PRIZE_COUNT,[Value]
VENDING_PRIZE_COUNT_NOTI,Won After [Value] Attempts
VENDING_PRIZE_COUNTSUB,Special reward for the player who inserts ticket #{n}!
VENDING_PRIZE_INSERTCONFIRM,Submit your ticket to the Vending Machine?
VENDING_PRIZE_LABEL1,Winner Found
VENDING_PRIZE_LABEL2,Confirm
VENDING_PRIZE_LABEL3,Rates
VENDING_PRIZE_NOT_USE_TIME,Giant's Vending Machine is not available now.
VENDING_PRIZE_NOTI,Winner! Giant’s Vending Machine Draw!
VENDING_PRIZE_TIME,"
<Yellow>[Time]</> until winner reveal"
VENDING_REMAIN_TIME,[Time] until next activation
VENDING_TIP,Insert a ticket to receive various rewards.
VENDING_TITLE,Vending Machine
VENDING_UI_LABEL1,Winner Info
VENDING_UI_LABEL2,Reward List
VENDING_UI_USE_BTN,Insert Ticket
VENDINGMACHINE_BRIEFING_ALARM,Giant’s Vending Machine Open
VENDINGMACHINE_OPENNOTI_DESC,Find the Giant’s Vending Machine in Babylon.
VENDINGMACHINE_OPENNOTI_TITLE,Giant’s Vending Machine Open
VENDINGMACHINE_PREMIUM_NOTOPEN1,Next activation at [DayWeek] [Hour]:[Minute].
VENDINGMACHINE_PREMIUM_NOTOPEN2,Next activation at [DayWeek] [Hour]:00.
VERIFY_DATA_NOT_EXIST,No patch data to verify.
WARNING_ENCHANT_COLLECTION,"This is a <Orange>highly enhanced gear</>.
<Red>It cannot be restored after research.</>

Proceed anyway?"
WARNING_ENCHANT_EQUIPMENTENCHANT,"This is a <Orange>highly enhanced gear</>.
<Red>Failure may result in destruction.</>

Proceed anyway?"
WARNING_ENCHANT_ITEMDELETE,"<Orange>Highly enhanced item</> included.
<Red>It cannot be restored after destruction.</>

Proceed anyway?"
WARNING_ENCHANT_ITEMEXTRACT,"<Orange>Highly enhanced item</> included.
<Red>It cannot be restored once disassembled.</>

Proceed anyway?"
WARNING_GRADE_COLLECTION,"This is a <Orange>high-star item</>.
<Red>It cannot be restored after research.</>

Proceed anyway?"
WARNING_GRADE_EQUIPMENTENCHANT,"This is a <Orange>high-star gear</>.
<Red>Failure may result in gear destruction.</>

Proceed anyway?"
WARNING_GRADE_ITEMDELETE,"<Orange>High-star item</> included.
<Red>It cannot be restored after destruction.</>

Proceed anyway?"
WARNING_GRADE_ITEMEXTRACT,"<Orange>High-star item</> included.
<Red>It cannot be restored once disassembled.</>

Proceed anyway?"
WARNING_GRADEENCHANT_COLLECTION,"This is a <Orange>high-star, highly enhanced item</>.
<Red>It cannot be restored after research.</>

Proceed anyway?"
WARNING_GRADEENCHANT_EQUIPMENTENCHANT,"This is a <Orange>high-star, highly enhanced gear</>.
<Red>Failure may result in gear destruction.</>

Proceed anyway?"
WARNING_GRADEENCHANT_ITEMDELETE,"<Orange>High-star, highly enhanced item</> included.
<Red>It cannot be restored after destruction.</>

Proceed anyway?"
WARNING_GRADEENCHANT_ITEMEXTRACT,"<Orange>High-star, highly enhanced item</> included.
<Red>It cannot be restored once disassembled.</>

Proceed anyway?"
WEAPON_COSTUME_CLASS_ASSASSIN,Assassin Phantom Weapon
WEAPON_COSTUME_CLASS_BATTLEPRIEST,Battle Priest Phantom Weapon
WEAPON_COSTUME_CLASS_COMMON,All-Class Phantom Weapon
WEAPON_COSTUME_CLASS_HUNTER,Hunter Phantom Weapon
WEAPON_COSTUME_CLASS_MAGE,Mage Phantom Weapon
WEAPON_COSTUME_CLASS_WARRIOR,Warrior Phantom Weapon
WEAPON_COSTUME_COLLECTION_COMPLETE_NOTI,Achieve [Grade]★ Phantom Weapon Owned Effects
WEAPON_COSTUME_COLLECTION_GRADE_EFFECT_LIST,[Grade]★ Owned Effects
WEAPON_COSTUME_COLLECTION_OWNED_QUANTITY_BY_GRADE,Qty By Star
WEAPON_COSTUME_COLLECTION_TOTAL_ACHIEVEMENT_RATE,Progress
WEAPON_COSTUME_COLLECTION_TOTAL_EFFECT_LIST,Summary of Owned Effects
WEAPON_COSTUME_COMBINE_AUTO_REGIST_BUTTON,Auto Register
WEAPON_COSTUME_COMBINE_AUTO_REGISTER_UNAVAILABLE,Insufficient Phantom Weapons to auto register.
WEAPON_COSTUME_COMBINE_EXCHANGE_GRADE4,Summon <Grade4>4★</> Phantom Weapon
WEAPON_COSTUME_COMBINE_EXCHANGE_GRADE5,Summon <Grade5>5★</> Phantom Weapon
WEAPON_COSTUME_COMBINE_EXCHANGE_GRADE6,Summon <Grade6>6★</> Phantom Weapon
WEAPON_COSTUME_COMBINE_EXCHANGE_LABEL,Available Points
WEAPON_COSTUME_COMBINE_EXCHANGEGUIDE,"Use your Fuse Points to obtain <Grade4>4-star</>, <Grade5>5-star</>, or <Grade6>6-star</> Phantom Weapons."
WEAPON_COSTUME_COMBINE_GACHA_NOT_ENOUGH_COST,Insufficient resources for a guaranteed summon.
WEAPON_COSTUME_COMBINE_NO_CARD_MSG,Materials aren’t registered. Unable to fuse.
WEAPON_COSTUME_COMBINE_NO_LIST_DESC,No item to display.
WEAPON_COSTUME_COMBINE_POINT_EXCHANGE_TITLE,Exchange Fuse Points
WEAPON_COSTUME_COMBINE_POINT_TIP,"Points are awarded when a fusion attempt fails for a <Grade3>3-star</> or higher Phantom Weapon.

[Using Points]
 - Use points to summon <Grade4>4-star</>, <Grade5>5-star</>, or <Grade6>6-star</> Phantom Weapons."
WEAPON_COSTUME_COMBINE_POINT_TITLE,Fuse Points
WEAPON_COSTUME_COMBINE_RATE,Chance of Success
WEAPON_COSTUME_COMBINE_RATE_TITLE,Chance of Success
WEAPON_COSTUME_COMBINE_RESULT_SUBTITLE,Phantom Weapon Fuse Results
WEAPON_COSTUME_COMBINE_SELECT_SINGLE_GRADE_ONLY,Only Phantom Weapons of the same star rating can be registered.
WEAPON_COSTUME_COMBINE_SLOT_MAX_COUNT,Maximum registration limit reached.
WEAPON_COSTUME_COMBINE_SLOT_QUANTITY_MISMATCH,Unable to fuse due to insufficient materials registered.
WEAPON_COSTUME_COMPOSE_CHANGE_CONFIRM_DESC,"Swap the unconfirmed Phantom Weapon?
It cannot be restored once swapped."
WEAPON_COSTUME_COMPOSE_CHANGE_CONFIRM_TITLE,Swap Phantom Weapon
WEAPON_COSTUME_DECIDE_CHANGE,Replace
WEAPON_COSTUME_DECIDE_CLASS_SELECT_ALERT,The selected class does not match your character's current class. Proceed anyway?
WEAPON_COSTUME_DECIDE_CLASS_SELECT_DESC,This will swap the item for a Phantom Weapon of the selected class.
WEAPON_COSTUME_DECIDE_CLASS_SELECT_TITLE,Select Class
WEAPON_COSTUME_DECIDE_NOHAVE,No Phantom Weapons to confirm.
WEAPON_COSTUME_DECIDE_WARNING_DIFFERENT_CLASS_DESC,"This <Red>Phantom Weapon cannot be equipped</> by your current class.
Confirm anyway?

<Red>Once confirmed, it can no longer be swapped.</>"
WEAPON_COSTUME_DECIDE_WARNING_DIFFERENT_CLASS_TITLE,Confirm Unequippable Phantom Weapon
WEAPON_COSTUME_EQUIPABLE,Equippable
WEAPON_COSTUME_GRADE1,<Grade1>1-star</>
WEAPON_COSTUME_GRADE2,<Grade2>2-star</>
WEAPON_COSTUME_GRADE3,<Grade3>3-star</>
WEAPON_COSTUME_GRADE4,<Grade4>4-star</>
WEAPON_COSTUME_GRADE5,<Grade5>5-star</>
WEAPON_COSTUME_GRADE6,<Grade6>6-star</>
WEAPON_COSTUME_MAINMENU,Phantom Weapon
WEAPON_COSTUME_MENU_COLLECTION,Owned Effects
WEAPON_COSTUME_MENU_COMBINE,Fuse
WEAPON_COSTUME_MENU_DECIDE,Confirm
WEAPON_COSTUME_MENU_EQUIP,Equip
WEAPON_COSTUME_VEHICLE_DECIDE_DUPLICATION,"You already <Yellow>have this Phantom Weapon</>.
Confirm anyway?"
WEAPONCOSTUME_COMBINE_NOT_RESET,No Phantom Weapons registered.
WEAPONCOSTUME_TAB_COLLECTION,Owned Effects
WEAPONCOUSTUME_NEED_SKILL_GRADE,Equip a 3-star or higher Phantom Weapon to use.
WORLDMAP_AREAINFO,Realm Info
WORLDMAP_BOOKMARK_TITLE,Favorites
WORLDMAP_ADVENTUREMODE,Exploration Mode
WORLDMAP_BATTLEFIELDINFO,Monolith War Info
WORLDMAP_ADVENTUREMODE_GUIDE_TITLE,Exploration Mode
WORLDMAP_ADVENTUREMODE_GUIDE_DESC,Shows <Yellow>Treasure Chests</> and <Yellow>Giant's Remnants</> on the World Map.
WORLDMAP_BATTLEFIELDMONOLITHINFO,Monolith War Info
WORLDMAP_BATTLEFIELD_MONOLITH_STATE_BATTLEEND,<MonolithBattleEnd>Battle Complete</>
WORLDMAP_BATTLEFIELD_MONOLITH_STATE_BATTLEREADY,<MonolithBattleReady>Preparing for Battle</>
WORLDMAP_BATTLEFIELD_MONOLITH_STATE_BATTLESTART,<MonolithBattleStart>Battle in Progress</>
WORLDMAP_BATTLEFIELD_MONOLITH_NOT_JOINED,You are not participating in a Monolith War.
WORLDMAP_CAN_NOT_MAKE_PATH,No path to reach that location.
WORLDMAP_CAN_NOT_MOVE_ANOTHER_WORLD,Cannot teleport to this location.
WORLDMAP_CAN_NOT_MOVE_LOCATION,Cannot teleport to this location.
WORLDMAP_CAN_NOT_OPEN_MSG,World Map features are limited in your current location.
WORLDMAP_COMMON_DIFFERENTWORLD_DESC,It is in an unknown location.
WORLDMAP_FILTER_TITLE,Filter
WORLDMAP_MONSTERINFO_AGGRESSIVE,Attacker
WORLDMAP_MONSTERINFO_FRIENDLY,Defender
WORLDMAP_NEW_MAPDISCOVER,Unlock New Greater Warp Anchor
WORLDMAP_NONE_BOOKMARK,No Favorites registered.
WORLDMAP_NONE_MAPPIN,"No map pins registered.
Use the Add Pin button at the bottom right
to place a new pin."
WORLDMAP_NOTITY_BOOKMARK_ADD,Added to Favorites.
WORLDMAP_NOTITY_BOOKMARK_DELETE,Removed from Favorites.
WORLDMAP_NPCMONSTER_TITLE,[Title]
WORLDMAP_NPCREWARD_TITLE,Main Trophies
WORLDMAP_PANEL_MONOLITH_BATTLEFIELDNOTOPEN_DESC,This Monolith is not eligible for the Monolith War.
WORLDMAP_PANEL_MONOLITH_BATTLEFIELDPLAYING_DESC,Monolith buffs cannot be bought during the Monolith War.
WORLDMAP_QUEST_CONTENT_NAME,Quest: [QuestType]
WORLDMAP_TAB_AREA,Realm Info
WORLDMAP_TAB_BOOKMARK,Favorites
WORLDMAP_TAB_FILTER,Filter
WORLDMAP_TAB_SECTORINVASION,Grand Incursion
WORLDMAP_TAB_BATTLEFIELDMONOLITH,Monolith War
WORLDMAPINFO_CLANBOSSRAIDPORTAL_DESC,"A mysterious artifact that serves as a respawn point for fallen clan members.
When used by the Clan Leader, all Clan members are instantly summoned to their location."
WORLDMAPINFO_INVASION_DESC,"This peculiar portal spawns at a certain probability throughout the Forsaken Land, summoning monsters from the Tower.
You can obtain various rare items that are otherwise difficult to find."
WORLDMAPINFO_PREMIUMVENDINGMACHINE_DESC,"This special vending machine activates at set times.
With rumors of occasional top-tier loot, many are flocking here, eager to test their luck."
WORLDMAPINFO_SECTORINVASION_BOSS_DESC,"An Incursion Point where potent energy surges. When the Grand Incursion reaches its peak, a fearsome monster emerges—growing even stronger depending on the final purification grade of the Incursion."
WORLDMAPINFO_TESSERACTSHARD_DESC,"The Paradise Restoration Society developed this mysterious device, modeled after the Incursion, to summon monsters from the Forsaken Land. A Tesseract can only be installed in realms with a matching wavelength. The device will automatically vanish if no players are within its range while active."
WORLDMAP_EROSION_STAT_VALUE,[ErosionName] chance: <Yellow>[Value1]%</> (my resistance <Blue>[Value2]%</>)
WORLDMAP_EROSION_STAT_VALUE_SHORTAGE,[ErosionName] chance: <Yellow>[Value1]%</> (my resistance <Red>[Value2]%</>)
WORLDSECTOR_NEW_DISCOVER,New Realm
COMMON_STOP,Stop
TUTORIAL_BLOCKING_INPUT,Cannot control during the tutorial.
CLAN_DUNGEON_PORTAL_NONE_MSG,The clan portal is currently inactive.
DISABLE_WHILE_MATCHING,This action is unavailable during matchmaking.
CHAT_GROUP_DAILY_COUNT_MAX,Reached daily invitation limit for this target.
CHAT_GROUP_JOIN_COMPLETE,Accepting the invitation to join the group room.
ASSISTMODE_BUFF_STATUS_NOTAREA,Cannot use: No Monolith buffs in this realm.
ASSISTMODE_BUFF_STATUS_NOTOWNER,Cannot use: No Monolith owner.
ASSISTMODE_BUFF_STATUS_ENEMY,Cannot use: Monolith owner in a hostile clan.
ASSISTMODE_BUFF_STATUS_ALREADY,Cannot use: Already the Monolith owner.
ASSISTMODE_BUFF_STATUS_NOUSEWORLDTYPE,Cannot use in this realm
PRE_CREATE_MSG_DONE,"Character pre-creation is now closed.
Join us for the official launch on October 22!"
PRE_CREATE_MSG_ALRDY,"You already have a character on this server.
Join us for the official launch on October 22!"
PRE_CREATE_MSG_SERVER_FULL,"Character creation is no longer available on this server.
Please select a different server."
PRE_CREATE_MSG_BLOCK,Join us for the official launch on October 22!
PRE_CREATE_MSG_SUCCESS,"Your character pre-creation is complete.
Join us for the official launch on October 22!"
PRE_CREATE_MSG_NOTYET,Character pre-creation begins on Oct 21 at 11:00 AM.
PRE_CREATE_CHARACTER_MAX,Only one character can be pre-created per account.
CANNOTGET_CREST_INVENTORY_FULL_SYSTEM_MSG,Cannot assess due to insufficient Powerstone inventory space.
CANNOTGET_STORAGE_FULL_SYSTEM_MSG,Cannot stash item: Not enough stash space.
MAIL_SEARCH_DEFAULTTEXT_CHARACTER,Enter an adventurer name to search.
MAIL_SEARCH_DEFAULTTEXT_CLAN,Enter a clan name to search.
MAIL_BLOCK_CHARACTER_MAX,Block limit reached.
REMOTE_PLAY_NOT_CHANGED_OPTION,This option cannot be changed during Remote Play.
CREST_LEVELRESET_COST_PAYPACK_ITEM,Returned Items
SCREENSHOT_MAIN_RESETALL,Reset
SCREENSHOT_MAIN_RESETTAB,Reset Tab
SCREENSHOT_MAIN_SHOT,Take Photo
SCREENSHOT_MAIN_HIDEUI_OFF,Hide UI
SCREENSHOT_MAIN_HIDEUI_ON,Show UI
SCREENSHOT_CONTROL_FOV,Field of View
SCREENSHOT_CONTROL_TILT,Tilt
SCREENSHOT_CONTROL_OFFSETH,Horizontal
SCREENSHOT_CONTROL_OFFSETV,Vertical
SCREENSHOT_CONTROL_OFFSETF,Depth
SCREENSHOT_SHUTTER_FOCUS,Focus
SCREENSHOT_SHUTTER_FOCUS_OFF,Off
SCREENSHOT_SHUTTER_FOCUS_MANUAL,Manual
SCREENSHOT_SHUTTER_FOCUS_AUTO,Auto
SCREENSHOT_SHUTTER_FOCUS_DISTANCE,Focus Distance
SCREENSHOT_SHUTTER_FOCUS_APERTURE,Aperture
SCREENSHOT_SHUTTER_FOCUS_MOTIONBLUR_INT,Motion Blur Intensity
SCREENSHOT_DECO_COPYRIGHT,Copyright
SCREENSHOT_DECO_COPYRIGHT_NONE,None
SCREENSHOT_DECO_COPYRIGHT_LU,Top Left
SCREENSHOT_DECO_COPYRIGHT_RU,Top Right
SCREENSHOT_DECO_COPYRIGHT_LD,Bottom Left
SCREENSHOT_DECO_COPYRIGHT_RD,Bottom Right
SCREENSHOT_DECO_FRAME,Border
SCREENSHOT_DECO_STICKER,Sticker
SCREENSHOT_CHARACTER_POSE,Pose
SCREENSHOT_CHARACTER_EMOTION,Expression
SCREENSHOT_CHARACTER_LOOKAT,View Camera
SCREENSHOT_PP_HDR,HDR
SCREENSHOT_PP_EXPOSURE,Exposure
SCREENSHOT_PP_CONTRAST,Contrast
SCREENSHOT_PP_SATURATION,Saturation
SCREENSHOT_PP_COLORTEMP,Hue
SCREENSHOT_PP_BRIGHTNESS,Brightness
SCREENSHOT_PP_BLOOM,Bloom
SCREENSHOT_PP_SHARPNESS,Sharpness
SCREENSHOT_PP_WHITETINT,White Balance
SCREENSHOT_PP_VIGNETTE,Vignetting
SCREENSHOT_PP_GRAIN,Film Grain
SCREENSHOT_PP_FILTER,Filter
SCREENSHOT_OPTION_TITLE,Screenshot Settings
SCREENSHOT_OPTION_SHOWTYPE,Display
SCREENSHOT_OPTION_SHOWTYPE_ME,My Character
SCREENSHOT_OPTION_SHOWTYPE_PC,Other Users
SCREENSHOT_OPTION_SHOWTYPE_NPC,NPC
SCREENSHOT_OPTION_SHOWTYPE_PET,Keyring
SCREENSHOT_OPTION_SHOWTYPE_NAMETAG,Name Tags
SCREENSHOT_OPTION_ADVSETTING,Advanced Settings
SCREENSHOT_OPTION_ADVSETTING_SHOWDETAILBUTTONS,Show Adjustment Buttons
SCREENSHOT_OPTION_ADVSETTING_FREEMOVE,Free Camera
SCREENSHOT_OPTION_ADVSETTING_SNAPTOPC,Follow Camera
SCREENSHOT_OPTION_SAVEDIRECTORY,Save Path
SCREENSHOT_OPTION_SAVEDIRECTORY_CHANGEBUTTON,Change
SCREENSHOT_OPTION_PRESET,Preset
SCREENSHOT_OPTION_PRESET_NONE,Not Set
SCREENSHOT_OPTION_PRESET_A,A
SCREENSHOT_OPTION_PRESET_B,B
SCREENSHOT_OPTION_PRESET_C,C
SCREENSHOT_OPTION_PRESET_SAVE,Store
SCREENSHOT_OPTION_PRESET_LOAD,Read
SCREENSHOT_SAVE_SUCCESSFUL,Screenshot saved to internal storage.
SCREENSHOT_SAVE_DEVICE_FAIL,Failed to save screenshot to device.
SCREENSHOT_FAILED_TO_SAVE,Failed to save screenshot.
SCREENSHOT_DISTANCE_RETURN,You moved too far from the target. Leaving Screenshot Mode.
SCREENSHOT_BATTLESTATE_MSG,Cannot use Screenshot Mode during combat.
SCREENSHOT_SPECIAL_MOVE_MSG,Cannot use Screenshot Mode during special movement.
SCREENSHOT_PRESET_SAVE_MSG,Current settings saved to the preset.
SCREENSHOT_PRESET_CHANGE_MSG,Preset settings applied successfully.
SCREENSHOT_PRESET_NO_SAVE_MSG,No saved preset settings found.
SCREENSHOT_POPUP_TITLE,Screenshot Settings
SCREENSHOT_POSTPROCESS_TIP,Some visual effects may not apply depending on your Overall Quality setting in Options.
COMMON_LOCATION_CHECK,Check Location
ITEM_OWNED_LABEL,Ownership Limit
ITEM_OWNED_COUNT,[CurrentCount]/[MaxCount]
ITEM_OWNED_ERROR_MSG,You have obtained an item that has reached its ownership limit.
GOOGLE_PLAY_PC_PURCHASE_POPUP_TITLE,Payment
GOOGLE_PLAY_PC_PURCHASE_POPUP_MSG,"Payment is in progress.
Complete payment on your web browser and click the <Shopboldtext>[Confirm]</> button."
GOOGLE_PLAY_PC_PURCHASE_POPUP_SUCCESS_BUTTON,Confirm
GOOGLE_PLAY_PC_PURCHASE_POPUP_CANCEL_BUTTON,Cancel Payment
OPTION_REQUIRED_OPTI_LIMIT_CHAR,This option is only available when Character Display is set to <Yellow>Show All</>.
OPTION_SYSTEM_FIXED_KEY,<Green>Cannot change to this key value.</>
NPC_SHOP_PURCHASE_ZERO_MSG,You can purchase one or more items. Please adjust the purchase quantity.
COSTUME_WEAPONCOSTUME_DECIDE_CONFIRM,Confirm [Name]?{jstag:}
COMMON_COSTUME_ACQUISITION,Get Costume
COMMON_PHANTOMWEAPON_ACQUISITION,Acquire Phantom Weapon
CLAN_RESEARCH_SYSTEM_MSG_ACQUIRE,Your Clan acquired the <Yellow>[Name]</> research.
CLAN_RESEARCH_SYSTEM_MSG_LEVELUP,Your Clan’s <Yellow>[Name]</> research has reached Lv. [Level].
WRITING_PROBE_LENGTH_OUT_OF_RANGE,Character limit exceeded.
SHOP_ATTENDANCE_NOTDAY,Insufficient attendance days.
WEBVIEW_TITLE,Architect
PASS_BUY_NORMAL_OPEN_TITLE,Unlock Premium Season Pass Reward
PASS_BUY_NORMAL_OPEN_DESC,Premium Season Pass rewards are now available to claim.
COMMON_PERIOD_NONE,Always available
COMMON_DUNGEONMISSION_COMPLITE_MSG,All missions completed.
GAMEPLAYEVENT_EVENTPOPUP_UNTILEVENTPERIODEND,Until event ends
GAMEPLAYEVENT_EVENTPOPUP_UNTILEVENTSTART,Until next event starts
GAMEPLAYEVENT_EVENTPOPUP_UNTILEVENTEND,Until event ends
GAMEPLAYEVENT_EVENTPOPUP_REPRESENTREWARD,Cumulative Points Rewards
GAMEPLAYEVENT_EVENTPOPUP_REPEATREWARD,Ranking Rewards
GAMEPLAYEVENT_EVENTPOPUP_EVENTPLAYING,Live now!
GAMEPLAYEVENT_EVENTPOPUP_NOTEVENTPERIOD,No event info
GAMEPLAYEVENT_EVENTPOPUP_GUIDEBUTTON,How to Play
GAMEPLAYEVENT_EVENTPOPUP_REPRESENTREPEATTEDREWARD,Repeat Rewards
GAMEPLAYEVENT_EVENTPOPUP_POINTSTACK,Earning [Value] Points
GAMEPLAYEVENT_EVENTPOPUP_UNTILREWARDRESET,Until reset
GAMEPLAYEVENT_EVENTPOPUP_REWARDINFOPOPUPOPEN,Reward Info
GAMEPLAYEVENT_AlARM_EVENTSTARTALARM,Until [EventName] Event begins
GAMEPLAYEVENT_AlARM_EVENTPLAYING,[EventName] Event live
GAMEPLAYEVENT_REWARDINFOPOPUP_TITLE,Event Rewards
GAMEPLAYEVENT_REWARDINFOPOPUP_LIMITTEDREWARD_TITLE,Event: Weekly Accumulated Rewards
GAMEPLAYEVENT_REWARDINFOPOPUP_LIMITTEDREWARD_DESC,"Accumulated rewards reset weekly.
You can earn points based on the total points earned in the game."
GAMEPLAYEVENT_REWARDINFOPOPUP_LIMITTEDREWARD_UNTILGETREWARD,Until All Weekly Rewards are Claimed
GAMEPLAYEVENT_REWARDINFOPOPUP_LIMITTEDREWARD_POINTCOMPLETE,All Weekly Rewards Claimed
GAMEPLAYEVENT_REWARDINFOPOPUP_REPEATREWARD_TITLE,Event: Ranking Rewards
GAMEPLAYEVENT_REWARDINFOPOPUP_REPEATREWARD_DESC,"Receive ranking rewards every time you play.
Based on your ranking, you can receive both individual and clan bonus rewards."
GAMEPLAYEVENT_REWARDINFOPOPUP_RESETSCHEDULE_DAILY,Daily
GAMEPLAYEVENT_REWARDINFOPOPUP_RESETSCHEDULE_WEEKLY,Weekly
GAMEPLAYEVENT_REWARDINFOPOPUP_RESETSCHEDULE_MONTHLY,Monthly
GAMEPLAYEVENT_REWARDINFOPOPUP_LIMITTEDREWARD,Limited Rewards
GAMEPLAYEVENT_REWARDINFOPOPUP_REPEATREWARD,Ranking Rewards
GAMEPLAYEVENT_REWARDINFOPOPUP_STACKPOINT_WEEKLY,Weekly Accumulated Points
GAMEPLAYEVENT_REWARDINFOPOPUP_LIMITTEDREWARD_POINT,Total Points: [Value]
GAMEPLAYEVENT_REWARDINFOPOPUP_LIMITTEDREWARD_LEFTPOINT,[Value] pts left
GAMEPLAYEVENT_REWARDINFOPOPUP_REPEATREWARD_RANK,Rank [Rank]
GAMEPLAYEVENT_REWARDINFOPOPUP_REPEATREWARD_SOLO,Private Reward
GAMEPLAYEVENT_REWARDINFOPOPUP_REPEATREWARD_CLAN,Clan Bonus
GAMEPLAYEVENT_FIELDPOINTEVENT_GAMEPANEL_SCORE_DESC,Current Score
GAMEPLAYEVENT_FIELDPOINTEVENT_GAMEPANEL_SCORE,[Value] pts
GAMEPLAYEVENT_FIELDPOINTEVENT_GAMEPANEL_RANK_DESC,Latest Ranking
GAMEPLAYEVENT_FIELDPOINTEVENT_GAMEPANEL_RANK,Rank [Rank]
GAMEPLAYEVENT_FIELDPOINTEVENT_GAMEPANEL_NPCINFO_DESC,Naruru Merchant Info
GAMEPLAYEVENT_FIELDPOINTEVENT_GAMEPANEL_NPCSTATE_NORMAL,Now Buying
GAMEPLAYEVENT_FIELDPOINTEVENT_GAMEPANEL_NPCSTATE_MOVE,Moving
GAMEPLAYEVENT_FIELDPOINTEVENT_GAMEPANEL_NPCSTATE_FEVER,Buying at Special Rates!
GAMEPLAYEVENT_FIELDPOINTEVENT_GAMEPANEL_NPCSTATE_DESPAWN,Clock Out
GAMEPLAYEVENT_FIELDPOINTEVENT_GAMEPANEL_USERSCOREPANEL_TITLE,Ranking Update Info
GAMEPLAYEVENT_RANK_EMPTY,Unranked
GAMEPLAYEVENT_RESULTPOPUP_TITLE,Event Results
GAMEPLAYEVENT_RESULTPOPUP_MYRANK_DESC,My Final Ranking
GAMEPLAYEVENT_RESULTPOPUP_RANK,Rank [Rank]
GAMEPLAYEVENT_RESULTPOPUP_SCORE,[Value] pts
GAMEPLAYEVENT_RESULTPOPUP_REPEATREWARD_SOLO,Individual Ranking Rewards
GAMEPLAYEVENT_RESULTPOPUP_REPEATREWARD_CLAN,Clan Bonus Rewards
GAMEPLAYEVENT_FIELDPOINTEVENT_BROADCASTING_EVENTSTART,"The Snow Goblins' Rampage has begun!
Snow Goblins and Ice Shards are appearing at the Verzard Outpost."
GAMEPLAYEVENT_FIELDPOINTEVENT_BROADCASTING_NPCSPAWN,"The Naruru Merchants have arrived at the Verzard Outpost!
Deliver Ice Shards to them!"
GAMEPLAYEVENT_FIELDPOINTEVENT_BROADCASTING_MONSTERSPAWN,The Giant Snow Goblin has appeared!
GAMEPLAYEVENT_FIELDPOINTEVENT_BROADCASTING_NPCMOVE,Merchants are now on the move.
GAMEPLAYEVENT_FIELDPOINTEVENT_BROADCASTING_RANKRENEWAL,Point rankings have been updated.
GAMEPLAYEVENT_FIELDPOINTEVENT_BROADCASTING_NPCDESPAWN,[NPCName] has collected enough ice and is clocking out.
GAMEPLAYEVENT_FIELDPOINTEVENT_BROADCASTING_EVENTEND,The Snow Goblin Rampage event will end in 30 seconds.
GAMEPLAYEVENT_FIELDPOINTEVENT_BROADCASTING_MONSTERSPAWNALARM,The Giant Snow Goblin will appear shortly.
GAMEPLAYEVENT_FIELDPOINTEVENT_BROADCASTING_NPCDESPAWNALARM,"One of the Naruru merchants is about to depart.
Guess who?"
GAMEPLAYEVENT_FIELDPOINTEVENT_BROADCASTING_EVENTSTART2,Snow Goblins are here! Reclaim the ICE they stole!
GAMEPLAYEVENT_FIELDPOINTEVENT_BROADCASTING_NPCSPAWN2,"Bring those Shining Ice Shards to the merchants, and we'll reward you with LOTS of points!"
GAMEPLAYEVENT_FIELDPOINTEVENT_BROADCASTING_MONSTERSPAWN2,The Giant Snow Goblin is hoarding a massive amount of ice. ATTACK it now!
GAMEPLAYEVENT_FIELDPOINTEVENT_BROADCASTING_NPCMOVE2,Oh no! Look at all those monsters! Time to find a safer spot…!
GAMEPLAYEVENT_FIELDPOINTEVENT_BROADCASTING_RANKRENEWAL2,Just holding the Sparkling Ice Shards is no fun! Bring them to us to earn points!
GAMEPLAYEVENT_FIELDPOINTEVENT_BROADCASTING_NPCDESPAWN2,"[NPCName]: Yay, I have enough ICE! Time to make some yummy SPARKLING WINE!"
GAMEPLAYEVENT_FIELDPOINTEVENT_BROADCASTING_EVENTEND2,The SNOW GOBLINS will be gone soon. DON’T STOP until the last one falls!
GAMEPLAYEVENT_FIELDPOINTEVENT_MOVEWORLDWARNING_DESC,"You will lose all your [EventPointName]{jstag:,}.
Proceed?"
GAMEPLAYEVENT_FIELDPOINTEVENT_INTERACTION_SUCCESS,You delivered all your ice shards and earned points.
GAMEPLAYEVENT_FIELDPOINTEVENT_INTERACTION_FAIL,No ice shards to deliver.
GAMEPLAYEVENT_FIELDPOINTEVENT_AUTOMOVE_DESPAWN_FAIL,"[NPCName]{jstag:,} has left the area. Find another merchant."
GAMEPLAYEVENT_FIELDPOINTEVENT_AUTOMOVE_MOVE_FAIL,Shortcuts are unavailable while merchants are on the move.
CANT_SHOW_DIALOG,Cannot chat at the moment.
INTERSERVER_MAIN_TITLE,Abyss Battlefield
INTERSERVER_MAIL_NOT_ALLOW_MSG,Cannot compose mail in this area.
INTERSERVER_BATTLE_RECORD_FUNCTION_FAIL_MSG,Battle logs are not saved in this world.
INTERSERVER_BOUNTY_REQUEST_FAIL_MSG,Wanted feature unavailable in this area.
EVENT_DATE_UNLIMITED,Always available
ACE_INIT_FAIL_AND_EXIT,"Failed to initialize the security module. Unable to proceed.
If the problem persists, please contact Customer Support."
TESSERACTSHARD_AREA_SELECT_TOOLTIP_TITLE,Artificial Tesseract
TESSERACTSHARD_AREA_SELECT_TOOLTIP_DESC,"The Artificial Tesseract has a time limit of <Yellow>5 minutes</> and consists of <Yellow>8</> waves.
<Yellow>Installation rewards are always granted</>, regardless of whether the Artificial Tesseract purification succeeds or fails.
However, if no players are within the Artificial Tesseract's range for <Yellow>one</> minute, it will automatically disappear and the installation bonus reward cannot be obtained."
EVENT_REPEAT_MISSION_ACCUM_COUNT,Reached [COUNT] times
KICKOUT_PVP_IDLECHECKER,Players inactive during combat will be removed from the World in [mm]s.
KICKOUT_PVP_IDLECHECKER2,Inactive in combat for too long. Leaving the World.
PAYMENT_TITLE_TEXT,Payment Guide
PAYMENT_DESC_TOP,Payments are available on the mobile version with the same account as the PC version.
PAYMENT_DESC_BOTTOM,Scan the QR code to launch and log in to the mobile version.
PAYMENT_DESC_BOTTOM2,Accessing the mobile version will disconnect your current PC session.
EVENT_ALRDY_END_MSG,This event has already ended.
INTERSERVER_ENTER_WAITING,[WorldName] waiting for entry…
ITEM_EQUIPMENT_TYPE_COLLAR,Insignia
ITEM_EQUIPMENT_TYPE_TALISMAN,Talisman
ITEM_EQUIPMENT_TYPE_STIGMA,Sacred Mark
ITEM_EQUIPMENT_TYPE_DAGGER,Dagger
ITEM_EQUIPMENT_TYPE_ARROWHEAD,Arrowhead
ABURUPASS_CONTENT_TITLE,Bounty Festival Pass
LIGHTPASS_CONTENT_TITLE,Halo Pass
AOTPASS_CONTENT_TITLE,Attack Pass
ABURUPASS_MENU_LEVELGUIDE,Complete missions to increase your pass level.
FIXEDTERMRESULT_TITLE,Convert Period
FIXEDTERMRESULT_BEFORE,Time-limited
FIXEDTERMRESULT_AFTER,Permanently Acquired
COMMON_CRAFT_COUNT,Craft Qty
FIXEDTERM_DELETE_GUIDE,Deleted due to expiration.
FIXEDTERM_BTN_NAME,Buy Lifetime Access
FIXEDTERM_PURCHASE_TITLE,Lifetime Access
FIXEDTERM_PURCHASE_SUBTITLE_COSTUME,Lifetime Access: Time-Limited Costume
FIXEDTERM_PURCHASE_SUBTITLE_WEAPONCOSTUME,Lifetime Access to Time-Limited Phantom Weapon
FIXEDTERM_PURCHASE_SUBTITLE_GROUNDVEHICLE,Lifetime Access: Time-Limited Mount
FIXEDTERM_PURCHASE_SUBTITLE_AIRVEHICLE,Lifetime Access: Time-Limited Glider
GPG_GUIDE_BTN,Simple Payment Authentication Method
GPG_GUIDE_SHORTCUT_BTN,Go to Google Account Settings page
FACTION_AUCTION_ALL_BUY_DESC,Purchasing all items for the lowest listed price at the moment.
RESEARCH_PURCHASE_LEVEL_ZERO_ENCHNAT,Unable to select enhancement lower than +0.
RESEARCH_PURCHASE_LEVEL_NEED_ENCHNAT,You can select enhancement up to the level required for the research.
POTION_DESC_HP,"When used, instantly restores [Value] HP."
POTION_DESC_MP,"When used, instantly restores [Value] MP."
POTION_DESC_TITLE,Potion Recovery Amount
POTION_DESC_CATEGORY_HP,Base HP Potion Healing Amount
POTION_DESC_CATEGORY_MP,Base MP Potion Recovery Amount
FIXEDTERM_REWARDDESC_DELETEDTIMEAFTER,Expires [Time] after acquisition
FIXEDTERM_REWARDDESC_DELETEDPLAYINGTIMESAFTER,"Expires [Time] after acquisition
(Based on login time)"
CONTENTSLOCK_CONDITION_NEED_COMPLETE_QUEST,"Available after completing the [QuestType] <Red>[QuestName]</>
 quest."
LOCALSERVER_CLANDIPLOMANCY,Abandoned Land
INTERSERVER_CLANDIPLOMANCY,Abyss Battlefield
LOCALSERVER_COMMON_TAB,Abandoned Land
INTERSERVER_COMMON_TAB,Abyss Battlefield
INTERSERVER_BOSS_SCHEDULE_POPUP_TITLE,Spawn Detail
INTERSERVER_BOSS_SCHEDULE_POPUP_TIME,Spawn Time
INTERSERVER_BOSS_SCHEDULE_POPUP_BOSS,Spawn List
INTERSERVER_BOSS_SCHEDULE_POPUP_DESC,<Red>Abyss Overlord</> spawns at a specific time.
INTERSERVER_SUBBOSS_SCHEDULE_POPUP_DESC,"A random <Red>Abyss Lord</> from the regional list spawns, and <Yellow>re-spawns every [BossSpawnTime]</> after the initial defeat."
INTERSERVER_MATCHING_INFO_TITLE,Matching Info
INTERSERVER_MATCHING_INFO_SUBTITLE,Matching Server Group
INTERSERVER_MATCHING_INFO_DESC,"Matched Server Group will change in the 
next season."
INTERSERVER_AREAINFO_REWARD_TITLE,Reward Info
INTERSERVER_AREAINFO_BOSS_SPAWN_WAITING,[SpawnWaitingTime] left
INTERSERVER_AREAINFO_BOSS_SPAWN,Spawned
INTERSERVER_AREAINFO_BOSS_SPAWN_WAITING_TEXT,Spawning Soon
INTERSERVER_AREAINFO_BOSS_NOSPAWN,Not Spawned
INTERSERVER_AREAINFO_OCCUPATION_TITLE,Occupying Clan Info
INTERSERVER_AREAINFO_TITLE,Realm Info
INTERSERVER_BOSS_EMBLEM_SPAWN_WAITING,[SpawnWaitingTime] left
INTERSERVER_BOSS_EMBLEM_SPAWN,Spawned
INTERSERVERWORLD_REMAIN_TIME_RECHARGE_POPUP_DESC,"Use [ItemName]{jstag:} to add
Adds [ItemRechargeValue]m of play time."
INTERSERVERWORLD_RECHARGE_COUNT_DESC,Weekly Charges ( [NowRechargeCount]/[MaxRechargeCount] )
INTERSERVERWORLD_RECHARGE_NOITEM_MSG,Insufficient items: [ItemName]
INTERSERVERWORLD_WEEKLY_RECHARGE_MAX,Unable to charge any more this week.
TOWERUNDERGROUND_USE_TIME_ALL_SPENT,All available time in the Abyss Battlefield has been exhausted.
TOWEROFTITAN_BASEMENT_AREA_RESTRICTEAREA_OUT_MSG,[ClanName]This is a Clan Fortress. Leaving in [RestrictAreaCountdownTime] secs
INTERSERVER_DONT_MOVE_INAVASION_AREA,Unable to move to an unoccupied realm.
CLASSCHANGE_BUTTON_CLOSE,Do you want to cancel class change?
CLASSCHANGE_COMMON_TITLE,Change Class
CLASSCHANGE_CHECKPOPUP_DOSC,Please check the class change requirements.
CLASSCHANGE_CHECKPOPUP_CONDITION1,Use Change Ticket in one of Abandoned Land villages
CLASSCHANGE_CHECKPOPUP_CONDITION2,Non-combat
CLASSCHANGE_CHECKPOPUP_CONDITION3,Class Change Available Time
CLASSCHANGE_CHECKPOPUP_CONDITION4,No bound Skillbook or Elixir in inventory
CLASSCHANGE_CHECKPOPUP_CONDITION5,No bound Skillbook or Elixir in stash
CLASSCHANGE_CHECKPOPUP_CONDITION8,No Exclusive Spellstone in stash
CLASSCHANGE_CHECKPOPUP_CONDITION6,Matching not in progress
CLASSCHANGE_CHECKPOPUP_CONDITION7,No unconfirmed Phantom Weapon
CLASSCHANGE_GUIDE_TITLE,Class Change Warning
CLASSCHANGE_GUIDE_CHARACTER,"– Once you change class, it is irreversible
 - Skill level and equipped Shared Spellstones will be retained 
 - Equipped Exclusive Spellstones will be unequipped
 - You cannot change already owned Phantom Weapons
 - Armory will be re-listed based on the changed class"
CLASSCHANGE_CUSTOMIZATION_CANCLE,"Do you want to return to Change Class?
<Red>Current customization settings will not be saved.</>"
CLASSCHANGE_CHANGE_CANCLE,"Do you want to return to Customizer?
<Red>Current settings will not be saved.</>"
CLASSCHANGE_CHANGE_UNLOCK_TXT,"Some items are locked.
Unlock all?
<Red>Cannot change while items are locked.</>"
CLASSCHANGE_CUSTOMIZATION_COMPLETE,Do you want to confirm the currrent appearance settings and move to Advanced Detail?
CLASSCHANGE_CHARACTERSELECT_DEACTIVATE,You can’t change to this class.
CLASSCHANGE_CHARACTERSELECT_NOWCLASS,Cannot select your current class.
CLASSCHANGE_CUSTOMIZE_ALREADY,Continue Change
CLASSCHANGE_BUTTON_CURRENT,Default
CLASSCHANGE_BUTTON_CHANGE,Change
CLASSCHANGE_BUTTON_FIX,Confirm
CLASSCHANGE_CHANGESELECT_HINT,Nothing to change yet.
CLASSCHANGE_CHANGETAP_COUNT,([ItemCount])
CLASSCHANGE_CHANGESTATE_FREE,Free Change
CLASSCHANGE_ACTIVESKILL_BEFORE,Old Active Skill
CLASSCHANGE_ACTIVESKILL_AFTER,New Active Skill
CLASSCHANGE_PASSIVESKILL_BEFORE,Old Passive Skill
CLASSCHANGE_PASSIVESKILL_AFTER,New Passive Skill
CLASSCHANGE_COSTUMEWEAPON_BEFORE,Current Phantom Weapon
CLASSCHANGE_COSTUMEWEAPON_AFTER,New Phantom Weapon
CLASSCHANGE_EQUIPMENT_BEFORE,Old Equipment
CLASSCHANGE_EQUIPMENT_AFTER,New Equipment
CLASSCHANGE_CLASSACTIVESKILLGEM_BEFORE,Old Spellstone
CLASSCHANGE_CLASSACTIVESKILLGEM_AFTER,New Spellstone
CLASSCHANGE_CHANGECOMPLETE_TXT,"You are about to chance classes.
Do you want to proceed?
<Red>Once completed, this action cannot be undone.</>
<Red>Changed results will be bound.</>"
CLASSCHANGE_CHANGESELECT_TITLE,Replace
CLASSCHANGE_CHANGESELECT_COUNT,[ChangeName] : [SeletCount] / [MaxCount]
CLASSCHANGE_CHANGCOUNT_TITLE,[ChangeName]
CLASSCHANGE_CHANGCOUNT_SELECTCOUNT,"Selected: [SeletCount]
Max: [MaxCount] "
CLASSCHANGE_CHANGCOUNT_FREE,<Green>Change All for Free</>
CLASSCHANGE_CHANGESELECT_MAX,Maximum selection reached.
CLASSCHANGE_CHANGESELECT_DEFAULT,Default change: Cannot be canceled.
CLASSCHANGE_CHANGESELECT_COST,[SeletAllCost] / [HaveCost]
CLASSCHANGE_COMPLETE_MSG,Class successfully changed.
CLASSCHANGE_EQUIPTAPLIST_TITLE,Changed Part
CLASSCHANGE_CLASSACTIVESKILLGEMCHECK_DESC,"An Exclusive Spellstone is currently equipped. 
Do you want to <Yellow>unequip all</>? You can change classes after 

<Red>unequipping Exclusive Spellstones</>
<Red>.</>"
CLASSCHANGE_CLASSACTIVESKILLGEMCHECK_RELEASE,Unequip All
CLASSCHANGE_CPANEL_TITLE,Remaining Changes
CLASSCHANGE_CPANEL_DESC,Item(s) will be <Orange>bound</> upon change.
CLASSCHANGE_PHANTOMWEAPONALREADY_ALERT,Cannot change to a Phantom Weapon you already own.
CLASSCHANGE_CHANGESELECTLIST_HINT,Nothing to change.
CLASSCHANGE_NONEITEM_MSG,Insufficient resources for change.
CLASSCHANGE_SELECT_ALREADY,This category is already selected.
CLASSCHANGE_BEFORECLASS,Change Target
CLASSCHANGE_AFTERCLASS,Result
SERVERTRANSFER_CHARACTERBOX,Character Vault
SERVERTRANSFER_CHARACTERBOX_TITLE,Character Vault
SERVERTRANSFER_CHARACTERBOX_USECHARACTER,Withdraw
SERVERTRANSFER_CHARACTERBOX_USECHARACTER_CONFIRM,"Do you want to use this Character?
Once taken out, you won’t be able to return it to the Character Vault again."
SERVERTRANSFER_CHARACTERBOX_USECHARACTER_NOTI,You’ve taken out [CharacterName] Character from the vault.
SERVERTRANSFER_CHARACTERBOX_USECHARACTER_ERROR,No empty Character slot. Please secure more slots.
SERVERTRANSFER_ACCOUNTLIST_CHANGE_CONFIRM,"Do you want to change accounts?
You can change accounts freely."
SERVERTRANSFER_ACCOUNTLIST_CHANGE_COMPLETE,Account has been changed.
SERVERTRANSFER_TITLE,Transfer Server
SERVERTRANSFER_CONDITION_DESC,Please check the requirements for server transfer.
SERVERTRANSFER_CONDITION_1,Use Transfer Ticket in a village
SERVERTRANSFER_CONDITION_2,No character in the server is in a clan
SERVERTRANSFER_CONDITION_3,No character in the server has any unclaimed item in the Shop Storage
SERVERTRANSFER_CONDITION_4,No character in the server has unchecked or unclaimed mail
SERVERTRANSFER_CONDITION_5,No character in the server has any item being traded or not paid
SERVERTRANSFER_CONDITION_6,Auto-matching not in progress
SERVERTRANSFER_CONDITION_CLAN_1,No resource support or distribution in progress
SERVERTRANSFER_CONDITION_7,No character in the serve is waiting for deletion
SERVERTRANSFER_CONDITION_CLAN_3,Clan Level 10 or higher
SERVERTRANSFER_GUIDE_TITLE,Server Transfer Warning
SERVERTRANSFER_GUIDE_CHARACTER,"<Orange>[Account Transfer: Important]</>
<Yellow>Post-Transfer Reset Info</>
 1. Cooldown for re-joining a clan and creating a new clan will be reset.
 2. The character’s friends and enemies list will be reset.
 - The character will also be removed from the friend lists of other players who had them registered.
 3. You will not be registered in the ranking if you do not log in after transferring servers.

<Yellow>Account Data after Server Transfer</>
1. All items and entries bound to the character or account will be retained.
 2. If multiple accounts exist on the target server, you can select and access them through the Switch Account feature. "
SERVERTRANSFER_GUIDE_CHARACTER_CLAN,"<Orange>[Account Transfer: Important!]</>
<Yellow>Post-Transfer Reset Info</>
 1. Cooldown for re-joining a clan and creating a new clan will be reset.
 2. The character’s friends and enemies list will be reset.
 - The character will also be removed from the friend lists of other players who had them registered.
 3. You will not be registered in the ranking if you do not log in after transferring servers.

<Yellow>Account Data after Server Transfer</>
1. All items and entries bound to the character or account will be retained.
 2. If multiple accounts exist on the target server, you can select and access them through the Switch Account feature.

<Orange>[Clan Transfer Warning]</>
1. Transfer Guarantee Time will be granted to Clan Members for 3 hours after transferring Clans.
2. During the Transfer Guarantee Duration, Clan Members are 100% guaranteed to successfully transfer to the server where the clan has relocated.
During the Transfer Guarantee Duration, Clan Members who transfer to the same server as their clan will automatically join the clan."
SERVERTRANSFER_SERVERLIST_SELECTNONE,Please select the server to transfer to.
SERVERTRANSFER_SERVERSTATE_POSSIBLE,Transfer Available
SERVERTRANSFER_SERVERSTATE_CLOSEAPPROACH,Closing Soon
SERVERTRANSFER_SERVERSTATE_CLOSED,Transfer Closed
SERVERTRANSFER_SERVERSTATE_ERROR,Transfer slots are full.
SERVERTRANSFER_CONFRIM_DESC,Do you want to transfer to the server?
SERVERTRANSFER_CONFRIM_DESC2,Please enter the <Yellow>server name you are trying to transfer to</> in the box below.
SERVERTRANSFER_CONFRIM_HINTTEXT,Please enter the server name you want to transfer to correctly.
SERVERTRANSFER_CONFRIM_ERROR,Please enter the server name you want to transfer to correctly.
SERVERTRANSFER_CLANGUIDE_PURCHASE_ERROR,Already purchased.
SERVERTRANSFER_CLANGUIDE_ITEMUSE_ERROR,You do not have a Server Transfer Ticket.
SERVERTRANSFER_CLANGUIDE_OVER_MSG,Guaranteed Clan Server Transfer has closed.
SERVERTRANSFER_ACCOUNT_CHANGE,Change Account
SERVERTRANSFER_ACCOUNT_SELECT,Select Account
SERVERTRANSFER_ACCOUNT_HIGHLEVELCHARACTER,Max Level Character
SERVERTRANSFER_INTERGRATE_COMPLETEGUIDE,"Servers have been merged.

If multiple accounts exist across the merged servers, you can login with a different account by pressing the Change Account button."
SERVERTRANSFER_ACCOUNT_ALREADY,Currently selected account.
SERVERTRANSFER_CLAN_STAYTIME_ERROR,Available after the Guaranteed Clan Server Transfer closes.
SERVERTRANSFER_CLANTRANSFER_LABEL,Transfer Clan
SERVERTRANSFER_CLANTRANSFER_CONTENTBRIEFING,Guaranteed Clan Server Transfer Duration
SERVERTRANSFER_USE_NEEDTOWN,Only available in a village.
SERVERTRANSFER_CLAN_GUIDEDESC,Clan Leader has transferred the Clan to another server.
SERVERTRANSFER_CLAN_GUIDEDESC2,"<Yellow>Clan Server Transfer Notice</>
 1. The Clan will always successfully transfer to the selected server within the guaranteed duration.
 2. You will automatically join the selected Clan when transferring back to the original Clan Server within the guaranteed transfer duration."
SERVERTRANSFER_CLAN_LEFTTIMELABEL,Remaining Guaranteed Transfer Duration
SERVERTRANSFER_CLAN_BTN1,Transfer Server
SERVERTRANSFER_CLAN_BTN2,Purchase Server Transfer Ticket
CLANUNIT_INVITE_ALL,Invite All Clan Members
CLAN_OWNERABLE_SENTINEL_OWNERSHIP_RESET_ONE_PER_CLAN,The previously owned Abyss Sentinel will reset because you can only own 1 per clan.
BATTLEFIELD_SENTINEL_ALARM_STATUS_BATTLEREADY,Prepare for Sentinel Scramble
BATTLEFIELD_SENTINEL_ALARM_STATUS_BATTLESTART,Start Sentinel Scramble
BATTLEFIELD_RULE,Battlefield Rules
BATTLEFIELD_SENTINEL,Abyss Sentinel Scramble
BATTLEFIELD_SENTINEL_BATTLE_READY_STATE_TIME,Preparation Time
BATTLEFIELD_SENTINEL_BATTLE_READY_START_TIME,Start Time
BATTLEFIELD_SENTINEL_PROGRESS_BATTLE_READY_STATE,Preparing for Abyss Sentinel Scramble
BATTLEFIELD_SENTINEL_PROGRESS_BATTLE_START_STATE,Abyss Sentinel Scramble in progress
BATTLEFIELD_SENTINEL_PROGRESS_BATTLE_END_STATE,Abyss Sentinel Scramble Complete
BATTLEFIELD_SENTINEL_PROGRESS_BATTLE_READY_LEFT_TIME,[Time] until battle start
BATTLEFIELD_SENTINEL_PROGRESS_BATTLE_START_LEFT_TIME,[Time] until battle end
BATTLEFIELD_SENTINEL_PROGRESS_BATTLE_END_LEFT_TIME,[Time] until ownership reset
BATTLEFIELD_SENTINEL_NEXT_REWARD_CHANGE_LEFT_TIME,(<Yellow>[Time]</> left until renewal)
BATTLEFIELD_SENTINEL_REWARD_FIX_LEFT_TIME,(<Yellow>[Time]</> left until confirmation)
BATTLEFIELD_SENTINEL_REWARD_TOOL_TIP_DESC,"[Abyss Sentinel Scramble Reward Rules]
 - <Yellow>[Rate]%</> of the total Abyss Battlefield Rewards are allocated to the Abyssal Sentinel Scramble.
 - The allocated prize pool is distributed differentially among [Count] Sentinels.
 - If no Clan owns a Sentinel after the Scramble, Diamond rewards will be returned to the Exchange Tax pool of each server."
BATTLEFIELD_SENTINEL_AVAILABLE_REWARD,Obtainable Rewards
BATTLEFIELD_SENTINEL_ACQUIRED_REWARD,Distributed Reward
BATTLEFIELD_SENTINEL_LEFT_TIME_START,[Time] until Scramble start
BATTLEFIELD_SENTINEL_PANEL_TITLE,Abyss Sentinel Scramble Status
BATTLEFIELD_SENTINEL_LEFT_TIME_END,[Time] until Scramble end
NO_OWNED_SENTINEL_AVAILABLE_MOVE,Unable to move because you do not own any Abyss Sentinel.
COMMON_NEUTRAL_CLAN,Neutral Clan
BATTLEFIELD_SENTINEL_NO_OWNED_NPC,Your clan does not own any Sentinel
BATTLEFIELD_DIALOG_BATTLEFIELD_SENTINEL_STATIC,"During an Abyss Sentinel Scramble, all non-allied characters will be considered <Red>hostile</>.
Kills and deaths during the battle do not affect battlefield points."
BATTLEFIELD_SENTINEL_END,Abyss Sentinel Scramble Complete
BATTLEFIELD_SENTINEL_RESULT_GROUP_OWNED_COUNT,[Count] owned
BATTLEFIELD_SENTINEL_NO_OWNED_NPC_MY_CLAN,Your clan does not own any Sentinel
TOWER_OF_TITAN_BASEMENT_SEASON_TOTAL_REWARD,Total Abyss Battelfield Reward
TOWER_OF_TITAN_BASEMENT_BATTLEFIELD_BASE_REWARD,Total Fortress Conquest Reward
TOWER_OF_TITAN_BASEMENT_BATTLEFIELD_SENTINEL_REWARD,Total Sentinel Scramble Reward
BATTLEFIELD_UNDERGROUND,Abyss Fortress Conquest
BATTLEFIELD_UNDERGROUND_PROGRESS_BATTLE_READY_STATE,Preparing for Abyss Fortress Conquest
BATTLEFIELD_UNDERGROUND_PROGRESS_BATTLE_START_STATE,Abyss Fortress Conquest in progress
BATTLEFIELD_UNDERGROUND_PROGRESS_BATTLE_END_STATE,Abyss Fortress Conquest complete
BATTLEFIELD_UNDERGROUND_PROGRESS_BATTLE_READY_LEFT_TIME,[Time] until Conquest start
BATTLEFIELD_UNDERGROUND_PROGRESS_BATTLE_START_LEFT_TIME,[Time] until Conquest end
BATTLEFIELD_UNDERGROUND_PROGRESS_BATTLE_END_LEFT_TIME,Occuaption resets in [Time]
BATTLEFIELD_UNDERGROUND_BATTLE_READY_STATE_TIME,Preparation Time
BATTLEFIELD_UNDERGROUND_BATTLE_READY_START_TIME,Start Time
BATTLEFIELD_INFO,Battlefield Info
BATTLEFIELD_UNDERGROUND_TOTAL_REWARD_VALUE,Total Abyss Fortress Conquest Reward
BATTLEFIELD_UNDERGROUND_OCCUPATION_CLAN_EMPTY,(No Occupying Clan)
BATTLEFIELD_UNDERGROUND_MY_LEGION,Your Legion
BATTLEFIELD_UNDERGROUND_INFO_NAME_1,Abyss Fortress
BATTLEFIELD_UNDERGROUND_INFO_NAME_2,Fortress Guard Tower
BATTLEFIELD_UNDERGROUND_INFO_NAME_3,Defense Revive Location
BATTLEFIELD_UNDERGROUND_INFO_NAME_4,Neutral Village
BATTLEFIELD_UNDERGROUND_INFO_DESC_1,Victorious Clan in the Abyss Fortress Conquest can capture this fortress.
BATTLEFIELD_UNDERGROUND_INFO_DESC_2,An object that you must capture to win the Fortress Conquest.
BATTLEFIELD_UNDERGROUND_INFO_DESC_3,Characters that died inside the fortress while capturing the Guardian Tower can revive at a specific location.
BATTLEFIELD_UNDERGROUND_INFO_DESC_4,This is the village where characters that couldn’t conquer the Guardian Tower enter and respawn.
BATTLEFIELD_UNDERGROUND_RULE_NAME_1,Victory Condition
BATTLEFIELD_UNDERGROUND_RULE_NAME_2,Capture Rules
BATTLEFIELD_UNDERGROUND_RULE_NAME_3,Other Rules
BATTLEFIELD_UNDERGROUND_RULE_DESC_1_1,<Yellow>The Clan occupying the Fortress Guardian Tower at the end of the battle wins.</>
BATTLEFIELD_UNDERGROUND_RULE_DESC_1_2,"<Yellow>If no Clan has caputed a Guardian Tower</> until the end of combat, there will be no winner."
BATTLEFIELD_UNDERGROUND_RULE_DESC_2_1,"You can only <Yellow>control 1 character</> in Abyss Guardian Tower and, while controlling the character, you cannot <Yellow>cancel manually</>."
BATTLEFIELD_UNDERGROUND_RULE_DESC_2_2,"When inflicted with the following <Yellow>Status Effects</> during conquest, the progress will immediately stop 
(Stun, Knock Down, Airborne, Knock Back, Shock, Teleport, Daze, Freeze, Taunt, Subdued)."
BATTLEFIELD_UNDERGROUND_RULE_DESC_2_3,Capturing Abyss Guardian Tower will take <Yellow>16 secs</>.
BATTLEFIELD_UNDERGROUND_RULE_DESC_2_4,"If there is a new Clan to take over the Guardian Tower, <Yellow>All characters except the new Clan and its allied clans will be moved to a Neutral Village.</>"
BATTLEFIELD_UNDERGROUND_RULE_DESC_3_1,"At the start of the battle, <Yellow>all characters within the fortress will be moved to a neutral village.</>"
BATTLEFIELD_UNDERGROUND_RULE_DESC_3_2,"During battle, <Yellow>all non-allied clans will be considered hostile.</>"
BATTLEFIELD_UNDERGROUND_INFO_TAB,Battlefield Info
BATTLEFIELD_UNDERGROUND_RULE_TAB,Battlefield Rules
BATTLEFIELD_UNDERGROUND_PANEL_TITLE,Abyss Fortress Conquest Status
BATTLEFIELD_UNDERGROUND_LEFT_TIME_START,[Time] until Conquest start
BATTLEFIELD_UNDERGROUND_LEFT_TIME_END,[Time] until Conquest end
BATTLEFIELD_UNDERGROUND_END,Abyss Fortress Conquest complete
BATTLEFIELD_UNDERGROUND_ALARM_STATUS_BATTLEREADY,Prepare for Fortress Conquest
BATTLEFIELD_UNDERGROUND_ALARM_STATUS_BATTLESTART,Start Fortress Conquest
BATTLEFIELD_DIALOG_BATTLEFIELD_UNDERGROUND_STATIC,"During the Abyss Fortress Conquest, all non-allied characters will be considered <Red>hostile</>.
Kills and deaths during the battle do not affect battlefield points."
BATTLEFIELD_UNDERGROUND_NEXT_REWARD_CHANGE_LEFT_TIME,(<Yellow>[Time]</> left until renewal)
BATTLEFIELD_UNDERGROUND_REWARD_FIX_LEFT_TIME,(<Yellow>[Time]</> left until confirmation)
BATTLEFIELD_UNDERGROUND_REWARD_TOOL_TIP_DESC,"[Fortress Conquest Diamond Reward Rules]
 - <Yellow>[Value]%</> of the Diamond Exchange Taxes accumulated by matched servers over 2 weeks are allocated as rewards.
 - If no Clan captures a Fortress after the Conquest, any unpaid Diamond rewards will be carried over to the next Abyss Battlefield rewards."
BATTLEFIELD_UNDERGROUND_NEXT_REWARD_FIX_DATE,[Next Guaranteed Reward Date]
BATTLEFIELD_UNDERGROUND_REWARD_CURRENT_ACCUMULATED_AMOUNT,[Total Accumulated Reward]
CLANUNIT_INVITE_ALL_SYSTEM_MSG,Invited all Clan Members to the Clan Squad.
FACTION_ILLUST_COEELCTION_ALLAPPLY_ITEM_NOTHING,No item to register to bulk research.
FACTION_ALL_APPLY_MATERIAL_CHECK_DESC,Register tradeable resources for bulk research 
FACTION_ALL_APPLY_MATERIAL_BTN,Register All Research
CLAN_UNIT_WORLD_CREATE_UNIT_DESC,You can only see the Clan Squad created in the current world.
CLANUNIT_INVITE_ALL_UNAVAILABLE_EMTPY,No Clan Member to invite.
CLANUNIT_INVITE_ALL_UNAVAILABLE_COOLTIME,Already sent invitation to all.
BOSS_RESULT_POPUP_CHECK_BOX_SHOW_ONLY_MY_CLAN,Only Display Clan Members
INTERSERVERWORLD_REMAIN_TIME,Time Remaining
INTERSERVERWORLD_MATCHING_INFO,Matching Info
TOWEROFTITAN_UNDERGROUND_TIP_GUIDE_DESC,"[Weekly Basic Time Recharge Rules]
- Basic time resets to <Yellow>[Value1]</> every week at the <Yellow>weekly reset time</>.
- The maximum basic time is [Value1], and remaining time does not accumulate.
- You can use <Yellow>Abyss Battlefield Time Recharge Stones</> to recharge additionally. 
- Recharge with items can accumulate <Yellow>up to 28 hours</>.
- Play Time is consumed in the order of <Yellow>Bonus Event Time</>, <Yellow>Basic Time</>, and <Yellow>Recharge Bonus Time</>."
TOWEROFTITAN_UNDERGROUND_TIP_GUIDE_MAIN,"[Abyss Battlefield Basic Time]
Weekly Basic Time <Yellow>[Value1]</> / Recharge Time <Yellow>[Value2]</> (Max 28 hours)"
BLOCK_BUTTON_UNAVAILABLE_OTHER_SERVER,Unable to block user here.
CHATREPORT_BUTTON_UNAVAILABLE_OTHER_SERVER,Unable to report user here.
INTERSERVER_ENTER_WAITING_POPUP_TITLE,Pending Entry Details
INTERSERVER_ENTER_WAITING_POPUP_DESC,"Access is restricted to ensure a stable gameplay environment.
Please wait. 
Your position in the queue may reset if you cancel or lose connection."
INTERSERVER_ENTER_WAITING_BTN_CANCEL,Leave Queue
COMMON_OVER_RANGE,Over
COMMON_UNDER_RANGE,or below
ITEM_POSSESION_COUNT,Available to Own: [CurrentCount]⁄[MaxCount]
COMMON_ENTER_WAITING,Queue
INTERSERVER_ENTER_WAITING_PERSON,Remaining Players in Queue : [WaitingPerson]
INTERSERVER_ENTER_WAITING_TITLE,Queue
INTERSERVER_WAITING_CANCEL_DESC,Cancelled entry queue for [WorldName].
INTERSERVER_WORLD_AUTO_ATTACK_SETTING,Attack all targets within range
TOWEROFTITAN_UNDERGROUND_EXIT_POPUP_DESC,Do you want to leave [WorldName]?
CLAN_UNIT_WORLD_CREATE_DIPLOMACY_DESC,You can only access the Clan diplomatic status for the current world. 
COMMON_PEOPLE,[Count]
RIFT_UNAVAILABLE_FLIGHT,Cannot use because no Glider is equipped.
TOWERUNDERGROUND_RECHARGE_TIME_POPUP_TITLE,Recharge Abyss Battlefield Time
INTERSERVER_CONTRIBUTION_TIPTEXT,"The main rewards for Abyss Battelfielda are granted to the top 3 players based on contribution.
Contribution values are rounded to the nearerst second decimal place, so the total sum of probabilities may not add up to 100%."
MATCHING_READY_ALREADY_COMPLETE,Already readied.
CLAN_NAME_CHANGE,Change Clan Name
CLAN_NAME_CHANGE_CONFIRM_POPUP_INPUT_HINT,Enter a new Clan name.
CLAN_NAME_CHANGE_CONFIRM_POPUP_MESSAGE,Enter a new name you want for the Clan.
CLAN_NAME_CHANGE_COST_LABEL_1,Required Resources
CLAN_NAME_CHANGE_COST_LABEL_2,Owned Resources
CHARACTER_NAME_CHANGE_MESSAGE,Enter a new name for the character.
CHARACTER_NAME_CHANGE_TITLE,Change Character Name
CHARACTER_NAME_CHANGE_HINT,Character Name
CHARACTER_NAME_CHANGE_SUCCESS_SYSTEM_MSG,Succesfully changed the character name.
CLAN_NAME_CHANGE_SYSTEM_MSG,Clan name has been changed.
ELITEDUNGEON_DUNGEONTYPEMENU_SCHEDULE_DAILY,"Daily Time
<Yellow>[Time]</>"
ELITEDUNGEON_DUNGEONTYPEMENU_SCHEDULE_WEEKLY,"Weekly Time
<Yellow>[Time]</>"
ELITEDUNGEON_DUNGEONTYPEMENU_SCHEDULE_MONTHLY,"Monthly Time
<Yellow>[Time]</>"
ELITEDUNGEON_DAILYRESET,Daily at 04:00 a.m.
ELITEDUNGEON_WEEKLY,Every Monday at 04:00 a.m.
ELITEDUNGEON_MONTHLYRESET,1st of every month at 04:00 a.m.
ELITEDUNGEON_DUNGEONPANEL_LEFTTIME_DESC,Play Time
ELITEDUNGEON_TIMERECHARGE_ERROR_CANNOTRECHARGE_DESC,Unable to recharge time for this dungeon.
ELITEDUNGEON_EXITPOPUP_DESC,"The character will move to the Abandoned Lands.
Do you want to leave?"
COMMON_DUNGEONENTER_ENTERCOST_NONE_MSG,Unable to enter due to insufficient resources.
COMMON_DUNGEONENTER_WORLDERROR_MSG,You can’t enter from here. Go to the Abandoned Lands.
ELITEDUNGEON_TITLE,Temporal Barrier
ELITEDUNGEON_DUNGEONENTER_RESETTIME_DESC,Recharge Base Time
ELITEDUNGEON_DUNGEONENTER_MONSTER_DESC,Monsters
ELITEDUNGEON_DUNGEONENTER_MAINREWARD_DESC,Main Reward
ELITEDUNGEON_DUNGEONENTER_ENTERCOST_DESC,Consume entry resources
ELITEDUNGEON_REMAINTIME_TOOLTIPGUIDE_TITLE,"[Dungeon Time]
Base Time <Yellow>[Time1]</> / Recharged Time<Yellow>[Time2]</>"
ELITEDUNGEON_REMAINTIME_TOOLTIPGUIDE_DESC,"[Dungeon Time Rules]
- 1 hour of base time is provided per day.
- You can save up to 3 hours of base time. Any time beyond 3 hours will expire.
- Base time is used first, and any unused recharged time will be transferred to the next month."
ELITEDUNGEON_DUNGEONENTER_ENTERCOST_NONE,Free
WORLD_EXIT_ERROR_DIALOG,Unable to leave during dialogue.
FIXEDTERM_PURCHASE_SUBTITLE2,The currently selected costume will be purchased.
BATTLEFIELD_UNDERGROUND_OCCUPATION_MY_CLAN,Occupied by your Clan
BATTLEFIELD_SENTINEL_TOTAL_REWARD_VALUE,Total Abyss Sentinel Scramble Prize Money
BATTLEFIELD_SENTINEL_INFO_NAME_1,Victory Rules
BATTLEFIELD_SENTINEL_INFO_NAME_3,Others
BATTLEFIELD_SENTINEL_NEXT_REWARD_FIX_DATE,[Next Guaranteed Reward Date]
BATTLEFIELD_SENTINEL_REWARD_CURRENT_ACCUMULATED_AMOUNT,[Total Accumulated Reward]
COMMON_CHANGE,Alterar
CLAN_NAME_CHANGE_FAIL_EMPTY,Unable to change as no clan name has been entered.
CHARACTER_NAME_CHANGE_FAIL_EMPTY,Unable to change as no name has been entered.
CHARACTER_CREATE_FAIL_NAME_EMPTY,Digite o nome do personagem.
COMMON_REWARD_INFO,Reward Info
ELITEDUNGEON_TIMEADDPOPUP_TITLE,Recharge Temporal Barrier Time
ELITEDUNGEON_TIMEADDPOPUP_DESC,"<Yellow>10 minutes</> will be added 
<Yellow>[EliteDungeonType]</> using [AssetName].{jstag:}"
ELITEDUNGEON_TIMEADDPOPUP_COUNTMAX_ERROR_MSG,Refill limit reached.
ELITEDUNGEON_TIMEADDPOPUP_NOASSET_ERROR_MSG,Insufficiant [AssetName] to refill.{jstag:}
ELITEDUNGEON_TIMEADDPOPUP_DAILY_LIMITCOUNT,Daily Refill ([Value1]/[Value2])
ELITEDUNGEON_TIMEADDPOPUP_WEEKLY_LIMITCOUNT,Weekly Refill ([Value1]/[Value2])
ELITEDUNGEON_TIMEADDPOPUP_MONTHLY_LIMITCOUNT,Monthly Recharges ([Value1]/[Value2])
ELITEDUNGEON_TIMEADDPOPUP_TIMEADD_MSG,[EliteDungeonType] Time [Time] has been recharged.
ELITEDUNGEON_ENTER_ERROR_NOTIME_MSG,Unable to enter due to insufficient time.
BATTLEFIELD_SENTINEL_OCCUPATION_CLAN_EMPTY,(No Occupying Clan)
SERVERTRANSFER_MOVETO_TITLE,Moving to the title screen for server transfer
TOWER_OF_TITAN_UNDERGROUND_MAIN_UI_TAB_BUTTON_1,Info
TOWER_OF_TITAN_UNDERGROUND_MAIN_UI_TAB_BUTTON_2,Fortress
TOWER_OF_TITAN_UNDERGROUND_MAIN_UI_TAB_BUTTON_3,Sentinel
RESONANCE_LEVEL_TEXT,Resonance Intensity
RESONANCE_FAIL_COUNT_TEXT,Fail Count
RESONANCE_TIP_AMPLIFY_DESC,"When resonance is amplified, the resonance rate becomes <Yellow>100%</>.
When resetting resonance, the number of amplification of the current resonance is reset to 0.
<Orange>You won’t be able to amplify any more after reaching the max number of resonance amplification.</>"
RESONANCE_TIP_DEFAULT_DESC,"<Red>Success rate changes</> according to the resonance intensity.
<Orange>Resonance will be unavailble when reaching the max failure limit.</>"
RESONANCE_TAB_ALL,All
RESONANCE_TAB_LINE,Line
RESONANCE_NODE_OPERATION_TITLE_BIG,Form Stats
RESONANCE_NODE_OPERATION_TITLE_MEDIUM,Fragment Stats
RESONANCE_NODE_OPERATION_TITLE_SMALL,Remnant Stats
RESONANCE_SUCCESS_RATE_TEXT,Chance of Success
RESONANCE_SUCCESS_RATE,[ResonanceSuccessRate]%
RESONANCE_CONSUME_MATERIAL_TITLE,Consumed Materials
RESONANCE_AMPLIFY_APPLY_TEXT,Disable Resonance Amplification ([NowAmplifyCount]/[MaxAmplifyCount])
RESONANCE_AMPLIFY_RELEASE_TEXT,Use Resonance Amplification ([NowAmplifyCount]/[MaxAmplifyCount])
RESONANCE_CONSUME_COST_TITLE,Cost
RESONANCE_BTN_RETRY,Reset
RESONANCE_BTN_RESONACE,Resonance
RESONANCE_RESET_POPUP_DESC,"<Yellow>[ResonancePageName]</>{jstag:,} will be reset.
Costs spent on Resonance Intensity upgrades will be
partially refunded according to the refund rate."
RESONANCE_RESET_POPUP_TITLE,Reset Resonance
RESONANCE_BTN_RESONANCE_FAIL_MAX_COUNT,Failure limit reached. Unable to use resonance.
RESONANCE_BTN_AMPLIFY_FAIL_MAX_COUNT,Failure limit reached. Unable to amplify resonance.
RESONANCE_AMPLIFY_MAX_COUNT,Resonance amplification limit reached. Unable to amplify resonance.
RESONANCE_PRESET_CHECK_DESC,Use [ResonacePageName]‘s [PresetName].{jstag:}
RESONANCE_LEVELRESET_COST_TOTAL,Upgrade Cost
RESONANCE_LEVELRESET_COST_PAYPACK,Refund Cost
RESONANCE_LEVELRESET_COST_PAYPACK_RATE,Refund Rate: [RefundRate]%
RESONANCE_PRESET_NAME_1,Preset1
RESONANCE_PRESET_NAME_2,Preset2
RESONANCE_BIG_NODE_GRADE_UP_TITLE,[ResonanceGrade] Grade Form Resonance
RESONANCE_BIG_NODE_GRADE_UP_DESC,[ResonanceName] Form has resonated to [ResonanceGrade] grade and becomes stronger.
RESONANCE_BIG_NODE_GRADE_UP_OPERATION,Form Resonance Stats
RESONANCE_TOOLTIP_GRADE_TITLE,Stats by Grade
TOWERUNDERGROUND_LEGIONTOWN_DONT_MOVE,Available when occupying an Abyss Fortress
BATTLEFIELD_SENTINEL_STATE,Status
BATTLEFIELD_SENTINEL_STATE_ATTACK_ABLE,Can be claimed after defeat
BATTLEFIELD_SENTINEL_STATE_ATTACK_UNAVAILABLE,Cannot attack or claim
BATTLEFIELD_SENTINEL_OCCUPATION_INFO,Occupation Info
BATTLEFIELD_SENTINEL_SKILL,Owned Skills
BATTLEFIELD_SENTINEL_SKILL_EMPTY,No skills owned
BATTLEFIELD_SENTINEL_OCCUPATION_EMPTY,Not owned by any Clan
BATTLEFIELD_SENTINEL_OCCUPATION_UNKNOWN,Unable to confirm
BATTLEFIELD_UNDERGROUND_STATE,Status
BATTLEFIELD_UNDERGROUND_STATE_ABLE,Available for Capture
BATTLEFIELD_UNDERGROUND_STATE_UNAVAILABLE,Unable to capture
BATTLEFIELD_UNDERGROUND_OCCUPATION_INFO,Occupation Info
BATTLEFIELD_UNDERGROUND_OCCUPATION_EMPTY,No Occupying Clan
BATTLEFIELD_UNDERGROUND_OCCUPATION_UNKNOWN,Unable to confirm
BATTLEFIELD_UNDERGROUND_START_LEFT_TIME,"Time until Conquest starts
[Time]"
BATTLEFIELD_UNDERGROUND_END_LEFT_TIME,"Time until Conquest ends
[Time]"
BATTLEFIELD_UNDERGROUND_RESET_LEFT_TIME,"Time until Conquest resets
[Time]"
BATTLEFIELD_SENTINEL_START_LEFT_TIME,"Time until Scramble starts
[Time]"
BATTLEFIELD_SENTINEL_END_LEFT_TIME,"Time until Scramble ends
[Time]"
BATTLEFIELD_SENTINEL_RESET_LEFT_TIME,"Time until Ownership resets
[Time]"
RESONANCE_BTN_RESONANCE_AMPLIFY_NOT_ENOUGH_MATERIAL,Unable to amplify due to Insufficient Resonance Amplification Core.
RESONANCE_RESET_BTN_MAX_LEVEL,Max resonance level reached. Unable to reset.
RESONANCE_BTN_RESONANCE_FAIL_MAX_LEVEL,Max intensity reached. Unable to resonate any more.
RESONANCE_RESET_MATERIAL_LACK,Unable to reset resonance due to insufficient resonance block core.
TOWERUNDERGROUND_MATCHING_SERVER_NOTHING,Unable to enter as current season is not in progress.
RESONANCE_BTN_AMPLIFY_SUCCESS_RATE_MAX,Cannot use Resonance Amplification when success rate is 100%
QUEST_AUTOMOVE_HUNT_MSG,"Quest progress has been paused for a prolonged time.
Automatically moving to the hunting ground."
QUEST_WORLDSEASON_LOCK_MSG,"Cannot proceed because the season has ended.
Available at the start of the next season."
BATTLEFIELD_DIALOG_BATTLEFIELD_UNDERGROUND_READY,Abyss Fortress Conquest will start soon.
BATTLEFIELD_DIALOG_BATTLEFIELD_UNDERGROUND_START_LEFT_TIME,<Yellow>[Time]</> remaining until Abyss Fortress Conquest.
BATTLEFIELD_DIALOG_BATTLEFIELD_UNDERGROUND_START,Abyss Fortress Conquest has started.
BATTLEFIELD_DIALOG_BATTLEFIELD_UNDERGROUND_ALLY_CLAN_CONQUEST_SUCCESS,Your Clan has occupied <Yellow>[Name]</>
BATTLEFIELD_DIALOG_BATTLEFIELD_UNDERGROUND_ALLIANCE_CLAN_CONQUEST_SUCCESS,Allied Clan <AllianceClan>[ClanName]</> has occupied <Yellow>[Name]</>.
BATTLEFIELD_DIALOG_BATTLEFIELD_UNDERGROUND_ENEMY_CLAN_CONQUEST_SUCCESS,Hostile Clan <EnemyMutualClan>[ClanName]</> has occupied <Yellow>[Name]</>.
BATTLEFIELD_DIALOG_BATTLEFIELD_UNDERGROUND_AREA_READY_WARNING,"When Fortress Conquest starts, players inside the battlefield will be teleported to a nearby revive location."
BATTLEFIELD_DIALOG_BATTLEFIELD_UNDERGROUND_AREA_START_WARNING,You have been teleported to a nearby Teleport Device due to the impact of the Aether Explosion.
BATTLEFIELD_DIALOG_BATTLEFIELD_UNDERGROUND_OCCUPATION_LOSS_FORCED_MOVE,"Your Clan’s Fortress was taken, and you have been teleported to a nearby revive location."
BATTLEFIELD_DIALOG_BATTLEFIELD_SENTINEL_READY,Abyss Sentinel Scramble will start soon.
BATTLEFIELD_DIALOG_BATTLEFIELD_SENTINEL_START_LEFT_TIME,<Yellow>[Time]</> remaining until Abyss Sentinel Scramble.
BATTLEFIELD_DIALOG_BATTLEFIELD_SENTINEL_START,Abyss Sentinel Scramble has started.
BATTLEFIELD_DIALOG_ALLY_SENTINEL_OWNED,Your Clan defeated and now owns <Yellow>[Name]</>
BATTLEFIELD_DIALOG_ALLIANCE_SENTINEL_OWNED,Allied Clan <AllianceClan>[ClanName]</> defeated and now owns <Yellow>[Name]</>.
BATTLEFIELD_DIALOG_ENEMY_SENTINEL_OWNED,Hostile Clan <EnemyMutualClan>[ClanName]</> defeated and now owns <Yellow>[Name]</>.
BATTLEFIELD_DIALOG_ALLY_SENTINEL_OWNERSHIP_LOST,Your Clan lost ownership of <Yellow>[Name]</>.
BATTLEFIELD_DIALOG_SENTINEL_OWNERSHIP_UNAVAILABLE_NO_CLAN,"Clanless <Red>[CharacterName]</> defeated <Yellow>[Name]</>, resetting ownership. {jstag:}"
GUIDE_HELP_INVALID_INFOID,Cannot access Web Guide from this menu.
GUIDE_TUTORIAL_INVALID_INFOID,Cannot access Tutorial from this menu.
TOWER_OF_TITAN_UNDERGROUND_REWARD_INFO_TITLE,Abyss Battlefield Reward Info
TOWER_OF_TITAN_UNDERGROUND_REWARD_INFO_DESC_LABEL,Others
TOWER_OF_TITAN_UNDERGROUND_REWARD_INFO_DESC_1,Diamond Marketplace Taxes from matched servers are provided as total Abyss Battlefield rewards.
TOWER_OF_TITAN_UNDERGROUND_REWARD_INFO_DESC_2,Existing Marketplace Taxes will be added to the total rewards over [Count] rounds.
TOWER_OF_TITAN_UNDERGROUND_REWARD_INFO_DESC_3,Unpaid rewards will be carried over to the next total Abyss Battlefield rewards.
TRIALGATE_DUNGEON_PARTY_ENTERREADYERROR_PARTYLEADERNOTREADY_MSG,You can hit ready after the party leader is ready for entry.
TRIALGATE_DUNGEON_PARTY_ENTERREADYERROR_DIFFERENTDUNGEONWITHLEADER_MSG,The party leader is ready to enter the [DungeonName] Rift. You cannot enter a different Rift from the party leader.
ITEMINFO_EQUIPMENT_ENCHANT,Enhancement Level
ITEMINFO_EQUIPMENT_TIER,Tier
BATTLEFIELD_UNDERGROUND_REWARD_VALUE,Occupation Reward
GUIDECONTENTS_GUIDEPARAM_QUESTCOMMISSIONCOUNT,[Value]Time(s)
GUIDECONTENTS_GUIDEPARAM_SECTORINVASIONTIME,Daily at 21:00
GUIDECONTENTS_GUIDEPARAM_COMMONCOUNT,[Value]
GUIDECONTENTS_GUIDEPARAM_BATTLEFIELDMONOLITHTIME,[Time]
GUIDECONTENTS_GUIDEPARAM_BATTLEFIELDSENTINELTIME,[Time]
GUIDECONTENTS_GUIDEPARAM_BATTLEFIELDUNDERGROUNDTIME,[Time]
GUIDECONTENTS_GUIDEPARAM_BATTLEFIELDCLASH_READY,New Season Coming Soon
GUIDECONTENTS_GUIDEPARAM_BATTLEFIELDCLASH_START,[Day]
GADGET_OPERATION_UNAVAILABLE_CLAN_LEVEL_LOW,Can only be operated by Clans Lv. [ClanLevel] or higher.
GUIDECONTENTS_GUIDEPARAM_FRONTIERSTATE_READY,"Available from [YYYY][MM][DD]
[hh][mm]"
GUIDECONTENTS_GUIDEPARAM_FRONTIERSTATE_START,"[YYYY]-[MM]-[DD]
Ends at [hh]:[mm]"
GUIDECONTENTS_GUIDEPARAM_FRONTIERSTATE_FINISH,Season End
BATTLEFIELD_UNDERGROUND_WIN_MY_CLAN,My Clan Occupied
COMMON_PRESET,Predefinição
PRESET_CATEGORY_ALL,All
PRESET_CATEGORY_EQUIPMENT,Equipment
PRESET_CATEGORY_CRESTSTONE,Powerstone
PRESET_CATEGORY_SKILL,Skill
PRESET_CATEGORY_COSTUME,Costume
PRESET_CATEGORY_WEAPONCOSTUME,Phantom Weapon
PRESET_CATEGORY_VEHICLE,Mount
PRESET_CATEGORY_AIRVEHICLE,Glider
PRESET_CATEGORY_BLESSINGCARD,Guardian Star
PRESET_DECK_NUMBER,Deck [Value]
PRESET_SKILLGEM_HINTTEXT,Please select a skill.
PRESET_AUTOEQUIP_BTN,Auto-Equip
PRESET_SKILLGEM_BTN,Manage Spellstone
PRESET_DECKCHANGE_MSG,Changed to [DeckName].
PRESET_SKILL_NORMALATTACKDASH,Basic Attack/Dash
PRESET_SKILL_NORMAL,General
PRESET_SKILL_ATTACK,Attack
PRESET_SKILL_SPECIAL,Specialized
PRESET_SKILL_NOTEQUIP,The skill cannot be equpped.
PRESET_SKILL_NOHAVE,No skills owned.
PRESET_NOHAVE,Not owned.
ITEMCRAFT_PERIODLIMITTIME,(Until [Time])
INTERSERVER_MSG_NOT_OCCUPATION_TOWER,Available while occupying [AreaName].
RESONANCE_PRESET_APPLY,Applying Preset
RESONANCE_PRESET_NOT_APPLY,Apply Preset
RESONANCE_RESET_BTN_LEVEL_ZERO,Cannot reset unless resonated.
RESONANCE_AMPLIFY_RATE,Success Rate 100%
BATTLEFIELD_SENTINEL_INFO_NAME_2,How to own the Abyss Sentinel
BATTLEFIELD_SENTINEL_INFO_DESC_1,The Clan that owns the Abyss Sentinel at the end wins.
BATTLEFIELD_SENTINEL_INFO_DESC_2_1,The Clan of the character who lands the final blow will own it.
BATTLEFIELD_SENTINEL_INFO_DESC_2_2,Each Clan can own up to [MaxCount].
BATTLEFIELD_SENTINEL_INFO_DESC_2_3,"If defeated while at max capacity, the existing Sentinel is released and the new one is acquired."
BATTLEFIELD_SENTINEL_INFO_DESC_3,"If defeated by a Clanless character, it respawns without an owner Clan."
BATTLEFIELD_SENTINEL_LIST_SLOT_TITLE,[Name]
BATTLEFIELD_UNDERGROUND_REWARD_TAB,Reward
BATTLEFIELD_SENTINEL_INFO_TAB,Info
BATTLEFIELD_SENTINEL_REWARD_TAB,Reward
COMMON_REWARD_NOT_CONFIRMED_YET,Before Reward Confirmation
BATTLEFIELD_SENTINEL_REWARD_NAME_1,Personal Reward upon Victory
BATTLEFIELD_SENTINEL_REWARD_NAME_2,Clan Reward upon Victory
CHARACTERGIFT_PASSWORD_SETTING_TITLE,Set Gift Password
CHARACTERGIFT_CHECKBOX_PASSWORD_CONFIRM,Confirm Password
CHARACTERGIFT_PASSWORD_6WORD_INPUT,Enter 6 numbers
CHARACTERGIFT_PASSWORD_CONFIRM,Confirm Password
CHARACTERGIFT_PASSWORD,Password
CHARACTERGIFT_BTN_SEND_CHARACTER,Send Character Gift
CHARACTERGIFT_GUIDE_PASSWORD_DESC,"<Orange>[Character Gift: Important!]</>
<Yellow>Gift Process</>
1. Enter and confirm the password.
2. Press ‘Send Character Gift’ to automatically generate a Gift Code.
3. You can check the generated Gift Code on the title screen.
4. The gift is finally completed after setting the password and verifying your identity.

<Yellow>Validity Period & Restrictions</>
1. The gift validity period is 7 days.
2. Upon expiration, the gift is automatically canceled and the cost is refunded via Mail.

<Yellow>Password Rules</>
1. The password can only be a 6-digit number.
2. Passwords with 3 or more repeating numbers cannot be used.

<Yellow>Inquiries</>
1. If a problem occurs during the gift process, please contact Customer Support."
CHARACTERGIFT_GUIDE_CHARACTERGIFT_DESC,"<Orange>[Character Gift: Important!]</>
<Yellow>Gift Process</>
1. You can gift an owned character to another account.
2. A Gift Code is issued when you start the gift.
3. The sender sets a password for the Gift Code.
4. The gift is complete when the receiving account enters the Gift Code and password.
5. You can check the Gift Code and password in the Title Screen > Character Gift Management menu.

<Yellow>Validity Period & Restrictions</>
1. The Gift Code is valid for 7 days.
2. You cannot log into the sender account while a gift is in progress until it is complete or expires.
3. You cannot arbitrarily cancel while in gifting status.
4. If the recipient does not register within 7 days, the gift is automatically canceled.
5. If canceled due to expiration, the Character Gift item is returned via Mail.

<Yellow>Products/Benefits Handling</>
1. Character-bound products/benefits, such as Successor’s Privilege and Season Pass, are transferred with the gift.
2. Separate refunds or restorations are not supported for transferred character-bound products/benefits.
3.<Red>Registering a gift character will delete all your currently owned characters,
and all information, including Shop Storage and paid item info, will be deleted.</>"
CHARACTERGIFT_GUIDE_SENDER_DESC,"<Orange>[Character Gift: Important!]</>
<Yellow>Gift Code Delivery Info</>
Please deliver the Gift Code and Password to the recipient of the character.

<Yellow>Expiration & Auto-Cancel Info</>
If the expiration period passes, the gift will be automatically canceled.
The cost used for gifting will be returned via Mail.

<Yellow>Usage Restriction Info</>
If a violation of terms is confirmed or investigation is required on the gift account, game usage may be fully or partially restricted."
CHARACTERGIFT_GUIDE_RECIPIENT_DESC,"<Orange>[Character Gift: Important!]</>
<Yellow>Gift Registration Info</>
Enter the Gift Code and Password of the character you will receive.

<Yellow>Validity Period & Auto-Cancel</>
If the expiration period passes, the gift will be automatically canceled.
The character gifting cost will be returned via Mail.

<Yellow>Account Usage Restriction Info</>
If a violation of terms or similar acts are confirmed or investigation is required on the gift account, there may be full (or partial) restrictions on game usage."
CHARACTERGIFT_BUY_LIMIT_EXCEED_MSG,You can only possess 1 Character Gift Ticket per account.
CHARACTERGIFT_MOVE_TITLEMENU_DESC,Starting Character Gift. You can check the Gift Code and Password in the Character Gift menu.
CHARACTERGIFT_TRY_CONNECT_CHARACTER,Accounts applying for a gift cannot log in until the gift is completed or canceled.
CHARACTERGIFT_COPY_INFORMATION,Information copied.
CHARACTERGIFT_BTN_RECEIVECHARACTER_MSG,Verification Code and Password do not match.
CHARACTERGIFT_CANCEL_MSG,Character Gift canceled. The Character Gift Ticket will be sent via Mail.
CHARACTERGIFT_COMPLETE_MSG,Character Gift complete.
CHARACTERGIFT_WARNING_DESC,"Registering a gift character will delete all your currently owned characters, and all information, including 
Shop Storage and paid item info, will be deleted."
CHARACTERGIFT_DELETE_DESC,"We cannot assist with issues arising from this, so please check the notice before registering a 
character.

If you agree to the above and wish to proceed with gift character registration, please type
‘I agree’<Yellow>below.</>"
CHARACTERGIFT_DELETE_TITLE,Character Deletion Info
CHARACTERGIFT_DELETE_AGREE,I agree
CHARACTERGIFT_POPUP_DESC,"Proceeding with Character Gift will restrict account login until the gift is completed.
The restriction will be lifted when the gift is complete or the gift period expires."
CHARACTERGIFT_POPUP_CONDITION_TEXT,Character Gift Conditions
CHARACTERGIFT_CONDITION_1,Use Character Gift Ticket in a Village
CHARACTERGIFT_CONDITION_2,No character in the serve is waiting for deletion
CHARACTERGIFT_CONDITION_3,No character in the server has any unclaimed item in the Shop Storage
CHARACTERGIFT_CONDITION_4,No characters or Clans currently applying for server transfer
CHARACTERGIFT_CONDITION_5,Auto-matching not in progress
CHARACTERGIFT_POPUP_TITLE,Character Gift
CHARACTERGIFT_POPUP_INFO_TITLE,Character Gift Info
CHARACTERGIFT_POPUP_INFO_TAB_SENDER,Send Gift
CHARACTERGIFT_POPUP_INFO_TAB_RECIPIENT,Receive Gift
CHARACTERGIFT_POPUP_INFO_SERVER_NAME,Server Name
CHARACTERGIFT_POPUP_INFO_CHARACTERNAME,Max Level Character
CHARACTERGIFT_POPUP_INFO_JOB,Class
CHARACTERGIFT_POPUP_INFO_EXPIREDATE,Gift Expiration Date
CHARACTERGIFT_POPUP_INFO_SECURITYNUMBER,Verification Code
CHARACTERGIFT_POPUP_INFO_PASSWORD,Password
CHARACTERGIFT_POPUP_INFO_PASSWORD_VIEW,View Verification Code & Password
CHARACTERGIFT_POPUP_INFO_BTN_COPY,Copy Verification Info
CHARACTERGIFT_POPUP_INFO_BTN_CANCEL,Cancel Gift
CHARACTERGIFT_POPUP_INFO_BTN_RECEIVE,Receive Gift
CHARACTERGIFT_POPUP_INFO_BTN_CONFIRM,Confirm verification info
STAT_ACQUIRE_CONTENTS_RESONANCE,Resonance
BATTLEFIELD_UNDERGROUND_MATCHING_END_DATE_TITLE,Matchmaking Ended
BATTLEFIELD_UNDERGROUND_MATCHING_END_DATE,Before <Yellow>[EndDate]</> Maintenance
CHARACTERGIFT_PASSWORD_6WORD,Password must be at least 6 characters.
CHARACTERGIFT_PASSWORD_REPEAT_3WORD,Password may not contain 3 or more repeating numbers.
CHARACTERGIFT_PASSWORD_DIFFERENT,Passwords does not match.
CHARACTERGIFT_PASSWORD_EMPTY,Password and Confirm Password fields are empty.
CHARACTERGIFT_PASSWORD_VARIFY_WRONG_WORD,Password contains unsupported or invalid characters.
CHARACTERGIFT_SECURITY_PASSWORD_INPUT,Please enter the Password and Verification Code.
CHARACTERGIFT_AGREE_TEXT_INPUT_MSG,Please enter the agreement text for Character Gift registration.
STORAGE_STORAGE_COUNT_POPUP_TITLE,Select Quantity to Store
STORAGE_WITHDRAW_COUNT_POPUP_TITLE,Select Quantity to Retrieve
STORAGE_CHECKBOX_MOVE_STACK_ITEM,Move stacked items at once
CLAN_PROFILE_REQUEST_ALLIANCE,Request Clan Alliance
CLAN_PROFILE_REQUEST_ALLIANCE_CANCEL,Cancel Alliance Request
CLAN_PROFILE_REMOVE_ALLIANCE,Dissolve Clan Alliance
CLAN_PROFILE_ADD_ENEMY,Register Hostile Clan
CLAN_PROFILE_REMOVE_ENEMY,Remove Hostile Clan
TITLE_CLAN_PROFILE,Clan Info
BATTLEFIELD_UNDERGROUND_CLAN_DIAMOND_REWARD_DESC,Differential Clan Diamond Rewards per Abyss Fortress
BATTLEFIELD_SENTINEL_CLAN_DIAMOND_REWARD_DESC,Differential Clan Diamond Rewards per Abyss Sentinel
BATTLEFIELD_UNDERGROUND_REWARD_NAME_1,Personal Reward upon Victory
BATTLEFIELD_UNDERGROUND_REWARD_NAME_2,Clan Reward upon Victory
ITEMRESTORE_COMBINE_HISTORY_NOTHING,Cannot select as there is no Fusion failure info.
ITEMRESTORE_COMBINE_TITLE,[CombineGrade]-Star Fusion
ITEMRESTORE_COMBINE_BTN_RETRY_DESC,"Retry [CombineGrade]-star [RestoreCombineType]{jstag:}.
Proceed?"
ITEMRESTORE_RESTORE_COMBINE_DESC,"Retries are available based on Fusion records from <Yellow>[RestoreStartDate] ~ [RestoreEndDate] to </>.
You can proceed with the selected Fusion attempt only once per Retry Ticket. 
If there are Fusion failure records for 3-Star, 4-Star, or 5-Star grades, you can retry the Fusion..
If there are no Fusion failure records, retrying is impossible."
COMMON_RETRY,Retry
ITEMRESTORE_COMBINE_TITLE_BLESSINGCARD,Grace of the Constellations
ITEMRESTORE_COMBINE_TITLE_COSTUMEARMOR,Fuse Costume
ITEMRESTORE_COMBINE_TITLE_COSTUMEWEAPON,Fuse Phantom Weapon
RESTOREITEM_POPUP_RESTORE_HIGH_ENCHANT_COUNT,"There is an item with a higher Enhance level among the restoration targets.
Restore the selected item?"
RESTOREITEM_POPUP_RESTORE_HIGH_GRADE_COUNT,"A higher-grade item is available for restoration.
Restore the selected item?"
RESTOREITEM_POPUP_RESTORE_DESC,Restore the selected item?
ITEMRESTORE_RESTORE_STARSTONE_DESC,"Restoration is available for Advancement records from <Yellow>[RestoreStartDate] to [RestoreEndDate]</>.
Use a Sacred Relic Restoration Ticket to recover your character's consumed Relics.
If multiple Sacred Relics were consumed for Advancement, only the highest-tier Relic will appear in the list.
Unused Restoration Tickets will be deleted after the expiration date."
ITEMRESTORE_RESTORE_BTN,Restore
ITEMRESTORE_TITLE,Restore Item
ITEMRESTORE_ITEM_NOTHING_DESC,No items are available for restoration.
ITEMRESTORE_RESTORE_DATE,"Start Time: [StartDate]
End Time: [EndDate]"
ITEMRESTORE_EQUIPMENT_DATE_TITLE,Restoration Tally Period
ITEMRESTORE_COMBINE_DATE_TITLE,Retry Tally Period
CHARACTERGIFT_BTN_CERTIFICATION_NOTHING,Verification info not confirmed. Cannot receive Character Gift.
CHARACTERGIFT_BTN_CERTIFICATION_CONFIRM,Verification info confirmed. Now you can receive the Character Gift.
CHARACTERGIFT_BTN_CERTIFICATION_DESC,Checking the verification info will reveal the information of the character to receive the gift.
CLAN_PROFILE_REQUEST_ALLIANCE_ACCEPT,Accept Alliance Request
CLAN_PROFILE_REQUEST_ALLIANCE_REJECT,Reject Alliance Request
CLAN_COFFER_ITEM_SELL_TIME,[Time]
ITEM_TYPE_CLASSCHANGE,Class Change Ticket
ITEM_TYPE_RESET,Resonance Reset Material
ITEM_TYPE_AMPLIFY,Resonance Amplification Material
ITEM_TYPE_MATERIAL,Resonance Material
BATTLEFIELD_SENTINEL_RULE_TAB,Battlefield Rules
SCHEDULER_RECOMMAND_LEVEL,Nv. recomendado [Value]
SCHEDULER_AUTOUP_TIP,"Ao ativar esta opção, a rotina será sempre atribuída ao espaço 1."
SCHEDULER_DECK_CHANGE_MSG,Rotina alterada para o conjunto [Value].
SCHEDULER_RESET_MSG,"Todas as rotinas registradas serão apagadas.
Deseja continuar?"
SCHEDULER_START_NEEDASSET_MSG,"Moeda insuficiente para iniciar a rotina.
Deseja continuar?"
SCHEDULER_NOT_ENOUGH_GOLD,Recursos insuficientes para iniciar a rotina.
SCHEDULER_START_POTION_WARANING_MSG,Suas Poções de HP são <Red>insuficientes</>. Deseja continuar?
SCHEDULER_REMAINTEXT_MODULAR,Chaves restantes: [Value]
SCHEDULER_REMAINTEXT_ELITE,Tempo restante: [Time]
SCHEDULER_REMAINTEXT_TOWEROFTITAN,Tempo de atividade restante: [Time]
SCHEDULER_SLIDER_USECOST,Consumir [Value]
SCHEDULER_STATUS_TASKSTART,Rotina de [Name] em andamento...
SCHEDULER_STATUS_STOP,Deseja interromper a rotina em andamento?
SCHEDULER_SYSMSG_TASKSTART,Iniciando a rotina de [Name].
SCHEDULER_SYSMSG_SKIP,A rotina de [Name] foi cancelada por falta de entradas.
SCHEDULER_SYSMSG_RUN,Moeda insuficiente para o teleporte da rotina de [Name].
SCHEDULER_SYSMSG_COMPLETE,Rotina concluída.
SCHEDULER_SYSMSG_COMPLETE2,Rotina concluída. Indo para a área de caça.
SCHEDULER_AREA_DAILYQUEST,Progresso automático das comissões diárias
SCHEDULER_AREA_WEEKLYQUEST,Progresso automático das comissões semanais
SCHEDULER_SLOT_NEEDBENEFIT,Não é possível alterar sem o benefício Privilégio do Sucessor.
SCHEDULER_MODULAR_COMPLETE_SHORTAGE,Você tem menos chaves do que a quantidade definida. Será usada a quantidade máxima disponível.
SCHEDULER_QUEST_STATUS,Aceita
SCHEDULER_STATUS_STOP_BTN,Parar rotina
SCHEDULER_SLOT_TIP,Você pode usar o modo offline de IA enquanto a rotina estiver em andamento.
SCHEDULER_RESET_BTN,Redefinir rotina
SCHEDULER_START_BTN,Iniciar rotina
SCHEDULER_DECK_LABEL,Conjunto de rotinas
SCHEDULER_TIME_LABEL,Definir duração
SCHEDULER_STATUS_ALREADY_REGISTERED,Não é possível registrar mais rotinas.
SCHEDULER_STATUS_RESTRICTION,Não é possível registrar outra rotina do mesmo tipo.
SCHEDULER_WORLD_ENTER_CAUTION_MSG,"Há uma rotina em andamento.
Interrompê-la e entrar?"
SCHEDULER_PARTY_MATCH_CAUTION_MSG,"Há uma rotina em andamento.
Interrompê-la e iniciar a busca por grupo?"
SCHEDULER_WORLD_EXIT_CAUTION_MSG,"Há uma rotina em andamento.
Interrompê-la e sair?"
SCHEDULER_PARTY_MATCHING_MSG,"Busca por grupo em andamento...
Cancelar a busca e iniciar a rotina?"
SCHEDULER_WORLD_EXIT_MSG,"A rotina atual será interrompida.
Deseja continuar?"
SCHEDULER_TITLE,Agendador de IA
SCHEDULER_NOTSLOT,Nenhuma rotina registrada.
SCHEDULER_RUNNING_WARNING,Indisponível enquanto uma rotina estiver em andamento.
SCHEDULER_BTN_RECOMMEND,Rotina recomendada
SCHEDULER_MSG_RECOMMEND,A rotina recomendada foi adicionada.
RESONANCE_LEVEL_MAX,Max Resonance Intensity reached.
RESONANCE_PRESET_ALREADY_APPLY,This preset is already in use.
CLAN_COFFER_ITEM_TIME_TYPE,Listing Time
CLAN_COFFER_ITEM_SELL_SELECT_SPECIFIC_BUYER,Select Buyers ([Count]/[MaxCount])
CHARACTERGIFT_CONDITION_CONFIRM_FAIL_MSG,Cannot proceed. Character gifting requirements not met.
CHARACTERGIFT_COPY_TEXT,"Verification Code
[SecurityPassword]

Password
[Password]"
CHARACTERGIFT_RECEIVE_COMPLETE_MSG,Character gift received. Log in to check your character.
CHARACTERGIFT_RECEIVE_SECURITY_NUMBER_CONFIRM_MSG,Verification already completed.
CLAN_NAME_CHANGE_CONFIRM_POPUP_2_TITLE,Change Clan Name
CLAN_NAME_CHANGE_CONFIRM_POPUP_2_MSG,"Once changed, the Clan Name cannot be reverted.
Proceed?"
CLAN_NAME_CHANGE_CONFIRM_POPUP_2_MSG_SUB,New Clan Name: <Yellow>[Name]</>
CHARACTER_NAME_CHANGE_CONFIRM_POPUP_2_TITLE,Change Character Name
CHARACTER_NAME_CHANGE_CONFIRM_POPUP_2_MSG,"Once changed, the Character Name cannot be reverted.
Proceed?"
CHARACTER_NAME_CHANGE_CONFIRM_POPUP_2_MSG_SUB,New Name: <Yellow>[Name]</>
TOWER_OF_TITAN_UNDERGROUND_REWARD_ACCUMULATION_DATE,Reward Accumulation Period: [StartDate] – [EndDate]
MISSION_LOCK_DECS1,Unlocks after claiming the previous stage reward.
MISSION_LOCK_DECS2,Mission group requirements not yet met.
HIGHPASS_CHALLENGE_MISSION_COMPLETE,Overall Challenge Completion
HIGHPASS_CHALLENGE_MISSION_DESC,Complete various Challenge Missions!
HIGHPASS_CHALLENGE_TITLE,High-Pass Challenge
HIGHPASS_CHALLENGE_TITLE_CBT,Architect Challenge
HIGHPASS_SERVER,High Pass Server
HIGHPASS_CHALLENGE_MISSION,Challenge Mission
LEGACY_SERVER,Existing Server
GENERAL_SERVER,Random Server
HIGHPASS_WELCOME_BACK,Welcome back to the Forsaken Land.
HIGHPASS_SELECT_SERVER,Please select a server.
SERVER_SELECT_HIGHPASS,High Pass
ASSISTMODE_AUTOREVIVE_TITLE,Auto-Revive Settings
ASSISTMODE_AUTOSTORAGE_TITLE,Auto-Store Settings
ASSISTMODE_AUTOEXTRACT_TITLE,Auto-Dismantle Settings
ASSISTMODE_AUTOREVIVEPK_CATEGORY,Auto-Revive after PK Death
ASSISTMODE_AUTOEXTRACTTYPE_CATEGORY,Dismantle Item Types
ASSISTMODE_AUTOEXTRACTCOLLECTION_CATEGORY,Auto Register Research
ASSISTMODE_AUTOSTORAGETYPE_CATEGORY,Storage Item Types
OPTION_LANGUAGE_KO,한국어
OPTION_LANGUAGE_EN,English
OPTION_LANGUAGE_ZHTW,繁體中文
OPTION_LANGUAGE_TITLE,Change Language
OPTION_LANGUAGE_DESC,"Changing the language will return you to the lobby.
Proceed?"
OPTION_LANGUAGE_READ_TITLE,Display Language
OPTION_LANGUAGE_VOICE_TITLE,Voice Language
OPTION_LANGUAGE_BTN,Change Language
RESTORECOUPON_RETRY_GRADE_NOTHING,No available grade for retry.
RESTORECOUPON_RESTORE_ITEM_NOTHING,No items available for restoration.
CLAN_PROFILE_ADD_ENEMY_UNAVAILABLE_ALLIANCE_CLAN,Cannot set Allied Clan as Hostile.
CLAN_PROFILE_REQUEST_ALLIANCE_UNAVAILABLE_ENEMY_CLAN,Cannot send an alliance request to a hostile clan.
WEAPONCOSTUME_EXCHANGE_SUBMESSAGE,"For 6-Star results, if a duplicate appears 4 times in a row, a new one is guaranteed on the 5th attempt."
COMMON_FROM_TO,~
AKASHA_MATERIALITEM_SELECT_TITLE,Select EXP Item
AKASHA_LEVEL_GROWTH_EFFECT_TITLE,Level Achievement Effects
AKASHA_LEVELUP_BTN,Level Up
AKASHA_TITLE_NAME,Tuning
AKASHA_APPLY_EFFECT,Applied Effect
AKASHA_RESULT_POPUP_TITLE,Transcend Attunement Grade
AKASHA_RESULT_POPUP_GRADE,[AkashaGrade]-star
AKASHA_CATEGORY_OPTION_NOTHING,No Attunement stats applied.
AKASHA_APPLY_EFFECT_TITLE,Attunement Effects
AKASHA_MAXLV_TEXT,Max
AKASHA_LEVELUP_MATERIAL_SELECT_NOTHING,No Level-up materials selected.
AKASHA_NEED_ITEM_DESC,Unlock item required
GLOBALBOSS_TITLE,Rift Boss
GLOBALBOSS_SEASONAL_TITLE,Beast Giant
GLOBALBOSS_PLAYABLE_TIME,Entry Time
GLOBALBOSS_PLAYABLE_TIME_VALUE,[StartTime] - [EndTime]
GLOBALBOSS_PLAYABLE,Until entry: [Time]
GLOBALBOSS_PLAYABLE_END,Until entry ends: [Time]
GLOBALBOSS_ENTERTIME_TIP,"The Rift Boss is available for entry every [EnterTimeStart] for [Duration].
If already inside, you can stay until the dungeon time limit even after the entry window expires."
GLOBALBOSS_SEASONAL_ENTERTIME_TIP,"The Beast Giant is available for entry every [EnterTimeStart] for [Duration].
If already inside, you can stay until the dungeon time limit even after the entry window expires."
GLOBALBOSS_TIP,"Rift Bosses are available at specific times, and weekly entry limits apply.
Even with entry attempts remaining, you cannot enter without a Dimensional Prism."
GLOBALBOSS_ENTRY_CHANCE_ADD_MSG,Weekly Entries recharged by [Count].
GLOBALBOSS_ENTRY_CHANCE_TIP_GUIDE_MAIN,"[Weekly Entry]
Basic Entries <Yellow>[Value1]</> / Recharged Entries <Yellow>[Value2]</> (Max 30 entries)"
GLOBALBOSS_ENTRY_CHANCE_TIP_GUIDE_REMAIN_RESET_TIME,"The basic weekly entry resets every Monday at 4:00 AM.
Additional entries recharged with items will not reset."
GLOBALBOSS_ENTRY_CHANCE_TIP_GUIDE_DESC,"[Weekly Entry Recharge Rules]
- Basic entries reset every week at the <Yellow>weekly reset time</>.
- Maximum basic entries are [Value1], and remaining entries do not accumulate.
- You can consume <Yellow>Emergency Subjugation Permits</> to recharge additional entries. 
- You can use items to accumulate <Yellow>up to [Value2] entries</>.
- Entries will be consumed in the order of <Yellow>Basic Entries</> and <Yellow>Recharged Entries</>."
GLOBALBOSS_SEASONAL_ENTRY_CHANCE_TIP_GUIDE_DESC,"[Weekly Entry Recharge Rules]
- Basic entries reset every week at the <Yellow>weekly reset time</>.
- Maximum basic entries are [Value1], and remaining entries do not accumulate.
- You can consume <Yellow>Collab Subjugation Permits</> to recharge additional entries. 
- You can use items to accumulate <Yellow>up to [Value2] entries</>.
- Entries will be consumed in the order of <Yellow>Basic Entries</> and <Yellow>Recharged Entries</>."
GLOBALBOSS_CHANCEADDPOPUP_WEEKLY_LIMITCOUNT,Weekly Entry Recharge Count ([Value1]/[Value2])
GLOBALBOSS_RANKINGREWARD_TITLE,Rift Boss Ranking Rewards
GLOBALBOSS_SEASONAL_RANKINGREWARD_TITLE,Beast Giant Ranking Rewards
GLOBALBOSS_RANKINGREWARD_TIP,Rewards are dropped by chance based on your contribution ranking upon defeating a boss.
GLOBALBOSS_MATCHING_DUNGEONNAMEWAITING,Matchmaking [DungeonName]…
GLOBALBOSS_DUNGEON_EXIT,Exit Rift Boss
GLOBALBOSS_WARNING_EXIT_SELF,"The Rift Boss battle is still in progress. If you leave now, a re-entry penalty will apply, and the deducted entry will not be restored.
Exit anyway?"
GLOBALBOSS_SEASONAL_DUNGEON_EXIT,Exit Beast Giant
GLOBALBOSS_SEASONAL_WARNING_EXIT_SELF,"The Beast Giant battle is still in progress. If you leave now, a re-entry penalty will apply, and the deducted entry will not be restored.
Exit anyway?"
GLOBALBOSS_CONTRIBUTION_TIP,"Participation rewards and contribution rank rewards will be distributed separately.
Contribution is rounded to the second decimal place, resulting in a total sum that may not equal 100%."
GLOBALBOSS_CANNOT_ENTER_PENALTY,A re-entry penalty applies for leaving the dungeon early. You can enter again after [Time].
GLOBALBOSS_CANNOT_ENTER_NOT_ENOUGH_REWARD_TICKET,Cannot enter because all Dimensional Prisms have been consumed.
GLOBALBOSS_SEASONAL_CANNOT_ENTER_NOT_ENOUGH_REWARD_TICKET,Cannot enter because all Collab Prisms have been consumed.
GLOBALBOSS_CANNOT_ENTER_NOT_ENOUGH_ENTRY_CHANCE,Cannot enter because all weekly entries have been consumed.
GLOBALBOSS_MATCH_CANCLED_UNAVAILABLE_TIME,You can only enter during the scheduled entry times.
GLOBALBOSS_CANNOT_ENTER_PARTY,Cannot enter while in a party.
GLOBALBOSS_PARTYOUT_TITLE,Leave Party
GLOBALBOSS_PARTYOUT_MESSAGE,"Requesting matchmaking will automatically remove you from your party.
Request matchmaking?"
GLOBALBOSS_CLANUNITOUT_TITLE,Leave Clan Squad
GLOBALBOSS_CLANUNITOUT_MESSAGE,"Requesting matchmaking will automatically remove you from your Clan Squad.
Request matchmaking?"
GLOBALBOSS_DUNGEON_REWARDCHANCE_SHORTAGE,Rift Boss Rewards Unavailable
GLOBALBOSS_WARNING_REWARDCHANCE_SHORTAGE,"Insufficient [ContentsChanceName] to claim rewards.
Enter anyway? {jstag:}"
COMMON_VEHICLE_TRANSFORM,Transformation
BATTLEDECK_EQUIPMENT_NOHAVE,No equipment owned.
BATTLEDECK_SKILL_NOHAVE,No skills owned.
BATTLEDECK_BLESSINGCARD_NOHAVE,No Guardian Star owned.
BATTLEDECK_COSTUME_NOHAVE,No costume owned.
BATTLEDECK_WEAPONCOSTUME_NOHAVE,No Phantom Weapon owned.
BATTLEDECK_VEHICLE_NOHAVE,No mount owned.
BATTLEDECK_AIRVEHICLE_NOHAVE,No Glider owned.
BATTLEDECK_CRESTSTONE_NOHAVE,No Powerstones owned.
SCHEDULER_DECK_1,1
SCHEDULER_DECK_2,2
SCHEDULER_DECK_3,3
SCHEDULER_NOTENOUGH_MINUS,Não é possível reduzir mais.
SCHEDULER_NOTENOUGH_PLUS,Não é possível aumentar mais.
COMMON_ALL_ENCHANT,Enhance All
FACTION_ALL_ENCHANT_RESEARCH_NOTHING,No research materials available for Batch Enhancement.
BROADCAST_EQUIPMENTCRAFTSUCCESS_BIGSUCCESS_MSG,[Name] has successfully crafted <Grade[Value1]>[ItemName]</> with <Buff>Great Success</>!
ITEMRESTORE_RESTORE_EQUIPMENT_DESC_DATE,"[Restoration Period]
Restoration is available for Enhancement and Advancement records from <Yellow>[RestoreStartDate] to [RestoreEndDate]</>."
ITEMRESTORE_RESTORE_EQUIPMENT_DESC_RULE,"[Restoration Rules]
Use a Restoration Ticket to recover destroyed or consumed items for your character.
For duplicate items, <Yellow>only those consumed for the highest Enhancement or Advancement level</> will be listed.
Restored items will be <Yellow>Bound</> upon receipt.
<Yellow>Infusion info will not be recovered</> during restoration."
ITEMRESTORE_RESTORE_EQUIPMENT_DESC_ALERT,Unused Restoration Tickets will be deleted when the restoration period ends.
CLAN_TRIALGATE_ON,Dungeon in progress
CLAN_TRIALGATE_RANKING_BUTTON,Check Rankings
CLAN_TRIALGATE_ON_BUTTON,Activate Dungeon
CLAN_TRIALGATE_ON_ASSET_TITLE,Activation Resources
CLAN_TRIALGATE_REWARD_TITLE,Major Clan Rewards
CLAN_TRIALGATE_ON_ASSET_NOTENOUGH_MSG,"Insufficient [AssetName]{jstag:,} to activate the dungeon."
CLAN_TRIALGATE_ON_PERMISSION,No permission to activate the dungeon.
CLAN_TRIALGATE_TITLE,Clan Expedition
CLAN_TRIALGATE_ON_DESC,"Activate [DungeonName]{jstag:}?
The dungeon will be deactivated if the challenge fails."
CLAN_TRIALGATE_RANKING_NORECORD,No Record
CLAN_TRIALGATE_MYSERVER_CHECK,View My Server Only
CLAN_TRIALGATE_CONTENTS_ALARM_ON,Clan Expedition available
CLAN_TRIALGATE_CONTENTS_ALARM_PROCEEDING,Clan Expedition in progress
CLAN_TRIALGATE_ON_RESTRICT_MSG,Clan level is too low to activate the dungeon.
CLAN_TRIALGATE_RANKING_TITLE,Clan Expedition Ranking
CLAN_ACTIVITY,Clan Activities
CLAN_TAB_ACTIVITY,Activities
CLAN_MISSION,Clan Mission
CLAN_MISSION_THISWEEK_POINT,This Week's Score
CLAN_MISSION_LASTWEEK_POINT,Last Week's Score
CLAN_MISSION_POINT_REWARD,Weekly Achievement Reward
CLAN_MISSION_POINT_REWARD_TOOLTIP,"Total mission scores of your Clan this week.
Score and reward history
reset every <Yellow>Monday at 04:00</>.

This Week's Score <Buff>[CurrentTotal]</>
Last Week's Score <Gray>[RecordedTotal]</>"
CLAN_MISSION_LEFT_TIME,[Time] Left
CLAN_MISSION_INVOLVEMENT_TITLE,Clan Mission Contribution
CLAN_MISSION_INVOLVEMENT_RANK,Contribution Ranking
CLAN_MISSION_INVOLVEMENT,Contribution
CLAN_MISSION_INVOLVEMENT_HINTTEXT,No contributing Clan members found.
CLAN_MISSION_INVOLVEMENT_1ST,No. 1 Contributor
CLAN_MISSION_INVOLVEMENT_VALUE,([Count])
CLAN_MISSION_REWARD_INDIVIDUAL,Private
CLAN_MISSION_REWARD_CLAN,Clan
CLAN_MISSION_GROUP_INFO,Mission Level Info
CLAN_MISSION_CANNOTPROGRESS,Waiting in Queue
CLAN_MISSION_REWARD_ALREADY,Reward already claimed.
CLAN_MISSION_REWARD_NO_PERMISSION,Ineligible for this reward.
CLAN_MISSION_REWARD_CLAN_COFFER,Reward stored in the Clan Treasury.
CLAN_MISSION_REWARD_RESET,Unclaimed Clan rewards will expire upon reset.
CLAN_MISSION_REWARD_GET,Claim Mission Rewards
CLAN_MISSION_POINT_REWARD_GET,Claim Score Milestone Rewards
CLAN_MISSION_ALL_REWARD_GET,Claim All Mission Rewards
ITEMRESTORE_RESTORE_GUIDE,Restoration Guide
REGION_KOREA,Korea
REGION_ASIA,Asia
REGION_GLOBAL,Global
REGION_POPUP_TITLE,Select Region
SCHEDULER_NOHAVE_DAILYQUEST,Nenhuma missão diária aceita. Não é possível iniciar a rotina.
SCHEDULER_NOHAVE_WEEKLYQUEST,Nenhuma missão semanal aceita. Não é possível iniciar a rotina.
ENCHANT_MULTI_APPLY_COUNT,[CurrentValue] / [MaxValue]
FACTION_BOOKMARK_TITLE,Favorites
ITEM_TYPE_RESTORECOUPON,Restoration Item
WORLDMAP_TAB_SPECIALINVASION,Shadow Incursion
COMMON_SPECIALINVASION,Shadow Incursion
SPECIALINVASION_TOOLTIP_TITLE,Shadow Incursion Rewards
SPECIALINVASION_TOOLTIP_DESC,Shadow Incursion rewards are limited to 2 times per week.
INVASION_PANEL_SPECIALINVASION_NAME,[InvasionName]‘s Shadow Incursion
WORLDMAPINFO_SPECIALINVASION_DESC,"A type of anomalous Incursion with inconsistent observation data.
Although it closely resembles a standard Incursion, it is categorized separately as it yields much more valuable items."
SPECIALINVASION_SIGN_NOTIFY_MSG,Signs of [InvasionName]‘s Shadow Incursion have appeared in [AreaName].
SPECIALINVASION_START_NOTIFY_MSG,[InvasionName]‘s Shadow Incursion has started in [AreaName].
SPECIALINVASION_AREA_NOTIFY_MSG,Entering Shadow Incursion area.
SPECIALINVASION_TITLE,Shadow Incursion
SPECIALINVASION_AREA_EMPTY_REWARD_CHANCE_MSG,Insufficient [ContentsChanceName]. Contribution not counted.{jstag:}
SPECIALINVASION_FAILINFO_MSG,"Failed to suppress Shadow Incursion in [InvasionName].
[SkillName] effect applied to the Incursion area as a penalty."
SPECIALINVASION_FINISH_DESC,Suppress the Shadow Incursion
COLLECTION_FILTER_TEXT_TIER,T[TierValue]
COLLECTION_FILTER_TEXT_REMAIN_COUNT,[RemainCount]
COLLECTION_FILTER_TEXT_TIER_TITLE,Tier
COLLECTION_FILTER_TEXT_REMAIN_COUNT_TITLE,Remaining Research Quantity
AKASHA_MAX_GRADE_LEVEL,Maximum level reached.
GAMEUI_EXP,EXP [Value]
GAMEUI_BOSSSTATUS_FIELDBOSS,Chefe de campo
GAMEUI_BOSSSTATUS_WORLDBOSS,Chefe mundial
GAMEUI_BOSSSTATUS_TOTBOSS,Chefe de Giant’s Tower
GAMEUI_BOSSSTATUS_TOTUnderBOSS,Chefe de Abyss Battlefield
GAMEUI_BOSSSTATUS_REWARD_TITLE,Detalhes da recompensa
GAMEUI_BOSSSTATUS_REWARD_TEXT,As recompensas destacadas com bordas são concedidas apenas a quem ficar em primeiro lugar em contribuição.
ASSISTPANEL_ADVENTURE,Exploração
ASSISTPANEL_ADVENTURE_HINTTEXT,Nenhum ponto de exploração encontrado nas proximidades.
SERVERTRANSFER_AVAILABLE,Transfer Available
SERVERTRANSFER_GUIDE_TITLE_HIGHPASS,High-Pass Server Operation Rules
SERVERTRANSFER_GUIDE_CHARACTER_HIGHPASS,"<Orange>[Server Transfer Guide]</>
1. A <Yellow>Dedicated Transfer Ticket</> is required to transfer from a High-Pass server to a Standard server.
- Dedicated Transfer Tickets are available in two types: <Yellow>‘Select Transfer Tickets’</> for choosing a specific server, and <Yellow>‘Random Transfer Tickets’</> for transferring to a random server.
- Multiple types of Transfer Tickets can be held at once, but only one type can be used per transfer. (e.g., A Random Transfer Ticket cannot be used in combination with a Select Transfer Ticket.)
- Any unused Transfer Tickets will be removed upon transferring to a Standard server.
- Details on how to obtain each ticket will be provided in a separate announcement following the server transfer schedule.
2. If not transferred by the end of the High-Pass service period, <Red>automatic transfer</> will be applied.
- Automatic transfers do not allow for server selection; accounts will be <Red>assigned to a random server.</>
- Character locations, Marketplace listings, and item statuses may be subject to change during the transfer.

<Orange>[Clan-related Notes]</>
1. <Red>Clan information will not carry over</> when transferring from a High-Pass server to a Standard server.
- Characters must not belong to a Clan to be eligible for server transfer.
- Any remaining Clans will be automatically disbanded when the High-Pass server service ends.
2. All information related to Clan activities will be <Red>reset upon server transfer.</>
- All resources and items bound to the Clan will be <Red>removed.</>It is recommended to clear the Clan Treasury and Marketplace prior to the transfer.
- The removal of research records will result in the loss of all active research stats."
HIGHPASS_GRADUATED_SALUTATORIAN_TITLE,The Hi-Pass Server will end soon.
HIGHPASS_GRADUATED_SALUTATORIAN_DESC1,It is time to take your next leap toward a <Yellow>grander stage.</>
HIGHPASS_GRADUATED_SALUTATORIAN_DESC2,What new adventures lie ahead in this new world?
HIGHPASS_GRADUATED_VALEDICTORIAN_TITLE,Congratulations on completing the Hi-Pass Challenge!
HIGHPASS_GRADUATED_VALEDICTORIAN_DESC1,Now you can choose <Yellow>the server you want</> to move to.
HIGHPASS_GRADUATED_VALEDICTORIAN_DESC2,Encounter new powerhouses and plunge into the heat of even more intense combat!
HIGHPASS_GRADUATED_SHORTCUT_BTN,Go to High-Pass Shop
SERVERTRANSFER_FORCED_BACK,"The High-Pass server has ended.
Returning to the title screen in [s] seconds."
HIGHPASSTRANSFER_CONFRIM_DESC,"Priority will be given to recommended servers when assigning a transfer server.
The assignment results can be checked on the title screen."
SERVERTRANSFER_TITLE_COMPLETED,Server Transfer Complete
HIGHPASSTRANSFER_COMPLETED_DESC,The transfer of account data to the new server is complete.
HIGHPASSTRANSFER_COMPLETED_DESC2,"In this new land of opportunity,
we will be rooting for your new journey, Adventurer."
EQUIPMENT_ENCHANT_MULTI_MAX_COUNT,You can multi-Infuse up to [EnchantMaxCount] items at once.
AKASHA_CURRENT_EXP,[CurrentValue] / [MaxValue]
AKASHA_CURRENT_ADDITIONAL_EXP,[CurrentValue]<Yellow>(+[AdditionalValue])</> / [MaxValue]
AKASHA_NEXT_PAGE_NOTHING,Current grade is the maximum grade.
AKASHA_PREV_PAGE_NOTHING,Current grade is the minimum grade.
AKASHA_GRADE_BTN,Transcend
CHAT_TRANSLATION_LOADING,Translating...
AKASHA_GROWTH_RESULT_OPEN,Unlock Attunement Grade
AKASHA_PREV_GRADE_LEVEL,Maximum Level Reached.
AKASHA_RESULT_POPUP_OPEN,Attunement Grade Unlocked.
ENCHANT_CURSE_STONE_USE_FAIL,Can be used on enchanted equipment.
AKASHA_OPEN_POSSIBLE,Available to Unlock
COMMON_NEEDCHECKED,You must select at least one.
AKASHA_LEVEL_UP_POINT,<Yellow>(+[Value])</>
AKASHA_LEVEL,Lv.[Level]
COMMON_BOSSSTATUS_TITLE,Boss Status
AKASHA_NEED_EXCEED_PREV_GRADE,Requires [PrevAkashaGrade]-star Transcendence
STAT_ACQUIRE_CONTENTS_AKASHA,Tuning
AKASHA_LEVEL_LACK,Requires Lv.[Value]
BATTLEFIELD_UNDERGROUND_GRADE_INFO,Abyss Battlefield Rank Info
BATTLEFIELD_UNDERGROUND_GRADE_SERVER_BUFF,Server Buff
BATTLEFIELD_UNDERGROUND_GRADE_AND_POINT,[Name] ([PointValue])
BATTLEFIELD_UNDERGROUND_GRADE_INFO_TAB_LIST,Rank List
BATTLEFIELD_UNDERGROUND_GRADE_INFO_TAB_RULE,Detailed Rules
BATTLEFIELD_UNDERGROUND_GRADE_INFO_TAB_RANK,Server Ranking
BATTLEFIELD_UNDERGROUND_GRADE_INFO_TAB_BUFF,Activate Buff
BATTLEFIELD_UNDERGROUND_GRADE_INFO_INDEX_1,Battlefield Rank
BATTLEFIELD_UNDERGROUND_GRADE_INFO_INDEX_2,Conditions
BATTLEFIELD_UNDERGROUND_GRADE_INFO_INDEX_3,Reward Info
COMMON_RANK_EMPTY,Unranked
BATTLEFIELD_UNDERGROUND_GRADE_RANK_INDEX_1,Rank
BATTLEFIELD_UNDERGROUND_GRADE_RANK_INDEX_2,Character Info
BATTLEFIELD_UNDERGROUND_GRADE_RANK_INDEX_3,Clan Info
BATTLEFIELD_UNDERGROUND_GRADE_RANK_INDEX_4,Current Rank
BATTLEFIELD_UNDERGROUND_GRADE_RANK_INDEX_5,Score
BATTLEFIELD_UNDERGROUND_SERVER_BUFF_NO_PERMISSION_TO_ACTIVATE,Insufficient Rank: [Name] rank required for server buff.
BATTLEFIELD_UNDERGROUND_SERVER_BUFF_WEEKLY_ACTIVATION_COUNT,Weekly Activations: [Count]/[MaxCount]
BATTLEFIELD_UNDERGROUND_GRADE_SCORE,[ScoreValue] Points
BATTLEFIELD_UNDERGROUND_GRADE_SCORE_RANK,"[ScoreValue] pts
(Top [Count] Players)"
BATTLEFIELD_UNDERGROUND_GRADE_SERVER_BUFF_INFO_TITLE,Server Buff Info
BATTLEFIELD_UNDERGROUND_GRADE_SERVER_BUFF_INFO_DESC,"When a character of [Name] rank activates this, the buff is applied to all server members in the Abyss Battlefield."
BATTLEFIELD_UNDERGROUND_GRADE_SCORE_INCREASE,[Score] <Blue>(+[ChangeScore])</>
BATTLEFIELD_UNDERGROUND_GRADE_SCORE_DECREASE,[Score] <Red>([ChangeScore])</>
BATTLEFIELD_UNDERGROUND_GRADE_SCORE_MAINTAIN,[Score] <Yellow>(-)</>
BATTLEFIELD_UNDERGROUND_SERVER_BUFF_ACTIVATION,Activate Buff
BATTLEFIELD_UNDERGROUND_GRADE_RULE_NAME_1,Abyss Battlefield Rank Rules
BATTLEFIELD_UNDERGROUND_GRADE_RULE_DESC_1_1,Abyss Rank is determined by scores earned from combat with other player characters.
BATTLEFIELD_UNDERGROUND_GRADE_RULE_DESC_1_2,"Buffs scale with your rank. At the end of the season, rewards will be mailed based on your final rank."
BATTLEFIELD_UNDERGROUND_GRADE_RULE_DESC_1_3,Certain high ranks have limited slots and are determined by your leaderboard standing.
BATTLEFIELD_UNDERGROUND_GRADE_RULE_NAME_2,Abyss Battlefield Score Gain and Changes
BATTLEFIELD_UNDERGROUND_GRADE_RULE_DESC_2_1_1,"At the start of the season, rank points are awarded upon entering the Abyss Battlefield."
BATTLEFIELD_UNDERGROUND_GRADE_RULE_DESC_2_1_2,"At the end of the season, current points will be adjusted and carried over to the next season."
BATTLEFIELD_UNDERGROUND_GRADE_RULE_DESC_2_1_3,Scores increase with PvP victories and decrease with defeats.
BATTLEFIELD_UNDERGROUND_GRADE_RULE_DESC_2_2,The scores earned or lost depend on the score difference with your opponent.
BATTLEFIELD_UNDERGROUND_GRADE_RULE_DESC_2_3,Rank score cannot fall below [MinLimitScore] points.
BATTLEFIELD_UNDERGROUND_GRADE_RULE_DESC_2_4,Score gains may be reduced or nullified for repeated kills on the same target or when facing much lower-level opponents.
BATTLEFIELD_UNDERGROUND_GRADE_BUFF,Rank Buff
BATTLEFIELD_UNDERGROUND_GRADE_SEASON_REWARD,Season Rewards
BATTLEFIELD_UNDERGROUND_GRADE_WEEKLY_REWARD,Weekly Reward
BATTLEFIELD_UNDERGROUND_GRADE_CHANGE,Abyss Battlefield Rank Change
SLEEPMODE_PLACE_LIMIT_TIME_TOWER_GROUND_WORLD,<Red>Remaining Hot Time: [TIME]</>
SLEEPMODE_PLACE_LIMIT_TIME_EMTPY_TOWER_GROUND_WORLD,<SleepModeNoTime>No Hot Time Remaining</>
SLEEPMODE_PLACE_LIMIT_TIME_TOWER_UNDERGROUND_WORLD,(Remaining Stay Time: [TIME])
SLEEPMODE_PLACE_LIMIT_TIME_ELITE_DUNGEON,(Remaining Stay Time: [TIME])
AUCTION_DUTY_SUB_TAX_DESC_1,Currently accumulating in the Marketplace
AUCTION_DUTY_SUB_TAX_DESC_2,Abyss Battlefield Remaining Rewards
AUCTION_DUTY_SUB_TAX_DESC_3,Abyss Battlefield Bonus Rewards
GROWTHGUIDE_TITLE_NAME,Growth
GROWTHGUIDE_REVIVE_TITLE,Recommended Upgrade Content
SPLASH_GRADE_MESSAGE,本遊戲<Red>最低年齡限制為15歲</>，未滿15歲之青少年不得遊戲
NAME_INVALID_LENGTH_KO,"[MinValue1]–[MaxValue1] Korean, [MinValue2]–[MaxValue2] English, or [MinValue3]–[MaxValue3] Mixed characters allowed."
NAME_INVALID_LENGTH_EN,[MinValue2]–[MaxValue2] English characters allowed.
NAME_INVALID_LENGTH_ZH_TW,[MinValue1]–[MaxValue1] Traditional Chinese or [MinValue2]–[MaxValue2] English characters allowed.
NAME_INVALID_LENGTH_JP,[MinValue1]–[MaxValue1] Japanese or [MinValue2]–[MaxValue2] English characters allowed.
NAME_INVALID_LENGTH_ZH_CN,[MinValue1]–[MaxValue1] Simplified Chinese or [MinValue2]–[MaxValue2] English characters allowed.
NAME_INVALID_LENGTH_ZH_ID,[MinValue1]–[MaxValue1] Indonesian or [MinValue2]–[MaxValue2] English characters allowed.
NAME_INVALID_LENGTH_ZH_TH,[MinValue1]–[MaxValue1] Thai or [MinValue2]–[MaxValue2] English characters allowed.
BROADCAST_UNDERGROUND_EVNET_BOSS_INCOMING,<Yellow>[BossName]</> will soon emerge in the Abyss Battlefield.{jstag:}
BROADCAST_UNDERGROUND_EVNET_BOSS_SPAWNED,<Yellow>[BossName]</> has emerged in the Abyss Battlefield.{jstag:}
BROADCAST_UNDERGROUND_EVNET_BOSS_DESPAWNED,<Yellow>[Name]</> has dealt the finishing blow to <Yellow>[BossName]</>{jstag:}!
SHOP_POLICY_ITEMBOX,※ Items are obtained at random. Purchase does not guarantee a specific item.
SHOP_POLICY_ITEMBOX2,Items are obtained at random. Purchase does not guarantee a specific item.
SHOP_POLICY_ASIA_IAP,"Minors require consent from a legal guardian to make payments, and transactions can be canceled upon request."
SUBSCRIBE_BENEFIT_TITLE,Privileges
SUBSCRIBE_BENEFIT_GOODS_TITLE,Privilege Product
SUBSCRIBE_BENEFIT_FUNCTION_TITLE,Applied Effect
SLEEP_MODE_PLACE_NOTIME,<SleepModeNoTime>No Time Remaining</>
BATTLEFIELD_UNDERGROUND_GRADE_SERVER_BUFF_TIME_LEFT,[Time]
BATTLEFIELD_UNDERGROUND_GRADE_SERVER_BUFF_BEFORE_ACTIVATION,<Gray>Deactivated Status</>
BATTLEFIELD_UNDERGROUND_GRADE_MY_GRADE_INFO,My Rank Info
BATTLEFIELD_UNDERGROUND_GRADE_SERVER_BUFF_INFO,Server Buff Info
CHAT_TRANSLATION_IMPOSSIBLE,This chat message cannot be translated.
BATTLEFIELD_UNDERGROUND_SERVER_BUFF_CANNOT_ACTIVATE_ALREADY_ACTIVE,The server buff is already active.
BATTLEFIELD_UNDERGROUND_BUFF_REMOVED_LEAVE_AREA,The [Name] effect has been removed because you left the designated area.
BATTLEFIELD_UNDERGROUND_BUFF_REMOVED_BATTLEFIELD_STATE_CHANGED,The [Name] effect has been removed due to Fortress Siege or Sentinel Conquest.
BATTLEFIELD_UNDERGROUND_BUFF_REMOVED_IDLE_TIMEOUT,The [Name] effect has been removed due to an extended period of inactivity in combat.
BATTLEFIELD_UNDERGROUND_BUFF_GAINED_KILL_HOLDER,Defeated an opponent with the [Name] effect and acquired the buff.
BATTLEFIELD_UNDERGROUND_BUFF_GAINED_CONTROL_NPC,Acquired the [Name] effect.
BATTLEFIELD_UNDERGROUND_GRADE_SCORE_BEFORE_ENTRY,Before entering the Abyss Battlefield
BATTLEFIELD_UNDERGROUND_GRADE_SERVER_BUFF_ACTIVATED,Successfully activated the Abyss Battlefield server buff.
BATTLEFIELD_UNDERGROUND_EVENTBOSS_ALARM_INCOMING,"[Title]
[Name] Spawn Imminent"
BATTLEFIELD_UNDERGROUND_EVENTBOSS_ALARM_SPAWNED,"[Title]
[Name] Spawned"
COMMON_LIKEMARKEDITEM,This item is locked.
ASSISTMODE_TOWEROFTITAN_NOTGOLD,Removed to the Forsaken Land Hunting Grounds due to insufficient entry cost.
COMMON_UNBIND,Tradeable
COMMON_COLLECTION_AVAILABLE,Researchable
COMMON_EQUIPMENT_OPTION,Infuse
COMMON_SKILLGEM,Skill Spellstone
COMMON_AKASHA_MATERIAL,Tuning Materials
ITEM_EXTRACT_NEED_GRADE_SELECTION,Select the rank of the items to dismantle first.
RECHARGE_TIME_POPUP_TITLE,Recharge Play Time
RECHARGE_TIME_POPUP_DESC,"Use the following item to add
<Yellow>[RechargeValue]m of [ContentsName]</>."
RECHARGE_TIME_SUCCESS,Recharge [ContentsName]
DAILY_RECHARGE_MAX,Daily Recharges ([Current]/[Max])
WEEKLY_RECHARGE_MAX,Weekly Recharges ([Current]/[Max])
SEASON_COLLECTION_RESET_MONTHLY,Monthly Reset
SEASON_COLLECTION_RESET_TWOMONTHLY,Resets bi-monthly
SEASON_COLLECTION_RESET_COMMON,Reset
TOWEROFTITAN_TITLE,Giant's Tower
KEIRING_GROWTH_MAINTITLE,Upgrade Keyring
KEIRING_ADVANCED_SUBTITLE,Train
KEIRING_BTN_ADVANCED,Train
KEIRING_ADVANCED_TITLE_EFFECT,Training Effects
KEIRING_ADVANCED_TITLE_SELECTED_MATERIAL,Selected Keyring
KEIRING_BTN_ADVANCED_AUTO_SELECT,Auto-Select
KEIRING_BTN_ADVANCED_SELECTED_COUNT,[SelectCount]/[NeedCount]
KEIRING_AWAKENING_SUBTITLE,Ascension
KEIRING_BTN_AWAKENING,Ascend
KEIRING_BTN_AWAKENING_AUTO,Auto-Ascend
KEIRING_AWAKENING_SUCCESS_TEXT,Chance of Success
KEIRING_AWAKENING_GRADE,Level [Grade]
KEIRING_AWAKENING_SUCCESS_RATE_TEXT,<Green>[Rate]%</>
KEIRING_AWAKENING_FAIL_RATE_TEXT,Accumulated Fail Rate
KEIRING_AWAKENING_FAIL_RATE,[Rate]%
KEIRING_AWAKENING_FAIL_DESC,"Upon Ascension failure, [FailAdditionRate]% is added to the chance of success."
KEIRING_AWAKENING_FAIL_TIP,"Upon a successful Ascension, the accumulated chance of failure will reset.
Upon failing Ascension, the accumulated chance of failure is added to the chance of success."
KEIRING_NEED_COST_TITLE,Cost
KEIRING_NEED_MATERIAL_TITLE,Consumed Materials
KEIRING_AWAKENING_TITLE_EFFECT,Ascension Effects
KEIRING_SKILL_LEVEL,Lv.[Level]
KEIRING_SUMMON_COUNT_TEXT,Total Summons
KEIRING_ADVANCED_RESULT_TITLE,Keyring Training
KEIRING_ADVANCED_RESULT_GRADE,[Grade]★ T[TierGrade]
KEIRING_ADVANCED_RESULT_STATUS_TITLE,Training Achievement Effects
KEIRING_ADVANCED_RESULT_STATUS_NOTHING,No training achievement effects.
KEIRING_AWAKENING_SUCCESS_TEXT_SUCCESS,Keyring Limit Ascension Successful
KEIRING_AWAKENING_SUCCESS_TEXT_FAIL,Keyring Limit Ascension Failed
KEIRING_AWAKENING_GAIN_SKILL_TITLE,Acquired Skills
KEIRING_AWAKENING_RESULT_SKILL_NOTHING,No Ascension skill available.
KEIRING_COMBINE_RATE_TOOLTIP,"<Buff>[Max Cap System Notice]</>
- When fusion succeeds, you will obtain the next star grade, and <Orange>and the pity counter will reset.</>.
- <Blue>Success Rate</> will increase when failing to <Orange>fuse 3★⁄4★⁄5★</> <Orange>6 times</>, and the <Blue>success rate is guaranteed to reach 100%</> if you <Orange>fail 7 times</>."
KEIRING_COMBINE_ATONCE_BUTTON,Fuse All
KEIRING_COMBINE_AUTO_REGIST_BUTTON,Auto Register
KEIRING_COMBINE_BUTTON,Fuse
KEIRING_EQUIP_STAT_TITLE,Companion Stats
KEIRING_RINGOFFATE_GRADE_TITLE,Ring of Harmony rank achieved
KEIRING_RINGOFFATE_GRADE_DESC,Ring of Harmony rank achievement effects applied.
KEIRING_RINGOFFATE_GRADE_EFFECT_TITLE,Ring Rank Achievement Effects
KEIRING_RINGOFFATE_GRADE_EFFECT_DESC,Effects are granted based on the combined grades of the equipped Keyrings.
KEIRING_MASTER_GRADE_GAIN,Owned
KEIRING_MASTER_GRADE_AWAKENING,[Grade] Ascension
KEIRING_TAB_EQUIP,Companion
KEIRING_TAB_COMBINE,Fuse
KEIRING_TAB_MASTER,Bond
KEIRING_TAB_RINGOFFATE,Ring
KEIRING_TAB_EFFECT,Effects
KEIRING_TAB_EFFECT_ALL,All
KEIRING_MASTER_BTN_AWAKENING,Ascension
TYPE_NAME_KEIRING,Keyring
KEIRING_GAIN_RESULT_TITLE,Acquisition Results
PRESET_CATEGORY_KEIRING,Keyring
PRESET_KEIRING_MAIN,Main
PRESET_KEIRING_SUB,Sub
KEIRING_COMBINE_RESULT_ALLOPEN,Open All
KEIRING_COMBINE_RESULT_TITLE,Fusion Result
KEIRING_COMBINE_RESULT_SKIP,Check All
KEIRING_COMPOSE_AUTOFILTER,Auto Register: Below [Grade]★
KEIRING_COMPOSE_AUTOREGI_GRADE1,1 Star
KEIRING_COMPOSE_AUTOREGI_GRADE2,2 Stars
KEIRING_COMPOSE_AUTOREGI_GRADE3,3 Stars
KEIRING_COMPOSE_AUTOREGI_GRADE4,4 Stars
KEIRING_COMPOSE_AUTOREGI_GRADE5,5 Stars
KEIRING_COMPOSE_AUTOREGI_GRADE6,6 Stars
KEIRING_COMPOSE_EFFECT_SKIP,Skip Cutscene
KEIRING_COMBINE_APPLIED_RATE,Applied Effect : [Value]%
KEIRING_COMBINE_SELECT_SINGLE_GRADE_ONLY,Only Keyrings of the same star grade can be registered.
KEIRING_COMBINE_SLOT_QUANTITY_MISMATCH,Unable to fuse due to insufficient materials registered.
KEIRING_COMBINE_SLOT_MAX_COUNT,Maximum registration limit reached.
KEIRING_COMBINE_AUTO_REGISTER_UNAVAILABLE,Unable to auto-register due to insufficient Keyrings.
KEIRING_COMBINE_GRADE_SUCCESS_RATE,Fusion Pity Rate Details
KEIRING_COMBINE_NO_CARD_MSG,Materials aren’t registered. Unable to fuse.
KEIRING_COMBINE_NOT_RESET,No Keyring registered.
KEIRING_COMBINE_NO_SLOT_MSG,Materials aren’t registered. Unable to fuse.
KEIRING_MASTER_TITLE_EFFECT,Keyring Owned Effects
KEIRING_MASTER_LEVEL_MAX,Max Level reached
KEIRING_ADVANCED_AUTO_REGISTER_UNAVAILABLE,No Keyrings available for auto-select.
KEIRING_ADVANCED_AUTO_REGISTER_COMPLETE,Already selected the Keyrings required for training.
KEIRING_ADVANCED_NOT_RESET,No Keyring registered.
KEIRING_AWAkENING_MAX_GRADE,Maximum Ascension reached.
KEIRING_ADVANCED_MATERIAL_NOT_ENOUGH,Insufficient Keyrings for training.
KEIRING_BTN_AWAKENING_AUTO_CANCEL,Cancel Auto-Ascend
KEIRING_AWAKENING_NEXT_AUTO_AWAKENING_CANCEL,Auto Ascension will be disabled starting from the next attempt.
KEIRING_AWAKENING_NEXT_AUTO_AWAKENING,"Automatically ascends Keyrings.
Proceed?"
KEIRING_AWAKENING_MATERIAL_NOT_ENOUGH,Not enough Keyrings for Ascension.
VENDINGMACHINEPREMIUM_TITLE,Giant’s Vending Machine
VENDINGMACHINEATTACK_TITLE,Attack on Titan Vending Machine
KEIRING_COMPARISON_SELECT_DESC,Select a Keyring to compare.
KEIRING_SELECT_TITLE,Select Keyring
INVENTORY_EXTRACT_CLAN_CONSUMABLE_CANNOT_SELECT,Não é possível desmontar consumíveis do clã.
BATTLEDECK_COPYPASTE_NEEDSELECTDECK,Please select a deck to copy first.
BATTLEDECK_COPYPASTE_NEEDSELECTDISSIMILARDECK,Cannot select the same spot as the copied deck.
BATTLEDECK_COPYPASTE_CONFIRMERROR,Select a deck to copy and the target spot.
BATTLEDECK_COPYPASTE_COMPLETE,The selected deck has been copied.
BATTLEDECK_COPYPASTE_TITLE,Copy Deck
BATTLEDECK_COPYPASTE_DESC1,Select a deck to copy and the target spot.
BATTLEDECK_COPYPASTE_DESC2,"Copy the selected deck?
<Yellow>The existing deck in the target spot will be overwritten.</>"
BATTLEDECK_COPYPASTE_CATEGORY1,Deck to copy
BATTLEDECK_COPYPASTE_CATEGORY2,Target spot
RESONANCE_BTN_AUTO,Auto-Resonance
RESONANCE_POPUP_AUTO_RESONANCE_TITLE,Auto-Resonance
RESONANCE_POPUP_AUTO_RESONANCE_DESC,"Set the target resonance intensity and failure limit for Auto-Resonance.
Auto-Resonance will stop once the set values are reached.
<Red>※ Resonance amplification will deactivate during Auto-Resonance.</>"
RESONANCE_POPUP_AUTO_RESONANCE_BTN,Proceed with Auto-Resonance
RESONANCE_ALERT_AMPLIFY_DESC,"Resonance amplification is currently active.
Proceed with resonance?  
<Red>※ Amplification remains active until manually deactivated.</>"
BATTLEFIELD_UNDERGROUND_GRADE_POINT_PROTECTION_AREA,Battlefield rank scores do not change in this area.
BATTLEFIELD_SENTINEL_CONTROL_BUFF_INFO,Sentinel's Resonance Info
BATTLEFIELD_SENTINEL_CONTROL_BUFF_EMPTY,No Sentinel's Resonance holder.
BROADCAST_KEIRINGACQUISITION_MSG,[Name] acquired <Grade[Value1]> Keyring [KeiringName]</>{jstag:}.
KEIRING_LOOKEQUIP,Appearance Companion
KEIRING_LOOKUNEQUIP,Dismiss Appearance Companion
KEIRING_EQUIP,Companion
KEIRING_UNEQUIP,Unequip
KEIRING_EQUIP_SKILL_TITLE,Companion Skill
KEIRING_MASTER_LEVEL,Lv.[MasterLevel]
KEIRING_MASTER_GAIN,Owned
KEIRING_MASTER_LEVEL_TIP,"Obtaining a keyring activates a Bond,
and stats are gained based on its Ascension level."
RESONANCE_AUTO_AMPLIFY_RELEASE_MSG,Deactivating resonance amplification to proceed with Auto-Resonance.
AREA_PKAREA_GRADE_POINT_PROTECTION,A pontuação de classificação do campo de batalha não muda nesta área.
COMBINE_ATONCE_KEIRING_LACK,Insufficient Keyrings for batch fuse.
STAT_ACQUIRE_CONTENTS_KEIRING,Keyring
KEIRING_ADVANCED_MATERIAL_ALREADY_REGISTERED,Cannot register any more.
PRESET_KEIRING_SKILL_MAIN,Special
PRESET_KEIRING_SKILL_SUB,Support
RESONANCE_AUTO_RESONANCE_LOWER_RESONANCE_STEP,Cannot be lower than the current Resonance Intensity.
RESONANCE_AUTO_RESONANCE_LOWER_FAIL_STEP,Cannot be lower than the current Failed Level.
RESONANCE_AUTO_RESONANCE_HIGHER_RESONANCE_STEP,Cannot be higher than the current Resonance Intensity.
RESONANCE_AUTO_RESONANCE_HIGHER_FAIL_STEP,Cannot be higher than the current Failed Level.
KEIRING_SKILL_MAIN_TIP,"Both Special and Support Skills take effect while <Orange>accompanied in the Main Slot</>.
Only Support Skills take effect while <Orange>accompanied in the Sub Slot</>."
KEIRING_ADVANCED_NOT_ENOUGH_MATERIAL,No Keyring of the same rank owned.
CHARACTERTITLE_TITLE,Title
CHARACTERTITLE_FILTER_ALL,All
CHARACTERTITLE_FILTER_INCOMPLETE,Acquired
CHARACTERTITLE_FILTER_COMPLETE,Not Acquired
CHARACTERTITLE_GET_COUNT_LABEL,Titles Collected
CHARACTERTITLE_INFO_TITLE,Title Info
CHARACTERTITLE_STAT_LABEL,Owned Effects
CHARACTERTITLE_GET_CONDITION_LABEL,Requirements
CHARACTERTITLE_FIXED_LABEL,Period
CHARACTERTITLE_GET_MAT_LABEL,Materials
CHARACTERTITLE_NEW_GET,New Title Acquired
CHARACTERTITLE_EQUIP,Equip
CHARACTERTITLE_UNEQUIP,Unequip
CHARACTERTITLE_GET,Not Acquired
CHARACTERTITLE_EQUIP_MSG,Title equipped.
CHARACTERTITLE_UNEQUIP_MSG,Title unequipped.
KEIRING_ADVANCED_NOT_SELECT_MATERIAL,No Keyring of the same rank selected.
KEIRING_AWAKENING_ALREADY_DONE,This ascension level is already complete.
KEIRING_AWAKENING_NEED_KEIRING,Need to acquire a Keyring.
KEIRING_AWAKENING_NEED_GRADE,Requires Ascension Level [Grade].
KEIRING_ADVANCED_ALREADY_DONE,This training level is already complete.
KEIRING_ADVANCED_NEED_KEIRING,Need to acquire a Keyring.
KEIRING_ADVANCED_NEED_GRADE,Requires [Grade]★ T[Tier] training.
BATTLEDECK_KEIRING_NOHAVE,No Keyring owned.
KEIRING_ADVANCED_BEFORE_PAGE_CANT_MOVE,Cannot return to training levels below your acquired rank.
KEIRING_ADVANCED_AFTER_PAGE_CANT_MOVE,Cannot proceed to training levels beyond your maximum rank.
KEIRING_EQUIPMENT_SAME_KEIRING,The same Keyring is already equipped in this slot.
COMBINE_ATONCE_POPUP_DESC_KEIRING,"Fuse all low-star Keyrings?
<Red>All items below [Grade] stars will be fused.</>"
KEIRING_BTN_GROWTH,Upgrade
KEIRING_EQUIP_GROWTH_GRADE_TITLE,Upgrade Level
KEIRING_EQUIP_GROWTH_ADVANCED,Train
KEIRING_EQUIP_GROWTH_AWAKENING,Ascension
KEIRING_EQUIP_GROWTH_ADVANCED_GRADE,[Grade]★ T[Tier]
KEIRING_NOTUSE_FUNTION_TARGET,This feature is unavailable.
KEIRING_AUTO_AWAKENING_FAIL,Auto-Ascend canceled due to insufficient materials.
KEIRING_AUTO_AWAKENING_COMPLETE,Auto-Ascend complete.
KEIRING_ADVANCED_COMPLETE,Unavailable. Maximum training level reached.
KEIRING_AUTO_ADVANCED_CANT_USE,Cannot do that during Auto-Training.
KEIRING_AUTO_ADVANCED_COMPLETED,Auto-Training complete.
KEIRING_AUTO_ADVANCED_MATERIAL_NOT_ENOUGH,Auto-Training canceled due to insufficient materials.
KEIRING_BTN_AUTO_ADVANCED,Auto-Training
KEIRING_BTN_AUTO_ADVANCED_CANCEL,Cancel Auto-Training
KEIRING_AUTO_AWAKENING_CANCEL,Auto-Ascend canceled.
KEIRING_AUTO_ADVANCED_CANCEL,Auto-Training canceled.
COMBINE_KEIRING_POPUP_HIGH_GRADE_DESC,"This is a <Orange>high-star Keyring</>.
<Red>Keyrings consumed for fusion cannot be restored.</>

Proceed with fusion?"
KEIRING_NEXT_AUTO_ADVANCED,"Automatically trains Keyrings.
Proceed?"
KEIRING_ADVANCED_MATERIAL_WRONG_GRADE,This material cannot be selected.
KEIRING_MASTER_TITLE_EFFECT_AWAKENING_LEVEL,Ascension Level Effects
KEIRING_MASTER_TITLE_EFFECT_AWAKENING_ALL,Bond Effects
KEIRING_MASTER_TITLE_EFFECT_AWAKENING_ALL_HINT,No Bond effects are currently applied.
GACHASHOP_PITY_TOOLTIP_ACCUM_SUMMON,"<Buff>[Keyring Summon Rewards Info]</>
1. Each time a Keyring is summoned, the <Orange>Summon Count</> accumulates <Blue>account-wide</>.
2. Each time the cumulative <Orange>Summon Count</> reaches a milestone, you can claim the <Blue>rewards</> for that stage.
3. Upon reaching the <Orange>final stage</>, the Summon Count resets, allowing you to continuously earn <Blue>repeat rewards</> thereafter.
4. Upon reset, any <Orange>excess cumulative counts</> will <Blue>retroactively apply</> to the next reward stage.
5. Any unclaimed rewards will be <Blue>sent at once</> upon reset; if your inventory is full, they will be sent via <Orange>mail</>."
GACHA_SUMMON_COUNT_TITLE,Summon Count
KEIRING_MAINTITLE,Keyring
COMMON_TOTALLEVEL_COMPLETE_KEIRING_RING,Reached Total Ring Grade Milestone
COMMON_TOTALLEVEL_COMPLETE_RING_MANY,Reached Multiple Total Ring Grade Milestone
COMMON_TOTALLEVEL_COMPLETE_KEIRING_MASTER,Reached Ascension Level Milestone
COMMON_TOTALLEVEL_COMPLETE_MASTER_MANY,Reached Multiple Ascension Level Milestone
KEIRING_LOOKUNEQUIP_INFOPOPUP,Unequip Appearance
KEIRING_UNEQUIP_INFOPOPUP,Dismiss Companion
KEIRING_GROUP_GRADE_TOTAL_INFO,Total Keyring Ranks
KEIRING_SKILL_MAIN_TIP_TITLE,Companion Effects per Slot
COSTUME_LIMIT_BREAK_MATERIAL_ERROR,Insufficient materials.
COSTUME_LIMIT_BREAK_MAX_ERROR,Max stage reached.
COSTUME_LIMITBREAK_RESULT_TITLE,Costume Ascension Complete
WEAPONCOSTUME_LIMITBREAK_RESULT_TITLE,Phantom Weapon Ascension Successful
COSTUME_LIMITBREAK_COUNT_TITLE,Total Costume Ascensions
WEAPONCOSTUME_LIMITBREAK_COUNT_TITLE,Total Phantom Weapon Ascensions
COSTUME_LIMITBREAK_COUNT_TIP,Applied based on total ascensions of your costumes.
WEAPONCOSTUME_LIMITBREAK_COUNT_TIP,Applied based on total ascensions of your Phantom Weapons.
ASSISTMODE_ERROR_FLYING_NOTOFF,Cannot exit while using the Windpath.
COMMON_REWARD_RESET_DELAY_TIME,Rewards appearing in <Yellow>[Time]</>
COMMON_RESET_TIME,Reseting in <Yellow>[Time]</>
BATTLEFIELD_CLASH,Arena
BATTLEFIELDCLASH_TITLE,Arena
BATTLEFIELDCLASH_TAB_ENTER,Arena
BATTLEFIELDCLASH_TAB_RANKING,Ranking
CLASH_MATCHING_POPUP_TITLE_WAITING,Waiting for Match
CLASH_MATCHING_POPUP_DESC_WAITING,"Recruiting participants.
Automatically switches to Match acceptance once full.
※ Matching will continue even if this window is closed."
CLASH_MATCHING_POPUP_DESC_WAITING_EXPANDED,"Expanding matchmaking range by <Red>[ExpansionCount]</> to continue search.
Once enough participants are secured, you will automatically proceed to the Match Acceptance step.
※ Matching will continue even if this window is closed."
CLASH_MATCHING_POPUP_TITLE_ENTER,Accept Match
CLASH_MATCHING_POPUP_DESC_ENTER,"Match found.
You will automatically enter once all members accept."
CLASH_SETTING_TITLE,Battlefield Combat Setup
CLASH_SETTING_DESC,"Select your combat options for the battlefield.
These settings are <Yellow>saved separately from Forsaken Land settings</>."
CLASH_SETTING_PRESET,Select Preset
CLASH_SETTING_STANCE,Select Stance
CLASH_SETTING_CANNOT_NO_EQUIPMENT,This preset has no equipped gear.
CLASH_SETTING_SAVED,Settings applied.
CLASH_SETTING_CANNOT_SAVE,Unable to save the current selection.
CLASH_SETTING_PRESET_CHANGED_CONFIRM,"Your selected preset has changed.
Do you want to enter the match with this setup?"
CLASH_SEASON_LEFT_TIME,[Time] until end
CLASH_OFFSEASON,Off-season
CLASH_SCHEDULE,Schedule
COMMON_TIMETABLE,Available Hours
CLASH_TIMETABLE,[OpenHour]:[OpenMinute] - [CloseHour]:[CloseMinute]
CLASH_TIMETABLE_OPEN,[OpenHour]:[OpenMinute]
CLASH_TIMETABLE_CLOSE,[CloseHour]:[CloseMinute]
CLASH_TIMETABLE_CLOSE_OVERNIGHT,Next day <Yellow>[CloseHour]:[CloseMinute]</>
CLASH_RECOMMEND_CONTENDER,Number of Participants
CLASH_PARTY_CREATE,Create a party to join?
CLASH_PARTY_SETUP,Form Party
CLASH_PARTY_CANNOT_NO_SEASON,Cannot form a Matching Party because the season has ended.
CLASH_INVITING_CANNOT_NO_PERMISSION,Only the Party Leader can form a Matching Party.
CLASH_MATCHING_PARTY_RULE,Party Rules per League
CLASH_MATCHING_PARTY_RULE_DESC,"<Orange>[Bronze / Silver / Gold Leagues]</>
 - Form parties and match freely without any rating score restrictions.
<Orange>[Platinum / Diamond League]</>
 - You can only match if the rating score difference between party members is <Yellow>within a certain value</>.
  * Platinum: Within <Buff>[Value1]</> points
  * Diamond: Within <Buff>[Value2]</> points
<Orange>[Master / Grandmaster Leagues]</>
 - You can only match if all party members <Yellow>belong to the same league</>."
CLASH_RULE_TITLE,Battlefield Rules
CLASH_RULE_DESC,"<Orange>[Match Progression]</>
 1. The Arena is a PvP content where two teams face each other. The match ends when a team <Yellow>reaches the target score</> or the <Yellow>time runs out</>.
 - Each kill grants 1 base point, and <Yellow>wiping the entire opposing team</> grants bonus points.
 - Contributing to a kill increases your <Yellow>Assist</> count, but does not add to the score.
 - If both teams are tied when time runs out, the match ends in a draw.
 2. The entire <Yellow>battlefield is a PvP-enabled area</> with no designated safe zones.
 - Upon death, your character will respawn in a designated area after a waiting period, and gain a brief <Yellow>Invincibility effect</>.
 3. Touch the buff objects that appear at designated locations within the battlefield to gain various combat advantages.
 - Buff effects vary depending on their spawn locations.
 4. Matchmaking is only available during the designated hours on the content's main screen.
 - Matches already in progress will proceed normally even after the scheduled time ends.
 5. If your character was in a combat-enabled area when entering the battlefield, <Yellow>Auto-Combat will be considered active</> for the duration of the match.

<Orange>[Abandonment and Penalties]</>
 1. If you leave a match midway or remain inactive for an extended period, the system treats it as an <Yellow>Abandonment</>.
 2. Abandonment results in a <Yellow>Forced Defeat</>, which heavily reduces your rating score and <Yellow>restricts matching</> for a certain duration.
 - The match officially begins at the moment you <Yellow>accept</>, and all penalties apply from that point onward.
 - Failing to join the match due to slow loading or other technical issues also counts as Abandonment.

<Orange>[Rewards]</>
 1. <Yellow>Arena Badges</> earned from matches can be exchanged for various rewards at the exclusive shop.
 - Base rewards are determined by match outcomes (win, loss, or draw), with bonus resources awarded for <Yellow>MVP</> or the <Yellow>First Win of the Day</>.
 - While a <Yellow>weekly cap</> applies to the resources, you can still play matches and earn or lose rating points.
 2. <Yellow>League Milestone Rewards</> are granted immediately upon reaching a new league tier each season. Furthermore, <Yellow>Season Rewards</> will be awarded based on your final league standings at the end of the season.

<Orange>[Season Rules]</>
 1. The Arena is <Yellow>season-based</>.
 - Your initial league placement is based on your character level upon entering for the first time.
 - You cannot claim season rewards if you fail to place into a league during the season.
 2. When a <Yellow>new season</> begins, the system <Yellow>readjusts your rating score</> based on your records from the previous season.
 3. If you do not play any match for a certain period after league placement, your status changes to <Yellow>Inactive</>, and your <Yellow>rating score will periodically decrease</>.
 - You cannot restore rating scores lost due to inactivity, but playing a match will restore your status to active."
CLASH_MATCHING_CANNOT_SEPARATED,A party member cannot enter.
CLASH_MATCHING_CANNOT_PARTY_MAX,Max participants for this match is 3.
CLASH_MATCHING_CANNOT_RATING_GAP,Matchmaking is unavailable due to rating gap between party members.
CLASH_MATCHING_CANNOT_LEAGUE_DIFF,Matchmaking is unavailable because party members are in different leagues.
CLASH_MATCHING_CANNOT_NO_PERMISSION,Only the Party Leader can request for matchmaking.
CLASH_MATCHING_CANNOT_LEAVE_PENALTY,Matchmaking is restricted for [Time] due to Abandonment penalty.
CLASH_MATCHING_AUTO_OUT_CLANUNIT,Leaving the Clan Squad for matchmaking.
CLASH_MATCHING_CANCEL_PARTY_LEFT,Matchmaking is canceled because a party member left.
CLASH_MATCHING_CANCEL_ENEMY_LEFT,Matchmaking is canceled because an opponent left. Searching for a new match.
CLASH_MATCHING_CANCEL_ENTRY_FAIL,Match canceled because a participant could not enter.
CLASH_MATCHING_PENALTY_TIMEOUT,"Failed to join the match due to slow loading.
Match inactivity penalty applies."
CLASH_MATCHING_AFTER_CLANUNIT_LEAVE,Leaving the Clan Squad to proceed with matchmaking.
CLASH_MATCHING_PARTY_LEADER_STARTED,The party leader started matchmaking.
CLASH_MATCHING_PARTY_INVITE_BLOCKED,Cannot invite players during matchmaking.
CLASH_MATCHING_JOIN_BLOCKED,Cannot join a party currently matchmaking.
CLASH_MATCHING_QUEUE_START,Starting matchmaking...
CLASH_MATCHING_QUEUE_EXPAND,Expanding matchmaking range.
CLASH_MATCHING_QUEUE_CANCEL,Matchmaking canceled.
CLASH_MATCHING_QUEUE_FAILED,Matchmaking failed. Please try again.
CLASH_MATCHING_QUEUE_TIMEOUT_RETRY,Matchmaking failed. Resuming search with new parameters.
CLASH_MATCHING_QUEUE_RESTART,Matchmaking canceled. Restarting matchmaking.
CLASH_MATCHING_ACCEPT_ENTRY,Entry accepted. Entering match soon.
CLASH_MATCHING_ACCEPT_CANNOT_CANCEL,Accepted matches cannot be canceled.
CLASH_MATCHING_REJOIN,The previous match has not ended. Attempting to rejoin.
CLASH_MATCHING_AUTO_REJOIN,The previous match has not ended. Attempting to join mid-match.
CLASH_MATCHING_ALLY_REJOIN_WAITING,[CharacterName]{jstag:} has returned to the match.
CLASH_MATCHING_ALLY_REJOIN_SUCCESS,[CharacterName]{jstag:} has rejoined to the match.
CLASH_MATCHING_ENEMY_REJOIN_WAITING,An opposing team member is attempting to return to the match.
CLASH_MATCHING_ENEMY_REJOIN_SUCCESS,An opposing team member has rejoined the match.
CLASH_READY_WAIT_PLAYERS,Waiting for other participants to join.
CLASH_BUFF_SPAWN,[Name1] has appeared in [Area].
CLASH_BUFF_CHANGE,[Name1] has been changed to [Name2].
CLASH_BUFF_NOTIME_APPLY_SOLO,[Buff] effect active.
CLASH_BUFF_NOTIME_APPLY_TEAM,[CharacterName]{jstag:} obtained [Name].
CLASH_BUFF_APPLY_SOLO,[Buff] effect active for [Time]s.
CLASH_BUFF_APPLY_TEAM,[CharacterName]{jstag:} obtained [Name].
CLASH_BUFF_NOTIFICATION_TEAM,[CharacterName]{jstag:} captured [Name]. [Buff] effect active for the entire team for [Time]s.
CLASH_BUFF_NOTIFICATION_ENEMY,The opposing team captured [Name].
CLASH_LEAGUE_TITLE,[LeagueName] League
CLASH_LEAGUE_SUBLEAGUE,[LeagueName] [Number]
CLASH_LEAGUE_UNPLACED,Unplaced
CLASH_RATING,[RatingValue] pts
CLASH_RATINGSCORE,[Score] pts
CLASH_RATINGPERCENTILE,Top [Value]
CLASH_MOVESHOP,Go to Arena Shop
CLASH_WEEKLY_ASSETCAP,Weekly Cap
CLASH_DAILY_BONUS,Daily Bonus
COMMON_REJOIN,Re-enter
COMMON_MATCHING_WAITING,Matchmaking in progress
COMMON_MATCHING_CANCEL,Cancel matchmaking
COMMON_SIZE_OVER,Max Capacity Exceeded
CLASH_CANNOTENTER_GROUP_CONDITION,Matchmaking is unavailable because party requirements are not met.
CLASH_CANNOTENTER_CLOSED,Matchmaking is currently unavailable.
CLASH_CANNOTENTER_SEASON_END,Matchmaking is unavailable because the season has ended.
CLASH_WINNING_SCORE,Target Score for Victory
CLASH_WARNING_TITLE,Abandonment Warning
CLASH_WARNING_DESC,"Leaving the match midway counts as Abandonment,
and matchmaking will be restricted until the current match ends."
CLASH_RANK,Rank [Value]
CLASH_RANK_1ST,1st Place
CLASH_CHAMPION,Reached the Pinnacle.
CLASH_PROMOTION_LOCKED,Promoted upon reaching Top [Value]
CLASH_UNRANKED,No match records found.
CLASH_LEAGUE_INFO_POPUP_TITLE,League Info
CLASH_LEAGUE_INFO_POPUP_INDEX_1,League Name
CLASH_LEAGUE_INFO_POPUP_INDEX_2,Advancement Requirements
CLASH_LEAGUE_INFO_POPUP_INDEX_3,Season First-Time Reward
CLASH_LEAGUE_INFO_POPUP_INDEX_4,Season End Reward
CLASH_REWARD_MATCH,Match Reward
CLASH_REWARD_LEAGUE,League Milestone Rewards
CLASH_REWARD_SEASON,Season Rewards
CLASH_REWARD_SEASON_LEAGUE,League Placement Reward
CLASH_REWARD_NONE,No rewards available.
CLASH_SEASON_END_REWARD_SENT,Season Rewards have been sent to your inventory.
CLASH_LEAGUE_SEASON_FIRST_ACHIEVEMENT_REWARD,Season First-Time Reward
CLASH_LEAGUE_SEASON_FIRST_ACHIEVEMENT_REWARD_DESC,First-time League Reward for this season has been provided.
LEAGUE_REQUIRED_SCORE,[RatingValue] pts
LEAGUE_REQUIRED_SCORE_AND_PERCENTILE_UPPER_LIMIT,"[RatingValue] pts
(Top [Value])"
CLASH_SEASON_READY,The season has not started.
CLASH_SEASON,[ClashTypeName]
CLASH_SEASON_END,[ClashTypeName] Season Ended
CLASH_LEAGUE_PROMOTION,League Promotion
CLASH_LEAGUE_DEMOTION,League Demotion
CLASH_LEAGUE_PLACEMENT,League Placement Results
CLASH_SOFTRESET_RESULT,League Re-placement Results
CLASH_CONTENTS_OPEN_ALARM,[ClashTypeName] Match Available
CLASH_CONTENTS_MATCHING_WAITING,Matchmaking for [ClashTypeName]…
CLASH_RATING_INCREASE,[RatingValue] <UpYellow>(▲ [ChangeValue])</>
CLASH_RATING_DECREASE,[RatingValue] <Red>(▼ [ChangeValue])</>
CLASH_RATING_MAINTAIN,[RatingValue] <Gray>(-)</>
COMMON_WINSTREAK,Win Streak
COMMON_ENEMY_TEAM,Opposing Team
COMMON_MY_TEAM,My Team
COMMON_RATING,Rating
COMMON_KILL_EN,Kill
COMMON_ASSIST_EN,Assist
COMMON_FIGHT_EN,Fight !
CLASH_SPAWN_TOP,Top
CLASH_SPAWN_BOTTOM,Bottom
CLASH_KILL,Kills
CLASH_DEATH,Deaths
CLASH_ASSIST,Assists
CLASH_MVP,MVP
CLASH_RESPAWN_TITLE,Waiting to Return to Battlefield
CLASH_RESPAWN_DESC,Respawning in [Time]s.
CLASH_RESPAWN_REVENGE_TARGET,Killed by <Red>[CharacterName]</>.
CLASH_ASSISTMODE_STOPPED,Auto-combat stopped because a character died in the Forsaken Land during a match.
CLASH_BACKGROUNDMODE_HISTORY_TITLE,Auto-Combat Results
AUTOSETTING_LOCKITEM_WORLD,Cannot auto-use items in this world.
BATTLEFIELD_DIALOG_CLASH_CHAINKILL,<Yellow>[Count]</> Kill Streaks!
BATTLEFIELD_DIALOG_CLASH_CHAINKILL_ALLY,Our Team Has Taken the Lead!
BATTLEFIELD_DIALOG_CLASH_CHAINKILL_ENEMY,A Threat Has Appeared!
BATTLEFIELD_DIALOG_CLASH_TEAMKILL,Opposing Team Eliminated!
BATTLEFIELD_DIALOG_CLASH_FIRSTBLOOD,First Blood!
BATTLEFIELD_DIALOG_CLASH_REVENGE,Revenge!
BATTLEFIELD_DIALOG_CLASH_REVENGE_TARGET,<Red>[TargetName]</> Defeated
BATTLEFIELD_DIALOG_CLASH_TAKELEAD_ALLY,Turned the Tide!
BATTLEFIELD_DIALOG_CLASH_TAKELEAD_ENEMY,Lost the Lead!
BATTLEFIELD_DIALOG_CLASH_SCOREREACHED,Match ended: <Yellow>[Param]</> achieved the objective first.
BATTLEFIELD_DIALOG_CLASH_TIMEOVER,Match ended: Time ran out.
BATTLEFIELD_DIALOG_CLASH_FORFEIT,Match cannot continue:. The opposing team forfeits.
ACCESSORY_COSTUME_TITLE,Decorations
ACCESSORY_COSTUME_TAB_EQUIP,Equip
ACCESSORY_COSTUME_TAB_COLLECTION,Owned Effects
COMMON_TOTALLEVEL_COMPLETE_DECORATIONCOSTUME,Achieved Decoration Owned Effects
COMMON_TOTALLEVEL_COMPLETE_DECORATIONCOSTUME_MANY,Achieved Multiple Decoration Owned Effects
ACCESSORY_COSTUME_UNEQUIP_MSG,Equipped decorations will be removed.
ACCESSORY_COSTUME_CONFIRM_UNEQUIP_MSG,"Turning off Hide Helmet will unequip your current decoration.
Proceed?"
EVENT_HUNT_REWARD_TITLE,Stage [Value]
EVENT_HUNT_REWARD_GET_COMPLETE,Acquired
EVENT_HUNT_REWARD_GET_ALREADY,Already obtained the final treasure.
EVENT_HUNT_REWARD_NOT_SEARCH,Select a final treasure to start the treasure hunt.
EVENT_HUNT_NEXT_CONFIRM,"Once you move to the next stage, you cannot return. Proceed to the next stage?"
EVENT_HUNT_REWARD_NOT_MOVE,You can move to the next stage once you obtain the Final Treasure.
EVENT_HUNT_SEARCH_GUIDE,Tap the question mark tiles to find the treasure!
EVENT_HUNT_REWARD_NOT_SELECT,Final Treasure not selected yet.
EVENT_HUNT_STAGE_NAME,Stage [Value]
EVENT_HUNT_REWARD_KEY_SELECT,Select Final Treasure
EVENT_HUNT_REWARD_KEY_LIST,Final Treasure List
EVENT_HUNT_REWARD_SELECT_MSG,Select a Final Treasure.
EVENT_HUNT_USE_DAILY_COUNT,Daily Attempts: <Yellow>[Count]/[MaxCount]</>
EVENT_HUNT_REWARD_SELECT_GUIDE,Select a final treasure to start the treasure hunt.
EVENT_HUNT_MOVE_GUIDE,You can now move to the next stage!
EVENT_HUNT_SEARCH_START,Start Treasure Hunt
EVENT_HUNT_NEXT_STAGE_MOVE,Go to the Next Stage
EVENT_HUNT_REWARD_KEY_CHANGE,Change Final Treasure
EVENT_DAILY_FREE_GUIDE,[Count] free attempts available daily!
COMMON_SELECT_COMPLETED,Seleção concluída
EVENT_HUNT_FREE_USE_DAILY_COUNT,Free: <Yellow>[Count]/[MaxCount]</>
COMMON_REFRESH_SYSTEM_MSG,Unavailable in [Time].
EVENT_HUNT_MULTIPLE_OPEN_NOT_ALREADY,Unavailable after finding the final treasure.
RESTRICT_UNKNOW_REASON_MSG,Cannot proceed for an unknown reason.
EVENT_HUNT_MULTIPLE_OPEN_NO_SEARCH_TARGET,No more slots available to open.
ASSET_COUNT_NOTENOUGH,Insufficient [AssetName]
EVENT_HUNT_GET_NEXT_CONFIRM,"Final treasure obtained! Go to the next stage? Once you go, you cannot return to this stage afterward."
EVENT_HUNT_FIRST_STAGE_MOVE,Move to First Stage
EVENT_HUNT_ALL_CLEAR,All stages have been completed.
EVENT_HUNT_CLEAR_MOVE,Found all Grand Treasures up to the final stage.
EVENT_HUNT_CLEAR_SELECT,Tap the question mark slot to claim your reward! You can reset the board once per day.
EVENT_HUNT_FIRST_CONFIRM,"You have obtained the Grand Treasure for all stages! You can continue to earn Normal Rewards, and you can reset the board <yellow>[Count] times today (up to [MaxCount] times a day)</>.
Do you want to reset the board?"
EVENT_HUNT_COUNT_UNLIMIT_CONFIRM,"You have obtained the Grand Treasures for all stages! You can continue to earn Normal Rewards, and you can reset the board <yellow>an unlimited number of times</>.
Do you want to reset the board?"
EVENT_HUNT_RESET,Reset Board
EVENT_HUNT_REWARD_NEED_SELECT,Grand Treasure Selection Required
EVENT_HUNT_GET_REWARD_NOTI,Treasure Hunt Reward Acquired
COMMON_REFRESH_DELAY_BALOON,Cooldown: [Time]
REWARD_RANK_TOP,<Black>[Rank]</>
REWARD_RANK_NORMAL,<Black>[Rank]</>
EVENT_DAILY_USE_NOT_COUNT,You used up all daily attempts.
EVENT_DAILY_USE_LIMIT_COUNT,<PKGrade01>Daily Attempts</> [Count]/[MaxCount]
EVENT_LUCKYBOX_UNLIMITEDTIME,No time limit
EVENT_LUCKYBOX_DATE_UNLIMITED,No expiration
EVENT_LUCKYBOX_NOTREMAINGOODS,No Lucky Chance rewards remaining.
EVENT_LUCKYBOX_REWARD_RESET_DELAY_DESC,"See what amazing rewards are coming up next!
Get ready to check out the new rewards!"
EVENT_LUCKYBOX_BUTTON,Draw
COMMON_LEFTCOUNT,[Count] left
CLANFRONTIER_TITLE,Hall of Proof
CLANFRONTIER_TAB_SEASONCONTENTS,Main
CLANFRONTIER_TAB_RANKING,Ranking
CLANFRONTIER_ORDER_VALUE,Level [Order]
COMMON_ORDER,Level
COMMON_ORDER_NEXT,Next Level
CLANFRONTIER_SCORE_VALUE,[Score] pts
CLANFRONTIER_RANK_UNIT_LARGE,#<RankLarge>[Rank]</>
CLANFRONTIER_SCORE_UNIT_NORMAL,[ScoreValue] Points
CLANFRONTIER_ORDER_UNIT_NORMAL,Level <Order>[OrderValue]</>
CLANFRONTIER_SEASON_NUMBER_ENG,Season [SeasonNo]
CLANFRONTIER_SEASON_NUMBER_KOR,Season [SeasonNo]
CLANFRONTIER_SEASON_STATE_ACTIVE,[time] until end
CLANFRONTIER_DEFAULT_LIMIT_TIME,Base Time Limit
CLANFRONTIER_ENTRYTICKETCOST,Consume Entry Attempts
CLANFRONTIER_ENTRYTICKETCOST_VALUE,1
COMMON_REWARD_SEASON_RANKING,Ranking Rewards
CLANFRONTIER_RANK_NONE,No Record
CLANFRONTIER_ON_BUTTON,Activate Hall
CLANFRONTIER_RANK_CLANSCORE,[ScoreValue]
CLANFRONTIER_RANKING_SEASONEND_TIP,The event period is over.
CLANFRONTIER_SEASON_STATE_DEACTIVE,The Hall of Proof is not currently open.
CLANFRONTIER_NO_CLAN,Available after joining a Clan.
CLANFRONTIER_NO_PERMISSION,You are not authorized to activate the Hall of Proof.
CLANFRONTIER_CLAN_LEVEL_INSUFFICIENT,Available to Clan Level <Yellow>[ClanLevel]</> or higher.
CLANFRONTIER_NO_ENTRYTICKET,No entry tickets remaining.
CLANFRONTIER_IN_PARTY,Unavailable while in a party.
CLANFRONTIER_IN_COMBAT,Available after combat ends.
CLANFRONTIER_IN_CLANUNIT,Unavailable while in a Clan Squad.
CLANFRONTIER_SEASON_STATE_END,Event Over
CLANFRONTIER_SEASON_STATE_READY,[time] until start
CLANFRONTIER_DUNGEON_SUCCESS_ORDER_CLEAR,End
CLANFRONTIER_RANK_UNIT_NORMAL,#<Rank>[Rank]</>
CLANFRONTIER_SCORE_UNIT_LARGE,<ScoreLarge>[ScoreValue]</> pts
CLANFRONTIER_SCORE_NEW,<green>new</>
CLANFRONTIER_DUNGEON_AUTOEXITTIME,Exiting the Hall of Proof in [ss] seconds.
CLANFRONTIER_DUNGEON_CURRSCORE,Current Score
CLANFRONTIER_DUNGEON_MAXSCORE,High Score
CLANFRONTIER_SEASON_END_SEASONNUMBER,Hall of Proof Ended
CLANFRONTIER_BOSSLIST,Spawned Boss
CLANFRONTIER_BOSSINFO,Boss Info
CLANFRONTIER_DUNGEON_BUTTON_EXIT,Leave
CLANFRONTIER_DUNGEON_ENTERCHECK_TITLE,Activate Hall
CLANFRONTIER_DUNGEON_EXIT,Exit Hall of Proof
CLANFRONTIER_WARNING_EXIT,"The Hall of Proof is still in progress. 
Are you sure you want to leave?

<Yellow>※ If you haven't claimed your participation rewards yet, 
you won't be able to receive them after leaving.</>"
CLANFRONTIER_IN_PROGRESS,Hall of Proof Available for Entry
CLANFRONTIER_CONTENTS_ALARM_ON,Hall of Proof Available for Entry
CLANFRONTIER_NEWSEASON_DESC,Prove your Clan's might by [MM](MM)/[dd](DD) [hh](h):[mm](m).
CLANFRONTIER_NEWSEASON_STARTSCHEDULE,Opens on [MM]/[dd] at [hh]:[mm]
CLANFRONTIER_DUNGEON_FAILED,Challenge Failed
CLANFRONTIER_STARTTIMEOUT_WARNING_TIMELEFT,The Hall of Proof has not started. Exiting in [time].
CLANFRONTIER_DUNGEON_READY_MSG,Select the Sealed Orb once you are ready.
CLANFRONTIER_REWARD_SEASON_PARTICIPATION_TIP_GUIDE_DESC,"[Participation Reward Requirements]
- Defeat at least 1 Boss.
- Must be inside the dungeon when it ends.

※ Participation Rewards are awarded only <Yellow>once</>."
CLANFRONTIER_SEASON_READY,The Hall of Poorf has not started yet.
CLANFRONTIER_RANKINGREWARD_TIP,Ranking rewards can be claimed 1 hour after the event ends.
CLANFRONTIER_REWARD_NONE,No rewards available.
CLANFRONTIER_CONTRIBUTION_NOTREWARD,No Reward
AP_SHOPGEUIDE_DESC,AP Guide
AP_BTN_PAYFORAP,Purchase with AP
AP_CANNOTAQUIRE_DESC,Not available when purchasing with AP
SHOP_AP_LABEL,AP
KEIRING_ADVANCED_AWAKENING_ALERT_DESC,"Keyrings eligible for Ascension will be consumed as materials.
Proceed with training?"
KEIRING_AUTO_ADVANCED_ALERT_DESC,"During Auto-Training, higher-rank keyrings may be consumed as materials.
Proceed with Auto-Training?"
EMOTION_ANGRY_NAME,Angry
EMOTION_EXCITED_NAME,Excited
EMOTION_RELUCTANT_NAME,Give Up
EMOTION_SAD_NAME,Sad
EMOTION_SICK_NAME,In Pain
EMOTION_SMILE_NAME,Smile
EMOTION_SNEER_NAME,Scoff
EMOTION_SURPRISED_NAME,Surprised
EMOTION_SULKY_NAME,Pout
BATTLEFIELD_MONOLITH_NOTPLAYING_MSG,Monolith War not in progress.
CLAN_RESEARCH_TYPE_ACTIVE,Active
CLAN_RESEARCH_TYPE_ACTIVE_OWNER_MASTER,Clan Leader Only
CLAN_RESEARCH_TYPE_ACTIVE_OWNER_MEMBER,Assign Clan Member
COMMON_UNEQUIP,Desequipar
CLAN_RESEARCH_TYPE_ACTIVE_SKILL_ASSIGNMENT,Assign Skill
CLAN_RESEARCH_TYPE_ACTIVE_SKILL_ASSIGNEE,Assigned Skill User
CLAN_RESEARCH_SKILL,Research Skill
CLAN_RESEARCH_ACTIVE_SKILL_USE_TARGET_ASSIGNMENT,Assign Skill User
CLAN_RESEARCH_ACTIVE_SKILL_USE_ASSIGNEE_SELECT,Select Skill User
CLAN_RESEARCH_ACTIVE_SKILL_USE_ASSIGNEE_NONE,There are no clan members available to assign skills.
CLAN_RESEARCH_ACTIVE_SKILL_USE_TARGET_ASSIGNMENT_TIP,Only one skill can be assigned per clan member.
CLAN_RESEARCH_SYSTEM_MSG_NO_CLAN_MEMBER_SKILL_ASSIGN_TARGET,The skill user has not been assigned.
CLAN_RESEARCH_ACTIVE_SKILL_ASSIGNED_TARGET_ALREADY_SELECTED_UNAVAILABLE,Cannot select a member with an assigned skill.
CLAN_RESEARCH_ACTIVE_SKILL_CLAN_MASTER_ASSIGN_TARGET_SELECT_UNAVAILABLE,The Clan Leader cannot be selected for a Clan Member Skill.
MSG_DORMANT_CHARACTER_NAME_EDIT_TITLE,Rename Long-Term Inactive Character
MSG_DORMANT_CHARACTER_NAME_EDIT_DESC,"Long-term inactive characters must be remained before they can be played.
Enter a new name for your character."
KEIRING_GROWH_CHANGE_KEIRING_ADVANCED,Cannot change during Keyring Training.
KEIRING_GROWH_CHANGE_KEIRING_AWAKENING,Cannot change during Keyring Ascension.
KEIRING_BTN_AUTO_EQUIP,Auto-Equip
KEIRING_EROSION_ENCROACHMENT,Encroachment
KEIRING_EROSION_VOID,Void
KEIRING_EROSION_OBLIVION,Oblivion
KEIRING_EROSION_TITLE,Select Erosion Attribute
KEIRING_BTN_AUTO_EQUIP_DESC,"Would you like to auto-equip Keyrings?
Keyrings with the highest Combat Power among the selected attributes will be automatically equipped."
KEIRING_BTN_AUTO_EQUIP_TITLE,Auto-Equip Keyrings
KEIRING_CHANGE_TITLE,Change Upgrade Target Keyring
KEIRING_BTN_CHANGE_SELECT,Selection Complete
INTERSERVER_CAN_NOT_MOVE_SAME_FLOOR,Cannot go to another area on the same floor.
CLAN_RESEARCH_TYPE_ACTIVE_SKILL_UNASSIGNMENT,Unassign Skill
COSTUME_LIMIT_BREAK_1,1 Star
COSTUME_LIMIT_BREAK_2,2 Stars
COSTUME_LIMIT_BREAK_3,3 Stars
COSTUME_LIMIT_BREAK_4,4 Stars
COSTUME_LIMIT_BREAK_5,5 Stars
COSTUME_LIMIT_BREAK_6,6 Stars
COSTUME_LIMIT_BREAK_MAX,Max Ascension level reached.
COSTUME_LIMIT_BREAK_TOTAL_TITLE,Total Ascension
COSTUME_LIMIT_BREAK_RESULT_TOTALTITLE,Reached a total of [Value]★ Ascensions
COSTUME_LIMITBREAK_STAT_TITLE,Equipped Stats
COSTUME_LIMITBREAK_NOTENOUGH_PLUS,Can’t go higher.
COSTUME_LIMITBREAK_NOTENOUGH_MINUS,Can’t go lower.
KEIRING_GROWH_CHANGE_KEIRING_NOTHING_SELECT,Select a Target Keyring to upgrade.
KEIRING_GROWH_CHANGE_KEIRING_NOTHING_GRADE,No upgradeable Keyrings in the selected rank.
KEIRING_AUTOEQUIP_CHECKED_NOTHING_DESC,Select at least one Erosion Attribute.
KEIRING_EROSION_EROSION,Erosion
ACQUIRED_QUEST_HUD_MESSAGE,Progress the Episode to unlock this quest
BATTLEFIELD_MONOLITH_NON_PARTICIPATION_NOTICE_POPUP_TITLE,Monolith War: Reminder
BATTLEFIELD_MONOLITH_NON_PARTICIPATION_NOTICE_POPUP_DESC,"You have unregistered battlefields for the Monolith War.
Go to registration?"
BATTLEFIELD_MONOLITH_NON_PARTICIPATION_MOVE_ENTRY,Go to Registration
BATTLEFIELD_DIALOG_MONOLITH_CLOSING_ALLY_OWNED,[Time] remaining! Defend your Clan's occupied territory to win!
BATTLEFIELD_DIALOG_MONOLITH_CLOSING_ENEMY_OWNED,[Time] remaining! Capture the enemy Clan's occupied territory to win!
BATTLEFIELD_DIALOG_MONOLITH_CLOSING_ALLIANCE_OWNED,[Time] remaining! An allied Clan holds the occupied territory.
BATTLEFIELD_DIALOG_MONOLITH_CLOSING_UNOWNED,[Time] remaining! Capture the unoccupied territory to win!
KEIRING_AUTO_EQUIP_NOTHING_KEIRING,Cannot Auto-Equip. No Keyrings available.
KEIRING_EQUIP_SELECT_DESC,Select a Keyring to accompany you.
CLAN_RESEARCH_SYSTEM_MSG_EQUIP_CLAN_MASTER_SKILL,Equipped Skill: <Yellow>[SkillName]</>
CLAN_RESEARCH_SYSTEM_MSG_UNEQUIP_CLAN_MASTER_SKILL,Unequipped Skill: <Yellow>[SkillName]</>
CLAN_RESEARCH_SYSTEM_MSG_ASSIGN_CLAN_MEMBER_SKILL_SUCCESS,Assigned <MyClan>[CharacterName]</> as the skill user for <Yellow>[SkillName]</>.
CLAN_RESEARCH_SYSTEM_MSG_CLAN_MEMBER_SKILL_ASSIGNEE_NOTICE,You have been assigned as a skill user for <Yellow>[SkillName]</>. You can now use this clan skill.
CLAN_RESEARCH_SYSTEM_MSG_UNASSIGN_CLAN_MEMBER_SKILL_SUCCESS,Unassigned <MyClan>[CharacterName]</> as the skill user for <Yellow>[SkillName]</>.
CLAN_RESEARCH_SYSTEM_MSG_CLAN_MEMBER_SKILL_UNASSIGNEE_NOTICE,You have been unassigned as the skill user for <Yellow>[SkillName]</>. You can no longer use the skill.
CLAN_RESEARCH_SYSTEM_MSG_ACTIVE_SKILL_USE,<MyClan>[CharacterName]</> used the clan skill: <Yellow>[SkillName]</>.
CLAN_RESEARCH_NO_CLAN_MEMBER_SKILL_ASSIGN_TARGET,No User Assigned
CLAN_RESEARCH_SKILL_ACQUISITION_COMPLETE,Clan Skill Acquired
COMMON_PARTICIPATING,Participating
COMMON_NOT_PARTICIPATING,Not Participating
CLAN_RESEARCH_SKILL_ACQUISITION_AVAILABLE,Clan Skill Available
COSTUME_LIMITBREAK_CHANGE_TIP,Replacing your Phantom Weapon will swap its Ascension level.
OOPARTS_DISASSEMBLE_NO_HAVE_TIP,No OOParts available for extraction.
OOPARTS_DISASSEMBLE_TITLE_REWARD,Obtainable via Extraction
OOPARTS_DISASSEMBLE_REWARD_TIP,Extract OOParts Investigation Materials from OOParts.
OOPARTS_DISASSEMBLE_REWARD_TIP2,"You can extract
OOParts Investigation Materials from OOParts."
OOPARTS_DISASSEMBLE_BTN_DISASSEMBLE,Extract
OOPARTS_WISH_GRADE_RANGE,[MinGrade]★ - [MaxGrade]★
OOPARTS_WISH_TITLE_ENCHANT,Enhancement Level
OOPARTS_WISH_ENCHANT_RANGE,+[MinEnchant] - +[MaxEnchant] Enhancement
OOPARTS_WISH_TITLE_MATERIAL,Consumed Materials
OOPARTS_WISH_ENCHANT_RANGE_DETAIL,[MinEnchant] — [MaxEnchant] Enhancement Obtainable
OOPARTS_WISH_TITLE_OOPARTS,Obtainable
OOPARTS_WISH_TITLE_COST,Cost
OOPARTS_WISH_BTN_WISH_SELECT,Investigation
OOPARTS_WITH_REFRESH_NORMAL,Exploration
OOPARTS_WITH_REFRESH_PREMIUM,Special Exploration
OOPARTS_WISH_TITLE_REWARD,Investigation Rewards
OOPARTS_EXTRACT_NOITEM_MSG,No OOParts available for extraction.
OOPARS_WISH_MATERIAL_LACK_MSG,Insufficient materials. Cannot conduct OOParts investigation.
OOPARS_WISH_NOT_SELECTED_MSG,Select OOParts to investigate.
OOPARS_WISHLIST_FREE_NORMAL_REROLL_EXHAUSTED_MSG,No free Exploration remaining.
OOPARS_WISHLIST_FREE_PREMIUM_REROLL_EXHAUSTED_MSG,No free Special Exploration remaining.
OOPARTS_TAB_DISASSEMBLE,Extract
OOPARTS_TAB_WISH,Investigation
OOPARTS_MAIN_TITLE,OOParts
INTERSERVER_TAB_1,Abyss Battlefield 1F
INTERSERVER_TAB_2,Abyss Battlefield 2F
BATTLEFIELD_TOURNAMENT_TITLE_BAR,Clan Tournament
BATTLEFIELD_TOURNAMENT_MENU_ENTRY,Participant Selection
BATTLEFIELD_TOURNAMENT_MENU_MATCH,Participating Matches
BATTLEFIELD_TOURNAMENT_MENU_MATCH_LIST,Match List
BATTLEFIELD_TOURNAMENT_MENU_PREDICT_WINNER,Winner Prediction
BATTLEFIELD_TOURNAMENT_MENU_PREDICT_ROUND,Round Prediction
BATTLEFIELD_TOURNAMENT_MENU_ROUND_BETTING,Tournament Betting
BATTLEFIELD_TOURNAMENT_MENU_HISTORY,History
BATTLEFIELD_TOURNAMENT_ENTRY_TITLE,[SeasonName] #[SeasonNumber]: Finalizing participating clans…
BATTLEFIELD_TOURNAMENT_SEASON_NUMBER,Season [SeasonNumber]
BATTLEFIELD_TOURNAMENT_ENTRY_FIX_TITLE,[Name] Starts
BATTLEFIELD_TOURNAMENT_ENTRY_FIX_DESC,Participants confirmed. The tournament has officially begun!
BATTLEFIELD_TOURNAMENT_ENTRY_START_TITLE,[Name]: Selecting participating clans...
BATTLEFIELD_TOURNAMENT_ENTRY_START_DESC,The top [EntryCount] clans will be selected on [MM](MM) / [dd](DD) at [hh](h):[mm](m).
COMMON_RANKING_NORESULT,No rankings found.
COMMON_STATE,Status
BATTLEFIELD_TOURNAMENT_ROUND_512,Round of 512
BATTLEFIELD_TOURNAMENT_ROUND_256,Round of 256
BATTLEFIELD_TOURNAMENT_ROUND_128,Round of 128
BATTLEFIELD_TOURNAMENT_ROUND_64,Round of 64
BATTLEFIELD_TOURNAMENT_ROUND_32,Round of 32
BATTLEFIELD_TOURNAMENT_ROUND_16,Round of 16
BATTLEFIELD_TOURNAMENT_ROUND_8,Quarterfinals
BATTLEFIELD_TOURNAMENT_ROUND_4,Semifinals
BATTLEFIELD_TOURNAMENT_ROUND_THIRDPLACE,3rd/4th Place Match
BATTLEFIELD_TOURNAMENT_ROUND_FINAL,Finals
BATTLEFIELD_TOURNAMENT_RANK_REWARD_4TH,#4
BATTLEFIELD_TOURNAMENT_RANK_REWARD_3RD,#3
BATTLEFIELD_TOURNAMENT_RANK_REWARD_2ND,Top 2
BATTLEFIELD_TOURNAMENT_RANK_REWARD_1ST,1st Place
BATTLEFIELD_TOURNAMENT_ENTRY_AVAILABLE,Entry Available
BATTLEFIELD_TOURNAMENT_ENTRY_UNAVAILABLE,Entry Unavailable
BATTLEFIELD_TOURNAMENT_REWARD,Tournament Rewards
COMMON_FINAL_RANK_REWARD,Final Ranking Rewards
COMMON_SERVER_WIN_REWARD,Server Victory Rewards
COMMON_ROUND,Round
COMMON_PARTICIPATION_REWARD,Participation Reward
COMMON_MVP_REWARD,MVP Rewards
COMMON_SERVER_REWARD,Server-Wide Rewards
BATTLEFIELD_TOURNAMENT_PERSONAL_REWARD_TIP,Participation and MVP rewards are sent directly to your Inventory after the battle ends. (Sent via Mail if you leave early.)
BATTLEFIELD_TOURNAMENT_FINAL_RANK_REWARD_TIP,"Based on final results, individual rewards go to your Inbox and Clan rewards go to the Clan Treasury."
BATTLEFIELD_TOURNAMENT_SERVER_WIN_REWARD_TIP,"If a Clan from your server wins a match in each round, all players on that server receive rewards via Inbox."
BATTLEFIELD_TOURNAMENT_INFO_RULE_TITLE_1,Victory Condition
BATTLEFIELD_TOURNAMENT_INFO_RULE_DESC_1_1,Capture the central territory to earn points. The first Clan to reach the target score wins.
BATTLEFIELD_TOURNAMENT_INFO_RULE_DESC_1_2,The Clan with more members inside the territory claims control.
BATTLEFIELD_TOURNAMENT_INFO_RULE_DESC_1_3,The Clan holding the territory periodically earns points toward victory.
BATTLEFIELD_TOURNAMENT_INFO_RULE_DESC_1_4,Earn instant bonus points upon every successful capture or recapture.
BATTLEFIELD_TOURNAMENT_INFO_RULE_DESC_1_5,"When time expires, the Clan with the higher score wins."
BATTLEFIELD_TOURNAMENT_INFO_RULE_DESC_1_6,"In case of a tie, the winner is determined by the following priority: Kills → Main Buff Monsters Defeated → Sub Buff Monsters Defeated → Lower-Seeded Clan."
BATTLEFIELD_TOURNAMENT_INFO_RULE_DESC_1_7,All matches are single-elimination. Defeated clans are immediately eliminated.
BATTLEFIELD_TOURNAMENT_INFO_RULE_TITLE_2,Object Spawns & Effects
BATTLEFIELD_TOURNAMENT_INFO_RULE_DESC_2_1,"The central territory remains active throughout the match, granting victory points when captured and held."
BATTLEFIELD_TOURNAMENT_INFO_RULE_DESC_2_2,Sub Buff Monsters spawn every 5 minutes.
BATTLEFIELD_TOURNAMENT_INFO_RULE_DESC_2_3,"Defeating a Sub Buff Monster grants a weaker buff than the Main Buff Monster, stacking up to 4 times."
BATTLEFIELD_TOURNAMENT_INFO_RULE_DESC_2_4,"Main Buff Monsters spawn every 7 minutes, granting a powerful, tide-turning all-around buff."
BATTLEFIELD_TOURNAMENT_INFO_RULE_DESC_2_5,Landing the final blow on a Buff Monster applies the buff to your entire Clan.
BATTLEFIELD_TOURNAMENT_INFO_RULE_DESC_2_6,"Personal Buff Gadgets spawn randomly across the battlefield, granting a personal buff to any character that runs into them. (Duration: 1 min / Respawn: 1 min)"
BATTLEFIELD_TOURNAMENT_INFO_RULE_TITLE_3,Entry & Respawn
BATTLEFIELD_TOURNAMENT_INFO_RULE_DESC_3_1,Only members who belonged to a participating Clan at the time of roster confirmation can enter the battlefield.
BATTLEFIELD_TOURNAMENT_INFO_RULE_DESC_3_2,"You can enter the battlefield starting from the preparation period, and a notification will be sent to guide you."
BATTLEFIELD_TOURNAMENT_INFO_RULE_DESC_3_3,"Wait at the starting area during preparation. Obstacles will disappear when the battle begins, allowing entry into the combat zone."
BATTLEFIELD_TOURNAMENT_INFO_RULE_DESC_3_4,Members of the Clan holding the owned territory respawn at either the Clan Start Area or the Exclusive Defensive Respawn Point. A respawn cooldown applies when respawning at the Exclusive Defensive Respawn Point.
BATTLEFIELD_TOURNAMENT_INFO_RULE_DESC_3_5,Clans without the owned territory will respawn at their Clan Start Area.
BATTLEFIELD_TOURNAMENT_INFO_RULE_TITLE_4,Important Notes
BATTLEFIELD_TOURNAMENT_INFO_RULE_DESC_4_1,A Clan with fewer than 10 logged-in members when the battle begins will face a forfeit loss.
BATTLEFIELD_TOURNAMENT_INFO_RULE_DESC_4_2,"If all participating clans lack sufficient members, the higher-seeded clan wins."
BATTLEFIELD_TOURNAMENT_INFO_RULE_DESC_4_3,"Earn personal points for Kills, Assists, and Defeating Buff Monsters. Points are deducted upon death, and the player with the highest score is named MVP."
BATTLEFIELD_TOURNAMENT_INFO_RULE_DESC_4_4,"The results screen will display when the match ends, and players will automatically exit the battlefield after a set duration."
BATTLEFIELD_TOURNAMENT_INFO_RULE_DESC_4_5,Leaving your Clan during the match may result in exclusion from reward eligibility.
BATTLEFIELD_TOURNAMENT_PROGRESS_BATTLE_BATTLE_END_DESC,Drawing Brackets...
BATTLEFIELD_TOURNAMENT_PROGRESS_BRACKET_CONFIRM_DESC,Until Battle Preparation
BATTLEFIELD_TOURNAMENT_PROGRESS_BATTLE_READY_DESC,Until Battle Starts
BATTLEFIELD_TOURNAMENT_PROGRESS_BATTLE_START_DESC,Until Battle Ends
BATTLEFIELD_TOURNAMENT_MSG_BATTLEFIELD_NOT_READY_ENTER_UNAVAILABLE,Entry is available only during the Preparation or In Progress phases.
BATTLEFIELD_TOURNAMENT_BRACKET_CONFIRM_REMAINING_TIME,Bracket Confirmation in [Time]
BATTLEFIELD_TOURNAMENT_PROGRESS_STATE_BATTLE_END,Brackets Pending
BATTLEFIELD_TOURNAMENT_PROGRESS_STATE_BRACKET_CONFIRM,Brackets Confirmed
BATTLEFIELD_TOURNAMENT_PROGRESS_STATE_BATTLE_READY,Entry Available
BATTLEFIELD_TOURNAMENT_PROGRESS_STATE_BATTLE_START,In progress
BATTLEFIELD_TOURNAMENT_PROGRESS_LEFT_TIME_BRACKET_CONFIRM,Bracket Confirmation in [Time]
BATTLEFIELD_TOURNAMENT_PROGRESS_LEFT_TIME_BATTLE_READY,Preparing for Battle: [Time]
BATTLEFIELD_TOURNAMENT_PROGRESS_LEFT_TIME_BATTLE_START,Battle Starts in: [Time]
BATTLEFIELD_TOURNAMENT_PROGRESS_LEFT_TIME_BATTLE_END,Battle Ends in: [Time]
COMMON_READY_TIME,Preparation Time
COMMON_START_TIME,Start Time
BATTLEFIELD_TOURNAMENT_RULE_TAB,Battlefield Rules
BATTLEFIELD_TOURNAMENT_MAP_INFO_TAB_1,Battlefield Info 1
BATTLEFIELD_TOURNAMENT_MAP_INFO_TAB_2,Battlefield Info 2
BATTLEFIELD_TOURNAMENT_MAP_INFO_TAB_3,Battlefield Info 3
BATTLEFIELD_TOURNAMENT_SEASON_LEFT_TIME,Tournament Ends in: [Time]
BATTLEFIELD_TOURNAMENT_SEASON_END,Tournament Season Ended
BATTLEFIELD_TOURNAMENT_ROUND_MATCHING_UNCONFIRMED,"The brackets for this round are not yet confirmed.
Bracket Confirmation in [Time]"
COMMON_MATCH_SPECTATE,Spectate
COMMON_MATCH_BEFORE_START,Pre-process
COMMON_MATCH_ENDED,Match Ended
BATTLEFIELD_TOURNAMENT_STATUS_BOARD,Clan Tournament Status
BATTLEFIELD_TOURNAMENT_OCCUPATION_ATTEMPTING,Attempting Capture
BATTLEFIELD_TOURNAMENT_SCORE_POPUP_TIP,Only the detailed battle records of your Clan and your matched opponent for the current round will count toward the rankings.
BATTLEFIELD_TOURNAMENT_PREDICT_WINNER_TITLE,[SeasonName] [SeasonNumber] Champion Prediction
BATTLEFIELD_TOURNAMENT_PREDICT_WINNER_REMAINING_TIME,Prediction Closes in: [Time]
BATTLEFIELD_TOURNAMENT_PREDICT_WINNER_REMAINING_TIME_NEWLINE,"Prediction Closes in:
[Time]"
BATTLEFIELD_TOURNAMENT_PREDICT_WINNER_SUCCESS_REWARD,Prediction Success Reward
BATTLEFIELD_TOURNAMENT_PREDICT_WINNER_FAIL_REWARD,Prediction Failure Reward
COMMON_ENTRY_LIST_CHECK,View Roster
COMMON_ENTRY_LIST_SHOW,View Participants
BATTLEFIELD_TOURNAMENT_PREDICT_WINNER__SELECT,Select Champion
COMMON_MY_PREDICTION,My Prediction
COMMON_WINNER_CLAN_SELECT,Select Champion
COMMON_WINNER_CLAN_SELECT_CANCEL,Cancel Selection
BATTLEFIELD_TOURNAMENT_PREDICTION_WINNER_VOTE_RATE,Votes: [Value]%
BATTLEFIELD_TOURNAMENT_PREDICTION_WINNER_OTHER_CLAN_SELECT_COMPLETE,Selected Another Clan
BATTLEFIELD_TOURNAMENT_PREDICTION_WINNER_PICK_FAIL,Prediction Failed
BATTLEFIELD_TOURNAMENT_PREDICTION_WINNER_SELECT_COMPLETE_NOTICE,You have selected Clan [Name] as the champion.
BATTLEFIELD_TOURNAMENT_PREDICTION_WINNER_SELECT_CANCEL_NOTICE,Withdrew your winner prediction for Clan [Name].
BATTLEFIELD_TOURNAMENT_PREDICTION_WINNER_DEADLINE_EXPIRED_SELECT_UNAVAILABLE,Cannot make a selection after the prediction period has ended.
BATTLEFIELD_TOURNAMENT_PREDICTION_WINNER_DEADLINE_EXPIRED_WITHDRAW_UNAVAILABLE,Cannot cancel your selection after the prediction period has ended.
BATTLEFIELD_TOURNAMENT_PREDICT_BET_FIRST_ROUND,First Tournament
BATTLEFIELD_TOURNAMENT_PREDICT_BET_CARRY_OVER,#[Count] Prize Carried Over
BATTLEFIELD_TOURNAMENT_PREDICT_BET_TITLE,Tournament [Round] Betting
BATTLEFIELD_TOURNAMENT_PREDICT_BET_LEFT_TIME,Betting Closes in: [Time]
BATTLEFIELD_TOURNAMENT_PREDICT_BET_END,Betting Closed
BATTLEFIELD_TOURNAMENT_PREDICT_BET__ROUND_ALL_CLANS_SELECT_REQUIRED,Predict the outcomes of all listed matches to participate in betting.
BATTLEFIELD_TOURNAMENT_PREDICT_BET_RESULT_NOT_YET_AVAILABLE,Betting results are unavailable because this round's match was not played.
COMMON_START_DATE_END_DATE_RANGE,[StartDate] ~ [EndDate]
BATTLEFIELD_TOURNAMENT_ALARM_STATUS_BATTLE_READY,Tournament Preparing
BATTLEFIELD_TOURNAMENT_ALARM_STATUS_BATTLE_START,Tournament In Progress
EVENT_LUCKYBOX_REWARDRANK,#[Rank] Reward
EVENT_LUCKYBOX_RESET_TIME,Resets in [TIME]
EVENT_LUCKYBOX_RESET_COMPLETE,Resets when all rewards are sold out.
EVENT_LUCKYBOX_RESET_TOPCOMPLETE,Resets when the #1 reward is sold out.
EVENT_LUCKYBOX_REWARD_OPEN_NOTI_TITLE,[EventName] Unlocked
EVENT_LUCKYBOX_REWARD_OPEN_NOTI_DESC,Open the event to view the unlocked rewards. 
EVENT_LUCKYBOX_GET_REWARD_DESC,You have earned the [Rank] Reward!
EVENT_LUCKYBOX_GROUPREFRESH,Reset conditions met. Reward counts have been reset.
COMMON_AUTO_SELECT,Auto-Select
COMMON_SELECT_COMPLETE,Seleção concluída
COMMON_SUBMIT,Submit
BATTLEFIELD_TOURNAMENT_PREDICTION_ROUND_ALL_MATCH_WINNER_SELECT_REQUIRED,You must select a winner for every match on the list before submitting.
BATTLEFIELD_TOURNAMENT_PREDICTION_ROUND_SUBMIT_COMPLETE,Submitted
MAIL_TAB_CHARACTER,Bound
MAIL_TAB_SYSTEM,System
MAIL_TAB_CLAN,Clan
MAIL_TAB_INDIVIDUAL,Private
BATTLEFIELD_TOURNAMENT_FORFEIT_LOSS_NOTICE_MSG,"If fewer than [Count] clan members participate,
your clan will forfeit the match when it starts."
BATTLEFIELD_TOURNAMENT_FORFEIT_LOSS_DESC,Forfeited due to insufficient members
BATTLEFIELD_TOURNAMENT_ROUND_TIME_GROUP,([TimeGroup] Group)
BATTLEFIELD_TOURNAMENT_ROUND_TIME_DOUBLE_LINE,"[YYYY]-[MM]-[DD]
[HH]:[MM]:[SS]"
PARTY_TAB_CREATE,Create
PARTY_TAB_JOIN,Join
COSTUME_LIMITBREAK_SLOTEFFECTCOUNT_ERROR,You must register at least [Value2] Costumes of [Value1]-Star or higher in the Gallery to use this.
WEAPONCOSTUME_LIMITBREAK_SLOTEFFECTCOUNT_ERROR,You must register at least [Value2] Phantom Weapons of [Value1]-Star or higher in the Armory to use this.
EVENT_FRIENDINVITE_PROCESS_TITLE1,Invite Friend
EVENT_FRIENDINVITE_PROCESS_DESC1,Send your invitation code to a friend
EVENT_FRIENDINVITE_PROCESS_TITLE2,Enter Invitation Code
EVENT_FRIENDINVITE_PROCESS_DESC2,Enter your friend's invitation code
EVENT_FRIENDINVITE_PROCESS_TITLE3,Missions & Rewards
EVENT_FRIENDINVITE_PROCESS_DESC3,Complete missions together to win rewards for both!
EVENT_FRIENDINVITE_DETAIL_BUTTON,Invitation Details
EVENT_FRIENDINVITE_TAB_INVITE,Invite Friend
EVENT_FRIENDINVITE_TAB_ACCEP,Enter Invitation Code
EVENT_FRIENDINVITE_CODE_TITLE,Friend Invitation Code
EVENT_FRIENDINVITE_CODE_DESC,Bring your friends along for the adventure!
EVENT_FRIENDINVITE_CODE_COPY,Copy
EVENT_FRIENDINVITE_REWARD_TITLE,Mission Reward Progress
EVENT_FRIENDINVITE_REWARD_TITLE_DESC,Earn rewards for missions completed by friends who registered their invitation codes.
EVENT_FRIENDINVITE_CODE_DESC_CONDITION,Invitation codes can be generated [Param] day(s) after character creation.
EVENT_FRIENDINVITE_ACCEP_TITLE,Enter Invitation Code
EVENT_FRIENDINVITE_ACCEP_DESC,Enter the invitation code from your friend.
EVENT_FRIENDINVITE_ACCEP_TIP,Available only for new or returning players (inactive for [Param] days)
EVENT_FRIENDINVITE_ACCEP_BUTTON,Register
EVENT_FRIENDINVITE_MISSON_REWARD_TITLE,Mission Reward
EVENT_FRIENDINVITE_MISSON_REWARD_DESC,Enter the code and complete all missions below for bonus rewards.
EVENT_FRIENDINVITE_MISSON_LIST_TITLE,Friend Missions
EVENT_FRIENDINVITE_MISSON_REWARD,Reward
EVENT_FRIENDINVITE_MISSON_REWARD_COUNT,Mission Completion Rewards (Count/MaxCount)
EVENT_FRIENDINVITE_CODE_HINT,Enter the invitation code.
EVENT_FRIENDINVITE_REWARD_COUNT,Completed: [count] (Count/MaxCount)
EVENT_FRIENDINVITE_CODE_ACCEP_DESC_CONDITION,Only new or returning players can register an invitation code.
EVENT_FRIENDINVITE_CODE_COPY_MSG,Code copied! Share it with your friends.
EVENT_FRIENDINVITE_CODE_ACCEP_ONESELF,You cannot invite yourself.
EVENT_FRIENDINVITE_CODE_ACCEP_WRONG,Enter a valid code.
EVENT_FRIENDINVITE_CODE_ACCEP_FULL,Invitation limit reached ([Param] friends). This code can no longer be used.
EVENT_FRIENDINVITE_CODE_ACCEP_SUCCESS,Invitation code successfully registered! Check out your missions!
EVENT_FRIENDINVITE_CODE_ACCEP_ALREADY,This invitation code has already been used.
EVENT_FRIENDINVITE_MISSION_NOT_CODE,This mission is only available for new or returning players.
EVENT_FRIENDINVITE_INVITE_TIP,Check your friends’ mission progress.
EVENT_FRIENDINVITE_NOT_REGISTERED_MSG,You must register an invitation code to receive the reward.
SHOP_PURCHASE_DAYOFWEEK_WEEKEND,Weekend Only Items
SHOP_PURCHASE_DAYOFWEEK_WEEKDAY,Weekday Only Items
SHOP_PURCHASE_DAYOFWEEK,[N] Only Items
BATTLEFIELD_TOURNAMENT_ROUND_BETTING_HIT_SUCCESS,Successful Prediction
BATTLEFIELD_TOURNAMENT_ROUND_BETTING_HIT_FAIL,Prediction Failed
BATTLEFIELD_TOURNAMENT_BETTING_RULE_DESC_1,"This is a bet predicting the winning clan in every match of the qualifying rounds, and you take part by paying an entry fee.
(The full entry fee is pooled into the grand prize, with an additional bonus prize added by the system.)"
BATTLEFIELD_TOURNAMENT_BETTING_RULE_DESC_2,"Betting is available until the match for that round begins, and you may cancel anytime during the eligible period to get your entry fee refunded."
BATTLEFIELD_TOURNAMENT_BETTING_RULE_DESC_3,Ranks are determined based on how few incorrect predictions you make. The grand prize is distributed based on your final ranking.
BATTLEFIELD_TOURNAMENT_BETTING_RULE_DESC_4,"Prize money for tied ranks is split equally among the number of winners in that rank, and the share of any rank with no winners is redistributed equally among the remaining ranks that do have winners."
BATTLEFIELD_TOURNAMENT_BETTING_RULE_DESC_5,The prize pool will be distributed via mail based on final rankings once a round produces a 1st place winner (perfect prediction).
BATTLEFIELD_TOURNAMENT_BETTING_RULE_DESC_6,"If there is no 1st place winner, the prize pool will roll over to the next round without payout, combined with new entry fees to increase the total prize pool."
BATTLEFIELD_TOURNAMENT_BETTING_RULE_DESC_7,"When a rollover occurs, existing participants can predict again for free. If no new selection is made, your bet will automatically default to the clan with the highest vote percentage."
BATTLEFIELD_TOURNAMENT_BET_REWARD,Tournament Betting Prizes
BATTLEFIELD_TOURNAMENT_BET_REWARD_TAB_1,1st Place
BATTLEFIELD_TOURNAMENT_BET_REWARD_TAB_2,Top 2
BATTLEFIELD_TOURNAMENT_BET_REWARD_TAB_3,#3
BATTLEFIELD_TOURNAMENT_BET_REWARD_TAB_4,#4
BATTLEFIELD_TOURNAMENT_BET_REWARD_TAB_5,#5
BATTLEFIELD_TOURNAMENT_BET_ACQUIRED_REWARD,Rewards Claimed
BATTLEFIELD_TOURNAMENT_BET_REWARD_TIP,Rewards by rank are split equally based on the number of winners.
BATTLEFIELD_TOURNAMENT_BET_WINNER_LIST,Winners
BATTLEFIELD_TOURNAMENT_BET_TOTAL_PRIZE,Total Prize Pool
BATTLEFIELD_TOURNAMENT_BET_PRIZE_SPLIT,Prize Distribution Rate
BATTLEFIELD_TOURNAMENT_BET_1ST_DESC,1st Prize (0 Incorrect)
BATTLEFIELD_TOURNAMENT_BET_2ND_DESC,2nd Prize (1 Incorrect)
BATTLEFIELD_TOURNAMENT_BET_3RD_DESC,3rd Prize (2 Incorrect)
BATTLEFIELD_TOURNAMENT_BET_4TH_DESC,4th Prize (3 Incorrect)
BATTLEFIELD_TOURNAMENT_BET_5TH_DESC,5th Prize (4 Incorrect)
BATTLEFIELD_TOURNAMENT_BET_RULE,Betting Rules
ITEM_TYPE_OOPARTS,OOParts
OOPARTS_REFRESH_TIP_DESC,"Exploration costs increase with each attempt, and explocation count resets daily at <Yellow>04:00</>."
CLAN_RESEARCH_NOT_ACQUIRED,Not Completed
OOPARTS_REFRESH_POPUP_TITLE_NAME,Exploration Count
OOPARTS_REFRESH_POPUP_TAB_NORMAL,Exploration
OOPARTS_REFRESH_POPUP_TAB_PREMIUM,Special Exploration
OOPARTS_LEVELUPCOUNT,[Value]Time(s)
EQUIPMENT_OOPARTS_NOTMULTIENCHANT,You can’t multi-enhance equipment and OOParts together.
BATTLEFIELD_TOURNAMENT_BETTING_ENTRY,Place Bet
BATTLEFIELD_TOURNAMENT_BETTING_CANCEL,Cancel Bet
BATTLEFIELD_TOURNAMENT_BETTING_COST,Betting Cost
BATTLEFIELD_TOURNAMENT_INFO_MAP_TITLE_1,Starting & Respawn Points
BATTLEFIELD_TOURNAMENT_INFO_MAP_DESC_1_1,"This is where the clan is deployed at the start of battle, and it also serves as the respawn point for clans that do not hold a territory."
BATTLEFIELD_TOURNAMENT_INFO_MAP_DESC_1_2,Players can return to the front lines instantly with no respawn cooldown.
BATTLEFIELD_TOURNAMENT_INFO_MAP_DESC_1_3,You cannot leave your starting position until the battle begins.
BATTLEFIELD_TOURNAMENT_INFO_MAP_DESC_1_4,Entering the enemy respawn area will forcibly teleport you back to your clan's starting point.
BATTLEFIELD_TOURNAMENT_INFO_MAP_TITLE_2,Territory
BATTLEFIELD_TOURNAMENT_INFO_MAP_DESC_2_1,The core zone located at the very center of the battlefield.
BATTLEFIELD_TOURNAMENT_INFO_MAP_DESC_2_2,"The clan with more members inside will capture the zone. Capturing it awards instant points, and score accumulates continuously while the zone is held."
BATTLEFIELD_TOURNAMENT_INFO_MAP_DESC_2_3,"Even after the enemy clan captures it, you can recapture it, and successfully recapturing it immediately grants points."
BATTLEFIELD_TOURNAMENT_INFO_MAP_DESC_2_4,The first clan to reach the target score claims victory.
BATTLEFIELD_TOURNAMENT_INFO_MAP_TITLE_3,Defense Revive Location
BATTLEFIELD_TOURNAMENT_INFO_MAP_DESC_3_1,An exclusive respawn point reserved for the clan currently holding the territory.
BATTLEFIELD_TOURNAMENT_INFO_MAP_DESC_3_2,"Provides a defensive advantage when guarding the base, but incurs a respawn cooldown."
BATTLEFIELD_TOURNAMENT_INFO_MAP_DESC_3_3,Lost territories cannot be used. You will respawn at the clan’s starting area.
BATTLEFIELD_TOURNAMENT_INFO_MAP_TITLE_4,Guardian of the Ruins (Main Boss)
BATTLEFIELD_TOURNAMENT_INFO_MAP_DESC_4_1,A powerful monster that spawns on the battlefield every 7 minutes.
BATTLEFIELD_TOURNAMENT_INFO_MAP_DESC_4_2,"Delivering the final blow against the monster grants a massive, game-changing combat buff to all members of that clan."
BATTLEFIELD_TOURNAMENT_INFO_MAP_DESC_4_3,Successfully defeating the enemy grants a high individual score.
BATTLEFIELD_TOURNAMENT_INFO_MAP_TITLE_5,Chrono Warper (Sub Boss)
BATTLEFIELD_TOURNAMENT_INFO_MAP_DESC_5_1,A monster that spawns on the battlefield every 5 minutes.
BATTLEFIELD_TOURNAMENT_INFO_MAP_DESC_5_2,"Grants all members of the clan that lands the finishing blow a buff weaker than the one granted by the Guardian of the Ruins, stacking up to 4 times."
BATTLEFIELD_TOURNAMENT_CLAN_ENTRY_LIST,Clan Member Roster
BATTLEFIELD_TOURNAMENT_ROUND_PREDICT_HIT_SUCCESS,Successful Prediction
BATTLEFIELD_TOURNAMENT_ROUND_PREDICT_HIT_FAIL,Prediction Failed
BATTLEFIELD_TOURNAMENT_ROUND_PREDICT_HIT_COUNT,Correct Predictions
BATTLEFIELD_TOURNAMENT_ROUND_PREDICT_HIT_SCORE,Reward Points
COMMON_SCORE_VALUE,[Value] points
BATTLEFIELD_TOURNAMENT_PREDICTION_SCORE,Prediction Score
BATTLEFIELD_TOURNAMENT_TOURNAMENT_BRACKET_CREATING_NOTICE_MSG,Match brackets for this round have not been confirmed.
BATTLEFIELD_TOURNAMENT_PREDICT_ROUND_TIP,"Round winner predictions are available starting from up to the Round of 64, depending on the tournament size.
Rewards based on your cumulative prediction score will be sent all at once via in-game mail after the finals."
BATTLEFIELD_TOURNAMENT_MAIN_BOSS,Main Boss
BATTLEFIELD_TOURNAMENT_SUB_BOSS,Sub Boss
BATTLEFIELD_TOURNAMENT_SCORE_POPUP_TITLE,Battlefield Combat Log
BATTLEFIELD_TOURNAMENT_MSG_BATTLEFIELD_ENTER_UNAVAILABLE_NOT_ENTRY_CHARACTER,"Once participating clans are locked, non-members cannot enter the battlefield."
BATTLEFIELD_DIALOG_MONOLITH_CAPTURE_SUCCESS_MY,Your clan has captured the territory first.
BATTLEFIELD_DIALOG_MONOLITH_CAPTURE_SUCCESS_ENEMY,The enemy clan has captured the territory first.
BATTLEFIELD_DIALOG_MONOLITH_CAPTURE_RETAKE_MY,Your clan has reclaimed the territory from the enemy.
BATTLEFIELD_DIALOG_MONOLITH_CAPTURE_RETAKE_ENEMY,The enemy clan has captured your territory.
BATTLEFIELD_DIALOG_SUB_BUFF_MONSTER_SPAWN,The Chrono Warper with distorted power has appeared.
BATTLEFIELD_DIALOG_SUB_BUFF_MONSTER_KILL_MY,Your clan has defeated the Chrono Warper and gained its distorted power.
BATTLEFIELD_DIALOG_SUB_BUFF_MONSTER_KILL_ENEMY,The enemy clan has defeated the Chrono Warper and gained its distorted power.
BATTLEFIELD_DIALOG_MAIN_BUFF_MONSTER_SPAWN,"The Guardian of the Ruins, wielding powerful spirit energy, has appeared."
BATTLEFIELD_DIALOG_MAIN_BUFF_MONSTER_KILL_MY,Your clan has defeated the Guardian of the Ruins and gained powerful spirit energy.
BATTLEFIELD_DIALOG_MAIN_BUFF_MONSTER_KILL_ENEMY,The enemy clan has defeated the Guardian of the Ruins and gained powerful spirit energy.
BATTLEFIELD_DIALOG_TOURNAMENT_CLOSING_UNOWNED,[Time] remaining. Capture the territory—victory is within reach.
BATTLEFIELD_DIALOG_TOURNAMENT_CLOSING_MY_OWNED,[Time] remaining. Defend your territory until the very end.
BATTLEFIELD_DIALOG_TOURNAMENT_CLOSING_ENEMY_OWNED,[Time] remaining. Don't give up—seize the enemy's territory.
BATTLEFIELD_TOURNAMENT_PREDICT_WINNER_LEFT_TIME,Champion Prediction Closes In: [Time]
BATTLEFIELD_TOURNAMENT_PREDICT_WINNER_END,Champion Prediction Closed
BATTLEFIELD_TOURNAMENT_OBSERVER_NOT_ENTER,Cannot observe. The match has not started yet.
BATTLEFIELD_TOURNAMENT_PREDICT_ROUND_TITLE,Round Prediction Scoreboard
BATTLEFIELD_TOURNAMENT_BET_LIST_HINT_MSG,Match brackets have not been confirmed.
OOPARTS_COST_FREE,No Cost
CHARACTER_FIRSTPOSITION_POPUPTITLE,Nickname Reservation Info
CHARACTER_FIRSTPOSITION_POPUPDESC,"A reserved nickname already exists.
Connect to the server with your reserved nickname now?"
CHARACTER_FIRSTPOSITION_POPUPBTN,Log In Now
CHARACTER_FIRSTPOSITION_SERVERNAME,Server: [Name]
CHARACTER_FIRSTPOSITION_CHARACTERNAME,Nickname: [Name]
CHARACTER_FIRSTPOSITION_MARK,Reserved
CHARACTER_FIRSTPOSITION_SERVERERROR,"This is not your reserved server.
Your reservation will be valid until [mm:dd]."
CHARACTER_FIRSTPOSITION_EVENTTITLE,Nickname Reservation in Progress
CHARACTER_FIRSTPOSITION_REMAINTIMEOVER,Your nickname reservation has expired.
CHARACTER_FIRSTPOSITION_NICKNAMEERROR,Create a character without using your reserved name? Your reservation is valid until [mm:dd].
OOPARTS_REFRESH_TIP_DESC2,Special Exploration guarantees <Grade[Value1]>[Value2]★ </> or higher OOParts Investigation Zones x <Yellow>[Count]</>.
OOPARTS_COMMON_RENEW_UPDATE_CONFIRM,Confirm
OOPARTS_COMMON_RENEW_UPDATE_MSG,Daily reset applied. Exploration count has been reset.
OOPARTS_COMMON_RENEW_UPDATE_TITLE,OOParts Exploration Counts Reset
OOPARTS_WISH_TITLE_GRADE,Acquired OOParts
EQUIPMENT_ENCHANT_SAME_OOPART_APPLY_BUTTON,Register Duplicate OOParts
BROADCAST_OOPARTSACQUISITION_MSG,"[Name] has acquired <Grade[Value1]> OOParts +[Value2] [ItemName]</>{jstag:을,를}."
BROADCAST_OOPARTSENCHANTSUCCESS_MSG,[Name] successfully enhanced <Grade[Value1]>[ItemName]</> to +[Value2].
ITEM_TYPE_ENCHANTMATERIALOOPARTS,OOParts Enhancement Materials
OOPARTS_EXTRACT_NO_LONGER_SELECTED,Select up to [MaxCount].
OOPARTS_EXTRACT_NEED_GRADE_SELECTION,Select the grade of the items to extract first.
OOPARTS_WISH_GRADE_RANGE_DETAIL,Obtainable: [MinGrade]★ - [MaxGrade]★ OOParts
BATTLEROYALE_CONTENTS_TITLE,Anomalous Incursion
BATTLEROYALE_CONTENTS_DESC,Anomalous Incursion Narrative Description
BATTLEROYALE_CONTENTS_OPEN_DESC,Entry Time
BATTLEROYALE_CONTENTS_OPEN_DAY,[OpenDay]
BATTLEROYALE_CONTENTS_OPEN_TIME,[OpenTime] - [EndTime]
BATTLEROYALE_CONTENTS_PARTYTYPE,Participation Type
BATTLEROYALE_CONTENTS_PARTYTYPE_DESC,Solo or Party of 2–5 players
BATTLEROYALE_CONTENTS_MATCHINGTIMER,[HH:MM:SS]
BATTLEROYALE_CONTENTS_MATCHING,Matching for Anomalous Incursion...
BATTLEROYALE_PARTY_SETUP,Form Party
BATTLEROYALE_PARTY_SETUP_WARN,A party member cannot enter.
BATTLEROYALE_PLAYABLE_END,Until entry ends: [MM:SS]
BATTLEROYALE_PLAYABLE_TIME,Entry Time
BATTLEROYALE_ENTERPOPUP_AREANOTI,Only the Party Leader can select this.
BATTLEROYALE_VIRTUAL_STAT,Scaled Stats Applied
BATTLEROYALE_VIRTUAL_STAT_LEVEL,Level
BATTLEROYALE_VIRTUAL_STAT_LEVEL_VALUE,Lv. [VALUE]
BATTLEROYALE_VIRTUAL_STAT_COMBATPOWER,By Combat Power
BATTLEROYALE_REWARD_SOLO,Individual Matchmaking Rewards
BATTLEROYALE_REWARD_PARTICIPATION,Party Matchmaking Rewards
BATTLEROYALE_TAB_MAINMENU,Anomalous Incursion
BATTLEROYALE_TAB_MISSION,Mission
BATTLEROYALE_BTN_ENTER,Request Matchmaking
BATTLEROYALE_BTN_ENTERCANCLE,Cancel matchmaking
BATTLEROYALE_MISSION_INFO,Mission Level Info
BATTLEROYALE_MISSION_CLANSCORE,Anomalous Incursion Clan Score
BATTLEROYALE_MISSION_CLANFULL,Clan Treasury is full.
BATTLEROYALE_MISSION_LEFTTIME,[HH:MM:SS] Remaining
BATTLEROYALE_MISSION_BTN_CANNOTPROGRESS,Cannot Progress
BATTLEROYALE_MISSION_BTN_PROGRESS,In progress
BATTLEROYALE_MISSION_BTN_COMPLETED,Completed
BATTLEROYALE_STARTSPOT_SELECTED,Selected
BATTLEROYALE_BUFFCARD_POPUPTITLE,Select Anomaly Object
BATTLEROYALE_BUFFCARD_UPWARD,Combat Power +[Value]
BATTLEROYALE_BUFFCARD_DECLINE,Combat Power -[Value]
BATTLEROYALE_CONTENTSCHANCENAME,Anomalous Incursion Entry Attempts
BATTLEROYALE_REMAINPARTY,Remaining Parties
BATTLEROYALE_REMAINPLAYER,Survivor
BATTLEROYALE_ENTERPOPUP_TITLE,Prepare for Entry
BATTLEROYALE_ENTERPOPUP_PLAYERCOUNT,Players
BATTLEROYALE_ENTERPOPUP_MAXPLAYER,Max Participants
BATTLEROYALE_ENTERPOPUP_MYPARTY,My Party Members
BATTLEROYALE_ENTERPOPUP_READY,[SS] seconds remaining until entry.
BATTLEROYALE_ENTERPOPUP_SELECTEDAREA,Starting Point: [AreaName]
BATTLEROYALE_GAMESTEP,Anomalous Incursion Progress
BATTLEROYALE_COUNTDOWN,Time remaining until match starts: [MM:SS]
BATTLEROYALE_PHASESHIFT,Time remaining until safe zone shrinks: [MM:SS]
BATTLEROYALE_SAFEZONECUT,Safe Zone Shrinking
BATTLEROYALE_FINALLOCKDOWN,Final Battle! Eliminate all enemies!
BATTLEROYALE_NOTIPHASESHIFT,The match takes place in the zone marked on the World Map. [SS] seconds remaining!
BATTLEROYALE_GAMERESULT,Match Results
BATTLEROYALE_SOLOSURVIVAL_RANK,My Survival Rank
BATTLEROYALE_KILLCOUNT,Enemies Defeated
BATTLEROYALE_SURVIVAL_TIME,Survival Time
BATTLEROYALE_TOTALPOWER,Final CP
BATTLEROYALE_PARTYSURVIVAL_RANK,Party Survival Rank
BATTLEROYALE_PARTYSURVIVAL_UNRANK,Calculating...
BATTLEROYALE_SURVIVAL_RANK,Rank [Value]/[TotalPlayerCount]
BATTLEROYALE_KILLCOUNT_VALUE,[Value] players
BATTLEROYALE_SURVIVAL_TIME_VALUE,[MM]m [SS]s
BATTLEROYALE_RANK_REWARD_SOLO,Individual Survival Rank Rewards
BATTLEROYALE_RANK_REWARD_PARTICIPATION,Party Survival Rank Rewards
BATTLEROYALE_NOTI_AUTOREVIVE,Relocating to the staging area in [ss] seconds.
BATTLEROYALE_REVIVE,Go to Staging Area
BATTLEROYALE_WORLDOUT,Exit Anomalous Incursion
BATTLEROYALE_CHANCE_TIP_TITLE,[Weekly Entries]
BATTLEROYALE_CHANCE_TIP_TITLE2,"Basic entries: <Yellow>[Value1]</>
The basic weekly entry attempts reset every Monday at 4:00 AM."
BATTLEROYALE_CHANCE_TIP_DESC,"[Weekly Entry Recharge Rules]
- Basic entries reset every week at the <Yellow>weekly reset time</>.
- Maximum basic entries are [Value1], and remaining entries do not accumulate."
BATTLEROYALE_INFO_TIP,[Anomalous Incursion Rules]
BATTLEROYALE_INFO_TIP_DESC,[Content will be updated once detailed rules are finalized.]
BATTLEROYALE_MISSION_CLANSCORE_REWARD_TOOLTIP,"Total mission scores of your Clan this week.
Score and reward history
reset every <Yellow>Monday at 04:00</>."
BATTLEROYALE_PARTY_SETUP_RULE_DESC,"<Orange>[Party Formation Rules]</>
 - You can form a party and queue for matchmaking without any restrictions.
 - You can also participate solo without recruiting any party members."
BATTLEROYALE_PARTY_SETUP_RULE_DESC2,"<Orange>[Matchmaking Rules]</>
 - Anomalous Incursion features a unified matchmaking pool for both solo and party players.
 - Individual participants and parties are matched together in the same battle. Please review your rewards or missions to choose the right queue for you."
BATTLEROYALE_VIRTUAL_STAT_TIP,"<Orange>[Scaled Stats]</>
 - To ensure a fairer combat environment, Anomalous Incursion applies unique stats based on predefined level brackets.
 - Your level and stats will be adjusted depending on the bracket your character's current level falls into.
 - Your level and stats may scale higher or lower than your original values during this process, but these changes apply only within the Anomalous Incursion match.
 - Once the match ends and you return to the Forsaken Land, these scaled stats will be deactivated."
BATTLEROYALE_SOLO_REWARD_TIP,"<Orange>[Individual Matchmaking Rewards]</>
 - Even if you participate solo without a party, you can still earn rewards based on your individual survival rank.
 - Reward types and quantities may differ from those of party participants."
BATTLEROYALE_PARTY_REWARD_TIP,"<Orange>[Party Matchmaking Rewards]</>
 - If you participate in a party of 2 or more players, you will earn rewards based on your party's final survival rank.
 - You will not receive rewards based on your individual survival rank; rewards are determined by the party's rank at the exact moment all party members are eliminated.
 - Even if you are eliminated early, you can still claim the Champion rewards as long as at least one member of your party survives until the end.
 - Reward types and quantities may differ from those of individual participants."
BATTLEFIELD_TOURNAMENT_ROUND_MATCHING_UNCONFIRMED_NO_TIME,The brackets for this round are not yet confirmed.
BATTLEFIELD_TOURNAMENT_PREDICT_BET_BEFORE_BRACKET_CONFIRMATION,Before Betting Starts
BATTLEFIELD_TOURNAMENT_PROGRESS_LEFT_TIME_BATTLE_END_WAITING,Time remaining until round ends: [Time]
BATTLEFIELD_TOURNAMENT_PREDICTION_ROUND_NO_CHANGE_PREVIOUS,Not submitted because the prediction is the same as your previous submission.
COMMON_WIN_ENG,Win
COMMON_LOSE_ENG,Lose
BATTLEFIELD_DIALOG_MAIN_BUFF_MONSTER_SPAWN_SOON,The Guardian of the Ruins with immense spiritual energy will spawn in 10 seconds.
BATTLEFIELD_DIALOG_SUB_BUFF_MONSTER_SPAWN_SOON,The Chrono Warper with distorted power will spawn in 10 seconds.
BATTLEFIELD_TOURNAMENT_MSG_NOT_ENTRY_TARGET,Cannot enter. You are not a participant in this tournament.
BATTLEFIELD_TOURNAMENT_MATCH_LIST,Tournament Match List
BLESSINGCARD_DECIDE_NOHAVE,No Blessings of the Constellations to confirm.
KEIRING_DECIDE_NOHAVE,No Keyrings to confirm.
OOPARTS_DETAIL_TYPE_NAME_MECHANIC,Mecha OOPArts
OOPARTS_DETAIL_TYPE_NAME_ENERGY,Energy OOPArts
OOPARTS_DETAIL_TYPE_NAME_DIVINE,Divine OOPArts
OOPARTS_DETAIL_TYPE_NAME_NATURE,Nature OOPArts
OOPARTS_DETAIL_TYPE_NAME_PSYCHIC,Mental OOPArts
OOPARTS_DETAIL_TYPE_NAME_SIMPLE_MECHANIC,Mecha
OOPARTS_DETAIL_TYPE_NAME_SIMPLE_ENERGY,Energy
OOPARTS_DETAIL_TYPE_NAME_SIMPLE_DIVINE,Divine
OOPARTS_DETAIL_TYPE_NAME_SIMPLE_NATURE,Nature
OOPARTS_DETAIL_TYPE_NAME_SIMPLE_PSYCHIC,Mystic
BATTLEFIELD_AUTO_EXIT_REMAINING_TIME,Automatic exit after [Time]
BATTLEFIELD_TOURNAMENT_ELIMINATED,Eliminated from Tournament
OOPARTS_ENCHANT_BREAK_SYSTEM_MSG,"Failed to enhance to +[Value], OOPArts destroyed."
OOPARTS_ENCHANT_BREAK_WARNNING_MSG,"If the enhancement <Red>fails at the selected level,
the OOPArts will be destroyed</>.
Proceed with the enhancement?"
WARNING_ENCHANT_COLLECTION_OOPARTS,"This is a <Orange>highly enhanced OOPArts</>.
<Red>It cannot be restored after research.</>

Proceed with the research?"
WARNING_ENCHANT_OOPARTSENCHANT,"This is a <Orange>highly enhanced OOPArts</>.
<Red>Failure may result in OOPArts destruction.</>

Proceed with the enhancement?"
WARNING_GRADE_OOPARTSENCHANT,"This is a <Orange>high-star OOPArts</>.
<Red>Failure may result in OOPArts destruction.</>

Proceed with the enhancement?"
WARNING_GRADEENCHANT_OOPARTSENCHANT,"This is a <Orange>high-star, highly enhanced OOPArts</>.
<Red>Failure may result in OOPArts destruction.</>

Proceed with the enhancement?"
BATTLEFIELD_TOURNAMENT_PREDICTION_ROUND_DEADLINE_EXPIRED_SELECT_UNAVAILABLE,Predictions for this round are now closed.
SPLASH_ERROR,This account belongs to a region without a game rating.
PENALTYRECOVER_BASICNUMBER_NAME,Recovery Storage Capacity
