Id,Name,Description
1002001,A Grande Épica de um Herói {TaskIndex},Conclua missões épicas {RequiredStackCount} vezes
1002002,A Grande Épica de um Herói {TaskIndex},Conclua missões épicas {RequiredStackCount} vezes
1002003,A Grande Épica de um Herói {TaskIndex},Conclua missões épicas {RequiredStackCount} vezes
1002004,A Grande Épica de um Herói {TaskIndex},Conclua missões épicas {RequiredStackCount} vezes
1002005,A Grande Épica de um Herói {TaskIndex},Conclua missões épicas {RequiredStackCount} vezes
1002006,A Grande Épica de um Herói {TaskIndex},Conclua missões épicas {RequiredStackCount} vezes
1002007,A Grande Épica de um Herói {TaskIndex},Conclua missões épicas {RequiredStackCount} vezes
1002008,A Grande Épica de um Herói {TaskIndex},Conclua missões épicas {RequiredStackCount} vezes
1002009,A Grande Épica de um Herói {TaskIndex},Conclua missões épicas {RequiredStackCount} vezes
1002010,A Grande Épica de um Herói {TaskIndex},Conclua missões épicas {RequiredStackCount} vezes
1002011,A Grande Épica de um Herói {TaskIndex},Conclua missões épicas {RequiredStackCount} vezes
1002012,A Grande Épica de um Herói {TaskIndex},Conclua missões épicas {RequiredStackCount} vezes
1002013,A Grande Épica de um Herói {TaskIndex},Conclua missões épicas {RequiredStackCount} vezes
1002014,A Grande Épica de um Herói {TaskIndex},Conclua missões épicas {RequiredStackCount} vezes
1002015,A Grande Épica de um Herói {TaskIndex},Conclua missões épicas {RequiredStackCount} vezes
1002016,A Grande Épica de um Herói {TaskIndex},Conclua missões épicas {RequiredStackCount} vezes
1002017,A Grande Épica de um Herói {TaskIndex},Conclua missões épicas {RequiredStackCount} vezes
1002018,A Grande Épica de um Herói {TaskIndex},Conclua missões épicas {RequiredStackCount} vezes
1002019,A Grande Épica de um Herói {TaskIndex},Conclua missões épicas {RequiredStackCount} vezes
1002020,A Grande Épica de um Herói {TaskIndex},Conclua missões épicas {RequiredStackCount} vezes
1002021,A Grande Épica de um Herói {TaskIndex},Conclua missões épicas {RequiredStackCount} vezes
1002022,A Grande Épica de um Herói {TaskIndex},Conclua missões épicas {RequiredStackCount} vezes
1002023,A Grande Épica de um Herói {TaskIndex},Conclua missões épicas {RequiredStackCount} vezes
1003001,Encontrado por acaso {TaskIndex},Concluir submissões {RequiredStackCount} Vezes
1003002,Encontrado por acaso {TaskIndex},Concluir submissões {RequiredStackCount} Vezes
1003003,Encontrado por acaso {TaskIndex},Concluir submissões {RequiredStackCount} Vezes
1003004,Encontrado por acaso {TaskIndex},Concluir submissões {RequiredStackCount} Vezes
1003005,Encontrado por acaso {TaskIndex},Concluir submissões {RequiredStackCount} Vezes
1003006,Encontrado por acaso {TaskIndex},Concluir submissões {RequiredStackCount} Vezes
1003007,Encontrado por acaso {TaskIndex},Concluir submissões {RequiredStackCount} Vezes
1003008,Encontrado por acaso {TaskIndex},Concluir submissões {RequiredStackCount} Vezes
1003009,Encontrado por acaso {TaskIndex},Concluir submissões {RequiredStackCount} Vezes
1003010,Encontrado por acaso {TaskIndex},Concluir submissões {RequiredStackCount} Vezes
1003011,Encontrado por acaso {TaskIndex},Concluir submissões {RequiredStackCount} Vezes
1003012,Encontrado por acaso {TaskIndex},Concluir submissões {RequiredStackCount} Vezes
1003013,Encontrado por acaso {TaskIndex},Concluir submissões {RequiredStackCount} Vezes
1003014,Encontrado por acaso {TaskIndex},Concluir submissões {RequiredStackCount} Vezes
1003015,Encontrado por acaso {TaskIndex},Concluir submissões {RequiredStackCount} Vezes
1003016,Encontrado por acaso {TaskIndex},Concluir submissões {RequiredStackCount} Vezes
1003017,Encontrado por acaso {TaskIndex},Concluir submissões {RequiredStackCount} Vezes
1003018,Encontrado por acaso {TaskIndex},Concluir submissões {RequiredStackCount} Vezes
1003019,Encontrado por acaso {TaskIndex},Concluir submissões {RequiredStackCount} Vezes
1003020,Encontrado por acaso {TaskIndex},Concluir submissões {RequiredStackCount} Vezes
1003021,Encontrado por acaso {TaskIndex},Concluir submissões {RequiredStackCount} Vezes
1003022,Encontrado por acaso {TaskIndex},Concluir submissões {RequiredStackCount} Vezes
1003023,Encontrado por acaso {TaskIndex},Concluir submissões {RequiredStackCount} Vezes
1003024,Encontrado por acaso {TaskIndex},Concluir submissões {RequiredStackCount} Vezes
1003025,Encontrado por acaso {TaskIndex},Concluir submissões {RequiredStackCount} Vezes
1003026,Encontrado por acaso {TaskIndex},Concluir submissões {RequiredStackCount} Vezes
1003027,Encontrado por acaso {TaskIndex},Concluir submissões {RequiredStackCount} Vezes
1003028,Encontrado por acaso {TaskIndex},Concluir submissões {RequiredStackCount} Vezes
1003029,Encontrado por acaso {TaskIndex},Concluir submissões {RequiredStackCount} Vezes
1003030,Encontrado por acaso {TaskIndex},Concluir submissões {RequiredStackCount} Vezes
1003031,Encontrado por acaso {TaskIndex},Concluir submissões {RequiredStackCount} Vezes
1003032,Encontrado por acaso {TaskIndex},Concluir submissões {RequiredStackCount} Vezes
1003033,Encontrado por acaso {TaskIndex},Concluir submissões {RequiredStackCount} Vezes
1003034,Encontrado por acaso {TaskIndex},Concluir submissões {RequiredStackCount} Vezes
1003035,Encontrado por acaso {TaskIndex},Concluir submissões {RequiredStackCount} Vezes
1003036,Encontrado por acaso {TaskIndex},Concluir submissões {RequiredStackCount} Vezes
1003037,Encontrado por acaso {TaskIndex},Concluir submissões {RequiredStackCount} Vezes
1003038,Encontrado por acaso {TaskIndex},Concluir submissões {RequiredStackCount} Vezes
1003039,Encontrado por acaso {TaskIndex},Concluir submissões {RequiredStackCount} Vezes
1003040,Encontrado por acaso {TaskIndex},Concluir submissões {RequiredStackCount} Vezes
1004001,"Eu sei que deveria, mas {TaskIndex}",Limpar comissões diárias {RequiredStackCount} Tempos
1004002,"Eu sei que deveria, mas {TaskIndex}",Limpar comissões diárias {RequiredStackCount} Tempos
1004003,"Eu sei que deveria, mas {TaskIndex}",Limpar comissões diárias {RequiredStackCount} Tempos
1004004,"Eu sei que deveria, mas {TaskIndex}",Limpar comissões diárias {RequiredStackCount} Tempos
1004005,"Eu sei que deveria, mas {TaskIndex}",Limpar comissões diárias {RequiredStackCount} Tempos
1004006,"Eu sei que deveria, mas {TaskIndex}",Limpar comissões diárias {RequiredStackCount} Tempos
1004007,"Eu sei que deveria, mas {TaskIndex}",Limpar comissões diárias {RequiredStackCount} Tempos
1004008,"Eu sei que deveria, mas {TaskIndex}",Limpar comissões diárias {RequiredStackCount} Tempos
1004009,"Eu sei que deveria, mas {TaskIndex}",Limpar comissões diárias {RequiredStackCount} Tempos
1004010,"Eu sei que deveria, mas {TaskIndex}",Limpar comissões diárias {RequiredStackCount} Tempos
1004011,"Eu sei que deveria, mas {TaskIndex}",Limpar comissões diárias {RequiredStackCount} Tempos
1004012,"Eu sei que deveria, mas {TaskIndex}",Limpar comissões diárias {RequiredStackCount} Tempos
1004013,"Eu sei que deveria, mas {TaskIndex}",Limpar comissões diárias {RequiredStackCount} Tempos
1004014,"Eu sei que deveria, mas {TaskIndex}",Limpar comissões diárias {RequiredStackCount} Tempos
1004015,"Eu sei que deveria, mas {TaskIndex}",Limpar comissões diárias {RequiredStackCount} Tempos
1004016,"Eu sei que deveria, mas {TaskIndex}",Limpar comissões diárias {RequiredStackCount} Tempos
1004017,"Eu sei que deveria, mas {TaskIndex}",Limpar comissões diárias {RequiredStackCount} Tempos
1004018,"Eu sei que deveria, mas {TaskIndex}",Limpar comissões diárias {RequiredStackCount} Tempos
1004019,"Eu sei que deveria, mas {TaskIndex}",Limpar comissões diárias {RequiredStackCount} Tempos
1004020,"Eu sei que deveria, mas {TaskIndex}",Limpar comissões diárias {RequiredStackCount} Tempos
1004021,"Eu sei que deveria, mas {TaskIndex}",Limpar comissões diárias {RequiredStackCount} Tempos
1004022,"Eu sei que deveria, mas {TaskIndex}",Limpar comissões diárias {RequiredStackCount} Tempos
1004023,"Eu sei que deveria, mas {TaskIndex}",Limpar comissões diárias {RequiredStackCount} Tempos
1004024,"Eu sei que deveria, mas {TaskIndex}",Limpar comissões diárias {RequiredStackCount} Tempos
1004025,"Eu sei que deveria, mas {TaskIndex}",Limpar comissões diárias {RequiredStackCount} Tempos
1004026,"Eu sei que deveria, mas {TaskIndex}",Limpar comissões diárias {RequiredStackCount} Tempos
1004027,"Eu sei que deveria, mas {TaskIndex}",Limpar comissões diárias {RequiredStackCount} Tempos
1004028,"Eu sei que deveria, mas {TaskIndex}",Limpar comissões diárias {RequiredStackCount} Tempos
1004029,"Eu sei que deveria, mas {TaskIndex}",Limpar comissões diárias {RequiredStackCount} Tempos
1004030,"Eu sei que deveria, mas {TaskIndex}",Limpar comissões diárias {RequiredStackCount} Tempos
1005001,Deixe comigo {TaskIndex},Limpar Comissões Semanais {RequiredStackCount} Tempos
1005002,Deixe comigo {TaskIndex},Limpar Comissões Semanais {RequiredStackCount} Tempos
1005003,Deixe comigo {TaskIndex},Limpar Comissões Semanais {RequiredStackCount} Tempos
1005004,Deixe comigo {TaskIndex},Limpar Comissões Semanais {RequiredStackCount} Tempos
1005005,Deixe comigo {TaskIndex},Limpar Comissões Semanais {RequiredStackCount} Tempos
1005006,Deixe comigo {TaskIndex},Limpar Comissões Semanais {RequiredStackCount} Tempos
1005007,Deixe comigo {TaskIndex},Limpar Comissões Semanais {RequiredStackCount} Tempos
1005008,Deixe comigo {TaskIndex},Limpar Comissões Semanais {RequiredStackCount} Tempos
1005009,Deixe comigo {TaskIndex},Limpar Comissões Semanais {RequiredStackCount} Tempos
1005010,Deixe comigo {TaskIndex},Limpar Comissões Semanais {RequiredStackCount} Tempos
1005011,Deixe comigo {TaskIndex},Limpar Comissões Semanais {RequiredStackCount} Tempos
1005012,Deixe comigo {TaskIndex},Limpar Comissões Semanais {RequiredStackCount} Tempos
1005013,Deixe comigo {TaskIndex},Limpar Comissões Semanais {RequiredStackCount} Tempos
1005014,Deixe comigo {TaskIndex},Limpar Comissões Semanais {RequiredStackCount} Tempos
1005015,Deixe comigo {TaskIndex},Limpar Comissões Semanais {RequiredStackCount} Tempos
1005016,Deixe comigo {TaskIndex},Limpar Comissões Semanais {RequiredStackCount} Tempos
1005017,Deixe comigo {TaskIndex},Limpar Comissões Semanais {RequiredStackCount} Tempos
1005018,Deixe comigo {TaskIndex},Limpar Comissões Semanais {RequiredStackCount} Tempos
1005019,Deixe comigo {TaskIndex},Limpar Comissões Semanais {RequiredStackCount} Tempos
1005020,Deixe comigo {TaskIndex},Limpar Comissões Semanais {RequiredStackCount} Tempos
1005021,Deixe comigo {TaskIndex},Limpar Comissões Semanais {RequiredStackCount} Tempos
1005022,Deixe comigo {TaskIndex},Limpar Comissões Semanais {RequiredStackCount} Tempos
1005023,Deixe comigo {TaskIndex},Limpar Comissões Semanais {RequiredStackCount} Tempos
1005024,Deixe comigo {TaskIndex},Limpar Comissões Semanais {RequiredStackCount} Tempos
1005025,Deixe comigo {TaskIndex},Limpar Comissões Semanais {RequiredStackCount} Tempos
1005026,Deixe comigo {TaskIndex},Limpar Comissões Semanais {RequiredStackCount} Tempos
1005027,Deixe comigo {TaskIndex},Limpar Comissões Semanais {RequiredStackCount} Tempos
1005028,Deixe comigo {TaskIndex},Limpar Comissões Semanais {RequiredStackCount} Tempos
1005029,Deixe comigo {TaskIndex},Limpar Comissões Semanais {RequiredStackCount} Tempos
1005030,Deixe comigo {TaskIndex},Limpar Comissões Semanais {RequiredStackCount} Tempos
1014001,No reino desconhecido {TaskIndex},Limpe o Santuário Etéreo {RequiredStackCount} Vezes
1014002,No reino desconhecido {TaskIndex},Limpe o Santuário Etéreo {RequiredStackCount} Vezes
1014003,No reino desconhecido {TaskIndex},Limpe o Santuário Etéreo {RequiredStackCount} Vezes
1014004,No reino desconhecido {TaskIndex},Limpe o Santuário Etéreo {RequiredStackCount} Vezes
1014005,No reino desconhecido {TaskIndex},Limpe o Santuário Etéreo {RequiredStackCount} Vezes
1014006,No reino desconhecido {TaskIndex},Limpe o Santuário Etéreo {RequiredStackCount} Vezes
1014007,No reino desconhecido {TaskIndex},Limpe o Santuário Etéreo {RequiredStackCount} Vezes
1014008,No reino desconhecido {TaskIndex},Limpe o Santuário Etéreo {RequiredStackCount} Vezes
1014009,No reino desconhecido {TaskIndex},Limpe o Santuário Etéreo {RequiredStackCount} Vezes
1014010,No reino desconhecido {TaskIndex},Limpe o Santuário Etéreo {RequiredStackCount} Vezes
1014011,No reino desconhecido {TaskIndex},Limpe o Santuário Etéreo {RequiredStackCount} Vezes
1014012,No reino desconhecido {TaskIndex},Limpe o Santuário Etéreo {RequiredStackCount} Vezes
1014013,No reino desconhecido {TaskIndex},Limpe o Santuário Etéreo {RequiredStackCount} Vezes
1014014,No reino desconhecido {TaskIndex},Limpe o Santuário Etéreo {RequiredStackCount} Vezes
1014015,No reino desconhecido {TaskIndex},Limpe o Santuário Etéreo {RequiredStackCount} Vezes
1014016,No reino desconhecido {TaskIndex},Limpe o Santuário Etéreo {RequiredStackCount} Vezes
1014017,No reino desconhecido {TaskIndex},Limpe o Santuário Etéreo {RequiredStackCount} Vezes
1014018,No reino desconhecido {TaskIndex},Limpe o Santuário Etéreo {RequiredStackCount} Vezes
1014019,No reino desconhecido {TaskIndex},Limpe o Santuário Etéreo {RequiredStackCount} Vezes
1014020,No reino desconhecido {TaskIndex},Limpe o Santuário Etéreo {RequiredStackCount} Vezes
1015001,Superou a Provação do Sábio {TaskIndex},Limpar Trial Gates {RequiredStackCount} Vezes
1015002,Superou a Provação do Sábio {TaskIndex},Limpar Trial Gates {RequiredStackCount} Vezes
1015003,Superou a Provação do Sábio {TaskIndex},Limpar Trial Gates {RequiredStackCount} Vezes
1015004,Superou a Provação do Sábio {TaskIndex},Limpar Trial Gates {RequiredStackCount} Vezes
1015005,Superou a Provação do Sábio {TaskIndex},Limpar Trial Gates {RequiredStackCount} Vezes
1015006,Superou a Provação do Sábio {TaskIndex},Limpar Trial Gates {RequiredStackCount} Vezes
1015007,Superou a Provação do Sábio {TaskIndex},Limpar Trial Gates {RequiredStackCount} Vezes
1015008,Superou a Provação do Sábio {TaskIndex},Limpar Trial Gates {RequiredStackCount} Vezes
1015009,Superou a Provação do Sábio {TaskIndex},Limpar Trial Gates {RequiredStackCount} Vezes
1015010,Superou a Provação do Sábio {TaskIndex},Limpar Trial Gates {RequiredStackCount} Vezes
1015011,Superou a Provação do Sábio {TaskIndex},Limpar Trial Gates {RequiredStackCount} Vezes
1015012,Superou a Provação do Sábio {TaskIndex},Limpar Trial Gates {RequiredStackCount} Vezes
1015013,Superou a Provação do Sábio {TaskIndex},Limpar Trial Gates {RequiredStackCount} Vezes
1015014,Superou a Provação do Sábio {TaskIndex},Limpar Trial Gates {RequiredStackCount} Vezes
1015015,Superou a Provação do Sábio {TaskIndex},Limpar Trial Gates {RequiredStackCount} Vezes
1015016,Superou a Provação do Sábio {TaskIndex},Limpar Trial Gates {RequiredStackCount} Vezes
1015017,Superou a Provação do Sábio {TaskIndex},Limpar Trial Gates {RequiredStackCount} Vezes
1015018,Superou a Provação do Sábio {TaskIndex},Limpar Trial Gates {RequiredStackCount} Vezes
1015019,Superou a Provação do Sábio {TaskIndex},Limpar Trial Gates {RequiredStackCount} Vezes
1015020,Superou a Provação do Sábio {TaskIndex},Limpar Trial Gates {RequiredStackCount} Vezes
1015021,Superou a Provação do Sábio {TaskIndex},Limpar Trial Gates {RequiredStackCount} Vezes
1015022,Superou a Provação do Sábio {TaskIndex},Limpar Trial Gates {RequiredStackCount} Vezes
1015023,Superou a Provação do Sábio {TaskIndex},Limpar Trial Gates {RequiredStackCount} Vezes
1015024,Superou a Provação do Sábio {TaskIndex},Limpar Trial Gates {RequiredStackCount} Vezes
1015025,Superou a Provação do Sábio {TaskIndex},Limpar Trial Gates {RequiredStackCount} Vezes
1015026,Superou a Provação do Sábio {TaskIndex},Limpar Trial Gates {RequiredStackCount} Vezes
1015027,Superou a Provação do Sábio {TaskIndex},Limpar Trial Gates {RequiredStackCount} Vezes
1015028,Superou a Provação do Sábio {TaskIndex},Limpar Trial Gates {RequiredStackCount} Vezes
1015029,Superou a Provação do Sábio {TaskIndex},Limpar Trial Gates {RequiredStackCount} Vezes
1015030,Superou a Provação do Sábio {TaskIndex},Limpar Trial Gates {RequiredStackCount} Vezes
1015031,Superou a Provação do Sábio {TaskIndex},Limpar Trial Gates {RequiredStackCount} Vezes
1015032,Superou a Provação do Sábio {TaskIndex},Limpar Trial Gates {RequiredStackCount} Vezes
1017001,Dauntless {TaskIndex},Limpar Rift {RequiredStackCount} Vezes
1017002,Dauntless {TaskIndex},Limpar Rift {RequiredStackCount} Vezes
1017003,Dauntless {TaskIndex},Limpar Rift {RequiredStackCount} Vezes
1017004,Dauntless {TaskIndex},Limpar Rift {RequiredStackCount} Vezes
1017005,Dauntless {TaskIndex},Limpar Rift {RequiredStackCount} Vezes
1017006,Dauntless {TaskIndex},Limpar Rift {RequiredStackCount} Vezes
1017007,Dauntless {TaskIndex},Limpar Rift {RequiredStackCount} Vezes
1017008,Dauntless {TaskIndex},Limpar Rift {RequiredStackCount} Vezes
1017009,Dauntless {TaskIndex},Limpar Rift {RequiredStackCount} Vezes
1017010,Dauntless {TaskIndex},Limpar Rift {RequiredStackCount} Vezes
1017011,Dauntless {TaskIndex},Limpar Rift {RequiredStackCount} Vezes
1017012,Dauntless {TaskIndex},Limpar Rift {RequiredStackCount} Vezes
1017013,Dauntless {TaskIndex},Limpar Rift {RequiredStackCount} Vezes
1017014,Dauntless {TaskIndex},Limpar Rift {RequiredStackCount} Vezes
1017015,Dauntless {TaskIndex},Limpar Rift {RequiredStackCount} Vezes
1017016,Dauntless {TaskIndex},Limpar Rift {RequiredStackCount} Vezes
1017017,Dauntless {TaskIndex},Limpar Rift {RequiredStackCount} Vezes
1017018,Dauntless {TaskIndex},Limpar Rift {RequiredStackCount} Vezes
1017019,Dauntless {TaskIndex},Limpar Rift {RequiredStackCount} Vezes
1017020,Dauntless {TaskIndex},Limpar Rift {RequiredStackCount} Vezes
1017021,Dauntless {TaskIndex},Limpar Rift {RequiredStackCount} Vezes
1017022,Dauntless {TaskIndex},Limpar Rift {RequiredStackCount} Vezes
1017023,Dauntless {TaskIndex},Limpar Rift {RequiredStackCount} Vezes
1017024,Dauntless {TaskIndex},Limpar Rift {RequiredStackCount} Vezes
1017025,Dauntless {TaskIndex},Limpar Rift {RequiredStackCount} Vezes
1017026,Dauntless {TaskIndex},Limpar Rift {RequiredStackCount} Vezes
1017027,Dauntless {TaskIndex},Limpar Rift {RequiredStackCount} Vezes
1017028,Dauntless {TaskIndex},Limpar Rift {RequiredStackCount} Vezes
1017029,Dauntless {TaskIndex},Limpar Rift {RequiredStackCount} Vezes
1017030,Dauntless {TaskIndex},Limpar Rift {RequiredStackCount} Vezes
1017031,Dauntless {TaskIndex},Limpar Rift {RequiredStackCount} Vezes
1017032,Dauntless {TaskIndex},Limpar Rift {RequiredStackCount} Vezes
1017033,Dauntless {TaskIndex},Limpar Rift {RequiredStackCount} Vezes
1017034,Dauntless {TaskIndex},Limpar Rift {RequiredStackCount} Vezes
1017035,Dauntless {TaskIndex},Limpar Rift {RequiredStackCount} Vezes
1017036,Dauntless {TaskIndex},Limpar Rift {RequiredStackCount} Vezes
1017037,Dauntless {TaskIndex},Limpar Rift {RequiredStackCount} Vezes
1017038,Dauntless {TaskIndex},Limpar Rift {RequiredStackCount} Vezes
1017039,Dauntless {TaskIndex},Limpar Rift {RequiredStackCount} Vezes
1017040,Dauntless {TaskIndex},Limpar Rift {RequiredStackCount} Vezes
1018001,Perseguidor da Incursão {TaskIndex},Participe de Incursões {RequiredStackCount} Vezes
1018002,Perseguidor da Incursão {TaskIndex},Participe de Incursões {RequiredStackCount} Vezes
1018003,Perseguidor da Incursão {TaskIndex},Participe de Incursões {RequiredStackCount} Vezes
1018004,Perseguidor da Incursão {TaskIndex},Participe de Incursões {RequiredStackCount} Vezes
1018005,Perseguidor da Incursão {TaskIndex},Participe de Incursões {RequiredStackCount} Vezes
1018006,Perseguidor da Incursão {TaskIndex},Participe de Incursões {RequiredStackCount} Vezes
1018007,Perseguidor da Incursão {TaskIndex},Participe de Incursões {RequiredStackCount} Vezes
1018008,Perseguidor da Incursão {TaskIndex},Participe de Incursões {RequiredStackCount} Vezes
1018009,Perseguidor da Incursão {TaskIndex},Participe de Incursões {RequiredStackCount} Vezes
1018010,Perseguidor da Incursão {TaskIndex},Participe de Incursões {RequiredStackCount} Vezes
1018011,Perseguidor da Incursão {TaskIndex},Participe de Incursões {RequiredStackCount} Vezes
1018012,Perseguidor da Incursão {TaskIndex},Participe de Incursões {RequiredStackCount} Vezes
1018013,Perseguidor da Incursão {TaskIndex},Participe de Incursões {RequiredStackCount} Vezes
1018014,Perseguidor da Incursão {TaskIndex},Participe de Incursões {RequiredStackCount} Vezes
1018015,Perseguidor da Incursão {TaskIndex},Participe de Incursões {RequiredStackCount} Vezes
1018016,Perseguidor da Incursão {TaskIndex},Participe de Incursões {RequiredStackCount} Vezes
1018017,Perseguidor da Incursão {TaskIndex},Participe de Incursões {RequiredStackCount} Vezes
1018018,Perseguidor da Incursão {TaskIndex},Participe de Incursões {RequiredStackCount} Vezes
1018019,Perseguidor da Incursão {TaskIndex},Participe de Incursões {RequiredStackCount} Vezes
1018020,Perseguidor da Incursão {TaskIndex},Participe de Incursões {RequiredStackCount} Vezes
1019001,Rastreamento de Incursão de Chama {TaskIndex},Participe da Grande Incursão {RequiredStackCount} Vezes
1019002,Rastreamento de Incursão de Chama {TaskIndex},Participe da Grande Incursão {RequiredStackCount} Vezes
1019003,Rastreamento de Incursão de Chama {TaskIndex},Participe da Grande Incursão {RequiredStackCount} Vezes
1019004,Rastreamento de Incursão de Chama {TaskIndex},Participe da Grande Incursão {RequiredStackCount} Vezes
1019005,Rastreamento de Incursão de Chama {TaskIndex},Participe da Grande Incursão {RequiredStackCount} Vezes
1019006,Rastreamento de Incursão de Chama {TaskIndex},Participe da Grande Incursão {RequiredStackCount} Vezes
1019007,Rastreamento de Incursão de Chama {TaskIndex},Participe da Grande Incursão {RequiredStackCount} Vezes
1019008,Rastreamento de Incursão de Chama {TaskIndex},Participe da Grande Incursão {RequiredStackCount} Vezes
1019009,Rastreamento de Incursão de Chama {TaskIndex},Participe da Grande Incursão {RequiredStackCount} Vezes
1019010,Rastreamento de Incursão de Chama {TaskIndex},Participe da Grande Incursão {RequiredStackCount} Vezes
1019011,Rastreamento de Incursão de Chama {TaskIndex},Participe da Grande Incursão {RequiredStackCount} Vezes
1019012,Rastreamento de Incursão de Chama {TaskIndex},Participe da Grande Incursão {RequiredStackCount} Vezes
1019013,Rastreamento de Incursão de Chama {TaskIndex},Participe da Grande Incursão {RequiredStackCount} Vezes
1019014,Rastreamento de Incursão de Chama {TaskIndex},Participe da Grande Incursão {RequiredStackCount} Vezes
1019015,Rastreamento de Incursão de Chama {TaskIndex},Participe da Grande Incursão {RequiredStackCount} Vezes
1019016,Rastreamento de Incursão de Chama {TaskIndex},Participe da Grande Incursão {RequiredStackCount} Vezes
1019017,Rastreamento de Incursão de Chama {TaskIndex},Participe da Grande Incursão {RequiredStackCount} Vezes
1019018,Rastreamento de Incursão de Chama {TaskIndex},Participe da Grande Incursão {RequiredStackCount} Vezes
1019019,Rastreamento de Incursão de Chama {TaskIndex},Participe da Grande Incursão {RequiredStackCount} Vezes
1019020,Rastreamento de Incursão de Chama {TaskIndex},Participe da Grande Incursão {RequiredStackCount} Vezes
1020001,Rastreamento da Incursão do Trovão {TaskIndex},Participe da Thunder Incursion {RequiredStackCount} Vezes
1020002,Rastreamento da Incursão do Trovão {TaskIndex},Participe da Thunder Incursion {RequiredStackCount} Vezes
1020003,Rastreamento da Incursão do Trovão {TaskIndex},Participe da Thunder Incursion {RequiredStackCount} Vezes
1020004,Rastreamento da Incursão do Trovão {TaskIndex},Participe da Thunder Incursion {RequiredStackCount} Vezes
1020005,Rastreamento da Incursão do Trovão {TaskIndex},Participe da Thunder Incursion {RequiredStackCount} Vezes
1020006,Rastreamento da Incursão do Trovão {TaskIndex},Participe da Thunder Incursion {RequiredStackCount} Vezes
1020007,Rastreamento da Incursão do Trovão {TaskIndex},Participe da Thunder Incursion {RequiredStackCount} Vezes
1020008,Rastreamento da Incursão do Trovão {TaskIndex},Participe da Thunder Incursion {RequiredStackCount} Vezes
1020009,Rastreamento da Incursão do Trovão {TaskIndex},Participe da Thunder Incursion {RequiredStackCount} Vezes
1020010,Rastreamento da Incursão do Trovão {TaskIndex},Participe da Thunder Incursion {RequiredStackCount} Vezes
1020011,Rastreamento da Incursão do Trovão {TaskIndex},Participe da Thunder Incursion {RequiredStackCount} Vezes
1020012,Rastreamento da Incursão do Trovão {TaskIndex},Participe da Thunder Incursion {RequiredStackCount} Vezes
1020013,Rastreamento da Incursão do Trovão {TaskIndex},Participe da Thunder Incursion {RequiredStackCount} Vezes
1020014,Rastreamento da Incursão do Trovão {TaskIndex},Participe da Thunder Incursion {RequiredStackCount} Vezes
1020015,Rastreamento da Incursão do Trovão {TaskIndex},Participe da Thunder Incursion {RequiredStackCount} Vezes
1020016,Rastreamento da Incursão do Trovão {TaskIndex},Participe da Thunder Incursion {RequiredStackCount} Vezes
1020017,Rastreamento da Incursão do Trovão {TaskIndex},Participe da Thunder Incursion {RequiredStackCount} Vezes
1020018,Rastreamento da Incursão do Trovão {TaskIndex},Participe da Thunder Incursion {RequiredStackCount} Vezes
1020019,Rastreamento da Incursão do Trovão {TaskIndex},Participe da Thunder Incursion {RequiredStackCount} Vezes
1020020,Rastreamento da Incursão do Trovão {TaskIndex},Participe da Thunder Incursion {RequiredStackCount} Vezes
1021001,Rastreamento de Incursão da Tempestade {TaskIndex},Participe da Storm Incursion {RequiredStackCount} Vezes
1021002,Rastreamento de Incursão da Tempestade {TaskIndex},Participe da Storm Incursion {RequiredStackCount} Vezes
1021003,Rastreamento de Incursão da Tempestade {TaskIndex},Participe da Storm Incursion {RequiredStackCount} Vezes
1021004,Rastreamento de Incursão da Tempestade {TaskIndex},Participe da Storm Incursion {RequiredStackCount} Vezes
1021005,Rastreamento de Incursão da Tempestade {TaskIndex},Participe da Storm Incursion {RequiredStackCount} Vezes
1021006,Rastreamento de Incursão da Tempestade {TaskIndex},Participe da Storm Incursion {RequiredStackCount} Vezes
1021007,Rastreamento de Incursão da Tempestade {TaskIndex},Participe da Storm Incursion {RequiredStackCount} Vezes
1021008,Rastreamento de Incursão da Tempestade {TaskIndex},Participe da Storm Incursion {RequiredStackCount} Vezes
1021009,Rastreamento de Incursão da Tempestade {TaskIndex},Participe da Storm Incursion {RequiredStackCount} Vezes
1021010,Rastreamento de Incursão da Tempestade {TaskIndex},Participe da Storm Incursion {RequiredStackCount} Vezes
1021011,Rastreamento de Incursão da Tempestade {TaskIndex},Participe da Storm Incursion {RequiredStackCount} Vezes
1021012,Rastreamento de Incursão da Tempestade {TaskIndex},Participe da Storm Incursion {RequiredStackCount} Vezes
1021013,Rastreamento de Incursão da Tempestade {TaskIndex},Participe da Storm Incursion {RequiredStackCount} Vezes
1021014,Rastreamento de Incursão da Tempestade {TaskIndex},Participe da Storm Incursion {RequiredStackCount} Vezes
1021015,Rastreamento de Incursão da Tempestade {TaskIndex},Participe da Storm Incursion {RequiredStackCount} Vezes
1021016,Rastreamento de Incursão da Tempestade {TaskIndex},Participe da Storm Incursion {RequiredStackCount} Vezes
1021017,Rastreamento de Incursão da Tempestade {TaskIndex},Participe da Storm Incursion {RequiredStackCount} Vezes
1021018,Rastreamento de Incursão da Tempestade {TaskIndex},Participe da Storm Incursion {RequiredStackCount} Vezes
1021019,Rastreamento de Incursão da Tempestade {TaskIndex},Participe da Storm Incursion {RequiredStackCount} Vezes
1021020,Rastreamento de Incursão da Tempestade {TaskIndex},Participe da Storm Incursion {RequiredStackCount} Vezes
1027001,Auto-Forjado Doom {TaskIndex},Participe da Grande Incursão {RequiredStackCount} Vezes
1027002,Auto-Forjado Doom {TaskIndex},Participe da Grande Incursão {RequiredStackCount} Vezes
1027003,Auto-Forjado Doom {TaskIndex},Participe da Grande Incursão {RequiredStackCount} Vezes
1027004,Auto-Forjado Doom {TaskIndex},Participe da Grande Incursão {RequiredStackCount} Vezes
1027005,Auto-Forjado Doom {TaskIndex},Participe da Grande Incursão {RequiredStackCount} Vezes
1027006,Auto-Forjado Doom {TaskIndex},Participe da Grande Incursão {RequiredStackCount} Vezes
1027007,Auto-Forjado Doom {TaskIndex},Participe da Grande Incursão {RequiredStackCount} Vezes
1027008,Auto-Forjado Doom {TaskIndex},Participe da Grande Incursão {RequiredStackCount} Vezes
1027009,Auto-Forjado Doom {TaskIndex},Participe da Grande Incursão {RequiredStackCount} Vezes
1027010,Auto-Forjado Doom {TaskIndex},Participe da Grande Incursão {RequiredStackCount} Vezes
1027011,Auto-Forjado Doom {TaskIndex},Participe da Grande Incursão {RequiredStackCount} Vezes
1027012,Auto-Forjado Doom {TaskIndex},Participe da Grande Incursão {RequiredStackCount} Vezes
1027013,Auto-Forjado Doom {TaskIndex},Participe da Grande Incursão {RequiredStackCount} Vezes
1027014,Auto-Forjado Doom {TaskIndex},Participe da Grande Incursão {RequiredStackCount} Vezes
1027015,Auto-Forjado Doom {TaskIndex},Participe da Grande Incursão {RequiredStackCount} Vezes
1027016,Auto-Forjado Doom {TaskIndex},Participe da Grande Incursão {RequiredStackCount} Vezes
1027017,Auto-Forjado Doom {TaskIndex},Participe da Grande Incursão {RequiredStackCount} Vezes
1027018,Auto-Forjado Doom {TaskIndex},Participe da Grande Incursão {RequiredStackCount} Vezes
1027019,Auto-Forjado Doom {TaskIndex},Participe da Grande Incursão {RequiredStackCount} Vezes
1027020,Auto-Forjado Doom {TaskIndex},Participe da Grande Incursão {RequiredStackCount} Vezes
1028001,Queller of Doom {TaskIndex},Limpar Grande Incursão {RequiredStackCount} Tempos
1028002,Queller of Doom {TaskIndex},Limpar Grande Incursão {RequiredStackCount} Tempos
1028003,Queller of Doom {TaskIndex},Limpar Grande Incursão {RequiredStackCount} Tempos
1028004,Queller of Doom {TaskIndex},Limpar Grande Incursão {RequiredStackCount} Tempos
1028005,Queller of Doom {TaskIndex},Limpar Grande Incursão {RequiredStackCount} Tempos
1028006,Queller of Doom {TaskIndex},Limpar Grande Incursão {RequiredStackCount} Tempos
1028007,Queller of Doom {TaskIndex},Limpar Grande Incursão {RequiredStackCount} Tempos
1028008,Queller of Doom {TaskIndex},Limpar Grande Incursão {RequiredStackCount} Tempos
1028009,Queller of Doom {TaskIndex},Limpar Grande Incursão {RequiredStackCount} Tempos
1028010,Queller of Doom {TaskIndex},Limpar Grande Incursão {RequiredStackCount} Tempos
1028011,Queller of Doom {TaskIndex},Limpar Grande Incursão {RequiredStackCount} Tempos
1028012,Queller of Doom {TaskIndex},Limpar Grande Incursão {RequiredStackCount} Tempos
1028013,Queller of Doom {TaskIndex},Limpar Grande Incursão {RequiredStackCount} Tempos
1028014,Queller of Doom {TaskIndex},Limpar Grande Incursão {RequiredStackCount} Tempos
1028015,Queller of Doom {TaskIndex},Limpar Grande Incursão {RequiredStackCount} Tempos
1028016,Queller of Doom {TaskIndex},Limpar Grande Incursão {RequiredStackCount} Tempos
1028017,Queller of Doom {TaskIndex},Limpar Grande Incursão {RequiredStackCount} Tempos
1028018,Queller of Doom {TaskIndex},Limpar Grande Incursão {RequiredStackCount} Tempos
1028019,Queller of Doom {TaskIndex},Limpar Grande Incursão {RequiredStackCount} Tempos
1028020,Queller of Doom {TaskIndex},Limpar Grande Incursão {RequiredStackCount} Tempos
1029001,Forjamento proativo de títulos {TaskIndex},Pesquisa completa da Adventurers Alliance {RequiredStackCount} Times
1029002,Forjamento proativo de títulos {TaskIndex},Pesquisa completa da Adventurers Alliance {RequiredStackCount} Times
1029003,Forjamento proativo de títulos {TaskIndex},Pesquisa completa da Adventurers Alliance {RequiredStackCount} Times
1029004,Forjamento proativo de títulos {TaskIndex},Pesquisa completa da Adventurers Alliance {RequiredStackCount} Times
1029005,Forjamento proativo de títulos {TaskIndex},Pesquisa completa da Adventurers Alliance {RequiredStackCount} Times
1029006,Forjamento proativo de títulos {TaskIndex},Pesquisa completa da Adventurers Alliance {RequiredStackCount} Times
1029007,Forjamento proativo de títulos {TaskIndex},Pesquisa completa da Adventurers Alliance {RequiredStackCount} Times
1029008,Forjamento proativo de títulos {TaskIndex},Pesquisa completa da Adventurers Alliance {RequiredStackCount} Times
1029009,Forjamento proativo de títulos {TaskIndex},Pesquisa completa da Adventurers Alliance {RequiredStackCount} Times
1029010,Forjamento proativo de títulos {TaskIndex},Pesquisa completa da Adventurers Alliance {RequiredStackCount} Times
1029011,Forjamento proativo de títulos {TaskIndex},Pesquisa completa da Adventurers Alliance {RequiredStackCount} Times
1029012,Forjamento proativo de títulos {TaskIndex},Pesquisa completa da Adventurers Alliance {RequiredStackCount} Times
1029013,Forjamento proativo de títulos {TaskIndex},Pesquisa completa da Adventurers Alliance {RequiredStackCount} Times
1029014,Forjamento proativo de títulos {TaskIndex},Pesquisa completa da Adventurers Alliance {RequiredStackCount} Times
1029015,Forjamento proativo de títulos {TaskIndex},Pesquisa completa da Adventurers Alliance {RequiredStackCount} Times
1029016,Forjamento proativo de títulos {TaskIndex},Pesquisa completa da Adventurers Alliance {RequiredStackCount} Times
1029017,Forjamento proativo de títulos {TaskIndex},Pesquisa completa da Adventurers Alliance {RequiredStackCount} Times
1029018,Forjamento proativo de títulos {TaskIndex},Pesquisa completa da Adventurers Alliance {RequiredStackCount} Times
1029019,Forjamento proativo de títulos {TaskIndex},Pesquisa completa da Adventurers Alliance {RequiredStackCount} Times
1029020,Forjamento proativo de títulos {TaskIndex},Pesquisa completa da Adventurers Alliance {RequiredStackCount} Times
1030001,Alinhamento Perfeito {TaskIndex},Pesquisa completa da Adventurers Alliance {RequiredStackCount} Times
1030002,Alinhamento Perfeito {TaskIndex},Pesquisa completa da Adventurers Alliance {RequiredStackCount} Times
1030003,Alinhamento Perfeito {TaskIndex},Pesquisa completa da Adventurers Alliance {RequiredStackCount} Times
1030004,Alinhamento Perfeito {TaskIndex},Pesquisa completa da Adventurers Alliance {RequiredStackCount} Times
1030005,Alinhamento Perfeito {TaskIndex},Pesquisa completa da Adventurers Alliance {RequiredStackCount} Times
1030006,Alinhamento Perfeito {TaskIndex},Pesquisa completa da Adventurers Alliance {RequiredStackCount} Times
1030007,Alinhamento Perfeito {TaskIndex},Pesquisa completa da Adventurers Alliance {RequiredStackCount} Times
1030008,Alinhamento Perfeito {TaskIndex},Pesquisa completa da Adventurers Alliance {RequiredStackCount} Times
1030009,Alinhamento Perfeito {TaskIndex},Pesquisa completa da Adventurers Alliance {RequiredStackCount} Times
1030010,Alinhamento Perfeito {TaskIndex},Pesquisa completa da Adventurers Alliance {RequiredStackCount} Times
1030011,Alinhamento Perfeito {TaskIndex},Pesquisa completa da Adventurers Alliance {RequiredStackCount} Times
1030012,Alinhamento Perfeito {TaskIndex},Pesquisa completa da Adventurers Alliance {RequiredStackCount} Times
1030013,Alinhamento Perfeito {TaskIndex},Pesquisa completa da Adventurers Alliance {RequiredStackCount} Times
1030014,Alinhamento Perfeito {TaskIndex},Pesquisa completa da Adventurers Alliance {RequiredStackCount} Times
1030015,Alinhamento Perfeito {TaskIndex},Pesquisa completa da Adventurers Alliance {RequiredStackCount} Times
1030016,Alinhamento Perfeito {TaskIndex},Pesquisa completa da Adventurers Alliance {RequiredStackCount} Times
1030017,Alinhamento Perfeito {TaskIndex},Pesquisa completa da Adventurers Alliance {RequiredStackCount} Times
1030018,Alinhamento Perfeito {TaskIndex},Pesquisa completa da Adventurers Alliance {RequiredStackCount} Times
1030019,Alinhamento Perfeito {TaskIndex},Pesquisa completa da Adventurers Alliance {RequiredStackCount} Times
1030020,Alinhamento Perfeito {TaskIndex},Pesquisa completa da Adventurers Alliance {RequiredStackCount} Times
1033001,O calor dos laços {TaskIndex},Alcance o nível de boa vontade {RequiredStackCount} no Aliança de Aventureiros em todas as Guildas
1033002,O calor dos laços {TaskIndex},Alcance o nível de boa vontade {RequiredStackCount} no Aliança de Aventureiros em todas as Guildas
1033003,O calor dos laços {TaskIndex},Alcance o nível de boa vontade {RequiredStackCount} no Aliança de Aventureiros em todas as Guildas
1033004,O calor dos laços {TaskIndex},Alcance o nível de boa vontade {RequiredStackCount} no Aliança de Aventureiros em todas as Guildas
1033005,O calor dos laços {TaskIndex},Alcance o nível de boa vontade {RequiredStackCount} no Aliança de Aventureiros em todas as Guildas
1033006,O calor dos laços {TaskIndex},Alcance o nível de boa vontade {RequiredStackCount} no Aliança de Aventureiros em todas as Guildas
1033007,O calor dos laços {TaskIndex},Alcance o nível de boa vontade {RequiredStackCount} no Aliança de Aventureiros em todas as Guildas
1033008,O calor dos laços {TaskIndex},Alcance o nível de boa vontade {RequiredStackCount} no Aliança de Aventureiros em todas as Guildas
1033009,O calor dos laços {TaskIndex},Alcance o nível de boa vontade {RequiredStackCount} no Aliança de Aventureiros em todas as Guildas
1033010,O calor dos laços {TaskIndex},Alcance o nível de boa vontade {RequiredStackCount} no Aliança de Aventureiros em todas as Guildas
1033011,O calor dos laços {TaskIndex},Alcance o nível de boa vontade {RequiredStackCount} no Aliança de Aventureiros em todas as Guildas
1033012,O calor dos laços {TaskIndex},Alcance o nível de boa vontade {RequiredStackCount} no Aliança de Aventureiros em todas as Guildas
1033013,O calor dos laços {TaskIndex},Alcance o nível de boa vontade {RequiredStackCount} no Aliança de Aventureiros em todas as Guildas
1033014,O calor dos laços {TaskIndex},Alcance o nível de boa vontade {RequiredStackCount} no Aliança de Aventureiros em todas as Guildas
1033015,O calor dos laços {TaskIndex},Alcance o nível de boa vontade {RequiredStackCount} no Aliança de Aventureiros em todas as Guildas
1033016,O calor dos laços {TaskIndex},Alcance o nível de boa vontade {RequiredStackCount} no Aliança de Aventureiros em todas as Guildas
1033017,O calor dos laços {TaskIndex},Alcance o nível de boa vontade {RequiredStackCount} no Aliança de Aventureiros em todas as Guildas
1033018,O calor dos laços {TaskIndex},Alcance o nível de boa vontade {RequiredStackCount} no Aliança de Aventureiros em todas as Guildas
1033019,O calor dos laços {TaskIndex},Alcance o nível de boa vontade {RequiredStackCount} no Aliança de Aventureiros em todas as Guildas
1033020,O calor dos laços {TaskIndex},Alcance o nível de boa vontade {RequiredStackCount} no Aliança de Aventureiros em todas as Guildas
1033021,O calor dos laços {TaskIndex},Alcance o nível de boa vontade {RequiredStackCount} no Aliança de Aventureiros em todas as Guildas
1033022,O calor dos laços {TaskIndex},Alcance o nível de boa vontade {RequiredStackCount} no Aliança de Aventureiros em todas as Guildas
1033023,O calor dos laços {TaskIndex},Alcance o nível de boa vontade {RequiredStackCount} no Aliança de Aventureiros em todas as Guildas
1033024,O calor dos laços {TaskIndex},Alcance o nível de boa vontade {RequiredStackCount} no Aliança de Aventureiros em todas as Guildas
1033025,O calor dos laços {TaskIndex},Alcance o nível de boa vontade {RequiredStackCount} no Aliança de Aventureiros em todas as Guildas
1036001,Ouro integrado {TaskIndex},Doe ouro para um clã {RequiredStackCount} Vezes
1036002,Ouro integrado {TaskIndex},Doe ouro para um clã {RequiredStackCount} Vezes
1036003,Ouro integrado {TaskIndex},Doe ouro para um clã {RequiredStackCount} Vezes
1036004,Ouro integrado {TaskIndex},Doe ouro para um clã {RequiredStackCount} Vezes
1036005,Ouro integrado {TaskIndex},Doe ouro para um clã {RequiredStackCount} Vezes
1036006,Ouro integrado {TaskIndex},Doe ouro para um clã {RequiredStackCount} Vezes
1036007,Ouro integrado {TaskIndex},Doe ouro para um clã {RequiredStackCount} Vezes
1036008,Ouro integrado {TaskIndex},Doe ouro para um clã {RequiredStackCount} Vezes
1036009,Ouro integrado {TaskIndex},Doe ouro para um clã {RequiredStackCount} Vezes
1036010,Ouro integrado {TaskIndex},Doe ouro para um clã {RequiredStackCount} Vezes
1036011,Ouro integrado {TaskIndex},Doe ouro para um clã {RequiredStackCount} Vezes
1036012,Ouro integrado {TaskIndex},Doe ouro para um clã {RequiredStackCount} Vezes
1036013,Ouro integrado {TaskIndex},Doe ouro para um clã {RequiredStackCount} Vezes
1036014,Ouro integrado {TaskIndex},Doe ouro para um clã {RequiredStackCount} Vezes
1036015,Ouro integrado {TaskIndex},Doe ouro para um clã {RequiredStackCount} Vezes
1036016,Ouro integrado {TaskIndex},Doe ouro para um clã {RequiredStackCount} Vezes
1036017,Ouro integrado {TaskIndex},Doe ouro para um clã {RequiredStackCount} Vezes
1036018,Ouro integrado {TaskIndex},Doe ouro para um clã {RequiredStackCount} Vezes
1036019,Ouro integrado {TaskIndex},Doe ouro para um clã {RequiredStackCount} Vezes
1036020,Ouro integrado {TaskIndex},Doe ouro para um clã {RequiredStackCount} Vezes
1036021,Ouro integrado {TaskIndex},Doe ouro para um clã {RequiredStackCount} Vezes
1036022,Ouro integrado {TaskIndex},Doe ouro para um clã {RequiredStackCount} Vezes
1036023,Ouro integrado {TaskIndex},Doe ouro para um clã {RequiredStackCount} Vezes
1036024,Ouro integrado {TaskIndex},Doe ouro para um clã {RequiredStackCount} Vezes
1036025,Ouro integrado {TaskIndex},Doe ouro para um clã {RequiredStackCount} Vezes
1036026,Ouro integrado {TaskIndex},Doe ouro para um clã {RequiredStackCount} Vezes
1036027,Ouro integrado {TaskIndex},Doe ouro para um clã {RequiredStackCount} Vezes
1036028,Ouro integrado {TaskIndex},Doe ouro para um clã {RequiredStackCount} Vezes
1036029,Ouro integrado {TaskIndex},Doe ouro para um clã {RequiredStackCount} Vezes
1036030,Ouro integrado {TaskIndex},Doe ouro para um clã {RequiredStackCount} Vezes
1036031,Ouro integrado {TaskIndex},Doe ouro para um clã {RequiredStackCount} Vezes
1036032,Ouro integrado {TaskIndex},Doe ouro para um clã {RequiredStackCount} Vezes
1036033,Ouro integrado {TaskIndex},Doe ouro para um clã {RequiredStackCount} Vezes
1036034,Ouro integrado {TaskIndex},Doe ouro para um clã {RequiredStackCount} Vezes
1036035,Ouro integrado {TaskIndex},Doe ouro para um clã {RequiredStackCount} Vezes
1036036,Ouro integrado {TaskIndex},Doe ouro para um clã {RequiredStackCount} Vezes
1036037,Ouro integrado {TaskIndex},Doe ouro para um clã {RequiredStackCount} Vezes
1036038,Ouro integrado {TaskIndex},Doe ouro para um clã {RequiredStackCount} Vezes
1036039,Ouro integrado {TaskIndex},Doe ouro para um clã {RequiredStackCount} Vezes
1036040,Ouro integrado {TaskIndex},Doe ouro para um clã {RequiredStackCount} Vezes
1037001,O vínculo entre nós {TaskIndex},Doe Anel de Juramento a um Clã {RequiredStackCount} Vezes
1037002,O vínculo entre nós {TaskIndex},Doe Anel de Juramento a um Clã {RequiredStackCount} Vezes
1037003,O vínculo entre nós {TaskIndex},Doe Anel de Juramento a um Clã {RequiredStackCount} Vezes
1037004,O vínculo entre nós {TaskIndex},Doe Anel de Juramento a um Clã {RequiredStackCount} Vezes
1037005,O vínculo entre nós {TaskIndex},Doe Anel de Juramento a um Clã {RequiredStackCount} Vezes
1037006,O vínculo entre nós {TaskIndex},Doe Anel de Juramento a um Clã {RequiredStackCount} Vezes
1037007,O vínculo entre nós {TaskIndex},Doe Anel de Juramento a um Clã {RequiredStackCount} Vezes
1037008,O vínculo entre nós {TaskIndex},Doe Anel de Juramento a um Clã {RequiredStackCount} Vezes
1037009,O vínculo entre nós {TaskIndex},Doe Anel de Juramento a um Clã {RequiredStackCount} Vezes
1037010,O vínculo entre nós {TaskIndex},Doe Anel de Juramento a um Clã {RequiredStackCount} Vezes
1037011,O vínculo entre nós {TaskIndex},Doe Anel de Juramento a um Clã {RequiredStackCount} Vezes
1037012,O vínculo entre nós {TaskIndex},Doe Anel de Juramento a um Clã {RequiredStackCount} Vezes
1037013,O vínculo entre nós {TaskIndex},Doe Anel de Juramento a um Clã {RequiredStackCount} Vezes
1037014,O vínculo entre nós {TaskIndex},Doe Anel de Juramento a um Clã {RequiredStackCount} Vezes
1037015,O vínculo entre nós {TaskIndex},Doe Anel de Juramento a um Clã {RequiredStackCount} Vezes
1037016,O vínculo entre nós {TaskIndex},Doe Anel de Juramento a um Clã {RequiredStackCount} Vezes
1037017,O vínculo entre nós {TaskIndex},Doe Anel de Juramento a um Clã {RequiredStackCount} Vezes
1037018,O vínculo entre nós {TaskIndex},Doe Anel de Juramento a um Clã {RequiredStackCount} Vezes
1037019,O vínculo entre nós {TaskIndex},Doe Anel de Juramento a um Clã {RequiredStackCount} Vezes
1037020,O vínculo entre nós {TaskIndex},Doe Anel de Juramento a um Clã {RequiredStackCount} Vezes
1037021,O vínculo entre nós {TaskIndex},Doe Anel de Juramento a um Clã {RequiredStackCount} Vezes
1037022,O vínculo entre nós {TaskIndex},Doe Anel de Juramento a um Clã {RequiredStackCount} Vezes
1037023,O vínculo entre nós {TaskIndex},Doe Anel de Juramento a um Clã {RequiredStackCount} Vezes
1037024,O vínculo entre nós {TaskIndex},Doe Anel de Juramento a um Clã {RequiredStackCount} Vezes
1037025,O vínculo entre nós {TaskIndex},Doe Anel de Juramento a um Clã {RequiredStackCount} Vezes
1037026,O vínculo entre nós {TaskIndex},Doe Anel de Juramento a um Clã {RequiredStackCount} Vezes
1037027,O vínculo entre nós {TaskIndex},Doe Anel de Juramento a um Clã {RequiredStackCount} Vezes
1037028,O vínculo entre nós {TaskIndex},Doe Anel de Juramento a um Clã {RequiredStackCount} Vezes
1037029,O vínculo entre nós {TaskIndex},Doe Anel de Juramento a um Clã {RequiredStackCount} Vezes
1037030,O vínculo entre nós {TaskIndex},Doe Anel de Juramento a um Clã {RequiredStackCount} Vezes
1037031,O vínculo entre nós {TaskIndex},Doe Anel de Juramento a um Clã {RequiredStackCount} Vezes
1037032,O vínculo entre nós {TaskIndex},Doe Anel de Juramento a um Clã {RequiredStackCount} Vezes
1037033,O vínculo entre nós {TaskIndex},Doe Anel de Juramento a um Clã {RequiredStackCount} Vezes
1037034,O vínculo entre nós {TaskIndex},Doe Anel de Juramento a um Clã {RequiredStackCount} Vezes
1037035,O vínculo entre nós {TaskIndex},Doe Anel de Juramento a um Clã {RequiredStackCount} Vezes
1037036,O vínculo entre nós {TaskIndex},Doe Anel de Juramento a um Clã {RequiredStackCount} Vezes
1037037,O vínculo entre nós {TaskIndex},Doe Anel de Juramento a um Clã {RequiredStackCount} Vezes
1037038,O vínculo entre nós {TaskIndex},Doe Anel de Juramento a um Clã {RequiredStackCount} Vezes
1037039,O vínculo entre nós {TaskIndex},Doe Anel de Juramento a um Clã {RequiredStackCount} Vezes
1037040,O vínculo entre nós {TaskIndex},Doe Anel de Juramento a um Clã {RequiredStackCount} Vezes
1038001,Parceria constante construída na luz {TaskIndex},Doe diamante para um clã {RequiredStackCount} Vezes
1038002,Parceria constante construída na luz {TaskIndex},Doe diamante para um clã {RequiredStackCount} Vezes
1038003,Parceria constante construída na luz {TaskIndex},Doe diamante para um clã {RequiredStackCount} Vezes
1038004,Parceria constante construída na luz {TaskIndex},Doe diamante para um clã {RequiredStackCount} Vezes
1038005,Parceria constante construída na luz {TaskIndex},Doe diamante para um clã {RequiredStackCount} Vezes
1038006,Parceria constante construída na luz {TaskIndex},Doe diamante para um clã {RequiredStackCount} Vezes
1038007,Parceria constante construída na luz {TaskIndex},Doe diamante para um clã {RequiredStackCount} Vezes
1038008,Parceria constante construída na luz {TaskIndex},Doe diamante para um clã {RequiredStackCount} Vezes
1038009,Parceria constante construída na luz {TaskIndex},Doe diamante para um clã {RequiredStackCount} Vezes
1038010,Parceria constante construída na luz {TaskIndex},Doe diamante para um clã {RequiredStackCount} Vezes
1038011,Parceria constante construída na luz {TaskIndex},Doe diamante para um clã {RequiredStackCount} Vezes
1038012,Parceria constante construída na luz {TaskIndex},Doe diamante para um clã {RequiredStackCount} Vezes
1038013,Parceria constante construída na luz {TaskIndex},Doe diamante para um clã {RequiredStackCount} Vezes
1038014,Parceria constante construída na luz {TaskIndex},Doe diamante para um clã {RequiredStackCount} Vezes
1038015,Parceria constante construída na luz {TaskIndex},Doe diamante para um clã {RequiredStackCount} Vezes
1038016,Parceria constante construída na luz {TaskIndex},Doe diamante para um clã {RequiredStackCount} Vezes
1038017,Parceria constante construída na luz {TaskIndex},Doe diamante para um clã {RequiredStackCount} Vezes
1038018,Parceria constante construída na luz {TaskIndex},Doe diamante para um clã {RequiredStackCount} Vezes
1038019,Parceria constante construída na luz {TaskIndex},Doe diamante para um clã {RequiredStackCount} Vezes
1038020,Parceria constante construída na luz {TaskIndex},Doe diamante para um clã {RequiredStackCount} Vezes
1041001,Arqueólogo {TaskIndex},Descubra os Remanescentes de Giant {RequiredStackCount} Vezes
1041002,Arqueólogo {TaskIndex},Descubra os Remanescentes de Giant {RequiredStackCount} Vezes
1041003,Arqueólogo {TaskIndex},Descubra os Remanescentes de Giant {RequiredStackCount} Vezes
1041004,Arqueólogo {TaskIndex},Descubra os Remanescentes de Giant {RequiredStackCount} Vezes
1041005,Arqueólogo {TaskIndex},Descubra os Remanescentes de Giant {RequiredStackCount} Vezes
1041006,Arqueólogo {TaskIndex},Descubra os Remanescentes de Giant {RequiredStackCount} Vezes
1041007,Arqueólogo {TaskIndex},Descubra os Remanescentes de Giant {RequiredStackCount} Vezes
1041008,Arqueólogo {TaskIndex},Descubra os Remanescentes de Giant {RequiredStackCount} Vezes
1041009,Arqueólogo {TaskIndex},Descubra os Remanescentes de Giant {RequiredStackCount} Vezes
1041010,Arqueólogo {TaskIndex},Descubra os Remanescentes de Giant {RequiredStackCount} Vezes
1041011,Arqueólogo {TaskIndex},Descubra os Remanescentes de Giant {RequiredStackCount} Vezes
1041012,Arqueólogo {TaskIndex},Descubra os Remanescentes de Giant {RequiredStackCount} Vezes
1041013,Arqueólogo {TaskIndex},Descubra os Remanescentes de Giant {RequiredStackCount} Vezes
1041014,Arqueólogo {TaskIndex},Descubra os Remanescentes de Giant {RequiredStackCount} Vezes
1041015,Arqueólogo {TaskIndex},Descubra os Remanescentes de Giant {RequiredStackCount} Vezes
1041016,Arqueólogo {TaskIndex},Descubra os Remanescentes de Giant {RequiredStackCount} Vezes
1041017,Arqueólogo {TaskIndex},Descubra os Remanescentes de Giant {RequiredStackCount} Vezes
1041018,Arqueólogo {TaskIndex},Descubra os Remanescentes de Giant {RequiredStackCount} Vezes
1041019,Arqueólogo {TaskIndex},Descubra os Remanescentes de Giant {RequiredStackCount} Vezes
1041020,Arqueólogo {TaskIndex},Descubra os Remanescentes de Giant {RequiredStackCount} Vezes
1041021,Arqueólogo {TaskIndex},Descubra os Remanescentes de Giant {RequiredStackCount} Vezes
1041022,Arqueólogo {TaskIndex},Descubra os Remanescentes de Giant {RequiredStackCount} Vezes
1041023,Arqueólogo {TaskIndex},Descubra os Remanescentes de Giant {RequiredStackCount} Vezes
1041024,Arqueólogo {TaskIndex},Descubra os Remanescentes de Giant {RequiredStackCount} Vezes
1041025,Arqueólogo {TaskIndex},Descubra os Remanescentes de Giant {RequiredStackCount} Vezes
1041026,Arqueólogo {TaskIndex},Descubra os Remanescentes de Giant {RequiredStackCount} Vezes
1041027,Arqueólogo {TaskIndex},Descubra os Remanescentes de Giant {RequiredStackCount} Vezes
1041028,Arqueólogo {TaskIndex},Descubra os Remanescentes de Giant {RequiredStackCount} Vezes
1041029,Arqueólogo {TaskIndex},Descubra os Remanescentes de Giant {RequiredStackCount} Vezes
1041030,Arqueólogo {TaskIndex},Descubra os Remanescentes de Giant {RequiredStackCount} Vezes
1041031,Arqueólogo {TaskIndex},Descubra os Remanescentes de Giant {RequiredStackCount} Vezes
1041032,Arqueólogo {TaskIndex},Descubra os Remanescentes de Giant {RequiredStackCount} Vezes
1041033,Arqueólogo {TaskIndex},Descubra os Remanescentes de Giant {RequiredStackCount} Vezes
1041034,Arqueólogo {TaskIndex},Descubra os Remanescentes de Giant {RequiredStackCount} Vezes
1041035,Arqueólogo {TaskIndex},Descubra os Remanescentes de Giant {RequiredStackCount} Vezes
1041036,Arqueólogo {TaskIndex},Descubra os Remanescentes de Giant {RequiredStackCount} Vezes
1041037,Arqueólogo {TaskIndex},Descubra os Remanescentes de Giant {RequiredStackCount} Vezes
1041038,Arqueólogo {TaskIndex},Descubra os Remanescentes de Giant {RequiredStackCount} Vezes
1041039,Arqueólogo {TaskIndex},Descubra os Remanescentes de Giant {RequiredStackCount} Vezes
1041040,Arqueólogo {TaskIndex},Descubra os Remanescentes de Giant {RequiredStackCount} Vezes
1042001,Finders Keepers {TaskIndex},Abra o baú do tesouro {RequiredStackCount} Vezes
1042002,Finders Keepers {TaskIndex},Abra o baú do tesouro {RequiredStackCount} Vezes
1042003,Finders Keepers {TaskIndex},Abra o baú do tesouro {RequiredStackCount} Vezes
1042004,Finders Keepers {TaskIndex},Abra o baú do tesouro {RequiredStackCount} Vezes
1042005,Finders Keepers {TaskIndex},Abra o baú do tesouro {RequiredStackCount} Vezes
1042006,Finders Keepers {TaskIndex},Abra o baú do tesouro {RequiredStackCount} Vezes
1042007,Finders Keepers {TaskIndex},Abra o baú do tesouro {RequiredStackCount} Vezes
1042008,Finders Keepers {TaskIndex},Abra o baú do tesouro {RequiredStackCount} Vezes
1042009,Finders Keepers {TaskIndex},Abra o baú do tesouro {RequiredStackCount} Vezes
1042010,Finders Keepers {TaskIndex},Abra o baú do tesouro {RequiredStackCount} Vezes
1042011,Finders Keepers {TaskIndex},Abra o baú do tesouro {RequiredStackCount} Vezes
1042012,Finders Keepers {TaskIndex},Abra o baú do tesouro {RequiredStackCount} Vezes
1042013,Finders Keepers {TaskIndex},Abra o baú do tesouro {RequiredStackCount} Vezes
1042014,Finders Keepers {TaskIndex},Abra o baú do tesouro {RequiredStackCount} Vezes
1042015,Finders Keepers {TaskIndex},Abra o baú do tesouro {RequiredStackCount} Vezes
1042016,Finders Keepers {TaskIndex},Abra o baú do tesouro {RequiredStackCount} Vezes
1042017,Finders Keepers {TaskIndex},Abra o baú do tesouro {RequiredStackCount} Vezes
1042018,Finders Keepers {TaskIndex},Abra o baú do tesouro {RequiredStackCount} Vezes
1042019,Finders Keepers {TaskIndex},Abra o baú do tesouro {RequiredStackCount} Vezes
1042020,Finders Keepers {TaskIndex},Abra o baú do tesouro {RequiredStackCount} Vezes
1042021,Finders Keepers {TaskIndex},Abra o baú do tesouro {RequiredStackCount} Vezes
1042022,Finders Keepers {TaskIndex},Abra o baú do tesouro {RequiredStackCount} Vezes
1042023,Finders Keepers {TaskIndex},Abra o baú do tesouro {RequiredStackCount} Vezes
1042024,Finders Keepers {TaskIndex},Abra o baú do tesouro {RequiredStackCount} Vezes
1042025,Finders Keepers {TaskIndex},Abra o baú do tesouro {RequiredStackCount} Vezes
1043001,Brilho Deslumbrante {TaskIndex},Descubra Brilhos {RequiredStackCount} Vezes
1043002,Brilho Deslumbrante {TaskIndex},Descubra Brilhos {RequiredStackCount} Vezes
1043003,Brilho Deslumbrante {TaskIndex},Descubra Brilhos {RequiredStackCount} Vezes
1043004,Brilho Deslumbrante {TaskIndex},Descubra Brilhos {RequiredStackCount} Vezes
1043005,Brilho Deslumbrante {TaskIndex},Descubra Brilhos {RequiredStackCount} Vezes
1043006,Brilho Deslumbrante {TaskIndex},Descubra Brilhos {RequiredStackCount} Vezes
1043007,Brilho Deslumbrante {TaskIndex},Descubra Brilhos {RequiredStackCount} Vezes
1043008,Brilho Deslumbrante {TaskIndex},Descubra Brilhos {RequiredStackCount} Vezes
1043009,Brilho Deslumbrante {TaskIndex},Descubra Brilhos {RequiredStackCount} Vezes
1043010,Brilho Deslumbrante {TaskIndex},Descubra Brilhos {RequiredStackCount} Vezes
1043011,Brilho Deslumbrante {TaskIndex},Descubra Brilhos {RequiredStackCount} Vezes
1043012,Brilho Deslumbrante {TaskIndex},Descubra Brilhos {RequiredStackCount} Vezes
1043013,Brilho Deslumbrante {TaskIndex},Descubra Brilhos {RequiredStackCount} Vezes
1043014,Brilho Deslumbrante {TaskIndex},Descubra Brilhos {RequiredStackCount} Vezes
1043015,Brilho Deslumbrante {TaskIndex},Descubra Brilhos {RequiredStackCount} Vezes
1043016,Brilho Deslumbrante {TaskIndex},Descubra Brilhos {RequiredStackCount} Vezes
1043017,Brilho Deslumbrante {TaskIndex},Descubra Brilhos {RequiredStackCount} Vezes
1043018,Brilho Deslumbrante {TaskIndex},Descubra Brilhos {RequiredStackCount} Vezes
1043019,Brilho Deslumbrante {TaskIndex},Descubra Brilhos {RequiredStackCount} Vezes
1043020,Brilho Deslumbrante {TaskIndex},Descubra Brilhos {RequiredStackCount} Vezes
1044001,Beleza Eterna {TaskIndex},Ativar Observatório {RequiredStackCount} Vezes
1044002,Beleza Eterna {TaskIndex},Ativar Observatório {RequiredStackCount} Vezes
1044003,Beleza Eterna {TaskIndex},Ativar Observatório {RequiredStackCount} Vezes
1044004,Beleza Eterna {TaskIndex},Ativar Observatório {RequiredStackCount} Vezes
1044005,Beleza Eterna {TaskIndex},Ativar Observatório {RequiredStackCount} Vezes
1044006,Beleza Eterna {TaskIndex},Ativar Observatório {RequiredStackCount} Vezes
1044007,Beleza Eterna {TaskIndex},Ativar Observatório {RequiredStackCount} Vezes
1044008,Beleza Eterna {TaskIndex},Ativar Observatório {RequiredStackCount} Vezes
1044009,Beleza Eterna {TaskIndex},Ativar Observatório {RequiredStackCount} Vezes
1044010,Beleza Eterna {TaskIndex},Ativar Observatório {RequiredStackCount} Vezes
1044011,Beleza Eterna {TaskIndex},Ativar Observatório {RequiredStackCount} Vezes
1044012,Beleza Eterna {TaskIndex},Ativar Observatório {RequiredStackCount} Vezes
1044013,Beleza Eterna {TaskIndex},Ativar Observatório {RequiredStackCount} Vezes
1044014,Beleza Eterna {TaskIndex},Ativar Observatório {RequiredStackCount} Vezes
1044015,Beleza Eterna {TaskIndex},Ativar Observatório {RequiredStackCount} Vezes
1044016,Beleza Eterna {TaskIndex},Ativar Observatório {RequiredStackCount} Vezes
1044017,Beleza Eterna {TaskIndex},Ativar Observatório {RequiredStackCount} Vezes
1044018,Beleza Eterna {TaskIndex},Ativar Observatório {RequiredStackCount} Vezes
1044019,Beleza Eterna {TaskIndex},Ativar Observatório {RequiredStackCount} Vezes
1044020,Beleza Eterna {TaskIndex},Ativar Observatório {RequiredStackCount} Vezes
1044021,Beleza Eterna {TaskIndex},Ativar Observatório {RequiredStackCount} Vezes
1044022,Beleza Eterna {TaskIndex},Ativar Observatório {RequiredStackCount} Vezes
1044023,Beleza Eterna {TaskIndex},Ativar Observatório {RequiredStackCount} Vezes
1044024,Beleza Eterna {TaskIndex},Ativar Observatório {RequiredStackCount} Vezes
1044025,Beleza Eterna {TaskIndex},Ativar Observatório {RequiredStackCount} Vezes
1046001,Para seguir em frente juntos,Criar ou ingressar em um clã
1049001,Visitantes sem fim {TaskIndex},Limpar corredor perpétuo {RequiredStackCount} Vezes
1049002,Visitantes sem fim {TaskIndex},Limpar corredor perpétuo {RequiredStackCount} Vezes
1049003,Visitantes sem fim {TaskIndex},Limpar corredor perpétuo {RequiredStackCount} Vezes
1049004,Visitantes sem fim {TaskIndex},Limpar corredor perpétuo {RequiredStackCount} Vezes
1049005,Visitantes sem fim {TaskIndex},Limpar corredor perpétuo {RequiredStackCount} Vezes
1049006,Visitantes sem fim {TaskIndex},Limpar corredor perpétuo {RequiredStackCount} Vezes
1049007,Visitantes sem fim {TaskIndex},Limpar corredor perpétuo {RequiredStackCount} Vezes
1049008,Visitantes sem fim {TaskIndex},Limpar corredor perpétuo {RequiredStackCount} Vezes
1049009,Visitantes sem fim {TaskIndex},Limpar corredor perpétuo {RequiredStackCount} Vezes
1049010,Visitantes sem fim {TaskIndex},Limpar corredor perpétuo {RequiredStackCount} Vezes
1049011,Visitantes sem fim {TaskIndex},Limpar corredor perpétuo {RequiredStackCount} Vezes
1049012,Visitantes sem fim {TaskIndex},Limpar corredor perpétuo {RequiredStackCount} Vezes
1049013,Visitantes sem fim {TaskIndex},Limpar corredor perpétuo {RequiredStackCount} Vezes
1049014,Visitantes sem fim {TaskIndex},Limpar corredor perpétuo {RequiredStackCount} Vezes
1049015,Visitantes sem fim {TaskIndex},Limpar corredor perpétuo {RequiredStackCount} Vezes
1049016,Visitantes sem fim {TaskIndex},Limpar corredor perpétuo {RequiredStackCount} Vezes
1049017,Visitantes sem fim {TaskIndex},Limpar corredor perpétuo {RequiredStackCount} Vezes
1049018,Visitantes sem fim {TaskIndex},Limpar corredor perpétuo {RequiredStackCount} Vezes
1049019,Visitantes sem fim {TaskIndex},Limpar corredor perpétuo {RequiredStackCount} Vezes
1049020,Visitantes sem fim {TaskIndex},Limpar corredor perpétuo {RequiredStackCount} Vezes
1049021,Visitantes sem fim {TaskIndex},Limpar corredor perpétuo {RequiredStackCount} Vezes
1049022,Visitantes sem fim {TaskIndex},Limpar corredor perpétuo {RequiredStackCount} Vezes
1049023,Visitantes sem fim {TaskIndex},Limpar corredor perpétuo {RequiredStackCount} Vezes
1049024,Visitantes sem fim {TaskIndex},Limpar corredor perpétuo {RequiredStackCount} Vezes
1049025,Visitantes sem fim {TaskIndex},Limpar corredor perpétuo {RequiredStackCount} Vezes
1049026,Visitantes sem fim {TaskIndex},Limpar corredor perpétuo {RequiredStackCount} Vezes
1049027,Visitantes sem fim {TaskIndex},Limpar corredor perpétuo {RequiredStackCount} Vezes
1049028,Visitantes sem fim {TaskIndex},Limpar corredor perpétuo {RequiredStackCount} Vezes
1049029,Visitantes sem fim {TaskIndex},Limpar corredor perpétuo {RequiredStackCount} Vezes
1049030,Visitantes sem fim {TaskIndex},Limpar corredor perpétuo {RequiredStackCount} Vezes
1049031,Visitantes sem fim {TaskIndex},Limpar corredor perpétuo {RequiredStackCount} Vezes
1049032,Visitantes sem fim {TaskIndex},Limpar corredor perpétuo {RequiredStackCount} Vezes
1049033,Visitantes sem fim {TaskIndex},Limpar corredor perpétuo {RequiredStackCount} Vezes
1049034,Visitantes sem fim {TaskIndex},Limpar corredor perpétuo {RequiredStackCount} Vezes
1049035,Visitantes sem fim {TaskIndex},Limpar corredor perpétuo {RequiredStackCount} Vezes
1049036,Visitantes sem fim {TaskIndex},Limpar corredor perpétuo {RequiredStackCount} Vezes
1049037,Visitantes sem fim {TaskIndex},Limpar corredor perpétuo {RequiredStackCount} Vezes
1049038,Visitantes sem fim {TaskIndex},Limpar corredor perpétuo {RequiredStackCount} Vezes
1049039,Visitantes sem fim {TaskIndex},Limpar corredor perpétuo {RequiredStackCount} Vezes
1049040,Visitantes sem fim {TaskIndex},Limpar corredor perpétuo {RequiredStackCount} Vezes
1050001,Ressonância instável {TaskIndex},Participe do Artificial Tesseract {RequiredStackCount} vezes
1050002,Ressonância instável {TaskIndex},Participe do Artificial Tesseract {RequiredStackCount} vezes
1050003,Ressonância instável {TaskIndex},Participe do Artificial Tesseract {RequiredStackCount} vezes
1050004,Ressonância instável {TaskIndex},Participe do Artificial Tesseract {RequiredStackCount} vezes
1050005,Ressonância instável {TaskIndex},Participe do Artificial Tesseract {RequiredStackCount} vezes
1050006,Ressonância instável {TaskIndex},Participe do Artificial Tesseract {RequiredStackCount} vezes
1050007,Ressonância instável {TaskIndex},Participe do Artificial Tesseract {RequiredStackCount} vezes
1050008,Ressonância instável {TaskIndex},Participe do Artificial Tesseract {RequiredStackCount} vezes
1050009,Ressonância instável {TaskIndex},Participe do Artificial Tesseract {RequiredStackCount} vezes
1050010,Ressonância instável {TaskIndex},Participe do Artificial Tesseract {RequiredStackCount} vezes
1050011,Ressonância instável {TaskIndex},Participe do Artificial Tesseract {RequiredStackCount} vezes
1050012,Ressonância instável {TaskIndex},Participe do Artificial Tesseract {RequiredStackCount} vezes
1050013,Ressonância instável {TaskIndex},Participe do Artificial Tesseract {RequiredStackCount} vezes
1050014,Ressonância instável {TaskIndex},Participe do Artificial Tesseract {RequiredStackCount} vezes
1050015,Ressonância instável {TaskIndex},Participe do Artificial Tesseract {RequiredStackCount} vezes
1050016,Ressonância instável {TaskIndex},Participe do Artificial Tesseract {RequiredStackCount} vezes
1050017,Ressonância instável {TaskIndex},Participe do Artificial Tesseract {RequiredStackCount} vezes
1050018,Ressonância instável {TaskIndex},Participe do Artificial Tesseract {RequiredStackCount} vezes
1050019,Ressonância instável {TaskIndex},Participe do Artificial Tesseract {RequiredStackCount} vezes
1050020,Ressonância instável {TaskIndex},Participe do Artificial Tesseract {RequiredStackCount} vezes
1050021,Ressonância instável {TaskIndex},Participe do Artificial Tesseract {RequiredStackCount} vezes
1050022,Ressonância instável {TaskIndex},Participe do Artificial Tesseract {RequiredStackCount} vezes
1050023,Ressonância instável {TaskIndex},Participe do Artificial Tesseract {RequiredStackCount} vezes
1050024,Ressonância instável {TaskIndex},Participe do Artificial Tesseract {RequiredStackCount} vezes
1050025,Ressonância instável {TaskIndex},Participe do Artificial Tesseract {RequiredStackCount} vezes
1050026,Ressonância instável {TaskIndex},Participe do Artificial Tesseract {RequiredStackCount} vezes
1050027,Ressonância instável {TaskIndex},Participe do Artificial Tesseract {RequiredStackCount} vezes
1050028,Ressonância instável {TaskIndex},Participe do Artificial Tesseract {RequiredStackCount} vezes
1050029,Ressonância instável {TaskIndex},Participe do Artificial Tesseract {RequiredStackCount} vezes
1050030,Ressonância instável {TaskIndex},Participe do Artificial Tesseract {RequiredStackCount} vezes
1050031,Ressonância instável {TaskIndex},Participe do Artificial Tesseract {RequiredStackCount} vezes
1050032,Ressonância instável {TaskIndex},Participe do Artificial Tesseract {RequiredStackCount} vezes
1050033,Ressonância instável {TaskIndex},Participe do Artificial Tesseract {RequiredStackCount} vezes
1050034,Ressonância instável {TaskIndex},Participe do Artificial Tesseract {RequiredStackCount} vezes
1050035,Ressonância instável {TaskIndex},Participe do Artificial Tesseract {RequiredStackCount} vezes
1050036,Ressonância instável {TaskIndex},Participe do Artificial Tesseract {RequiredStackCount} vezes
1050037,Ressonância instável {TaskIndex},Participe do Artificial Tesseract {RequiredStackCount} vezes
1050038,Ressonância instável {TaskIndex},Participe do Artificial Tesseract {RequiredStackCount} vezes
1050039,Ressonância instável {TaskIndex},Participe do Artificial Tesseract {RequiredStackCount} vezes
1050040,Ressonância instável {TaskIndex},Participe do Artificial Tesseract {RequiredStackCount} vezes
1051001,Supressor do Replicated Calamidade {TaskIndex},Limpar artificial Tesseract {RequiredStackCount} Vezes
1051002,Supressor do Replicated Calamidade {TaskIndex},Limpar artificial Tesseract {RequiredStackCount} Vezes
1051003,Supressor do Replicated Calamidade {TaskIndex},Limpar artificial Tesseract {RequiredStackCount} Vezes
1051004,Supressor do Replicated Calamidade {TaskIndex},Limpar artificial Tesseract {RequiredStackCount} Vezes
1051005,Supressor do Replicated Calamidade {TaskIndex},Limpar artificial Tesseract {RequiredStackCount} Vezes
1051006,Supressor do Replicated Calamidade {TaskIndex},Limpar artificial Tesseract {RequiredStackCount} Vezes
1051007,Supressor do Replicated Calamidade {TaskIndex},Limpar artificial Tesseract {RequiredStackCount} Vezes
1051008,Supressor do Replicated Calamidade {TaskIndex},Limpar artificial Tesseract {RequiredStackCount} Vezes
1051009,Supressor do Replicated Calamidade {TaskIndex},Limpar artificial Tesseract {RequiredStackCount} Vezes
1051010,Supressor do Replicated Calamidade {TaskIndex},Limpar artificial Tesseract {RequiredStackCount} Vezes
1051011,Supressor do Replicated Calamidade {TaskIndex},Limpar artificial Tesseract {RequiredStackCount} Vezes
1051012,Supressor do Replicated Calamidade {TaskIndex},Limpar artificial Tesseract {RequiredStackCount} Vezes
1051013,Supressor do Replicated Calamidade {TaskIndex},Limpar artificial Tesseract {RequiredStackCount} Vezes
1051014,Supressor do Replicated Calamidade {TaskIndex},Limpar artificial Tesseract {RequiredStackCount} Vezes
1051015,Supressor do Replicated Calamidade {TaskIndex},Limpar artificial Tesseract {RequiredStackCount} Vezes
1051016,Supressor do Replicated Calamidade {TaskIndex},Limpar artificial Tesseract {RequiredStackCount} Vezes
1051017,Supressor do Replicated Calamidade {TaskIndex},Limpar artificial Tesseract {RequiredStackCount} Vezes
1051018,Supressor do Replicated Calamidade {TaskIndex},Limpar artificial Tesseract {RequiredStackCount} Vezes
1051019,Supressor do Replicated Calamidade {TaskIndex},Limpar artificial Tesseract {RequiredStackCount} Vezes
1051020,Supressor do Replicated Calamidade {TaskIndex},Limpar artificial Tesseract {RequiredStackCount} Vezes
1051021,Supressor do Replicated Calamidade {TaskIndex},Limpar artificial Tesseract {RequiredStackCount} Vezes
1051022,Supressor do Replicated Calamidade {TaskIndex},Limpar artificial Tesseract {RequiredStackCount} Vezes
1051023,Supressor do Replicated Calamidade {TaskIndex},Limpar artificial Tesseract {RequiredStackCount} Vezes
1051024,Supressor do Replicated Calamidade {TaskIndex},Limpar artificial Tesseract {RequiredStackCount} Vezes
1051025,Supressor do Replicated Calamidade {TaskIndex},Limpar artificial Tesseract {RequiredStackCount} Vezes
1051026,Supressor do Replicated Calamidade {TaskIndex},Limpar artificial Tesseract {RequiredStackCount} Vezes
1051027,Supressor do Replicated Calamidade {TaskIndex},Limpar artificial Tesseract {RequiredStackCount} Vezes
1051028,Supressor do Replicated Calamidade {TaskIndex},Limpar artificial Tesseract {RequiredStackCount} Vezes
1051029,Supressor do Replicated Calamidade {TaskIndex},Limpar artificial Tesseract {RequiredStackCount} Vezes
1051030,Supressor do Replicated Calamidade {TaskIndex},Limpar artificial Tesseract {RequiredStackCount} Vezes
1051031,Supressor do Replicated Calamidade {TaskIndex},Limpar artificial Tesseract {RequiredStackCount} Vezes
1051032,Supressor do Replicated Calamidade {TaskIndex},Limpar artificial Tesseract {RequiredStackCount} Vezes
1051033,Supressor do Replicated Calamidade {TaskIndex},Limpar artificial Tesseract {RequiredStackCount} Vezes
1051034,Supressor do Replicated Calamidade {TaskIndex},Limpar artificial Tesseract {RequiredStackCount} Vezes
1051035,Supressor do Replicated Calamidade {TaskIndex},Limpar artificial Tesseract {RequiredStackCount} Vezes
1051036,Supressor do Replicated Calamidade {TaskIndex},Limpar artificial Tesseract {RequiredStackCount} Vezes
1051037,Supressor do Replicated Calamidade {TaskIndex},Limpar artificial Tesseract {RequiredStackCount} Vezes
1051038,Supressor do Replicated Calamidade {TaskIndex},Limpar artificial Tesseract {RequiredStackCount} Vezes
1051039,Supressor do Replicated Calamidade {TaskIndex},Limpar artificial Tesseract {RequiredStackCount} Vezes
1051040,Supressor do Replicated Calamidade {TaskIndex},Limpar artificial Tesseract {RequiredStackCount} Vezes
2001001,Varredor de Monstro {TaskIndex},Derrote Monstros {RequiredStackCount}
2001002,Varredor de Monstro {TaskIndex},Derrote Monstros {RequiredStackCount}
2001003,Varredor de Monstro {TaskIndex},Derrote Monstros {RequiredStackCount}
2001004,Varredor de Monstro {TaskIndex},Derrote Monstros {RequiredStackCount}
2001005,Varredor de Monstro {TaskIndex},Derrote Monstros {RequiredStackCount}
2001006,Varredor de Monstro {TaskIndex},Derrote Monstros {RequiredStackCount}
2001007,Varredor de Monstro {TaskIndex},Derrote Monstros {RequiredStackCount}
2001008,Varredor de Monstro {TaskIndex},Derrote Monstros {RequiredStackCount}
2001009,Varredor de Monstro {TaskIndex},Derrote Monstros {RequiredStackCount}
2001010,Varredor de Monstro {TaskIndex},Derrote Monstros {RequiredStackCount}
2001011,Varredor de Monstro {TaskIndex},Derrote Monstros {RequiredStackCount}
2001012,Varredor de Monstro {TaskIndex},Derrote Monstros {RequiredStackCount}
2001013,Varredor de Monstro {TaskIndex},Derrote Monstros {RequiredStackCount}
2001014,Varredor de Monstro {TaskIndex},Derrote Monstros {RequiredStackCount}
2001015,Varredor de Monstro {TaskIndex},Derrote Monstros {RequiredStackCount}
2001016,Varredor de Monstro {TaskIndex},Derrote Monstros {RequiredStackCount}
2001017,Varredor de Monstro {TaskIndex},Derrote Monstros {RequiredStackCount}
2001018,Varredor de Monstro {TaskIndex},Derrote Monstros {RequiredStackCount}
2001019,Varredor de Monstro {TaskIndex},Derrote Monstros {RequiredStackCount}
2001020,Varredor de Monstro {TaskIndex},Derrote Monstros {RequiredStackCount}
2001021,Varredor de Monstro {TaskIndex},Derrote Monstros {RequiredStackCount}
2001022,Varredor de Monstro {TaskIndex},Derrote Monstros {RequiredStackCount}
2001023,Varredor de Monstro {TaskIndex},Derrote Monstros {RequiredStackCount}
2001024,Varredor de Monstro {TaskIndex},Derrote Monstros {RequiredStackCount}
2001025,Varredor de Monstro {TaskIndex},Derrote Monstros {RequiredStackCount}
2001026,Varredor de Monstro {TaskIndex},Derrote Monstros {RequiredStackCount}
2001027,Varredor de Monstro {TaskIndex},Derrote Monstros {RequiredStackCount}
2001028,Varredor de Monstro {TaskIndex},Derrote Monstros {RequiredStackCount}
2001029,Varredor de Monstro {TaskIndex},Derrote Monstros {RequiredStackCount}
2001030,Varredor de Monstro {TaskIndex},Derrote Monstros {RequiredStackCount}
2001031,Varredor de Monstro {TaskIndex},Derrote Monstros {RequiredStackCount}
2001032,Varredor de Monstro {TaskIndex},Derrote Monstros {RequiredStackCount}
2001033,Varredor de Monstro {TaskIndex},Derrote Monstros {RequiredStackCount}
2001034,Varredor de Monstro {TaskIndex},Derrote Monstros {RequiredStackCount}
2001035,Varredor de Monstro {TaskIndex},Derrote Monstros {RequiredStackCount}
2001036,Varredor de Monstro {TaskIndex},Derrote Monstros {RequiredStackCount}
2001037,Varredor de Monstro {TaskIndex},Derrote Monstros {RequiredStackCount}
2001038,Varredor de Monstro {TaskIndex},Derrote Monstros {RequiredStackCount}
2001039,Varredor de Monstro {TaskIndex},Derrote Monstros {RequiredStackCount}
2001040,Varredor de Monstro {TaskIndex},Derrote Monstros {RequiredStackCount}
2001041,Varredor de Monstro {TaskIndex},Derrote Monstros {RequiredStackCount}
2001042,Varredor de Monstro {TaskIndex},Derrote Monstros {RequiredStackCount}
2001043,Varredor de Monstro {TaskIndex},Derrote Monstros {RequiredStackCount}
2001044,Varredor de Monstro {TaskIndex},Derrote Monstros {RequiredStackCount}
2001045,Varredor de Monstro {TaskIndex},Derrote Monstros {RequiredStackCount}
2001046,Varredor de Monstro {TaskIndex},Derrote Monstros {RequiredStackCount}
2001047,Varredor de Monstro {TaskIndex},Derrote Monstros {RequiredStackCount}
2001048,Varredor de Monstro {TaskIndex},Derrote Monstros {RequiredStackCount}
2001049,Varredor de Monstro {TaskIndex},Derrote Monstros {RequiredStackCount}
2001050,Varredor de Monstro {TaskIndex},Derrote Monstros {RequiredStackCount}
2004001,Exterminar Chefes {TaskIndex},Derrotar {RequiredStackCount} Monstros chefes
2004002,Exterminar Chefes {TaskIndex},Derrotar {RequiredStackCount} Monstros chefes
2004003,Exterminar Chefes {TaskIndex},Derrotar {RequiredStackCount} Monstros chefes
2004004,Exterminar Chefes {TaskIndex},Derrotar {RequiredStackCount} Monstros chefes
2004005,Exterminar Chefes {TaskIndex},Derrotar {RequiredStackCount} Monstros chefes
2004006,Exterminar Chefes {TaskIndex},Derrotar {RequiredStackCount} Monstros chefes
2004007,Exterminar Chefes {TaskIndex},Derrotar {RequiredStackCount} Monstros chefes
2004008,Exterminar Chefes {TaskIndex},Derrotar {RequiredStackCount} Monstros chefes
2004009,Exterminar Chefes {TaskIndex},Derrotar {RequiredStackCount} Monstros chefes
2004010,Exterminar Chefes {TaskIndex},Derrotar {RequiredStackCount} Monstros chefes
2004011,Exterminar Chefes {TaskIndex},Derrotar {RequiredStackCount} Monstros chefes
2004012,Exterminar Chefes {TaskIndex},Derrotar {RequiredStackCount} Monstros chefes
2004013,Exterminar Chefes {TaskIndex},Derrotar {RequiredStackCount} Monstros chefes
2004014,Exterminar Chefes {TaskIndex},Derrotar {RequiredStackCount} Monstros chefes
2004015,Exterminar Chefes {TaskIndex},Derrotar {RequiredStackCount} Monstros chefes
2004016,Exterminar Chefes {TaskIndex},Derrotar {RequiredStackCount} Monstros chefes
2004017,Exterminar Chefes {TaskIndex},Derrotar {RequiredStackCount} Monstros chefes
2004018,Exterminar Chefes {TaskIndex},Derrotar {RequiredStackCount} Monstros chefes
2004019,Exterminar Chefes {TaskIndex},Derrotar {RequiredStackCount} Monstros chefes
2004020,Exterminar Chefes {TaskIndex},Derrotar {RequiredStackCount} Monstros chefes
2004021,Exterminar Chefes {TaskIndex},Derrotar {RequiredStackCount} Monstros chefes
2004022,Exterminar Chefes {TaskIndex},Derrotar {RequiredStackCount} Monstros chefes
2004023,Exterminar Chefes {TaskIndex},Derrotar {RequiredStackCount} Monstros chefes
2004024,Exterminar Chefes {TaskIndex},Derrotar {RequiredStackCount} Monstros chefes
2004025,Exterminar Chefes {TaskIndex},Derrotar {RequiredStackCount} Monstros chefes
2004026,Exterminar Chefes {TaskIndex},Derrotar {RequiredStackCount} Monstros chefes
2004027,Exterminar Chefes {TaskIndex},Derrotar {RequiredStackCount} Monstros chefes
2004028,Exterminar Chefes {TaskIndex},Derrotar {RequiredStackCount} Monstros chefes
2004029,Exterminar Chefes {TaskIndex},Derrotar {RequiredStackCount} Monstros chefes
2004030,Exterminar Chefes {TaskIndex},Derrotar {RequiredStackCount} Monstros chefes
2008001,Conquistador da Torre {TaskIndex},Derrote Monstros {RequiredStackCount} na Torre de Giant
2008002,Conquistador da Torre {TaskIndex},Derrote Monstros {RequiredStackCount} na Torre de Giant
2008003,Conquistador da Torre {TaskIndex},Derrote Monstros {RequiredStackCount} na Torre de Giant
2008004,Conquistador da Torre {TaskIndex},Derrote Monstros {RequiredStackCount} na Torre de Giant
2008005,Conquistador da Torre {TaskIndex},Derrote Monstros {RequiredStackCount} na Torre de Giant
2008006,Conquistador da Torre {TaskIndex},Derrote Monstros {RequiredStackCount} na Torre de Giant
2008007,Conquistador da Torre {TaskIndex},Derrote Monstros {RequiredStackCount} na Torre de Giant
2008008,Conquistador da Torre {TaskIndex},Derrote Monstros {RequiredStackCount} na Torre de Giant
2008009,Conquistador da Torre {TaskIndex},Derrote Monstros {RequiredStackCount} na Torre de Giant
2008010,Conquistador da Torre {TaskIndex},Derrote Monstros {RequiredStackCount} na Torre de Giant
2008011,Conquistador da Torre {TaskIndex},Derrote Monstros {RequiredStackCount} na Torre de Giant
2008012,Conquistador da Torre {TaskIndex},Derrote Monstros {RequiredStackCount} na Torre de Giant
2008013,Conquistador da Torre {TaskIndex},Derrote Monstros {RequiredStackCount} na Torre de Giant
2008014,Conquistador da Torre {TaskIndex},Derrote Monstros {RequiredStackCount} na Torre de Giant
2008015,Conquistador da Torre {TaskIndex},Derrote Monstros {RequiredStackCount} na Torre de Giant
2008016,Conquistador da Torre {TaskIndex},Derrote Monstros {RequiredStackCount} na Torre de Giant
2008017,Conquistador da Torre {TaskIndex},Derrote Monstros {RequiredStackCount} na Torre de Giant
2008018,Conquistador da Torre {TaskIndex},Derrote Monstros {RequiredStackCount} na Torre de Giant
2008019,Conquistador da Torre {TaskIndex},Derrote Monstros {RequiredStackCount} na Torre de Giant
2008020,Conquistador da Torre {TaskIndex},Derrote Monstros {RequiredStackCount} na Torre de Giant
2008021,Conquistador da Torre {TaskIndex},Derrote Monstros {RequiredStackCount} na Torre de Giant
2008022,Conquistador da Torre {TaskIndex},Derrote Monstros {RequiredStackCount} na Torre de Giant
2008023,Conquistador da Torre {TaskIndex},Derrote Monstros {RequiredStackCount} na Torre de Giant
2008024,Conquistador da Torre {TaskIndex},Derrote Monstros {RequiredStackCount} na Torre de Giant
2008025,Conquistador da Torre {TaskIndex},Derrote Monstros {RequiredStackCount} na Torre de Giant
2008026,Conquistador da Torre {TaskIndex},Derrote Monstros {RequiredStackCount} na Torre de Giant
2008027,Conquistador da Torre {TaskIndex},Derrote Monstros {RequiredStackCount} na Torre de Giant
2008028,Conquistador da Torre {TaskIndex},Derrote Monstros {RequiredStackCount} na Torre de Giant
2008029,Conquistador da Torre {TaskIndex},Derrote Monstros {RequiredStackCount} na Torre de Giant
2008030,Conquistador da Torre {TaskIndex},Derrote Monstros {RequiredStackCount} na Torre de Giant
2011001,Grande Mestre da Cura {TaskIndex},Pena de morte recuperada {RequiredStackCount} Vezes
2011002,Grande Mestre da Cura {TaskIndex},Pena de morte recuperada {RequiredStackCount} Vezes
2011003,Grande Mestre da Cura {TaskIndex},Pena de morte recuperada {RequiredStackCount} Vezes
2011004,Grande Mestre da Cura {TaskIndex},Pena de morte recuperada {RequiredStackCount} Vezes
2011005,Grande Mestre da Cura {TaskIndex},Pena de morte recuperada {RequiredStackCount} Vezes
2011006,Grande Mestre da Cura {TaskIndex},Pena de morte recuperada {RequiredStackCount} Vezes
2011007,Grande Mestre da Cura {TaskIndex},Pena de morte recuperada {RequiredStackCount} Vezes
2011008,Grande Mestre da Cura {TaskIndex},Pena de morte recuperada {RequiredStackCount} Vezes
2011009,Grande Mestre da Cura {TaskIndex},Pena de morte recuperada {RequiredStackCount} Vezes
2011010,Grande Mestre da Cura {TaskIndex},Pena de morte recuperada {RequiredStackCount} Vezes
2011011,Grande Mestre da Cura {TaskIndex},Pena de morte recuperada {RequiredStackCount} Vezes
2011012,Grande Mestre da Cura {TaskIndex},Pena de morte recuperada {RequiredStackCount} Vezes
2011013,Grande Mestre da Cura {TaskIndex},Pena de morte recuperada {RequiredStackCount} Vezes
2011014,Grande Mestre da Cura {TaskIndex},Pena de morte recuperada {RequiredStackCount} Vezes
2011015,Grande Mestre da Cura {TaskIndex},Pena de morte recuperada {RequiredStackCount} Vezes
2011016,Grande Mestre da Cura {TaskIndex},Pena de morte recuperada {RequiredStackCount} Vezes
2011017,Grande Mestre da Cura {TaskIndex},Pena de morte recuperada {RequiredStackCount} Vezes
2011018,Grande Mestre da Cura {TaskIndex},Pena de morte recuperada {RequiredStackCount} Vezes
2011019,Grande Mestre da Cura {TaskIndex},Pena de morte recuperada {RequiredStackCount} Vezes
2011020,Grande Mestre da Cura {TaskIndex},Pena de morte recuperada {RequiredStackCount} Vezes
2012001,Uma lição cara {TaskIndex},Pena de morte recuperada com diamantes {RequiredStackCount} Vezes
2012002,Uma lição cara {TaskIndex},Pena de morte recuperada com diamantes {RequiredStackCount} Vezes
2012003,Uma lição cara {TaskIndex},Pena de morte recuperada com diamantes {RequiredStackCount} Vezes
2012004,Uma lição cara {TaskIndex},Pena de morte recuperada com diamantes {RequiredStackCount} Vezes
2012005,Uma lição cara {TaskIndex},Pena de morte recuperada com diamantes {RequiredStackCount} Vezes
2012006,Uma lição cara {TaskIndex},Pena de morte recuperada com diamantes {RequiredStackCount} Vezes
2012007,Uma lição cara {TaskIndex},Pena de morte recuperada com diamantes {RequiredStackCount} Vezes
2012008,Uma lição cara {TaskIndex},Pena de morte recuperada com diamantes {RequiredStackCount} Vezes
2012009,Uma lição cara {TaskIndex},Pena de morte recuperada com diamantes {RequiredStackCount} Vezes
2012010,Uma lição cara {TaskIndex},Pena de morte recuperada com diamantes {RequiredStackCount} Vezes
2012011,Uma lição cara {TaskIndex},Pena de morte recuperada com diamantes {RequiredStackCount} Vezes
2012012,Uma lição cara {TaskIndex},Pena de morte recuperada com diamantes {RequiredStackCount} Vezes
2012013,Uma lição cara {TaskIndex},Pena de morte recuperada com diamantes {RequiredStackCount} Vezes
2012014,Uma lição cara {TaskIndex},Pena de morte recuperada com diamantes {RequiredStackCount} Vezes
2012015,Uma lição cara {TaskIndex},Pena de morte recuperada com diamantes {RequiredStackCount} Vezes
2012016,Uma lição cara {TaskIndex},Pena de morte recuperada com diamantes {RequiredStackCount} Vezes
2012017,Uma lição cara {TaskIndex},Pena de morte recuperada com diamantes {RequiredStackCount} Vezes
2012018,Uma lição cara {TaskIndex},Pena de morte recuperada com diamantes {RequiredStackCount} Vezes
2012019,Uma lição cara {TaskIndex},Pena de morte recuperada com diamantes {RequiredStackCount} Vezes
2012020,Uma lição cara {TaskIndex},Pena de morte recuperada com diamantes {RequiredStackCount} Vezes
2013001,Desafio para o Monolith {TaskIndex},Participe de Monolith War {RequiredStackCount} vezes
2013002,Desafio para o Monolith {TaskIndex},Participe de Monolith War {RequiredStackCount} vezes
2013003,Desafio para o Monolith {TaskIndex},Participe de Monolith War {RequiredStackCount} vezes
2013004,Desafio para o Monolith {TaskIndex},Participe de Monolith War {RequiredStackCount} vezes
2013005,Desafio para o Monolith {TaskIndex},Participe de Monolith War {RequiredStackCount} vezes
2013006,Desafio para o Monolith {TaskIndex},Participe de Monolith War {RequiredStackCount} vezes
2013007,Desafio para o Monolith {TaskIndex},Participe de Monolith War {RequiredStackCount} vezes
2013008,Desafio para o Monolith {TaskIndex},Participe de Monolith War {RequiredStackCount} vezes
2013009,Desafio para o Monolith {TaskIndex},Participe de Monolith War {RequiredStackCount} vezes
2013010,Desafio para o Monolith {TaskIndex},Participe de Monolith War {RequiredStackCount} vezes
2013011,Desafio para o Monolith {TaskIndex},Participe de Monolith War {RequiredStackCount} vezes
2013012,Desafio para o Monolith {TaskIndex},Participe de Monolith War {RequiredStackCount} vezes
2013013,Desafio para o Monolith {TaskIndex},Participe de Monolith War {RequiredStackCount} vezes
2013014,Desafio para o Monolith {TaskIndex},Participe de Monolith War {RequiredStackCount} vezes
2013015,Desafio para o Monolith {TaskIndex},Participe de Monolith War {RequiredStackCount} vezes
2013016,Desafio para o Monolith {TaskIndex},Participe de Monolith War {RequiredStackCount} vezes
2013017,Desafio para o Monolith {TaskIndex},Participe de Monolith War {RequiredStackCount} vezes
2013018,Desafio para o Monolith {TaskIndex},Participe de Monolith War {RequiredStackCount} vezes
2013019,Desafio para o Monolith {TaskIndex},Participe de Monolith War {RequiredStackCount} vezes
2013020,Desafio para o Monolith {TaskIndex},Participe de Monolith War {RequiredStackCount} vezes
2013021,Desafio para o Monolith {TaskIndex},Participe de Monolith War {RequiredStackCount} vezes
2013022,Desafio para o Monolith {TaskIndex},Participe de Monolith War {RequiredStackCount} vezes
2013023,Desafio para o Monolith {TaskIndex},Participe de Monolith War {RequiredStackCount} vezes
2013024,Desafio para o Monolith {TaskIndex},Participe de Monolith War {RequiredStackCount} vezes
2013025,Desafio para o Monolith {TaskIndex},Participe de Monolith War {RequiredStackCount} vezes
2013026,Desafio para o Monolith {TaskIndex},Participe de Monolith War {RequiredStackCount} vezes
2013027,Desafio para o Monolith {TaskIndex},Participe de Monolith War {RequiredStackCount} vezes
2013028,Desafio para o Monolith {TaskIndex},Participe de Monolith War {RequiredStackCount} vezes
2013029,Desafio para o Monolith {TaskIndex},Participe de Monolith War {RequiredStackCount} vezes
2013030,Desafio para o Monolith {TaskIndex},Participe de Monolith War {RequiredStackCount} vezes
2013031,Desafio para o Monolith {TaskIndex},Participe de Monolith War {RequiredStackCount} vezes
2013032,Desafio para o Monolith {TaskIndex},Participe de Monolith War {RequiredStackCount} vezes
2013033,Desafio para o Monolith {TaskIndex},Participe de Monolith War {RequiredStackCount} vezes
2013034,Desafio para o Monolith {TaskIndex},Participe de Monolith War {RequiredStackCount} vezes
2013035,Desafio para o Monolith {TaskIndex},Participe de Monolith War {RequiredStackCount} vezes
2013036,Desafio para o Monolith {TaskIndex},Participe de Monolith War {RequiredStackCount} vezes
2013037,Desafio para o Monolith {TaskIndex},Participe de Monolith War {RequiredStackCount} vezes
2013038,Desafio para o Monolith {TaskIndex},Participe de Monolith War {RequiredStackCount} vezes
2013039,Desafio para o Monolith {TaskIndex},Participe de Monolith War {RequiredStackCount} vezes
2013040,Desafio para o Monolith {TaskIndex},Participe de Monolith War {RequiredStackCount} vezes
2014001,Mestre do Monólito {TaskIndex},Monolith War Vitórias {RequiredStackCount} Tempos
2014002,Mestre do Monólito {TaskIndex},Monolith War Vitórias {RequiredStackCount} Tempos
2014003,Mestre do Monólito {TaskIndex},Monolith War Vitórias {RequiredStackCount} Tempos
2014004,Mestre do Monólito {TaskIndex},Monolith War Vitórias {RequiredStackCount} Tempos
2014005,Mestre do Monólito {TaskIndex},Monolith War Vitórias {RequiredStackCount} Tempos
2014006,Mestre do Monólito {TaskIndex},Monolith War Vitórias {RequiredStackCount} Tempos
2014007,Mestre do Monólito {TaskIndex},Monolith War Vitórias {RequiredStackCount} Tempos
2014008,Mestre do Monólito {TaskIndex},Monolith War Vitórias {RequiredStackCount} Tempos
2014009,Mestre do Monólito {TaskIndex},Monolith War Vitórias {RequiredStackCount} Tempos
2014010,Mestre do Monólito {TaskIndex},Monolith War Vitórias {RequiredStackCount} Tempos
2014011,Mestre do Monólito {TaskIndex},Monolith War Vitórias {RequiredStackCount} Tempos
2014012,Mestre do Monólito {TaskIndex},Monolith War Vitórias {RequiredStackCount} Tempos
2014013,Mestre do Monólito {TaskIndex},Monolith War Vitórias {RequiredStackCount} Tempos
2014014,Mestre do Monólito {TaskIndex},Monolith War Vitórias {RequiredStackCount} Tempos
2014015,Mestre do Monólito {TaskIndex},Monolith War Vitórias {RequiredStackCount} Tempos
2014016,Mestre do Monólito {TaskIndex},Monolith War Vitórias {RequiredStackCount} Tempos
2014017,Mestre do Monólito {TaskIndex},Monolith War Vitórias {RequiredStackCount} Tempos
2014018,Mestre do Monólito {TaskIndex},Monolith War Vitórias {RequiredStackCount} Tempos
2014019,Mestre do Monólito {TaskIndex},Monolith War Vitórias {RequiredStackCount} Tempos
2014020,Mestre do Monólito {TaskIndex},Monolith War Vitórias {RequiredStackCount} Tempos
2015001,Chave para a vitória {TaskIndex},Operações da árvore Leyline {RequiredStackCount} Vezes
2015002,Chave para a vitória {TaskIndex},Operações da árvore Leyline {RequiredStackCount} Vezes
2015003,Chave para a vitória {TaskIndex},Operações da árvore Leyline {RequiredStackCount} Vezes
2015004,Chave para a vitória {TaskIndex},Operações da árvore Leyline {RequiredStackCount} Vezes
2015005,Chave para a vitória {TaskIndex},Operações da árvore Leyline {RequiredStackCount} Vezes
2015006,Chave para a vitória {TaskIndex},Operações da árvore Leyline {RequiredStackCount} Vezes
2015007,Chave para a vitória {TaskIndex},Operações da árvore Leyline {RequiredStackCount} Vezes
2015008,Chave para a vitória {TaskIndex},Operações da árvore Leyline {RequiredStackCount} Vezes
2015009,Chave para a vitória {TaskIndex},Operações da árvore Leyline {RequiredStackCount} Vezes
2015010,Chave para a vitória {TaskIndex},Operações da árvore Leyline {RequiredStackCount} Vezes
2015011,Chave para a vitória {TaskIndex},Operações da árvore Leyline {RequiredStackCount} Vezes
2015012,Chave para a vitória {TaskIndex},Operações da árvore Leyline {RequiredStackCount} Vezes
2015013,Chave para a vitória {TaskIndex},Operações da árvore Leyline {RequiredStackCount} Vezes
2015014,Chave para a vitória {TaskIndex},Operações da árvore Leyline {RequiredStackCount} Vezes
2015015,Chave para a vitória {TaskIndex},Operações da árvore Leyline {RequiredStackCount} Vezes
2015016,Chave para a vitória {TaskIndex},Operações da árvore Leyline {RequiredStackCount} Vezes
2015017,Chave para a vitória {TaskIndex},Operações da árvore Leyline {RequiredStackCount} Vezes
2015018,Chave para a vitória {TaskIndex},Operações da árvore Leyline {RequiredStackCount} Vezes
2015019,Chave para a vitória {TaskIndex},Operações da árvore Leyline {RequiredStackCount} Vezes
2015020,Chave para a vitória {TaskIndex},Operações da árvore Leyline {RequiredStackCount} Vezes
2015021,Chave para a vitória {TaskIndex},Operações da árvore Leyline {RequiredStackCount} Vezes
2015022,Chave para a vitória {TaskIndex},Operações da árvore Leyline {RequiredStackCount} Vezes
2015023,Chave para a vitória {TaskIndex},Operações da árvore Leyline {RequiredStackCount} Vezes
2015024,Chave para a vitória {TaskIndex},Operações da árvore Leyline {RequiredStackCount} Vezes
2015025,Chave para a vitória {TaskIndex},Operações da árvore Leyline {RequiredStackCount} Vezes
2015026,Chave para a vitória {TaskIndex},Operações da árvore Leyline {RequiredStackCount} Vezes
2015027,Chave para a vitória {TaskIndex},Operações da árvore Leyline {RequiredStackCount} Vezes
2015028,Chave para a vitória {TaskIndex},Operações da árvore Leyline {RequiredStackCount} Vezes
2015029,Chave para a vitória {TaskIndex},Operações da árvore Leyline {RequiredStackCount} Vezes
2015030,Chave para a vitória {TaskIndex},Operações da árvore Leyline {RequiredStackCount} Vezes
2015031,Chave para a vitória {TaskIndex},Operações da árvore Leyline {RequiredStackCount} Vezes
2015032,Chave para a vitória {TaskIndex},Operações da árvore Leyline {RequiredStackCount} Vezes
2015033,Chave para a vitória {TaskIndex},Operações da árvore Leyline {RequiredStackCount} Vezes
2015034,Chave para a vitória {TaskIndex},Operações da árvore Leyline {RequiredStackCount} Vezes
2015035,Chave para a vitória {TaskIndex},Operações da árvore Leyline {RequiredStackCount} Vezes
2015036,Chave para a vitória {TaskIndex},Operações da árvore Leyline {RequiredStackCount} Vezes
2015037,Chave para a vitória {TaskIndex},Operações da árvore Leyline {RequiredStackCount} Vezes
2015038,Chave para a vitória {TaskIndex},Operações da árvore Leyline {RequiredStackCount} Vezes
2015039,Chave para a vitória {TaskIndex},Operações da árvore Leyline {RequiredStackCount} Vezes
2015040,Chave para a vitória {TaskIndex},Operações da árvore Leyline {RequiredStackCount} Vezes
2016001,Swift Rendezvous {TaskIndex},Clan Beacon Usado {RequiredStackCount} Vezes
2016002,Swift Rendezvous {TaskIndex},Clan Beacon Usado {RequiredStackCount} Vezes
2016003,Swift Rendezvous {TaskIndex},Clan Beacon Usado {RequiredStackCount} Vezes
2016004,Swift Rendezvous {TaskIndex},Clan Beacon Usado {RequiredStackCount} Vezes
2016005,Swift Rendezvous {TaskIndex},Clan Beacon Usado {RequiredStackCount} Vezes
2016006,Swift Rendezvous {TaskIndex},Clan Beacon Usado {RequiredStackCount} Vezes
2016007,Swift Rendezvous {TaskIndex},Clan Beacon Usado {RequiredStackCount} Vezes
2016008,Swift Rendezvous {TaskIndex},Clan Beacon Usado {RequiredStackCount} Vezes
2016009,Swift Rendezvous {TaskIndex},Clan Beacon Usado {RequiredStackCount} Vezes
2016010,Swift Rendezvous {TaskIndex},Clan Beacon Usado {RequiredStackCount} Vezes
2016011,Swift Rendezvous {TaskIndex},Clan Beacon Usado {RequiredStackCount} Vezes
2016012,Swift Rendezvous {TaskIndex},Clan Beacon Usado {RequiredStackCount} Vezes
2016013,Swift Rendezvous {TaskIndex},Clan Beacon Usado {RequiredStackCount} Vezes
2016014,Swift Rendezvous {TaskIndex},Clan Beacon Usado {RequiredStackCount} Vezes
2016015,Swift Rendezvous {TaskIndex},Clan Beacon Usado {RequiredStackCount} Vezes
2016016,Swift Rendezvous {TaskIndex},Clan Beacon Usado {RequiredStackCount} Vezes
2016017,Swift Rendezvous {TaskIndex},Clan Beacon Usado {RequiredStackCount} Vezes
2016018,Swift Rendezvous {TaskIndex},Clan Beacon Usado {RequiredStackCount} Vezes
2016019,Swift Rendezvous {TaskIndex},Clan Beacon Usado {RequiredStackCount} Vezes
2016020,Swift Rendezvous {TaskIndex},Clan Beacon Usado {RequiredStackCount} Vezes
2016021,Swift Rendezvous {TaskIndex},Clan Beacon Usado {RequiredStackCount} Vezes
2016022,Swift Rendezvous {TaskIndex},Clan Beacon Usado {RequiredStackCount} Vezes
2016023,Swift Rendezvous {TaskIndex},Clan Beacon Usado {RequiredStackCount} Vezes
2016024,Swift Rendezvous {TaskIndex},Clan Beacon Usado {RequiredStackCount} Vezes
2016025,Swift Rendezvous {TaskIndex},Clan Beacon Usado {RequiredStackCount} Vezes
2016026,Swift Rendezvous {TaskIndex},Clan Beacon Usado {RequiredStackCount} Vezes
2016027,Swift Rendezvous {TaskIndex},Clan Beacon Usado {RequiredStackCount} Vezes
2016028,Swift Rendezvous {TaskIndex},Clan Beacon Usado {RequiredStackCount} Vezes
2016029,Swift Rendezvous {TaskIndex},Clan Beacon Usado {RequiredStackCount} Vezes
2016030,Swift Rendezvous {TaskIndex},Clan Beacon Usado {RequiredStackCount} Vezes
2016031,Swift Rendezvous {TaskIndex},Clan Beacon Usado {RequiredStackCount} Vezes
2016032,Swift Rendezvous {TaskIndex},Clan Beacon Usado {RequiredStackCount} Vezes
2016033,Swift Rendezvous {TaskIndex},Clan Beacon Usado {RequiredStackCount} Vezes
2016034,Swift Rendezvous {TaskIndex},Clan Beacon Usado {RequiredStackCount} Vezes
2016035,Swift Rendezvous {TaskIndex},Clan Beacon Usado {RequiredStackCount} Vezes
2016036,Swift Rendezvous {TaskIndex},Clan Beacon Usado {RequiredStackCount} Vezes
2016037,Swift Rendezvous {TaskIndex},Clan Beacon Usado {RequiredStackCount} Vezes
2016038,Swift Rendezvous {TaskIndex},Clan Beacon Usado {RequiredStackCount} Vezes
2016039,Swift Rendezvous {TaskIndex},Clan Beacon Usado {RequiredStackCount} Vezes
2016040,Swift Rendezvous {TaskIndex},Clan Beacon Usado {RequiredStackCount} Vezes
2017001,Meu próprio pequeno santuário {TaskIndex},O Santuário Vitalizante Gravado {RequiredStackCount} Vezes
2017002,Meu próprio pequeno santuário {TaskIndex},O Santuário Vitalizante Gravado {RequiredStackCount} Vezes
2017003,Meu próprio pequeno santuário {TaskIndex},O Santuário Vitalizante Gravado {RequiredStackCount} Vezes
2017004,Meu próprio pequeno santuário {TaskIndex},O Santuário Vitalizante Gravado {RequiredStackCount} Vezes
2017005,Meu próprio pequeno santuário {TaskIndex},O Santuário Vitalizante Gravado {RequiredStackCount} Vezes
2017006,Meu próprio pequeno santuário {TaskIndex},O Santuário Vitalizante Gravado {RequiredStackCount} Vezes
2017007,Meu próprio pequeno santuário {TaskIndex},O Santuário Vitalizante Gravado {RequiredStackCount} Vezes
2017008,Meu próprio pequeno santuário {TaskIndex},O Santuário Vitalizante Gravado {RequiredStackCount} Vezes
2017009,Meu próprio pequeno santuário {TaskIndex},O Santuário Vitalizante Gravado {RequiredStackCount} Vezes
2017010,Meu próprio pequeno santuário {TaskIndex},O Santuário Vitalizante Gravado {RequiredStackCount} Vezes
2017011,Meu próprio pequeno santuário {TaskIndex},O Santuário Vitalizante Gravado {RequiredStackCount} Vezes
2017012,Meu próprio pequeno santuário {TaskIndex},O Santuário Vitalizante Gravado {RequiredStackCount} Vezes
2017013,Meu próprio pequeno santuário {TaskIndex},O Santuário Vitalizante Gravado {RequiredStackCount} Vezes
2017014,Meu próprio pequeno santuário {TaskIndex},O Santuário Vitalizante Gravado {RequiredStackCount} Vezes
2017015,Meu próprio pequeno santuário {TaskIndex},O Santuário Vitalizante Gravado {RequiredStackCount} Vezes
2017016,Meu próprio pequeno santuário {TaskIndex},O Santuário Vitalizante Gravado {RequiredStackCount} Vezes
2017017,Meu próprio pequeno santuário {TaskIndex},O Santuário Vitalizante Gravado {RequiredStackCount} Vezes
2017018,Meu próprio pequeno santuário {TaskIndex},O Santuário Vitalizante Gravado {RequiredStackCount} Vezes
2017019,Meu próprio pequeno santuário {TaskIndex},O Santuário Vitalizante Gravado {RequiredStackCount} Vezes
2017020,Meu próprio pequeno santuário {TaskIndex},O Santuário Vitalizante Gravado {RequiredStackCount} Vezes
2017021,Meu próprio pequeno santuário {TaskIndex},O Santuário Vitalizante Gravado {RequiredStackCount} Vezes
2017022,Meu próprio pequeno santuário {TaskIndex},O Santuário Vitalizante Gravado {RequiredStackCount} Vezes
2017023,Meu próprio pequeno santuário {TaskIndex},O Santuário Vitalizante Gravado {RequiredStackCount} Vezes
2017024,Meu próprio pequeno santuário {TaskIndex},O Santuário Vitalizante Gravado {RequiredStackCount} Vezes
2017025,Meu próprio pequeno santuário {TaskIndex},O Santuário Vitalizante Gravado {RequiredStackCount} Vezes
2017026,Meu próprio pequeno santuário {TaskIndex},O Santuário Vitalizante Gravado {RequiredStackCount} Vezes
2017027,Meu próprio pequeno santuário {TaskIndex},O Santuário Vitalizante Gravado {RequiredStackCount} Vezes
2017028,Meu próprio pequeno santuário {TaskIndex},O Santuário Vitalizante Gravado {RequiredStackCount} Vezes
2017029,Meu próprio pequeno santuário {TaskIndex},O Santuário Vitalizante Gravado {RequiredStackCount} Vezes
2017030,Meu próprio pequeno santuário {TaskIndex},O Santuário Vitalizante Gravado {RequiredStackCount} Vezes
2018001,Companheiro do Aventureiro {TaskIndex},Poções de HP usadas {RequiredStackCount} Unidades
2018002,Companheiro do Aventureiro {TaskIndex},Poções de HP usadas {RequiredStackCount} Unidades
2018003,Companheiro do Aventureiro {TaskIndex},Poções de HP usadas {RequiredStackCount} Unidades
2018004,Companheiro do Aventureiro {TaskIndex},Poções de HP usadas {RequiredStackCount} Unidades
2018005,Companheiro do Aventureiro {TaskIndex},Poções de HP usadas {RequiredStackCount} Unidades
2018006,Companheiro do Aventureiro {TaskIndex},Poções de HP usadas {RequiredStackCount} Unidades
2018007,Companheiro do Aventureiro {TaskIndex},Poções de HP usadas {RequiredStackCount} Unidades
2018008,Companheiro do Aventureiro {TaskIndex},Poções de HP usadas {RequiredStackCount} Unidades
2018009,Companheiro do Aventureiro {TaskIndex},Poções de HP usadas {RequiredStackCount} Unidades
2018010,Companheiro do Aventureiro {TaskIndex},Poções de HP usadas {RequiredStackCount} Unidades
2018011,Companheiro do Aventureiro {TaskIndex},Poções de HP usadas {RequiredStackCount} Unidades
2018012,Companheiro do Aventureiro {TaskIndex},Poções de HP usadas {RequiredStackCount} Unidades
2018013,Companheiro do Aventureiro {TaskIndex},Poções de HP usadas {RequiredStackCount} Unidades
2018014,Companheiro do Aventureiro {TaskIndex},Poções de HP usadas {RequiredStackCount} Unidades
2018015,Companheiro do Aventureiro {TaskIndex},Poções de HP usadas {RequiredStackCount} Unidades
2018016,Companheiro do Aventureiro {TaskIndex},Poções de HP usadas {RequiredStackCount} Unidades
2018017,Companheiro do Aventureiro {TaskIndex},Poções de HP usadas {RequiredStackCount} Unidades
2018018,Companheiro do Aventureiro {TaskIndex},Poções de HP usadas {RequiredStackCount} Unidades
2018019,Companheiro do Aventureiro {TaskIndex},Poções de HP usadas {RequiredStackCount} Unidades
2018020,Companheiro do Aventureiro {TaskIndex},Poções de HP usadas {RequiredStackCount} Unidades
2018021,Companheiro do Aventureiro {TaskIndex},Poções de HP usadas {RequiredStackCount} Unidades
2018022,Companheiro do Aventureiro {TaskIndex},Poções de HP usadas {RequiredStackCount} Unidades
2018023,Companheiro do Aventureiro {TaskIndex},Poções de HP usadas {RequiredStackCount} Unidades
2018024,Companheiro do Aventureiro {TaskIndex},Poções de HP usadas {RequiredStackCount} Unidades
2018025,Companheiro do Aventureiro {TaskIndex},Poções de HP usadas {RequiredStackCount} Unidades
2018026,Companheiro do Aventureiro {TaskIndex},Poções de HP usadas {RequiredStackCount} Unidades
2018027,Companheiro do Aventureiro {TaskIndex},Poções de HP usadas {RequiredStackCount} Unidades
2018028,Companheiro do Aventureiro {TaskIndex},Poções de HP usadas {RequiredStackCount} Unidades
2018029,Companheiro do Aventureiro {TaskIndex},Poções de HP usadas {RequiredStackCount} Unidades
2018030,Companheiro do Aventureiro {TaskIndex},Poções de HP usadas {RequiredStackCount} Unidades
2018031,Companheiro do Aventureiro {TaskIndex},Poções de HP usadas {RequiredStackCount} Unidades
2018032,Companheiro do Aventureiro {TaskIndex},Poções de HP usadas {RequiredStackCount} Unidades
2018033,Companheiro do Aventureiro {TaskIndex},Poções de HP usadas {RequiredStackCount} Unidades
2018034,Companheiro do Aventureiro {TaskIndex},Poções de HP usadas {RequiredStackCount} Unidades
2018035,Companheiro do Aventureiro {TaskIndex},Poções de HP usadas {RequiredStackCount} Unidades
2018036,Companheiro do Aventureiro {TaskIndex},Poções de HP usadas {RequiredStackCount} Unidades
2018037,Companheiro do Aventureiro {TaskIndex},Poções de HP usadas {RequiredStackCount} Unidades
2018038,Companheiro do Aventureiro {TaskIndex},Poções de HP usadas {RequiredStackCount} Unidades
2018039,Companheiro do Aventureiro {TaskIndex},Poções de HP usadas {RequiredStackCount} Unidades
2018040,Companheiro do Aventureiro {TaskIndex},Poções de HP usadas {RequiredStackCount} Unidades
2020001,Lei da Selva {TaskIndex},Outros aventureiros derrotados {RequiredStackCount} Vezes
2020002,Lei da Selva {TaskIndex},Outros aventureiros derrotados {RequiredStackCount} Vezes
2020003,Lei da Selva {TaskIndex},Outros aventureiros derrotados {RequiredStackCount} Vezes
2020004,Lei da Selva {TaskIndex},Outros aventureiros derrotados {RequiredStackCount} Vezes
2020005,Lei da Selva {TaskIndex},Outros aventureiros derrotados {RequiredStackCount} Vezes
2020006,Lei da Selva {TaskIndex},Outros aventureiros derrotados {RequiredStackCount} Vezes
2020007,Lei da Selva {TaskIndex},Outros aventureiros derrotados {RequiredStackCount} Vezes
2020008,Lei da Selva {TaskIndex},Outros aventureiros derrotados {RequiredStackCount} Vezes
2020009,Lei da Selva {TaskIndex},Outros aventureiros derrotados {RequiredStackCount} Vezes
2020010,Lei da Selva {TaskIndex},Outros aventureiros derrotados {RequiredStackCount} Vezes
2020011,Lei da Selva {TaskIndex},Outros aventureiros derrotados {RequiredStackCount} Vezes
2020012,Lei da Selva {TaskIndex},Outros aventureiros derrotados {RequiredStackCount} Vezes
2020013,Lei da Selva {TaskIndex},Outros aventureiros derrotados {RequiredStackCount} Vezes
2020014,Lei da Selva {TaskIndex},Outros aventureiros derrotados {RequiredStackCount} Vezes
2020015,Lei da Selva {TaskIndex},Outros aventureiros derrotados {RequiredStackCount} Vezes
2020016,Lei da Selva {TaskIndex},Outros aventureiros derrotados {RequiredStackCount} Vezes
2020017,Lei da Selva {TaskIndex},Outros aventureiros derrotados {RequiredStackCount} Vezes
2020018,Lei da Selva {TaskIndex},Outros aventureiros derrotados {RequiredStackCount} Vezes
2020019,Lei da Selva {TaskIndex},Outros aventureiros derrotados {RequiredStackCount} Vezes
2020020,Lei da Selva {TaskIndex},Outros aventureiros derrotados {RequiredStackCount} Vezes
2021001,A mão esquerda apenas auxilia {TaskIndex},Outras assistências de derrota de aventureiro {RequiredStackCount} Vezes
2021002,A mão esquerda apenas auxilia {TaskIndex},Outras assistências de derrota de aventureiro {RequiredStackCount} Vezes
2021003,A mão esquerda apenas auxilia {TaskIndex},Outras assistências de derrota de aventureiro {RequiredStackCount} Vezes
2021004,A mão esquerda apenas auxilia {TaskIndex},Outras assistências de derrota de aventureiro {RequiredStackCount} Vezes
2021005,A mão esquerda apenas auxilia {TaskIndex},Outras assistências de derrota de aventureiro {RequiredStackCount} Vezes
2021006,A mão esquerda apenas auxilia {TaskIndex},Outras assistências de derrota de aventureiro {RequiredStackCount} Vezes
2021007,A mão esquerda apenas auxilia {TaskIndex},Outras assistências de derrota de aventureiro {RequiredStackCount} Vezes
2021008,A mão esquerda apenas auxilia {TaskIndex},Outras assistências de derrota de aventureiro {RequiredStackCount} Vezes
2021009,A mão esquerda apenas auxilia {TaskIndex},Outras assistências de derrota de aventureiro {RequiredStackCount} Vezes
2021010,A mão esquerda apenas auxilia {TaskIndex},Outras assistências de derrota de aventureiro {RequiredStackCount} Vezes
2021011,A mão esquerda apenas auxilia {TaskIndex},Outras assistências de derrota de aventureiro {RequiredStackCount} Vezes
2021012,A mão esquerda apenas auxilia {TaskIndex},Outras assistências de derrota de aventureiro {RequiredStackCount} Vezes
2021013,A mão esquerda apenas auxilia {TaskIndex},Outras assistências de derrota de aventureiro {RequiredStackCount} Vezes
2021014,A mão esquerda apenas auxilia {TaskIndex},Outras assistências de derrota de aventureiro {RequiredStackCount} Vezes
2021015,A mão esquerda apenas auxilia {TaskIndex},Outras assistências de derrota de aventureiro {RequiredStackCount} Vezes
2021016,A mão esquerda apenas auxilia {TaskIndex},Outras assistências de derrota de aventureiro {RequiredStackCount} Vezes
2021017,A mão esquerda apenas auxilia {TaskIndex},Outras assistências de derrota de aventureiro {RequiredStackCount} Vezes
2021018,A mão esquerda apenas auxilia {TaskIndex},Outras assistências de derrota de aventureiro {RequiredStackCount} Vezes
2021019,A mão esquerda apenas auxilia {TaskIndex},Outras assistências de derrota de aventureiro {RequiredStackCount} Vezes
2021020,A mão esquerda apenas auxilia {TaskIndex},Outras assistências de derrota de aventureiro {RequiredStackCount} Vezes
2022001,Ascent do desafiante {TaskIndex},Participe da Arena {RequiredStackCount} vezes
2022002,Ascent do desafiante {TaskIndex},Participe da Arena {RequiredStackCount} vezes
2022003,Ascent do desafiante {TaskIndex},Participe da Arena {RequiredStackCount} vezes
2022004,Ascent do desafiante {TaskIndex},Participe da Arena {RequiredStackCount} vezes
2022005,Ascent do desafiante {TaskIndex},Participe da Arena {RequiredStackCount} vezes
2022006,Ascent do desafiante {TaskIndex},Participe da Arena {RequiredStackCount} vezes
2022007,Ascent do desafiante {TaskIndex},Participe da Arena {RequiredStackCount} vezes
2022008,Ascent do desafiante {TaskIndex},Participe da Arena {RequiredStackCount} vezes
2022009,Ascent do desafiante {TaskIndex},Participe da Arena {RequiredStackCount} vezes
2022010,Ascent do desafiante {TaskIndex},Participe da Arena {RequiredStackCount} vezes
2022011,Ascent do desafiante {TaskIndex},Participe da Arena {RequiredStackCount} vezes
2022012,Ascent do desafiante {TaskIndex},Participe da Arena {RequiredStackCount} vezes
2022013,Ascent do desafiante {TaskIndex},Participe da Arena {RequiredStackCount} vezes
2022014,Ascent do desafiante {TaskIndex},Participe da Arena {RequiredStackCount} vezes
2022015,Ascent do desafiante {TaskIndex},Participe da Arena {RequiredStackCount} vezes
2022016,Ascent do desafiante {TaskIndex},Participe da Arena {RequiredStackCount} vezes
2022017,Ascent do desafiante {TaskIndex},Participe da Arena {RequiredStackCount} vezes
2022018,Ascent do desafiante {TaskIndex},Participe da Arena {RequiredStackCount} vezes
2022019,Ascent do desafiante {TaskIndex},Participe da Arena {RequiredStackCount} vezes
2022020,Ascent do desafiante {TaskIndex},Participe da Arena {RequiredStackCount} vezes
2023001,Para o Apex {TaskIndex},Avance para a Arena Bronze League
2023002,Para o Apex {TaskIndex},Avança para Arena Silver League
2023003,Para o Apex {TaskIndex},Avança para Arena Gold League
2023004,Para o Apex {TaskIndex},Avança para Arena Platinum League
2023005,Para o Apex {TaskIndex},Avança para Arena Diamond League
2023006,Para o Apex {TaskIndex},Avança para Arena Master League
3001001,Vamos ficar ricos {TaskIndex},Adquira {RequiredStackCount} Ouro
3001002,Vamos ficar ricos {TaskIndex},Adquira {RequiredStackCount} Ouro
3001003,Vamos ficar ricos {TaskIndex},Adquira {RequiredStackCount} Ouro
3001004,Vamos ficar ricos {TaskIndex},Adquira {RequiredStackCount} Ouro
3001005,Vamos ficar ricos {TaskIndex},Adquira {RequiredStackCount} Ouro
3001006,Vamos ficar ricos {TaskIndex},Adquira {RequiredStackCount} Ouro
3001007,Vamos ficar ricos {TaskIndex},Adquira {RequiredStackCount} Ouro
3001008,Vamos ficar ricos {TaskIndex},Adquira {RequiredStackCount} Ouro
3001009,Vamos ficar ricos {TaskIndex},Adquira {RequiredStackCount} Ouro
3001010,Vamos ficar ricos {TaskIndex},Adquira {RequiredStackCount} Ouro
3001011,Vamos ficar ricos {TaskIndex},Adquira {RequiredStackCount} Ouro
3001012,Vamos ficar ricos {TaskIndex},Adquira {RequiredStackCount} Ouro
3001013,Vamos ficar ricos {TaskIndex},Adquira {RequiredStackCount} Ouro
3001014,Vamos ficar ricos {TaskIndex},Adquira {RequiredStackCount} Ouro
3001015,Vamos ficar ricos {TaskIndex},Adquira {RequiredStackCount} Ouro
3001016,Vamos ficar ricos {TaskIndex},Adquira {RequiredStackCount} Ouro
3001017,Vamos ficar ricos {TaskIndex},Adquira {RequiredStackCount} Ouro
3001018,Vamos ficar ricos {TaskIndex},Adquira {RequiredStackCount} Ouro
3001019,Vamos ficar ricos {TaskIndex},Adquira {RequiredStackCount} Ouro
3001020,Vamos ficar ricos {TaskIndex},Adquira {RequiredStackCount} Ouro
3001021,Vamos ficar ricos {TaskIndex},Adquira {RequiredStackCount} Ouro
3001022,Vamos ficar ricos {TaskIndex},Adquira {RequiredStackCount} Ouro
3001023,Vamos ficar ricos {TaskIndex},Adquira {RequiredStackCount} Ouro
3001024,Vamos ficar ricos {TaskIndex},Adquira {RequiredStackCount} Ouro
3001025,Vamos ficar ricos {TaskIndex},Adquira {RequiredStackCount} Ouro
3001026,Vamos ficar ricos {TaskIndex},Adquira {RequiredStackCount} Ouro
3001027,Vamos ficar ricos {TaskIndex},Adquira {RequiredStackCount} Ouro
3001028,Vamos ficar ricos {TaskIndex},Adquira {RequiredStackCount} Ouro
3001029,Vamos ficar ricos {TaskIndex},Adquira {RequiredStackCount} Ouro
3001030,Vamos ficar ricos {TaskIndex},Adquira {RequiredStackCount} Ouro
3001031,Vamos ficar ricos {TaskIndex},Adquira {RequiredStackCount} Ouro
3001032,Vamos ficar ricos {TaskIndex},Adquira {RequiredStackCount} Ouro
3001033,Vamos ficar ricos {TaskIndex},Adquira {RequiredStackCount} Ouro
3001034,Vamos ficar ricos {TaskIndex},Adquira {RequiredStackCount} Ouro
3001035,Vamos ficar ricos {TaskIndex},Adquira {RequiredStackCount} Ouro
3001036,Vamos ficar ricos {TaskIndex},Adquira {RequiredStackCount} Ouro
3001037,Vamos ficar ricos {TaskIndex},Adquira {RequiredStackCount} Ouro
3001038,Vamos ficar ricos {TaskIndex},Adquira {RequiredStackCount} Ouro
3001039,Vamos ficar ricos {TaskIndex},Adquira {RequiredStackCount} Ouro
3001040,Vamos ficar ricos {TaskIndex},Adquira {RequiredStackCount} Ouro
3001041,Vamos ficar ricos {TaskIndex},Adquira {RequiredStackCount} Ouro
3001042,Vamos ficar ricos {TaskIndex},Adquira {RequiredStackCount} Ouro
3001043,Vamos ficar ricos {TaskIndex},Adquira {RequiredStackCount} Ouro
3001044,Vamos ficar ricos {TaskIndex},Adquira {RequiredStackCount} Ouro
3001045,Vamos ficar ricos {TaskIndex},Adquira {RequiredStackCount} Ouro
3001046,Vamos ficar ricos {TaskIndex},Adquira {RequiredStackCount} Ouro
3001047,Vamos ficar ricos {TaskIndex},Adquira {RequiredStackCount} Ouro
3001048,Vamos ficar ricos {TaskIndex},Adquira {RequiredStackCount} Ouro
3001049,Vamos ficar ricos {TaskIndex},Adquira {RequiredStackCount} Ouro
3001050,Vamos ficar ricos {TaskIndex},Adquira {RequiredStackCount} Ouro
3003001,Token de Unidade{TaskIndex},{RequiredStackCount}Moedas antigas adquiridas
3003002,Token de Unidade{TaskIndex},{RequiredStackCount}Moedas antigas adquiridas
3003003,Token de Unidade{TaskIndex},{RequiredStackCount}Moedas antigas adquiridas
3003004,Token de Unidade{TaskIndex},{RequiredStackCount}Moedas antigas adquiridas
3003005,Token de Unidade{TaskIndex},{RequiredStackCount}Moedas antigas adquiridas
3003006,Token de Unidade{TaskIndex},{RequiredStackCount}Moedas antigas adquiridas
3003007,Token de Unidade{TaskIndex},{RequiredStackCount}Moedas antigas adquiridas
3003008,Token de Unidade{TaskIndex},{RequiredStackCount}Moedas antigas adquiridas
3003009,Token de Unidade{TaskIndex},{RequiredStackCount}Moedas antigas adquiridas
3003010,Token de Unidade{TaskIndex},{RequiredStackCount}Moedas antigas adquiridas
3003011,Token de Unidade{TaskIndex},{RequiredStackCount}Moedas antigas adquiridas
3003012,Token de Unidade{TaskIndex},{RequiredStackCount}Moedas antigas adquiridas
3003013,Token de Unidade{TaskIndex},{RequiredStackCount}Moedas antigas adquiridas
3003014,Token de Unidade{TaskIndex},{RequiredStackCount}Moedas antigas adquiridas
3003015,Token de Unidade{TaskIndex},{RequiredStackCount}Moedas antigas adquiridas
3003016,Token de Unidade{TaskIndex},{RequiredStackCount}Moedas antigas adquiridas
3003017,Token de Unidade{TaskIndex},{RequiredStackCount}Moedas antigas adquiridas
3003018,Token de Unidade{TaskIndex},{RequiredStackCount}Moedas antigas adquiridas
3003019,Token de Unidade{TaskIndex},{RequiredStackCount}Moedas antigas adquiridas
3003020,Token de Unidade{TaskIndex},{RequiredStackCount}Moedas antigas adquiridas
3003021,Token de Unidade{TaskIndex},{RequiredStackCount}Moedas antigas adquiridas
3003022,Token de Unidade{TaskIndex},{RequiredStackCount}Moedas antigas adquiridas
3003023,Token de Unidade{TaskIndex},{RequiredStackCount}Moedas antigas adquiridas
3003024,Token de Unidade{TaskIndex},{RequiredStackCount}Moedas antigas adquiridas
3003025,Token de Unidade{TaskIndex},{RequiredStackCount}Moedas antigas adquiridas
3003026,Token de Unidade{TaskIndex},{RequiredStackCount}Moedas antigas adquiridas
3003027,Token de Unidade{TaskIndex},{RequiredStackCount}Moedas antigas adquiridas
3003028,Token de Unidade{TaskIndex},{RequiredStackCount}Moedas antigas adquiridas
3003029,Token de Unidade{TaskIndex},{RequiredStackCount}Moedas antigas adquiridas
3003030,Token de Unidade{TaskIndex},{RequiredStackCount}Moedas antigas adquiridas
3003031,Token de Unidade{TaskIndex},{RequiredStackCount}Moedas antigas adquiridas
3003032,Token de Unidade{TaskIndex},{RequiredStackCount}Moedas antigas adquiridas
3003033,Token de Unidade{TaskIndex},{RequiredStackCount}Moedas antigas adquiridas
3003034,Token de Unidade{TaskIndex},{RequiredStackCount}Moedas antigas adquiridas
3003035,Token de Unidade{TaskIndex},{RequiredStackCount}Moedas antigas adquiridas
3003036,Token de Unidade{TaskIndex},{RequiredStackCount}Moedas antigas adquiridas
3003037,Token de Unidade{TaskIndex},{RequiredStackCount}Moedas antigas adquiridas
3003038,Token de Unidade{TaskIndex},{RequiredStackCount}Moedas antigas adquiridas
3003039,Token de Unidade{TaskIndex},{RequiredStackCount}Moedas antigas adquiridas
3003040,Token de Unidade{TaskIndex},{RequiredStackCount}Moedas antigas adquiridas
3003041,Token de Unidade{TaskIndex},{RequiredStackCount}Moedas antigas adquiridas
3003042,Token de Unidade{TaskIndex},{RequiredStackCount}Moedas antigas adquiridas
3003043,Token de Unidade{TaskIndex},{RequiredStackCount}Moedas antigas adquiridas
3003044,Token de Unidade{TaskIndex},{RequiredStackCount}Moedas antigas adquiridas
3003045,Token de Unidade{TaskIndex},{RequiredStackCount}Moedas antigas adquiridas
3003046,Token de Unidade{TaskIndex},{RequiredStackCount}Moedas antigas adquiridas
3003047,Token de Unidade{TaskIndex},{RequiredStackCount}Moedas antigas adquiridas
3003048,Token de Unidade{TaskIndex},{RequiredStackCount}Moedas antigas adquiridas
3003049,Token de Unidade{TaskIndex},{RequiredStackCount}Moedas antigas adquiridas
3003050,Token de Unidade{TaskIndex},{RequiredStackCount}Moedas antigas adquiridas
3005001,Equipamento para iniciantes {TaskIndex},Adquira itens de equipamento {ConditionStr1} {RequiredStackCount}★
3005002,Equipamento para iniciantes {TaskIndex},Adquira itens de equipamento {ConditionStr1} {RequiredStackCount}★
3005003,Equipamento para iniciantes {TaskIndex},Adquira itens de equipamento {ConditionStr1} {RequiredStackCount}★
3005004,Equipamento para iniciantes {TaskIndex},Adquira itens de equipamento {ConditionStr1} {RequiredStackCount}★
3005005,Equipamento para iniciantes {TaskIndex},Adquira itens de equipamento {ConditionStr1} {RequiredStackCount}★
3005006,Equipamento para iniciantes {TaskIndex},Adquira itens de equipamento {ConditionStr1} {RequiredStackCount}★
3005007,Equipamento para iniciantes {TaskIndex},Adquira itens de equipamento {ConditionStr1} {RequiredStackCount}★
3005008,Equipamento para iniciantes {TaskIndex},Adquira itens de equipamento {ConditionStr1} {RequiredStackCount}★
3005009,Equipamento para iniciantes {TaskIndex},Adquira itens de equipamento {ConditionStr1} {RequiredStackCount}★
3005010,Equipamento para iniciantes {TaskIndex},Adquira itens de equipamento {ConditionStr1} {RequiredStackCount}★
3005011,Equipamento para iniciantes {TaskIndex},Adquira itens de equipamento {ConditionStr1} {RequiredStackCount}★
3005012,Equipamento para iniciantes {TaskIndex},Adquira itens de equipamento {ConditionStr1} {RequiredStackCount}★
3005013,Equipamento para iniciantes {TaskIndex},Adquira itens de equipamento {ConditionStr1} {RequiredStackCount}★
3005014,Equipamento para iniciantes {TaskIndex},Adquira itens de equipamento {ConditionStr1} {RequiredStackCount}★
3005015,Equipamento para iniciantes {TaskIndex},Adquira itens de equipamento {ConditionStr1} {RequiredStackCount}★
3005016,Equipamento para iniciantes {TaskIndex},Adquira itens de equipamento {ConditionStr1} {RequiredStackCount}★
3005017,Equipamento para iniciantes {TaskIndex},Adquira itens de equipamento {ConditionStr1} {RequiredStackCount}★
3005018,Equipamento para iniciantes {TaskIndex},Adquira itens de equipamento {ConditionStr1} {RequiredStackCount}★
3005019,Equipamento para iniciantes {TaskIndex},Adquira itens de equipamento {ConditionStr1} {RequiredStackCount}★
3005020,Equipamento para iniciantes {TaskIndex},Adquira itens de equipamento {ConditionStr1} {RequiredStackCount}★
3005021,Equipamento para iniciantes {TaskIndex},Adquira itens de equipamento {ConditionStr1} {RequiredStackCount}★
3005022,Equipamento para iniciantes {TaskIndex},Adquira itens de equipamento {ConditionStr1} {RequiredStackCount}★
3005023,Equipamento para iniciantes {TaskIndex},Adquira itens de equipamento {ConditionStr1} {RequiredStackCount}★
3005024,Equipamento para iniciantes {TaskIndex},Adquira itens de equipamento {ConditionStr1} {RequiredStackCount}★
3005025,Equipamento para iniciantes {TaskIndex},Adquira itens de equipamento {ConditionStr1} {RequiredStackCount}★
3005026,Equipamento para iniciantes {TaskIndex},Adquira itens de equipamento {ConditionStr1} {RequiredStackCount}★
3005027,Equipamento para iniciantes {TaskIndex},Adquira itens de equipamento {ConditionStr1} {RequiredStackCount}★
3005028,Equipamento para iniciantes {TaskIndex},Adquira itens de equipamento {ConditionStr1} {RequiredStackCount}★
3005029,Equipamento para iniciantes {TaskIndex},Adquira itens de equipamento {ConditionStr1} {RequiredStackCount}★
3005030,Equipamento para iniciantes {TaskIndex},Adquira itens de equipamento {ConditionStr1} {RequiredStackCount}★
3005031,Equipamento para iniciantes {TaskIndex},Adquira itens de equipamento {ConditionStr1} {RequiredStackCount}★
3005032,Equipamento para iniciantes {TaskIndex},Adquira itens de equipamento {ConditionStr1} {RequiredStackCount}★
3005033,Equipamento para iniciantes {TaskIndex},Adquira itens de equipamento {ConditionStr1} {RequiredStackCount}★
3005034,Equipamento para iniciantes {TaskIndex},Adquira itens de equipamento {ConditionStr1} {RequiredStackCount}★
3005035,Equipamento para iniciantes {TaskIndex},Adquira itens de equipamento {ConditionStr1} {RequiredStackCount}★
3005036,Equipamento para iniciantes {TaskIndex},Adquira itens de equipamento {ConditionStr1} {RequiredStackCount}★
3005037,Equipamento para iniciantes {TaskIndex},Adquira itens de equipamento {ConditionStr1} {RequiredStackCount}★
3005038,Equipamento para iniciantes {TaskIndex},Adquira itens de equipamento {ConditionStr1} {RequiredStackCount}★
3005039,Equipamento para iniciantes {TaskIndex},Adquira itens de equipamento {ConditionStr1} {RequiredStackCount}★
3005040,Equipamento para iniciantes {TaskIndex},Adquira itens de equipamento {ConditionStr1} {RequiredStackCount}★
3005041,Equipamento para iniciantes {TaskIndex},Adquira itens de equipamento {ConditionStr1} {RequiredStackCount}★
3005042,Equipamento para iniciantes {TaskIndex},Adquira itens de equipamento {ConditionStr1} {RequiredStackCount}★
3005043,Equipamento para iniciantes {TaskIndex},Adquira itens de equipamento {ConditionStr1} {RequiredStackCount}★
3005044,Equipamento para iniciantes {TaskIndex},Adquira itens de equipamento {ConditionStr1} {RequiredStackCount}★
3005045,Equipamento para iniciantes {TaskIndex},Adquira itens de equipamento {ConditionStr1} {RequiredStackCount}★
3005046,Equipamento para iniciantes {TaskIndex},Adquira itens de equipamento {ConditionStr1} {RequiredStackCount}★
3005047,Equipamento para iniciantes {TaskIndex},Adquira itens de equipamento {ConditionStr1} {RequiredStackCount}★
3005048,Equipamento para iniciantes {TaskIndex},Adquira itens de equipamento {ConditionStr1} {RequiredStackCount}★
3005049,Equipamento para iniciantes {TaskIndex},Adquira itens de equipamento {ConditionStr1} {RequiredStackCount}★
3005050,Equipamento para iniciantes {TaskIndex},Adquira itens de equipamento {ConditionStr1} {RequiredStackCount}★
3006001,Equipamento do Aventureiro {TaskIndex},Adquira itens de equipamento {ConditionStr1} {RequiredStackCount}★
3006002,Equipamento do Aventureiro {TaskIndex},Adquira itens de equipamento {ConditionStr1} {RequiredStackCount}★
3006003,Equipamento do Aventureiro {TaskIndex},Adquira itens de equipamento {ConditionStr1} {RequiredStackCount}★
3006004,Equipamento do Aventureiro {TaskIndex},Adquira itens de equipamento {ConditionStr1} {RequiredStackCount}★
3006005,Equipamento do Aventureiro {TaskIndex},Adquira itens de equipamento {ConditionStr1} {RequiredStackCount}★
3006006,Equipamento do Aventureiro {TaskIndex},Adquira itens de equipamento {ConditionStr1} {RequiredStackCount}★
3006007,Equipamento do Aventureiro {TaskIndex},Adquira itens de equipamento {ConditionStr1} {RequiredStackCount}★
3006008,Equipamento do Aventureiro {TaskIndex},Adquira itens de equipamento {ConditionStr1} {RequiredStackCount}★
3006009,Equipamento do Aventureiro {TaskIndex},Adquira itens de equipamento {ConditionStr1} {RequiredStackCount}★
3006010,Equipamento do Aventureiro {TaskIndex},Adquira itens de equipamento {ConditionStr1} {RequiredStackCount}★
3006011,Equipamento do Aventureiro {TaskIndex},Adquira itens de equipamento {ConditionStr1} {RequiredStackCount}★
3006012,Equipamento do Aventureiro {TaskIndex},Adquira itens de equipamento {ConditionStr1} {RequiredStackCount}★
3006013,Equipamento do Aventureiro {TaskIndex},Adquira itens de equipamento {ConditionStr1} {RequiredStackCount}★
3006014,Equipamento do Aventureiro {TaskIndex},Adquira itens de equipamento {ConditionStr1} {RequiredStackCount}★
3006015,Equipamento do Aventureiro {TaskIndex},Adquira itens de equipamento {ConditionStr1} {RequiredStackCount}★
3006016,Equipamento do Aventureiro {TaskIndex},Adquira itens de equipamento {ConditionStr1} {RequiredStackCount}★
3006017,Equipamento do Aventureiro {TaskIndex},Adquira itens de equipamento {ConditionStr1} {RequiredStackCount}★
3006018,Equipamento do Aventureiro {TaskIndex},Adquira itens de equipamento {ConditionStr1} {RequiredStackCount}★
3006019,Equipamento do Aventureiro {TaskIndex},Adquira itens de equipamento {ConditionStr1} {RequiredStackCount}★
3006020,Equipamento do Aventureiro {TaskIndex},Adquira itens de equipamento {ConditionStr1} {RequiredStackCount}★
3006021,Equipamento do Aventureiro {TaskIndex},Adquira itens de equipamento {ConditionStr1} {RequiredStackCount}★
3006022,Equipamento do Aventureiro {TaskIndex},Adquira itens de equipamento {ConditionStr1} {RequiredStackCount}★
3006023,Equipamento do Aventureiro {TaskIndex},Adquira itens de equipamento {ConditionStr1} {RequiredStackCount}★
3006024,Equipamento do Aventureiro {TaskIndex},Adquira itens de equipamento {ConditionStr1} {RequiredStackCount}★
3006025,Equipamento do Aventureiro {TaskIndex},Adquira itens de equipamento {ConditionStr1} {RequiredStackCount}★
3006026,Equipamento do Aventureiro {TaskIndex},Adquira itens de equipamento {ConditionStr1} {RequiredStackCount}★
3006027,Equipamento do Aventureiro {TaskIndex},Adquira itens de equipamento {ConditionStr1} {RequiredStackCount}★
3006028,Equipamento do Aventureiro {TaskIndex},Adquira itens de equipamento {ConditionStr1} {RequiredStackCount}★
3006029,Equipamento do Aventureiro {TaskIndex},Adquira itens de equipamento {ConditionStr1} {RequiredStackCount}★
3006030,Equipamento do Aventureiro {TaskIndex},Adquira itens de equipamento {ConditionStr1} {RequiredStackCount}★
3006031,Equipamento do Aventureiro {TaskIndex},Adquira itens de equipamento {ConditionStr1} {RequiredStackCount}★
3006032,Equipamento do Aventureiro {TaskIndex},Adquira itens de equipamento {ConditionStr1} {RequiredStackCount}★
3006033,Equipamento do Aventureiro {TaskIndex},Adquira itens de equipamento {ConditionStr1} {RequiredStackCount}★
3006034,Equipamento do Aventureiro {TaskIndex},Adquira itens de equipamento {ConditionStr1} {RequiredStackCount}★
3006035,Equipamento do Aventureiro {TaskIndex},Adquira itens de equipamento {ConditionStr1} {RequiredStackCount}★
3006036,Equipamento do Aventureiro {TaskIndex},Adquira itens de equipamento {ConditionStr1} {RequiredStackCount}★
3006037,Equipamento do Aventureiro {TaskIndex},Adquira itens de equipamento {ConditionStr1} {RequiredStackCount}★
3006038,Equipamento do Aventureiro {TaskIndex},Adquira itens de equipamento {ConditionStr1} {RequiredStackCount}★
3006039,Equipamento do Aventureiro {TaskIndex},Adquira itens de equipamento {ConditionStr1} {RequiredStackCount}★
3006040,Equipamento do Aventureiro {TaskIndex},Adquira itens de equipamento {ConditionStr1} {RequiredStackCount}★
3007001,Equipamento do especialista {TaskIndex},Adquira itens de equipamento {ConditionStr1} {RequiredStackCount}★
3007002,Equipamento do especialista {TaskIndex},Adquira itens de equipamento {ConditionStr1} {RequiredStackCount}★
3007003,Equipamento do especialista {TaskIndex},Adquira itens de equipamento {ConditionStr1} {RequiredStackCount}★
3007004,Equipamento do especialista {TaskIndex},Adquira itens de equipamento {ConditionStr1} {RequiredStackCount}★
3007005,Equipamento do especialista {TaskIndex},Adquira itens de equipamento {ConditionStr1} {RequiredStackCount}★
3007006,Equipamento do especialista {TaskIndex},Adquira itens de equipamento {ConditionStr1} {RequiredStackCount}★
3007007,Equipamento do especialista {TaskIndex},Adquira itens de equipamento {ConditionStr1} {RequiredStackCount}★
3007008,Equipamento do especialista {TaskIndex},Adquira itens de equipamento {ConditionStr1} {RequiredStackCount}★
3007009,Equipamento do especialista {TaskIndex},Adquira itens de equipamento {ConditionStr1} {RequiredStackCount}★
3007010,Equipamento do especialista {TaskIndex},Adquira itens de equipamento {ConditionStr1} {RequiredStackCount}★
3007011,Equipamento do especialista {TaskIndex},Adquira itens de equipamento {ConditionStr1} {RequiredStackCount}★
3007012,Equipamento do especialista {TaskIndex},Adquira itens de equipamento {ConditionStr1} {RequiredStackCount}★
3007013,Equipamento do especialista {TaskIndex},Adquira itens de equipamento {ConditionStr1} {RequiredStackCount}★
3007014,Equipamento do especialista {TaskIndex},Adquira itens de equipamento {ConditionStr1} {RequiredStackCount}★
3007015,Equipamento do especialista {TaskIndex},Adquira itens de equipamento {ConditionStr1} {RequiredStackCount}★
3007016,Equipamento do especialista {TaskIndex},Adquira itens de equipamento {ConditionStr1} {RequiredStackCount}★
3007017,Equipamento do especialista {TaskIndex},Adquira itens de equipamento {ConditionStr1} {RequiredStackCount}★
3007018,Equipamento do especialista {TaskIndex},Adquira itens de equipamento {ConditionStr1} {RequiredStackCount}★
3007019,Equipamento do especialista {TaskIndex},Adquira itens de equipamento {ConditionStr1} {RequiredStackCount}★
3007020,Equipamento do especialista {TaskIndex},Adquira itens de equipamento {ConditionStr1} {RequiredStackCount}★
3011001,Power of Autoridade Emulada {TaskIndex},Adquira {RequiredStackCount} Powerstones
3011002,Power of Autoridade Emulada {TaskIndex},Adquira {RequiredStackCount} Powerstones
3011003,Power of Autoridade Emulada {TaskIndex},Adquira {RequiredStackCount} Powerstones
3011004,Power of Autoridade Emulada {TaskIndex},Adquira {RequiredStackCount} Powerstones
3011005,Power of Autoridade Emulada {TaskIndex},Adquira {RequiredStackCount} Powerstones
3011006,Power of Autoridade Emulada {TaskIndex},Adquira {RequiredStackCount} Powerstones
3011007,Power of Autoridade Emulada {TaskIndex},Adquira {RequiredStackCount} Powerstones
3011008,Power of Autoridade Emulada {TaskIndex},Adquira {RequiredStackCount} Powerstones
3011009,Power of Autoridade Emulada {TaskIndex},Adquira {RequiredStackCount} Powerstones
3011010,Power of Autoridade Emulada {TaskIndex},Adquira {RequiredStackCount} Powerstones
3011011,Power of Autoridade Emulada {TaskIndex},Adquira {RequiredStackCount} Powerstones
3011012,Power of Autoridade Emulada {TaskIndex},Adquira {RequiredStackCount} Powerstones
3011013,Power of Autoridade Emulada {TaskIndex},Adquira {RequiredStackCount} Powerstones
3011014,Power of Autoridade Emulada {TaskIndex},Adquira {RequiredStackCount} Powerstones
3011015,Power of Autoridade Emulada {TaskIndex},Adquira {RequiredStackCount} Powerstones
3011016,Power of Autoridade Emulada {TaskIndex},Adquira {RequiredStackCount} Powerstones
3011017,Power of Autoridade Emulada {TaskIndex},Adquira {RequiredStackCount} Powerstones
3011018,Power of Autoridade Emulada {TaskIndex},Adquira {RequiredStackCount} Powerstones
3011019,Power of Autoridade Emulada {TaskIndex},Adquira {RequiredStackCount} Powerstones
3011020,Power of Autoridade Emulada {TaskIndex},Adquira {RequiredStackCount} Powerstones
3017001,Arma feita para iniciantes {TaskIndex},Adquira {ConditionStr2} {RequiredStackCount}★ Itens de armas por meio da criação
3017002,Arma feita para iniciantes {TaskIndex},Adquira {ConditionStr2} {RequiredStackCount}★ Itens de armas por meio da criação
3017003,Arma feita para iniciantes {TaskIndex},Adquira {ConditionStr2} {RequiredStackCount}★ Itens de armas por meio da criação
3017004,Arma feita para iniciantes {TaskIndex},Adquira {ConditionStr2} {RequiredStackCount}★ Itens de armas por meio da criação
3017005,Arma feita para iniciantes {TaskIndex},Adquira {ConditionStr2} {RequiredStackCount}★ Itens de armas por meio da criação
3017006,Arma feita para iniciantes {TaskIndex},Adquira {ConditionStr2} {RequiredStackCount}★ Itens de armas por meio da criação
3017007,Arma feita para iniciantes {TaskIndex},Adquira {ConditionStr2} {RequiredStackCount}★ Itens de armas por meio da criação
3017008,Arma feita para iniciantes {TaskIndex},Adquira {ConditionStr2} {RequiredStackCount}★ Itens de armas por meio da criação
3017009,Arma feita para iniciantes {TaskIndex},Adquira {ConditionStr2} {RequiredStackCount}★ Itens de armas por meio da criação
3017010,Arma feita para iniciantes {TaskIndex},Adquira {ConditionStr2} {RequiredStackCount}★ Itens de armas por meio da criação
3017011,Arma feita para iniciantes {TaskIndex},Adquira {ConditionStr2} {RequiredStackCount}★ Itens de armas por meio da criação
3017012,Arma feita para iniciantes {TaskIndex},Adquira {ConditionStr2} {RequiredStackCount}★ Itens de armas por meio da criação
3017013,Arma feita para iniciantes {TaskIndex},Adquira {ConditionStr2} {RequiredStackCount}★ Itens de armas por meio da criação
3017014,Arma feita para iniciantes {TaskIndex},Adquira {ConditionStr2} {RequiredStackCount}★ Itens de armas por meio da criação
3017015,Arma feita para iniciantes {TaskIndex},Adquira {ConditionStr2} {RequiredStackCount}★ Itens de armas por meio da criação
3017016,Arma feita para iniciantes {TaskIndex},Adquira {ConditionStr2} {RequiredStackCount}★ Itens de armas por meio da criação
3017017,Arma feita para iniciantes {TaskIndex},Adquira {ConditionStr2} {RequiredStackCount}★ Itens de armas por meio da criação
3017018,Arma feita para iniciantes {TaskIndex},Adquira {ConditionStr2} {RequiredStackCount}★ Itens de armas por meio da criação
3017019,Arma feita para iniciantes {TaskIndex},Adquira {ConditionStr2} {RequiredStackCount}★ Itens de armas por meio da criação
3017020,Arma feita para iniciantes {TaskIndex},Adquira {ConditionStr2} {RequiredStackCount}★ Itens de armas por meio da criação
3018001,Arma feita por aventureiro {TaskIndex},Adquira {ConditionStr2} {RequiredStackCount}★ Itens de armas por meio da criação
3018002,Arma feita por aventureiro {TaskIndex},Adquira {ConditionStr2} {RequiredStackCount}★ Itens de armas por meio da criação
3018003,Arma feita por aventureiro {TaskIndex},Adquira {ConditionStr2} {RequiredStackCount}★ Itens de armas por meio da criação
3018004,Arma feita por aventureiro {TaskIndex},Adquira {ConditionStr2} {RequiredStackCount}★ Itens de armas por meio da criação
3018005,Arma feita por aventureiro {TaskIndex},Adquira {ConditionStr2} {RequiredStackCount}★ Itens de armas por meio da criação
3018006,Arma feita por aventureiro {TaskIndex},Adquira {ConditionStr2} {RequiredStackCount}★ Itens de armas por meio da criação
3018007,Arma feita por aventureiro {TaskIndex},Adquira {ConditionStr2} {RequiredStackCount}★ Itens de armas por meio da criação
3018008,Arma feita por aventureiro {TaskIndex},Adquira {ConditionStr2} {RequiredStackCount}★ Itens de armas por meio da criação
3018009,Arma feita por aventureiro {TaskIndex},Adquira {ConditionStr2} {RequiredStackCount}★ Itens de armas por meio da criação
3018010,Arma feita por aventureiro {TaskIndex},Adquira {ConditionStr2} {RequiredStackCount}★ Itens de armas por meio da criação
3018011,Arma feita por aventureiro {TaskIndex},Adquira {ConditionStr2} {RequiredStackCount}★ Itens de armas por meio da criação
3018012,Arma feita por aventureiro {TaskIndex},Adquira {ConditionStr2} {RequiredStackCount}★ Itens de armas por meio da criação
3018013,Arma feita por aventureiro {TaskIndex},Adquira {ConditionStr2} {RequiredStackCount}★ Itens de armas por meio da criação
3018014,Arma feita por aventureiro {TaskIndex},Adquira {ConditionStr2} {RequiredStackCount}★ Itens de armas por meio da criação
3018015,Arma feita por aventureiro {TaskIndex},Adquira {ConditionStr2} {RequiredStackCount}★ Itens de armas por meio da criação
3018016,Arma feita por aventureiro {TaskIndex},Adquira {ConditionStr2} {RequiredStackCount}★ Itens de armas por meio da criação
3018017,Arma feita por aventureiro {TaskIndex},Adquira {ConditionStr2} {RequiredStackCount}★ Itens de armas por meio da criação
3018018,Arma feita por aventureiro {TaskIndex},Adquira {ConditionStr2} {RequiredStackCount}★ Itens de armas por meio da criação
3018019,Arma feita por aventureiro {TaskIndex},Adquira {ConditionStr2} {RequiredStackCount}★ Itens de armas por meio da criação
3018020,Arma feita por aventureiro {TaskIndex},Adquira {ConditionStr2} {RequiredStackCount}★ Itens de armas por meio da criação
3019001,Arma feita por especialistas {TaskIndex},Adquira {ConditionStr2} {RequiredStackCount}★ Itens de armas por meio da criação
3019002,Arma feita por especialistas {TaskIndex},Adquira {ConditionStr2} {RequiredStackCount}★ Itens de armas por meio da criação
3019003,Arma feita por especialistas {TaskIndex},Adquira {ConditionStr2} {RequiredStackCount}★ Itens de armas por meio da criação
3019004,Arma feita por especialistas {TaskIndex},Adquira {ConditionStr2} {RequiredStackCount}★ Itens de armas por meio da criação
3019005,Arma feita por especialistas {TaskIndex},Adquira {ConditionStr2} {RequiredStackCount}★ Itens de armas por meio da criação
3019006,Arma feita por especialistas {TaskIndex},Adquira {ConditionStr2} {RequiredStackCount}★ Itens de armas por meio da criação
3019007,Arma feita por especialistas {TaskIndex},Adquira {ConditionStr2} {RequiredStackCount}★ Itens de armas por meio da criação
3019008,Arma feita por especialistas {TaskIndex},Adquira {ConditionStr2} {RequiredStackCount}★ Itens de armas por meio da criação
3019009,Arma feita por especialistas {TaskIndex},Adquira {ConditionStr2} {RequiredStackCount}★ Itens de armas por meio da criação
3019010,Arma feita por especialistas {TaskIndex},Adquira {ConditionStr2} {RequiredStackCount}★ Itens de armas por meio da criação
3019011,Arma feita por especialistas {TaskIndex},Adquira {ConditionStr2} {RequiredStackCount}★ Itens de armas por meio da criação
3019012,Arma feita por especialistas {TaskIndex},Adquira {ConditionStr2} {RequiredStackCount}★ Itens de armas por meio da criação
3019013,Arma feita por especialistas {TaskIndex},Adquira {ConditionStr2} {RequiredStackCount}★ Itens de armas por meio da criação
3019014,Arma feita por especialistas {TaskIndex},Adquira {ConditionStr2} {RequiredStackCount}★ Itens de armas por meio da criação
3019015,Arma feita por especialistas {TaskIndex},Adquira {ConditionStr2} {RequiredStackCount}★ Itens de armas por meio da criação
3019016,Arma feita por especialistas {TaskIndex},Adquira {ConditionStr2} {RequiredStackCount}★ Itens de armas por meio da criação
3019017,Arma feita por especialistas {TaskIndex},Adquira {ConditionStr2} {RequiredStackCount}★ Itens de armas por meio da criação
3019018,Arma feita por especialistas {TaskIndex},Adquira {ConditionStr2} {RequiredStackCount}★ Itens de armas por meio da criação
3019019,Arma feita por especialistas {TaskIndex},Adquira {ConditionStr2} {RequiredStackCount}★ Itens de armas por meio da criação
3019020,Arma feita por especialistas {TaskIndex},Adquira {ConditionStr2} {RequiredStackCount}★ Itens de armas por meio da criação
3023001,Armadura Criada para Iniciante {TaskIndex},Adquira {ConditionStr2} {RequiredStackCount}★ Itens de armadura por meio da criação
3023002,Armadura Criada para Iniciante {TaskIndex},Adquira {ConditionStr2} {RequiredStackCount}★ Itens de armadura por meio da criação
3023003,Armadura Criada para Iniciante {TaskIndex},Adquira {ConditionStr2} {RequiredStackCount}★ Itens de armadura por meio da criação
3023004,Armadura Criada para Iniciante {TaskIndex},Adquira {ConditionStr2} {RequiredStackCount}★ Itens de armadura por meio da criação
3023005,Armadura Criada para Iniciante {TaskIndex},Adquira {ConditionStr2} {RequiredStackCount}★ Itens de armadura por meio da criação
3023006,Armadura Criada para Iniciante {TaskIndex},Adquira {ConditionStr2} {RequiredStackCount}★ Itens de armadura por meio da criação
3023007,Armadura Criada para Iniciante {TaskIndex},Adquira {ConditionStr2} {RequiredStackCount}★ Itens de armadura por meio da criação
3023008,Armadura Criada para Iniciante {TaskIndex},Adquira {ConditionStr2} {RequiredStackCount}★ Itens de armadura por meio da criação
3023009,Armadura Criada para Iniciante {TaskIndex},Adquira {ConditionStr2} {RequiredStackCount}★ Itens de armadura por meio da criação
3023010,Armadura Criada para Iniciante {TaskIndex},Adquira {ConditionStr2} {RequiredStackCount}★ Itens de armadura por meio da criação
3023011,Armadura Criada para Iniciante {TaskIndex},Adquira {ConditionStr2} {RequiredStackCount}★ Itens de armadura por meio da criação
3023012,Armadura Criada para Iniciante {TaskIndex},Adquira {ConditionStr2} {RequiredStackCount}★ Itens de armadura por meio da criação
3023013,Armadura Criada para Iniciante {TaskIndex},Adquira {ConditionStr2} {RequiredStackCount}★ Itens de armadura por meio da criação
3023014,Armadura Criada para Iniciante {TaskIndex},Adquira {ConditionStr2} {RequiredStackCount}★ Itens de armadura por meio da criação
3023015,Armadura Criada para Iniciante {TaskIndex},Adquira {ConditionStr2} {RequiredStackCount}★ Itens de armadura por meio da criação
3023016,Armadura Criada para Iniciante {TaskIndex},Adquira {ConditionStr2} {RequiredStackCount}★ Itens de armadura por meio da criação
3023017,Armadura Criada para Iniciante {TaskIndex},Adquira {ConditionStr2} {RequiredStackCount}★ Itens de armadura por meio da criação
3023018,Armadura Criada para Iniciante {TaskIndex},Adquira {ConditionStr2} {RequiredStackCount}★ Itens de armadura por meio da criação
3023019,Armadura Criada para Iniciante {TaskIndex},Adquira {ConditionStr2} {RequiredStackCount}★ Itens de armadura por meio da criação
3023020,Armadura Criada para Iniciante {TaskIndex},Adquira {ConditionStr2} {RequiredStackCount}★ Itens de armadura por meio da criação
3024001,Armadura feita por aventureiro {TaskIndex},Adquira {ConditionStr2} {RequiredStackCount}★ Itens de armadura por meio da criação
3024002,Armadura feita por aventureiro {TaskIndex},Adquira {ConditionStr2} {RequiredStackCount}★ Itens de armadura por meio da criação
3024003,Armadura feita por aventureiro {TaskIndex},Adquira {ConditionStr2} {RequiredStackCount}★ Itens de armadura por meio da criação
3024004,Armadura feita por aventureiro {TaskIndex},Adquira {ConditionStr2} {RequiredStackCount}★ Itens de armadura por meio da criação
3024005,Armadura feita por aventureiro {TaskIndex},Adquira {ConditionStr2} {RequiredStackCount}★ Itens de armadura por meio da criação
3024006,Armadura feita por aventureiro {TaskIndex},Adquira {ConditionStr2} {RequiredStackCount}★ Itens de armadura por meio da criação
3024007,Armadura feita por aventureiro {TaskIndex},Adquira {ConditionStr2} {RequiredStackCount}★ Itens de armadura por meio da criação
3024008,Armadura feita por aventureiro {TaskIndex},Adquira {ConditionStr2} {RequiredStackCount}★ Itens de armadura por meio da criação
3024009,Armadura feita por aventureiro {TaskIndex},Adquira {ConditionStr2} {RequiredStackCount}★ Itens de armadura por meio da criação
3024010,Armadura feita por aventureiro {TaskIndex},Adquira {ConditionStr2} {RequiredStackCount}★ Itens de armadura por meio da criação
3024011,Armadura feita por aventureiro {TaskIndex},Adquira {ConditionStr2} {RequiredStackCount}★ Itens de armadura por meio da criação
3024012,Armadura feita por aventureiro {TaskIndex},Adquira {ConditionStr2} {RequiredStackCount}★ Itens de armadura por meio da criação
3024013,Armadura feita por aventureiro {TaskIndex},Adquira {ConditionStr2} {RequiredStackCount}★ Itens de armadura por meio da criação
3024014,Armadura feita por aventureiro {TaskIndex},Adquira {ConditionStr2} {RequiredStackCount}★ Itens de armadura por meio da criação
3024015,Armadura feita por aventureiro {TaskIndex},Adquira {ConditionStr2} {RequiredStackCount}★ Itens de armadura por meio da criação
3024016,Armadura feita por aventureiro {TaskIndex},Adquira {ConditionStr2} {RequiredStackCount}★ Itens de armadura por meio da criação
3024017,Armadura feita por aventureiro {TaskIndex},Adquira {ConditionStr2} {RequiredStackCount}★ Itens de armadura por meio da criação
3024018,Armadura feita por aventureiro {TaskIndex},Adquira {ConditionStr2} {RequiredStackCount}★ Itens de armadura por meio da criação
3024019,Armadura feita por aventureiro {TaskIndex},Adquira {ConditionStr2} {RequiredStackCount}★ Itens de armadura por meio da criação
3024020,Armadura feita por aventureiro {TaskIndex},Adquira {ConditionStr2} {RequiredStackCount}★ Itens de armadura por meio da criação
3025001,Armadura feita por especialistas {TaskIndex},Adquira {ConditionStr2} {RequiredStackCount}★ Itens de armadura por meio da criação
3025002,Armadura feita por especialistas {TaskIndex},Adquira {ConditionStr2} {RequiredStackCount}★ Itens de armadura por meio da criação
3025003,Armadura feita por especialistas {TaskIndex},Adquira {ConditionStr2} {RequiredStackCount}★ Itens de armadura por meio da criação
3025004,Armadura feita por especialistas {TaskIndex},Adquira {ConditionStr2} {RequiredStackCount}★ Itens de armadura por meio da criação
3025005,Armadura feita por especialistas {TaskIndex},Adquira {ConditionStr2} {RequiredStackCount}★ Itens de armadura por meio da criação
3025006,Armadura feita por especialistas {TaskIndex},Adquira {ConditionStr2} {RequiredStackCount}★ Itens de armadura por meio da criação
3025007,Armadura feita por especialistas {TaskIndex},Adquira {ConditionStr2} {RequiredStackCount}★ Itens de armadura por meio da criação
3025008,Armadura feita por especialistas {TaskIndex},Adquira {ConditionStr2} {RequiredStackCount}★ Itens de armadura por meio da criação
3025009,Armadura feita por especialistas {TaskIndex},Adquira {ConditionStr2} {RequiredStackCount}★ Itens de armadura por meio da criação
3025010,Armadura feita por especialistas {TaskIndex},Adquira {ConditionStr2} {RequiredStackCount}★ Itens de armadura por meio da criação
3025011,Armadura feita por especialistas {TaskIndex},Adquira {ConditionStr2} {RequiredStackCount}★ Itens de armadura por meio da criação
3025012,Armadura feita por especialistas {TaskIndex},Adquira {ConditionStr2} {RequiredStackCount}★ Itens de armadura por meio da criação
3025013,Armadura feita por especialistas {TaskIndex},Adquira {ConditionStr2} {RequiredStackCount}★ Itens de armadura por meio da criação
3025014,Armadura feita por especialistas {TaskIndex},Adquira {ConditionStr2} {RequiredStackCount}★ Itens de armadura por meio da criação
3025015,Armadura feita por especialistas {TaskIndex},Adquira {ConditionStr2} {RequiredStackCount}★ Itens de armadura por meio da criação
3025016,Armadura feita por especialistas {TaskIndex},Adquira {ConditionStr2} {RequiredStackCount}★ Itens de armadura por meio da criação
3025017,Armadura feita por especialistas {TaskIndex},Adquira {ConditionStr2} {RequiredStackCount}★ Itens de armadura por meio da criação
3025018,Armadura feita por especialistas {TaskIndex},Adquira {ConditionStr2} {RequiredStackCount}★ Itens de armadura por meio da criação
3025019,Armadura feita por especialistas {TaskIndex},Adquira {ConditionStr2} {RequiredStackCount}★ Itens de armadura por meio da criação
3025020,Armadura feita por especialistas {TaskIndex},Adquira {ConditionStr2} {RequiredStackCount}★ Itens de armadura por meio da criação
3029001,Acessório Feito para Iniciante {TaskIndex},Adquira itens acessórios {ConditionStr2} {RequiredStackCount}★ por meio de criação
3029002,Acessório Feito para Iniciante {TaskIndex},Adquira itens acessórios {ConditionStr2} {RequiredStackCount}★ por meio de criação
3029003,Acessório Feito para Iniciante {TaskIndex},Adquira itens acessórios {ConditionStr2} {RequiredStackCount}★ por meio de criação
3029004,Acessório Feito para Iniciante {TaskIndex},Adquira itens acessórios {ConditionStr2} {RequiredStackCount}★ por meio de criação
3029005,Acessório Feito para Iniciante {TaskIndex},Adquira itens acessórios {ConditionStr2} {RequiredStackCount}★ por meio de criação
3029006,Acessório Feito para Iniciante {TaskIndex},Adquira itens acessórios {ConditionStr2} {RequiredStackCount}★ por meio de criação
3029007,Acessório Feito para Iniciante {TaskIndex},Adquira itens acessórios {ConditionStr2} {RequiredStackCount}★ por meio de criação
3029008,Acessório Feito para Iniciante {TaskIndex},Adquira itens acessórios {ConditionStr2} {RequiredStackCount}★ por meio de criação
3029009,Acessório Feito para Iniciante {TaskIndex},Adquira itens acessórios {ConditionStr2} {RequiredStackCount}★ por meio de criação
3029010,Acessório Feito para Iniciante {TaskIndex},Adquira itens acessórios {ConditionStr2} {RequiredStackCount}★ por meio de criação
3029011,Acessório Feito para Iniciante {TaskIndex},Adquira itens acessórios {ConditionStr2} {RequiredStackCount}★ por meio de criação
3029012,Acessório Feito para Iniciante {TaskIndex},Adquira itens acessórios {ConditionStr2} {RequiredStackCount}★ por meio de criação
3029013,Acessório Feito para Iniciante {TaskIndex},Adquira itens acessórios {ConditionStr2} {RequiredStackCount}★ por meio de criação
3029014,Acessório Feito para Iniciante {TaskIndex},Adquira itens acessórios {ConditionStr2} {RequiredStackCount}★ por meio de criação
3029015,Acessório Feito para Iniciante {TaskIndex},Adquira itens acessórios {ConditionStr2} {RequiredStackCount}★ por meio de criação
3029016,Acessório Feito para Iniciante {TaskIndex},Adquira itens acessórios {ConditionStr2} {RequiredStackCount}★ por meio de criação
3029017,Acessório Feito para Iniciante {TaskIndex},Adquira itens acessórios {ConditionStr2} {RequiredStackCount}★ por meio de criação
3029018,Acessório Feito para Iniciante {TaskIndex},Adquira itens acessórios {ConditionStr2} {RequiredStackCount}★ por meio de criação
3029019,Acessório Feito para Iniciante {TaskIndex},Adquira itens acessórios {ConditionStr2} {RequiredStackCount}★ por meio de criação
3029020,Acessório Feito para Iniciante {TaskIndex},Adquira itens acessórios {ConditionStr2} {RequiredStackCount}★ por meio de criação
3030001,Acessório feito por aventureiro {TaskIndex},Adquira itens acessórios {ConditionStr2} {RequiredStackCount}★ por meio de criação
3030002,Acessório feito por aventureiro {TaskIndex},Adquira itens acessórios {ConditionStr2} {RequiredStackCount}★ por meio de criação
3030003,Acessório feito por aventureiro {TaskIndex},Adquira itens acessórios {ConditionStr2} {RequiredStackCount}★ por meio de criação
3030004,Acessório feito por aventureiro {TaskIndex},Adquira itens acessórios {ConditionStr2} {RequiredStackCount}★ por meio de criação
3030005,Acessório feito por aventureiro {TaskIndex},Adquira itens acessórios {ConditionStr2} {RequiredStackCount}★ por meio de criação
3030006,Acessório feito por aventureiro {TaskIndex},Adquira itens acessórios {ConditionStr2} {RequiredStackCount}★ por meio de criação
3030007,Acessório feito por aventureiro {TaskIndex},Adquira itens acessórios {ConditionStr2} {RequiredStackCount}★ por meio de criação
3030008,Acessório feito por aventureiro {TaskIndex},Adquira itens acessórios {ConditionStr2} {RequiredStackCount}★ por meio de criação
3030009,Acessório feito por aventureiro {TaskIndex},Adquira itens acessórios {ConditionStr2} {RequiredStackCount}★ por meio de criação
3030010,Acessório feito por aventureiro {TaskIndex},Adquira itens acessórios {ConditionStr2} {RequiredStackCount}★ por meio de criação
3030011,Acessório feito por aventureiro {TaskIndex},Adquira itens acessórios {ConditionStr2} {RequiredStackCount}★ por meio de criação
3030012,Acessório feito por aventureiro {TaskIndex},Adquira itens acessórios {ConditionStr2} {RequiredStackCount}★ por meio de criação
3030013,Acessório feito por aventureiro {TaskIndex},Adquira itens acessórios {ConditionStr2} {RequiredStackCount}★ por meio de criação
3030014,Acessório feito por aventureiro {TaskIndex},Adquira itens acessórios {ConditionStr2} {RequiredStackCount}★ por meio de criação
3030015,Acessório feito por aventureiro {TaskIndex},Adquira itens acessórios {ConditionStr2} {RequiredStackCount}★ por meio de criação
3030016,Acessório feito por aventureiro {TaskIndex},Adquira itens acessórios {ConditionStr2} {RequiredStackCount}★ por meio de criação
3030017,Acessório feito por aventureiro {TaskIndex},Adquira itens acessórios {ConditionStr2} {RequiredStackCount}★ por meio de criação
3030018,Acessório feito por aventureiro {TaskIndex},Adquira itens acessórios {ConditionStr2} {RequiredStackCount}★ por meio de criação
3030019,Acessório feito por aventureiro {TaskIndex},Adquira itens acessórios {ConditionStr2} {RequiredStackCount}★ por meio de criação
3030020,Acessório feito por aventureiro {TaskIndex},Adquira itens acessórios {ConditionStr2} {RequiredStackCount}★ por meio de criação
3031001,Acessório feito por especialistas {TaskIndex},Adquira itens acessórios {ConditionStr2} {RequiredStackCount}★ por meio de criação
3031002,Acessório feito por especialistas {TaskIndex},Adquira itens acessórios {ConditionStr2} {RequiredStackCount}★ por meio de criação
3031003,Acessório feito por especialistas {TaskIndex},Adquira itens acessórios {ConditionStr2} {RequiredStackCount}★ por meio de criação
3031004,Acessório feito por especialistas {TaskIndex},Adquira itens acessórios {ConditionStr2} {RequiredStackCount}★ por meio de criação
3031005,Acessório feito por especialistas {TaskIndex},Adquira itens acessórios {ConditionStr2} {RequiredStackCount}★ por meio de criação
3031006,Acessório feito por especialistas {TaskIndex},Adquira itens acessórios {ConditionStr2} {RequiredStackCount}★ por meio de criação
3031007,Acessório feito por especialistas {TaskIndex},Adquira itens acessórios {ConditionStr2} {RequiredStackCount}★ por meio de criação
3031008,Acessório feito por especialistas {TaskIndex},Adquira itens acessórios {ConditionStr2} {RequiredStackCount}★ por meio de criação
3031009,Acessório feito por especialistas {TaskIndex},Adquira itens acessórios {ConditionStr2} {RequiredStackCount}★ por meio de criação
3031010,Acessório feito por especialistas {TaskIndex},Adquira itens acessórios {ConditionStr2} {RequiredStackCount}★ por meio de criação
3031011,Acessório feito por especialistas {TaskIndex},Adquira itens acessórios {ConditionStr2} {RequiredStackCount}★ por meio de criação
3031012,Acessório feito por especialistas {TaskIndex},Adquira itens acessórios {ConditionStr2} {RequiredStackCount}★ por meio de criação
3031013,Acessório feito por especialistas {TaskIndex},Adquira itens acessórios {ConditionStr2} {RequiredStackCount}★ por meio de criação
3031014,Acessório feito por especialistas {TaskIndex},Adquira itens acessórios {ConditionStr2} {RequiredStackCount}★ por meio de criação
3031015,Acessório feito por especialistas {TaskIndex},Adquira itens acessórios {ConditionStr2} {RequiredStackCount}★ por meio de criação
3031016,Acessório feito por especialistas {TaskIndex},Adquira itens acessórios {ConditionStr2} {RequiredStackCount}★ por meio de criação
3031017,Acessório feito por especialistas {TaskIndex},Adquira itens acessórios {ConditionStr2} {RequiredStackCount}★ por meio de criação
3031018,Acessório feito por especialistas {TaskIndex},Adquira itens acessórios {ConditionStr2} {RequiredStackCount}★ por meio de criação
3031019,Acessório feito por especialistas {TaskIndex},Adquira itens acessórios {ConditionStr2} {RequiredStackCount}★ por meio de criação
3031020,Acessório feito por especialistas {TaskIndex},Adquira itens acessórios {ConditionStr2} {RequiredStackCount}★ por meio de criação
3037001,Ninguém é mais rápido {TaskIndex},Adquira Montarias {RequiredStackCount}
3037002,Ninguém é mais rápido {TaskIndex},Adquira Montarias {RequiredStackCount}
3037003,Ninguém é mais rápido {TaskIndex},Adquira Montarias {RequiredStackCount}
3037004,Ninguém é mais rápido {TaskIndex},Adquira Montarias {RequiredStackCount}
3037005,Ninguém é mais rápido {TaskIndex},Adquira Montarias {RequiredStackCount}
3037006,Ninguém é mais rápido {TaskIndex},Adquira Montarias {RequiredStackCount}
3037007,Ninguém é mais rápido {TaskIndex},Adquira Montarias {RequiredStackCount}
3037008,Ninguém é mais rápido {TaskIndex},Adquira Montarias {RequiredStackCount}
3037009,Ninguém é mais rápido {TaskIndex},Adquira Montarias {RequiredStackCount}
3037010,Ninguém é mais rápido {TaskIndex},Adquira Montarias {RequiredStackCount}
3038001,Cortando o céu azul {TaskIndex},Adquira planadores {RequiredStackCount}
3038002,Cortando o céu azul {TaskIndex},Adquira planadores {RequiredStackCount}
3038003,Cortando o céu azul {TaskIndex},Adquira planadores {RequiredStackCount}
3038004,Cortando o céu azul {TaskIndex},Adquira planadores {RequiredStackCount}
3038005,Cortando o céu azul {TaskIndex},Adquira planadores {RequiredStackCount}
3038006,Cortando o céu azul {TaskIndex},Adquira planadores {RequiredStackCount}
3038007,Cortando o céu azul {TaskIndex},Adquira planadores {RequiredStackCount}
3038008,Cortando o céu azul {TaskIndex},Adquira planadores {RequiredStackCount}
3038009,Cortando o céu azul {TaskIndex},Adquira planadores {RequiredStackCount}
3038010,Cortando o céu azul {TaskIndex},Adquira planadores {RequiredStackCount}
3038011,Cortando o céu azul {TaskIndex},Adquira planadores {RequiredStackCount}
3038012,Cortando o céu azul {TaskIndex},Adquira planadores {RequiredStackCount}
3038013,Cortando o céu azul {TaskIndex},Adquira planadores {RequiredStackCount}
3038014,Cortando o céu azul {TaskIndex},Adquira planadores {RequiredStackCount}
3038015,Cortando o céu azul {TaskIndex},Adquira planadores {RequiredStackCount}
3038016,Cortando o céu azul {TaskIndex},Adquira planadores {RequiredStackCount}
3038017,Cortando o céu azul {TaskIndex},Adquira planadores {RequiredStackCount}
3038018,Cortando o céu azul {TaskIndex},Adquira planadores {RequiredStackCount}
3038019,Cortando o céu azul {TaskIndex},Adquira planadores {RequiredStackCount}
3038020,Cortando o céu azul {TaskIndex},Adquira planadores {RequiredStackCount}
3038021,Cortando o céu azul {TaskIndex},Adquira planadores {RequiredStackCount}
3038022,Cortando o céu azul {TaskIndex},Adquira planadores {RequiredStackCount}
3038023,Cortando o céu azul {TaskIndex},Adquira planadores {RequiredStackCount}
3038024,Cortando o céu azul {TaskIndex},Adquira planadores {RequiredStackCount}
3038025,Cortando o céu azul {TaskIndex},Adquira planadores {RequiredStackCount}
3038026,Cortando o céu azul {TaskIndex},Adquira planadores {RequiredStackCount}
3038027,Cortando o céu azul {TaskIndex},Adquira planadores {RequiredStackCount}
3038028,Cortando o céu azul {TaskIndex},Adquira planadores {RequiredStackCount}
3038029,Cortando o céu azul {TaskIndex},Adquira planadores {RequiredStackCount}
3038030,Cortando o céu azul {TaskIndex},Adquira planadores {RequiredStackCount}
3038031,Cortando o céu azul {TaskIndex},Adquira planadores {RequiredStackCount}
3038032,Cortando o céu azul {TaskIndex},Adquira planadores {RequiredStackCount}
3038033,Cortando o céu azul {TaskIndex},Adquira planadores {RequiredStackCount}
3038034,Cortando o céu azul {TaskIndex},Adquira planadores {RequiredStackCount}
3038035,Cortando o céu azul {TaskIndex},Adquira planadores {RequiredStackCount}
3038036,Cortando o céu azul {TaskIndex},Adquira planadores {RequiredStackCount}
3038037,Cortando o céu azul {TaskIndex},Adquira planadores {RequiredStackCount}
3038038,Cortando o céu azul {TaskIndex},Adquira planadores {RequiredStackCount}
3038039,Cortando o céu azul {TaskIndex},Adquira planadores {RequiredStackCount}
3038040,Cortando o céu azul {TaskIndex},Adquira planadores {RequiredStackCount}
3038041,Cortando o céu azul {TaskIndex},Adquira planadores {RequiredStackCount}
3038042,Cortando o céu azul {TaskIndex},Adquira planadores {RequiredStackCount}
3038043,Cortando o céu azul {TaskIndex},Adquira planadores {RequiredStackCount}
3038044,Cortando o céu azul {TaskIndex},Adquira planadores {RequiredStackCount}
3038045,Cortando o céu azul {TaskIndex},Adquira planadores {RequiredStackCount}
3038046,Cortando o céu azul {TaskIndex},Adquira planadores {RequiredStackCount}
3038047,Cortando o céu azul {TaskIndex},Adquira planadores {RequiredStackCount}
3038048,Cortando o céu azul {TaskIndex},Adquira planadores {RequiredStackCount}
3038049,Cortando o céu azul {TaskIndex},Adquira planadores {RequiredStackCount}
3038050,Cortando o céu azul {TaskIndex},Adquira planadores {RequiredStackCount}
3043001,Nada a desperdiçar {TaskIndex},Desmontar itens {RequiredStackCount} Vezes
3043002,Nada a desperdiçar {TaskIndex},Desmontar itens {RequiredStackCount} Vezes
3043003,Nada a desperdiçar {TaskIndex},Desmontar itens {RequiredStackCount} Vezes
3043004,Nada a desperdiçar {TaskIndex},Desmontar itens {RequiredStackCount} Vezes
3043005,Nada a desperdiçar {TaskIndex},Desmontar itens {RequiredStackCount} Vezes
3043006,Nada a desperdiçar {TaskIndex},Desmontar itens {RequiredStackCount} Vezes
3043007,Nada a desperdiçar {TaskIndex},Desmontar itens {RequiredStackCount} Vezes
3043008,Nada a desperdiçar {TaskIndex},Desmontar itens {RequiredStackCount} Vezes
3043009,Nada a desperdiçar {TaskIndex},Desmontar itens {RequiredStackCount} Vezes
3043010,Nada a desperdiçar {TaskIndex},Desmontar itens {RequiredStackCount} Vezes
3043011,Nada a desperdiçar {TaskIndex},Desmontar itens {RequiredStackCount} Vezes
3043012,Nada a desperdiçar {TaskIndex},Desmontar itens {RequiredStackCount} Vezes
3043013,Nada a desperdiçar {TaskIndex},Desmontar itens {RequiredStackCount} Vezes
3043014,Nada a desperdiçar {TaskIndex},Desmontar itens {RequiredStackCount} Vezes
3043015,Nada a desperdiçar {TaskIndex},Desmontar itens {RequiredStackCount} Vezes
3043016,Nada a desperdiçar {TaskIndex},Desmontar itens {RequiredStackCount} Vezes
3043017,Nada a desperdiçar {TaskIndex},Desmontar itens {RequiredStackCount} Vezes
3043018,Nada a desperdiçar {TaskIndex},Desmontar itens {RequiredStackCount} Vezes
3043019,Nada a desperdiçar {TaskIndex},Desmontar itens {RequiredStackCount} Vezes
3043020,Nada a desperdiçar {TaskIndex},Desmontar itens {RequiredStackCount} Vezes
3043021,Nada a desperdiçar {TaskIndex},Desmontar itens {RequiredStackCount} Vezes
3043022,Nada a desperdiçar {TaskIndex},Desmontar itens {RequiredStackCount} Vezes
3043023,Nada a desperdiçar {TaskIndex},Desmontar itens {RequiredStackCount} Vezes
3043024,Nada a desperdiçar {TaskIndex},Desmontar itens {RequiredStackCount} Vezes
3043025,Nada a desperdiçar {TaskIndex},Desmontar itens {RequiredStackCount} Vezes
3043026,Nada a desperdiçar {TaskIndex},Desmontar itens {RequiredStackCount} Vezes
3043027,Nada a desperdiçar {TaskIndex},Desmontar itens {RequiredStackCount} Vezes
3043028,Nada a desperdiçar {TaskIndex},Desmontar itens {RequiredStackCount} Vezes
3043029,Nada a desperdiçar {TaskIndex},Desmontar itens {RequiredStackCount} Vezes
3043030,Nada a desperdiçar {TaskIndex},Desmontar itens {RequiredStackCount} Vezes
3043031,Nada a desperdiçar {TaskIndex},Desmontar itens {RequiredStackCount} Vezes
3043032,Nada a desperdiçar {TaskIndex},Desmontar itens {RequiredStackCount} Vezes
3043033,Nada a desperdiçar {TaskIndex},Desmontar itens {RequiredStackCount} Vezes
3043034,Nada a desperdiçar {TaskIndex},Desmontar itens {RequiredStackCount} Vezes
3043035,Nada a desperdiçar {TaskIndex},Desmontar itens {RequiredStackCount} Vezes
3043036,Nada a desperdiçar {TaskIndex},Desmontar itens {RequiredStackCount} Vezes
3043037,Nada a desperdiçar {TaskIndex},Desmontar itens {RequiredStackCount} Vezes
3043038,Nada a desperdiçar {TaskIndex},Desmontar itens {RequiredStackCount} Vezes
3043039,Nada a desperdiçar {TaskIndex},Desmontar itens {RequiredStackCount} Vezes
3043040,Nada a desperdiçar {TaskIndex},Desmontar itens {RequiredStackCount} Vezes
3043041,Nada a desperdiçar {TaskIndex},Desmontar itens {RequiredStackCount} Vezes
3043042,Nada a desperdiçar {TaskIndex},Desmontar itens {RequiredStackCount} Vezes
3043043,Nada a desperdiçar {TaskIndex},Desmontar itens {RequiredStackCount} Vezes
3043044,Nada a desperdiçar {TaskIndex},Desmontar itens {RequiredStackCount} Vezes
3043045,Nada a desperdiçar {TaskIndex},Desmontar itens {RequiredStackCount} Vezes
3043046,Nada a desperdiçar {TaskIndex},Desmontar itens {RequiredStackCount} Vezes
3043047,Nada a desperdiçar {TaskIndex},Desmontar itens {RequiredStackCount} Vezes
3043048,Nada a desperdiçar {TaskIndex},Desmontar itens {RequiredStackCount} Vezes
3043049,Nada a desperdiçar {TaskIndex},Desmontar itens {RequiredStackCount} Vezes
3043050,Nada a desperdiçar {TaskIndex},Desmontar itens {RequiredStackCount} Vezes
3045001,Seguindo as Constelações {TaskIndex},Adquira {RequiredStackCount} Graça das cartas das constelações
3045002,Seguindo as Constelações {TaskIndex},Adquira {RequiredStackCount} Graça das cartas das constelações
3045003,Seguindo as Constelações {TaskIndex},Adquira {RequiredStackCount} Graça das cartas das constelações
3045004,Seguindo as Constelações {TaskIndex},Adquira {RequiredStackCount} Graça das cartas das constelações
3045005,Seguindo as Constelações {TaskIndex},Adquira {RequiredStackCount} Graça das cartas das constelações
3045006,Seguindo as Constelações {TaskIndex},Adquira {RequiredStackCount} Graça das cartas das constelações
3045007,Seguindo as Constelações {TaskIndex},Adquira {RequiredStackCount} Graça das cartas das constelações
3045008,Seguindo as Constelações {TaskIndex},Adquira {RequiredStackCount} Graça das cartas das constelações
3045009,Seguindo as Constelações {TaskIndex},Adquira {RequiredStackCount} Graça das cartas das constelações
3045010,Seguindo as Constelações {TaskIndex},Adquira {RequiredStackCount} Graça das cartas das constelações
3045011,Seguindo as Constelações {TaskIndex},Adquira {RequiredStackCount} Graça das cartas das constelações
3045012,Seguindo as Constelações {TaskIndex},Adquira {RequiredStackCount} Graça das cartas das constelações
3045013,Seguindo as Constelações {TaskIndex},Adquira {RequiredStackCount} Graça das cartas das constelações
3045014,Seguindo as Constelações {TaskIndex},Adquira {RequiredStackCount} Graça das cartas das constelações
3045015,Seguindo as Constelações {TaskIndex},Adquira {RequiredStackCount} Graça das cartas das constelações
3045016,Seguindo as Constelações {TaskIndex},Adquira {RequiredStackCount} Graça das cartas das constelações
3045017,Seguindo as Constelações {TaskIndex},Adquira {RequiredStackCount} Graça das cartas das constelações
3045018,Seguindo as Constelações {TaskIndex},Adquira {RequiredStackCount} Graça das cartas das constelações
3045019,Seguindo as Constelações {TaskIndex},Adquira {RequiredStackCount} Graça das cartas das constelações
3045020,Seguindo as Constelações {TaskIndex},Adquira {RequiredStackCount} Graça das cartas das constelações
3045021,Seguindo as Constelações {TaskIndex},Adquira {RequiredStackCount} Graça das cartas das constelações
3045022,Seguindo as Constelações {TaskIndex},Adquira {RequiredStackCount} Graça das cartas das constelações
3045023,Seguindo as Constelações {TaskIndex},Adquira {RequiredStackCount} Graça das cartas das constelações
3045024,Seguindo as Constelações {TaskIndex},Adquira {RequiredStackCount} Graça das cartas das constelações
3045025,Seguindo as Constelações {TaskIndex},Adquira {RequiredStackCount} Graça das cartas das constelações
3045026,Seguindo as Constelações {TaskIndex},Adquira {RequiredStackCount} Graça das cartas das constelações
3045027,Seguindo as Constelações {TaskIndex},Adquira {RequiredStackCount} Graça das cartas das constelações
3045028,Seguindo as Constelações {TaskIndex},Adquira {RequiredStackCount} Graça das cartas das constelações
3045029,Seguindo as Constelações {TaskIndex},Adquira {RequiredStackCount} Graça das cartas das constelações
3045030,Seguindo as Constelações {TaskIndex},Adquira {RequiredStackCount} Graça das cartas das constelações
3045031,Seguindo as Constelações {TaskIndex},Adquira {RequiredStackCount} Graça das cartas das constelações
3045032,Seguindo as Constelações {TaskIndex},Adquira {RequiredStackCount} Graça das cartas das constelações
3045033,Seguindo as Constelações {TaskIndex},Adquira {RequiredStackCount} Graça das cartas das constelações
3045034,Seguindo as Constelações {TaskIndex},Adquira {RequiredStackCount} Graça das cartas das constelações
3045035,Seguindo as Constelações {TaskIndex},Adquira {RequiredStackCount} Graça das cartas das constelações
3045036,Seguindo as Constelações {TaskIndex},Adquira {RequiredStackCount} Graça das cartas das constelações
3045037,Seguindo as Constelações {TaskIndex},Adquira {RequiredStackCount} Graça das cartas das constelações
3045038,Seguindo as Constelações {TaskIndex},Adquira {RequiredStackCount} Graça das cartas das constelações
3045039,Seguindo as Constelações {TaskIndex},Adquira {RequiredStackCount} Graça das cartas das constelações
3045040,Seguindo as Constelações {TaskIndex},Adquira {RequiredStackCount} Graça das cartas das constelações
3045041,Seguindo as Constelações {TaskIndex},Adquira {RequiredStackCount} Graça das cartas das constelações
3045042,Seguindo as Constelações {TaskIndex},Adquira {RequiredStackCount} Graça das cartas das constelações
3045043,Seguindo as Constelações {TaskIndex},Adquira {RequiredStackCount} Graça das cartas das constelações
3045044,Seguindo as Constelações {TaskIndex},Adquira {RequiredStackCount} Graça das cartas das constelações
3045045,Seguindo as Constelações {TaskIndex},Adquira {RequiredStackCount} Graça das cartas das constelações
3045046,Seguindo as Constelações {TaskIndex},Adquira {RequiredStackCount} Graça das cartas das constelações
3045047,Seguindo as Constelações {TaskIndex},Adquira {RequiredStackCount} Graça das cartas das constelações
3045048,Seguindo as Constelações {TaskIndex},Adquira {RequiredStackCount} Graça das cartas das constelações
3045049,Seguindo as Constelações {TaskIndex},Adquira {RequiredStackCount} Graça das cartas das constelações
3045050,Seguindo as Constelações {TaskIndex},Adquira {RequiredStackCount} Graça das cartas das constelações
3046001,O Arquiteto de Mercado {TaskIndex},Gaste {RequiredStackCount} Diamantes no Marketplace
3046002,O Arquiteto de Mercado {TaskIndex},Gaste {RequiredStackCount} Diamantes no Marketplace
3046003,O Arquiteto de Mercado {TaskIndex},Gaste {RequiredStackCount} Diamantes no Marketplace
3046004,O Arquiteto de Mercado {TaskIndex},Gaste {RequiredStackCount} Diamantes no Marketplace
3046005,O Arquiteto de Mercado {TaskIndex},Gaste {RequiredStackCount} Diamantes no Marketplace
3046006,O Arquiteto de Mercado {TaskIndex},Gaste {RequiredStackCount} Diamantes no Marketplace
3046007,O Arquiteto de Mercado {TaskIndex},Gaste {RequiredStackCount} Diamantes no Marketplace
3046008,O Arquiteto de Mercado {TaskIndex},Gaste {RequiredStackCount} Diamantes no Marketplace
3046009,O Arquiteto de Mercado {TaskIndex},Gaste {RequiredStackCount} Diamantes no Marketplace
3046010,O Arquiteto de Mercado {TaskIndex},Gaste {RequiredStackCount} Diamantes no Marketplace
3046011,O Arquiteto de Mercado {TaskIndex},Gaste {RequiredStackCount} Diamantes no Marketplace
3046012,O Arquiteto de Mercado {TaskIndex},Gaste {RequiredStackCount} Diamantes no Marketplace
3046013,O Arquiteto de Mercado {TaskIndex},Gaste {RequiredStackCount} Diamantes no Marketplace
3046014,O Arquiteto de Mercado {TaskIndex},Gaste {RequiredStackCount} Diamantes no Marketplace
3046015,O Arquiteto de Mercado {TaskIndex},Gaste {RequiredStackCount} Diamantes no Marketplace
3046016,O Arquiteto de Mercado {TaskIndex},Gaste {RequiredStackCount} Diamantes no Marketplace
3046017,O Arquiteto de Mercado {TaskIndex},Gaste {RequiredStackCount} Diamantes no Marketplace
3046018,O Arquiteto de Mercado {TaskIndex},Gaste {RequiredStackCount} Diamantes no Marketplace
3046019,O Arquiteto de Mercado {TaskIndex},Gaste {RequiredStackCount} Diamantes no Marketplace
3046020,O Arquiteto de Mercado {TaskIndex},Gaste {RequiredStackCount} Diamantes no Marketplace
3047001,ganho com esforço {TaskIndex},Ganhe diamantes {RequiredStackCount} do Marketplace
3047002,ganho com esforço {TaskIndex},Ganhe diamantes {RequiredStackCount} do Marketplace
3047003,ganho com esforço {TaskIndex},Ganhe diamantes {RequiredStackCount} do Marketplace
3047004,ganho com esforço {TaskIndex},Ganhe diamantes {RequiredStackCount} do Marketplace
3047005,ganho com esforço {TaskIndex},Ganhe diamantes {RequiredStackCount} do Marketplace
3047006,ganho com esforço {TaskIndex},Ganhe diamantes {RequiredStackCount} do Marketplace
3047007,ganho com esforço {TaskIndex},Ganhe diamantes {RequiredStackCount} do Marketplace
3047008,ganho com esforço {TaskIndex},Ganhe diamantes {RequiredStackCount} do Marketplace
3047009,ganho com esforço {TaskIndex},Ganhe diamantes {RequiredStackCount} do Marketplace
3047010,ganho com esforço {TaskIndex},Ganhe diamantes {RequiredStackCount} do Marketplace
3047011,ganho com esforço {TaskIndex},Ganhe diamantes {RequiredStackCount} do Marketplace
3047012,ganho com esforço {TaskIndex},Ganhe diamantes {RequiredStackCount} do Marketplace
3047013,ganho com esforço {TaskIndex},Ganhe diamantes {RequiredStackCount} do Marketplace
3047014,ganho com esforço {TaskIndex},Ganhe diamantes {RequiredStackCount} do Marketplace
3047015,ganho com esforço {TaskIndex},Ganhe diamantes {RequiredStackCount} do Marketplace
3047016,ganho com esforço {TaskIndex},Ganhe diamantes {RequiredStackCount} do Marketplace
3047017,ganho com esforço {TaskIndex},Ganhe diamantes {RequiredStackCount} do Marketplace
3047018,ganho com esforço {TaskIndex},Ganhe diamantes {RequiredStackCount} do Marketplace
3047019,ganho com esforço {TaskIndex},Ganhe diamantes {RequiredStackCount} do Marketplace
3047020,ganho com esforço {TaskIndex},Ganhe diamantes {RequiredStackCount} do Marketplace
3048001,Em busca do poder oculto {TaskIndex},Avaliar Powerstones {RequiredStackCount} Vezes
3048002,Em busca do poder oculto {TaskIndex},Avaliar Powerstones {RequiredStackCount} Vezes
3048003,Em busca do poder oculto {TaskIndex},Avaliar Powerstones {RequiredStackCount} Vezes
3048004,Em busca do poder oculto {TaskIndex},Avaliar Powerstones {RequiredStackCount} Vezes
3048005,Em busca do poder oculto {TaskIndex},Avaliar Powerstones {RequiredStackCount} Vezes
3048006,Em busca do poder oculto {TaskIndex},Avaliar Powerstones {RequiredStackCount} Vezes
3048007,Em busca do poder oculto {TaskIndex},Avaliar Powerstones {RequiredStackCount} Vezes
3048008,Em busca do poder oculto {TaskIndex},Avaliar Powerstones {RequiredStackCount} Vezes
3048009,Em busca do poder oculto {TaskIndex},Avaliar Powerstones {RequiredStackCount} Vezes
3048010,Em busca do poder oculto {TaskIndex},Avaliar Powerstones {RequiredStackCount} Vezes
3048011,Em busca do poder oculto {TaskIndex},Avaliar Powerstones {RequiredStackCount} Vezes
3048012,Em busca do poder oculto {TaskIndex},Avaliar Powerstones {RequiredStackCount} Vezes
3048013,Em busca do poder oculto {TaskIndex},Avaliar Powerstones {RequiredStackCount} Vezes
3048014,Em busca do poder oculto {TaskIndex},Avaliar Powerstones {RequiredStackCount} Vezes
3048015,Em busca do poder oculto {TaskIndex},Avaliar Powerstones {RequiredStackCount} Vezes
3048016,Em busca do poder oculto {TaskIndex},Avaliar Powerstones {RequiredStackCount} Vezes
3048017,Em busca do poder oculto {TaskIndex},Avaliar Powerstones {RequiredStackCount} Vezes
3048018,Em busca do poder oculto {TaskIndex},Avaliar Powerstones {RequiredStackCount} Vezes
3048019,Em busca do poder oculto {TaskIndex},Avaliar Powerstones {RequiredStackCount} Vezes
3048020,Em busca do poder oculto {TaskIndex},Avaliar Powerstones {RequiredStackCount} Vezes
3048021,Em busca do poder oculto {TaskIndex},Avaliar Powerstones {RequiredStackCount} Vezes
3048022,Em busca do poder oculto {TaskIndex},Avaliar Powerstones {RequiredStackCount} Vezes
3048023,Em busca do poder oculto {TaskIndex},Avaliar Powerstones {RequiredStackCount} Vezes
3048024,Em busca do poder oculto {TaskIndex},Avaliar Powerstones {RequiredStackCount} Vezes
3048025,Em busca do poder oculto {TaskIndex},Avaliar Powerstones {RequiredStackCount} Vezes
3048026,Em busca do poder oculto {TaskIndex},Avaliar Powerstones {RequiredStackCount} Vezes
3048027,Em busca do poder oculto {TaskIndex},Avaliar Powerstones {RequiredStackCount} Vezes
3048028,Em busca do poder oculto {TaskIndex},Avaliar Powerstones {RequiredStackCount} Vezes
3048029,Em busca do poder oculto {TaskIndex},Avaliar Powerstones {RequiredStackCount} Vezes
3048030,Em busca do poder oculto {TaskIndex},Avaliar Powerstones {RequiredStackCount} Vezes
3048031,Em busca do poder oculto {TaskIndex},Avaliar Powerstones {RequiredStackCount} Vezes
3048032,Em busca do poder oculto {TaskIndex},Avaliar Powerstones {RequiredStackCount} Vezes
3048033,Em busca do poder oculto {TaskIndex},Avaliar Powerstones {RequiredStackCount} Vezes
3048034,Em busca do poder oculto {TaskIndex},Avaliar Powerstones {RequiredStackCount} Vezes
3048035,Em busca do poder oculto {TaskIndex},Avaliar Powerstones {RequiredStackCount} Vezes
3048036,Em busca do poder oculto {TaskIndex},Avaliar Powerstones {RequiredStackCount} Vezes
3048037,Em busca do poder oculto {TaskIndex},Avaliar Powerstones {RequiredStackCount} Vezes
3048038,Em busca do poder oculto {TaskIndex},Avaliar Powerstones {RequiredStackCount} Vezes
3048039,Em busca do poder oculto {TaskIndex},Avaliar Powerstones {RequiredStackCount} Vezes
3048040,Em busca do poder oculto {TaskIndex},Avaliar Powerstones {RequiredStackCount} Vezes
3048041,Em busca do poder oculto {TaskIndex},Avaliar Powerstones {RequiredStackCount} Vezes
3048042,Em busca do poder oculto {TaskIndex},Avaliar Powerstones {RequiredStackCount} Vezes
3048043,Em busca do poder oculto {TaskIndex},Avaliar Powerstones {RequiredStackCount} Vezes
3048044,Em busca do poder oculto {TaskIndex},Avaliar Powerstones {RequiredStackCount} Vezes
3048045,Em busca do poder oculto {TaskIndex},Avaliar Powerstones {RequiredStackCount} Vezes
3048046,Em busca do poder oculto {TaskIndex},Avaliar Powerstones {RequiredStackCount} Vezes
3048047,Em busca do poder oculto {TaskIndex},Avaliar Powerstones {RequiredStackCount} Vezes
3048048,Em busca do poder oculto {TaskIndex},Avaliar Powerstones {RequiredStackCount} Vezes
3048049,Em busca do poder oculto {TaskIndex},Avaliar Powerstones {RequiredStackCount} Vezes
3048050,Em busca do poder oculto {TaskIndex},Avaliar Powerstones {RequiredStackCount} Vezes
4001001,Despojos de aventura {TaskIndex},Alcance o nível {RequiredStackCount}
4001002,Despojos de aventura {TaskIndex},Alcance o nível {RequiredStackCount}
4001003,Despojos de aventura {TaskIndex},Alcance o nível {RequiredStackCount}
4001004,Despojos de aventura {TaskIndex},Alcance o nível {RequiredStackCount}
4001005,Despojos de aventura {TaskIndex},Alcance o nível {RequiredStackCount}
4001006,Despojos de aventura {TaskIndex},Alcance o nível {RequiredStackCount}
4001007,Despojos de aventura {TaskIndex},Alcance o nível {RequiredStackCount}
4001008,Despojos de aventura {TaskIndex},Alcance o nível {RequiredStackCount}
4001009,Despojos de aventura {TaskIndex},Alcance o nível {RequiredStackCount}
4001010,Despojos de aventura {TaskIndex},Alcance o nível {RequiredStackCount}
4001011,Despojos de aventura {TaskIndex},Alcance o nível {RequiredStackCount}
4001012,Despojos de aventura {TaskIndex},Alcance o nível {RequiredStackCount}
4001013,Despojos de aventura {TaskIndex},Alcance o nível {RequiredStackCount}
4001014,Despojos de aventura {TaskIndex},Alcance o nível {RequiredStackCount}
4001015,Despojos de aventura {TaskIndex},Alcance o nível {RequiredStackCount}
4001016,Despojos de aventura {TaskIndex},Alcance o nível {RequiredStackCount}
4001017,Despojos de aventura {TaskIndex},Alcance o nível {RequiredStackCount}
4001018,Despojos de aventura {TaskIndex},Alcance o nível {RequiredStackCount}
4001019,Despojos de aventura {TaskIndex},Alcance o nível {RequiredStackCount}
4001020,Despojos de aventura {TaskIndex},Alcance o nível {RequiredStackCount}
4003001,Prova de Força {TaskIndex},Alcance o poder de combate {RequiredStackCount}
4003002,Prova de Força {TaskIndex},Alcance o poder de combate {RequiredStackCount}
4003003,Prova de Força {TaskIndex},Alcance o poder de combate {RequiredStackCount}
4003004,Prova de Força {TaskIndex},Alcance o poder de combate {RequiredStackCount}
4003005,Prova de Força {TaskIndex},Alcance o poder de combate {RequiredStackCount}
4003006,Prova de Força {TaskIndex},Alcance o poder de combate {RequiredStackCount}
4003007,Prova de Força {TaskIndex},Alcance o poder de combate {RequiredStackCount}
4003008,Prova de Força {TaskIndex},Alcance o poder de combate {RequiredStackCount}
4003009,Prova de Força {TaskIndex},Alcance o poder de combate {RequiredStackCount}
4003010,Prova de Força {TaskIndex},Alcance o poder de combate {RequiredStackCount}
4003011,Prova de Força {TaskIndex},Alcance o poder de combate {RequiredStackCount}
4003012,Prova de Força {TaskIndex},Alcance o poder de combate {RequiredStackCount}
4003013,Prova de Força {TaskIndex},Alcance o poder de combate {RequiredStackCount}
4003014,Prova de Força {TaskIndex},Alcance o poder de combate {RequiredStackCount}
4003015,Prova de Força {TaskIndex},Alcance o poder de combate {RequiredStackCount}
4003016,Prova de Força {TaskIndex},Alcance o poder de combate {RequiredStackCount}
4003017,Prova de Força {TaskIndex},Alcance o poder de combate {RequiredStackCount}
4003018,Prova de Força {TaskIndex},Alcance o poder de combate {RequiredStackCount}
4003019,Prova de Força {TaskIndex},Alcance o poder de combate {RequiredStackCount}
4003020,Prova de Força {TaskIndex},Alcance o poder de combate {RequiredStackCount}
4003021,Prova de Força {TaskIndex},Alcance o poder de combate {RequiredStackCount}
4003022,Prova de Força {TaskIndex},Alcance o poder de combate {RequiredStackCount}
4003023,Prova de Força {TaskIndex},Alcance o poder de combate {RequiredStackCount}
4003024,Prova de Força {TaskIndex},Alcance o poder de combate {RequiredStackCount}
4003025,Prova de Força {TaskIndex},Alcance o poder de combate {RequiredStackCount}
4003026,Prova de Força {TaskIndex},Alcance o poder de combate {RequiredStackCount}
4003027,Prova de Força {TaskIndex},Alcance o poder de combate {RequiredStackCount}
4003028,Prova de Força {TaskIndex},Alcance o poder de combate {RequiredStackCount}
4003029,Prova de Força {TaskIndex},Alcance o poder de combate {RequiredStackCount}
4003030,Prova de Força {TaskIndex},Alcance o poder de combate {RequiredStackCount}
4003031,Prova de Força {TaskIndex},Alcance o poder de combate {RequiredStackCount}
4003032,Prova de Força {TaskIndex},Alcance o poder de combate {RequiredStackCount}
4003033,Prova de Força {TaskIndex},Alcance o poder de combate {RequiredStackCount}
4003034,Prova de Força {TaskIndex},Alcance o poder de combate {RequiredStackCount}
4003035,Prova de Força {TaskIndex},Alcance o poder de combate {RequiredStackCount}
4003036,Prova de Força {TaskIndex},Alcance o poder de combate {RequiredStackCount}
4003037,Prova de Força {TaskIndex},Alcance o poder de combate {RequiredStackCount}
4003038,Prova de Força {TaskIndex},Alcance o poder de combate {RequiredStackCount}
4003039,Prova de Força {TaskIndex},Alcance o poder de combate {RequiredStackCount}
4003040,Prova de Força {TaskIndex},Alcance o poder de combate {RequiredStackCount}
4003041,Prova de Força {TaskIndex},Alcance o poder de combate {RequiredStackCount}
4003042,Prova de Força {TaskIndex},Alcance o poder de combate {RequiredStackCount}
4003043,Prova de Força {TaskIndex},Alcance o poder de combate {RequiredStackCount}
4003044,Prova de Força {TaskIndex},Alcance o poder de combate {RequiredStackCount}
4003045,Prova de Força {TaskIndex},Alcance o poder de combate {RequiredStackCount}
4003046,Prova de Força {TaskIndex},Alcance o poder de combate {RequiredStackCount}
4003047,Prova de Força {TaskIndex},Alcance o poder de combate {RequiredStackCount}
4003048,Prova de Força {TaskIndex},Alcance o poder de combate {RequiredStackCount}
4003049,Prova de Força {TaskIndex},Alcance o poder de combate {RequiredStackCount}
4003050,Prova de Força {TaskIndex},Alcance o poder de combate {RequiredStackCount}
4006001,Essence of Destruction {TaskIndex},Alcance {RequiredStackCount} Estat de ataque
4006002,Essence of Destruction {TaskIndex},Alcance {RequiredStackCount} Estat de ataque
4006003,Essence of Destruction {TaskIndex},Alcance {RequiredStackCount} Estat de ataque
4006004,Essence of Destruction {TaskIndex},Alcance {RequiredStackCount} Estat de ataque
4006005,Essence of Destruction {TaskIndex},Alcance {RequiredStackCount} Estat de ataque
4006006,Essence of Destruction {TaskIndex},Alcance {RequiredStackCount} Estat de ataque
4006007,Essence of Destruction {TaskIndex},Alcance {RequiredStackCount} Estat de ataque
4006008,Essence of Destruction {TaskIndex},Alcance {RequiredStackCount} Estat de ataque
4006009,Essence of Destruction {TaskIndex},Alcance {RequiredStackCount} Estat de ataque
4006010,Essence of Destruction {TaskIndex},Alcance {RequiredStackCount} Estat de ataque
4006011,Essence of Destruction {TaskIndex},Alcance {RequiredStackCount} Estat de ataque
4006012,Essence of Destruction {TaskIndex},Alcance {RequiredStackCount} Estat de ataque
4006013,Essence of Destruction {TaskIndex},Alcance {RequiredStackCount} Estat de ataque
4006014,Essence of Destruction {TaskIndex},Alcance {RequiredStackCount} Estat de ataque
4006015,Essence of Destruction {TaskIndex},Alcance {RequiredStackCount} Estat de ataque
4006016,Essence of Destruction {TaskIndex},Alcance {RequiredStackCount} Estat de ataque
4006017,Essence of Destruction {TaskIndex},Alcance {RequiredStackCount} Estat de ataque
4006018,Essence of Destruction {TaskIndex},Alcance {RequiredStackCount} Estat de ataque
4006019,Essence of Destruction {TaskIndex},Alcance {RequiredStackCount} Estat de ataque
4006020,Essence of Destruction {TaskIndex},Alcance {RequiredStackCount} Estat de ataque
4007001,Fonte de Proteção {TaskIndex},Alcance {RequiredStackCount} Estat de defesa
4007002,Fonte de Proteção {TaskIndex},Alcance {RequiredStackCount} Estat de defesa
4007003,Fonte de Proteção {TaskIndex},Alcance {RequiredStackCount} Estat de defesa
4007004,Fonte de Proteção {TaskIndex},Alcance {RequiredStackCount} Estat de defesa
4007005,Fonte de Proteção {TaskIndex},Alcance {RequiredStackCount} Estat de defesa
4007006,Fonte de Proteção {TaskIndex},Alcance {RequiredStackCount} Estat de defesa
4007007,Fonte de Proteção {TaskIndex},Alcance {RequiredStackCount} Estat de defesa
4007008,Fonte de Proteção {TaskIndex},Alcance {RequiredStackCount} Estat de defesa
4007009,Fonte de Proteção {TaskIndex},Alcance {RequiredStackCount} Estat de defesa
4007010,Fonte de Proteção {TaskIndex},Alcance {RequiredStackCount} Estat de defesa
4007011,Fonte de Proteção {TaskIndex},Alcance {RequiredStackCount} Estat de defesa
4007012,Fonte de Proteção {TaskIndex},Alcance {RequiredStackCount} Estat de defesa
4007013,Fonte de Proteção {TaskIndex},Alcance {RequiredStackCount} Estat de defesa
4007014,Fonte de Proteção {TaskIndex},Alcance {RequiredStackCount} Estat de defesa
4007015,Fonte de Proteção {TaskIndex},Alcance {RequiredStackCount} Estat de defesa
4007016,Fonte de Proteção {TaskIndex},Alcance {RequiredStackCount} Estat de defesa
4007017,Fonte de Proteção {TaskIndex},Alcance {RequiredStackCount} Estat de defesa
4007018,Fonte de Proteção {TaskIndex},Alcance {RequiredStackCount} Estat de defesa
4007019,Fonte de Proteção {TaskIndex},Alcance {RequiredStackCount} Estat de defesa
4007020,Fonte de Proteção {TaskIndex},Alcance {RequiredStackCount} Estat de defesa
4008001,Navio da Vida {TaskIndex},Alcance {RequiredStackCount} Estat de HP
4008002,Navio da Vida {TaskIndex},Alcance {RequiredStackCount} Estat de HP
4008003,Navio da Vida {TaskIndex},Alcance {RequiredStackCount} Estat de HP
4008004,Navio da Vida {TaskIndex},Alcance {RequiredStackCount} Estat de HP
4008005,Navio da Vida {TaskIndex},Alcance {RequiredStackCount} Estat de HP
4008006,Navio da Vida {TaskIndex},Alcance {RequiredStackCount} Estat de HP
4008007,Navio da Vida {TaskIndex},Alcance {RequiredStackCount} Estat de HP
4008008,Navio da Vida {TaskIndex},Alcance {RequiredStackCount} Estat de HP
4008009,Navio da Vida {TaskIndex},Alcance {RequiredStackCount} Estat de HP
4008010,Navio da Vida {TaskIndex},Alcance {RequiredStackCount} Estat de HP
4008011,Navio da Vida {TaskIndex},Alcance {RequiredStackCount} Estat de HP
4008012,Navio da Vida {TaskIndex},Alcance {RequiredStackCount} Estat de HP
4008013,Navio da Vida {TaskIndex},Alcance {RequiredStackCount} Estat de HP
4008014,Navio da Vida {TaskIndex},Alcance {RequiredStackCount} Estat de HP
4008015,Navio da Vida {TaskIndex},Alcance {RequiredStackCount} Estat de HP
4008016,Navio da Vida {TaskIndex},Alcance {RequiredStackCount} Estat de HP
4008017,Navio da Vida {TaskIndex},Alcance {RequiredStackCount} Estat de HP
4008018,Navio da Vida {TaskIndex},Alcance {RequiredStackCount} Estat de HP
4008019,Navio da Vida {TaskIndex},Alcance {RequiredStackCount} Estat de HP
4008020,Navio da Vida {TaskIndex},Alcance {RequiredStackCount} Estat de HP
4012001,Percepção de Fraqueza {TaskIndex},Alcance {RequiredStackCount} Estat de acerto crítico
4012002,Percepção de Fraqueza {TaskIndex},Alcance {RequiredStackCount} Estat de acerto crítico
4012003,Percepção de Fraqueza {TaskIndex},Alcance {RequiredStackCount} Estat de acerto crítico
4012004,Percepção de Fraqueza {TaskIndex},Alcance {RequiredStackCount} Estat de acerto crítico
4012005,Percepção de Fraqueza {TaskIndex},Alcance {RequiredStackCount} Estat de acerto crítico
4012006,Percepção de Fraqueza {TaskIndex},Alcance {RequiredStackCount} Estat de acerto crítico
4012007,Percepção de Fraqueza {TaskIndex},Alcance {RequiredStackCount} Estat de acerto crítico
4012008,Percepção de Fraqueza {TaskIndex},Alcance {RequiredStackCount} Estat de acerto crítico
4012009,Percepção de Fraqueza {TaskIndex},Alcance {RequiredStackCount} Estat de acerto crítico
4012010,Percepção de Fraqueza {TaskIndex},Alcance {RequiredStackCount} Estat de acerto crítico
4012011,Percepção de Fraqueza {TaskIndex},Alcance {RequiredStackCount} Estat de acerto crítico
4012012,Percepção de Fraqueza {TaskIndex},Alcance {RequiredStackCount} Estat de acerto crítico
4012013,Percepção de Fraqueza {TaskIndex},Alcance {RequiredStackCount} Estat de acerto crítico
4012014,Percepção de Fraqueza {TaskIndex},Alcance {RequiredStackCount} Estat de acerto crítico
4012015,Percepção de Fraqueza {TaskIndex},Alcance {RequiredStackCount} Estat de acerto crítico
4012016,Percepção de Fraqueza {TaskIndex},Alcance {RequiredStackCount} Estat de acerto crítico
4012017,Percepção de Fraqueza {TaskIndex},Alcance {RequiredStackCount} Estat de acerto crítico
4012018,Percepção de Fraqueza {TaskIndex},Alcance {RequiredStackCount} Estat de acerto crítico
4012019,Percepção de Fraqueza {TaskIndex},Alcance {RequiredStackCount} Estat de acerto crítico
4012020,Percepção de Fraqueza {TaskIndex},Alcance {RequiredStackCount} Estat de acerto crítico
4013001,Véu de Resistência {TaskIndex},Alcance {RequiredStackCount} Estatística de resistência a golpes críticos
4013002,Véu de Resistência {TaskIndex},Alcance {RequiredStackCount} Estatística de resistência a golpes críticos
4013003,Véu de Resistência {TaskIndex},Alcance {RequiredStackCount} Estatística de resistência a golpes críticos
4013004,Véu de Resistência {TaskIndex},Alcance {RequiredStackCount} Estatística de resistência a golpes críticos
4013005,Véu de Resistência {TaskIndex},Alcance {RequiredStackCount} Estatística de resistência a golpes críticos
4013006,Véu de Resistência {TaskIndex},Alcance {RequiredStackCount} Estatística de resistência a golpes críticos
4013007,Véu de Resistência {TaskIndex},Alcance {RequiredStackCount} Estatística de resistência a golpes críticos
4013008,Véu de Resistência {TaskIndex},Alcance {RequiredStackCount} Estatística de resistência a golpes críticos
4013009,Véu de Resistência {TaskIndex},Alcance {RequiredStackCount} Estatística de resistência a golpes críticos
4013010,Véu de Resistência {TaskIndex},Alcance {RequiredStackCount} Estatística de resistência a golpes críticos
4013011,Véu de Resistência {TaskIndex},Alcance {RequiredStackCount} Estatística de resistência a golpes críticos
4013012,Véu de Resistência {TaskIndex},Alcance {RequiredStackCount} Estatística de resistência a golpes críticos
4013013,Véu de Resistência {TaskIndex},Alcance {RequiredStackCount} Estatística de resistência a golpes críticos
4013014,Véu de Resistência {TaskIndex},Alcance {RequiredStackCount} Estatística de resistência a golpes críticos
4013015,Véu de Resistência {TaskIndex},Alcance {RequiredStackCount} Estatística de resistência a golpes críticos
4013016,Véu de Resistência {TaskIndex},Alcance {RequiredStackCount} Estatística de resistência a golpes críticos
4013017,Véu de Resistência {TaskIndex},Alcance {RequiredStackCount} Estatística de resistência a golpes críticos
4013018,Véu de Resistência {TaskIndex},Alcance {RequiredStackCount} Estatística de resistência a golpes críticos
4013019,Véu de Resistência {TaskIndex},Alcance {RequiredStackCount} Estatística de resistência a golpes críticos
4013020,Véu de Resistência {TaskIndex},Alcance {RequiredStackCount} Estatística de resistência a golpes críticos
4014001,Ataque preciso {TaskIndex},Alcance {RequiredStackCount} Estatística de precisão
4014002,Ataque preciso {TaskIndex},Alcance {RequiredStackCount} Estatística de precisão
4014003,Ataque preciso {TaskIndex},Alcance {RequiredStackCount} Estatística de precisão
4014004,Ataque preciso {TaskIndex},Alcance {RequiredStackCount} Estatística de precisão
4014005,Ataque preciso {TaskIndex},Alcance {RequiredStackCount} Estatística de precisão
4014006,Ataque preciso {TaskIndex},Alcance {RequiredStackCount} Estatística de precisão
4014007,Ataque preciso {TaskIndex},Alcance {RequiredStackCount} Estatística de precisão
4014008,Ataque preciso {TaskIndex},Alcance {RequiredStackCount} Estatística de precisão
4014009,Ataque preciso {TaskIndex},Alcance {RequiredStackCount} Estatística de precisão
4014010,Ataque preciso {TaskIndex},Alcance {RequiredStackCount} Estatística de precisão
4014011,Ataque preciso {TaskIndex},Alcance {RequiredStackCount} Estatística de precisão
4014012,Ataque preciso {TaskIndex},Alcance {RequiredStackCount} Estatística de precisão
4014013,Ataque preciso {TaskIndex},Alcance {RequiredStackCount} Estatística de precisão
4014014,Ataque preciso {TaskIndex},Alcance {RequiredStackCount} Estatística de precisão
4014015,Ataque preciso {TaskIndex},Alcance {RequiredStackCount} Estatística de precisão
4014016,Ataque preciso {TaskIndex},Alcance {RequiredStackCount} Estatística de precisão
4014017,Ataque preciso {TaskIndex},Alcance {RequiredStackCount} Estatística de precisão
4014018,Ataque preciso {TaskIndex},Alcance {RequiredStackCount} Estatística de precisão
4014019,Ataque preciso {TaskIndex},Alcance {RequiredStackCount} Estatística de precisão
4014020,Ataque preciso {TaskIndex},Alcance {RequiredStackCount} Estatística de precisão
4015001,Movimentos ágeis {TaskIndex},Alcance {RequiredStackCount} Evasion Stat
4015002,Movimentos ágeis {TaskIndex},Alcance {RequiredStackCount} Evasion Stat
4015003,Movimentos ágeis {TaskIndex},Alcance {RequiredStackCount} Evasion Stat
4015004,Movimentos ágeis {TaskIndex},Alcance {RequiredStackCount} Evasion Stat
4015005,Movimentos ágeis {TaskIndex},Alcance {RequiredStackCount} Evasion Stat
4015006,Movimentos ágeis {TaskIndex},Alcance {RequiredStackCount} Evasion Stat
4015007,Movimentos ágeis {TaskIndex},Alcance {RequiredStackCount} Evasion Stat
4015008,Movimentos ágeis {TaskIndex},Alcance {RequiredStackCount} Evasion Stat
4015009,Movimentos ágeis {TaskIndex},Alcance {RequiredStackCount} Evasion Stat
4015010,Movimentos ágeis {TaskIndex},Alcance {RequiredStackCount} Evasion Stat
4015011,Movimentos ágeis {TaskIndex},Alcance {RequiredStackCount} Evasion Stat
4015012,Movimentos ágeis {TaskIndex},Alcance {RequiredStackCount} Evasion Stat
4015013,Movimentos ágeis {TaskIndex},Alcance {RequiredStackCount} Evasion Stat
4015014,Movimentos ágeis {TaskIndex},Alcance {RequiredStackCount} Evasion Stat
4015015,Movimentos ágeis {TaskIndex},Alcance {RequiredStackCount} Evasion Stat
4015016,Movimentos ágeis {TaskIndex},Alcance {RequiredStackCount} Evasion Stat
4015017,Movimentos ágeis {TaskIndex},Alcance {RequiredStackCount} Evasion Stat
4015018,Movimentos ágeis {TaskIndex},Alcance {RequiredStackCount} Evasion Stat
4015019,Movimentos ágeis {TaskIndex},Alcance {RequiredStackCount} Evasion Stat
4015020,Movimentos ágeis {TaskIndex},Alcance {RequiredStackCount} Evasion Stat
4017001,Use-o até se cansar dele {TaskIndex},Transcende Traje {RequiredStackCount} Vezes
4017002,Use-o até se cansar dele {TaskIndex},Transcende Traje {RequiredStackCount} Vezes
4017003,Use-o até se cansar dele {TaskIndex},Transcende Traje {RequiredStackCount} Vezes
4017004,Use-o até se cansar dele {TaskIndex},Transcende Traje {RequiredStackCount} Vezes
4017005,Use-o até se cansar dele {TaskIndex},Transcende Traje {RequiredStackCount} Vezes
4017006,Use-o até se cansar dele {TaskIndex},Transcende Traje {RequiredStackCount} Vezes
4017007,Use-o até se cansar dele {TaskIndex},Transcende Traje {RequiredStackCount} Vezes
4017008,Use-o até se cansar dele {TaskIndex},Transcende Traje {RequiredStackCount} Vezes
4017009,Use-o até se cansar dele {TaskIndex},Transcende Traje {RequiredStackCount} Vezes
4017010,Use-o até se cansar dele {TaskIndex},Transcende Traje {RequiredStackCount} Vezes
4017011,Use-o até se cansar dele {TaskIndex},Transcende Traje {RequiredStackCount} Vezes
4017012,Use-o até se cansar dele {TaskIndex},Transcende Traje {RequiredStackCount} Vezes
4017013,Use-o até se cansar dele {TaskIndex},Transcende Traje {RequiredStackCount} Vezes
4017014,Use-o até se cansar dele {TaskIndex},Transcende Traje {RequiredStackCount} Vezes
4017015,Use-o até se cansar dele {TaskIndex},Transcende Traje {RequiredStackCount} Vezes
4017016,Use-o até se cansar dele {TaskIndex},Transcende Traje {RequiredStackCount} Vezes
4017017,Use-o até se cansar dele {TaskIndex},Transcende Traje {RequiredStackCount} Vezes
4017018,Use-o até se cansar dele {TaskIndex},Transcende Traje {RequiredStackCount} Vezes
4017019,Use-o até se cansar dele {TaskIndex},Transcende Traje {RequiredStackCount} Vezes
4017020,Use-o até se cansar dele {TaskIndex},Transcende Traje {RequiredStackCount} Vezes
4017021,Use-o até se cansar dele {TaskIndex},Transcende Traje {RequiredStackCount} Vezes
4017022,Use-o até se cansar dele {TaskIndex},Transcende Traje {RequiredStackCount} Vezes
4017023,Use-o até se cansar dele {TaskIndex},Transcende Traje {RequiredStackCount} Vezes
4017024,Use-o até se cansar dele {TaskIndex},Transcende Traje {RequiredStackCount} Vezes
4017025,Use-o até se cansar dele {TaskIndex},Transcende Traje {RequiredStackCount} Vezes
4017026,Use-o até se cansar dele {TaskIndex},Transcende Traje {RequiredStackCount} Vezes
4017027,Use-o até se cansar dele {TaskIndex},Transcende Traje {RequiredStackCount} Vezes
4017028,Use-o até se cansar dele {TaskIndex},Transcende Traje {RequiredStackCount} Vezes
4017029,Use-o até se cansar dele {TaskIndex},Transcende Traje {RequiredStackCount} Vezes
4017030,Use-o até se cansar dele {TaskIndex},Transcende Traje {RequiredStackCount} Vezes
4017031,Use-o até se cansar dele {TaskIndex},Transcende Traje {RequiredStackCount} Vezes
4017032,Use-o até se cansar dele {TaskIndex},Transcende Traje {RequiredStackCount} Vezes
4017033,Use-o até se cansar dele {TaskIndex},Transcende Traje {RequiredStackCount} Vezes
4017034,Use-o até se cansar dele {TaskIndex},Transcende Traje {RequiredStackCount} Vezes
4017035,Use-o até se cansar dele {TaskIndex},Transcende Traje {RequiredStackCount} Vezes
4017036,Use-o até se cansar dele {TaskIndex},Transcende Traje {RequiredStackCount} Vezes
4017037,Use-o até se cansar dele {TaskIndex},Transcende Traje {RequiredStackCount} Vezes
4017038,Use-o até se cansar dele {TaskIndex},Transcende Traje {RequiredStackCount} Vezes
4017039,Use-o até se cansar dele {TaskIndex},Transcende Traje {RequiredStackCount} Vezes
4017040,Use-o até se cansar dele {TaskIndex},Transcende Traje {RequiredStackCount} Vezes
4017041,Use-o até se cansar dele {TaskIndex},Transcende Traje {RequiredStackCount} Vezes
4017042,Use-o até se cansar dele {TaskIndex},Transcende Traje {RequiredStackCount} Vezes
4017043,Use-o até se cansar dele {TaskIndex},Transcende Traje {RequiredStackCount} Vezes
4017044,Use-o até se cansar dele {TaskIndex},Transcende Traje {RequiredStackCount} Vezes
4017045,Use-o até se cansar dele {TaskIndex},Transcende Traje {RequiredStackCount} Vezes
4017046,Use-o até se cansar dele {TaskIndex},Transcende Traje {RequiredStackCount} Vezes
4017047,Use-o até se cansar dele {TaskIndex},Transcende Traje {RequiredStackCount} Vezes
4017048,Use-o até se cansar dele {TaskIndex},Transcende Traje {RequiredStackCount} Vezes
4017049,Use-o até se cansar dele {TaskIndex},Transcende Traje {RequiredStackCount} Vezes
4017050,Use-o até se cansar dele {TaskIndex},Transcende Traje {RequiredStackCount} Vezes
4020001,Astrólogo {TaskIndex},Transcende a graça das constelações Cartão {RequiredStackCount} Vezes
4020002,Astrólogo {TaskIndex},Transcende a graça das constelações Cartão {RequiredStackCount} Vezes
4020003,Astrólogo {TaskIndex},Transcende a graça das constelações Cartão {RequiredStackCount} Vezes
4020004,Astrólogo {TaskIndex},Transcende a graça das constelações Cartão {RequiredStackCount} Vezes
4020005,Astrólogo {TaskIndex},Transcende a graça das constelações Cartão {RequiredStackCount} Vezes
4020006,Astrólogo {TaskIndex},Transcende a graça das constelações Cartão {RequiredStackCount} Vezes
4020007,Astrólogo {TaskIndex},Transcende a graça das constelações Cartão {RequiredStackCount} Vezes
4020008,Astrólogo {TaskIndex},Transcende a graça das constelações Cartão {RequiredStackCount} Vezes
4020009,Astrólogo {TaskIndex},Transcende a graça das constelações Cartão {RequiredStackCount} Vezes
4020010,Astrólogo {TaskIndex},Transcende a graça das constelações Cartão {RequiredStackCount} Vezes
4020011,Astrólogo {TaskIndex},Transcende a graça das constelações Cartão {RequiredStackCount} Vezes
4020012,Astrólogo {TaskIndex},Transcende a graça das constelações Cartão {RequiredStackCount} Vezes
4020013,Astrólogo {TaskIndex},Transcende a graça das constelações Cartão {RequiredStackCount} Vezes
4020014,Astrólogo {TaskIndex},Transcende a graça das constelações Cartão {RequiredStackCount} Vezes
4020015,Astrólogo {TaskIndex},Transcende a graça das constelações Cartão {RequiredStackCount} Vezes
4020016,Astrólogo {TaskIndex},Transcende a graça das constelações Cartão {RequiredStackCount} Vezes
4020017,Astrólogo {TaskIndex},Transcende a graça das constelações Cartão {RequiredStackCount} Vezes
4020018,Astrólogo {TaskIndex},Transcende a graça das constelações Cartão {RequiredStackCount} Vezes
4020019,Astrólogo {TaskIndex},Transcende a graça das constelações Cartão {RequiredStackCount} Vezes
4020020,Astrólogo {TaskIndex},Transcende a graça das constelações Cartão {RequiredStackCount} Vezes
4020021,Astrólogo {TaskIndex},Transcende a graça das constelações Cartão {RequiredStackCount} Vezes
4020022,Astrólogo {TaskIndex},Transcende a graça das constelações Cartão {RequiredStackCount} Vezes
4020023,Astrólogo {TaskIndex},Transcende a graça das constelações Cartão {RequiredStackCount} Vezes
4020024,Astrólogo {TaskIndex},Transcende a graça das constelações Cartão {RequiredStackCount} Vezes
4020025,Astrólogo {TaskIndex},Transcende a graça das constelações Cartão {RequiredStackCount} Vezes
4020026,Astrólogo {TaskIndex},Transcende a graça das constelações Cartão {RequiredStackCount} Vezes
4020027,Astrólogo {TaskIndex},Transcende a graça das constelações Cartão {RequiredStackCount} Vezes
4020028,Astrólogo {TaskIndex},Transcende a graça das constelações Cartão {RequiredStackCount} Vezes
4020029,Astrólogo {TaskIndex},Transcende a graça das constelações Cartão {RequiredStackCount} Vezes
4020030,Astrólogo {TaskIndex},Transcende a graça das constelações Cartão {RequiredStackCount} Vezes
4020031,Astrólogo {TaskIndex},Transcende a graça das constelações Cartão {RequiredStackCount} Vezes
4020032,Astrólogo {TaskIndex},Transcende a graça das constelações Cartão {RequiredStackCount} Vezes
4020033,Astrólogo {TaskIndex},Transcende a graça das constelações Cartão {RequiredStackCount} Vezes
4020034,Astrólogo {TaskIndex},Transcende a graça das constelações Cartão {RequiredStackCount} Vezes
4020035,Astrólogo {TaskIndex},Transcende a graça das constelações Cartão {RequiredStackCount} Vezes
4020036,Astrólogo {TaskIndex},Transcende a graça das constelações Cartão {RequiredStackCount} Vezes
4020037,Astrólogo {TaskIndex},Transcende a graça das constelações Cartão {RequiredStackCount} Vezes
4020038,Astrólogo {TaskIndex},Transcende a graça das constelações Cartão {RequiredStackCount} Vezes
4020039,Astrólogo {TaskIndex},Transcende a graça das constelações Cartão {RequiredStackCount} Vezes
4020040,Astrólogo {TaskIndex},Transcende a graça das constelações Cartão {RequiredStackCount} Vezes
4020041,Astrólogo {TaskIndex},Transcende a graça das constelações Cartão {RequiredStackCount} Vezes
4020042,Astrólogo {TaskIndex},Transcende a graça das constelações Cartão {RequiredStackCount} Vezes
4020043,Astrólogo {TaskIndex},Transcende a graça das constelações Cartão {RequiredStackCount} Vezes
4020044,Astrólogo {TaskIndex},Transcende a graça das constelações Cartão {RequiredStackCount} Vezes
4020045,Astrólogo {TaskIndex},Transcende a graça das constelações Cartão {RequiredStackCount} Vezes
4020046,Astrólogo {TaskIndex},Transcende a graça das constelações Cartão {RequiredStackCount} Vezes
4020047,Astrólogo {TaskIndex},Transcende a graça das constelações Cartão {RequiredStackCount} Vezes
4020048,Astrólogo {TaskIndex},Transcende a graça das constelações Cartão {RequiredStackCount} Vezes
4020049,Astrólogo {TaskIndex},Transcende a graça das constelações Cartão {RequiredStackCount} Vezes
4020050,Astrólogo {TaskIndex},Transcende a graça das constelações Cartão {RequiredStackCount} Vezes
4021001,Astrônomo {TaskIndex},Fusível Graça das constelações Cartão {RequiredStackCount} Vezes
4021002,Astrônomo {TaskIndex},Fusível Graça das constelações Cartão {RequiredStackCount} Vezes
4021003,Astrônomo {TaskIndex},Fusível Graça das constelações Cartão {RequiredStackCount} Vezes
4021004,Astrônomo {TaskIndex},Fusível Graça das constelações Cartão {RequiredStackCount} Vezes
4021005,Astrônomo {TaskIndex},Fusível Graça das constelações Cartão {RequiredStackCount} Vezes
4021006,Astrônomo {TaskIndex},Fusível Graça das constelações Cartão {RequiredStackCount} Vezes
4021007,Astrônomo {TaskIndex},Fusível Graça das constelações Cartão {RequiredStackCount} Vezes
4021008,Astrônomo {TaskIndex},Fusível Graça das constelações Cartão {RequiredStackCount} Vezes
4021009,Astrônomo {TaskIndex},Fusível Graça das constelações Cartão {RequiredStackCount} Vezes
4021010,Astrônomo {TaskIndex},Fusível Graça das constelações Cartão {RequiredStackCount} Vezes
4021011,Astrônomo {TaskIndex},Fusível Graça das constelações Cartão {RequiredStackCount} Vezes
4021012,Astrônomo {TaskIndex},Fusível Graça das constelações Cartão {RequiredStackCount} Vezes
4021013,Astrônomo {TaskIndex},Fusível Graça das constelações Cartão {RequiredStackCount} Vezes
4021014,Astrônomo {TaskIndex},Fusível Graça das constelações Cartão {RequiredStackCount} Vezes
4021015,Astrônomo {TaskIndex},Fusível Graça das constelações Cartão {RequiredStackCount} Vezes
4021016,Astrônomo {TaskIndex},Fusível Graça das constelações Cartão {RequiredStackCount} Vezes
4021017,Astrônomo {TaskIndex},Fusível Graça das constelações Cartão {RequiredStackCount} Vezes
4021018,Astrônomo {TaskIndex},Fusível Graça das constelações Cartão {RequiredStackCount} Vezes
4021019,Astrônomo {TaskIndex},Fusível Graça das constelações Cartão {RequiredStackCount} Vezes
4021020,Astrônomo {TaskIndex},Fusível Graça das constelações Cartão {RequiredStackCount} Vezes
4021021,Astrônomo {TaskIndex},Fusível Graça das constelações Cartão {RequiredStackCount} Vezes
4021022,Astrônomo {TaskIndex},Fusível Graça das constelações Cartão {RequiredStackCount} Vezes
4021023,Astrônomo {TaskIndex},Fusível Graça das constelações Cartão {RequiredStackCount} Vezes
4021024,Astrônomo {TaskIndex},Fusível Graça das constelações Cartão {RequiredStackCount} Vezes
4021025,Astrônomo {TaskIndex},Fusível Graça das constelações Cartão {RequiredStackCount} Vezes
4021026,Astrônomo {TaskIndex},Fusível Graça das constelações Cartão {RequiredStackCount} Vezes
4021027,Astrônomo {TaskIndex},Fusível Graça das constelações Cartão {RequiredStackCount} Vezes
4021028,Astrônomo {TaskIndex},Fusível Graça das constelações Cartão {RequiredStackCount} Vezes
4021029,Astrônomo {TaskIndex},Fusível Graça das constelações Cartão {RequiredStackCount} Vezes
4021030,Astrônomo {TaskIndex},Fusível Graça das constelações Cartão {RequiredStackCount} Vezes
4021031,Astrônomo {TaskIndex},Fusível Graça das constelações Cartão {RequiredStackCount} Vezes
4021032,Astrônomo {TaskIndex},Fusível Graça das constelações Cartão {RequiredStackCount} Vezes
4021033,Astrônomo {TaskIndex},Fusível Graça das constelações Cartão {RequiredStackCount} Vezes
4021034,Astrônomo {TaskIndex},Fusível Graça das constelações Cartão {RequiredStackCount} Vezes
4021035,Astrônomo {TaskIndex},Fusível Graça das constelações Cartão {RequiredStackCount} Vezes
4021036,Astrônomo {TaskIndex},Fusível Graça das constelações Cartão {RequiredStackCount} Vezes
4021037,Astrônomo {TaskIndex},Fusível Graça das constelações Cartão {RequiredStackCount} Vezes
4021038,Astrônomo {TaskIndex},Fusível Graça das constelações Cartão {RequiredStackCount} Vezes
4021039,Astrônomo {TaskIndex},Fusível Graça das constelações Cartão {RequiredStackCount} Vezes
4021040,Astrônomo {TaskIndex},Fusível Graça das constelações Cartão {RequiredStackCount} Vezes
4021041,Astrônomo {TaskIndex},Fusível Graça das constelações Cartão {RequiredStackCount} Vezes
4021042,Astrônomo {TaskIndex},Fusível Graça das constelações Cartão {RequiredStackCount} Vezes
4021043,Astrônomo {TaskIndex},Fusível Graça das constelações Cartão {RequiredStackCount} Vezes
4021044,Astrônomo {TaskIndex},Fusível Graça das constelações Cartão {RequiredStackCount} Vezes
4021045,Astrônomo {TaskIndex},Fusível Graça das constelações Cartão {RequiredStackCount} Vezes
4021046,Astrônomo {TaskIndex},Fusível Graça das constelações Cartão {RequiredStackCount} Vezes
4021047,Astrônomo {TaskIndex},Fusível Graça das constelações Cartão {RequiredStackCount} Vezes
4021048,Astrônomo {TaskIndex},Fusível Graça das constelações Cartão {RequiredStackCount} Vezes
4021049,Astrônomo {TaskIndex},Fusível Graça das constelações Cartão {RequiredStackCount} Vezes
4021050,Astrônomo {TaskIndex},Fusível Graça das constelações Cartão {RequiredStackCount} Vezes
4022001,Noções básicas de combate {TaskIndex},Subir de nível Skills {RequiredStackCount} Vezes
4022002,Noções básicas de combate {TaskIndex},Subir de nível Skills {RequiredStackCount} Vezes
4022003,Noções básicas de combate {TaskIndex},Subir de nível Skills {RequiredStackCount} Vezes
4022004,Noções básicas de combate {TaskIndex},Subir de nível Skills {RequiredStackCount} Vezes
4022005,Noções básicas de combate {TaskIndex},Subir de nível Skills {RequiredStackCount} Vezes
4022006,Noções básicas de combate {TaskIndex},Subir de nível Skills {RequiredStackCount} Vezes
4022007,Noções básicas de combate {TaskIndex},Subir de nível Skills {RequiredStackCount} Vezes
4022008,Noções básicas de combate {TaskIndex},Subir de nível Skills {RequiredStackCount} Vezes
4022009,Noções básicas de combate {TaskIndex},Subir de nível Skills {RequiredStackCount} Vezes
4022010,Noções básicas de combate {TaskIndex},Subir de nível Skills {RequiredStackCount} Vezes
4022011,Noções básicas de combate {TaskIndex},Subir de nível Skills {RequiredStackCount} Vezes
4022012,Noções básicas de combate {TaskIndex},Subir de nível Skills {RequiredStackCount} Vezes
4022013,Noções básicas de combate {TaskIndex},Subir de nível Skills {RequiredStackCount} Vezes
4022014,Noções básicas de combate {TaskIndex},Subir de nível Skills {RequiredStackCount} Vezes
4022015,Noções básicas de combate {TaskIndex},Subir de nível Skills {RequiredStackCount} Vezes
4022016,Noções básicas de combate {TaskIndex},Subir de nível Skills {RequiredStackCount} Vezes
4022017,Noções básicas de combate {TaskIndex},Subir de nível Skills {RequiredStackCount} Vezes
4022018,Noções básicas de combate {TaskIndex},Subir de nível Skills {RequiredStackCount} Vezes
4022019,Noções básicas de combate {TaskIndex},Subir de nível Skills {RequiredStackCount} Vezes
4022020,Noções básicas de combate {TaskIndex},Subir de nível Skills {RequiredStackCount} Vezes
4023001,Alma do Artesão {TaskIndex},Melhorar equipamento {RequiredStackCount} Vezes
4023002,Alma do Artesão {TaskIndex},Melhorar equipamento {RequiredStackCount} Vezes
4023003,Alma do Artesão {TaskIndex},Melhorar equipamento {RequiredStackCount} Vezes
4023004,Alma do Artesão {TaskIndex},Melhorar equipamento {RequiredStackCount} Vezes
4023005,Alma do Artesão {TaskIndex},Melhorar equipamento {RequiredStackCount} Vezes
4023006,Alma do Artesão {TaskIndex},Melhorar equipamento {RequiredStackCount} Vezes
4023007,Alma do Artesão {TaskIndex},Melhorar equipamento {RequiredStackCount} Vezes
4023008,Alma do Artesão {TaskIndex},Melhorar equipamento {RequiredStackCount} Vezes
4023009,Alma do Artesão {TaskIndex},Melhorar equipamento {RequiredStackCount} Vezes
4023010,Alma do Artesão {TaskIndex},Melhorar equipamento {RequiredStackCount} Vezes
4023011,Alma do Artesão {TaskIndex},Melhorar equipamento {RequiredStackCount} Vezes
4023012,Alma do Artesão {TaskIndex},Melhorar equipamento {RequiredStackCount} Vezes
4023013,Alma do Artesão {TaskIndex},Melhorar equipamento {RequiredStackCount} Vezes
4023014,Alma do Artesão {TaskIndex},Melhorar equipamento {RequiredStackCount} Vezes
4023015,Alma do Artesão {TaskIndex},Melhorar equipamento {RequiredStackCount} Vezes
4023016,Alma do Artesão {TaskIndex},Melhorar equipamento {RequiredStackCount} Vezes
4023017,Alma do Artesão {TaskIndex},Melhorar equipamento {RequiredStackCount} Vezes
4023018,Alma do Artesão {TaskIndex},Melhorar equipamento {RequiredStackCount} Vezes
4023019,Alma do Artesão {TaskIndex},Melhorar equipamento {RequiredStackCount} Vezes
4023020,Alma do Artesão {TaskIndex},Melhorar equipamento {RequiredStackCount} Vezes
4023021,Alma do Artesão {TaskIndex},Melhorar equipamento {RequiredStackCount} Vezes
4023022,Alma do Artesão {TaskIndex},Melhorar equipamento {RequiredStackCount} Vezes
4023023,Alma do Artesão {TaskIndex},Melhorar equipamento {RequiredStackCount} Vezes
4023024,Alma do Artesão {TaskIndex},Melhorar equipamento {RequiredStackCount} Vezes
4023025,Alma do Artesão {TaskIndex},Melhorar equipamento {RequiredStackCount} Vezes
4023026,Alma do Artesão {TaskIndex},Melhorar equipamento {RequiredStackCount} Vezes
4023027,Alma do Artesão {TaskIndex},Melhorar equipamento {RequiredStackCount} Vezes
4023028,Alma do Artesão {TaskIndex},Melhorar equipamento {RequiredStackCount} Vezes
4023029,Alma do Artesão {TaskIndex},Melhorar equipamento {RequiredStackCount} Vezes
4023030,Alma do Artesão {TaskIndex},Melhorar equipamento {RequiredStackCount} Vezes
4023031,Alma do Artesão {TaskIndex},Melhorar equipamento {RequiredStackCount} Vezes
4023032,Alma do Artesão {TaskIndex},Melhorar equipamento {RequiredStackCount} Vezes
4023033,Alma do Artesão {TaskIndex},Melhorar equipamento {RequiredStackCount} Vezes
4023034,Alma do Artesão {TaskIndex},Melhorar equipamento {RequiredStackCount} Vezes
4023035,Alma do Artesão {TaskIndex},Melhorar equipamento {RequiredStackCount} Vezes
4023036,Alma do Artesão {TaskIndex},Melhorar equipamento {RequiredStackCount} Vezes
4023037,Alma do Artesão {TaskIndex},Melhorar equipamento {RequiredStackCount} Vezes
4023038,Alma do Artesão {TaskIndex},Melhorar equipamento {RequiredStackCount} Vezes
4023039,Alma do Artesão {TaskIndex},Melhorar equipamento {RequiredStackCount} Vezes
4023040,Alma do Artesão {TaskIndex},Melhorar equipamento {RequiredStackCount} Vezes
4024001,Vontade bem forjada {TaskIndex},Melhorar as armas {RequiredStackCount} vezes
4024002,Vontade bem forjada {TaskIndex},Melhorar as armas {RequiredStackCount} vezes
4024003,Vontade bem forjada {TaskIndex},Melhorar as armas {RequiredStackCount} vezes
4024004,Vontade bem forjada {TaskIndex},Melhorar as armas {RequiredStackCount} vezes
4024005,Vontade bem forjada {TaskIndex},Melhorar as armas {RequiredStackCount} vezes
4024006,Vontade bem forjada {TaskIndex},Melhorar as armas {RequiredStackCount} vezes
4024007,Vontade bem forjada {TaskIndex},Melhorar as armas {RequiredStackCount} vezes
4024008,Vontade bem forjada {TaskIndex},Melhorar as armas {RequiredStackCount} vezes
4024009,Vontade bem forjada {TaskIndex},Melhorar as armas {RequiredStackCount} vezes
4024010,Vontade bem forjada {TaskIndex},Melhorar as armas {RequiredStackCount} vezes
4024011,Vontade bem forjada {TaskIndex},Melhorar as armas {RequiredStackCount} vezes
4024012,Vontade bem forjada {TaskIndex},Melhorar as armas {RequiredStackCount} vezes
4024013,Vontade bem forjada {TaskIndex},Melhorar as armas {RequiredStackCount} vezes
4024014,Vontade bem forjada {TaskIndex},Melhorar as armas {RequiredStackCount} vezes
4024015,Vontade bem forjada {TaskIndex},Melhorar as armas {RequiredStackCount} vezes
4024016,Vontade bem forjada {TaskIndex},Melhorar as armas {RequiredStackCount} vezes
4024017,Vontade bem forjada {TaskIndex},Melhorar as armas {RequiredStackCount} vezes
4024018,Vontade bem forjada {TaskIndex},Melhorar as armas {RequiredStackCount} vezes
4024019,Vontade bem forjada {TaskIndex},Melhorar as armas {RequiredStackCount} vezes
4024020,Vontade bem forjada {TaskIndex},Melhorar as armas {RequiredStackCount} vezes
4024021,Vontade bem forjada {TaskIndex},Melhorar as armas {RequiredStackCount} vezes
4024022,Vontade bem forjada {TaskIndex},Melhorar as armas {RequiredStackCount} vezes
4024023,Vontade bem forjada {TaskIndex},Melhorar as armas {RequiredStackCount} vezes
4024024,Vontade bem forjada {TaskIndex},Melhorar as armas {RequiredStackCount} vezes
4024025,Vontade bem forjada {TaskIndex},Melhorar as armas {RequiredStackCount} vezes
4024026,Vontade bem forjada {TaskIndex},Melhorar as armas {RequiredStackCount} vezes
4024027,Vontade bem forjada {TaskIndex},Melhorar as armas {RequiredStackCount} vezes
4024028,Vontade bem forjada {TaskIndex},Melhorar as armas {RequiredStackCount} vezes
4024029,Vontade bem forjada {TaskIndex},Melhorar as armas {RequiredStackCount} vezes
4024030,Vontade bem forjada {TaskIndex},Melhorar as armas {RequiredStackCount} vezes
4024031,Vontade bem forjada {TaskIndex},Melhorar as armas {RequiredStackCount} vezes
4024032,Vontade bem forjada {TaskIndex},Melhorar as armas {RequiredStackCount} vezes
4024033,Vontade bem forjada {TaskIndex},Melhorar as armas {RequiredStackCount} vezes
4024034,Vontade bem forjada {TaskIndex},Melhorar as armas {RequiredStackCount} vezes
4024035,Vontade bem forjada {TaskIndex},Melhorar as armas {RequiredStackCount} vezes
4024036,Vontade bem forjada {TaskIndex},Melhorar as armas {RequiredStackCount} vezes
4024037,Vontade bem forjada {TaskIndex},Melhorar as armas {RequiredStackCount} vezes
4024038,Vontade bem forjada {TaskIndex},Melhorar as armas {RequiredStackCount} vezes
4024039,Vontade bem forjada {TaskIndex},Melhorar as armas {RequiredStackCount} vezes
4024040,Vontade bem forjada {TaskIndex},Melhorar as armas {RequiredStackCount} vezes
4025001,Convicção Eterna {TaskIndex},Melhorar armadura {RequiredStackCount} Vezes
4025002,Convicção Eterna {TaskIndex},Melhorar armadura {RequiredStackCount} Vezes
4025003,Convicção Eterna {TaskIndex},Melhorar armadura {RequiredStackCount} Vezes
4025004,Convicção Eterna {TaskIndex},Melhorar armadura {RequiredStackCount} Vezes
4025005,Convicção Eterna {TaskIndex},Melhorar armadura {RequiredStackCount} Vezes
4025006,Convicção Eterna {TaskIndex},Melhorar armadura {RequiredStackCount} Vezes
4025007,Convicção Eterna {TaskIndex},Melhorar armadura {RequiredStackCount} Vezes
4025008,Convicção Eterna {TaskIndex},Melhorar armadura {RequiredStackCount} Vezes
4025009,Convicção Eterna {TaskIndex},Melhorar armadura {RequiredStackCount} Vezes
4025010,Convicção Eterna {TaskIndex},Melhorar armadura {RequiredStackCount} Vezes
4025011,Convicção Eterna {TaskIndex},Melhorar armadura {RequiredStackCount} Vezes
4025012,Convicção Eterna {TaskIndex},Melhorar armadura {RequiredStackCount} Vezes
4025013,Convicção Eterna {TaskIndex},Melhorar armadura {RequiredStackCount} Vezes
4025014,Convicção Eterna {TaskIndex},Melhorar armadura {RequiredStackCount} Vezes
4025015,Convicção Eterna {TaskIndex},Melhorar armadura {RequiredStackCount} Vezes
4025016,Convicção Eterna {TaskIndex},Melhorar armadura {RequiredStackCount} Vezes
4025017,Convicção Eterna {TaskIndex},Melhorar armadura {RequiredStackCount} Vezes
4025018,Convicção Eterna {TaskIndex},Melhorar armadura {RequiredStackCount} Vezes
4025019,Convicção Eterna {TaskIndex},Melhorar armadura {RequiredStackCount} Vezes
4025020,Convicção Eterna {TaskIndex},Melhorar armadura {RequiredStackCount} Vezes
4025021,Convicção Eterna {TaskIndex},Melhorar armadura {RequiredStackCount} Vezes
4025022,Convicção Eterna {TaskIndex},Melhorar armadura {RequiredStackCount} Vezes
4025023,Convicção Eterna {TaskIndex},Melhorar armadura {RequiredStackCount} Vezes
4025024,Convicção Eterna {TaskIndex},Melhorar armadura {RequiredStackCount} Vezes
4025025,Convicção Eterna {TaskIndex},Melhorar armadura {RequiredStackCount} Vezes
4025026,Convicção Eterna {TaskIndex},Melhorar armadura {RequiredStackCount} Vezes
4025027,Convicção Eterna {TaskIndex},Melhorar armadura {RequiredStackCount} Vezes
4025028,Convicção Eterna {TaskIndex},Melhorar armadura {RequiredStackCount} Vezes
4025029,Convicção Eterna {TaskIndex},Melhorar armadura {RequiredStackCount} Vezes
4025030,Convicção Eterna {TaskIndex},Melhorar armadura {RequiredStackCount} Vezes
4025031,Convicção Eterna {TaskIndex},Melhorar armadura {RequiredStackCount} Vezes
4025032,Convicção Eterna {TaskIndex},Melhorar armadura {RequiredStackCount} Vezes
4025033,Convicção Eterna {TaskIndex},Melhorar armadura {RequiredStackCount} Vezes
4025034,Convicção Eterna {TaskIndex},Melhorar armadura {RequiredStackCount} Vezes
4025035,Convicção Eterna {TaskIndex},Melhorar armadura {RequiredStackCount} Vezes
4025036,Convicção Eterna {TaskIndex},Melhorar armadura {RequiredStackCount} Vezes
4025037,Convicção Eterna {TaskIndex},Melhorar armadura {RequiredStackCount} Vezes
4025038,Convicção Eterna {TaskIndex},Melhorar armadura {RequiredStackCount} Vezes
4025039,Convicção Eterna {TaskIndex},Melhorar armadura {RequiredStackCount} Vezes
4025040,Convicção Eterna {TaskIndex},Melhorar armadura {RequiredStackCount} Vezes
4026001,Luz imperecível {TaskIndex},Melhorar acessórios {RequiredStackCount} Vezes
4026002,Luz imperecível {TaskIndex},Melhorar acessórios {RequiredStackCount} Vezes
4026003,Luz imperecível {TaskIndex},Melhorar acessórios {RequiredStackCount} Vezes
4026004,Luz imperecível {TaskIndex},Melhorar acessórios {RequiredStackCount} Vezes
4026005,Luz imperecível {TaskIndex},Melhorar acessórios {RequiredStackCount} Vezes
4026006,Luz imperecível {TaskIndex},Melhorar acessórios {RequiredStackCount} Vezes
4026007,Luz imperecível {TaskIndex},Melhorar acessórios {RequiredStackCount} Vezes
4026008,Luz imperecível {TaskIndex},Melhorar acessórios {RequiredStackCount} Vezes
4026009,Luz imperecível {TaskIndex},Melhorar acessórios {RequiredStackCount} Vezes
4026010,Luz imperecível {TaskIndex},Melhorar acessórios {RequiredStackCount} Vezes
4026011,Luz imperecível {TaskIndex},Melhorar acessórios {RequiredStackCount} Vezes
4026012,Luz imperecível {TaskIndex},Melhorar acessórios {RequiredStackCount} Vezes
4026013,Luz imperecível {TaskIndex},Melhorar acessórios {RequiredStackCount} Vezes
4026014,Luz imperecível {TaskIndex},Melhorar acessórios {RequiredStackCount} Vezes
4026015,Luz imperecível {TaskIndex},Melhorar acessórios {RequiredStackCount} Vezes
4026016,Luz imperecível {TaskIndex},Melhorar acessórios {RequiredStackCount} Vezes
4026017,Luz imperecível {TaskIndex},Melhorar acessórios {RequiredStackCount} Vezes
4026018,Luz imperecível {TaskIndex},Melhorar acessórios {RequiredStackCount} Vezes
4026019,Luz imperecível {TaskIndex},Melhorar acessórios {RequiredStackCount} Vezes
4026020,Luz imperecível {TaskIndex},Melhorar acessórios {RequiredStackCount} Vezes
4026021,Luz imperecível {TaskIndex},Melhorar acessórios {RequiredStackCount} Vezes
4026022,Luz imperecível {TaskIndex},Melhorar acessórios {RequiredStackCount} Vezes
4026023,Luz imperecível {TaskIndex},Melhorar acessórios {RequiredStackCount} Vezes
4026024,Luz imperecível {TaskIndex},Melhorar acessórios {RequiredStackCount} Vezes
4026025,Luz imperecível {TaskIndex},Melhorar acessórios {RequiredStackCount} Vezes
4026026,Luz imperecível {TaskIndex},Melhorar acessórios {RequiredStackCount} Vezes
4026027,Luz imperecível {TaskIndex},Melhorar acessórios {RequiredStackCount} Vezes
4026028,Luz imperecível {TaskIndex},Melhorar acessórios {RequiredStackCount} Vezes
4026029,Luz imperecível {TaskIndex},Melhorar acessórios {RequiredStackCount} Vezes
4026030,Luz imperecível {TaskIndex},Melhorar acessórios {RequiredStackCount} Vezes
4026031,Luz imperecível {TaskIndex},Melhorar acessórios {RequiredStackCount} Vezes
4026032,Luz imperecível {TaskIndex},Melhorar acessórios {RequiredStackCount} Vezes
4026033,Luz imperecível {TaskIndex},Melhorar acessórios {RequiredStackCount} Vezes
4026034,Luz imperecível {TaskIndex},Melhorar acessórios {RequiredStackCount} Vezes
4026035,Luz imperecível {TaskIndex},Melhorar acessórios {RequiredStackCount} Vezes
4026036,Luz imperecível {TaskIndex},Melhorar acessórios {RequiredStackCount} Vezes
4026037,Luz imperecível {TaskIndex},Melhorar acessórios {RequiredStackCount} Vezes
4026038,Luz imperecível {TaskIndex},Melhorar acessórios {RequiredStackCount} Vezes
4026039,Luz imperecível {TaskIndex},Melhorar acessórios {RequiredStackCount} Vezes
4026040,Luz imperecível {TaskIndex},Melhorar acessórios {RequiredStackCount} Vezes
4028001,Gudua da Destruição {TaskIndex},Restaurar memórias de fator de destruição {RequiredStackCount} Vezes
4028002,Gudua da Destruição {TaskIndex},Restaurar memórias de fator de destruição {RequiredStackCount} Vezes
4028003,Gudua da Destruição {TaskIndex},Restaurar memórias de fator de destruição {RequiredStackCount} Vezes
4028004,Gudua da Destruição {TaskIndex},Restaurar memórias de fator de destruição {RequiredStackCount} Vezes
4028005,Gudua da Destruição {TaskIndex},Restaurar memórias de fator de destruição {RequiredStackCount} Vezes
4028006,Gudua da Destruição {TaskIndex},Restaurar memórias de fator de destruição {RequiredStackCount} Vezes
4028007,Gudua da Destruição {TaskIndex},Restaurar memórias de fator de destruição {RequiredStackCount} Vezes
4028008,Gudua da Destruição {TaskIndex},Restaurar memórias de fator de destruição {RequiredStackCount} Vezes
4028009,Gudua da Destruição {TaskIndex},Restaurar memórias de fator de destruição {RequiredStackCount} Vezes
4028010,Gudua da Destruição {TaskIndex},Restaurar memórias de fator de destruição {RequiredStackCount} Vezes
4028011,Gudua da Destruição {TaskIndex},Restaurar memórias de fator de destruição {RequiredStackCount} Vezes
4028012,Gudua da Destruição {TaskIndex},Restaurar memórias de fator de destruição {RequiredStackCount} Vezes
4028013,Gudua da Destruição {TaskIndex},Restaurar memórias de fator de destruição {RequiredStackCount} Vezes
4028014,Gudua da Destruição {TaskIndex},Restaurar memórias de fator de destruição {RequiredStackCount} Vezes
4028015,Gudua da Destruição {TaskIndex},Restaurar memórias de fator de destruição {RequiredStackCount} Vezes
4028016,Gudua da Destruição {TaskIndex},Restaurar memórias de fator de destruição {RequiredStackCount} Vezes
4028017,Gudua da Destruição {TaskIndex},Restaurar memórias de fator de destruição {RequiredStackCount} Vezes
4028018,Gudua da Destruição {TaskIndex},Restaurar memórias de fator de destruição {RequiredStackCount} Vezes
4028019,Gudua da Destruição {TaskIndex},Restaurar memórias de fator de destruição {RequiredStackCount} Vezes
4028020,Gudua da Destruição {TaskIndex},Restaurar memórias de fator de destruição {RequiredStackCount} Vezes
4029001,Gudua de Proteção {TaskIndex},Restaurar proteção Fatorar Memórias {RequiredStackCount} Vezes
4029002,Gudua de Proteção {TaskIndex},Restaurar proteção Fatorar Memórias {RequiredStackCount} Vezes
4029003,Gudua de Proteção {TaskIndex},Restaurar proteção Fatorar Memórias {RequiredStackCount} Vezes
4029004,Gudua de Proteção {TaskIndex},Restaurar proteção Fatorar Memórias {RequiredStackCount} Vezes
4029005,Gudua de Proteção {TaskIndex},Restaurar proteção Fatorar Memórias {RequiredStackCount} Vezes
4029006,Gudua de Proteção {TaskIndex},Restaurar proteção Fatorar Memórias {RequiredStackCount} Vezes
4029007,Gudua de Proteção {TaskIndex},Restaurar proteção Fatorar Memórias {RequiredStackCount} Vezes
4029008,Gudua de Proteção {TaskIndex},Restaurar proteção Fatorar Memórias {RequiredStackCount} Vezes
4029009,Gudua de Proteção {TaskIndex},Restaurar proteção Fatorar Memórias {RequiredStackCount} Vezes
4029010,Gudua de Proteção {TaskIndex},Restaurar proteção Fatorar Memórias {RequiredStackCount} Vezes
4029011,Gudua de Proteção {TaskIndex},Restaurar proteção Fatorar Memórias {RequiredStackCount} Vezes
4029012,Gudua de Proteção {TaskIndex},Restaurar proteção Fatorar Memórias {RequiredStackCount} Vezes
4029013,Gudua de Proteção {TaskIndex},Restaurar proteção Fatorar Memórias {RequiredStackCount} Vezes
4029014,Gudua de Proteção {TaskIndex},Restaurar proteção Fatorar Memórias {RequiredStackCount} Vezes
4029015,Gudua de Proteção {TaskIndex},Restaurar proteção Fatorar Memórias {RequiredStackCount} Vezes
4029016,Gudua de Proteção {TaskIndex},Restaurar proteção Fatorar Memórias {RequiredStackCount} Vezes
4029017,Gudua de Proteção {TaskIndex},Restaurar proteção Fatorar Memórias {RequiredStackCount} Vezes
4029018,Gudua de Proteção {TaskIndex},Restaurar proteção Fatorar Memórias {RequiredStackCount} Vezes
4029019,Gudua de Proteção {TaskIndex},Restaurar proteção Fatorar Memórias {RequiredStackCount} Vezes
4029020,Gudua de Proteção {TaskIndex},Restaurar proteção Fatorar Memórias {RequiredStackCount} Vezes
4030001,Gudua do Destino {TaskIndex},Restaurar memórias de fator de destino {RequiredStackCount} Vezes
4030002,Gudua do Destino {TaskIndex},Restaurar memórias de fator de destino {RequiredStackCount} Vezes
4030003,Gudua do Destino {TaskIndex},Restaurar memórias de fator de destino {RequiredStackCount} Vezes
4030004,Gudua do Destino {TaskIndex},Restaurar memórias de fator de destino {RequiredStackCount} Vezes
4030005,Gudua do Destino {TaskIndex},Restaurar memórias de fator de destino {RequiredStackCount} Vezes
4030006,Gudua do Destino {TaskIndex},Restaurar memórias de fator de destino {RequiredStackCount} Vezes
4030007,Gudua do Destino {TaskIndex},Restaurar memórias de fator de destino {RequiredStackCount} Vezes
4030008,Gudua do Destino {TaskIndex},Restaurar memórias de fator de destino {RequiredStackCount} Vezes
4030009,Gudua do Destino {TaskIndex},Restaurar memórias de fator de destino {RequiredStackCount} Vezes
4030010,Gudua do Destino {TaskIndex},Restaurar memórias de fator de destino {RequiredStackCount} Vezes
4030011,Gudua do Destino {TaskIndex},Restaurar memórias de fator de destino {RequiredStackCount} Vezes
4030012,Gudua do Destino {TaskIndex},Restaurar memórias de fator de destino {RequiredStackCount} Vezes
4030013,Gudua do Destino {TaskIndex},Restaurar memórias de fator de destino {RequiredStackCount} Vezes
4030014,Gudua do Destino {TaskIndex},Restaurar memórias de fator de destino {RequiredStackCount} Vezes
4030015,Gudua do Destino {TaskIndex},Restaurar memórias de fator de destino {RequiredStackCount} Vezes
4030016,Gudua do Destino {TaskIndex},Restaurar memórias de fator de destino {RequiredStackCount} Vezes
4030017,Gudua do Destino {TaskIndex},Restaurar memórias de fator de destino {RequiredStackCount} Vezes
4030018,Gudua do Destino {TaskIndex},Restaurar memórias de fator de destino {RequiredStackCount} Vezes
4030019,Gudua do Destino {TaskIndex},Restaurar memórias de fator de destino {RequiredStackCount} Vezes
4030020,Gudua do Destino {TaskIndex},Restaurar memórias de fator de destino {RequiredStackCount} Vezes
4031001,Gudua do Mistério {TaskIndex},Restaurar memórias do fator misterioso {RequiredStackCount} Vezes
4031002,Gudua do Mistério {TaskIndex},Restaurar memórias do fator misterioso {RequiredStackCount} Vezes
4031003,Gudua do Mistério {TaskIndex},Restaurar memórias do fator misterioso {RequiredStackCount} Vezes
4031004,Gudua do Mistério {TaskIndex},Restaurar memórias do fator misterioso {RequiredStackCount} Vezes
4031005,Gudua do Mistério {TaskIndex},Restaurar memórias do fator misterioso {RequiredStackCount} Vezes
4031006,Gudua do Mistério {TaskIndex},Restaurar memórias do fator misterioso {RequiredStackCount} Vezes
4031007,Gudua do Mistério {TaskIndex},Restaurar memórias do fator misterioso {RequiredStackCount} Vezes
4031008,Gudua do Mistério {TaskIndex},Restaurar memórias do fator misterioso {RequiredStackCount} Vezes
4031009,Gudua do Mistério {TaskIndex},Restaurar memórias do fator misterioso {RequiredStackCount} Vezes
4031010,Gudua do Mistério {TaskIndex},Restaurar memórias do fator misterioso {RequiredStackCount} Vezes
4031011,Gudua do Mistério {TaskIndex},Restaurar memórias do fator misterioso {RequiredStackCount} Vezes
4031012,Gudua do Mistério {TaskIndex},Restaurar memórias do fator misterioso {RequiredStackCount} Vezes
4031013,Gudua do Mistério {TaskIndex},Restaurar memórias do fator misterioso {RequiredStackCount} Vezes
4031014,Gudua do Mistério {TaskIndex},Restaurar memórias do fator misterioso {RequiredStackCount} Vezes
4031015,Gudua do Mistério {TaskIndex},Restaurar memórias do fator misterioso {RequiredStackCount} Vezes
4031016,Gudua do Mistério {TaskIndex},Restaurar memórias do fator misterioso {RequiredStackCount} Vezes
4031017,Gudua do Mistério {TaskIndex},Restaurar memórias do fator misterioso {RequiredStackCount} Vezes
4031018,Gudua do Mistério {TaskIndex},Restaurar memórias do fator misterioso {RequiredStackCount} Vezes
4031019,Gudua do Mistério {TaskIndex},Restaurar memórias do fator misterioso {RequiredStackCount} Vezes
4031020,Gudua do Mistério {TaskIndex},Restaurar memórias do fator misterioso {RequiredStackCount} Vezes
4032001,Gudua de Resistência {TaskIndex},Restaurar Memórias do Fator de Resistência {RequiredStackCount} Vezes
4032002,Gudua de Resistência {TaskIndex},Restaurar Memórias do Fator de Resistência {RequiredStackCount} Vezes
4032003,Gudua de Resistência {TaskIndex},Restaurar Memórias do Fator de Resistência {RequiredStackCount} Vezes
4032004,Gudua de Resistência {TaskIndex},Restaurar Memórias do Fator de Resistência {RequiredStackCount} Vezes
4032005,Gudua de Resistência {TaskIndex},Restaurar Memórias do Fator de Resistência {RequiredStackCount} Vezes
4032006,Gudua de Resistência {TaskIndex},Restaurar Memórias do Fator de Resistência {RequiredStackCount} Vezes
4032007,Gudua de Resistência {TaskIndex},Restaurar Memórias do Fator de Resistência {RequiredStackCount} Vezes
4032008,Gudua de Resistência {TaskIndex},Restaurar Memórias do Fator de Resistência {RequiredStackCount} Vezes
4032009,Gudua de Resistência {TaskIndex},Restaurar Memórias do Fator de Resistência {RequiredStackCount} Vezes
4032010,Gudua de Resistência {TaskIndex},Restaurar Memórias do Fator de Resistência {RequiredStackCount} Vezes
4032011,Gudua de Resistência {TaskIndex},Restaurar Memórias do Fator de Resistência {RequiredStackCount} Vezes
4032012,Gudua de Resistência {TaskIndex},Restaurar Memórias do Fator de Resistência {RequiredStackCount} Vezes
4032013,Gudua de Resistência {TaskIndex},Restaurar Memórias do Fator de Resistência {RequiredStackCount} Vezes
4032014,Gudua de Resistência {TaskIndex},Restaurar Memórias do Fator de Resistência {RequiredStackCount} Vezes
4032015,Gudua de Resistência {TaskIndex},Restaurar Memórias do Fator de Resistência {RequiredStackCount} Vezes
4032016,Gudua de Resistência {TaskIndex},Restaurar Memórias do Fator de Resistência {RequiredStackCount} Vezes
4032017,Gudua de Resistência {TaskIndex},Restaurar Memórias do Fator de Resistência {RequiredStackCount} Vezes
4032018,Gudua de Resistência {TaskIndex},Restaurar Memórias do Fator de Resistência {RequiredStackCount} Vezes
4032019,Gudua de Resistência {TaskIndex},Restaurar Memórias do Fator de Resistência {RequiredStackCount} Vezes
4032020,Gudua de Resistência {TaskIndex},Restaurar Memórias do Fator de Resistência {RequiredStackCount} Vezes
4033001,Gudua do Instinto {TaskIndex},Restaurar memórias do fator de instinto {RequiredStackCount} Vezes
4033002,Gudua do Instinto {TaskIndex},Restaurar memórias do fator de instinto {RequiredStackCount} Vezes
4033003,Gudua do Instinto {TaskIndex},Restaurar memórias do fator de instinto {RequiredStackCount} Vezes
4033004,Gudua do Instinto {TaskIndex},Restaurar memórias do fator de instinto {RequiredStackCount} Vezes
4033005,Gudua do Instinto {TaskIndex},Restaurar memórias do fator de instinto {RequiredStackCount} Vezes
4033006,Gudua do Instinto {TaskIndex},Restaurar memórias do fator de instinto {RequiredStackCount} Vezes
4033007,Gudua do Instinto {TaskIndex},Restaurar memórias do fator de instinto {RequiredStackCount} Vezes
4033008,Gudua do Instinto {TaskIndex},Restaurar memórias do fator de instinto {RequiredStackCount} Vezes
4033009,Gudua do Instinto {TaskIndex},Restaurar memórias do fator de instinto {RequiredStackCount} Vezes
4033010,Gudua do Instinto {TaskIndex},Restaurar memórias do fator de instinto {RequiredStackCount} Vezes
4033011,Gudua do Instinto {TaskIndex},Restaurar memórias do fator de instinto {RequiredStackCount} Vezes
4033012,Gudua do Instinto {TaskIndex},Restaurar memórias do fator de instinto {RequiredStackCount} Vezes
4033013,Gudua do Instinto {TaskIndex},Restaurar memórias do fator de instinto {RequiredStackCount} Vezes
4033014,Gudua do Instinto {TaskIndex},Restaurar memórias do fator de instinto {RequiredStackCount} Vezes
4033015,Gudua do Instinto {TaskIndex},Restaurar memórias do fator de instinto {RequiredStackCount} Vezes
4033016,Gudua do Instinto {TaskIndex},Restaurar memórias do fator de instinto {RequiredStackCount} Vezes
4033017,Gudua do Instinto {TaskIndex},Restaurar memórias do fator de instinto {RequiredStackCount} Vezes
4033018,Gudua do Instinto {TaskIndex},Restaurar memórias do fator de instinto {RequiredStackCount} Vezes
4033019,Gudua do Instinto {TaskIndex},Restaurar memórias do fator de instinto {RequiredStackCount} Vezes
4033020,Gudua do Instinto {TaskIndex},Restaurar memórias do fator de instinto {RequiredStackCount} Vezes
4034001,Refine Powerstone {TaskIndex},Refinar Powerstone {RequiredStackCount} Vezes
4034002,Refine Powerstone {TaskIndex},Refinar Powerstone {RequiredStackCount} Vezes
4034003,Refine Powerstone {TaskIndex},Refinar Powerstone {RequiredStackCount} Vezes
4034004,Refine Powerstone {TaskIndex},Refinar Powerstone {RequiredStackCount} Vezes
4034005,Refine Powerstone {TaskIndex},Refinar Powerstone {RequiredStackCount} Vezes
4034006,Refine Powerstone {TaskIndex},Refinar Powerstone {RequiredStackCount} Vezes
4034007,Refine Powerstone {TaskIndex},Refinar Powerstone {RequiredStackCount} Vezes
4034008,Refine Powerstone {TaskIndex},Refinar Powerstone {RequiredStackCount} Vezes
4034009,Refine Powerstone {TaskIndex},Refinar Powerstone {RequiredStackCount} Vezes
4034010,Refine Powerstone {TaskIndex},Refinar Powerstone {RequiredStackCount} Vezes
4034011,Refine Powerstone {TaskIndex},Refinar Powerstone {RequiredStackCount} Vezes
4034012,Refine Powerstone {TaskIndex},Refinar Powerstone {RequiredStackCount} Vezes
4034013,Refine Powerstone {TaskIndex},Refinar Powerstone {RequiredStackCount} Vezes
4034014,Refine Powerstone {TaskIndex},Refinar Powerstone {RequiredStackCount} Vezes
4034015,Refine Powerstone {TaskIndex},Refinar Powerstone {RequiredStackCount} Vezes
4034016,Refine Powerstone {TaskIndex},Refinar Powerstone {RequiredStackCount} Vezes
4034017,Refine Powerstone {TaskIndex},Refinar Powerstone {RequiredStackCount} Vezes
4034018,Refine Powerstone {TaskIndex},Refinar Powerstone {RequiredStackCount} Vezes
4034019,Refine Powerstone {TaskIndex},Refinar Powerstone {RequiredStackCount} Vezes
4034020,Refine Powerstone {TaskIndex},Refinar Powerstone {RequiredStackCount} Vezes
4040001,Palavras não são necessárias {TaskIndex},Ativar {RequiredStackCount} Movimentos Sociais
4040002,Palavras não são necessárias {TaskIndex},Ativar {RequiredStackCount} Movimentos Sociais
4040003,Palavras não são necessárias {TaskIndex},Ativar {RequiredStackCount} Movimentos Sociais
4040004,Palavras não são necessárias {TaskIndex},Ativar {RequiredStackCount} Movimentos Sociais
4040005,Palavras não são necessárias {TaskIndex},Ativar {RequiredStackCount} Movimentos Sociais
4040006,Palavras não são necessárias {TaskIndex},Ativar {RequiredStackCount} Movimentos Sociais
4040007,Palavras não são necessárias {TaskIndex},Ativar {RequiredStackCount} Movimentos Sociais
4040008,Palavras não são necessárias {TaskIndex},Ativar {RequiredStackCount} Movimentos Sociais
4040009,Palavras não são necessárias {TaskIndex},Ativar {RequiredStackCount} Movimentos Sociais
4040010,Palavras não são necessárias {TaskIndex},Ativar {RequiredStackCount} Movimentos Sociais
4040011,Palavras não são necessárias {TaskIndex},Ativar {RequiredStackCount} Movimentos Sociais
4040012,Palavras não são necessárias {TaskIndex},Ativar {RequiredStackCount} Movimentos Sociais
4040013,Palavras não são necessárias {TaskIndex},Ativar {RequiredStackCount} Movimentos Sociais
4040014,Palavras não são necessárias {TaskIndex},Ativar {RequiredStackCount} Movimentos Sociais
4040015,Palavras não são necessárias {TaskIndex},Ativar {RequiredStackCount} Movimentos Sociais
4040016,Palavras não são necessárias {TaskIndex},Ativar {RequiredStackCount} Movimentos Sociais
4040017,Palavras não são necessárias {TaskIndex},Ativar {RequiredStackCount} Movimentos Sociais
4040018,Palavras não são necessárias {TaskIndex},Ativar {RequiredStackCount} Movimentos Sociais
4040019,Palavras não são necessárias {TaskIndex},Ativar {RequiredStackCount} Movimentos Sociais
4040020,Palavras não são necessárias {TaskIndex},Ativar {RequiredStackCount} Movimentos Sociais
4041001,"Ei, você também? Sim, eu também! {TaskIndex}",Ativar Poses Sociais {RequiredStackCount}
4041002,"Ei, você também? Sim, eu também! {TaskIndex}",Ativar Poses Sociais {RequiredStackCount}
4041003,"Ei, você também? Sim, eu também! {TaskIndex}",Ativar Poses Sociais {RequiredStackCount}
4041004,"Ei, você também? Sim, eu também! {TaskIndex}",Ativar Poses Sociais {RequiredStackCount}
4041005,"Ei, você também? Sim, eu também! {TaskIndex}",Ativar Poses Sociais {RequiredStackCount}
4041006,"Ei, você também? Sim, eu também! {TaskIndex}",Ativar Poses Sociais {RequiredStackCount}
4041007,"Ei, você também? Sim, eu também! {TaskIndex}",Ativar Poses Sociais {RequiredStackCount}
4041008,"Ei, você também? Sim, eu também! {TaskIndex}",Ativar Poses Sociais {RequiredStackCount}
4041009,"Ei, você também? Sim, eu também! {TaskIndex}",Ativar Poses Sociais {RequiredStackCount}
4041010,"Ei, você também? Sim, eu também! {TaskIndex}",Ativar Poses Sociais {RequiredStackCount}
4041011,"Ei, você também? Sim, eu também! {TaskIndex}",Ativar Poses Sociais {RequiredStackCount}
4041012,"Ei, você também? Sim, eu também! {TaskIndex}",Ativar Poses Sociais {RequiredStackCount}
4041013,"Ei, você também? Sim, eu também! {TaskIndex}",Ativar Poses Sociais {RequiredStackCount}
4041014,"Ei, você também? Sim, eu também! {TaskIndex}",Ativar Poses Sociais {RequiredStackCount}
4041015,"Ei, você também? Sim, eu também! {TaskIndex}",Ativar Poses Sociais {RequiredStackCount}
4041016,"Ei, você também? Sim, eu também! {TaskIndex}",Ativar Poses Sociais {RequiredStackCount}
4041017,"Ei, você também? Sim, eu também! {TaskIndex}",Ativar Poses Sociais {RequiredStackCount}
4041018,"Ei, você também? Sim, eu também! {TaskIndex}",Ativar Poses Sociais {RequiredStackCount}
4041019,"Ei, você também? Sim, eu também! {TaskIndex}",Ativar Poses Sociais {RequiredStackCount}
4041020,"Ei, você também? Sim, eu também! {TaskIndex}",Ativar Poses Sociais {RequiredStackCount}
4042001,Tempo de desbloqueio {TaskIndex},Desbloquear Célula de Despertar {RequiredStackCount} Vezes
4042002,Tempo de desbloqueio {TaskIndex},Desbloquear Célula de Despertar {RequiredStackCount} Vezes
4042003,Tempo de desbloqueio {TaskIndex},Desbloquear Célula de Despertar {RequiredStackCount} Vezes
4042004,Tempo de desbloqueio {TaskIndex},Desbloquear Célula de Despertar {RequiredStackCount} Vezes
4042005,Tempo de desbloqueio {TaskIndex},Desbloquear Célula de Despertar {RequiredStackCount} Vezes
4042006,Tempo de desbloqueio {TaskIndex},Desbloquear Célula de Despertar {RequiredStackCount} Vezes
4042007,Tempo de desbloqueio {TaskIndex},Desbloquear Célula de Despertar {RequiredStackCount} Vezes
4042008,Tempo de desbloqueio {TaskIndex},Desbloquear Célula de Despertar {RequiredStackCount} Vezes
4042009,Tempo de desbloqueio {TaskIndex},Desbloquear Célula de Despertar {RequiredStackCount} Vezes
4042010,Tempo de desbloqueio {TaskIndex},Desbloquear Célula de Despertar {RequiredStackCount} Vezes
4042011,Tempo de desbloqueio {TaskIndex},Desbloquear Célula de Despertar {RequiredStackCount} Vezes
4042012,Tempo de desbloqueio {TaskIndex},Desbloquear Célula de Despertar {RequiredStackCount} Vezes
4042013,Tempo de desbloqueio {TaskIndex},Desbloquear Célula de Despertar {RequiredStackCount} Vezes
4042014,Tempo de desbloqueio {TaskIndex},Desbloquear Célula de Despertar {RequiredStackCount} Vezes
4042015,Tempo de desbloqueio {TaskIndex},Desbloquear Célula de Despertar {RequiredStackCount} Vezes
4042016,Tempo de desbloqueio {TaskIndex},Desbloquear Célula de Despertar {RequiredStackCount} Vezes
4042017,Tempo de desbloqueio {TaskIndex},Desbloquear Célula de Despertar {RequiredStackCount} Vezes
4042018,Tempo de desbloqueio {TaskIndex},Desbloquear Célula de Despertar {RequiredStackCount} Vezes
4042019,Tempo de desbloqueio {TaskIndex},Desbloquear Célula de Despertar {RequiredStackCount} Vezes
4042020,Tempo de desbloqueio {TaskIndex},Desbloquear Célula de Despertar {RequiredStackCount} Vezes
4043001,Tempo de despertar {TaskIndex},Ativar célula de despertar {RequiredStackCount} Vezes
4043002,Tempo de despertar {TaskIndex},Ativar célula de despertar {RequiredStackCount} Vezes
4043003,Tempo de despertar {TaskIndex},Ativar célula de despertar {RequiredStackCount} Vezes
4043004,Tempo de despertar {TaskIndex},Ativar célula de despertar {RequiredStackCount} Vezes
4043005,Tempo de despertar {TaskIndex},Ativar célula de despertar {RequiredStackCount} Vezes
4043006,Tempo de despertar {TaskIndex},Ativar célula de despertar {RequiredStackCount} Vezes
4043007,Tempo de despertar {TaskIndex},Ativar célula de despertar {RequiredStackCount} Vezes
4043008,Tempo de despertar {TaskIndex},Ativar célula de despertar {RequiredStackCount} Vezes
4043009,Tempo de despertar {TaskIndex},Ativar célula de despertar {RequiredStackCount} Vezes
4043010,Tempo de despertar {TaskIndex},Ativar célula de despertar {RequiredStackCount} Vezes
4043011,Tempo de despertar {TaskIndex},Ativar célula de despertar {RequiredStackCount} Vezes
4043012,Tempo de despertar {TaskIndex},Ativar célula de despertar {RequiredStackCount} Vezes
4043013,Tempo de despertar {TaskIndex},Ativar célula de despertar {RequiredStackCount} Vezes
4043014,Tempo de despertar {TaskIndex},Ativar célula de despertar {RequiredStackCount} Vezes
4043015,Tempo de despertar {TaskIndex},Ativar célula de despertar {RequiredStackCount} Vezes
4043016,Tempo de despertar {TaskIndex},Ativar célula de despertar {RequiredStackCount} Vezes
4043017,Tempo de despertar {TaskIndex},Ativar célula de despertar {RequiredStackCount} Vezes
4043018,Tempo de despertar {TaskIndex},Ativar célula de despertar {RequiredStackCount} Vezes
4043019,Tempo de despertar {TaskIndex},Ativar célula de despertar {RequiredStackCount} Vezes
4043020,Tempo de despertar {TaskIndex},Ativar célula de despertar {RequiredStackCount} Vezes
4044001,Nosso diário de sobrevivência {TaskIndex},Tentativa de treinamento do chaveiro {RequiredStackCount} vezes
4044002,Nosso diário de sobrevivência {TaskIndex},Tentativa de treinamento do chaveiro {RequiredStackCount} vezes
4044003,Nosso diário de sobrevivência {TaskIndex},Tentativa de treinamento do chaveiro {RequiredStackCount} vezes
4044004,Nosso diário de sobrevivência {TaskIndex},Tentativa de treinamento do chaveiro {RequiredStackCount} vezes
4044005,Nosso diário de sobrevivência {TaskIndex},Tentativa de treinamento do chaveiro {RequiredStackCount} vezes
4044006,Nosso diário de sobrevivência {TaskIndex},Tentativa de treinamento do chaveiro {RequiredStackCount} vezes
4044007,Nosso diário de sobrevivência {TaskIndex},Tentativa de treinamento do chaveiro {RequiredStackCount} vezes
4044008,Nosso diário de sobrevivência {TaskIndex},Tentativa de treinamento do chaveiro {RequiredStackCount} vezes
4044009,Nosso diário de sobrevivência {TaskIndex},Tentativa de treinamento do chaveiro {RequiredStackCount} vezes
4044010,Nosso diário de sobrevivência {TaskIndex},Tentativa de treinamento do chaveiro {RequiredStackCount} vezes
4044011,Nosso diário de sobrevivência {TaskIndex},Tentativa de treinamento do chaveiro {RequiredStackCount} vezes
4044012,Nosso diário de sobrevivência {TaskIndex},Tentativa de treinamento do chaveiro {RequiredStackCount} vezes
4044013,Nosso diário de sobrevivência {TaskIndex},Tentativa de treinamento do chaveiro {RequiredStackCount} vezes
4044014,Nosso diário de sobrevivência {TaskIndex},Tentativa de treinamento do chaveiro {RequiredStackCount} vezes
4044015,Nosso diário de sobrevivência {TaskIndex},Tentativa de treinamento do chaveiro {RequiredStackCount} vezes
4044016,Nosso diário de sobrevivência {TaskIndex},Tentativa de treinamento do chaveiro {RequiredStackCount} vezes
4044017,Nosso diário de sobrevivência {TaskIndex},Tentativa de treinamento do chaveiro {RequiredStackCount} vezes
4044018,Nosso diário de sobrevivência {TaskIndex},Tentativa de treinamento do chaveiro {RequiredStackCount} vezes
4044019,Nosso diário de sobrevivência {TaskIndex},Tentativa de treinamento do chaveiro {RequiredStackCount} vezes
4044020,Nosso diário de sobrevivência {TaskIndex},Tentativa de treinamento do chaveiro {RequiredStackCount} vezes
4045001,Sobrecarga de fofura {TaskIndex},Tentativa de ascensão do chaveiro {RequiredStackCount} vezes
4045002,Sobrecarga de fofura {TaskIndex},Tentativa de ascensão do chaveiro {RequiredStackCount} vezes
4045003,Sobrecarga de fofura {TaskIndex},Tentativa de ascensão do chaveiro {RequiredStackCount} vezes
4045004,Sobrecarga de fofura {TaskIndex},Tentativa de ascensão do chaveiro {RequiredStackCount} vezes
4045005,Sobrecarga de fofura {TaskIndex},Tentativa de ascensão do chaveiro {RequiredStackCount} vezes
4045006,Sobrecarga de fofura {TaskIndex},Tentativa de ascensão do chaveiro {RequiredStackCount} vezes
4045007,Sobrecarga de fofura {TaskIndex},Tentativa de ascensão do chaveiro {RequiredStackCount} vezes
4045008,Sobrecarga de fofura {TaskIndex},Tentativa de ascensão do chaveiro {RequiredStackCount} vezes
4045009,Sobrecarga de fofura {TaskIndex},Tentativa de ascensão do chaveiro {RequiredStackCount} vezes
4045010,Sobrecarga de fofura {TaskIndex},Tentativa de ascensão do chaveiro {RequiredStackCount} vezes
4045011,Sobrecarga de fofura {TaskIndex},Tentativa de ascensão do chaveiro {RequiredStackCount} vezes
4045012,Sobrecarga de fofura {TaskIndex},Tentativa de ascensão do chaveiro {RequiredStackCount} vezes
4045013,Sobrecarga de fofura {TaskIndex},Tentativa de ascensão do chaveiro {RequiredStackCount} vezes
4045014,Sobrecarga de fofura {TaskIndex},Tentativa de ascensão do chaveiro {RequiredStackCount} vezes
4045015,Sobrecarga de fofura {TaskIndex},Tentativa de ascensão do chaveiro {RequiredStackCount} vezes
4045016,Sobrecarga de fofura {TaskIndex},Tentativa de ascensão do chaveiro {RequiredStackCount} vezes
4045017,Sobrecarga de fofura {TaskIndex},Tentativa de ascensão do chaveiro {RequiredStackCount} vezes
4045018,Sobrecarga de fofura {TaskIndex},Tentativa de ascensão do chaveiro {RequiredStackCount} vezes
4045019,Sobrecarga de fofura {TaskIndex},Tentativa de ascensão do chaveiro {RequiredStackCount} vezes
4045020,Sobrecarga de fofura {TaskIndex},Tentativa de ascensão do chaveiro {RequiredStackCount} vezes
4049001,A Will Realized,Adquira uma Relíquia de Subjugação de nível {ConditionStr2} pela primeira vez
4052001,Abrace seu destino,Adquira uma Relíquia de Subjugação de nível {ConditionStr2} pela primeira vez
4055001,Grande Jornada,Adquira uma Relíquia de Subjugação de nível {ConditionStr2} pela primeira vez
4058001,Oportunidade perdida,Falha ao avançar de nível {IntParam} Relíquia de subjugação pela primeira vez
4059001,Ritual com falha,Falha ao avançar de nível {IntParam} Relíquia de subjugação pela primeira vez
4060001,Preço do desafio,Falha ao avançar de nível {IntParam} Relíquia de subjugação pela primeira vez
4061001,Olhar inacessível,Falha ao avançar de nível {IntParam} Relíquia de subjugação pela primeira vez
4062001,Punição implacável,Falha ao avançar de nível {IntParam} Relíquia de subjugação pela primeira vez
4063001,Justiça à deriva,Falha ao avançar de nível {IntParam} Relíquia de subjugação pela primeira vez
4064001,Duas mãos de resistência,Falha ao avançar de nível {IntParam} Relíquia de subjugação pela primeira vez
4065001,Ininterrupto,Falha ao avançar de nível {IntParam} Relíquia de subjugação pela primeira vez
4066001,Caminho Destinado,Falha ao avançar de nível {IntParam} Relíquia de subjugação pela primeira vez
4067001,Uma saga destinada a ser esquecida,Falha ao avançar de nível {IntParam} Relíquia de subjugação pela primeira vez
4068001,Tragédia não registrável,Falha ao avançar de nível {IntParam} Relíquia de subjugação pela primeira vez
4069001,Vontade insondável,Falha ao avançar de nível {IntParam} Relíquia de subjugação pela primeira vez
4070001,Porta Selada para Sempre,Falha ao avançar de nível {IntParam} Relíquia de subjugação pela primeira vez
4071001,Fim trágico da rebelião,Falha ao avançar de nível {IntParam} Relíquia de subjugação pela primeira vez
4077001,Legado herdado,Adquira Nível {ConditionStr2} Relíquia da Lealdade pela Primeira Vez
4080001,Caminho do destino recém-escrito,Adquira Nível {ConditionStr2} Relíquia da Lealdade pela Primeira Vez
4083001,Alma unificada,Adquira Nível {ConditionStr2} Relíquia da Lealdade pela Primeira Vez
4086001,ganha em mãos,Falha ao avançar de nível {ConditionStr2} Relíquia de avanço de lealdade pela primeira vez
4087001,Selo inviolável,Falha ao avançar de nível {ConditionStr2} Relíquia de avanço de lealdade pela primeira vez
4088001,Poder Adormecido,Falha ao avançar de nível {ConditionStr2} Relíquia de avanço de lealdade pela primeira vez
4089001,Mão inacessível,Falha ao avançar de nível {ConditionStr2} Relíquia de avanço de lealdade pela primeira vez
4090001,Maldição gravada,Falha ao avançar de nível {ConditionStr2} Relíquia de avanço de lealdade pela primeira vez
4091001,Valor perdido,Falha ao avançar de nível {ConditionStr2} Relíquia de avanço de lealdade pela primeira vez
4092001,Pés Terrestres,Falha ao avançar de nível {ConditionStr2} Relíquia de avanço de lealdade pela primeira vez
4093001,Trono Divine Vago,Falha ao avançar de nível {ConditionStr2} Relíquia de avanço de lealdade pela primeira vez
4094001,Predestined Path of Fate,Falha ao avançar de nível {ConditionStr2} Relíquia de avanço de lealdade pela primeira vez
4095001,Nome apagado,Falha ao avançar de nível {ConditionStr2} Relíquia de avanço de lealdade pela primeira vez
4096001,Falsa revelação,Falha ao avançar de nível {ConditionStr2} Relíquia de avanço de lealdade pela primeira vez
4097001,Alma quebrada,Falha ao avançar de nível {ConditionStr2} Relíquia de avanço de lealdade pela primeira vez
4098001,Mundo Parado,Falha ao avançar de nível {ConditionStr2} Relíquia de avanço de lealdade pela primeira vez
4099001,Mito com falha,Falha ao avançar de nível {ConditionStr2} Relíquia de avanço de lealdade pela primeira vez
4100001,Difícil de acreditar,{ConditionStr1}★ Equipamento destruído durante a melhoria
