Id,Title,NumberParam,Name
1,,,Fragment Golem
2,,,Ruin Golem
4,,,Warp Conduit
5,,,General Merchant
6,,,Vending Machine
7,,,Giant’s Vending Machine
11,,,Immortal NPC Skill Casting Dummy
13,,,Fragment Golem
15,Champion,,Rada
100,,,Kuduru Watcher
101,,,Black Predator
102,,,Abaru Hunter
1010001,Docile,,Black Predator
1010002,Docile,,Black Predator
1010003,Docile,,Black Predator
1010004,Docile,,Black Predator
1010005,Docile,,Young Black Predator
1010006,,,Shadok
1010007,,,Sandmaw
1022101,,,Steel Bison
1022102,,,Young Steel Bison
1022201,,,Steel Bison
1022202,,,Young Steel Bison
1022301,,,Kuduru Watcher
1022302,,,Kuduru Watcher
1022501,,,Kuduru Watcher
1022502,,,Intermediate Vampire Wasp Soldier
100001,,,Titan
4100000,,,Titan
4100001,,,Titan
4100002,,,Titan
4200000,(Test),,Karugura
5999991,,,
5999992,,,
5999993,,,
5999994,,,
5999995,,,
5999996,,,
12,,,Test Beast
14,,,Test Beast chefe
20,,,Medium Shadok
21,Black Reaper,,Karugura
1000,Black Reaper,,Karugura
1001,Viscera Harvester,,Shagriga
1002,Iron Queen,,Ereshianna
1003,,,Small Steel Ant Worker
1004,,,Standard Steel Ant Soldier
1005,Sand King,,Saharnugal
1006,Red Mane,,Tagar
1007,Ashen Butcher,,Daidalkur
1008,Blue Lightning,,Saurgir
1009,Blood Queen,,Galarusia
1010,,,Lesser Vampire Wasp Soldier
1011,,,Intermediate Vampire Wasp Soldier
1012,Infected Beast King,,Gigaz
1013,Storm Spear,,Urukkur
1014,Sun Devourer,,Aluk
1015,Dark Fang,,Kakazu
1016,Dancing Death,,Lugaz
1017,The Fallen,,Mushugal
1018,Landslide,,Kirjur
1019,Corrupt Tyrant,,Gnumar
1020,,,Small Spore Crab
1021,,,Medium Spore Crab
1022,,,Large Spore Crab
1023,Wings of Death,,Tilaga
1024,Avatar of Wind,,Shagan
1025,Crimson Stalker,,Damuradid
1026,Twilight Hunter,,Nurbahar
1100,Black Reaper,,Karugura
1101,Red Mane,,Tagar
1102,Infected Beast King,,Gigaz
1103,Storm Spear,,Urukkur
1104,The Fallen,,Mushugal
1105,Landslide,,Kirjur
1106,Viscera Harvester,,Shagriga
1107,Iron Queen,,Ereshianna
1108,Sand King,,Saharnugal
1109,Ashen Butcher,,Daidalkur
1110,Blue Lightning,,Saurgir
1111,Blood Queen,,Galarusia
1112,Sun Devourer,,Aluk
1113,Dark Fang,,Kakazu
1114,Dancing Death,,Lugaz
1115,Corrupt Tyrant,,Gnumar
1116,Avatar of Wind,,Shagan
1117,Crimson Stalker,,Damuradid
1118,Twilight Hunter,,Nurbahar
1201,Blue Demon,,Kubaba
1202,,,Young Ironhorn Ape
1203,,,Ironhorn Ape
1204,,,Ironhorn Ape Alpha
1205,,,Horned Ape
1206,,,Man-eating Horned Ape
1207,Savage Heart of the Forest,,Tirsak
1208,,,Tree Giant Seed
1209,Abyssal Hunter,,Mahashkud
1210,,,
1211,Abyssal Hunter,,Mahashkud
1220,Dark Fang,,Kakazu
1301,,,Attack Titan
1302,,,Beast Giant
1303,,,
1304,,,
1305,,,
1306,,,
1307,,,
1308,,,
1309,,,Armored Giant
1401,Ancient Beast,,Behemoth
1402,King of Greed,,Shahgal
1403,,,Shahgal Stem
1404,,,
1405,Wings of Ruin,,Agarash
1406,Immortal Winter Lord,,Dariente
1407,,,Frost Crystal
1408,,,
1409,,,
1410,,,Black Tortoise
1411,,,Ley Stone
1501,Transcender of Space and Time,,Averus
1600,Lava Fist,,Gishkal
1601,Lava Fist,,Gishkal
1602,Lava Fist,,Gishkal
1603,Ice Blade,,Halpasiam
1604,Ice Blade,,Halpasiam
1605,Ice Blade,,Halpasiam
1606,Thundergon,,Drugamu
1607,Thundergon,,Drugamu
1608,Thundergon,,Drugamu
1609,Farseer,,Arcanon
1610,Farseer,,Arcanon
1611,Farseer,,Arcanon
1700,Overlord of the Abyss,,Kagaltus
1701,,,Fragment of Kagaltus
1702,Storm Spear,,Urukkur
1703,The Fallen,,Mushugal
1704,Viscera Harvester,,Shagriga
1705,Iron Queen,,Ereshianna
1706,Sand King,,Saharnugal
2000,,,Anteaters
2001,,,Titan
2002,Shadow Wolf Clan,,Shadow Wolf Leader
2003,,,Paradise Advent Prophet
2004,Swordmaster,,Xeros
2005,,,Saikarad
2006,,,Apostle Valbas
2007,,,Apostle Logos
2008,,,Apostle Baster
2009,,,Apostle Sicarius
2010,,,Tesseract
2011,,,Storm Tesseract
2012,,,Thunder Tesseract
2013,,,Flame Tesseract
2014,,,Titan
2015,,,Titan
2016,,,Titan
2017,,,Titan
2018,,,Titan
2019,,,Titan
2020,,,Titan
2021,,,Titan
2022,,,Titan
2023,,,Titan
2024,,,Titan
2025,,,Titan
2026,,,Titan
2027,,,Titan
2028,,,Titan
2029,,,Titan
2030,,,Titan
2031,,,Titan
2032,,,Titan
2033,,,Titan
2034,,,Titan
2035,,,Titan
2036,,,Titan
2037,,,Titan
2100,,,Shadow Wolf Clan Elite Member
2101,,,Outlaw
2102,,,Ironblood Brigade Leader
2103,,,Ironblood Brigade Vice Commander
2104,,,Knight Commander Lena
2105,,,Astrid Elite Soldier
2106,,,Astrid
2107,,,Fahad
2108,Blood Queen,,Galarusia
2109,,,Evil Dragon
2110,,,Nuul
2200,,,Large Thorn Boar
2201,,,Great Golden-Maned Bison
2202,,,Kuduru Great Warrior
2203,,,Giant Thunderbird
2204,,,Giant Blue Wyvern
2205,,,King Spike Bat
2206,,,King Talon Bat
2207,,,Large Blade Bat
2208,,,Great Sandmaw
2209,,,Great Sandmaw
2210,,,King Anteater
2211,,,King Ironeater
2212,,,King Steeleater
2213,,,King Sandeater
2214,,,Kuduru Sorcerer
2215,,,Giant Ancient Beast
2216,,,Giant Carapace Beast
2217,,,Giant Stonehide Beast
2218,,,Giant Adamant Beast
2219,,,Great Lord of the Forest
2220,,,Giant Majestic Wyvern
2221,,,Giant Red Wyvern
2222,,,Giant Gray Wyvern
2223,,,Large Brown Thorn Boar
2224,,,Giant Red Thunderbird
2225,,,Hulking Swamp Maw
2226,,,Kuduru Sorcerer
2227,,,Giant Elk
2228,,,Mergad
3000,,,Small Kuduru Watcher
3001,,,Kuduru Watcher
3002,,,Large Kuduru Watcher
3003,,,Small Kuduru Scout
3004,,,Kuduru Scout
3005,,,Large Kuduru Scout
3006,,,Small Kuduru Guard
3007,,,Kuduru Guard
3008,,,Large Kuduru Guard
3009,,,Small Kuduru Warrior
3010,,,Kuduru Warrior
3011,,,Large Kuduru Warrior
3012,,,Small Kuduru Fighter
3013,,,Kuduru Fighter
3014,,,Large Kuduru Fighter
3015,,,Small Kuduru Destroyer
3016,,,Kuduru Destroyer
3017,,,Large Kuduru Destroyer
3018,,,Small Kuduru Great Warrior
3019,,,Kuduru Great Warrior
3020,,,Large Kuduru Great Warrior
3021,,,Small Kuduru Sorcerer
3022,,,Kuduru Sorcerer
3023,,,Large Kuduru Sorcerer
3024,,,Small Sergal
3025,,,Sergal
3026,,,Sergal Berserker
3027,,,Small Abaru Hunter
3028,,,Abaru Hunter
3029,,,Abyssal Abaru Hunter
3030,,,Small Abaru Hero
3031,,,Abaru Hero
3032,,,Abyssal Abaru Hero
3033,,,Small Abaru Spearman
3034,,,Abaru Spearman
3035,,,Abyssal Abaru Spearman
3036,,,Verdant Giant
3037,,,Tree Giant
3038,,,Ancient Tree Giant
3039,,,Small Naruru Soldier
3040,,,Naruru Soldier
3041,,,Naruru Elite Soldier
3042,,,Paradise Advent Order Intermediate Follower
3043,,,Paradise Advent Order Advanced Follower
3044,,,Paradise Advent Order Intermediate Follower
3045,,,Paradise Advent Order Advanced Follower
3046,,,Paradise Advent Order Lesser Purifier
3047,,,Paradise Advent Order Purifier
3048,,,Paradise Advent Order Lesser Guard
3049,,,Paradise Advent Order Guard
3050,,,Paradise Advent Order Lesser Guard
3051,,,Paradise Advent Order Guard
3052,,,Paradise Advent Order Lesser Judge
3053,,,Paradise Advent Order Judge
3092,,,Shadow Wolf Archer
3093,,,Shadow Wolf Elite Archer
3094,,,Shadow Wolf Sniper
3095,,,Shadow Wolf Elite Sniper
3096,,,Shadow Wolf Assassin
3097,,,Shadow Wolf Master Assassin
3098,,,Aetherium Addict
3099,,,Aetherium Addict
3100,,,Aetherium Addict
3101,,,Aetherium Addict
3102,,,Small Kiguru Bowman
3103,,,Kiguru Bowman
3104,,,Large Kiguru Bowman
3105,,,Small Kiguru Warrior
3106,,,Kiguru Warrior
3107,,,Large Kiguru Warrior
3111,,,Small Kiguru Spearman
3112,,,Kiguru Spearman
3113,,,Large Kiguru Spearman
3117,,,Small Kiguru Scout
3118,,,Kiguru Scout
3119,,,Large Kiguru Scout
3120,,,Small Kiguru Sorcerer
3121,,,Kiguru Sorcerer
3122,,,Large Kiguru Sorcerer
3123,,,Small Kiguru Charger
3124,,,Kiguru Charger
3125,,,Large Kiguru Charger
3126,,,Hesperia Scout
3127,,,Hesperia Scout
3128,,,Hesperia Scout
3129,,,Hesperia Scout
3130,,,Parasite
3131,,,Withered Parasite
3132,,,Twisted Parasite
3133,,,Ironblood Brigade Officer
3134,,,Ironblood Brigade Elite Officer
3135,,,Ironblood Brigade Spearman
3136,,,Ironblood Brigade Elite Spearman
3137,,,Ironblood Brigade Crossbowman
3138,,,Ironblood Brigade Elite Crossbowman
3139,,,Ironblood Brigade Swordsman
3140,,,Ironblood Brigade Elite Swordsman
3141,,,Rebel Soldier
3142,,,Rebel Elite Soldier
3143,,,Rebel Breacher
3144,,,Rebel Master Breacher
3145,,,Rebel Raider
3146,,,Rebel Elite Raider
3147,,,Rebel Sniper
3148,,,Rebel Elite Sniper
3149,,,Rebel Charger
3150,,,Rebel Elite Charger
3151,,,Rebel Swordsman
3152,,,Rebel Elite Swordsman
3153,,,Rebel Destroyer
3154,,,Rebel Master Destroyer
3155,,,Rebel Crossbowman
3156,,,Rebel Elite Crossbowman
3157,,,Rebel Crusher
3158,,,Rebel Master Crusher
3159,,,Rebel Spearman
3160,,,Rebel Elite Spearman
3164,,,Shadow Wolf Squad Leader
3165,,,Shadow Wolf Elite Squad Leader
3166,,,Small Kuduru Seeker
3167,,,Kuduru Seeker
3168,,,Large Kuduru Seeker
3169,,,Small Kuduru Overseer
3170,,,Kuduru Overseer
3171,,,Large Kuduru Overseer
3172,,,Small Kuduru Executioner
3173,,,Kuduru Executioner
3174,,,Large Kuduru Executioner
3175,,,Small Kuduru Warchief
3176,,,Kuduru Warchief
3177,,,Large Kuduru Warchief
3178,,,Small Kuduru Primalist
3179,,,Kuduru Primalist
3180,,,Large Kuduru Primalist
3181,,,Small Abaru Tracker
3182,,,Abaru Tracker
3183,,,Abyssal Abaru Tracker
3184,,,Small Abaru Gladiator
3185,,,Abaru Gladiator
3186,,,Abyssal Abaru Gladiator
3187,,,Small Abaru Charger
3188,,,Abaru Charger
3189,,,Abyssal Abaru Charger
3190,,,Small Kiguru Master Bowman
3191,,,Kiguru Master Bowman
3192,,,Large Kiguru Master Bowman
3193,,,Small Kiguru Master Warrior
3194,,,Kiguru Master Warrior
3195,,,Large Kiguru Master Warrior
3196,,,Small Kiguru Master Spearman
3197,,,Kiguru Master Spearman
3198,,,Large Kiguru Master Spearman
3199,,,Small Kiguru Master Scout
3200,,,Kiguru Master Scout
3201,,,Large Kiguru Master Scout
3202,,,Small Kiguru Master Sorcerer
3203,,,Kiguru Master Sorcerer
3204,,,Large Kiguru Master Sorcerer
3205,,,Small Kiguru Master Charger
3206,,,Kiguru Master Charger
3207,,,Large Kiguru Charger
3208,,,Archer
3209,,,Bowman
3210,,,Sniper
3211,,,Crossbowman
3212,,,Gladiator
3213,,,Dual Swordsman
3214,,,Brawler
3215,,,Brawler
3216,,,Warrior
3217,,,Greatsword Warrior
3218,,,Priest
3219,,,Priest
3220,,,Lancer
3221,,,Spearman
3222,,,Swordsman
3223,,,Swordsman
3224,,,Mage
3225,,,Mage
3226,,,Sorcerer
3227,,,Sorcerer
3228,,,Archer
3229,,,Bowman
3230,,,Sniper
3231,,,Crossbowman
3232,,,Gladiator
3233,,,Dual Swordsman
3234,,,Brawler
3235,,,Brawler
3236,,,Warrior
3237,,,Greatsword Warrior
3238,,,Mage
3239,,,Mage
3240,,,Priest
3241,,,Priest
3242,,,Lancer
3243,,,Spearman
3244,,,Swordsman
3245,,,Swordsman
3246,,,Mage
3247,,,Mage
3248,,,Shadow Wolf Officer
3249,,,Shadow Wolf Elite Officer
3250,,,Small Muzuru Hunter
3251,,,Muzuru Hunter
3252,,,Elite Muzuru Hunter
3253,,,Small Muzuru Warrior
3254,,,Muzuru Warrior
3255,,,Elite Muzuru Warrior
3256,,,Deepwood Ancient Archer
3257,,,Elite Deepwood Ancient Archer
3258,,,Deepwood Ancient Warrior
3259,,,Elite Deepwood Ancient Warrior
3260,,,Deepwood Ancient Spearman
3261,,,Elite Deepwood Ancient Spearman
3262,,,Small Forest Bigfoot
3263,,,Forest Bigfoot
3264,,,Elite Forest Bigfoot
4000,,,Small Helm Snake
4001,,,Helm Snake
4002,,,Large Helm Snake
4003,,,Small Blade Helm Snake
4004,,,Blade Helm Snake
4005,,,Large Blade Helm Snake
4006,,,Small Venomous Helm Snake
4007,,,Venomous Helm Snake
4008,,,Large Venomous Helm Snake
4009,,,Young Sand Maw
4010,,,Sandmaw
4011,,,Hulking Sand Maw
4012,,,Young Blue Wild Rappie
4013,,,Blue Wild Rappie
4014,,,Blue Wild Rappie chefe
4015,,,Young Red Wild Rappie
4016,,,Red Wild Rappie
4017,,,Red Wild Rappie chefe
4018,,,Young Striped Wild Rappie
4019,,,Striped Wild Rappie
4020,,,Striped Wild Rappie chefe
4021,,,Young Gray Primal Rappie
4022,,,Gray Primal Rappie
4023,,,Gray Primal Rappie Chief
4024,,,Young Red Primal Rappie
4025,,,Red Primal Rappie
4026,,,Red Primal Rappie chefe
4027,,,Young Steel Bison
4028,,,Steel Bison
4029,,,Large Steel Bison
4030,,,Young Maned Bison
4031,,,Maned Bison
4032,,,Large Maned Bison
4033,,,Young Golden Maned Bison
4034,,,Golden-Maned Bison
4035,,,Great Golden-Maned Bison
4036,,,Young Black Bison
4037,,,Black Bison
4038,,,Large Black Bison
4039,,,Young Striped Bison
4040,,,Striped Bison
4041,,,Large Striped Bison
4042,,,Young Battle Bison
4043,,,Battle Bison
4044,,,Large Battle Bison
4045,,,Young Spotted Bison
4046,,,Spotted Bison
4047,,,Large Spotted Bison
4048,,,Young Horned Ox
4049,,,Horned Ox
4050,,,Large Horned Ox
4051,,,Young Helm Ox
4052,,,Helm Ox
4053,,,Large Helm Ox
4054,,,Young Monarch Buffalo
4055,,,Monarch Buffalo
4056,,,Large Monarch Buffalo
4057,,,Young Rhino Buffalo
4058,,,Rhino Buffalo
4059,,,Large Rhino Buffalo
4060,,,Young Bison
4061,,,Bison
4062,,,Large Bison
4063,,,Small Steel Ant Worker
4064,,,Steel Ant Worker
4065,,,Large Steel Ant Worker
4066,,,Lesser Steel Ant Soldier
4067,,,Standard Steel Ant Soldier
4068,,,Elite Steel Ant Soldier
4069,,,Armored Toad
4070,,,Stoneshell Toad
4071,,,Ironshell Toad
4072,,,Armored Poison Toad
4073,,,Stoneshell Poison Toad
4074,,,Ironshell Poison Toad
4075,,,Young Wyrmfish
4076,,,Wyrmfish
4077,,,Monstrous Wyrmfish
4078,,,Small Ancient Beast
4079,,,Ancient Beast
4080,,,Giant Ancient Beast
4081,,,Small Stonehide Beast
4082,,,Stonehide Beast
4083,,,Giant Stonehide Beast
4084,,,Small Carapace Beast
4085,,,Carapace Beast
4086,,,Giant Carapace Beast
4087,,,Small Adamant Beast
4088,,,Adamantine Beast
4089,,,Giant Adamant Beast
4093,,,Young Spiked Boar
4094,,,Thorn Boar
4095,,,Large Thorn Boar
4099,,,Small Spike Bat
4100,,,Spike Bat
4101,,,King Spike Bat
4102,,,Small Talon Bat
4103,,,Clawed Bat
4104,,,King Talon Bat
4105,,,Small Blade Bat
4106,,,Bladed Bat
4107,,,Large Blade Bat
4114,,,Young Black Predator
4115,,,Black Predator
4116,,,Large Black Predator
4117,,,Young Gore Predator
4118,,,Gore Predator
4119,,,Large Gore Predator
4120,,,Young Wild Predator
4121,,,Wild Predator
4122,,,Large Wild Predator
4123,,,Small Man-eating Predator
4124,,,Man-eating Predator
4125,,,Large Man-eating Predator
4126,,,Young Monster Predator
4127,,,Monster Predator
4128,,,Large Monster Predator
4129,,,Young Corpse Predator
4130,,,Corpse Predator
4131,,,Large Corpse Predator
4135,,,Young Gray Predator
4136,,,Gray Predator
4137,,,Large Gray Predator
4138,,,Young Ironclad Bear
4139,,,Ironclad Bear
4140,,,Hulking Ironclad Bear
4141,,,Young Ironjaw Bear
4142,,,Ironjaw Bear
4143,,,Hulking Ironjaw Bear
4144,,,Young Stonefist Bear
4145,,,Stonefist Bear
4146,,,Hulking Stonefist Bear
4147,,,Young Steelclaw Bear
4148,,,Steelclaw Bear
4149,,,Hulking Steelclaw Bear
4150,,,Anteaters
4151,,,Large Anteater
4152,,,King Anteater
4153,,,Ironeater
4154,,,Large Ironeater
4155,,,King Ironeater
4156,,,Steeleater
4157,,,Large Steeleater
4158,,,King Steeleater
4159,,,Sandeater
4160,,,Large Sandeater
4161,,,King Sandeater
4162,,,Young Dragon-scale Hound
4163,,,Dragon-scale Hound
4164,,,Large Dragon-scale Hound
4165,,,Small Ironclad Turtle
4166,,,Ironclad Turtle
4167,,,Large Ironclad Turtle
4168,,,Young Horned Ape
4169,,,Horned Ape
4170,,,Horned Ape Alpha
4171,,,Young Man-eating Horned Ape
4172,,,Man-eating Horned Ape
4173,,,Man-eating Horned Ape Alpha
4174,,,Small Lord of the Forest
4175,,,Lord of the Forest
4176,,,Great Lord of the Forest
4177,,,Small Infected Ironclad Bear
4178,,,Infected Ironclad Bear
4179,,,Large Infected Ironclad Bear
4180,,,Small Infected Predator
4181,,,Infected Predator
4182,,,Large Infected Predator
4183,,,Small Wyrm Mantis
4184,,,Draconic Mantis
4185,,,Giant Wyrm Mantis
4186,,,Small Yellow Wyrm Mantis
4187,,,Yellow Wyrm Mantis
4188,,,Giant Yellow Wyrm Mantis
4189,,,Small Black Wyrm Mantis
4190,,,Black Wyrm Mantis
4191,,,Giant Black Wyrm Mantis
4192,,,Small Red Wyrm Mantis
4193,,,Red Wyrm Mantis
4194,,,Giant Red Wyrm Mantis
4195,,,Small Chromatic Spider
4196,,,Chromatic Spider
4197,,,Large Chromatic Spider
4198,,,Small Spore Crab
4199,,,Medium Spore Crab
4200,,,Large Spore Crab
4201,,,Young Ironhorn Ape
4202,,,Ironhorn Ape
4203,,,Ironhorn Ape Alpha
4204,,,Small Female Talon Bat
4205,,,Female Talon Bat
4206,,,Large Female Talon Bat
4207,,,Small Female Spike Bat
4208,,,Female Spike Bat
4209,,,Alpha Female Spike Bat
4210,,,Small Female Blade Bat
4211,,,Female Blade Bat
4212,,,Large Female Blade Bat
4213,,,Young Spiked Ironclad Bear
4214,,,Spiked Ironclad Bear
4215,,,Hulking Spiked Ironclad Bear
4216,,,Young Black Horned Ape
4217,,,Black Horned Ape
4218,,,Black Horned Ape Alpha
4219,,,Black Predator
4220,,,Black Predator
4221,,,Sandmaw
4222,,,Sandmaw
4223,,,Sandmaw
4224,,,Young Red Wolf
4225,,,Red Wolf
4226,,,Large Red Wolf
4227,,,Young Red Reindeer
4228,,,Red Reindeer
4229,,,Large Red Reindeer
4230,,,Young Gem Toad
4231,,,Gem Toad
4232,,,Large Gem Toad
4233,,,Young Cockatrice
4234,,,Cockatrice
4235,,,Large Cockatrice
4236,,,Young Red Centipede
4237,,,Red Centipede
4238,,,Large Red Centipede
4239,,,Small Rock Draco Lizard
4240,,,Draco Lizard
4241,,,Large Rock Draco Lizard
4242,,,Small Draco Lizard
4243,,,Draco Lizard
4244,,,Large Draco Lizard
4245,,,Young White Tiger
4246,,,White Tiger
4247,,,Large White Tiger
4248,,,Young Forest Leopard
4249,,,Forest Leopard
4250,,,Large Forest Leopard
4251,,,Small Stoneclad Tortoise
4252,,,Stoneclad Tortoise
4253,,,Large Stoneclad Tortoise
4254,,,Young Moss Gorilla
4255,,,Moss Gorilla
4256,,,Large Moss Gorilla
4257,,,Young Forest Weasel
4258,,,Forest Weasel
4259,,,Large Forest Weasel
4260,,,Small Forest Horseshoe Crab
4261,,,Forest Horseshoe Crab
4262,,,Large Forest Horseshoe Crab
4263,,,Young Forest Boar
4264,,,Forest Boar
4265,,,Large Forest Boar
5000,,,Young Blue Wyvern
5001,,,Blue Wyvern
5002,,,Giant Blue Wyvern
5003,,,Young Red Wyvern
5004,,,Red Wyvern
5005,,,Giant Red Wyvern
5006,,,Young Peacock Wyvern
5007,,,Majestic Wyvern
5008,,,Giant Majestic Wyvern
5009,,,Young Brown Wyvern
5010,,,Brown Wyvern
5011,,,Giant Brown Wyvern
5012,,,Lesser Vampire Wasp Soldier
5013,,,Intermediate Vampire Wasp Soldier
5014,,,Elite Vampire Wasp Soldier
5015,,,Lesser Plague Wasp Soldier
5016,,,Standard Plague Wasp Soldier
5017,,,Elite Plague Wasp Soldier
5018,,,Vampire Wasp Squad Leader
5019,,,Vampire Wasp General
5020,,,Vampire Wasp Supreme General
5021,,,Plague Wasp Squad Leader
5022,,,Plague Wasp General
5023,,,Plague Wasp Supreme General
5024,,,Young Thunderbird
5025,,,Thunderbird
5026,,,Giant Thunderbird
5027,,,Lesser Moth Witch
5028,,,Standard Moth Witch
5029,,,Master Moth Witch
5030,,,Young Chromatic Wyvern
5031,,,Chromatic Wyvern
5032,,,Giant Chromatic Wyvern
5033,,,Small Vampire Bat
5034,,,Vampire Bat
5035,,,Alpha Vampire Bat
6000,,,Small Shadok
6001,,,Medium Shadok
6002,,,Large Shadok
6003,,,Small Gigsak
6004,,,Medium Gigsak
6005,,,Large Gigsak
6006,,,Small Mukarok
6007,,,Medium Mukarok
6008,,,Large Mukarok
6009,,,Small Nabaruk
6010,,,Medium Nabaruk
6011,,,Large Nabaruk
6012,,,Small Amdur
6013,,,Medium Amdur
6014,,,Large Amdur
6015,,,Small Geigur
6016,,,Medium Geigur
6017,,,Large Geigur
6018,,,Small Jigur
6019,,,Medium Jigur
6020,,,Large Jigur
6021,,,Small Brangiur
6022,,,Medium Brangiur
6023,,,Large Brangiur
6024,,,Small Nemed
6025,,,Nemed
6026,,,Garnemed
6027,,,Small Jabum
6028,,,Jabum
6029,,,Garjabum
6030,,,Small Erin
6031,,,Erin
6032,,,Garerin
6033,,,Small Aksharon
6034,,,Medium Aksharon
6035,,,Large Aksharon
6036,,,Small Karus
6037,,,Medium Karus
6038,,,Large Karus
6039,,,Small Sagnoran
6040,,,Medium Sagnoran
6041,,,Large Sagnoran
6042,,,Small Garon
6043,,,Medium Garon
6044,,,Large Garon
6045,,,Small Kurgis
6046,,,Medium Kurgis
6047,,,Large Kurgis
6048,,,Small Gigazoran
6049,,,Medium Gigazoran
6050,,,Large Gigazoran
6051,,,Small Moskaron
6052,,,Medium Moskaron
6053,,,Large Moskaron
6054,,,Small Kravorus
6055,,,Medium Kravorus
6056,,,Large Kravorus
6057,,,Small Shagusan
6058,,,Medium Shagusan
6059,,,Large Shagusan
6060,,,Small Varshus
6061,,,Medium Varshus
6062,,,Large Varshus
6063,,,Small Varboran
6064,,,Medium Varboran
6065,,,Large Varboran
6066,,,Small Akshion
6067,,,Medium Akshion
6068,,,Large Akshion
6069,,,Small Amaroos
6070,,,Medium Amaroos
6071,,,Large Amaroos
6072,,,Small Sabor
6073,,,Medium Sabor
6074,,,Large Sabor
6075,,,Small Shugal
6076,,,Shugal
6077,,,Garshugal
6078,,,Small Urmak
6079,,,Medium Urmak
6080,,,Large Urmak
6088,,,Small Khabur
6089,,,Khabur
6090,,,Garkhabur
6091,,,Small Nagir
6092,,,Nagir
6093,,,Garnagir
6097,,,Small Gidum
6098,,,Igidum
6099,,,Garigidum
6100,,,Small Baru
6101,,,Baru
6102,,,Garbal
6103,,,Small Kackak
6104,,,Medium Kackak
6105,,,Large Kackak
6106,,,Small Ashi
6107,,,Medium Ashi
6108,,,Large Ashi
6109,,,Small Akra
6110,,,Medium Akra
6111,,,Large Akra
6112,,,Small Hallahim
6113,,,Medium Hallahim
6114,,,Large Hallahim
6115,,,Small Mugen
6116,,,Medium Mugen
6117,,,Large Mugen
6118,,,Small Egirerin
6119,,,Egirerin
6120,,,Garegir
6121,,,Small Girtum
6122,,,Girtum
6123,,,Gargirtum
6124,,,Small Girtum
6125,,,Girtum
6126,,,Gargirtum
6127,,,Small Sairkaku
6128,,,Sairkaku
6129,,,Sagarkaku
6130,,,Small Pharum
6131,,,Pharum
6132,,,Garpharum
6133,,,Small Lukaku
6134,,,Lukaku
6135,,,Garkaku
6136,,,Small Lunir
6137,,,Lunir
6138,,,Garnir
6139,,,Small Mashmashu
6140,,,Mashmashu
6141,,,Garmash
6142,,,Small Zabarak
6143,,,Medium Zabarak
6144,,,Large Zabarak
6145,,,Small Lunarkaku
6146,,,Lunarkaku
6147,,,Lugarkaku
6148,,,Small Varkaku
6149,,,Varkaku
6150,,,Vagarkaku
6151,,,Small Zaitorun
6152,,,Zaitorun
6153,,,Zagartorun
6154,,,Small Lunartorun
6155,,,Lunartorun
6156,,,Lugartorun
6157,,,Small Bartorun
6158,,,Bartorun
6159,,,Bagartorun
6160,,,Small Zaytalen
6161,,,Zaytalen
6162,,,Zagartalen
6163,,,Small Lunartalen
6164,,,Lunartalen
6165,,,Lugartalen
6166,,,Small Vartalen
6167,,,Vartalen
6168,,,Vagartalen
6169,,,Small Elite Shugahl
6170,,,Elite Shugahl
6171,,,Elite Garshugahl
6172,,,Small Elite Khabur
6173,,,Elite Khabur
6174,,,Elite Garkhabur
6175,,,Small Elite Nagir
6176,,,Elite Nagir
6177,,,Elite Garnagir
6178,,,Small Elite Gidum
6179,,,Elite Igidum
6180,,,Elite Garigidum
6181,,,Small Elite Baru
6182,,,Elite Baru
6183,,,Elite Garbal
6184,,,Small Golem Archer
6185,,,Golem Archer
6186,,,Large Golem Archer
6187,,,Cliff Golem
6188,,,Cliff Golem
6189,,,Cliff Golem
6190,,,Small Ancient Giant
6191,,,Ancient Giant
6192,,,Elite Ancient Giant
6193,,,Small Deepwood Treant
6194,,,Deepwood Treant
6195,,,Large Deepwood Treant
7000,,,Alayn
7001,,,Xavyer
7002,,,Quaista
7003,,,Ramynn
7004,Divine,,Ragnar
7005,Divine,,Azran
7006,Divine,,Rada
7007,Divine,,Khoon
7008,Divine,,Beretta
7009,,,Seta
7010,,,Xenia
7011,,,Azid
7012,,,Hesperia Swordsman
7013,,,Hesperia Swordsman
7014,,,Hesperia Spearman
7015,,,Hesperia Spearman
7016,,,Titan
7017,,,Mercenary
7018,,,Mercenary
7019,,,Mercenary
7020,,,Mercenary
7021,,,Lena
7022,,,Karadu
7023,,,Ancient Guardian
7024,,,Kuduru Great Warrior
7025,,,Symon
7026,,,Mishael
7027,,,Belia
7028,,,Eli
7029,,,Gunter
7030,,,Brenner
7031,,,Mali Mercenary 1
7032,,,Mali Mercenary 2
7033,,,Mali Mercenary 3
7034,,,Mali Mercenary 4
7035,,,Karam
7036,,,Duren
7037,,,Sol
7038,,,Naraf
7039,,,Ranon
7040,,,Seta
7041,,,Army of the Dead
7042,,,Army of the Dead
8001,Black Reaper,,Karugura
8002,Viscera Harvester,,Shagriga
8003,,,Great Golden-Maned Bison
8004,,,Kuduru Sorcerer
8005,Shadow Wolf Clan,,Shadow Wolf Leader
8006,,,Paradise Advent Prophet
8007,,,Great Lord of the Forest
8008,,,Giant Red Thunderbird
8009,,,Apostle Valbas
8010,Swordmaster,,Xeros
8011,,,Hulking Swamp Maw
8012,,,King Sandeater
8013,,,Apostle Logos
8014,,,Ironblood Brigade Leader
8015,,,Large Blade Bat
8016,,,King Talon Bat
8017,,,Astrid
8018,,,Fahad
8019,,,Large Brown Thorn Boar
8100,,,
8101,,,
8102,,,
8201,,,
8202,,,
8301,,,
8302,,,
8303,,,
8304,,,
8305,,,
105351,,,Shadow Trap
105352,,,Shadow Trap
105353,,,Shadow Trap
106001,,,Clan Warden
9000,,,Mindless Giant
9001,,,Mindless Giant
9002,,,Mindless Giant
9003,,,Mindless Giant
9004,,,Aberrant Giant
9005,,,Aberrant Giant
9006,,,Aberrant Giant
9007,,,Mindless Giant
9008,,,Aberrant Giant
9009,,,Aberrant Giant
9010,,,Aberrant Giant
9000000,,,Clan Beacon
4090000,,,Guardian of the Ruins
4090001,,,Guardian of the Ruins
4090002,,,Guardian of the Ruins
9010010,,,Storm Tesseract
9010011,,,Thunder Tesseract
9010012,,,Flame Tesseract
9010020,,,Storm Tesseract
9010021,,,Thunder Tesseract
9010022,,,Flame Tesseract
9010023,,,Attack Tesseract
9010030,,,Storm Tesseract
9010031,,,Thunder Tesseract
9010032,,,Flame Tesseract
9010040,,,Storm Tesseract
9010041,,,Thunder Tesseract
9010042,,,Flame Tesseract
9010043,,,Attack Tesseract
9010050,,,Storm Tesseract
9010051,,,Thunder Tesseract
9010052,,,Flame Tesseract
9010060,,,Storm Tesseract
9010061,,,Thunder Tesseract
9010062,,,Flame Tesseract
9010063,,,Attack Tesseract
9010070,,,Storm Tesseract
9010071,,,Thunder Tesseract
9010072,,,Flame Tesseract
9010073,,,Attack Tesseract
9010080,,,Storm Tesseract
9010081,,,Thunder Tesseract
9010082,,,Flame Tesseract
9010083,,,Attack Tesseract
9010090,,,Storm Tesseract
9010091,,,Thunder Tesseract
9010092,,,Flame Tesseract
9010093,,,Attack Tesseract
9010100,,,Storm Tesseract
9010101,,,Thunder Tesseract
9010102,,,Flame Tesseract
9010103,,,Attack Tesseract
9010110,,,Storm Tesseract
9010111,,,Thunder Tesseract
9010112,,,Flame Tesseract
9010113,,,Attack Tesseract
9020010,,,Storm Tesseract
9020011,,,Thunder Tesseract
9020012,,,Flame Tesseract
9020020,,,Storm Tesseract
9020021,,,Thunder Tesseract
9020022,,,Flame Tesseract
9020023,,,Attack Tesseract
9020030,,,Storm Tesseract
9020031,,,Thunder Tesseract
9020032,,,Flame Tesseract
9020033,,,Attack Tesseract
9020040,,,Storm Tesseract
9020041,,,Thunder Tesseract
9020042,,,Flame Tesseract
9020050,,,Storm Tesseract
9020051,,,Thunder Tesseract
9020052,,,Flame Tesseract
9020053,,,Attack Tesseract
9020060,,,Storm Tesseract
9020061,,,Thunder Tesseract
9020062,,,Flame Tesseract
9020070,,,Storm Tesseract
9020071,,,Thunder Tesseract
9020072,,,Flame Tesseract
9020073,,,Attack Tesseract
9020080,,,Storm Tesseract
9020081,,,Thunder Tesseract
9020082,,,Flame Tesseract
9020083,,,Attack Tesseract
9020090,,,Storm Tesseract
9020091,,,Thunder Tesseract
9020092,,,Flame Tesseract
9020093,,,Attack Tesseract
9020100,,,Storm Tesseract
9020101,,,Thunder Tesseract
9020102,,,Flame Tesseract
9020103,,,Attack Tesseract
9020110,,,Storm Tesseract
9020111,,,Thunder Tesseract
9020112,,,Flame Tesseract
9020113,,,Attack Tesseract
9020120,,,Storm Tesseract
9020121,,,Thunder Tesseract
9020122,,,Flame Tesseract
9020123,,,Attack Tesseract
9020130,,,Storm Tesseract
9020131,,,Thunder Tesseract
9020132,,,Flame Tesseract
9020140,,,Storm Tesseract
9020141,,,Thunder Tesseract
9020142,,,Flame Tesseract
9020143,,,Attack Tesseract
9020150,,,Storm Tesseract
9020151,,,Thunder Tesseract
9020152,,,Flame Tesseract
9020153,,,Attack Tesseract
9030010,,,Storm Tesseract
9030011,,,Thunder Tesseract
9030012,,,Flame Tesseract
9030013,,,Attack Tesseract
9030020,,,Storm Tesseract
9030021,,,Thunder Tesseract
9030022,,,Flame Tesseract
9030030,,,Storm Tesseract
9030031,,,Thunder Tesseract
9030032,,,Flame Tesseract
9030033,,,Attack Tesseract
9030040,,,Storm Tesseract
9030041,,,Thunder Tesseract
9030042,,,Flame Tesseract
9030043,,,Attack Tesseract
9030050,,,Storm Tesseract
9030051,,,Thunder Tesseract
9030052,,,Flame Tesseract
9030053,,,Attack Tesseract
9030060,,,Storm Tesseract
9030061,,,Thunder Tesseract
9030062,,,Flame Tesseract
9030063,,,Attack Tesseract
9030070,,,Storm Tesseract
9030071,,,Thunder Tesseract
9030072,,,Flame Tesseract
9030073,,,Attack Tesseract
9030080,,,Storm Tesseract
9030081,,,Thunder Tesseract
9030082,,,Flame Tesseract
9030083,,,Attack Tesseract
9030090,,,Storm Tesseract
9030091,,,Thunder Tesseract
9030092,,,Flame Tesseract
9030100,,,Storm Tesseract
9030101,,,Thunder Tesseract
9030102,,,Flame Tesseract
9030103,,,Attack Tesseract
9030110,,,Storm Tesseract
9030111,,,Thunder Tesseract
9030112,,,Flame Tesseract
9030113,,,Attack Tesseract
9030120,,,Storm Tesseract
9030121,,,Thunder Tesseract
9030122,,,Flame Tesseract
9030123,,,Attack Tesseract
9030130,,,Storm Tesseract
9030131,,,Thunder Tesseract
9030132,,,Flame Tesseract
9030133,,,Attack Tesseract
9030140,,,Storm Tesseract
9030141,,,Thunder Tesseract
9030142,,,Flame Tesseract
9030150,,,Storm Tesseract
9030151,,,Thunder Tesseract
9030152,,,Flame Tesseract
9040010,,,Storm Tesseract
9040011,,,Thunder Tesseract
9040012,,,Flame Tesseract
9040020,,,Storm Tesseract
9040021,,,Thunder Tesseract
9040022,,,Flame Tesseract
9040030,,,Storm Tesseract
9040031,,,Thunder Tesseract
9040032,,,Flame Tesseract
9040033,,,Attack Tesseract
9040040,,,Storm Tesseract
9040041,,,Thunder Tesseract
9040042,,,Flame Tesseract
9040043,,,Attack Tesseract
9040050,,,Storm Tesseract
9040051,,,Thunder Tesseract
9040052,,,Flame Tesseract
9040053,,,Attack Tesseract
9040060,,,Storm Tesseract
9040061,,,Thunder Tesseract
9040062,,,Flame Tesseract
9040063,,,Attack Tesseract
9040070,,,Storm Tesseract
9040071,,,Thunder Tesseract
9040072,,,Flame Tesseract
9040073,,,Attack Tesseract
9040080,,,Storm Tesseract
9040081,,,Thunder Tesseract
9040082,,,Flame Tesseract
9040083,,,Attack Tesseract
9040090,,,Storm Tesseract
9040091,,,Thunder Tesseract
9040092,,,Flame Tesseract
9040093,,,Attack Tesseract
9040100,,,Storm Tesseract
9040101,,,Thunder Tesseract
9040102,,,Flame Tesseract
9040103,,,Attack Tesseract
9040110,,,Storm Tesseract
9040111,,,Thunder Tesseract
9040112,,,Flame Tesseract
9040120,,,Storm Tesseract
9040121,,,Thunder Tesseract
9040122,,,Flame Tesseract
9040123,,,Attack Tesseract
9040130,,,Storm Tesseract
9040131,,,Thunder Tesseract
9040132,,,Flame Tesseract
9040133,,,Attack Tesseract
9040140,,,Storm Tesseract
9040141,,,Thunder Tesseract
9040142,,,Flame Tesseract
9040143,,,Attack Tesseract
9050041,,,Storm Tesseract
9050042,,,Thunder Tesseract
9050043,,,Flame Tesseract
9050051,,,Storm Tesseract
9050052,,,Thunder Tesseract
9050053,,,Flame Tesseract
9050071,,,Storm Tesseract
9050072,,,Thunder Tesseract
9050073,,,Flame Tesseract
9050091,,,Storm Tesseract
9050092,,,Thunder Tesseract
9050093,,,Flame Tesseract
9050101,,,Storm Tesseract
9050102,,,Thunder Tesseract
9050103,,,Flame Tesseract
9050131,,,Storm Tesseract
9050132,,,Thunder Tesseract
9050133,,,Flame Tesseract
9050141,,,Storm Tesseract
9050142,,,Thunder Tesseract
9050143,,,Flame Tesseract
9050151,,,Storm Tesseract
9050152,,,Thunder Tesseract
9050153,,,Flame Tesseract
9050171,,,Storm Tesseract
9050172,,,Thunder Tesseract
9050173,,,Flame Tesseract
9050191,,,Storm Tesseract
9050192,,,Thunder Tesseract
9050193,,,Flame Tesseract
9050201,,,Storm Tesseract
9050202,,,Thunder Tesseract
9050203,,,Flame Tesseract
9050241,,,Storm Tesseract
9050242,,,Thunder Tesseract
9050243,,,Flame Tesseract
9050251,,,Storm Tesseract
9050252,,,Thunder Tesseract
9050253,,,Flame Tesseract
9050261,,,Storm Tesseract
9050262,,,Thunder Tesseract
9050263,,,Flame Tesseract
9050271,,,Storm Tesseract
9050272,,,Thunder Tesseract
9050273,,,Flame Tesseract
9050281,,,Storm Tesseract
9050282,,,Thunder Tesseract
9050283,,,Flame Tesseract
9050291,,,Storm Tesseract
9050292,,,Thunder Tesseract
9050293,,,Flame Tesseract
9050301,,,Storm Tesseract
9050302,,,Thunder Tesseract
9050303,,,Flame Tesseract
9050311,,,Storm Tesseract
9050312,,,Thunder Tesseract
9050313,,,Flame Tesseract
9050321,,,Storm Tesseract
9050322,,,Thunder Tesseract
9050323,,,Flame Tesseract
9050331,,,Storm Tesseract
9050332,,,Thunder Tesseract
9050333,,,Flame Tesseract
9050341,,,Storm Tesseract
9050342,,,Thunder Tesseract
9050343,,,Flame Tesseract
9050361,,,Storm Tesseract
9050362,,,Thunder Tesseract
9050363,,,Flame Tesseract
9050371,,,Storm Tesseract
9050372,,,Thunder Tesseract
9050373,,,Flame Tesseract
9050401,,,Storm Tesseract
9050402,,,Thunder Tesseract
9050403,,,Flame Tesseract
9050411,,,Storm Tesseract
9050412,,,Thunder Tesseract
9050413,,,Flame Tesseract
9201010,,,Storm Tesseract
9201011,,,Thunder Tesseract
9201012,,,Flame Tesseract
9201013,,,Attack Tesseract
9201020,,,Storm Tesseract
9201021,,,Thunder Tesseract
9201022,,,Flame Tesseract
9201023,,,Attack Tesseract
9201030,,,Storm Tesseract
9201031,,,Thunder Tesseract
9201032,,,Flame Tesseract
9201033,,,Attack Tesseract
9201040,,,Storm Tesseract
9201041,,,Thunder Tesseract
9201042,,,Flame Tesseract
9201043,,,Attack Tesseract
9201050,,,Storm Tesseract
9201051,,,Thunder Tesseract
9201052,,,Flame Tesseract
9201053,,,Attack Tesseract
9201060,,,Storm Tesseract
9201061,,,Thunder Tesseract
9201062,,,Flame Tesseract
9201063,,,Attack Tesseract
9201070,,,Storm Tesseract
9201071,,,Thunder Tesseract
9201072,,,Flame Tesseract
9201073,,,Attack Tesseract
9201080,,,Storm Tesseract
9201081,,,Thunder Tesseract
9201082,,,Flame Tesseract
9201083,,,Attack Tesseract
9201090,,,Storm Tesseract
9201091,,,Thunder Tesseract
9201092,,,Flame Tesseract
9201093,,,Attack Tesseract
9201100,,,Storm Tesseract
9201101,,,Thunder Tesseract
9201102,,,Flame Tesseract
9201103,,,Attack Tesseract
9201110,,,Storm Tesseract
9201111,,,Thunder Tesseract
9201112,,,Flame Tesseract
9201113,,,Attack Tesseract
9201120,,,Storm Tesseract
9201121,,,Thunder Tesseract
9201122,,,Flame Tesseract
9201123,,,Attack Tesseract
9201130,,,Storm Tesseract
9201131,,,Thunder Tesseract
9201132,,,Flame Tesseract
9201140,,,Storm Tesseract
9201141,,,Thunder Tesseract
9201142,,,Flame Tesseract
9201150,,,Storm Tesseract
9201151,,,Thunder Tesseract
9201152,,,Flame Tesseract
9201160,,,Storm Tesseract
9201161,,,Thunder Tesseract
9201162,,,Flame Tesseract
9201170,,,Storm Tesseract
9201171,,,Thunder Tesseract
9201172,,,Flame Tesseract
9201180,,,Storm Tesseract
9201181,,,Thunder Tesseract
9201182,,,Flame Tesseract
3000102,,,
3000111,,,
3000112,,,
3000113,,,
3000121,,,
3000122,,,
3000123,,,
3000131,,,
3000132,,,
3000133,,,
3000151,,,
3000152,,,
3000153,,,
3001111,,,
3001112,,,
3001113,,,
3001121,,,
3001122,,,
3001123,,,
3001131,,,
3001132,,,
3001133,,,
3001151,,,
3001152,,,
3001153,,,
3000201,,,
3000202,,,
3000203,,,
3000204,,,
3000205,,,
3000211,,,
3010101,,,Kuduru Great Warrior
3010111,,,Kuduru Executioner
3010112,,,Small Man-eating Predator
3010113,,,Large Black Predator
3010114,,,Kuduru Overseer
3010115,,,Young Dragon-scale Hound
3010116,,,Kuduru Warchief
3010181,,,Small Mukarok
3010182,Blessing-infused,,Medium Zabarak
3010191,,,
3010192,,,
3010193,,,
3010201,,,Kuduru Sorcerer
3010301,,,Torch of Atrahasis
3010311,,,Young Black Bison
3010312,,,Kiguru Master Bowman
3010321,Torch-seeking,,Kiguru Master Charger
3010331,Torch-seeking,,Kiguru Master Sorcerer
3010381,Blessing-infused,,Medium Zabarak
3010382,Blessing-infused,,Medium Zabarak
3010383,Blessing-infused,,Medium Zabarak
3010391,,,Ancient Guardian
3010392,,,Ancient Guardian
3010401,,,Blue Wyvern
3010501,,,Steeleater
3010511,,,Young Gray Primal Rappie
3010513,,,Young Thunderbird
3010514,,,Lesser Vampire Wasp Soldier
3010516,,,Vampire Wasp Squad Leader
3010581,,,Small Mukarok
3010582,Blessing-infused,,Medium Zabarak
3010591,,,
3010592,,,
3010593,,,
3010601,,,Thorn Boar
3010701,,,Torch of Atrahasis
3010711,,,Kiguru Master Scout
3010712,,,Kiguru Master Bowman
3010721,Torch-seeking,,Small Vampire Bat
3010731,Torch-seeking,,Vampire Bat
3010781,Blessing-infused,,Medium Zabarak
3010782,Blessing-infused,,Medium Zabarak
3010783,Blessing-infused,,Medium Zabarak
3010791,,,Ancient Guardian
3010792,,,Ancient Guardian
3010801,,,Karugura
3010901,,,Ancient Beast
3010911,,,Small Geigur
3010912,,,Medium Gigsak
3010913,,,Steel Bison
3010914,,,Young Wild Predator
3010916,,,Stonefist Bear
3010981,,,Small Mukarok
3010982,Blessing-infused,,Medium Zabarak
3010991,,,
3010992,,,
3010993,,,
3011001,,,Gray Wyvern
3011101,,,Torch of Atrahasis
3011111,,,Young Black Bison
3011112,,,Kiguru Master Bowman
3011113,,,Kiguru Master Scout
3011121,Torch-seeking,,Kiguru Master Charger
3011122,Torch-seeking,,Small Vampire Bat
3011131,Torch-seeking,,Large Kiguru Master Sorcerer
3011132,Torch-seeking,,Vampire Bat
3011181,Blessing-infused,,Medium Zabarak
3011182,Blessing-infused,,Medium Zabarak
3011183,Blessing-infused,,Medium Zabarak
3011191,,,Ancient Guardian
3011192,,,Ancient Guardian
3011201,,,Sandmaw
3011301,,,Thunderbird
3011311,,,Dragon-scale Hound
3011313,,,Man-eating Horned Ape
3011314,,,Young Spiked Boar
3011316,,,Golden-Maned Bison
3011381,,,Small Mukarok
3011382,Blessing-infused,,Medium Zabarak
3011391,,,
3011392,,,
3011393,,,
3011401,,,Adamantine Beast
3011501,,,Karugura
3011511,,,Young Red Wild Rappie
3011512,,,Striped Wild Rappie
3020101,,,Sandeater
3020111,,,Small Ironclad Turtle
3020112,,,Young Wyrmfish
3020113,,,Large Ironclad Turtle
3020114,,,Young Sand Maw
3020115,,,Armored Toad
3020116,,,Horned Ape Alpha
3020181,,,Small Mukarok
3020182,Blessing-infused,,Medium Zabarak
3020191,,,
3020192,,,
3020193,,,
3020194,,,
3020195,,,
3020201,,,Blue Wyvern
3020301,,,Torch of Atrahasis
3020311,,,Young Spiked Boar
3020312,,,Dragon-scale Hound
3020321,Torch-seeking,,Kuduru Executioner
3020331,Torch-seeking,,Large Kuduru Warchief
3020381,Blessing-infused,,Medium Zabarak
3020382,Blessing-infused,,Medium Zabarak
3020383,Blessing-infused,,Medium Zabarak
3020391,,,Ancient Guardian
3020392,,,Ancient Guardian
3020401,,,Sandmaw
3020501,,,Thorn Boar
3020511,,,Lesser Plague Wasp Soldier
3020513,,,Plague Wasp General
3020514,,,Young Gray Primal Rappie
3020516,,,Man-eating Horned Ape
3020571,,,Plague Wasp Supreme General
3020572,,,Battle Bison
3020581,,,Small Mukarok
3020582,Blessing-infused,,Medium Zabarak
3020591,,,
3020592,,,
3020593,,,
3020594,,,
3020601,,,Clawed Bat
3020701,,,Torch of Atrahasis
3020711,,,Dragon-scale Hound
3020712,,,Kuduru Primalist
3020721,Torch-seeking,,Kuduru Seeker
3020731,Torch-seeking,,Large Kuduru Seeker
3020781,Blessing-infused,,Medium Zabarak
3020782,Blessing-infused,,Medium Zabarak
3020783,Blessing-infused,,Medium Zabarak
3020791,,,Ancient Guardian
3020792,,,Ancient Guardian
3020801,,,Tagar
3020901,,,Kuduru Sorcerer
3020911,,,Abaru Gladiator
3020912,,,Abaru Charger
3020913,,,Abaru Tracker
3020914,,,Kuduru Executioner
3020915,,,Kuduru Overseer
3020916,,,Large Kuduru Warchief
3020981,,,Small Mukarok
3020982,Blessing-infused,,Medium Zabarak
3020991,,,
3020992,,,
3020993,,,
3020994,,,
3020995,,,
3021001,,,Ancient Beast
3021101,,,Torch of Atrahasis
3021111,,,Young Spiked Boar
3021112,,,Dragon-scale Hound
3021113,,,Kuduru Primalist
3021121,Torch-seeking,,Kuduru Executioner
3021122,Torch-seeking,,Kuduru Seeker
3021131,Torch-seeking,,Large Kuduru Warchief
3021132,Torch-seeking,,Large Kuduru Seeker
3021181,Blessing-infused,,Medium Zabarak
3021182,Blessing-infused,,Medium Zabarak
3021183,Blessing-infused,,Medium Zabarak
3021191,,,Ancient Guardian
3021192,,,Ancient Guardian
3021201,,,Thunderbird
3021301,,,Steeleater
3021311,,,Small Steel Ant Worker
3021313,,,Standard Steel Ant Soldier
3021314,,,Lesser Vampire Wasp Soldier
3021316,,,Vampire Wasp General
3021371,,,Draconic Mantis
3021372,,,Spore Crab
3021381,,,Small Mukarok
3021382,Blessing-infused,,Medium Zabarak
3021391,,,
3021392,,,
3021393,,,
3021394,,,
3021401,,,Golden-Maned Bison
3021501,,,Tagar
3021511,,,Kuduru Executioner
3021512,,,Kuduru Warchief
3030101,,,Ancient Beast
3030111,,,Kiguru Master Spearman
3030113,,,Thorn Boar
3030114,,,Kiguru Master Warrior
3030116,,,Kiguru Master Charger
3030181,,,Small Mukarok
3030182,Blessing-infused,,Medium Zabarak
3030191,,,
3030192,,,
3030193,,,
3030201,,,Bladed Bat
3030301,,,Torch of Atrahasis
3030311,,,Young Striped Wild Rappie
3030312,,,Kiguru Master Scout
3030321,Torch-seeking,,Kiguru Master Bowman
3030331,Torch-seeking,,Ironhorn Ape Alpha
3030381,Blessing-infused,,Medium Zabarak
3030382,Blessing-infused,,Medium Zabarak
3030383,Blessing-infused,,Medium Zabarak
3030391,,,Ancient Guardian
3030392,,,Ancient Guardian
3030401,,,Gigaz
3030501,,,Ironeater
3030511,,,Young Dragon-scale Hound
3030512,,,Dragon-scale Hound
3030513,,,Sandmaw
3030514,,,Young Spotted Bison
3030515,,,Young Rhino Buffalo
3030516,,,Striped Bison
3030581,,,Small Mukarok
3030582,Blessing-infused,,Medium Zabarak
3030591,,,
3030592,,,
3030593,,,
3030594,,,
3030595,,,
3030601,,,Golden-Maned Bison
3030701,,,Torch of Atrahasis
3030711,,,Thorn Boar
3030712,,,Kiguru Master Warrior
3030721,Torch-seeking,,Kiguru Master Charger
3030731,Torch-seeking,,Steeleater
3030781,Blessing-infused,,Medium Zabarak
3030782,Blessing-infused,,Medium Zabarak
3030783,Blessing-infused,,Medium Zabarak
3030791,,,Ancient Guardian
3030792,,,Ancient Guardian
3030801,,,Urukkur
3030901,,,Adamantine Beast
3030911,,,Lesser Plague Wasp Soldier
3030913,,,Plague Wasp General
3030914,,,Small Shagusan
3030916,,,Medium Kravorus
3030981,,,Small Mukarok
3030982,Blessing-infused,,Medium Zabarak
3030991,,,
3030992,,,
3030993,,,
3031001,,,Kuduru Sorcerer
3031101,,,Torch of Atrahasis
3031111,,,Young Striped Wild Rappie
3031112,,,Kiguru Master Scout
3031113,,,Thorn Boar
3031114,,,Kiguru Master Warrior
3031121,Torch-seeking,,Kiguru Master Bowman
3031122,Torch-seeking,,Kiguru Master Charger
3031131,Torch-seeking,,Ironhorn Ape Alpha
3031132,Torch-seeking,,Steeleater
3031181,Blessing-infused,,Medium Zabarak
3031182,Blessing-infused,,Medium Zabarak
3031183,Blessing-infused,,Medium Zabarak
3031191,,,Ancient Guardian
3031192,,,Ancient Guardian
3031201,,,Gigaz
3031301,,,Anteaters
3031311,,,Small Man-eating Predator
3031313,,,Thorn Boar
3031314,,,Young Wild Predator
3031316,,,Ironclad Turtle
3031371,,,Stonehide Beast
3031372,,,Bladed Bat
3031381,,,Small Mukarok
3031382,Blessing-infused,,Medium Zabarak
3031391,,,
3031392,,,
3031393,,,
3031394,,,
3031401,,,Majestic Wyvern
3031501,,,Urukkur
3031511,,,Kiguru Master Warrior
3031512,,,Kiguru Master Charger
3040101,,,Clawed Bat
3040111,,,Young Gray Primal Rappie
3040112,,,Gray Predator
3040113,,,Carapace Beast
3040114,,,Young Stonefist Bear
3040115,,,Young Dragon-scale Hound
3040116,,,Great Lord of the Forest
3040181,,,Small Mukarok
3040182,Blessing-infused,,Medium Zabarak
3040191,,,
3040192,,,
3040193,,,
3040194,,,
3040201,,,Sandmaw
3040301,,,Torch of Atrahasis
3040311,,,Small Lord of the Forest
3040312,,,Lord of the Forest
3040321,Torch-seeking,,Small Vampire Bat
3040331,Torch-seeking,,Ancient Tree Giant
3040381,Blessing-infused,,Medium Zabarak
3040382,Blessing-infused,,Medium Zabarak
3040383,Blessing-infused,,Medium Zabarak
3040391,,,Ancient Guardian
3040392,,,Ancient Guardian
3040401,,,Mushugal
3040501,,,Carapace Beast
3040511,,,Young Black Predator
3040513,,,Ironclad Bear
3040514,,,Lesser Moth Witch
3040516,,,Infected Ironclad Bear
3040581,,,Small Mukarok
3040582,Blessing-infused,,Medium Zabarak
3040591,,,
3040592,,,
3040593,,,
3040601,,,Blue Wyvern
3040701,,,Torch of Atrahasis
3040711,,,Small Lord of the Forest
3040712,,,Large Wild Predator
3040721,Torch-seeking,,Small Vampire Bat
3040731,Torch-seeking,,Vampire Bat
3040781,Blessing-infused,,Medium Zabarak
3040782,Blessing-infused,,Medium Zabarak
3040783,Blessing-infused,,Medium Zabarak
3040791,,,Ancient Guardian
3040792,,,Ancient Guardian
3040801,,,Kirjur
3040901,,,Kuduru Sorcerer
3040911,,,Kuduru Executioner
3040912,,,Small Man-eating Predator
3040913,,,Sergal Berserker
3040914,,,Young Gray Primal Rappie
3040915,,,Young Horned Ox
3040916,,,Large Monarch Buffalo
3040981,,,Small Mukarok
3040982,Blessing-infused,,Medium Zabarak
3040991,,,
3040992,,,
3040993,,,
3040994,,,
3041001,,,Thunderbird
3041101,,,Torch of Atrahasis
3041111,,,Young Wild Predator
3041112,,,Lord of the Forest
3041121,Torch-seeking,,Small Vampire Bat
3041131,Torch-seeking,,Ancient Tree Giant
3041132,Torch-seeking,,Vampire Bat
3041181,Blessing-infused,,Medium Zabarak
3041182,Blessing-infused,,Medium Zabarak
3041183,Blessing-infused,,Medium Zabarak
3041191,,,Ancient Guardian
3041192,,,Ancient Guardian
3041201,,,Mushugal
3041301,,,Majestic Wyvern
3041311,,,Small Man-eating Predator
3041313,,,Black Predator
3041314,,,Young Dragon-scale Hound
3041316,,,Horned Ape
3041371,,,Stonehide Beast
3041372,,,Bladed Bat
3041381,,,Small Mukarok
3041382,Blessing-infused,,Medium Zabarak
3041391,,,
3041392,,,
3041393,,,
3041394,,,
3041401,,,Kuduru Great Warrior
3041501,,,Kirjur
3041511,,,Small Man-eating Predator
3041512,,,Gray Predator
3050101,,,Giant Red Wyvern
3050111,,,Small Red Wyrm Mantis
3050112,,,Lesser Plague Wasp Soldier
3050113,,,Plague Wasp General
3050114,,,Young Wild Predator
3050115,,,Young Ironhorn Ape
3050116,,,Large Red Wolf
3050117,,,Young Forest Leopard
3050118,,,Young Forest Boar
3050119,,,Large White Tiger
3050181,,,Small Mukarok
3050182,Blessing-infused,,Medium Zabarak
3050191,,,
3050201,,,Torch of Atrahasis
3050211,,,Small Cockatrice
3050212,,,Lord of the Forest
3050221,Torch-seeking,,Cockatrice
3050231,Torch-seeking,,Ancient Giant
3050281,Blessing-infused,,Medium Zabarak
3050282,Blessing-infused,,Medium Zabarak
3050283,Blessing-infused,,Medium Zabarak
3050291,,,Ancient Guardian
3050292,,,Ancient Guardian
3050301,,,Great Lord of the Forest
3050311,,,Young Red Centipede
3050312,,,Vampire Wasp Squad Leader
3050313,,,Draco Lizard
3050314,,,Small Forest Horseshoe Crab
3050315,,,Small Black Wyrm Mantis
3050316,,,Wyrmfish
3050317,,,Small Infected Predator
3050318,,,Lesser Moth Witch
3050319,,,Forest Bigfoot
3050381,,,Small Mukarok
3050382,Blessing-infused,,Medium Zabarak
3050391,,,
3050392,,,
3050401,,,Blue Wyvern
3050501,,,Clawed Bat
3050511,,,Small Gem Toad
3050512,,,Gem Toad
3050513,,,Carapace Beast
3050514,,,Young Stonefist Bear
3050515,,,Young Dragon-scale Hound
3050516,,,Red Reindeer
3050591,,,Summoning Device
3050601,,,Torch of Atrahasis
3050611,,,Small Red Centipede
3050612,,,Lord of the Forest
3050621,Torch-seeking,,Cockatrice
3050631,Torch-seeking,,Red Centipede
3050681,Blessing-infused,,Medium Zabarak
3050682,Blessing-infused,,Medium Zabarak
3050683,Blessing-infused,,Medium Zabarak
3050691,,,Ancient Guardian
3050692,,,Ancient Guardian
3050701,,,Giant Red Wyvern
3050711,,,Small Red Wyrm Mantis
3050712,,,Lesser Plague Wasp Soldier
3050713,,,Plague Wasp General
3050714,,,Young Wild Predator
3050715,,,Young Ironhorn Ape
3050716,,,Large Red Wolf
3050717,,,Young Forest Leopard
3050718,,,Young Forest Boar
3050719,,,Large White Tiger
3050781,,,Small Mukarok
3050782,Blessing-infused,,Medium Zabarak
3050791,,,
3050801,,,Gigaz
3050901,,,Great Lord of the Forest
3050911,,,Young Red Centipede
3050912,,,Vampire Wasp Squad Leader
3050913,,,Draco Lizard
3050914,,,Small Forest Horseshoe Crab
3050915,,,Small Black Wyrm Mantis
3050916,,,Wyrmfish
3050917,,,Small Infected Predator
3050918,,,Lesser Moth Witch
3050919,,,Forest Bigfoot
3050981,,,Small Mukarok
3050982,Blessing-infused,,Medium Zabarak
3050991,,,
3050992,,,
3051001,,,Torch of Atrahasis
3051011,,,Small Black Wyrm Mantis
3051012,,,Lord of the Forest
3051021,Torch-seeking,,Deepwood Ancient Spearman
3051031,Torch-seeking,,Deepwood Ancient Warrior
3051081,Blessing-infused,,Medium Zabarak
3051082,Blessing-infused,,Medium Zabarak
3051083,Blessing-infused,,Medium Zabarak
3051091,,,Ancient Guardian
3051092,,,Ancient Guardian
3051101,,,Clawed Bat
3051111,,,Young Gray Primal Rappie
3051112,,,Small Rock Draco Lizard
3051113,,,Stoneclad Tortoise
3051114,,,Young Stonefist Bear
3051115,,,Young Dragon-scale Hound
3051116,,,Muzuru Warrior
3051191,,,Summoning Device
3051201,,,Bladed Bat
3051301,,,Giant Red Wyvern
3051311,,,Small Red Wyrm Mantis
3051312,,,Lesser Plague Wasp Soldier
3051313,,,Plague Wasp General
3051314,,,Young Wild Predator
3051315,,,Young Ironhorn Ape
3051316,,,Large Red Wolf
3051317,,,Young Forest Leopard
3051318,,,Young Forest Boar
3051319,,,Large White Tiger
3051381,,,Small Mukarok
3051382,Blessing-infused,,Medium Zabarak
3051391,,,
3051401,,,Golden-Maned Bison
3051501,,,Urukkur
3011601,,,Kuduru Great Warrior
3011611,,,Kuduru Executioner
3011612,,,Small Man-eating Predator
3011613,,,Large Black Predator
3011614,,,Kuduru Overseer
3011615,,,Young Dragon-scale Hound
3011616,,,Kuduru Warchief
3011681,,,Small Mukarok
3011682,Blessing-infused,,Medium Zabarak
3011691,,,
3011692,,,
3011693,,,
3011701,,,Shagriga
3011801,,,Torch of Atrahasis
3011811,,,Young Black Bison
3011812,,,Kiguru Master Bowman
3011821,Torch-seeking,,Kiguru Master Charger
3011831,Torch-seeking,,Kiguru Master Sorcerer
3011881,Blessing-infused,,Medium Zabarak
3011882,Blessing-infused,,Medium Zabarak
3011883,Blessing-infused,,Medium Zabarak
3011891,,,Ancient Guardian
3011892,,,Ancient Guardian
3011901,,,Ereshianna
3011902,,,Small Steel Ant Worker
3011903,,,Standard Steel Ant Soldier
3012001,,,Steeleater
3012011,,,Young Gray Primal Rappie
3012013,,,Young Thunderbird
3012014,,,Lesser Vampire Wasp Soldier
3012016,,,Vampire Wasp Squad Leader
3012081,,,Small Mukarok
3012082,Blessing-infused,,Medium Zabarak
3012091,,,
3012092,,,
3012093,,,
3012101,,,Saharnugal
3012201,,,Torch of Atrahasis
3012211,,,Kiguru Master Scout
3012212,,,Kiguru Master Bowman
3012221,Torch-seeking,,Small Vampire Bat
3012231,Torch-seeking,,Vampire Bat
3012281,Blessing-infused,,Medium Zabarak
3012282,Blessing-infused,,Medium Zabarak
3012283,Blessing-infused,,Medium Zabarak
3012291,,,Ancient Guardian
3012292,,,Ancient Guardian
3012301,,,Thunderbird
3012401,,,Ancient Beast
3012411,,,Small Geigur
3012412,,,Medium Gigsak
3012413,,,Steel Bison
3012414,,,Young Wild Predator
3012416,,,Stonefist Bear
3012481,,,Small Mukarok
3012482,Blessing-infused,,Medium Zabarak
3012491,,,
3012492,,,
3012493,,,
3012501,,,Shagriga
3012601,,,Torch of Atrahasis
3012611,,,Young Black Bison
3012612,,,Kiguru Master Bowman
3012613,,,Kiguru Master Scout
3012621,Torch-seeking,,Kiguru Master Charger
3012622,Torch-seeking,,Small Vampire Bat
3012631,Torch-seeking,,Large Kiguru Master Sorcerer
3012632,Torch-seeking,,Vampire Bat
3012681,Blessing-infused,,Medium Zabarak
3012682,Blessing-infused,,Medium Zabarak
3012683,Blessing-infused,,Medium Zabarak
3012691,,,Ancient Guardian
3012692,,,Ancient Guardian
3012701,,,Giant Majestic Wyvern
3012801,,,Thunderbird
3012811,,,Dragon-scale Hound
3012813,,,Man-eating Horned Ape
3012814,,,Young Spiked Boar
3012816,,,Golden-Maned Bison
3012881,,,Small Mukarok
3012882,Blessing-infused,,Medium Zabarak
3012891,,,
3012892,,,
3012893,,,
3012901,,,Ereshianna
3012902,,,Small Steel Ant Worker
3012903,,,Standard Steel Ant Soldier
3013001,,,Saharnugal
3013011,,,Armored Toad
3013012,,,Young Wyrmfish
3021601,,,Sandeater
3021611,,,Small Ironclad Turtle
3021612,,,Young Wyrmfish
3021613,,,Large Ironclad Turtle
3021614,,,Young Sand Maw
3021615,,,Armored Toad
3021616,,,Horned Ape Alpha
3021681,,,Small Mukarok
3021682,Blessing-infused,,Medium Zabarak
3021691,,,
3021692,,,
3021693,,,
3021694,,,
3021695,,,
3021701,,,Daidalkur
3021801,,,Torch of Atrahasis
3021811,,,Young Spiked Boar
3021812,,,Dragon-scale Hound
3021821,Torch-seeking,,Kuduru Executioner
3021831,Torch-seeking,,Large Kuduru Warchief
3021881,Blessing-infused,,Medium Zabarak
3021882,Blessing-infused,,Medium Zabarak
3021883,Blessing-infused,,Medium Zabarak
3021891,,,Ancient Guardian
3021892,,,Ancient Guardian
3021901,,,Saurgir
3022001,,,Thorn Boar
3022011,,,Lesser Plague Wasp Soldier
3022013,,,Plague Wasp General
3022014,,,Young Gray Primal Rappie
3022016,,,Man-eating Horned Ape
3022071,,,Plague Wasp Supreme General
3022072,,,Battle Bison
3022081,,,Small Mukarok
3022082,Blessing-infused,,Medium Zabarak
3022091,,,
3022092,,,
3022093,,,
3022094,,,
3022101,,,Galarusia
3022102,,,Lesser Vampire Wasp Soldier
3022103,,,Intermediate Vampire Wasp Soldier
3022201,,,Torch of Atrahasis
3022211,,,Dragon-scale Hound
3022212,,,Kuduru Primalist
3022221,Torch-seeking,,Kuduru Seeker
3022231,Torch-seeking,,Large Kuduru Seeker
3022281,Blessing-infused,,Medium Zabarak
3022282,Blessing-infused,,Medium Zabarak
3022283,Blessing-infused,,Medium Zabarak
3022291,,,Ancient Guardian
3022292,,,Ancient Guardian
3022301,,,Blue Wyvern
3022401,,,Kuduru Sorcerer
3022411,,,Abaru Gladiator
3022412,,,Abaru Charger
3022413,,,Abaru Tracker
3022414,,,Kuduru Executioner
3022415,,,Kuduru Overseer
3022416,,,Large Kuduru Warchief
3022481,,,Small Mukarok
3022482,Blessing-infused,,Medium Zabarak
3022491,,,
3022492,,,
3022493,,,
3022494,,,
3022495,,,
3022501,,,Golden-Maned Bison
3022601,,,Torch of Atrahasis
3022611,,,Young Spiked Boar
3022612,,,Dragon-scale Hound
3022613,,,Kuduru Primalist
3022621,Torch-seeking,,Kuduru Executioner
3022622,Torch-seeking,,Kuduru Seeker
3022631,Torch-seeking,,Large Kuduru Warchief
3022632,Torch-seeking,,Large Kuduru Seeker
3022681,Blessing-infused,,Medium Zabarak
3022682,Blessing-infused,,Medium Zabarak
3022683,Blessing-infused,,Medium Zabarak
3022691,,,Ancient Guardian
3022692,,,Ancient Guardian
3022701,,,Daidalkur
3022801,,,Steeleater
3022811,,,Small Steel Ant Worker
3022813,,,Standard Steel Ant Soldier
3022814,,,Lesser Vampire Wasp Soldier
3022816,,,Vampire Wasp General
3022871,,,Draconic Mantis
3022872,,,Spore Crab
3022881,,,Small Mukarok
3022882,Blessing-infused,,Medium Zabarak
3022891,,,
3022892,,,
3022893,,,
3022894,,,
3022901,,,Saurgir
3023001,,,Galarusia
3023002,,,Lesser Vampire Wasp Soldier
3023003,,,Intermediate Vampire Wasp Soldier
3023011,,,Lesser Vampire Wasp Soldier
3023012,,,Intermediate Vampire Wasp Soldier
3031601,,,Ancient Beast
3031611,,,Kiguru Master Spearman
3031613,,,Thorn Boar
3031614,,,Kiguru Master Warrior
3031616,,,Kiguru Master Charger
3031681,,,Small Mukarok
3031682,Blessing-infused,,Medium Zabarak
3031691,,,
3031692,,,
3031693,,,
3031701,Infected Beast King,,Gigaz
3031801,,,Torch of Atrahasis
3031811,,,Young Striped Wild Rappie
3031812,,,Kiguru Master Scout
3031821,Torch-seeking,,Kiguru Master Bowman
3031831,Torch-seeking,,Ironhorn Ape Alpha
3031881,Blessing-infused,,Medium Zabarak
3031882,Blessing-infused,,Medium Zabarak
3031883,Blessing-infused,,Medium Zabarak
3031891,,,Ancient Guardian
3031892,,,Ancient Guardian
3031901,,,Clawed Bat
3032001,,,Ironeater
3032011,,,Young Dragon-scale Hound
3032012,,,Dragon-scale Hound
3032013,,,Sandmaw
3032014,,,Young Spotted Bison
3032015,,,Young Rhino Buffalo
3032016,,,Striped Bison
3032081,,,Small Mukarok
3032082,Blessing-infused,,Medium Zabarak
3032091,,,
3032092,,,
3032093,,,
3032094,,,
3032095,,,
3032101,,,Kuduru Great Warrior
3032201,,,Torch of Atrahasis
3032211,,,Thorn Boar
3032212,,,Kiguru Master Warrior
3032221,Torch-seeking,,Kiguru Master Charger
3032231,Torch-seeking,,Steeleater
3032281,Blessing-infused,,Medium Zabarak
3032282,Blessing-infused,,Medium Zabarak
3032283,Blessing-infused,,Medium Zabarak
3032291,,,Ancient Guardian
3032292,,,Ancient Guardian
3032301,,,Great Sandmaw
3032401,,,Adamantine Beast
3032411,,,Lesser Plague Wasp Soldier
3032413,,,Plague Wasp General
3032414,,,Small Shagusan
3032416,,,Medium Kravorus
3032481,,,Small Mukarok
3032482,Blessing-infused,,Medium Zabarak
3032491,,,
3032492,,,
3032493,,,
3032501,,,Blue Wyvern
3032601,,,Torch of Atrahasis
3032611,,,Young Striped Wild Rappie
3032612,,,Kiguru Master Scout
3032613,,,Thorn Boar
3032614,,,Kiguru Master Warrior
3032621,Torch-seeking,,Kiguru Master Bowman
3032622,Torch-seeking,,Kiguru Master Charger
3032631,Torch-seeking,,Ironhorn Ape Alpha
3032632,Torch-seeking,,Steeleater
3032681,Blessing-infused,,Medium Zabarak
3032682,Blessing-infused,,Medium Zabarak
3032683,Blessing-infused,,Medium Zabarak
3032691,,,Ancient Guardian
3032692,,,Ancient Guardian
3032701,,,Golden-Maned Bison
3032801,,,Anteaters
3032811,,,Small Man-eating Predator
3032813,,,Thorn Boar
3032814,,,Young Wild Predator
3032816,,,Ironclad Turtle
3032871,,,Stonehide Beast
3032872,,,Bladed Bat
3032881,,,Small Mukarok
3032882,Blessing-infused,,Medium Zabarak
3032891,,,
3032892,,,
3032893,,,
3032894,,,
3032901,,,Thunderbird
3033001,,,Urukkur
3033011,,,Chromatic Spider
3033012,,,Small Black Wyrm Mantis
3041601,,,Clawed Bat
3041611,,,Young Gray Primal Rappie
3041612,,,Gray Predator
3041613,,,Carapace Beast
3041614,,,Young Stonefist Bear
3041615,,,Young Dragon-scale Hound
3041616,,,Great Lord of the Forest
3041681,,,Small Mukarok
3041682,Blessing-infused,,Medium Zabarak
3041691,,,
3041692,,,
3041693,,,
3041694,,,
3041701,,,Thorn Boar
3041801,,,Torch of Atrahasis
3041811,,,Small Lord of the Forest
3041812,,,Lord of the Forest
3041821,Torch-seeking,,Small Vampire Bat
3041831,Torch-seeking,,Ancient Tree Giant
3041881,Blessing-infused,,Medium Zabarak
3041882,Blessing-infused,,Medium Zabarak
3041883,Blessing-infused,,Medium Zabarak
3041891,,,Ancient Guardian
3041892,,,Ancient Guardian
3041901,,,Mushugal
3042001,,,Carapace Beast
3042011,,,Young Black Predator
3042013,,,Ironclad Bear
3042014,,,Lesser Moth Witch
3042016,,,Infected Ironclad Bear
3042081,,,Small Mukarok
3042082,Blessing-infused,,Medium Zabarak
3042091,,,
3042092,,,
3042093,,,
3042101,,,Giant Majestic Wyvern
3042201,,,Torch of Atrahasis
3042211,,,Small Lord of the Forest
3042212,,,Large Wild Predator
3042221,Torch-seeking,,Small Vampire Bat
3042231,Torch-seeking,,Vampire Bat
3042281,Blessing-infused,,Medium Zabarak
3042282,Blessing-infused,,Medium Zabarak
3042283,Blessing-infused,,Medium Zabarak
3042291,,,Ancient Guardian
3042292,,,Ancient Guardian
3042301,,,Great Lord of the Forest
3042401,,,Kuduru Sorcerer
3042411,,,Kuduru Executioner
3042412,,,Small Man-eating Predator
3042413,,,Sergal Berserker
3042414,,,Young Gray Primal Rappie
3042415,,,Young Horned Ox
3042416,,,Large Monarch Buffalo
3042481,,,Small Mukarok
3042482,Blessing-infused,,Medium Zabarak
3042491,,,
3042492,,,
3042493,,,
3042494,,,
3042501,,,Giant Carapace Beast
3042601,,,Torch of Atrahasis
3042611,,,Young Wild Predator
3042612,,,Lord of the Forest
3042621,Torch-seeking,,Small Vampire Bat
3042631,Torch-seeking,,Ancient Tree Giant
3042632,Torch-seeking,,Vampire Bat
3042681,Blessing-infused,,Medium Zabarak
3042682,Blessing-infused,,Medium Zabarak
3042683,Blessing-infused,,Medium Zabarak
3042691,,,Ancient Guardian
3042692,,,Ancient Guardian
3042701,,,Thunderbird
3042801,,,Majestic Wyvern
3042811,,,Small Man-eating Predator
3042813,,,Black Predator
3042814,,,Young Dragon-scale Hound
3042816,,,Horned Ape
3042871,,,Stonehide Beast
3042872,,,Bladed Bat
3042881,,,Small Mukarok
3042882,Blessing-infused,,Medium Zabarak
3042891,,,
3042892,,,
3042893,,,
3042894,,,
3042901,,,Kuduru Great Warrior
3043001,,,Kirjur
3043011,,,Dragon-scale Hound
3043012,,,Blue Wild Rappie
3051601,,,Clawed Bat
3051611,,,Young Gray Primal Rappie
3051612,,,Gray Predator
3051613,,,Carapace Beast
3051614,,,Young Stonefist Bear
3051615,,,Young Dragon-scale Hound
3051616,,,Great Lord of the Forest
3051681,,,Small Mukarok
3051682,Blessing-infused,,Medium Zabarak
3051691,,,
3051692,,,
3051693,,,
3051694,,,
3051701,,,Torch of Atrahasis
3051711,,,Small Lord of the Forest
3051712,,,Lord of the Forest
3051721,Torch-seeking,,Small Vampire Bat
3051731,Torch-seeking,,Ancient Tree Giant
3051781,Blessing-infused,,Medium Zabarak
3051782,Blessing-infused,,Medium Zabarak
3051783,Blessing-infused,,Medium Zabarak
3051791,,,Ancient Guardian
3051792,,,Ancient Guardian
3051801,,,Carapace Beast
3051811,,,Young Black Predator
3051813,,,Ironclad Bear
3051814,,,Lesser Moth Witch
3051816,,,Infected Ironclad Bear
3051881,,,Small Mukarok
3051882,Blessing-infused,,Medium Zabarak
3051891,,,
3051892,,,
3051893,,,
3051901,,,Blue Wyvern
3052001,,,Clawed Bat
3052011,,,Young Gray Primal Rappie
3052012,,,Gray Predator
3052013,,,Carapace Beast
3052014,,,Young Stonefist Bear
3052015,,,Young Dragon-scale Hound
3052016,,,Great Lord of the Forest
3052081,,,Small Mukarok
3052082,Blessing-infused,,Medium Zabarak
3052091,,,
3052092,,,
3052093,,,
3052094,,,
3052101,,,Torch of Atrahasis
3052111,,,Small Lord of the Forest
3052112,,,Lord of the Forest
3052121,Torch-seeking,,Small Vampire Bat
3052131,Torch-seeking,,Ancient Tree Giant
3052181,Blessing-infused,,Medium Zabarak
3052182,Blessing-infused,,Medium Zabarak
3052183,Blessing-infused,,Medium Zabarak
3052191,,,Ancient Guardian
3052192,,,Ancient Guardian
3052201,,,Carapace Beast
3052211,,,Young Black Predator
3052213,,,Ironclad Bear
3052214,,,Lesser Moth Witch
3052216,,,Infected Ironclad Bear
3052281,,,Small Mukarok
3052282,Blessing-infused,,Medium Zabarak
3052291,,,
3052292,,,
3052293,,,
3052301,,,Blue Wyvern
3052401,,,Clawed Bat
3052411,,,Young Gray Primal Rappie
3052412,,,Gray Predator
3052413,,,Carapace Beast
3052414,,,Young Stonefist Bear
3052415,,,Young Dragon-scale Hound
3052416,,,Great Lord of the Forest
3052481,,,Small Mukarok
3052482,Blessing-infused,,Medium Zabarak
3052491,,,
3052492,,,
3052493,,,
3052494,,,
3052501,,,Torch of Atrahasis
3052511,,,Small Lord of the Forest
3052512,,,Lord of the Forest
3052521,Torch-seeking,,Small Vampire Bat
3052531,Torch-seeking,,Ancient Tree Giant
3052581,Blessing-infused,,Medium Zabarak
3052582,Blessing-infused,,Medium Zabarak
3052583,Blessing-infused,,Medium Zabarak
3052591,,,Ancient Guardian
3052592,,,Ancient Guardian
3052601,,,Carapace Beast
3052611,,,Young Black Predator
3052613,,,Ironclad Bear
3052614,,,Lesser Moth Witch
3052616,,,Infected Ironclad Bear
3052681,,,Small Mukarok
3052682,Blessing-infused,,Medium Zabarak
3052691,,,
3052692,,,
3052693,,,
3052701,,,Blue Wyvern
3052801,,,Clawed Bat
3052811,,,Young Gray Primal Rappie
3052812,,,Gray Predator
3052813,,,Carapace Beast
3052814,,,Young Stonefist Bear
3052815,,,Young Dragon-scale Hound
3052816,,,Great Lord of the Forest
3052881,,,Small Mukarok
3052882,Blessing-infused,,Medium Zabarak
3052891,,,
3052892,,,
3052893,,,
3052894,,,
3052901,,,Blue Wyvern
3053001,,,Blue Wyvern
3100001,Black Reaper,,Karugura
3100101,Red Mane,,Tagar
3100201,Infected Beast King,,Gigaz
3100301,Storm Spear,,Urukkur
3100401,The Fallen,,Mushugal
3100501,Landslide,,Kirjur
3100601,Viscera Harvester,,Shagriga
3100701,Iron Queen,,Ereshianna
3100801,Sand King,,Saharnugal
3100901,Ashen Butcher,,Daidalkur
3101001,Blue Lightning,,Saurgir
3101101,Blood Queen,,Galarusia
3101201,Sun Devourer,,Aluk
3101301,Dark Fang,,Kakazu
3101401,Dancing Death,,Lugaz
3101501,Deep Sea Overlord,,Gnumar
3101601,Wings of Death,,Tilaga
3101701,Avatar of Wind,,Shagan
3101801,Crimson Stalker,,Damuradid
3101901,Twilight Hunter,,Nurbahar
3200001,,,Medium Zabarak
3200011,,,Medium Zabarak
3200021,,,Medium Zabarak
3200031,,,Medium Zabarak
3200041,,,Medium Zabarak
3200051,,,Medium Zabarak
3501101,Blue Demon,,Kubaba
3501102,,,Great Lord of the Forest
3501103,,,Young Black Horned Ape
3501104,,,Black Horned Ape
3501105,,,Black Horned Ape Alpha
3501106,,,Ironhorn Ape
3501107,,,Man-eating Horned Ape
3501111,,,Twisted Parasite
3501112,,,Horned Ape
3501113,,,Man-eating Predator
3501114,,,Young Gray Primal Rappie
3501115,,,Kuduru Sorcerer
3501121,,,Small Shadok
3501122,,,Small Shadok
3501123,,,Small Shadok
3501131,,,Twisted Parasite
3501132,,,Horned Ape
3501133,,,Man-eating Predator
3501134,,,Young Gray Primal Rappie
3501135,,,Kuduru Sorcerer
3501201,Blue Demon,,Kubaba
3501202,,,Great Lord of the Forest
3501203,,,Young Black Horned Ape
3501204,,,Black Horned Ape
3501205,,,Black Horned Ape Alpha
3501206,,,Ironhorn Ape
3501207,,,Man-eating Horned Ape
3501211,,,Twisted Parasite
3501212,,,Horned Ape
3501213,,,Man-eating Predator
3501214,,,Young Gray Primal Rappie
3501215,,,Kuduru Sorcerer
3501221,,,Small Shadok
3501222,,,Small Shadok
3501223,,,Small Shadok
3501231,,,Twisted Parasite
3501232,,,Horned Ape
3501233,,,Man-eating Predator
3501234,,,Young Gray Primal Rappie
3501235,,,Kuduru Sorcerer
3501301,Blue Demon,,Kubaba
3501302,,,Great Lord of the Forest
3501303,,,Young Black Horned Ape
3501304,,,Black Horned Ape
3501305,,,Black Horned Ape Alpha
3501306,,,Ironhorn Ape
3501307,,,Man-eating Horned Ape
3501311,,,Twisted Parasite
3501312,,,Horned Ape
3501313,,,Man-eating Predator
3501314,,,Young Gray Primal Rappie
3501315,,,Kuduru Sorcerer
3501321,,,Small Shadok
3501322,,,Small Shadok
3501323,,,Small Shadok
3501331,,,Twisted Parasite
3501332,,,Horned Ape
3501333,,,Man-eating Predator
3501334,,,Young Gray Primal Rappie
3501335,,,Kuduru Sorcerer
3501401,Blue Demon,,Kubaba
3501402,,,Great Lord of the Forest
3501403,,,Young Black Horned Ape
3501404,,,Black Horned Ape
3501405,,,Black Horned Ape Alpha
3501406,,,Ironhorn Ape
3501407,,,Man-eating Horned Ape
3501411,,,Twisted Parasite
3501412,,,Horned Ape
3501413,,,Man-eating Predator
3501414,,,Young Gray Primal Rappie
3501415,,,Kuduru Sorcerer
3501421,,,Small Shadok
3501422,,,Small Shadok
3501423,,,Small Shadok
3501431,,,Twisted Parasite
3501432,,,Horned Ape
3501433,,,Man-eating Predator
3501434,,,Young Gray Primal Rappie
3501435,,,Kuduru Sorcerer
3502101,Abyssal Hunter,,Mahashkud
3502103,Abyssal Hunter,,Mahashkud
3502102,,,Behemoth
3502111,,,Large Ironclad Turtle
3502112,,,Abaru Hunter
3502113,,,Abaru Spearman
3502114,,,Young Dragon-scale Hound
3502115,,,Armored Toad
3502121,,,Young Dragon-scale Hound
3502122,,,Armored Toad
3502123,,,Small Shadok
3502131,,,Large Ironclad Turtle
3502132,,,Abaru Hunter
3502133,,,Abaru Spearman
3502134,,,Young Dragon-scale Hound
3502135,,,Armored Toad
3502201,Abyssal Hunter,,Mahashkud
3502203,Abyssal Hunter,,Mahashkud
3502202,,,Behemoth
3502211,,,Large Ironclad Turtle
3502212,,,Abaru Hunter
3502213,,,Abaru Spearman
3502214,,,Young Dragon-scale Hound
3502215,,,Armored Toad
3502221,,,Young Dragon-scale Hound
3502222,,,Armored Toad
3502223,,,Small Shadok
3502231,,,Large Ironclad Turtle
3502232,,,Abaru Hunter
3502233,,,Abaru Spearman
3502234,,,Young Dragon-scale Hound
3502235,,,Armored Toad
3502301,Abyssal Hunter,,Mahashkud
3502303,Abyssal Hunter,,Mahashkud
3502302,,,Behemoth
3502311,,,Large Ironclad Turtle
3502312,,,Abaru Hunter
3502313,,,Abaru Spearman
3502314,,,Young Dragon-scale Hound
3502315,,,Armored Toad
3502321,,,Young Dragon-scale Hound
3502322,,,Armored Toad
3502323,,,Small Shadok
3502331,,,Large Ironclad Turtle
3502332,,,Abaru Hunter
3502333,,,Abaru Spearman
3502334,,,Young Dragon-scale Hound
3502335,,,Armored Toad
3502401,Abyssal Hunter,,Mahashkud
3502403,Abyssal Hunter,,Mahashkud
3502402,,,Behemoth
3502411,,,Large Ironclad Turtle
3502412,,,Abaru Hunter
3502413,,,Abaru Spearman
3502414,,,Young Dragon-scale Hound
3502415,,,Armored Toad
3502421,,,Young Dragon-scale Hound
3502422,,,Armored Toad
3502423,,,Small Shadok
3502431,,,Large Ironclad Turtle
3502432,,,Abaru Hunter
3502433,,,Abaru Spearman
3502434,,,Young Dragon-scale Hound
3502435,,,Armored Toad
3503101,Savage Heart of the Forest,,Tirsak
3503102,Tree Giant Seed,,Tree Giant Seed
3503103,,,Large Brown Thorn Boar
3503104,,,
3503111,,,Large Wild Predator
3503112,,,Small Spore Crab
3503113,,,Small Yellow Wyrm Mantis
3503114,,,Vampire Wasp Squad Leader
3503115,,,Kuduru Scout
3503201,Savage Heart of the Forest,,Tirsak
3503202,Tree Giant Seed,,Tree Giant Seed
3503203,,,Large Brown Thorn Boar
3503204,,,
3503211,,,Large Wild Predator
3503212,,,Small Spore Crab
3503213,,,Small Yellow Wyrm Mantis
3503214,,,Vampire Wasp Squad Leader
3503215,,,Kuduru Scout
3503301,Savage Heart of the Forest,,Tirsak
3503302,Tree Giant Seed,,Tree Giant Seed
3503303,,,Large Brown Thorn Boar
3503304,,,
3503311,,,Large Wild Predator
3503312,,,Small Spore Crab
3503313,,,Small Yellow Wyrm Mantis
3503314,,,Vampire Wasp Squad Leader
3503315,,,Kuduru Scout
3503401,Savage Heart of the Forest,,Tirsak
3503402,Tree Giant Seed,,Tree Giant Seed
3503403,,,Large Brown Thorn Boar
3503404,,,
3503411,,,Large Wild Predator
3503412,,,Small Spore Crab
3503413,,,Small Yellow Wyrm Mantis
3503414,,,Vampire Wasp Squad Leader
3503415,,,Kuduru Scout
3504101,,,Small Shadok
3504102,,,Small Shadok
3504111,,,Small Shadok
3504112,,,Small Shadok
3504113,,,Small Shadok
3504114,,,Small Shadok
3504115,,,Small Shadok
3504121,,,Small Shadok
3504122,,,Small Shadok
3504123,,,Small Shadok
3504201,,,Small Shadok
3504202,,,Small Shadok
3504211,,,Small Shadok
3504212,,,Small Shadok
3504213,,,Small Shadok
3504214,,,Small Shadok
3504215,,,Small Shadok
3504221,,,Small Shadok
3504222,,,Small Shadok
3504223,,,Small Shadok
3504301,,,Small Shadok
3504302,,,Small Shadok
3504311,,,Small Shadok
3504312,,,Small Shadok
3504313,,,Small Shadok
3504314,,,Small Shadok
3504315,,,Small Shadok
3504321,,,Small Shadok
3504322,,,Small Shadok
3504323,,,Small Shadok
3511101,Blue Demon,,Kubaba
3511102,,,Great Lord of the Forest
3511103,,,Young Black Horned Ape
3511104,,,Black Horned Ape
3511105,,,Black Horned Ape Alpha
3511106,,,Ironhorn Ape
3511107,,,Man-eating Horned Ape
3511111,,,Twisted Parasite
3511112,,,Horned Ape
3511113,,,Man-eating Predator
3511114,,,Young Gray Primal Rappie
3511115,,,Kuduru Sorcerer
3511121,,,Small Shadok
3511122,,,Small Shadok
3511123,,,Small Shadok
3511131,,,Twisted Parasite
3511132,,,Horned Ape
3511133,,,Man-eating Predator
3511134,,,Young Gray Primal Rappie
3511135,,,Kuduru Sorcerer
3511201,Blue Demon,,Kubaba
3511202,,,Great Lord of the Forest
3511203,,,Young Black Horned Ape
3511204,,,Black Horned Ape
3511205,,,Black Horned Ape Alpha
3511206,,,Ironhorn Ape
3511207,,,Man-eating Horned Ape
3511211,,,Twisted Parasite
3511212,,,Horned Ape
3511213,,,Man-eating Predator
3511214,,,Young Gray Primal Rappie
3511215,,,Kuduru Sorcerer
3511221,,,Small Shadok
3511222,,,Small Shadok
3511223,,,Small Shadok
3511231,,,Twisted Parasite
3511232,,,Horned Ape
3511233,,,Man-eating Predator
3511234,,,Young Gray Primal Rappie
3511235,,,Kuduru Sorcerer
3511301,Blue Demon,,Kubaba
3511302,,,Great Lord of the Forest
3511303,,,Young Black Horned Ape
3511304,,,Black Horned Ape
3511305,,,Black Horned Ape Alpha
3511306,,,Ironhorn Ape
3511307,,,Man-eating Horned Ape
3511311,,,Twisted Parasite
3511312,,,Horned Ape
3511313,,,Man-eating Predator
3511314,,,Young Gray Primal Rappie
3511315,,,Kuduru Sorcerer
3511321,,,Small Shadok
3511322,,,Small Shadok
3511323,,,Small Shadok
3511331,,,Twisted Parasite
3511332,,,Horned Ape
3511333,,,Man-eating Predator
3511334,,,Young Gray Primal Rappie
3511335,,,Kuduru Sorcerer
3511401,Blue Demon,,Kubaba
3511402,,,Great Lord of the Forest
3511403,,,Young Black Horned Ape
3511404,,,Black Horned Ape
3511405,,,Black Horned Ape Alpha
3511406,,,Ironhorn Ape
3511407,,,Man-eating Horned Ape
3511411,,,Twisted Parasite
3511412,,,Horned Ape
3511413,,,Man-eating Predator
3511414,,,Young Gray Primal Rappie
3511415,,,Kuduru Sorcerer
3511421,,,Small Shadok
3511422,,,Small Shadok
3511423,,,Small Shadok
3511431,,,Twisted Parasite
3511432,,,Horned Ape
3511433,,,Man-eating Predator
3511434,,,Young Gray Primal Rappie
3511435,,,Kuduru Sorcerer
3522101,Abyssal Hunter,,Mahashkud
3522103,Abyssal Hunter,,Mahashkud
3522102,,,Behemoth
3522111,,,Large Ironclad Turtle
3522112,,,Abaru Hunter
3522113,,,Abaru Spearman
3522114,,,Young Dragon-scale Hound
3522115,,,Armored Toad
3522121,,,Young Dragon-scale Hound
3522122,,,Armored Toad
3522123,,,Small Shadok
3522131,,,Large Ironclad Turtle
3522132,,,Abaru Hunter
3522133,,,Abaru Spearman
3522134,,,Young Dragon-scale Hound
3522135,,,Armored Toad
3522201,Abyssal Hunter,,Mahashkud
3522203,Abyssal Hunter,,Mahashkud
3522202,,,Behemoth
3522211,,,Large Ironclad Turtle
3522212,,,Abaru Hunter
3522213,,,Abaru Spearman
3522214,,,Young Dragon-scale Hound
3522215,,,Armored Toad
3522221,,,Young Dragon-scale Hound
3522222,,,Armored Toad
3522223,,,Small Shadok
3522231,,,Large Ironclad Turtle
3522232,,,Abaru Hunter
3522233,,,Abaru Spearman
3522234,,,Young Dragon-scale Hound
3522235,,,Armored Toad
3522301,Abyssal Hunter,,Mahashkud
3522303,Abyssal Hunter,,Mahashkud
3522302,,,Behemoth
3522311,,,Large Ironclad Turtle
3522312,,,Abaru Hunter
3522313,,,Abaru Spearman
3522314,,,Young Dragon-scale Hound
3522315,,,Armored Toad
3522321,,,Young Dragon-scale Hound
3522322,,,Armored Toad
3522323,,,Small Shadok
3522331,,,Large Ironclad Turtle
3522332,,,Abaru Hunter
3522333,,,Abaru Spearman
3522334,,,Young Dragon-scale Hound
3522335,,,Armored Toad
3522401,Abyssal Hunter,,Mahashkud
3522403,Abyssal Hunter,,Mahashkud
3522402,,,Behemoth
3522411,,,Large Ironclad Turtle
3522412,,,Abaru Hunter
3522413,,,Abaru Spearman
3522414,,,Young Dragon-scale Hound
3522415,,,Armored Toad
3522421,,,Young Dragon-scale Hound
3522422,,,Armored Toad
3522423,,,Small Shadok
3522431,,,Large Ironclad Turtle
3522432,,,Abaru Hunter
3522433,,,Abaru Spearman
3522434,,,Young Dragon-scale Hound
3522435,,,Armored Toad
3533101,Savage Heart of the Forest,,Tirsak
3533102,Tree Giant Seed,,Tree Giant Seed
3533103,,,Large Brown Thorn Boar
3533104,,,
3533111,,,Large Wild Predator
3533112,,,Small Spore Crab
3533113,,,Small Yellow Wyrm Mantis
3533114,,,Vampire Wasp Squad Leader
3533115,,,Kuduru Scout
3533201,Savage Heart of the Forest,,Tirsak
3533202,Tree Giant Seed,,Tree Giant Seed
3533203,,,Large Brown Thorn Boar
3533204,,,
3533211,,,Large Wild Predator
3533212,,,Small Spore Crab
3533213,,,Small Yellow Wyrm Mantis
3533214,,,Vampire Wasp Squad Leader
3533215,,,Kuduru Scout
3533301,Savage Heart of the Forest,,Tirsak
3533302,Tree Giant Seed,,Tree Giant Seed
3533303,,,Large Brown Thorn Boar
3533304,,,
3533311,,,Large Wild Predator
3533312,,,Small Spore Crab
3533313,,,Small Yellow Wyrm Mantis
3533314,,,Vampire Wasp Squad Leader
3533315,,,Kuduru Scout
3533401,Savage Heart of the Forest,,Tirsak
3533402,Tree Giant Seed,,Tree Giant Seed
3533403,,,Large Brown Thorn Boar
3533404,,,
3533411,,,Large Wild Predator
3533412,,,Small Spore Crab
3533413,,,Small Yellow Wyrm Mantis
3533414,,,Vampire Wasp Squad Leader
3533415,,,Kuduru Scout
3601101,Grumpy,,Kubaba
3601102,,,Great Lord of the Forest
3601103,,,Young Black Horned Ape
3601104,,,Black Horned Ape
3601105,,,Black Horned Ape Alpha
3601106,,,Ironhorn Ape
3601107,,,Man-eating Horned Ape
3601111,,,Twisted Parasite
3601112,,,Horned Ape
3601113,,,Man-eating Predator
3601114,,,Young Gray Primal Rappie
3601115,,,Kuduru Sorcerer
3601121,,,Small Shadok
3601122,,,Small Shadok
3601123,,,Small Shadok
3601131,,,Twisted Parasite
3601132,,,Horned Ape
3601133,,,Man-eating Predator
3601134,,,Young Gray Primal Rappie
3601135,,,Kuduru Sorcerer
3601201,Grumpy,,Kubaba
3601202,,,Great Lord of the Forest
3601203,,,Young Black Horned Ape
3601204,,,Black Horned Ape
3601205,,,Black Horned Ape Alpha
3601206,,,Ironhorn Ape
3601207,,,Man-eating Horned Ape
3601211,,,Twisted Parasite
3601212,,,Horned Ape
3601213,,,Man-eating Predator
3601214,,,Young Gray Primal Rappie
3601215,,,Kuduru Sorcerer
3601221,,,Small Shadok
3601222,,,Small Shadok
3601223,,,Small Shadok
3601231,,,Twisted Parasite
3601232,,,Horned Ape
3601233,,,Man-eating Predator
3601234,,,Young Gray Primal Rappie
3601235,,,Kuduru Sorcerer
3601301,Grumpy,,Kubaba
3601302,,,Great Lord of the Forest
3601303,,,Young Black Horned Ape
3601304,,,Black Horned Ape
3601305,,,Black Horned Ape Alpha
3601306,,,Ironhorn Ape
3601307,,,Man-eating Horned Ape
3601311,,,Twisted Parasite
3601312,,,Horned Ape
3601313,,,Man-eating Predator
3601314,,,Young Gray Primal Rappie
3601315,,,Kuduru Sorcerer
3601321,,,Small Shadok
3601322,,,Small Shadok
3601323,,,Small Shadok
3601331,,,Twisted Parasite
3601332,,,Horned Ape
3601333,,,Man-eating Predator
3601334,,,Young Gray Primal Rappie
3601335,,,Kuduru Sorcerer
4010001,,,
4010101,,,King Steeleater
4010102,,,Giant Thunderbird
4010111,,,Dragon-scale Hound
4010112,,,Medium Mukarok
4010113,,,Helm Snake
4010114,,,Medium Shadok
4010201,,,Giant Red Wyvern
4010202,,,Kuduru Great Warrior
4010211,,,Infected Predator
4010212,,,Kuduru Sorcerer
4010213,,,Medium Moskaron
4010214,,,Kuduru Scout
4010301,,,Large Thorn Boar
4010302,,,Kuduru Sorcerer
4010311,,,Medium Sabor
4010312,,,Medium Jigur
4010313,,,Vampire Wasp General
4010314,,,Stoneshell Toad
4010401,,,Giant Carapace Beast
4010402,,,Giant Majestic Wyvern
4010411,,,Ironclad Turtle
4010412,,,Kiguru Bowman
4010413,,,Young Blue Wild Rappie
4010414,,,Spike Bat
4010501,,,King Talon Bat
4010502,,,Hulking Swamp Maw
4010511,,,Helm Ox
4010512,,,Young Monster Predator
4010513,,,Young Blue Wild Rappie
4010514,,,Spike Bat
4020101,,,Young Battle Bison
4020102,,,Young Battle Bison
4020103,,,Young Battle Bison
4020104,,,Young Battle Bison
4020105,,,Young Battle Bison
4020106,,,Kuduru Scout
4020107,,,Kuduru Scout
4020108,,,Kuduru Scout
4020109,,,Kuduru Scout
4020110,,,Kuduru Scout
4020111,,,Young Battle Bison
4020112,,,Kuduru Scout
4020201,,,Lesser Vampire Wasp Soldier
4020202,,,Verdant Giant
4020206,,,Lesser Vampire Wasp Soldier
4020207,,,Verdant Giant
4020211,,,Lesser Vampire Wasp Soldier
4020212,,,Verdant Giant
4020216,,,Lesser Vampire Wasp Soldier
4020217,,,Verdant Giant
4020221,,,Lesser Vampire Wasp Soldier
4020222,,,Verdant Giant
4020226,,,Lesser Vampire Wasp Soldier
4020227,,,Verdant Giant
4020301,,,Small Kuduru Sorcerer
4020303,,,Small Kuduru Sorcerer
4020305,,,Small Kuduru Sorcerer
4020307,,,Small Kuduru Sorcerer
4020309,,,Small Kuduru Sorcerer
4020311,,,Small Kuduru Sorcerer
4020401,,,Medium Zabarak
4020411,,,Medium Zabarak
4020421,,,Medium Zabarak
4020431,,,Medium Zabarak
4020441,,,Medium Zabarak
4020451,,,Medium Zabarak
4100101,Lava Fist,,Gishkal
4100102,Lava Fist,,Gishkal
4100103,Lava Fist,,Gishkal
4100201,Ice Blade,,Halpasiam
4100202,Ice Blade,,Halpasiam
4100203,Ice Blade,,Halpasiam
4100301,Thundergon,,Drugamu
4100302,Thundergon,,Drugamu
4100303,Thundergon,,Drugamu
4100401,Farseer,,Arcanon
4100402,Farseer,,Arcanon
4100403,Farseer,,Arcanon
4210101,Barrier of Enhancement {NumberParam}-1,,Clawed Bat
4210102,Barrier of Enhancement {NumberParam}-1,,Young Dragon-scale Hound
4210103,Barrier of Enhancement {NumberParam}-2,,Red Primal Rappie
4210104,Barrier of Enhancement {NumberParam}-2,,Young Gray Primal Rappie
4210105,Barrier of Enhancement {NumberParam}-3,,Black Horned Ape Alpha
4210106,Barrier of Enhancement {NumberParam}-3,,Black Predator
4210107,Barrier of Enhancement {NumberParam}-4,,Large Kuduru Fighter
4210108,Barrier of Enhancement {NumberParam}-4,,Kuduru Guard
4210109,Barrier of Enhancement {NumberParam}-5,,Sergal
4210110,Barrier of Enhancement {NumberParam}-5,,Thorn Boar
4210111,Barrier of Enhancement {NumberParam}-6,,Ironjaw Bear
4210112,Barrier of Enhancement {NumberParam}-6,,Young Ironjaw Bear
4210113,Barrier of Enhancement {NumberParam}-7,,Maned Bison
4210114,Barrier of Enhancement {NumberParam}-7,,Young Black Bison
4210115,Barrier of Enhancement {NumberParam}-8,,Clawed Bat
4210116,Barrier of Enhancement {NumberParam}-8,,Young Wild Predator
4210117,Barrier of Enhancement {NumberParam}-9,,Medium Jigur
4210118,Barrier of Enhancement {NumberParam}-9,,Small Mukarok
4210119,Barrier of Enhancement {NumberParam}-1,,Young Dragon-scale Hound
4210120,Barrier of Enhancement {NumberParam}-2,,Young Gray Primal Rappie
4210121,Barrier of Enhancement {NumberParam}-3,,Black Predator
4210122,Barrier of Enhancement {NumberParam}-4,,Kuduru Guard
4210123,Barrier of Enhancement {NumberParam}-5,,Thorn Boar
4210124,Barrier of Enhancement {NumberParam}-6,,Young Ironjaw Bear
4210125,Barrier of Enhancement {NumberParam}-7,,Young Black Bison
4210126,Barrier of Enhancement {NumberParam}-8,,Young Wild Predator
4210127,Barrier of Enhancement {NumberParam}-9,,Small Mukarok
4210201,Barrier of Enhancement {NumberParam}-1,,Stoneshell Toad
4210202,Barrier of Enhancement {NumberParam}-1,,Armored Toad
4210203,Barrier of Enhancement {NumberParam}-2,,Infected Ironclad Bear
4210204,Barrier of Enhancement {NumberParam}-2,,Small Infected Predator
4210205,Barrier of Enhancement {NumberParam}-3,,Garmash
4210206,Barrier of Enhancement {NumberParam}-3,,Young Red Primal Rappie
4210207,Barrier of Enhancement {NumberParam}-4,,Female Blade Bat
4210208,Barrier of Enhancement {NumberParam}-4,,Abaru Tracker
4210209,Barrier of Enhancement {NumberParam}-5,,Man-eating Horned Ape Alpha
4210210,Barrier of Enhancement {NumberParam}-5,,Corpse Predator
4210211,Barrier of Enhancement {NumberParam}-6,,Large Kiguru Warrior
4210212,Barrier of Enhancement {NumberParam}-6,,Large Kiguru Sorcerer
4210213,Barrier of Enhancement {NumberParam}-7,,Medium Nabaruk
4210214,Barrier of Enhancement {NumberParam}-7,,Small Brangiur
4210215,Barrier of Enhancement {NumberParam}-8,,Nemed
4210216,Barrier of Enhancement {NumberParam}-8,,Small Sagnoran
4210217,Barrier of Enhancement {NumberParam}-9,,Large Anteater
4210218,Barrier of Enhancement {NumberParam}-9,,Small Helm Snake
4210219,Barrier of Enhancement {NumberParam}-1,,Armored Toad
4210220,Barrier of Enhancement {NumberParam}-2,,Small Infected Predator
4210221,Barrier of Enhancement {NumberParam}-3,,Young Red Primal Rappie
4210222,Barrier of Enhancement {NumberParam}-4,,Abaru Tracker
4210223,Barrier of Enhancement {NumberParam}-5,,Corpse Predator
4210224,Barrier of Enhancement {NumberParam}-6,,Large Kiguru Sorcerer
4210225,Barrier of Enhancement {NumberParam}-7,,Small Brangiur
4210226,Barrier of Enhancement {NumberParam}-8,,Small Sagnoran
4210227,Barrier of Enhancement {NumberParam}-9,,Small Helm Snake
4210301,Barrier of Enhancement {NumberParam}-1,,Large Anteater
4210302,Barrier of Enhancement {NumberParam}-1,,Small Helm Snake
4210303,Barrier of Enhancement {NumberParam}-2,,Nemed
4210304,Barrier of Enhancement {NumberParam}-2,,Small Sagnoran
4210305,Barrier of Enhancement {NumberParam}-3,,Black Horned Ape Alpha
4210306,Barrier of Enhancement {NumberParam}-3,,Black Predator
4210307,Barrier of Enhancement {NumberParam}-4,,Stoneshell Toad
4210308,Barrier of Enhancement {NumberParam}-4,,Armored Toad
4210309,Barrier of Enhancement {NumberParam}-5,,Infected Ironclad Bear
4210310,Barrier of Enhancement {NumberParam}-5,,Small Infected Predator
4210311,Barrier of Enhancement {NumberParam}-6,,Garmash
4210312,Barrier of Enhancement {NumberParam}-6,,Young Red Primal Rappie
4210313,Barrier of Enhancement {NumberParam}-7,,Red Primal Rappie
4210314,Barrier of Enhancement {NumberParam}-7,,Young Gray Primal Rappie
4210315,Barrier of Enhancement {NumberParam}-8,,Clawed Bat
4210316,Barrier of Enhancement {NumberParam}-8,,Young Dragon-scale Hound
4210317,Barrier of Enhancement {NumberParam}-9,,Man-eating Horned Ape Alpha
4210318,Barrier of Enhancement {NumberParam}-9,,Corpse Predator
4210319,Barrier of Enhancement {NumberParam}-1,,Small Helm Snake
4210320,Barrier of Enhancement {NumberParam}-2,,Small Sagnoran
4210321,Barrier of Enhancement {NumberParam}-3,,Black Predator
4210322,Barrier of Enhancement {NumberParam}-4,,Armored Toad
4210323,Barrier of Enhancement {NumberParam}-5,,Small Infected Predator
4210324,Barrier of Enhancement {NumberParam}-6,,Young Red Primal Rappie
4210325,Barrier of Enhancement {NumberParam}-7,,Young Gray Primal Rappie
4210326,Barrier of Enhancement {NumberParam}-8,,Young Dragon-scale Hound
4210327,Barrier of Enhancement {NumberParam}-9,,Corpse Predator
4210401,Barrier of Enhancement {NumberParam}-1,,Medium Spore Crab
4210402,Barrier of Enhancement {NumberParam}-1,,Armored Poison Toad
4210403,Barrier of Enhancement {NumberParam}-2,,Elite Garigidum
4210404,Barrier of Enhancement {NumberParam}-2,,Small Amdur
4210405,Barrier of Enhancement {NumberParam}-3,,Ancient Tree Giant
4210406,Barrier of Enhancement {NumberParam}-3,,Small Black Wyrm Mantis
4210407,Barrier of Enhancement {NumberParam}-4,,Plague Wasp General
4210408,Barrier of Enhancement {NumberParam}-4,,Lesser Plague Wasp Soldier
4210409,Barrier of Enhancement {NumberParam}-5,,Infected Ironclad Bear
4210410,Barrier of Enhancement {NumberParam}-5,,Young Corpse Predator
4210411,Barrier of Enhancement {NumberParam}-6,,Ironjaw Bear
4210412,Barrier of Enhancement {NumberParam}-6,,Young Ironjaw Bear
4210413,Barrier of Enhancement {NumberParam}-7,,Maned Bison
4210414,Barrier of Enhancement {NumberParam}-7,,Young Black Bison
4210415,Barrier of Enhancement {NumberParam}-8,,Clawed Bat
4210416,Barrier of Enhancement {NumberParam}-8,,Young Wild Predator
4210417,Barrier of Enhancement {NumberParam}-9,,Medium Jigur
4210418,Barrier of Enhancement {NumberParam}-9,,Small Mukarok
4210419,Barrier of Enhancement {NumberParam}-1,,Armored Poison Toad
4210420,Barrier of Enhancement {NumberParam}-2,,Small Amdur
4210421,Barrier of Enhancement {NumberParam}-3,,Small Black Wyrm Mantis
4210422,Barrier of Enhancement {NumberParam}-4,,Lesser Plague Wasp Soldier
4210423,Barrier of Enhancement {NumberParam}-5,,Young Corpse Predator
4210424,Barrier of Enhancement {NumberParam}-6,,Young Ironjaw Bear
4210425,Barrier of Enhancement {NumberParam}-7,,Young Black Bison
4210426,Barrier of Enhancement {NumberParam}-8,,Young Wild Predator
4210427,Barrier of Enhancement {NumberParam}-9,,Small Mukarok
4210501,Barrier of Enhancement {NumberParam}-1,,Small Adamant Beast
4210502,Barrier of Enhancement {NumberParam}-1,,Young Monster Predator
4210503,Barrier of Enhancement {NumberParam}-2,,Ironjaw Bear
4210504,Barrier of Enhancement {NumberParam}-2,,Kuduru Executioner
4210505,Barrier of Enhancement {NumberParam}-3,,Elite Shugahl
4210506,Barrier of Enhancement {NumberParam}-3,,Kuduru Warchief
4210507,Barrier of Enhancement {NumberParam}-4,,Maned Bison
4210508,Barrier of Enhancement {NumberParam}-4,,Kuduru Overseer
4210509,Barrier of Enhancement {NumberParam}-5,,Garjabum
4210510,Barrier of Enhancement {NumberParam}-5,,Lunir
4210511,Barrier of Enhancement {NumberParam}-6,,Large Kiguru Warrior
4210512,Barrier of Enhancement {NumberParam}-6,,Large Kiguru Sorcerer
4210513,Barrier of Enhancement {NumberParam}-7,,Medium Nabaruk
4210514,Barrier of Enhancement {NumberParam}-7,,Small Brangiur
4210515,Barrier of Enhancement {NumberParam}-8,,Nemed
4210516,Barrier of Enhancement {NumberParam}-8,,Small Sagnoran
4210517,Barrier of Enhancement {NumberParam}-9,,Large Anteater
4210518,Barrier of Enhancement {NumberParam}-9,,Small Helm Snake
4210519,Barrier of Enhancement {NumberParam}-1,,Young Monster Predator
4210520,Barrier of Enhancement {NumberParam}-2,,Kuduru Executioner
4210521,Barrier of Enhancement {NumberParam}-3,,Kuduru Warchief
4210522,Barrier of Enhancement {NumberParam}-4,,Kuduru Overseer
4210523,Barrier of Enhancement {NumberParam}-5,,Lunir
4210524,Barrier of Enhancement {NumberParam}-6,,Large Kiguru Sorcerer
4210525,Barrier of Enhancement {NumberParam}-7,,Small Brangiur
4210526,Barrier of Enhancement {NumberParam}-8,,Small Sagnoran
4210527,Barrier of Enhancement {NumberParam}-9,,Small Helm Snake
4210601,Barrier of Enhancement {NumberParam}-1,,Withered Parasite
4210602,Barrier of Enhancement {NumberParam}-1,,Small Infected Predator
4210603,Barrier of Enhancement {NumberParam}-2,,Ironclad Turtle
4210604,Barrier of Enhancement {NumberParam}-2,,Kiguru Master Warrior
4210605,Barrier of Enhancement {NumberParam}-3,,Small Ancient Beast
4210606,Barrier of Enhancement {NumberParam}-3,,Kiguru Master Spearman
4210607,Barrier of Enhancement {NumberParam}-4,,Steel Bison
4210608,Barrier of Enhancement {NumberParam}-4,,Kiguru Master Charger
4210609,Barrier of Enhancement {NumberParam}-5,,Lord of the Forest
4210610,Barrier of Enhancement {NumberParam}-5,,Lesser Moth Witch
4210611,Barrier of Enhancement {NumberParam}-6,,Garmash
4210612,Barrier of Enhancement {NumberParam}-6,,Young Red Primal Rappie
4210613,Barrier of Enhancement {NumberParam}-7,,Nemed
4210614,Barrier of Enhancement {NumberParam}-7,,Small Sagnoran
4210615,Barrier of Enhancement {NumberParam}-8,,Large Anteater
4210616,Barrier of Enhancement {NumberParam}-8,,Small Helm Snake
4210617,Barrier of Enhancement {NumberParam}-9,,Man-eating Horned Ape Alpha
4210618,Barrier of Enhancement {NumberParam}-9,,Corpse Predator
4210619,Barrier of Enhancement {NumberParam}-1,,Small Infected Predator
4210620,Barrier of Enhancement {NumberParam}-2,,Kiguru Master Warrior
4210621,Barrier of Enhancement {NumberParam}-3,,Kiguru Master Spearman
4210622,Barrier of Enhancement {NumberParam}-4,,Kiguru Master Charger
4210623,Barrier of Enhancement {NumberParam}-5,,Lesser Moth Witch
4210624,Barrier of Enhancement {NumberParam}-6,,Young Red Primal Rappie
4210625,Barrier of Enhancement {NumberParam}-7,,Small Sagnoran
4210626,Barrier of Enhancement {NumberParam}-8,,Small Helm Snake
4210627,Barrier of Enhancement {NumberParam}-9,,Corpse Predator
4210701,Barrier of Enhancement {NumberParam}-1,,Large Anteater
4210702,Barrier of Enhancement {NumberParam}-1,,Small Helm Snake
4210703,Barrier of Enhancement {NumberParam}-2,,Nemed
4210704,Barrier of Enhancement {NumberParam}-2,,Small Sagnoran
4210705,Barrier of Enhancement {NumberParam}-3,,Black Horned Ape Alpha
4210706,Barrier of Enhancement {NumberParam}-3,,Black Predator
4210707,Barrier of Enhancement {NumberParam}-4,,Stoneshell Toad
4210708,Barrier of Enhancement {NumberParam}-4,,Armored Toad
4210709,Barrier of Enhancement {NumberParam}-5,,Infected Ironclad Bear
4210710,Barrier of Enhancement {NumberParam}-5,,Small Infected Predator
4210711,Barrier of Enhancement {NumberParam}-6,,Garmash
4210712,Barrier of Enhancement {NumberParam}-6,,Young Red Primal Rappie
4210713,Barrier of Enhancement {NumberParam}-7,,Red Primal Rappie
4210714,Barrier of Enhancement {NumberParam}-7,,Young Gray Primal Rappie
4210715,Barrier of Enhancement {NumberParam}-8,,Clawed Bat
4210716,Barrier of Enhancement {NumberParam}-8,,Young Dragon-scale Hound
4210717,Barrier of Enhancement {NumberParam}-9,,Man-eating Horned Ape Alpha
4210718,Barrier of Enhancement {NumberParam}-9,,Corpse Predator
4210719,Barrier of Enhancement {NumberParam}-1,,Small Helm Snake
4210720,Barrier of Enhancement {NumberParam}-2,,Small Sagnoran
4210721,Barrier of Enhancement {NumberParam}-3,,Black Predator
4210722,Barrier of Enhancement {NumberParam}-4,,Armored Toad
4210723,Barrier of Enhancement {NumberParam}-5,,Small Infected Predator
4210724,Barrier of Enhancement {NumberParam}-6,,Young Red Primal Rappie
4210725,Barrier of Enhancement {NumberParam}-7,,Young Gray Primal Rappie
4210726,Barrier of Enhancement {NumberParam}-8,,Young Dragon-scale Hound
4210727,Barrier of Enhancement {NumberParam}-9,,Corpse Predator
4210801,Barrier of Enhancement {NumberParam}-1,,Large Anteater
4210802,Barrier of Enhancement {NumberParam}-1,,Small Helm Snake
4210803,Barrier of Enhancement {NumberParam}-2,,Nemed
4210804,Barrier of Enhancement {NumberParam}-2,,Small Sagnoran
4210805,Barrier of Enhancement {NumberParam}-3,,Black Horned Ape Alpha
4210806,Barrier of Enhancement {NumberParam}-3,,Black Predator
4210807,Barrier of Enhancement {NumberParam}-4,,Stoneshell Toad
4210808,Barrier of Enhancement {NumberParam}-4,,Armored Toad
4210809,Barrier of Enhancement {NumberParam}-5,,Infected Ironclad Bear
4210810,Barrier of Enhancement {NumberParam}-5,,Small Infected Predator
4210811,Barrier of Enhancement {NumberParam}-6,,Garmash
4210812,Barrier of Enhancement {NumberParam}-6,,Young Red Primal Rappie
4210813,Barrier of Enhancement {NumberParam}-7,,Red Primal Rappie
4210814,Barrier of Enhancement {NumberParam}-7,,Young Gray Primal Rappie
4210815,Barrier of Enhancement {NumberParam}-8,,Clawed Bat
4210816,Barrier of Enhancement {NumberParam}-8,,Young Dragon-scale Hound
4210817,Barrier of Enhancement {NumberParam}-9,,Man-eating Horned Ape Alpha
4210818,Barrier of Enhancement {NumberParam}-9,,Corpse Predator
4210819,Barrier of Enhancement {NumberParam}-1,,Small Helm Snake
4210820,Barrier of Enhancement {NumberParam}-2,,Small Sagnoran
4210821,Barrier of Enhancement {NumberParam}-3,,Black Predator
4210822,Barrier of Enhancement {NumberParam}-4,,Armored Toad
4210823,Barrier of Enhancement {NumberParam}-5,,Small Infected Predator
4210824,Barrier of Enhancement {NumberParam}-6,,Young Red Primal Rappie
4210825,Barrier of Enhancement {NumberParam}-7,,Young Gray Primal Rappie
4210826,Barrier of Enhancement {NumberParam}-8,,Young Dragon-scale Hound
4210827,Barrier of Enhancement {NumberParam}-9,,Corpse Predator
4220101,Barrier of Gold {NumberParam}-1,,Clawed Bat
4220102,Barrier of Gold {NumberParam}-1,,Young Dragon-scale Hound
4220103,Barrier of Gold {NumberParam}-2,,Red Primal Rappie
4220104,Barrier of Gold {NumberParam}-2,,Young Gray Primal Rappie
4220105,Barrier of Gold {NumberParam}-3,,Black Horned Ape Alpha
4220106,Barrier of Gold {NumberParam}-3,,Black Predator
4220107,Barrier of Gold {NumberParam}-4,,Large Kuduru Fighter
4220108,Barrier of Gold {NumberParam}-4,,Kuduru Guard
4220109,Barrier of Gold {NumberParam}-5,,Sergal
4220110,Barrier of Gold {NumberParam}-5,,Thorn Boar
4220111,Barrier of Gold {NumberParam}-6,,Ironjaw Bear
4220112,Barrier of Gold {NumberParam}-6,,Young Ironjaw Bear
4220113,Barrier of Gold {NumberParam}-7,,Maned Bison
4220114,Barrier of Gold {NumberParam}-7,,Young Black Bison
4220115,Barrier of Gold {NumberParam}-8,,Clawed Bat
4220116,Barrier of Gold {NumberParam}-8,,Young Wild Predator
4220117,Barrier of Gold {NumberParam}-9,,Medium Jigur
4220118,Barrier of Gold {NumberParam}-9,,Small Mukarok
4220119,Barrier of Gold {NumberParam}-1,,Young Dragon-scale Hound
4220120,Barrier of Gold {NumberParam}-2,,Young Gray Primal Rappie
4220121,Barrier of Gold {NumberParam}-3,,Black Predator
4220122,Barrier of Gold {NumberParam}-4,,Kuduru Guard
4220123,Barrier of Gold {NumberParam}-5,,Thorn Boar
4220124,Barrier of Gold {NumberParam}-6,,Young Ironjaw Bear
4220125,Barrier of Gold {NumberParam}-7,,Young Black Bison
4220126,Barrier of Gold {NumberParam}-8,,Young Wild Predator
4220127,Barrier of Gold {NumberParam}-9,,Small Mukarok
4220201,Barrier of Gold {NumberParam}-1,,Stoneshell Toad
4220202,Barrier of Gold {NumberParam}-1,,Armored Toad
4220203,Barrier of Gold {NumberParam}-2,,Infected Ironclad Bear
4220204,Barrier of Gold {NumberParam}-2,,Small Infected Predator
4220205,Barrier of Gold {NumberParam}-3,,Garmash
4220206,Barrier of Gold {NumberParam}-3,,Young Red Primal Rappie
4220207,Barrier of Gold {NumberParam}-4,,Female Blade Bat
4220208,Barrier of Gold {NumberParam}-4,,Abaru Tracker
4220209,Barrier of Gold {NumberParam}-5,,Man-eating Horned Ape Alpha
4220210,Barrier of Gold {NumberParam}-5,,Corpse Predator
4220211,Barrier of Gold {NumberParam}-6,,Large Kiguru Warrior
4220212,Barrier of Gold {NumberParam}-6,,Large Kiguru Sorcerer
4220213,Barrier of Gold {NumberParam}-7,,Medium Nabaruk
4220214,Barrier of Gold {NumberParam}-7,,Small Brangiur
4220215,Barrier of Gold {NumberParam}-8,,Nemed
4220216,Barrier of Gold {NumberParam}-8,,Small Sagnoran
4220217,Barrier of Gold {NumberParam}-9,,Large Anteater
4220218,Barrier of Gold {NumberParam}-9,,Small Helm Snake
4220219,Barrier of Gold {NumberParam}-1,,Armored Toad
4220220,Barrier of Gold {NumberParam}-2,,Small Infected Predator
4220221,Barrier of Gold {NumberParam}-3,,Young Red Primal Rappie
4220222,Barrier of Gold {NumberParam}-4,,Abaru Tracker
4220223,Barrier of Gold {NumberParam}-5,,Corpse Predator
4220224,Barrier of Gold {NumberParam}-6,,Large Kiguru Sorcerer
4220225,Barrier of Gold {NumberParam}-7,,Small Brangiur
4220226,Barrier of Gold {NumberParam}-8,,Small Sagnoran
4220227,Barrier of Gold {NumberParam}-9,,Small Helm Snake
4220301,Barrier of Gold {NumberParam}-1,,Large Anteater
4220302,Barrier of Gold {NumberParam}-1,,Small Helm Snake
4220303,Barrier of Gold {NumberParam}-2,,Nemed
4220304,Barrier of Gold {NumberParam}-2,,Small Sagnoran
4220305,Barrier of Gold {NumberParam}-3,,Black Horned Ape Alpha
4220306,Barrier of Gold {NumberParam}-3,,Black Predator
4220307,Barrier of Gold {NumberParam}-4,,Stoneshell Toad
4220308,Barrier of Gold {NumberParam}-4,,Armored Toad
4220309,Barrier of Gold {NumberParam}-5,,Infected Ironclad Bear
4220310,Barrier of Gold {NumberParam}-5,,Small Infected Predator
4220311,Barrier of Gold {NumberParam}-6,,Garmash
4220312,Barrier of Gold {NumberParam}-6,,Young Red Primal Rappie
4220313,Barrier of Gold {NumberParam}-7,,Red Primal Rappie
4220314,Barrier of Gold {NumberParam}-7,,Young Gray Primal Rappie
4220315,Barrier of Gold {NumberParam}-8,,Clawed Bat
4220316,Barrier of Gold {NumberParam}-8,,Young Dragon-scale Hound
4220317,Barrier of Gold {NumberParam}-9,,Man-eating Horned Ape Alpha
4220318,Barrier of Gold {NumberParam}-9,,Corpse Predator
4220319,Barrier of Gold {NumberParam}-1,,Small Helm Snake
4220320,Barrier of Gold {NumberParam}-2,,Small Sagnoran
4220321,Barrier of Gold {NumberParam}-3,,Black Predator
4220322,Barrier of Gold {NumberParam}-4,,Armored Toad
4220323,Barrier of Gold {NumberParam}-5,,Small Infected Predator
4220324,Barrier of Gold {NumberParam}-6,,Young Red Primal Rappie
4220325,Barrier of Gold {NumberParam}-7,,Young Gray Primal Rappie
4220326,Barrier of Gold {NumberParam}-8,,Young Dragon-scale Hound
4220327,Barrier of Gold {NumberParam}-9,,Corpse Predator
4220401,Barrier of Gold {NumberParam}-1,,Medium Spore Crab
4220402,Barrier of Gold {NumberParam}-1,,Armored Poison Toad
4220403,Barrier of Gold {NumberParam}-2,,Elite Garigidum
4220404,Barrier of Gold {NumberParam}-2,,Small Amdur
4220405,Barrier of Gold {NumberParam}-3,,Ancient Tree Giant
4220406,Barrier of Gold {NumberParam}-3,,Small Black Wyrm Mantis
4220407,Barrier of Gold {NumberParam}-4,,Plague Wasp General
4220408,Barrier of Gold {NumberParam}-4,,Lesser Plague Wasp Soldier
4220409,Barrier of Gold {NumberParam}-5,,Infected Ironclad Bear
4220410,Barrier of Gold {NumberParam}-5,,Young Corpse Predator
4220411,Barrier of Gold {NumberParam}-6,,Ironjaw Bear
4220412,Barrier of Gold {NumberParam}-6,,Young Ironjaw Bear
4220413,Barrier of Gold {NumberParam}-7,,Maned Bison
4220414,Barrier of Gold {NumberParam}-7,,Young Black Bison
4220415,Barrier of Gold {NumberParam}-8,,Clawed Bat
4220416,Barrier of Gold {NumberParam}-8,,Young Wild Predator
4220417,Barrier of Gold {NumberParam}-9,,Medium Jigur
4220418,Barrier of Gold {NumberParam}-9,,Small Mukarok
4220419,Barrier of Gold {NumberParam}-1,,Armored Poison Toad
4220420,Barrier of Gold {NumberParam}-2,,Small Amdur
4220421,Barrier of Gold {NumberParam}-3,,Small Black Wyrm Mantis
4220422,Barrier of Gold {NumberParam}-4,,Lesser Plague Wasp Soldier
4220423,Barrier of Gold {NumberParam}-5,,Young Corpse Predator
4220424,Barrier of Gold {NumberParam}-6,,Young Ironjaw Bear
4220425,Barrier of Gold {NumberParam}-7,,Young Black Bison
4220426,Barrier of Gold {NumberParam}-8,,Young Wild Predator
4220427,Barrier of Gold {NumberParam}-9,,Small Mukarok
4220501,Barrier of Gold {NumberParam}-1,,Small Adamant Beast
4220502,Barrier of Gold {NumberParam}-1,,Young Monster Predator
4220503,Barrier of Gold {NumberParam}-2,,Ironjaw Bear
4220504,Barrier of Gold {NumberParam}-2,,Kuduru Executioner
4220505,Barrier of Gold {NumberParam}-3,,Elite Shugahl
4220506,Barrier of Gold {NumberParam}-3,,Kuduru Warchief
4220507,Barrier of Gold {NumberParam}-4,,Maned Bison
4220508,Barrier of Gold {NumberParam}-4,,Kuduru Overseer
4220509,Barrier of Gold {NumberParam}-5,,Garjabum
4220510,Barrier of Gold {NumberParam}-5,,Lunir
4220511,Barrier of Gold {NumberParam}-6,,Large Kiguru Warrior
4220512,Barrier of Gold {NumberParam}-6,,Large Kiguru Sorcerer
4220513,Barrier of Gold {NumberParam}-7,,Medium Nabaruk
4220514,Barrier of Gold {NumberParam}-7,,Small Brangiur
4220515,Barrier of Gold {NumberParam}-8,,Nemed
4220516,Barrier of Gold {NumberParam}-8,,Small Sagnoran
4220517,Barrier of Gold {NumberParam}-9,,Large Anteater
4220518,Barrier of Gold {NumberParam}-9,,Small Helm Snake
4220519,Barrier of Gold {NumberParam}-1,,Young Monster Predator
4220520,Barrier of Gold {NumberParam}-2,,Kuduru Executioner
4220521,Barrier of Gold {NumberParam}-3,,Kuduru Warchief
4220522,Barrier of Gold {NumberParam}-4,,Kuduru Overseer
4220523,Barrier of Gold {NumberParam}-5,,Lunir
4220524,Barrier of Gold {NumberParam}-6,,Large Kiguru Sorcerer
4220525,Barrier of Gold {NumberParam}-7,,Small Brangiur
4220526,Barrier of Gold {NumberParam}-8,,Small Sagnoran
4220527,Barrier of Gold {NumberParam}-9,,Small Helm Snake
4220601,Barrier of Gold {NumberParam}-1,,Withered Parasite
4220602,Barrier of Gold {NumberParam}-1,,Small Infected Predator
4220603,Barrier of Gold {NumberParam}-2,,Ironclad Turtle
4220604,Barrier of Gold {NumberParam}-2,,Kiguru Master Warrior
4220605,Barrier of Gold {NumberParam}-3,,Small Ancient Beast
4220606,Barrier of Gold {NumberParam}-3,,Kiguru Master Spearman
4220607,Barrier of Gold {NumberParam}-4,,Steel Bison
4220608,Barrier of Gold {NumberParam}-4,,Kiguru Master Charger
4220609,Barrier of Gold {NumberParam}-5,,Lord of the Forest
4220610,Barrier of Gold {NumberParam}-5,,Lesser Moth Witch
4220611,Barrier of Gold {NumberParam}-6,,Garmash
4220612,Barrier of Gold {NumberParam}-6,,Young Red Primal Rappie
4220613,Barrier of Gold {NumberParam}-7,,Nemed
4220614,Barrier of Gold {NumberParam}-7,,Small Sagnoran
4220615,Barrier of Gold {NumberParam}-8,,Large Anteater
4220616,Barrier of Gold {NumberParam}-8,,Small Helm Snake
4220617,Barrier of Gold {NumberParam}-9,,Man-eating Horned Ape Alpha
4220618,Barrier of Gold {NumberParam}-9,,Corpse Predator
4220619,Barrier of Gold {NumberParam}-1,,Small Infected Predator
4220620,Barrier of Gold {NumberParam}-2,,Kiguru Master Warrior
4220621,Barrier of Gold {NumberParam}-3,,Kiguru Master Spearman
4220622,Barrier of Gold {NumberParam}-4,,Kiguru Master Charger
4220623,Barrier of Gold {NumberParam}-5,,Lesser Moth Witch
4220624,Barrier of Gold {NumberParam}-6,,Young Red Primal Rappie
4220625,Barrier of Gold {NumberParam}-7,,Small Sagnoran
4220626,Barrier of Gold {NumberParam}-8,,Small Helm Snake
4220627,Barrier of Gold {NumberParam}-9,,Corpse Predator
4220701,Barrier of Gold {NumberParam}-1,,Large Anteater
4220702,Barrier of Gold {NumberParam}-1,,Small Helm Snake
4220703,Barrier of Gold {NumberParam}-2,,Nemed
4220704,Barrier of Gold {NumberParam}-2,,Small Sagnoran
4220705,Barrier of Gold {NumberParam}-3,,Black Horned Ape Alpha
4220706,Barrier of Gold {NumberParam}-3,,Black Predator
4220707,Barrier of Gold {NumberParam}-4,,Stoneshell Toad
4220708,Barrier of Gold {NumberParam}-4,,Armored Toad
4220709,Barrier of Gold {NumberParam}-5,,Infected Ironclad Bear
4220710,Barrier of Gold {NumberParam}-5,,Small Infected Predator
4220711,Barrier of Gold {NumberParam}-6,,Garmash
4220712,Barrier of Gold {NumberParam}-6,,Young Red Primal Rappie
4220713,Barrier of Gold {NumberParam}-7,,Red Primal Rappie
4220714,Barrier of Gold {NumberParam}-7,,Young Gray Primal Rappie
4220715,Barrier of Gold {NumberParam}-8,,Clawed Bat
4220716,Barrier of Gold {NumberParam}-8,,Young Dragon-scale Hound
4220717,Barrier of Gold {NumberParam}-9,,Man-eating Horned Ape Alpha
4220718,Barrier of Gold {NumberParam}-9,,Corpse Predator
4220719,Barrier of Gold {NumberParam}-1,,Small Helm Snake
4220720,Barrier of Gold {NumberParam}-2,,Small Sagnoran
4220721,Barrier of Gold {NumberParam}-3,,Black Predator
4220722,Barrier of Gold {NumberParam}-4,,Armored Toad
4220723,Barrier of Gold {NumberParam}-5,,Small Infected Predator
4220724,Barrier of Gold {NumberParam}-6,,Young Red Primal Rappie
4220725,Barrier of Gold {NumberParam}-7,,Young Gray Primal Rappie
4220726,Barrier of Gold {NumberParam}-8,,Young Dragon-scale Hound
4220727,Barrier of Gold {NumberParam}-9,,Corpse Predator
4220801,Barrier of Gold {NumberParam}-1,,Large Anteater
4220802,Barrier of Gold {NumberParam}-1,,Small Helm Snake
4220803,Barrier of Gold {NumberParam}-2,,Nemed
4220804,Barrier of Gold {NumberParam}-2,,Small Sagnoran
4220805,Barrier of Gold {NumberParam}-3,,Black Horned Ape Alpha
4220806,Barrier of Gold {NumberParam}-3,,Black Predator
4220807,Barrier of Gold {NumberParam}-4,,Stoneshell Toad
4220808,Barrier of Gold {NumberParam}-4,,Armored Toad
4220809,Barrier of Gold {NumberParam}-5,,Infected Ironclad Bear
4220810,Barrier of Gold {NumberParam}-5,,Small Infected Predator
4220811,Barrier of Gold {NumberParam}-6,,Garmash
4220812,Barrier of Gold {NumberParam}-6,,Young Red Primal Rappie
4220813,Barrier of Gold {NumberParam}-7,,Red Primal Rappie
4220814,Barrier of Gold {NumberParam}-7,,Young Gray Primal Rappie
4220815,Barrier of Gold {NumberParam}-8,,Clawed Bat
4220816,Barrier of Gold {NumberParam}-8,,Young Dragon-scale Hound
4220817,Barrier of Gold {NumberParam}-9,,Man-eating Horned Ape Alpha
4220818,Barrier of Gold {NumberParam}-9,,Corpse Predator
4220819,Barrier of Gold {NumberParam}-1,,Small Helm Snake
4220820,Barrier of Gold {NumberParam}-2,,Small Sagnoran
4220821,Barrier of Gold {NumberParam}-3,,Black Predator
4220822,Barrier of Gold {NumberParam}-4,,Armored Toad
4220823,Barrier of Gold {NumberParam}-5,,Small Infected Predator
4220824,Barrier of Gold {NumberParam}-6,,Young Red Primal Rappie
4220825,Barrier of Gold {NumberParam}-7,,Young Gray Primal Rappie
4220826,Barrier of Gold {NumberParam}-8,,Young Dragon-scale Hound
4220827,Barrier of Gold {NumberParam}-9,,Corpse Predator
4230101,Barrier of the Unknown {NumberParam}-1,,Small Adamant Beast
4230102,Barrier of the Unknown {NumberParam}-1,,Young Monster Predator
4230103,Barrier of the Unknown {NumberParam}-2,,Ironjaw Bear
4230104,Barrier of the Unknown {NumberParam}-2,,Kuduru Executioner
4230105,Barrier of the Unknown {NumberParam}-3,,Elite Shugahl
4230106,Barrier of the Unknown {NumberParam}-3,,Kuduru Warchief
4230107,Barrier of the Unknown {NumberParam}-4,,Maned Bison
4230108,Barrier of the Unknown {NumberParam}-4,,Kuduru Overseer
4230109,Barrier of the Unknown {NumberParam}-5,,Garjabum
4230110,Barrier of the Unknown {NumberParam}-5,,Lunir
4230111,Barrier of the Unknown {NumberParam}-6,,Large Kiguru Warrior
4230112,Barrier of the Unknown {NumberParam}-6,,Large Kiguru Sorcerer
4230113,Barrier of the Unknown {NumberParam}-7,,Medium Nabaruk
4230114,Barrier of the Unknown {NumberParam}-7,,Small Brangiur
4230115,Barrier of the Unknown {NumberParam}-8,,Nemed
4230116,Barrier of the Unknown {NumberParam}-8,,Small Sagnoran
4230117,Barrier of the Unknown {NumberParam}-9,,Large Anteater
4230118,Barrier of the Unknown {NumberParam}-9,,Small Helm Snake
4230201,Barrier of the Unknown {NumberParam}-1,,Withered Parasite
4230202,Barrier of the Unknown {NumberParam}-1,,Small Infected Predator
4230203,Barrier of the Unknown {NumberParam}-2,,Ironclad Turtle
4230204,Barrier of the Unknown {NumberParam}-2,,Kiguru Master Warrior
4230205,Barrier of the Unknown {NumberParam}-3,,Small Ancient Beast
4230206,Barrier of the Unknown {NumberParam}-3,,Kiguru Master Spearman
4230207,Barrier of the Unknown {NumberParam}-4,,Steel Bison
4230208,Barrier of the Unknown {NumberParam}-4,,Kiguru Master Charger
4230209,Barrier of the Unknown {NumberParam}-5,,Lord of the Forest
4230210,Barrier of the Unknown {NumberParam}-5,,Lesser Moth Witch
4230211,Barrier of the Unknown {NumberParam}-6,,Garmash
4230212,Barrier of the Unknown {NumberParam}-6,,Young Red Primal Rappie
4230213,Barrier of the Unknown {NumberParam}-7,,Nemed
4230214,Barrier of the Unknown {NumberParam}-7,,Small Sagnoran
4230215,Barrier of the Unknown {NumberParam}-8,,Large Anteater
4230216,Barrier of the Unknown {NumberParam}-8,,Small Helm Snake
4230217,Barrier of the Unknown {NumberParam}-9,,Man-eating Horned Ape Alpha
4230218,Barrier of the Unknown {NumberParam}-9,,Corpse Predator
4230301,Barrier of the Unknown {NumberParam}-1,,Clawed Bat
4230302,Barrier of the Unknown {NumberParam}-1,,Young Dragon-scale Hound
4230303,Barrier of the Unknown {NumberParam}-2,,Red Primal Rappie
4230304,Barrier of the Unknown {NumberParam}-2,,Young Gray Primal Rappie
4230305,Barrier of the Unknown {NumberParam}-3,,Black Horned Ape Alpha
4230306,Barrier of the Unknown {NumberParam}-3,,Black Predator
4230307,Barrier of the Unknown {NumberParam}-4,,Large Kuduru Fighter
4230308,Barrier of the Unknown {NumberParam}-4,,Kuduru Guard
4230309,Barrier of the Unknown {NumberParam}-5,,Sergal
4230310,Barrier of the Unknown {NumberParam}-5,,Thorn Boar
4230311,Barrier of the Unknown {NumberParam}-6,,Ironjaw Bear
4230312,Barrier of the Unknown {NumberParam}-6,,Young Ironjaw Bear
4230313,Barrier of the Unknown {NumberParam}-7,,Maned Bison
4230314,Barrier of the Unknown {NumberParam}-7,,Young Black Bison
4230315,Barrier of the Unknown {NumberParam}-8,,Clawed Bat
4230316,Barrier of the Unknown {NumberParam}-8,,Young Wild Predator
4230317,Barrier of the Unknown {NumberParam}-9,,Medium Jigur
4230318,Barrier of the Unknown {NumberParam}-9,,Small Mukarok
4230401,Barrier of the Unknown {NumberParam}-1,,Stoneshell Toad
4230402,Barrier of the Unknown {NumberParam}-1,,Armored Toad
4230403,Barrier of the Unknown {NumberParam}-2,,Infected Ironclad Bear
4230404,Barrier of the Unknown {NumberParam}-2,,Small Infected Predator
4230405,Barrier of the Unknown {NumberParam}-3,,Garmash
4230406,Barrier of the Unknown {NumberParam}-3,,Young Red Primal Rappie
4230407,Barrier of the Unknown {NumberParam}-4,,Female Blade Bat
4230408,Barrier of the Unknown {NumberParam}-4,,Abaru Tracker
4230409,Barrier of the Unknown {NumberParam}-5,,Man-eating Horned Ape Alpha
4230410,Barrier of the Unknown {NumberParam}-5,,Corpse Predator
4230411,Barrier of the Unknown {NumberParam}-6,,Large Kiguru Warrior
4230412,Barrier of the Unknown {NumberParam}-6,,Large Kiguru Sorcerer
4230413,Barrier of the Unknown {NumberParam}-7,,Medium Nabaruk
4230414,Barrier of the Unknown {NumberParam}-7,,Small Brangiur
4230415,Barrier of the Unknown {NumberParam}-8,,Nemed
4230416,Barrier of the Unknown {NumberParam}-8,,Small Sagnoran
4230417,Barrier of the Unknown {NumberParam}-9,,Large Anteater
4230418,Barrier of the Unknown {NumberParam}-9,,Small Helm Snake
4230501,Barrier of the Unknown {NumberParam}-1,,Large Anteater
4230502,Barrier of the Unknown {NumberParam}-1,,Small Helm Snake
4230503,Barrier of the Unknown {NumberParam}-2,,Nemed
4230504,Barrier of the Unknown {NumberParam}-2,,Small Sagnoran
4230505,Barrier of the Unknown {NumberParam}-3,,Black Horned Ape Alpha
4230506,Barrier of the Unknown {NumberParam}-3,,Black Predator
4230507,Barrier of the Unknown {NumberParam}-4,,Stoneshell Toad
4230508,Barrier of the Unknown {NumberParam}-4,,Armored Toad
4230509,Barrier of the Unknown {NumberParam}-5,,Infected Ironclad Bear
4230510,Barrier of the Unknown {NumberParam}-5,,Small Infected Predator
4230511,Barrier of the Unknown {NumberParam}-6,,Garmash
4230512,Barrier of the Unknown {NumberParam}-6,,Young Red Primal Rappie
4230513,Barrier of the Unknown {NumberParam}-7,,Red Primal Rappie
4230514,Barrier of the Unknown {NumberParam}-7,,Young Gray Primal Rappie
4230515,Barrier of the Unknown {NumberParam}-8,,Clawed Bat
4230516,Barrier of the Unknown {NumberParam}-8,,Young Dragon-scale Hound
4230517,Barrier of the Unknown {NumberParam}-9,,Man-eating Horned Ape Alpha
4230518,Barrier of the Unknown {NumberParam}-9,,Corpse Predator
4230601,Barrier of the Unknown {NumberParam}-1,,Medium Spore Crab
4230602,Barrier of the Unknown {NumberParam}-1,,Armored Poison Toad
4230603,Barrier of the Unknown {NumberParam}-2,,Elite Garigidum
4230604,Barrier of the Unknown {NumberParam}-2,,Small Amdur
4230605,Barrier of the Unknown {NumberParam}-3,,Ancient Tree Giant
4230606,Barrier of the Unknown {NumberParam}-3,,Small Black Wyrm Mantis
4230607,Barrier of the Unknown {NumberParam}-4,,Plague Wasp General
4230608,Barrier of the Unknown {NumberParam}-4,,Lesser Plague Wasp Soldier
4230609,Barrier of the Unknown {NumberParam}-5,,Infected Ironclad Bear
4230610,Barrier of the Unknown {NumberParam}-5,,Young Corpse Predator
4230611,Barrier of the Unknown {NumberParam}-6,,Ironjaw Bear
4230612,Barrier of the Unknown {NumberParam}-6,,Young Ironjaw Bear
4230613,Barrier of the Unknown {NumberParam}-7,,Maned Bison
4230614,Barrier of the Unknown {NumberParam}-7,,Young Black Bison
4230615,Barrier of the Unknown {NumberParam}-8,,Clawed Bat
4230616,Barrier of the Unknown {NumberParam}-8,,Young Wild Predator
4230617,Barrier of the Unknown {NumberParam}-9,,Medium Jigur
4230618,Barrier of the Unknown {NumberParam}-9,,Small Mukarok
4230701,Barrier of the Unknown {NumberParam}-1,,Medium Spore Crab
4230702,Barrier of the Unknown {NumberParam}-1,,Armored Poison Toad
4230703,Barrier of the Unknown {NumberParam}-2,,Elite Garigidum
4230704,Barrier of the Unknown {NumberParam}-2,,Small Amdur
4230705,Barrier of the Unknown {NumberParam}-3,,Ancient Tree Giant
4230706,Barrier of the Unknown {NumberParam}-3,,Small Black Wyrm Mantis
4230707,Barrier of the Unknown {NumberParam}-4,,Plague Wasp General
4230708,Barrier of the Unknown {NumberParam}-4,,Lesser Plague Wasp Soldier
4230709,Barrier of the Unknown {NumberParam}-5,,Infected Ironclad Bear
4230710,Barrier of the Unknown {NumberParam}-5,,Young Corpse Predator
4230711,Barrier of the Unknown {NumberParam}-6,,Ironjaw Bear
4230712,Barrier of the Unknown {NumberParam}-6,,Young Ironjaw Bear
4230713,Barrier of the Unknown {NumberParam}-7,,Maned Bison
4230714,Barrier of the Unknown {NumberParam}-7,,Young Black Bison
4230715,Barrier of the Unknown {NumberParam}-8,,Clawed Bat
4230716,Barrier of the Unknown {NumberParam}-8,,Young Wild Predator
4230717,Barrier of the Unknown {NumberParam}-9,,Medium Jigur
4230718,Barrier of the Unknown {NumberParam}-9,,Small Mukarok
4230801,Barrier of the Unknown {NumberParam}-1,,Medium Spore Crab
4230802,Barrier of the Unknown {NumberParam}-1,,Armored Poison Toad
4230803,Barrier of the Unknown {NumberParam}-2,,Elite Garigidum
4230804,Barrier of the Unknown {NumberParam}-2,,Small Amdur
4230805,Barrier of the Unknown {NumberParam}-3,,Ancient Tree Giant
4230806,Barrier of the Unknown {NumberParam}-3,,Small Black Wyrm Mantis
4230807,Barrier of the Unknown {NumberParam}-4,,Plague Wasp General
4230808,Barrier of the Unknown {NumberParam}-4,,Lesser Plague Wasp Soldier
4230809,Barrier of the Unknown {NumberParam}-5,,Infected Ironclad Bear
4230810,Barrier of the Unknown {NumberParam}-5,,Young Corpse Predator
4230811,Barrier of the Unknown {NumberParam}-6,,Ironjaw Bear
4230812,Barrier of the Unknown {NumberParam}-6,,Young Ironjaw Bear
4230813,Barrier of the Unknown {NumberParam}-7,,Maned Bison
4230814,Barrier of the Unknown {NumberParam}-7,,Young Black Bison
4230815,Barrier of the Unknown {NumberParam}-8,,Clawed Bat
4230816,Barrier of the Unknown {NumberParam}-8,,Young Wild Predator
4230817,Barrier of the Unknown {NumberParam}-9,,Medium Jigur
4230818,Barrier of the Unknown {NumberParam}-9,,Small Mukarok
4300001,,,
4300002,,,
4300003,,,
4300004,,,
4310001,,,
4310002,,,
4310003,,,
4310004,,,
4310005,,,
4310006,,,
4310007,,,
4310008,,,
4310009,,,
4310101,,,Torch of Atrahasis
4310102,,,Young Striped Wild Rappie
4310103,,,Kiguru Master Scout
4310104,,,Thorn Boar
4310105,,,Kiguru Master Warrior
4310106,Torch-seeking,,Kiguru Master Bowman
4310107,Torch-seeking,,Kiguru Master Charger
4310108,Torch-seeking,,Ironhorn Ape Alpha
4310109,Torch-seeking,,Steeleater
4310110,Torch-seeking,,Ancient Tree Giant
4310113,,,Small Vampire Bat
4310114,Torch-seeking,,Vampire Bat
4310115,Torch-seeking,,Kurkazu
4310201,,,Torch of Atrahasis
4310202,,,Young Striped Wild Rappie
4310203,,,Kiguru Master Scout
4310204,,,Thorn Boar
4310205,,,Kiguru Master Warrior
4310206,Torch-seeking,,Kiguru Master Bowman
4310207,Torch-seeking,,Kiguru Master Charger
4310208,Torch-seeking,,Ironhorn Ape Alpha
4310209,Torch-seeking,,Steeleater
4310210,Torch-seeking,,Ancient Tree Giant
4310213,,,Small Vampire Bat
4310214,Torch-seeking,,Vampire Bat
4310215,Torch-seeking,,Kurkazu
4310301,,,Torch of Atrahasis
4310302,,,Young Striped Wild Rappie
4310303,,,Kiguru Master Scout
4310304,,,Thorn Boar
4310305,,,Kiguru Master Warrior
4310306,Torch-seeking,,Kiguru Master Bowman
4310307,Torch-seeking,,Kiguru Master Charger
4310308,Torch-seeking,,Ironhorn Ape Alpha
4310309,Torch-seeking,,Steeleater
4310310,Torch-seeking,,Ancient Tree Giant
4310313,,,Small Vampire Bat
4310314,Torch-seeking,,Vampire Bat
4310315,Torch-seeking,,Kurkazu
4310401,,,Torch of Atrahasis
4310402,,,Young Striped Wild Rappie
4310403,,,Kiguru Master Scout
4310404,,,Thorn Boar
4310405,,,Kiguru Master Warrior
4310406,Torch-seeking,,Kiguru Master Bowman
4310407,Torch-seeking,,Kiguru Master Charger
4310408,Torch-seeking,,Ironhorn Ape Alpha
4310409,Torch-seeking,,Steeleater
4310410,Torch-seeking,,Ancient Tree Giant
4310413,,,Small Vampire Bat
4310414,Torch-seeking,,Vampire Bat
4310415,Torch-seeking,,Kurkazu
4400101,The Chosen One,,Averus
4400102,The Chosen One,,Averus
4400103,The Chosen One,,Averus
4400104,The Chosen One,,Averus
4500001,,,Beast Giant
4500002,,,
4500003,,,
4500004,,,
4500005,,,
4500006,,,
4500007,,,
4500008,,,Mindless Giant
4500009,,,Mindless Giant
4500010,,,Mindless Giant
4500101,,,Beast Giant
4500102,,,
4500103,,,
4500104,,,
4500105,,,
4500106,,,
4500107,,,
4500108,,,Mindless Giant
4500109,,,Mindless Giant
4500110,,,Mindless Giant
4500201,,,Beast Giant
4500202,,,
4500203,,,
4500204,,,
4500205,,,
4500206,,,
4500207,,,
4500208,,,Mindless Giant
4500209,,,Mindless Giant
4500210,,,Mindless Giant
4500301,,,Beast Giant
4500302,,,
4500303,,,
4500304,,,
4500305,,,
4500306,,,
4500307,,,
4500308,,,Mindless Giant
4500309,,,Mindless Giant
4500310,,,Mindless Giant
4600101,Replicated,,Karugura
4600102,Replicated,,Shagriga
4600103,Replicated,,Ereshianna
4600104,Replicated,,Saharnugal
4600201,Replicated,,Tagar
4600202,Replicated,,Daidalkur
4600203,Replicated,,Saurgir
4600204,Replicated,,Galarusia
4600301,Replicated,,Gigaz
4600302,Replicated,,Urukkur
4600303,Replicated,,Aluk
4600304,Replicated,,Kakazu
4600305,Replicated,,Lugaz
4600401,Replicated,,Mushugal
4600402,Replicated,,Kirjur
4600403,Replicated,,Gnumar
4600404,Replicated,,Tilaga
4600405,Replicated,,Shagan
5011011,,,
5011021,,,
5011031,,,
5011041,,,
5011051,,,
5011111,,,
5011121,,,
5011122,,,
5011131,,,
5011132,,,
5011141,,,
5011151,,,
5012011,,,
5012021,,,
5012031,,,
5012041,,,
5012051,,,
5012111,,,
5012112,,,
5012113,,,
5012114,,,
5012121,,,
5012122,,,
5012123,,,
5012124,,,
5012131,,,
5012132,,,
5012133,,,
5012134,,,
5012141,,,
5012142,,,
5012143,,,
5012144,,,
5012151,,,
5012152,,,
5012153,,,
5012154,,,
5013011,,,
5013021,,,
5013031,,,
5013041,,,
5013051,,,
5013111,,,
5013112,,,
5013121,,,
5013122,,,
5013131,,,
5013132,,,
5013141,,,
5013142,,,
5013151,,,
5013152,,,
5010011,,,Kuduru Overseer
5010012,,,Kuduru Seeker
5010021,,,Elite Steel Ant Soldier
5010022,,,Steel Ant Worker
5010031,,,Armored Toad
5010032,,,Kiguru Master Bowman
5010041,Black Reaper,,Karugura
5010051,,,Stonehide Beast
5010052,,,Black Predator
5010061,,,Small Steel Ant Worker
5010062,,,Baru
5010071,,,Large Helm Snake
5010072,,,Stoneshell Toad
5010081,,,Girtum
5010082,,,Jabum
5010091,Viscera Harvester,,Shagriga
5010101,,,Lunir
5010102,,,Varkaku
5010103,,,Great Golden-Maned Bison
5010104,,,Young Maned Bison
5010105,,,Maned Bison
5010106,,,Striped Bison
5010107,,,Kuduru Sorcerer
5010108,,,Kuduru Overseer
5010109,,,Large Kuduru Executioner
5010111,,,Young Gray Primal Rappie
5010112,,,Kuduru Primalist
5010121,,,Large Ironclad Turtle
5010122,,,Stoneshell Toad
5010131,,,Small Ashi
5010132,,,Small Hallahim
5010141,Shadow Wolf Clan,,Shadow Wolf Leader
5010151,,,Ancient Tree Giant
5010152,,,Intermediate Vampire Wasp Soldier
5010161,,,Kiguru Master Spearman
5010162,,,Kiguru Master Sorcerer
5010171,,,Vampire Wasp Supreme General
5010172,,,Intermediate Vampire Wasp Soldier
5010181,,,Small Shadok
5010182,,,Small Amdur
5010191,,,Paradise Advent Prophet
5010201,,,Lunir
5010202,,,Varkaku
5010203,,,Great Lord of the Forest
5010204,,,Small Wyrm Mantis
5010205,,,Draconic Mantis
5010206,,,Verdant Giant
5010207,,,Giant Red Thunderbird
5010208,,,Young Red Wild Rappie
5010209,,,Striped Wild Rappie
5010211,,,Young Corpse Predator
5010212,,,Vampire Wasp Squad Leader
5010221,,,Large Kuduru Warchief
5010222,,,Kuduru Overseer
5010231,,,Small Gigsak
5010232,,,Small Mugen
5010241,,,Ironblood Brigade Leader
5010251,,,Garnemed
5010252,,,Medium Sagnoran
5010261,,,Young Dragon-scale Hound
5010262,,,Lesser Moth Witch
5010271,,,Plague Wasp Supreme General
5010272,,,Standard Plague Wasp Soldier
5010281,,,Infected Predator
5010282,,,Parasite
5010291,,,Apostle Valbas
5010301,,,Lunir
5010302,,,Varkaku
5010303,,,Large Brown Thorn Boar
5010304,,,Young Gray Predator
5010305,,,Gray Primal Rappie
5010306,,,Young Stonefist Bear
5010307,,,Giant Stonehide Beast
5010308,,,Small Ironclad Turtle
5010309,,,Man-eating Horned Ape
5010311,,,Kiguru Master Spearman
5010312,,,Kiguru Master Bowman
5010321,,,Abaru Gladiator
5010322,,,Abaru Tracker
5010331,,,Kuduru Overseer
5010332,,,Kuduru Seeker
5010341,Swordmaster,,Xeros
5010351,,,Monstrous Wyrmfish
5010352,,,Stoneshell Toad
5010361,,,Young Dragon-scale Hound
5010362,,,Kuduru Primalist
5010371,,,Ancient Tree Giant
5010372,,,Withered Parasite
5010381,,,Small Steel Ant Worker
5010382,,,Baru
5010391,,,Apostle Logos
5010401,,,Lunir
5010402,,,Varkaku
5010403,,,Large Blade Bat
5010404,,,Small Chromatic Spider
5010405,,,Small Blade Bat
5010406,,,Medium Garon
5010407,,,King Talon Bat
5010408,,,Dragon-scale Hound
5010409,,,Large Monster Predator
5010411,,,Small Kackak
5010412,,,Small Hallahim
5010421,,,Man-eating Horned Ape Alpha
5010422,,,Corpse Predator
5010431,,,Young Corpse Predator
5010432,,,Kuduru Seeker
5010441,,,Astrid
5010451,,,Carapace Beast
5010452,,,Young Spiked Boar
5010461,,,Small Brangiur
5010462,,,Small Nabaruk
5010471,,,Sergal Berserker
5010472,,,Gray Predator
5010481,,,Young Dragon-scale Hound
5010482,,,Lesser Moth Witch
5010491,,,Fahad
5010501,,,Lunir
5010502,,,Varkaku
5010503,,,Hulking Swamp Maw
5010504,,,Small Helm Snake
5010505,,,Venomous Helm Snake
5010506,,,Young Wyrmfish
5010507,,,King Sandeater
5010508,,,Small Steel Ant Worker
5010509,,,Standard Steel Ant Soldier
5021011,,,
5021021,,,
5021031,,,
5021041,,,
5021051,,,
5021111,,,
5021121,,,
5021122,,,
5021131,,,
5021132,,,
5021141,,,
5021151,,,
5022011,,,
5022021,,,
5022031,,,
5022041,,,
5022051,,,
5022111,,,
5022112,,,
5022113,,,
5022114,,,
5022121,,,
5022122,,,
5022123,,,
5022124,,,
5022131,,,
5022132,,,
5022133,,,
5022134,,,
5022141,,,
5022142,,,
5022143,,,
5022144,,,
5022151,,,
5022152,,,
5022153,,,
5022154,,,
5023011,,,
5023021,,,
5023031,,,
5023041,,,
5023051,,,
5023111,,,
5023112,,,
5023121,,,
5023122,,,
5023131,,,
5023132,,,
5023141,,,
5023142,,,
5023151,,,
5023152,,,
5020011,,,Kuduru Overseer
5020012,,,Kuduru Seeker
5020021,,,Elite Steel Ant Soldier
5020022,,,Steel Ant Worker
5020031,,,Armored Toad
5020032,,,Kiguru Master Bowman
5020041,Black Reaper,,Karugura
5020051,,,Stonehide Beast
5020052,,,Black Predator
5020061,,,Small Steel Ant Worker
5020062,,,Baru
5020071,,,Large Helm Snake
5020072,,,Stoneshell Toad
5020081,,,Girtum
5020082,,,Jabum
5020091,Viscera Harvester,,Shagriga
5020101,,,Lunir
5020102,,,Varkaku
5020103,,,Great Golden-Maned Bison
5020104,,,Young Maned Bison
5020105,,,Maned Bison
5020106,,,Striped Bison
5020107,,,Kuduru Sorcerer
5020108,,,Kuduru Overseer
5020109,,,Large Kuduru Executioner
5020111,,,Young Gray Primal Rappie
5020112,,,Kuduru Primalist
5020121,,,Large Ironclad Turtle
5020122,,,Stoneshell Toad
5020131,,,Small Ashi
5020132,,,Small Hallahim
5020141,Shadow Wolf Clan,,Shadow Wolf Leader
5020151,,,Ancient Tree Giant
5020152,,,Intermediate Vampire Wasp Soldier
5020161,,,Kiguru Master Spearman
5020162,,,Kiguru Master Sorcerer
5020171,,,Vampire Wasp Supreme General
5020172,,,Intermediate Vampire Wasp Soldier
5020181,,,Small Shadok
5020182,,,Small Amdur
5020191,,,Paradise Advent Prophet
5020201,,,Lunir
5020202,,,Varkaku
5020203,,,Great Lord of the Forest
5020204,,,Small Wyrm Mantis
5020205,,,Draconic Mantis
5020206,,,Verdant Giant
5020207,,,Giant Red Thunderbird
5020208,,,Young Red Wild Rappie
5020209,,,Striped Wild Rappie
5020211,,,Young Corpse Predator
5020212,,,Vampire Wasp Squad Leader
5020221,,,Large Kuduru Warchief
5020222,,,Kuduru Overseer
5020231,,,Small Gigsak
5020232,,,Small Mugen
5020241,,,Ironblood Brigade Leader
5020251,,,Garnemed
5020252,,,Medium Sagnoran
5020261,,,Young Dragon-scale Hound
5020262,,,Lesser Moth Witch
5020271,,,Plague Wasp Supreme General
5020272,,,Standard Plague Wasp Soldier
5020281,,,Infected Predator
5020282,,,Parasite
5020291,,,Apostle Valbas
5020301,,,Lunir
5020302,,,Varkaku
5020303,,,Large Brown Thorn Boar
5020304,,,Young Gray Predator
5020305,,,Gray Primal Rappie
5020306,,,Young Stonefist Bear
5020307,,,Giant Stonehide Beast
5020308,,,Small Ironclad Turtle
5020309,,,Man-eating Horned Ape
5020311,,,Kiguru Master Spearman
5020312,,,Kiguru Master Bowman
5020321,,,Abaru Gladiator
5020322,,,Abaru Tracker
5020331,,,Kuduru Overseer
5020332,,,Kuduru Seeker
5020341,Swordmaster,,Xeros
5020351,,,Monstrous Wyrmfish
5020352,,,Stoneshell Toad
5020361,,,Young Dragon-scale Hound
5020362,,,Kuduru Primalist
5020371,,,Ancient Tree Giant
5020372,,,Withered Parasite
5020381,,,Small Steel Ant Worker
5020382,,,Baru
5020391,,,Apostle Logos
5020401,,,Lunir
5020402,,,Varkaku
5020403,,,Large Blade Bat
5020404,,,Small Chromatic Spider
5020405,,,Small Blade Bat
5020406,,,Medium Garon
5020407,,,King Talon Bat
5020408,,,Dragon-scale Hound
5020409,,,Large Monster Predator
5020411,,,Small Kackak
5020412,,,Small Hallahim
5020421,,,Man-eating Horned Ape Alpha
5020422,,,Corpse Predator
5020431,,,Young Corpse Predator
5020432,,,Kuduru Seeker
5020441,,,Astrid
5020451,,,Carapace Beast
5020452,,,Young Spiked Boar
5020461,,,Small Brangiur
5020462,,,Small Nabaruk
5020471,,,Sergal Berserker
5020472,,,Gray Predator
5020481,,,Young Dragon-scale Hound
5020482,,,Lesser Moth Witch
5020491,,,Fahad
5020501,,,Lunir
5020502,,,Varkaku
5020503,,,Hulking Swamp Maw
5020504,,,Small Helm Snake
5020505,,,Venomous Helm Snake
5020506,,,Young Wyrmfish
5020507,,,King Sandeater
5020508,,,Small Steel Ant Worker
5020509,,,Standard Steel Ant Soldier
5031011,,,
5031021,,,
5031031,,,
5031041,,,
5031051,,,
5031111,,,
5031121,,,
5031122,,,
5031131,,,
5031132,,,
5031141,,,
5031151,,,
5032011,,,
5032021,,,
5032031,,,
5032041,,,
5032051,,,
5032111,,,
5032112,,,
5032113,,,
5032114,,,
5032121,,,
5032122,,,
5032123,,,
5032124,,,
5032131,,,
5032132,,,
5032133,,,
5032134,,,
5032141,,,
5032142,,,
5032143,,,
5032144,,,
5032151,,,
5032152,,,
5032153,,,
5032154,,,
5033011,,,
5033021,,,
5033031,,,
5033041,,,
5033051,,,
5033111,,,
5033112,,,
5033121,,,
5033122,,,
5033131,,,
5033132,,,
5033141,,,
5033142,,,
5033151,,,
5033152,,,
5030011,,,Kuduru Overseer
5030012,,,Kuduru Seeker
5030021,,,Elite Steel Ant Soldier
5030022,,,Steel Ant Worker
5030031,,,Armored Toad
5030032,,,Kiguru Master Bowman
5030041,Black Reaper,,Karugura
5030051,,,Stonehide Beast
5030052,,,Black Predator
5030061,,,Small Steel Ant Worker
5030062,,,Baru
5030071,,,Large Helm Snake
5030072,,,Stoneshell Toad
5030081,,,Girtum
5030082,,,Jabum
5030091,Viscera Harvester,,Shagriga
5030101,,,Lunir
5030102,,,Varkaku
5030103,,,Great Golden-Maned Bison
5030104,,,Young Maned Bison
5030105,,,Maned Bison
5030106,,,Striped Bison
5030107,,,Kuduru Sorcerer
5030108,,,Kuduru Overseer
5030109,,,Large Kuduru Executioner
5030111,,,Young Gray Primal Rappie
5030112,,,Kuduru Primalist
5030121,,,Large Ironclad Turtle
5030122,,,Stoneshell Toad
5030131,,,Small Ashi
5030132,,,Small Hallahim
5030141,Shadow Wolf Clan,,Shadow Wolf Leader
5030151,,,Ancient Tree Giant
5030152,,,Intermediate Vampire Wasp Soldier
5030161,,,Kiguru Master Spearman
5030162,,,Kiguru Master Sorcerer
5030171,,,Vampire Wasp Supreme General
5030172,,,Intermediate Vampire Wasp Soldier
5030181,,,Small Shadok
5030182,,,Small Amdur
5030191,,,Paradise Advent Prophet
5030201,,,Lunir
5030202,,,Varkaku
5030203,,,Great Lord of the Forest
5030204,,,Small Wyrm Mantis
5030205,,,Draconic Mantis
5030206,,,Verdant Giant
5030207,,,Giant Red Thunderbird
5030208,,,Young Red Wild Rappie
5030209,,,Striped Wild Rappie
5030211,,,Young Corpse Predator
5030212,,,Vampire Wasp Squad Leader
5030221,,,Large Kuduru Warchief
5030222,,,Kuduru Overseer
5030231,,,Small Gigsak
5030232,,,Small Mugen
5030241,,,Ironblood Brigade Leader
5030251,,,Garnemed
5030252,,,Medium Sagnoran
5030261,,,Young Dragon-scale Hound
5030262,,,Lesser Moth Witch
5030271,,,Plague Wasp Supreme General
5030272,,,Standard Plague Wasp Soldier
5030281,,,Infected Predator
5030282,,,Parasite
5030291,,,Apostle Valbas
5030301,,,Lunir
5030302,,,Varkaku
5030303,,,Large Brown Thorn Boar
5030304,,,Young Gray Predator
5030305,,,Gray Primal Rappie
5030306,,,Young Stonefist Bear
5030307,,,Giant Stonehide Beast
5030308,,,Small Ironclad Turtle
5030309,,,Man-eating Horned Ape
5030311,,,Kiguru Master Spearman
5030312,,,Kiguru Master Bowman
5030321,,,Abaru Gladiator
5030322,,,Abaru Tracker
5030331,,,Kuduru Overseer
5030332,,,Kuduru Seeker
5030341,Swordmaster,,Xeros
5030351,,,Monstrous Wyrmfish
5030352,,,Stoneshell Toad
5030361,,,Young Dragon-scale Hound
5030362,,,Kuduru Primalist
5030371,,,Ancient Tree Giant
5030372,,,Withered Parasite
5030381,,,Small Steel Ant Worker
5030382,,,Baru
5030391,,,Apostle Logos
5030401,,,Lunir
5030402,,,Varkaku
5030403,,,Large Blade Bat
5030404,,,Small Chromatic Spider
5030405,,,Small Blade Bat
5030406,,,Medium Garon
5030407,,,King Talon Bat
5030408,,,Dragon-scale Hound
5030409,,,Large Monster Predator
5030411,,,Small Kackak
5030412,,,Small Hallahim
5030421,,,Man-eating Horned Ape Alpha
5030422,,,Corpse Predator
5030431,,,Young Corpse Predator
5030432,,,Kuduru Seeker
5030441,,,Astrid
5030451,,,Carapace Beast
5030452,,,Young Spiked Boar
5030461,,,Small Brangiur
5030462,,,Small Nabaruk
5030471,,,Sergal Berserker
5030472,,,Gray Predator
5030481,,,Young Dragon-scale Hound
5030482,,,Lesser Moth Witch
5030491,,,Fahad
5030501,,,Lunir
5030502,,,Varkaku
5030503,,,Hulking Swamp Maw
5030504,,,Small Helm Snake
5030505,,,Venomous Helm Snake
5030506,,,Young Wyrmfish
5030507,,,King Sandeater
5030508,,,Small Steel Ant Worker
5030509,,,Standard Steel Ant Soldier
5041011,,,
5041021,,,
5041031,,,
5041041,,,
5041051,,,
5041111,,,
5041121,,,
5041122,,,
5041131,,,
5041132,,,
5041141,,,
5041151,,,
5042011,,,
5042021,,,
5042031,,,
5042041,,,
5042051,,,
5042111,,,
5042112,,,
5042113,,,
5042114,,,
5042121,,,
5042122,,,
5042123,,,
5042124,,,
5042131,,,
5042132,,,
5042133,,,
5042134,,,
5042141,,,
5042142,,,
5042143,,,
5042144,,,
5042151,,,
5042152,,,
5042153,,,
5042154,,,
5043011,,,
5043021,,,
5043031,,,
5043041,,,
5043051,,,
5043111,,,
5043112,,,
5043121,,,
5043122,,,
5043131,,,
5043132,,,
5043141,,,
5043142,,,
5043151,,,
5043152,,,
5040011,,,Kuduru Overseer
5040012,,,Kuduru Seeker
5040021,,,Elite Steel Ant Soldier
5040022,,,Steel Ant Worker
5040031,,,Armored Toad
5040032,,,Kiguru Master Bowman
5040041,Black Reaper,,Karugura
5040051,,,Stonehide Beast
5040052,,,Black Predator
5040061,,,Small Steel Ant Worker
5040062,,,Baru
5040071,,,Large Helm Snake
5040072,,,Stoneshell Toad
5040081,,,Girtum
5040082,,,Jabum
5040091,Viscera Harvester,,Shagriga
5040101,,,Lunir
5040102,,,Varkaku
5040103,,,Great Golden-Maned Bison
5040104,,,Young Maned Bison
5040105,,,Maned Bison
5040106,,,Striped Bison
5040107,,,Kuduru Sorcerer
5040108,,,Kuduru Overseer
5040109,,,Large Kuduru Executioner
5040111,,,Young Gray Primal Rappie
5040112,,,Kuduru Primalist
5040121,,,Large Ironclad Turtle
5040122,,,Stoneshell Toad
5040131,,,Small Ashi
5040132,,,Small Hallahim
5040141,Shadow Wolf Clan,,Shadow Wolf Leader
5040151,,,Ancient Tree Giant
5040152,,,Intermediate Vampire Wasp Soldier
5040161,,,Kiguru Master Spearman
5040162,,,Kiguru Master Sorcerer
5040171,,,Vampire Wasp Supreme General
5040172,,,Intermediate Vampire Wasp Soldier
5040181,,,Small Shadok
5040182,,,Small Amdur
5040191,,,Paradise Advent Prophet
5040201,,,Lunir
5040202,,,Varkaku
5040203,,,Great Lord of the Forest
5040204,,,Small Wyrm Mantis
5040205,,,Draconic Mantis
5040206,,,Verdant Giant
5040207,,,Giant Red Thunderbird
5040208,,,Young Red Wild Rappie
5040209,,,Striped Wild Rappie
5040211,,,Young Corpse Predator
5040212,,,Vampire Wasp Squad Leader
5040221,,,Large Kuduru Warchief
5040222,,,Kuduru Overseer
5040231,,,Small Gigsak
5040232,,,Small Mugen
5040241,,,Ironblood Brigade Leader
5040251,,,Garnemed
5040252,,,Medium Sagnoran
5040261,,,Young Dragon-scale Hound
5040262,,,Lesser Moth Witch
5040271,,,Plague Wasp Supreme General
5040272,,,Standard Plague Wasp Soldier
5040281,,,Infected Predator
5040282,,,Parasite
5040291,,,Apostle Valbas
5040301,,,Lunir
5040302,,,Varkaku
5040303,,,Large Brown Thorn Boar
5040304,,,Young Gray Predator
5040305,,,Gray Primal Rappie
5040306,,,Young Stonefist Bear
5040307,,,Giant Stonehide Beast
5040308,,,Small Ironclad Turtle
5040309,,,Man-eating Horned Ape
5040311,,,Kiguru Master Spearman
5040312,,,Kiguru Master Bowman
5040321,,,Abaru Gladiator
5040322,,,Abaru Tracker
5040331,,,Kuduru Overseer
5040332,,,Kuduru Seeker
5040341,Swordmaster,,Xeros
5040351,,,Monstrous Wyrmfish
5040352,,,Stoneshell Toad
5040361,,,Young Dragon-scale Hound
5040362,,,Kuduru Primalist
5040371,,,Ancient Tree Giant
5040372,,,Withered Parasite
5040381,,,Small Steel Ant Worker
5040382,,,Baru
5040391,,,Apostle Logos
5040401,,,Lunir
5040402,,,Varkaku
5040403,,,Large Blade Bat
5040404,,,Small Chromatic Spider
5040405,,,Small Blade Bat
5040406,,,Medium Garon
5040407,,,King Talon Bat
5040408,,,Dragon-scale Hound
5040409,,,Large Monster Predator
5040411,,,Small Kackak
5040412,,,Small Hallahim
5040421,,,Man-eating Horned Ape Alpha
5040422,,,Corpse Predator
5040431,,,Young Corpse Predator
5040432,,,Kuduru Seeker
5040441,,,Astrid
5040451,,,Carapace Beast
5040452,,,Young Spiked Boar
5040461,,,Small Brangiur
5040462,,,Small Nabaruk
5040471,,,Sergal Berserker
5040472,,,Gray Predator
5040481,,,Young Dragon-scale Hound
5040482,,,Lesser Moth Witch
5040491,,,Fahad
5040501,,,Lunir
5040502,,,Varkaku
5040503,,,Hulking Swamp Maw
5040504,,,Small Helm Snake
5040505,,,Venomous Helm Snake
5040506,,,Young Wyrmfish
5040507,,,King Sandeater
5040508,,,Small Steel Ant Worker
5040509,,,Standard Steel Ant Soldier
5051011,,,
5051021,,,
5051031,,,
5051041,,,
5051051,,,
5051111,,,
5051121,,,
5051122,,,
5051131,,,
5051132,,,
5051141,,,
5051151,,,
5052011,,,
5052021,,,
5052031,,,
5052041,,,
5052051,,,
5052111,,,
5052112,,,
5052113,,,
5052114,,,
5052121,,,
5052122,,,
5052123,,,
5052124,,,
5052131,,,
5052132,,,
5052133,,,
5052134,,,
5052141,,,
5052142,,,
5052143,,,
5052144,,,
5052151,,,
5052152,,,
5052153,,,
5052154,,,
5053011,,,
5053021,,,
5053031,,,
5053041,,,
5053051,,,
5053111,,,
5053112,,,
5053121,,,
5053122,,,
5053131,,,
5053132,,,
5053141,,,
5053142,,,
5053151,,,
5053152,,,
5050011,,,Kuduru Overseer
5050012,,,Kuduru Seeker
5050021,,,Elite Steel Ant Soldier
5050022,,,Steel Ant Worker
5050031,,,Armored Toad
5050032,,,Kiguru Master Bowman
5050041,Black Reaper,,Karugura
5050051,,,Stonehide Beast
5050052,,,Black Predator
5050061,,,Small Steel Ant Worker
5050062,,,Baru
5050071,,,Large Helm Snake
5050072,,,Stoneshell Toad
5050081,,,Girtum
5050082,,,Jabum
5050091,Viscera Harvester,,Shagriga
5050101,,,Lunir
5050102,,,Varkaku
5050103,,,Great Golden-Maned Bison
5050104,,,Young Maned Bison
5050105,,,Maned Bison
5050106,,,Striped Bison
5050107,,,Kuduru Sorcerer
5050108,,,Kuduru Overseer
5050109,,,Large Kuduru Executioner
5050111,,,Young Gray Primal Rappie
5050112,,,Kuduru Primalist
5050121,,,Large Ironclad Turtle
5050122,,,Stoneshell Toad
5050131,,,Small Ashi
5050132,,,Small Hallahim
5050141,Shadow Wolf Clan,,Shadow Wolf Leader
5050151,,,Ancient Tree Giant
5050152,,,Intermediate Vampire Wasp Soldier
5050161,,,Kiguru Master Spearman
5050162,,,Kiguru Master Sorcerer
5050171,,,Vampire Wasp Supreme General
5050172,,,Intermediate Vampire Wasp Soldier
5050181,,,Small Shadok
5050182,,,Small Amdur
5050191,,,Paradise Advent Prophet
5050201,,,Lunir
5050202,,,Varkaku
5050203,,,Great Lord of the Forest
5050204,,,Small Wyrm Mantis
5050205,,,Draconic Mantis
5050206,,,Verdant Giant
5050207,,,Giant Red Thunderbird
5050208,,,Young Red Wild Rappie
5050209,,,Striped Wild Rappie
5050211,,,Young Corpse Predator
5050212,,,Vampire Wasp Squad Leader
5050221,,,Large Kuduru Warchief
5050222,,,Kuduru Overseer
5050231,,,Small Gigsak
5050232,,,Small Mugen
5050241,,,Ironblood Brigade Leader
5050251,,,Garnemed
5050252,,,Medium Sagnoran
5050261,,,Young Dragon-scale Hound
5050262,,,Lesser Moth Witch
5050271,,,Plague Wasp Supreme General
5050272,,,Standard Plague Wasp Soldier
5050281,,,Infected Predator
5050282,,,Parasite
5050291,,,Apostle Valbas
5050301,,,Lunir
5050302,,,Varkaku
5050303,,,Large Brown Thorn Boar
5050304,,,Young Gray Predator
5050305,,,Gray Primal Rappie
5050306,,,Young Stonefist Bear
5050307,,,Giant Stonehide Beast
5050308,,,Small Ironclad Turtle
5050309,,,Man-eating Horned Ape
5050311,,,Kiguru Master Spearman
5050312,,,Kiguru Master Bowman
5050321,,,Abaru Gladiator
5050322,,,Abaru Tracker
5050331,,,Kuduru Overseer
5050332,,,Kuduru Seeker
5050341,Swordmaster,,Xeros
5050351,,,Monstrous Wyrmfish
5050352,,,Stoneshell Toad
5050361,,,Young Dragon-scale Hound
5050362,,,Kuduru Primalist
5050371,,,Ancient Tree Giant
5050372,,,Withered Parasite
5050381,,,Small Steel Ant Worker
5050382,,,Baru
5050391,,,Apostle Logos
5050401,,,Lunir
5050402,,,Varkaku
5050403,,,Large Blade Bat
5050404,,,Small Chromatic Spider
5050405,,,Small Blade Bat
5050406,,,Medium Garon
5050407,,,King Talon Bat
5050408,,,Dragon-scale Hound
5050409,,,Large Monster Predator
5050411,,,Small Kackak
5050412,,,Small Hallahim
5050421,,,Man-eating Horned Ape Alpha
5050422,,,Corpse Predator
5050431,,,Young Corpse Predator
5050432,,,Kuduru Seeker
5050441,,,Astrid
5050451,,,Carapace Beast
5050452,,,Young Spiked Boar
5050461,,,Small Brangiur
5050462,,,Small Nabaruk
5050471,,,Sergal Berserker
5050472,,,Gray Predator
5050481,,,Young Dragon-scale Hound
5050482,,,Lesser Moth Witch
5050491,,,Fahad
5050501,,,Lunir
5050502,,,Varkaku
5050503,,,Hulking Swamp Maw
5050504,,,Small Helm Snake
5050505,,,Venomous Helm Snake
5050506,,,Young Wyrmfish
5050507,,,King Sandeater
5050508,,,Small Steel Ant Worker
5050509,,,Standard Steel Ant Soldier
5061011,,,
5061021,,,
5061031,,,
5061041,,,
5061051,,,
5061111,,,
5061121,,,
5061122,,,
5061131,,,
5061132,,,
5061141,,,
5061151,,,
5062011,,,
5062021,,,
5062031,,,
5062041,,,
5062051,,,
5062111,,,
5062112,,,
5062113,,,
5062114,,,
5062121,,,
5062122,,,
5062123,,,
5062124,,,
5062131,,,
5062132,,,
5062133,,,
5062134,,,
5062141,,,
5062142,,,
5062143,,,
5062144,,,
5062151,,,
5062152,,,
5062153,,,
5062154,,,
5063011,,,
5063021,,,
5063031,,,
5063041,,,
5063051,,,
5063111,,,
5063112,,,
5063121,,,
5063122,,,
5063131,,,
5063132,,,
5063141,,,
5063142,,,
5063151,,,
5063152,,,
5060011,,,Kuduru Overseer
5060012,,,Kuduru Seeker
5060021,,,Elite Steel Ant Soldier
5060022,,,Steel Ant Worker
5060031,,,Armored Toad
5060032,,,Kiguru Master Bowman
5060041,Black Reaper,,Karugura
5060051,,,Stonehide Beast
5060052,,,Black Predator
5060061,,,Small Steel Ant Worker
5060062,,,Baru
5060071,,,Large Helm Snake
5060072,,,Stoneshell Toad
5060081,,,Girtum
5060082,,,Jabum
5060091,Viscera Harvester,,Shagriga
5060101,,,Lunir
5060102,,,Varkaku
5060103,,,Great Golden-Maned Bison
5060104,,,Young Maned Bison
5060105,,,Maned Bison
5060106,,,Striped Bison
5060107,,,Kuduru Sorcerer
5060108,,,Kuduru Overseer
5060109,,,Large Kuduru Executioner
5060111,,,Young Gray Primal Rappie
5060112,,,Kuduru Primalist
5060121,,,Large Ironclad Turtle
5060122,,,Stoneshell Toad
5060131,,,Small Ashi
5060132,,,Small Hallahim
5060141,Shadow Wolf Clan,,Shadow Wolf Leader
5060151,,,Ancient Tree Giant
5060152,,,Intermediate Vampire Wasp Soldier
5060161,,,Kiguru Master Spearman
5060162,,,Kiguru Master Sorcerer
5060171,,,Vampire Wasp Supreme General
5060172,,,Intermediate Vampire Wasp Soldier
5060181,,,Small Shadok
5060182,,,Small Amdur
5060191,,,Paradise Advent Prophet
5060201,,,Lunir
5060202,,,Varkaku
5060203,,,Great Lord of the Forest
5060204,,,Small Wyrm Mantis
5060205,,,Draconic Mantis
5060206,,,Verdant Giant
5060207,,,Giant Red Thunderbird
5060208,,,Young Red Wild Rappie
5060209,,,Striped Wild Rappie
5060211,,,Young Corpse Predator
5060212,,,Vampire Wasp Squad Leader
5060221,,,Large Kuduru Warchief
5060222,,,Kuduru Overseer
5060231,,,Small Gigsak
5060232,,,Small Mugen
5060241,,,Ironblood Brigade Leader
5060251,,,Garnemed
5060252,,,Medium Sagnoran
5060261,,,Young Dragon-scale Hound
5060262,,,Lesser Moth Witch
5060271,,,Plague Wasp Supreme General
5060272,,,Standard Plague Wasp Soldier
5060281,,,Infected Predator
5060282,,,Parasite
5060291,,,Apostle Valbas
5060301,,,Lunir
5060302,,,Varkaku
5060303,,,Large Brown Thorn Boar
5060304,,,Young Gray Predator
5060305,,,Gray Primal Rappie
5060306,,,Young Stonefist Bear
5060307,,,Giant Stonehide Beast
5060308,,,Small Ironclad Turtle
5060309,,,Man-eating Horned Ape
5060311,,,Kiguru Master Spearman
5060312,,,Kiguru Master Bowman
5060321,,,Abaru Gladiator
5060322,,,Abaru Tracker
5060331,,,Kuduru Overseer
5060332,,,Kuduru Seeker
5060341,Swordmaster,,Xeros
5060351,,,Monstrous Wyrmfish
5060352,,,Stoneshell Toad
5060361,,,Young Dragon-scale Hound
5060362,,,Kuduru Primalist
5060371,,,Ancient Tree Giant
5060372,,,Withered Parasite
5060381,,,Small Steel Ant Worker
5060382,,,Baru
5060391,,,Apostle Logos
5060401,,,Lunir
5060402,,,Varkaku
5060403,,,Large Blade Bat
5060404,,,Small Chromatic Spider
5060405,,,Small Blade Bat
5060406,,,Medium Garon
5060407,,,King Talon Bat
5060408,,,Dragon-scale Hound
5060409,,,Large Monster Predator
5060411,,,Small Kackak
5060412,,,Small Hallahim
5060421,,,Man-eating Horned Ape Alpha
5060422,,,Corpse Predator
5060431,,,Young Corpse Predator
5060432,,,Kuduru Seeker
5060441,,,Astrid
5060451,,,Carapace Beast
5060452,,,Young Spiked Boar
5060461,,,Small Brangiur
5060462,,,Small Nabaruk
5060471,,,Sergal Berserker
5060472,,,Gray Predator
5060481,,,Young Dragon-scale Hound
5060482,,,Lesser Moth Witch
5060491,,,Fahad
5060501,,,Lunir
5060502,,,Varkaku
5060503,,,Hulking Swamp Maw
5060504,,,Small Helm Snake
5060505,,,Venomous Helm Snake
5060506,,,Young Wyrmfish
5060507,,,King Sandeater
5060508,,,Small Steel Ant Worker
5060509,,,Standard Steel Ant Soldier
5071011,,,
5071021,,,
5071031,,,
5071041,,,
5071051,,,
5071111,,,
5071121,,,
5071122,,,
5071131,,,
5071132,,,
5071141,,,
5071151,,,
5072011,,,
5072021,,,
5072031,,,
5072041,,,
5072051,,,
5072111,,,
5072112,,,
5072113,,,
5072114,,,
5072121,,,
5072122,,,
5072123,,,
5072124,,,
5072131,,,
5072132,,,
5072133,,,
5072134,,,
5072141,,,
5072142,,,
5072143,,,
5072144,,,
5072151,,,
5072152,,,
5072153,,,
5072154,,,
5073011,,,
5073021,,,
5073031,,,
5073041,,,
5073051,,,
5073111,,,
5073112,,,
5073121,,,
5073122,,,
5073131,,,
5073132,,,
5073141,,,
5073142,,,
5073151,,,
5073152,,,
5070011,,,Kuduru Overseer
5070012,,,Kuduru Seeker
5070021,,,Elite Steel Ant Soldier
5070022,,,Steel Ant Worker
5070031,,,Armored Toad
5070032,,,Kiguru Master Bowman
5070041,Black Reaper,,Karugura
5070051,,,Stonehide Beast
5070052,,,Black Predator
5070061,,,Small Steel Ant Worker
5070062,,,Baru
5070071,,,Large Helm Snake
5070072,,,Stoneshell Toad
5070081,,,Girtum
5070082,,,Jabum
5070091,Viscera Harvester,,Shagriga
5070101,,,Lunir
5070102,,,Varkaku
5070103,,,Great Golden-Maned Bison
5070104,,,Young Maned Bison
5070105,,,Maned Bison
5070106,,,Striped Bison
5070107,,,Kuduru Sorcerer
5070108,,,Kuduru Overseer
5070109,,,Large Kuduru Executioner
5070111,,,Young Gray Primal Rappie
5070112,,,Kuduru Primalist
5070121,,,Large Ironclad Turtle
5070122,,,Stoneshell Toad
5070131,,,Small Ashi
5070132,,,Small Hallahim
5070141,Shadow Wolf Clan,,Shadow Wolf Leader
5070151,,,Ancient Tree Giant
5070152,,,Intermediate Vampire Wasp Soldier
5070161,,,Kiguru Master Spearman
5070162,,,Kiguru Master Sorcerer
5070171,,,Vampire Wasp Supreme General
5070172,,,Intermediate Vampire Wasp Soldier
5070181,,,Small Shadok
5070182,,,Small Amdur
5070191,,,Paradise Advent Prophet
5070201,,,Lunir
5070202,,,Varkaku
5070203,,,Great Lord of the Forest
5070204,,,Small Wyrm Mantis
5070205,,,Draconic Mantis
5070206,,,Verdant Giant
5070207,,,Giant Red Thunderbird
5070208,,,Young Red Wild Rappie
5070209,,,Striped Wild Rappie
5070211,,,Young Corpse Predator
5070212,,,Vampire Wasp Squad Leader
5070221,,,Large Kuduru Warchief
5070222,,,Kuduru Overseer
5070231,,,Small Gigsak
5070232,,,Small Mugen
5070241,,,Ironblood Brigade Leader
5070251,,,Garnemed
5070252,,,Medium Sagnoran
5070261,,,Young Dragon-scale Hound
5070262,,,Lesser Moth Witch
5070271,,,Plague Wasp Supreme General
5070272,,,Standard Plague Wasp Soldier
5070281,,,Infected Predator
5070282,,,Parasite
5070291,,,Apostle Valbas
5070301,,,Lunir
5070302,,,Varkaku
5070303,,,Large Brown Thorn Boar
5070304,,,Young Gray Predator
5070305,,,Gray Primal Rappie
5070306,,,Young Stonefist Bear
5070307,,,Giant Stonehide Beast
5070308,,,Small Ironclad Turtle
5070309,,,Man-eating Horned Ape
5070311,,,Kiguru Master Spearman
5070312,,,Kiguru Master Bowman
5070321,,,Abaru Gladiator
5070322,,,Abaru Tracker
5070331,,,Kuduru Overseer
5070332,,,Kuduru Seeker
5070341,Swordmaster,,Xeros
5070351,,,Monstrous Wyrmfish
5070352,,,Stoneshell Toad
5070361,,,Young Dragon-scale Hound
5070362,,,Kuduru Primalist
5070371,,,Ancient Tree Giant
5070372,,,Withered Parasite
5070381,,,Small Steel Ant Worker
5070382,,,Baru
5070391,,,Apostle Logos
5070401,,,Lunir
5070402,,,Varkaku
5070403,,,Large Blade Bat
5070404,,,Small Chromatic Spider
5070405,,,Small Blade Bat
5070406,,,Medium Garon
5070407,,,King Talon Bat
5070408,,,Dragon-scale Hound
5070409,,,Large Monster Predator
5070411,,,Small Kackak
5070412,,,Small Hallahim
5070421,,,Man-eating Horned Ape Alpha
5070422,,,Corpse Predator
5070431,,,Young Corpse Predator
5070432,,,Kuduru Seeker
5070441,,,Astrid
5070451,,,Carapace Beast
5070452,,,Young Spiked Boar
5070461,,,Small Brangiur
5070462,,,Small Nabaruk
5070471,,,Sergal Berserker
5070472,,,Gray Predator
5070481,,,Young Dragon-scale Hound
5070482,,,Lesser Moth Witch
5070491,,,Fahad
5070501,,,Lunir
5070502,,,Varkaku
5070503,,,Hulking Swamp Maw
5070504,,,Small Helm Snake
5070505,,,Venomous Helm Snake
5070506,,,Young Wyrmfish
5070507,,,King Sandeater
5070508,,,Small Steel Ant Worker
5070509,,,Standard Steel Ant Soldier
5081011,,,
5081021,,,
5081031,,,
5081041,,,
5081051,,,
5081111,,,
5081121,,,
5081122,,,
5081131,,,
5081132,,,
5081141,,,
5081151,,,
5082011,,,
5082021,,,
5082031,,,
5082041,,,
5082051,,,
5082111,,,
5082112,,,
5082113,,,
5082114,,,
5082121,,,
5082122,,,
5082123,,,
5082124,,,
5082131,,,
5082132,,,
5082133,,,
5082134,,,
5082141,,,
5082142,,,
5082143,,,
5082144,,,
5082151,,,
5082152,,,
5082153,,,
5082154,,,
5083011,,,
5083021,,,
5083031,,,
5083041,,,
5083051,,,
5083111,,,
5083112,,,
5083121,,,
5083122,,,
5083131,,,
5083132,,,
5083141,,,
5083142,,,
5083151,,,
5083152,,,
5080011,,,Kuduru Overseer
5080012,,,Kuduru Seeker
5080021,,,Elite Steel Ant Soldier
5080022,,,Steel Ant Worker
5080031,,,Armored Toad
5080032,,,Kiguru Master Bowman
5080041,Black Reaper,,Karugura
5080051,,,Stonehide Beast
5080052,,,Black Predator
5080061,,,Small Steel Ant Worker
5080062,,,Baru
5080071,,,Large Helm Snake
5080072,,,Stoneshell Toad
5080081,,,Girtum
5080082,,,Jabum
5080091,Viscera Harvester,,Shagriga
5080101,,,Lunir
5080102,,,Varkaku
5080103,,,Great Golden-Maned Bison
5080104,,,Young Maned Bison
5080105,,,Maned Bison
5080106,,,Striped Bison
5080107,,,Kuduru Sorcerer
5080108,,,Kuduru Overseer
5080109,,,Large Kuduru Executioner
5080111,,,Young Gray Primal Rappie
5080112,,,Kuduru Primalist
5080121,,,Large Ironclad Turtle
5080122,,,Stoneshell Toad
5080131,,,Small Ashi
5080132,,,Small Hallahim
5080141,Shadow Wolf Clan,,Shadow Wolf Leader
5080151,,,Ancient Tree Giant
5080152,,,Intermediate Vampire Wasp Soldier
5080161,,,Kiguru Master Spearman
5080162,,,Kiguru Master Sorcerer
5080171,,,Vampire Wasp Supreme General
5080172,,,Intermediate Vampire Wasp Soldier
5080181,,,Small Shadok
5080182,,,Small Amdur
5080191,,,Paradise Advent Prophet
5080201,,,Lunir
5080202,,,Varkaku
5080203,,,Great Lord of the Forest
5080204,,,Small Wyrm Mantis
5080205,,,Draconic Mantis
5080206,,,Verdant Giant
5080207,,,Giant Red Thunderbird
5080208,,,Young Red Wild Rappie
5080209,,,Striped Wild Rappie
5080211,,,Young Corpse Predator
5080212,,,Vampire Wasp Squad Leader
5080221,,,Large Kuduru Warchief
5080222,,,Kuduru Overseer
5080231,,,Small Gigsak
5080232,,,Small Mugen
5080241,,,Ironblood Brigade Leader
5080251,,,Garnemed
5080252,,,Medium Sagnoran
5080261,,,Young Dragon-scale Hound
5080262,,,Lesser Moth Witch
5080271,,,Plague Wasp Supreme General
5080272,,,Standard Plague Wasp Soldier
5080281,,,Infected Predator
5080282,,,Parasite
5080291,,,Apostle Valbas
5080301,,,Lunir
5080302,,,Varkaku
5080303,,,Large Brown Thorn Boar
5080304,,,Young Gray Predator
5080305,,,Gray Primal Rappie
5080306,,,Young Stonefist Bear
5080307,,,Giant Stonehide Beast
5080308,,,Small Ironclad Turtle
5080309,,,Man-eating Horned Ape
5080311,,,Kiguru Master Spearman
5080312,,,Kiguru Master Bowman
5080321,,,Abaru Gladiator
5080322,,,Abaru Tracker
5080331,,,Kuduru Overseer
5080332,,,Kuduru Seeker
5080341,Swordmaster,,Xeros
5080351,,,Monstrous Wyrmfish
5080352,,,Stoneshell Toad
5080361,,,Young Dragon-scale Hound
5080362,,,Kuduru Primalist
5080371,,,Ancient Tree Giant
5080372,,,Withered Parasite
5080381,,,Small Steel Ant Worker
5080382,,,Baru
5080391,,,Apostle Logos
5080401,,,Lunir
5080402,,,Varkaku
5080403,,,Large Blade Bat
5080404,,,Small Chromatic Spider
5080405,,,Small Blade Bat
5080406,,,Medium Garon
5080407,,,King Talon Bat
5080408,,,Dragon-scale Hound
5080409,,,Large Monster Predator
5080411,,,Small Kackak
5080412,,,Small Hallahim
5080421,,,Man-eating Horned Ape Alpha
5080422,,,Corpse Predator
5080431,,,Young Corpse Predator
5080432,,,Kuduru Seeker
5080441,,,Astrid
5080451,,,Carapace Beast
5080452,,,Young Spiked Boar
5080461,,,Small Brangiur
5080462,,,Small Nabaruk
5080471,,,Sergal Berserker
5080472,,,Gray Predator
5080481,,,Young Dragon-scale Hound
5080482,,,Lesser Moth Witch
5080491,,,Fahad
5080501,,,Lunir
5080502,,,Varkaku
5080503,,,Hulking Swamp Maw
5080504,,,Small Helm Snake
5080505,,,Venomous Helm Snake
5080506,,,Young Wyrmfish
5080507,,,King Sandeater
5080508,,,Small Steel Ant Worker
5080509,,,Standard Steel Ant Soldier
5091011,,,
5091021,,,
5091031,,,
5091041,,,
5091051,,,
5091111,,,
5091121,,,
5091122,,,
5091131,,,
5091132,,,
5091141,,,
5091151,,,
5092011,,,
5092021,,,
5092031,,,
5092041,,,
5092051,,,
5092111,,,
5092112,,,
5092113,,,
5092114,,,
5092121,,,
5092122,,,
5092123,,,
5092124,,,
5092131,,,
5092132,,,
5092133,,,
5092134,,,
5092141,,,
5092142,,,
5092143,,,
5092144,,,
5092151,,,
5092152,,,
5092153,,,
5092154,,,
5093011,,,
5093021,,,
5093031,,,
5093041,,,
5093051,,,
5093111,,,
5093112,,,
5093121,,,
5093122,,,
5093131,,,
5093132,,,
5093141,,,
5093142,,,
5093151,,,
5093152,,,
5090011,,,Kuduru Overseer
5090012,,,Kuduru Seeker
5090021,,,Elite Steel Ant Soldier
5090022,,,Steel Ant Worker
5090031,,,Armored Toad
5090032,,,Kiguru Master Bowman
5090041,Black Reaper,,Karugura
5090051,,,Stonehide Beast
5090052,,,Black Predator
5090061,,,Small Steel Ant Worker
5090062,,,Baru
5090071,,,Large Helm Snake
5090072,,,Stoneshell Toad
5090081,,,Girtum
5090082,,,Jabum
5090091,Viscera Harvester,,Shagriga
5090101,,,Lunir
5090102,,,Varkaku
5090103,,,Great Golden-Maned Bison
5090104,,,Young Maned Bison
5090105,,,Maned Bison
5090106,,,Striped Bison
5090107,,,Kuduru Sorcerer
5090108,,,Kuduru Overseer
5090109,,,Large Kuduru Executioner
5090111,,,Young Gray Primal Rappie
5090112,,,Kuduru Primalist
5090121,,,Large Ironclad Turtle
5090122,,,Stoneshell Toad
5090131,,,Small Ashi
5090132,,,Small Hallahim
5090141,Shadow Wolf Clan,,Shadow Wolf Leader
5090151,,,Ancient Tree Giant
5090152,,,Intermediate Vampire Wasp Soldier
5090161,,,Kiguru Master Spearman
5090162,,,Kiguru Master Sorcerer
5090171,,,Vampire Wasp Supreme General
5090172,,,Intermediate Vampire Wasp Soldier
5090181,,,Small Shadok
5090182,,,Small Amdur
5090191,,,Paradise Advent Prophet
5090201,,,Lunir
5090202,,,Varkaku
5090203,,,Great Lord of the Forest
5090204,,,Small Wyrm Mantis
5090205,,,Draconic Mantis
5090206,,,Verdant Giant
5090207,,,Giant Red Thunderbird
5090208,,,Young Red Wild Rappie
5090209,,,Striped Wild Rappie
5090211,,,Young Corpse Predator
5090212,,,Vampire Wasp Squad Leader
5090221,,,Large Kuduru Warchief
5090222,,,Kuduru Overseer
5090231,,,Small Gigsak
5090232,,,Small Mugen
5090241,,,Ironblood Brigade Leader
5090251,,,Garnemed
5090252,,,Medium Sagnoran
5090261,,,Young Dragon-scale Hound
5090262,,,Lesser Moth Witch
5090271,,,Plague Wasp Supreme General
5090272,,,Standard Plague Wasp Soldier
5090281,,,Infected Predator
5090282,,,Parasite
5090291,,,Apostle Valbas
5090301,,,Lunir
5090302,,,Varkaku
5090303,,,Large Brown Thorn Boar
5090304,,,Young Gray Predator
5090305,,,Gray Primal Rappie
5090306,,,Young Stonefist Bear
5090307,,,Giant Stonehide Beast
5090308,,,Small Ironclad Turtle
5090309,,,Man-eating Horned Ape
5090311,,,Kiguru Master Spearman
5090312,,,Kiguru Master Bowman
5090321,,,Abaru Gladiator
5090322,,,Abaru Tracker
5090331,,,Kuduru Overseer
5090332,,,Kuduru Seeker
5090341,Swordmaster,,Xeros
5090351,,,Monstrous Wyrmfish
5090352,,,Stoneshell Toad
5090361,,,Young Dragon-scale Hound
5090362,,,Kuduru Primalist
5090371,,,Ancient Tree Giant
5090372,,,Withered Parasite
5090381,,,Small Steel Ant Worker
5090382,,,Baru
5090391,,,Apostle Logos
5090401,,,Lunir
5090402,,,Varkaku
5090403,,,Large Blade Bat
5090404,,,Small Chromatic Spider
5090405,,,Small Blade Bat
5090406,,,Medium Garon
5090407,,,King Talon Bat
5090408,,,Dragon-scale Hound
5090409,,,Large Monster Predator
5090411,,,Small Kackak
5090412,,,Small Hallahim
5090421,,,Man-eating Horned Ape Alpha
5090422,,,Corpse Predator
5090431,,,Young Corpse Predator
5090432,,,Kuduru Seeker
5090441,,,Astrid
5090451,,,Carapace Beast
5090452,,,Young Spiked Boar
5090461,,,Small Brangiur
5090462,,,Small Nabaruk
5090471,,,Sergal Berserker
5090472,,,Gray Predator
5090481,,,Young Dragon-scale Hound
5090482,,,Lesser Moth Witch
5090491,,,Fahad
5090501,,,Lunir
5090502,,,Varkaku
5090503,,,Hulking Swamp Maw
5090504,,,Small Helm Snake
5090505,,,Venomous Helm Snake
5090506,,,Young Wyrmfish
5090507,,,King Sandeater
5090508,,,Small Steel Ant Worker
5090509,,,Standard Steel Ant Soldier
6000000,of Storm,,Vampire Wasp General
6000001,of Storm,,Intermediate Vampire Wasp Soldier
6000002,of Storm,,Small Steel Ant Worker
6000003,of Storm,,Standard Plague Wasp Soldier
6000004,of Storm,,Large Blade Helm Snake
6000005,of Storm,,Tree Giant
6000006,of Storm,,Steel Ant Worker
6000007,of Storm,,Small Steel Ant Worker
6000008,of Storm,,Lesser Steel Ant Soldier
6000009,of Storm,,Small Steel Ant Worker
6000010,of Storm,,Plague Wasp Supreme General
6000011,of Storm,,Armored Toad
6000012,of Storm,,Large Ironclad Turtle
6000013,of Storm,,Lesser Vampire Wasp Soldier
6000014,of Storm,,Anteaters
6000030,of Lightning,,Steel Bison
6000031,of Lightning,,Thorn Boar
6000032,of Lightning,,Gray Predator
6000033,of Lightning,,Sergal Berserker
6000034,of Lightning,,Dragon-scale Hound
6000035,of Lightning,,Great Lord of the Forest
6000036,of Lightning,,Brown Wyvern
6000037,of Lightning,,Young Monster Predator
6000038,of Lightning,,Horned Ape Alpha
6000039,of Lightning,,Black Predator
6000040,of Lightning,,Dragon-scale Hound
6000041,of Lightning,,Thunderbird
6000060,of Flame,,Kuduru Executioner
6000061,of Flame,,Kuduru Overseer
6000062,of Flame,,Large Kuduru Primalist
6000063,of Flame,,Black Predator
6000064,of Flame,,Large Kuduru Seeker
6000065,of Flame,,Giant Ancient Beast
6000066,of Flame,,Kuduru Executioner
6000067,of Flame,,Kuduru Seeker
6000068,of Flame,,Kuduru Executioner
6000069,of Flame,,Kuduru Executioner
6000070,of Flame,,Hulking Ironclad Bear
6000071,of Flame,,Large Kuduru Primalist
6000072,of Flame,,Kuduru Executioner
6000073,of Flame,,Kuduru Seeker
6000074,of Flame,,Kuduru Great Warrior
6000100,of Storm,,Vampire Wasp General
6000101,of Storm,,Intermediate Vampire Wasp Soldier
6000102,of Storm,,Small Steel Ant Worker
6000103,of Storm,,Standard Plague Wasp Soldier
6000104,of Storm,,Large Blade Helm Snake
6000105,of Storm,,Tree Giant
6000106,of Storm,,Steel Ant Worker
6000107,of Storm,,Small Steel Ant Worker
6000108,of Storm,,Lesser Steel Ant Soldier
6000109,of Storm,,Small Steel Ant Worker
6000110,of Storm,,Plague Wasp Supreme General
6000111,of Storm,,Armored Toad
6000112,of Storm,,Large Ironclad Turtle
6000113,of Storm,,Lesser Vampire Wasp Soldier
6000114,of Storm,,Anteaters
6000130,of Lightning,,Steel Bison
6000131,of Lightning,,Thorn Boar
6000132,of Lightning,,Gray Predator
6000133,of Lightning,,Sergal Berserker
6000134,of Lightning,,Dragon-scale Hound
6000135,of Lightning,,Great Lord of the Forest
6000136,of Lightning,,Brown Wyvern
6000137,of Lightning,,Young Monster Predator
6000138,of Lightning,,Horned Ape Alpha
6000139,of Lightning,,Black Predator
6000140,of Lightning,,Dragon-scale Hound
6000141,of Lightning,,Thunderbird
6000160,of Flame,,Kuduru Executioner
6000161,of Flame,,Kuduru Overseer
6000162,of Flame,,Large Kuduru Primalist
6000163,of Flame,,Black Predator
6000164,of Flame,,Large Kuduru Seeker
6000165,of Flame,,Giant Ancient Beast
6000166,of Flame,,Kuduru Executioner
6000167,of Flame,,Kuduru Seeker
6000168,of Flame,,Kuduru Executioner
6000169,of Flame,,Kuduru Executioner
6000170,of Flame,,Hulking Ironclad Bear
6000171,of Flame,,Large Kuduru Primalist
6000172,of Flame,,Kuduru Executioner
6000173,of Flame,,Kuduru Seeker
6000174,of Flame,,Kuduru Great Warrior
6000300,of Storm,,Vampire Wasp General
6000301,of Storm,,Intermediate Vampire Wasp Soldier
6000302,of Storm,,Small Steel Ant Worker
6000303,of Storm,,Standard Plague Wasp Soldier
6000304,of Storm,,Large Blade Helm Snake
6000305,of Storm,,Tree Giant
6000306,of Storm,,Steel Ant Worker
6000307,of Storm,,Small Steel Ant Worker
6000308,of Storm,,Lesser Steel Ant Soldier
6000309,of Storm,,Small Steel Ant Worker
6000310,of Storm,,Plague Wasp Supreme General
6000311,of Storm,,Armored Toad
6000312,of Storm,,Large Ironclad Turtle
6000313,of Storm,,Lesser Vampire Wasp Soldier
6000314,of Storm,,Anteaters
6000330,of Lightning,,Steel Bison
6000331,of Lightning,,Thorn Boar
6000332,of Lightning,,Gray Predator
6000333,of Lightning,,Sergal Berserker
6000334,of Lightning,,Dragon-scale Hound
6000335,of Lightning,,Great Lord of the Forest
6000336,of Lightning,,Brown Wyvern
6000337,of Lightning,,Young Monster Predator
6000338,of Lightning,,Horned Ape Alpha
6000339,of Lightning,,Black Predator
6000340,of Lightning,,Dragon-scale Hound
6000341,of Lightning,,Thunderbird
6000360,of Flame,,Kuduru Executioner
6000361,of Flame,,Kuduru Overseer
6000362,of Flame,,Large Kuduru Primalist
6000363,of Flame,,Black Predator
6000364,of Flame,,Large Kuduru Seeker
6000365,of Flame,,Giant Ancient Beast
6000366,of Flame,,Kuduru Executioner
6000367,of Flame,,Kuduru Seeker
6000368,of Flame,,Kuduru Executioner
6000369,of Flame,,Kuduru Executioner
6000370,of Flame,,Hulking Ironclad Bear
6000371,of Flame,,Large Kuduru Primalist
6000372,of Flame,,Kuduru Executioner
6000373,of Flame,,Kuduru Seeker
6000374,of Flame,,Kuduru Great Warrior
6000500,of Storm,,Vampire Wasp General
6000501,of Storm,,Intermediate Vampire Wasp Soldier
6000502,of Storm,,Small Steel Ant Worker
6000503,of Storm,,Standard Plague Wasp Soldier
6000504,of Storm,,Large Blade Helm Snake
6000505,of Storm,,Tree Giant
6000506,of Storm,,Steel Ant Worker
6000507,of Storm,,Small Steel Ant Worker
6000508,of Storm,,Lesser Steel Ant Soldier
6000509,of Storm,,Small Steel Ant Worker
6000510,of Storm,,Plague Wasp Supreme General
6000511,of Storm,,Armored Toad
6000512,of Storm,,Large Ironclad Turtle
6000513,of Storm,,Lesser Vampire Wasp Soldier
6000514,of Storm,,Anteaters
6000530,of Lightning,,Steel Bison
6000531,of Lightning,,Thorn Boar
6000532,of Lightning,,Gray Predator
6000533,of Lightning,,Sergal Berserker
6000534,of Lightning,,Dragon-scale Hound
6000535,of Lightning,,Great Lord of the Forest
6000536,of Lightning,,Brown Wyvern
6000537,of Lightning,,Young Monster Predator
6000538,of Lightning,,Horned Ape Alpha
6000539,of Lightning,,Black Predator
6000540,of Lightning,,Dragon-scale Hound
6000541,of Lightning,,Thunderbird
6000560,of Flame,,Kuduru Executioner
6000561,of Flame,,Kuduru Overseer
6000562,of Flame,,Large Kuduru Primalist
6000563,of Flame,,Black Predator
6000564,of Flame,,Large Kuduru Seeker
6000565,of Flame,,Giant Ancient Beast
6000566,of Flame,,Kuduru Executioner
6000567,of Flame,,Kuduru Seeker
6000568,of Flame,,Kuduru Executioner
6000569,of Flame,,Kuduru Executioner
6000570,of Flame,,Hulking Ironclad Bear
6000571,of Flame,,Large Kuduru Primalist
6000572,of Flame,,Kuduru Executioner
6000573,of Flame,,Kuduru Seeker
6000574,of Flame,,Kuduru Great Warrior
6000700,of Storm,,Vampire Wasp General
6000701,of Storm,,Intermediate Vampire Wasp Soldier
6000702,of Storm,,Small Steel Ant Worker
6000703,of Storm,,Standard Plague Wasp Soldier
6000704,of Storm,,Large Blade Helm Snake
6000705,of Storm,,Tree Giant
6000706,of Storm,,Steel Ant Worker
6000707,of Storm,,Small Steel Ant Worker
6000708,of Storm,,Lesser Steel Ant Soldier
6000709,of Storm,,Small Steel Ant Worker
6000710,of Storm,,Plague Wasp Supreme General
6000711,of Storm,,Armored Toad
6000712,of Storm,,Large Ironclad Turtle
6000713,of Storm,,Lesser Vampire Wasp Soldier
6000714,of Storm,,Anteaters
6000730,of Lightning,,Steel Bison
6000731,of Lightning,,Thorn Boar
6000732,of Lightning,,Gray Predator
6000733,of Lightning,,Sergal Berserker
6000734,of Lightning,,Dragon-scale Hound
6000735,of Lightning,,Great Lord of the Forest
6000736,of Lightning,,Brown Wyvern
6000737,of Lightning,,Young Monster Predator
6000738,of Lightning,,Horned Ape Alpha
6000739,of Lightning,,Black Predator
6000740,of Lightning,,Dragon-scale Hound
6000741,of Lightning,,Thunderbird
6000760,of Flame,,Kuduru Executioner
6000761,of Flame,,Kuduru Overseer
6000762,of Flame,,Large Kuduru Primalist
6000763,of Flame,,Black Predator
6000764,of Flame,,Large Kuduru Seeker
6000765,of Flame,,Giant Ancient Beast
6000766,of Flame,,Kuduru Executioner
6000767,of Flame,,Kuduru Seeker
6000768,of Flame,,Kuduru Executioner
6000769,of Flame,,Kuduru Executioner
6000770,of Flame,,Hulking Ironclad Bear
6000771,of Flame,,Large Kuduru Primalist
6000772,of Flame,,Kuduru Executioner
6000773,of Flame,,Kuduru Seeker
6000774,of Flame,,Kuduru Great Warrior
6000900,of Storm,,Vampire Wasp General
6000901,of Storm,,Intermediate Vampire Wasp Soldier
6000902,of Storm,,Small Steel Ant Worker
6000903,of Storm,,Standard Plague Wasp Soldier
6000904,of Storm,,Large Blade Helm Snake
6000905,of Storm,,Tree Giant
6000906,of Storm,,Steel Ant Worker
6000907,of Storm,,Small Steel Ant Worker
6000908,of Storm,,Lesser Steel Ant Soldier
6000909,of Storm,,Small Steel Ant Worker
6000910,of Storm,,Plague Wasp Supreme General
6000911,of Storm,,Armored Toad
6000912,of Storm,,Large Ironclad Turtle
6000913,of Storm,,Lesser Vampire Wasp Soldier
6000914,of Storm,,Anteaters
6000930,of Lightning,,Steel Bison
6000931,of Lightning,,Thorn Boar
6000932,of Lightning,,Gray Predator
6000933,of Lightning,,Sergal Berserker
6000934,of Lightning,,Dragon-scale Hound
6000935,of Lightning,,Great Lord of the Forest
6000936,of Lightning,,Brown Wyvern
6000937,of Lightning,,Young Monster Predator
6000938,of Lightning,,Horned Ape Alpha
6000939,of Lightning,,Black Predator
6000940,of Lightning,,Dragon-scale Hound
6000941,of Lightning,,Thunderbird
6000960,of Flame,,Kuduru Executioner
6000961,of Flame,,Kuduru Overseer
6000962,of Flame,,Large Kuduru Primalist
6000963,of Flame,,Black Predator
6000964,of Flame,,Large Kuduru Seeker
6000965,of Flame,,Giant Ancient Beast
6000966,of Flame,,Kuduru Executioner
6000967,of Flame,,Kuduru Seeker
6000968,of Flame,,Kuduru Executioner
6000969,of Flame,,Kuduru Executioner
6000970,of Flame,,Hulking Ironclad Bear
6000971,of Flame,,Large Kuduru Primalist
6000972,of Flame,,Kuduru Executioner
6000973,of Flame,,Kuduru Seeker
6000974,of Flame,,Kuduru Great Warrior
6001100,of Storm,,Vampire Wasp General
6001101,of Storm,,Intermediate Vampire Wasp Soldier
6001102,of Storm,,Small Steel Ant Worker
6001103,of Storm,,Standard Plague Wasp Soldier
6001104,of Storm,,Large Blade Helm Snake
6001105,of Storm,,Tree Giant
6001106,of Storm,,Steel Ant Worker
6001107,of Storm,,Small Steel Ant Worker
6001108,of Storm,,Lesser Steel Ant Soldier
6001109,of Storm,,Small Steel Ant Worker
6001110,of Storm,,Plague Wasp Supreme General
6001111,of Storm,,Armored Toad
6001112,of Storm,,Large Ironclad Turtle
6001113,of Storm,,Lesser Vampire Wasp Soldier
6001114,of Storm,,Anteaters
6001130,of Lightning,,Steel Bison
6001131,of Lightning,,Thorn Boar
6001132,of Lightning,,Gray Predator
6001133,of Lightning,,Sergal Berserker
6001134,of Lightning,,Dragon-scale Hound
6001135,of Lightning,,Great Lord of the Forest
6001136,of Lightning,,Brown Wyvern
6001137,of Lightning,,Young Monster Predator
6001138,of Lightning,,Horned Ape Alpha
6001139,of Lightning,,Black Predator
6001140,of Lightning,,Dragon-scale Hound
6001141,of Lightning,,Thunderbird
6001160,of Flame,,Kuduru Executioner
6001161,of Flame,,Kuduru Overseer
6001162,of Flame,,Large Kuduru Primalist
6001163,of Flame,,Black Predator
6001164,of Flame,,Large Kuduru Seeker
6001165,of Flame,,Giant Ancient Beast
6001166,of Flame,,Kuduru Executioner
6001167,of Flame,,Kuduru Seeker
6001168,of Flame,,Kuduru Executioner
6001169,of Flame,,Kuduru Executioner
6001170,of Flame,,Hulking Ironclad Bear
6001171,of Flame,,Large Kuduru Primalist
6001172,of Flame,,Kuduru Executioner
6001173,of Flame,,Kuduru Seeker
6001174,of Flame,,Kuduru Great Warrior
6001300,of Storm,,Vampire Wasp General
6001301,of Storm,,Intermediate Vampire Wasp Soldier
6001302,of Storm,,Small Steel Ant Worker
6001303,of Storm,,Standard Plague Wasp Soldier
6001304,of Storm,,Large Blade Helm Snake
6001305,of Storm,,Tree Giant
6001306,of Storm,,Steel Ant Worker
6001307,of Storm,,Small Steel Ant Worker
6001308,of Storm,,Lesser Steel Ant Soldier
6001309,of Storm,,Small Steel Ant Worker
6001310,of Storm,,Plague Wasp Supreme General
6001311,of Storm,,Armored Toad
6001312,of Storm,,Large Ironclad Turtle
6001313,of Storm,,Lesser Vampire Wasp Soldier
6001314,of Storm,,Anteaters
6001330,of Lightning,,Steel Bison
6001331,of Lightning,,Thorn Boar
6001332,of Lightning,,Gray Predator
6001333,of Lightning,,Sergal Berserker
6001334,of Lightning,,Dragon-scale Hound
6001335,of Lightning,,Great Lord of the Forest
6001336,of Lightning,,Brown Wyvern
6001337,of Lightning,,Young Monster Predator
6001338,of Lightning,,Horned Ape Alpha
6001339,of Lightning,,Black Predator
6001340,of Lightning,,Dragon-scale Hound
6001341,of Lightning,,Thunderbird
6001360,of Flame,,Kuduru Executioner
6001361,of Flame,,Kuduru Overseer
6001362,of Flame,,Large Kuduru Primalist
6001363,of Flame,,Black Predator
6001364,of Flame,,Large Kuduru Seeker
6001365,of Flame,,Giant Ancient Beast
6001366,of Flame,,Kuduru Executioner
6001367,of Flame,,Kuduru Seeker
6001368,of Flame,,Kuduru Executioner
6001369,of Flame,,Kuduru Executioner
6001370,of Flame,,Hulking Ironclad Bear
6001371,of Flame,,Large Kuduru Primalist
6001372,of Flame,,Kuduru Executioner
6001373,of Flame,,Kuduru Seeker
6001374,of Flame,,Kuduru Great Warrior
6001500,of Storm,,Vampire Wasp General
6001501,of Storm,,Intermediate Vampire Wasp Soldier
6001502,of Storm,,Small Steel Ant Worker
6001503,of Storm,,Standard Plague Wasp Soldier
6001504,of Storm,,Large Blade Helm Snake
6001505,of Storm,,Tree Giant
6001506,of Storm,,Steel Ant Worker
6001507,of Storm,,Small Steel Ant Worker
6001508,of Storm,,Lesser Steel Ant Soldier
6001509,of Storm,,Small Steel Ant Worker
6001510,of Storm,,Plague Wasp Supreme General
6001511,of Storm,,Armored Toad
6001512,of Storm,,Large Ironclad Turtle
6001513,of Storm,,Lesser Vampire Wasp Soldier
6001514,of Storm,,Anteaters
6001530,of Lightning,,Steel Bison
6001531,of Lightning,,Thorn Boar
6001532,of Lightning,,Gray Predator
6001533,of Lightning,,Sergal Berserker
6001534,of Lightning,,Dragon-scale Hound
6001535,of Lightning,,Great Lord of the Forest
6001536,of Lightning,,Brown Wyvern
6001537,of Lightning,,Young Monster Predator
6001538,of Lightning,,Horned Ape Alpha
6001539,of Lightning,,Black Predator
6001540,of Lightning,,Dragon-scale Hound
6001541,of Lightning,,Thunderbird
6001560,of Flame,,Kuduru Executioner
6001561,of Flame,,Kuduru Overseer
6001562,of Flame,,Large Kuduru Primalist
6001563,of Flame,,Black Predator
6001564,of Flame,,Large Kuduru Seeker
6001565,of Flame,,Giant Ancient Beast
6001566,of Flame,,Kuduru Executioner
6001567,of Flame,,Kuduru Seeker
6001568,of Flame,,Kuduru Executioner
6001569,of Flame,,Kuduru Executioner
6001570,of Flame,,Hulking Ironclad Bear
6001571,of Flame,,Large Kuduru Primalist
6001572,of Flame,,Kuduru Executioner
6001573,of Flame,,Kuduru Seeker
6001574,of Flame,,Kuduru Great Warrior
6001700,of Storm,,Vampire Wasp General
6001701,of Storm,,Intermediate Vampire Wasp Soldier
6001702,of Storm,,Small Steel Ant Worker
6001703,of Storm,,Standard Plague Wasp Soldier
6001704,of Storm,,Large Blade Helm Snake
6001705,of Storm,,Tree Giant
6001706,of Storm,,Steel Ant Worker
6001707,of Storm,,Small Steel Ant Worker
6001708,of Storm,,Lesser Steel Ant Soldier
6001709,of Storm,,Small Steel Ant Worker
6001710,of Storm,,Plague Wasp Supreme General
6001711,of Storm,,Armored Toad
6001712,of Storm,,Large Ironclad Turtle
6001713,of Storm,,Lesser Vampire Wasp Soldier
6001714,of Storm,,Anteaters
6001730,of Lightning,,Steel Bison
6001731,of Lightning,,Thorn Boar
6001732,of Lightning,,Gray Predator
6001733,of Lightning,,Sergal Berserker
6001734,of Lightning,,Dragon-scale Hound
6001735,of Lightning,,Great Lord of the Forest
6001736,of Lightning,,Brown Wyvern
6001737,of Lightning,,Young Monster Predator
6001738,of Lightning,,Horned Ape Alpha
6001739,of Lightning,,Black Predator
6001740,of Lightning,,Dragon-scale Hound
6001741,of Lightning,,Thunderbird
6001760,of Flame,,Kuduru Executioner
6001761,of Flame,,Kuduru Overseer
6001762,of Flame,,Large Kuduru Primalist
6001763,of Flame,,Black Predator
6001764,of Flame,,Large Kuduru Seeker
6001765,of Flame,,Giant Ancient Beast
6001766,of Flame,,Kuduru Executioner
6001767,of Flame,,Kuduru Seeker
6001768,of Flame,,Kuduru Executioner
6001769,of Flame,,Kuduru Executioner
6001770,of Flame,,Hulking Ironclad Bear
6001771,of Flame,,Large Kuduru Primalist
6001772,of Flame,,Kuduru Executioner
6001773,of Flame,,Kuduru Seeker
6001774,of Flame,,Kuduru Great Warrior
6001900,of Storm,,Vampire Wasp General
6001901,of Storm,,Intermediate Vampire Wasp Soldier
6001902,of Storm,,Small Steel Ant Worker
6001903,of Storm,,Standard Plague Wasp Soldier
6001904,of Storm,,Large Blade Helm Snake
6001905,of Storm,,Tree Giant
6001906,of Storm,,Steel Ant Worker
6001907,of Storm,,Small Steel Ant Worker
6001908,of Storm,,Lesser Steel Ant Soldier
6001909,of Storm,,Small Steel Ant Worker
6001910,of Storm,,Plague Wasp Supreme General
6001911,of Storm,,Armored Toad
6001912,of Storm,,Large Ironclad Turtle
6001913,of Storm,,Lesser Vampire Wasp Soldier
6001914,of Storm,,Anteaters
6001930,of Lightning,,Steel Bison
6001931,of Lightning,,Thorn Boar
6001932,of Lightning,,Gray Predator
6001933,of Lightning,,Sergal Berserker
6001934,of Lightning,,Dragon-scale Hound
6001935,of Lightning,,Great Lord of the Forest
6001936,of Lightning,,Brown Wyvern
6001937,of Lightning,,Young Monster Predator
6001938,of Lightning,,Horned Ape Alpha
6001939,of Lightning,,Black Predator
6001940,of Lightning,,Dragon-scale Hound
6001941,of Lightning,,Thunderbird
6001960,of Flame,,Kuduru Executioner
6001961,of Flame,,Kuduru Overseer
6001962,of Flame,,Large Kuduru Primalist
6001963,of Flame,,Black Predator
6001964,of Flame,,Large Kuduru Seeker
6001965,of Flame,,Giant Ancient Beast
6001966,of Flame,,Kuduru Executioner
6001967,of Flame,,Kuduru Seeker
6001968,of Flame,,Kuduru Executioner
6001969,of Flame,,Kuduru Executioner
6001970,of Flame,,Hulking Ironclad Bear
6001971,of Flame,,Large Kuduru Primalist
6001972,of Flame,,Kuduru Executioner
6001973,of Flame,,Kuduru Seeker
6001974,of Flame,,Kuduru Great Warrior
6011001,,,Mindless Giant
6011002,,,Mindless Giant
6011003,,,Mindless Giant
6011004,,,Aberrant Giant
6011011,,,Mindless Giant
6011012,,,Mindless Giant
6011013,,,Mindless Giant
6011014,,,Aberrant Giant
6011021,,,Mindless Giant
6011022,,,Mindless Giant
6011023,,,Mindless Giant
6011024,,,Aberrant Giant
6011031,,,Mindless Giant
6011032,,,Mindless Giant
6011033,,,Mindless Giant
6011034,,,Aberrant Giant
6011101,,,Mindless Giant
6011102,,,Mindless Giant
6011103,,,Mindless Giant
6011104,,,Aberrant Giant
6011111,,,Mindless Giant
6011112,,,Mindless Giant
6011113,,,Mindless Giant
6011114,,,Aberrant Giant
6011121,,,Mindless Giant
6011122,,,Mindless Giant
6011123,,,Mindless Giant
6011124,,,Aberrant Giant
6011131,,,Mindless Giant
6011132,,,Mindless Giant
6011133,,,Mindless Giant
6011134,,,Aberrant Giant
6011141,,,Mindless Giant
6011142,,,Mindless Giant
6011143,,,Mindless Giant
6011144,,,Aberrant Giant
6011151,,,Mindless Giant
6011152,,,Mindless Giant
6011153,,,Mindless Giant
6011154,,,Aberrant Giant
6011161,,,Mindless Giant
6011162,,,Mindless Giant
6011163,,,Mindless Giant
6011164,,,Aberrant Giant
6002000,of Storm,,Vampire Wasp General
6002001,of Storm,,Intermediate Vampire Wasp Soldier
6002002,of Storm,,Small Steel Ant Worker
6002003,of Storm,,Standard Plague Wasp Soldier
6002004,of Storm,,Large Blade Helm Snake
6002005,of Storm,,Tree Giant
6002006,of Storm,,Steel Ant Worker
6002007,of Storm,,Small Steel Ant Worker
6002008,of Storm,,Lesser Steel Ant Soldier
6002009,of Storm,,Small Steel Ant Worker
6002010,of Storm,,Plague Wasp Supreme General
6002011,of Storm,,Armored Toad
6002012,of Storm,,Large Ironclad Turtle
6002013,of Storm,,Lesser Vampire Wasp Soldier
6002014,of Storm,,Anteaters
6002030,of Lightning,,Steel Bison
6002031,of Lightning,,Thorn Boar
6002032,of Lightning,,Gray Predator
6002033,of Lightning,,Sergal Berserker
6002034,of Lightning,,Dragon-scale Hound
6002035,of Lightning,,Great Lord of the Forest
6002036,of Lightning,,Brown Wyvern
6002037,of Lightning,,Young Monster Predator
6002038,of Lightning,,Horned Ape Alpha
6002039,of Lightning,,Black Predator
6002040,of Lightning,,Dragon-scale Hound
6002041,of Lightning,,Thunderbird
6002060,of Flame,,Kuduru Executioner
6002061,of Flame,,Kuduru Overseer
6002062,of Flame,,Large Kuduru Primalist
6002063,of Flame,,Black Predator
6002064,of Flame,,Large Kuduru Seeker
6002065,of Flame,,Giant Ancient Beast
6002066,of Flame,,Kuduru Executioner
6002067,of Flame,,Kuduru Seeker
6002068,of Flame,,Kuduru Executioner
6002069,of Flame,,Kuduru Executioner
6002070,of Flame,,Hulking Ironclad Bear
6002071,of Flame,,Large Kuduru Primalist
6002072,of Flame,,Kuduru Executioner
6002073,of Flame,,Kuduru Seeker
6002074,of Flame,,Kuduru Great Warrior
6002200,of Storm,,Vampire Wasp General
6002201,of Storm,,Intermediate Vampire Wasp Soldier
6002202,of Storm,,Small Steel Ant Worker
6002203,of Storm,,Standard Plague Wasp Soldier
6002204,of Storm,,Large Blade Helm Snake
6002205,of Storm,,Tree Giant
6002206,of Storm,,Steel Ant Worker
6002207,of Storm,,Small Steel Ant Worker
6002208,of Storm,,Lesser Steel Ant Soldier
6002209,of Storm,,Small Steel Ant Worker
6002210,of Storm,,Plague Wasp Supreme General
6002211,of Storm,,Armored Toad
6002212,of Storm,,Large Ironclad Turtle
6002213,of Storm,,Lesser Vampire Wasp Soldier
6002214,of Storm,,Anteaters
6002230,of Lightning,,Steel Bison
6002231,of Lightning,,Thorn Boar
6002232,of Lightning,,Gray Predator
6002233,of Lightning,,Sergal Berserker
6002234,of Lightning,,Dragon-scale Hound
6002235,of Lightning,,Great Lord of the Forest
6002236,of Lightning,,Brown Wyvern
6002237,of Lightning,,Young Monster Predator
6002238,of Lightning,,Horned Ape Alpha
6002239,of Lightning,,Black Predator
6002240,of Lightning,,Dragon-scale Hound
6002241,of Lightning,,Thunderbird
6002260,of Flame,,Kuduru Executioner
6002261,of Flame,,Kuduru Overseer
6002262,of Flame,,Large Kuduru Primalist
6002263,of Flame,,Black Predator
6002264,of Flame,,Large Kuduru Seeker
6002265,of Flame,,Giant Ancient Beast
6002266,of Flame,,Kuduru Executioner
6002267,of Flame,,Kuduru Seeker
6002268,of Flame,,Kuduru Executioner
6002269,of Flame,,Kuduru Executioner
6002270,of Flame,,Hulking Ironclad Bear
6002271,of Flame,,Large Kuduru Primalist
6002272,of Flame,,Kuduru Executioner
6002273,of Flame,,Kuduru Seeker
6002274,of Flame,,Kuduru Great Warrior
6002400,of Storm,,Vampire Wasp General
6002401,of Storm,,Intermediate Vampire Wasp Soldier
6002402,of Storm,,Small Steel Ant Worker
6002403,of Storm,,Standard Plague Wasp Soldier
6002404,of Storm,,Large Blade Helm Snake
6002405,of Storm,,Tree Giant
6002406,of Storm,,Steel Ant Worker
6002407,of Storm,,Small Steel Ant Worker
6002408,of Storm,,Lesser Steel Ant Soldier
6002409,of Storm,,Small Steel Ant Worker
6002410,of Storm,,Plague Wasp Supreme General
6002411,of Storm,,Armored Toad
6002412,of Storm,,Large Ironclad Turtle
6002413,of Storm,,Lesser Vampire Wasp Soldier
6002414,of Storm,,Anteaters
6002430,of Lightning,,Steel Bison
6002431,of Lightning,,Thorn Boar
6002432,of Lightning,,Gray Predator
6002433,of Lightning,,Sergal Berserker
6002434,of Lightning,,Dragon-scale Hound
6002435,of Lightning,,Great Lord of the Forest
6002436,of Lightning,,Brown Wyvern
6002437,of Lightning,,Young Monster Predator
6002438,of Lightning,,Horned Ape Alpha
6002439,of Lightning,,Black Predator
6002440,of Lightning,,Dragon-scale Hound
6002441,of Lightning,,Thunderbird
6002460,of Flame,,Kuduru Executioner
6002461,of Flame,,Kuduru Overseer
6002462,of Flame,,Large Kuduru Primalist
6002463,of Flame,,Black Predator
6002464,of Flame,,Large Kuduru Seeker
6002465,of Flame,,Giant Ancient Beast
6002466,of Flame,,Kuduru Executioner
6002467,of Flame,,Kuduru Seeker
6002468,of Flame,,Kuduru Executioner
6002469,of Flame,,Kuduru Executioner
6002470,of Flame,,Hulking Ironclad Bear
6002471,of Flame,,Large Kuduru Primalist
6002472,of Flame,,Kuduru Executioner
6002473,of Flame,,Kuduru Seeker
6002474,of Flame,,Kuduru Great Warrior
6002600,of Storm,,Vampire Wasp General
6002601,of Storm,,Intermediate Vampire Wasp Soldier
6002602,of Storm,,Small Steel Ant Worker
6002603,of Storm,,Standard Plague Wasp Soldier
6002604,of Storm,,Large Blade Helm Snake
6002605,of Storm,,Tree Giant
6002606,of Storm,,Steel Ant Worker
6002607,of Storm,,Small Steel Ant Worker
6002608,of Storm,,Lesser Steel Ant Soldier
6002609,of Storm,,Small Steel Ant Worker
6002610,of Storm,,Plague Wasp Supreme General
6002611,of Storm,,Armored Toad
6002612,of Storm,,Large Ironclad Turtle
6002613,of Storm,,Lesser Vampire Wasp Soldier
6002614,of Storm,,Anteaters
6002630,of Lightning,,Steel Bison
6002631,of Lightning,,Thorn Boar
6002632,of Lightning,,Gray Predator
6002633,of Lightning,,Sergal Berserker
6002634,of Lightning,,Dragon-scale Hound
6002635,of Lightning,,Great Lord of the Forest
6002636,of Lightning,,Brown Wyvern
6002637,of Lightning,,Young Monster Predator
6002638,of Lightning,,Horned Ape Alpha
6002639,of Lightning,,Black Predator
6002640,of Lightning,,Dragon-scale Hound
6002641,of Lightning,,Thunderbird
6002660,of Flame,,Kuduru Executioner
6002661,of Flame,,Kuduru Overseer
6002662,of Flame,,Large Kuduru Primalist
6002663,of Flame,,Black Predator
6002664,of Flame,,Large Kuduru Seeker
6002665,of Flame,,Giant Ancient Beast
6002666,of Flame,,Kuduru Executioner
6002667,of Flame,,Kuduru Seeker
6002668,of Flame,,Kuduru Executioner
6002669,of Flame,,Kuduru Executioner
6002670,of Flame,,Hulking Ironclad Bear
6002671,of Flame,,Large Kuduru Primalist
6002672,of Flame,,Kuduru Executioner
6002673,of Flame,,Kuduru Seeker
6002674,of Flame,,Kuduru Great Warrior
6002800,of Storm,,Vampire Wasp General
6002801,of Storm,,Intermediate Vampire Wasp Soldier
6002802,of Storm,,Small Steel Ant Worker
6002803,of Storm,,Standard Plague Wasp Soldier
6002804,of Storm,,Large Blade Helm Snake
6002805,of Storm,,Tree Giant
6002806,of Storm,,Steel Ant Worker
6002807,of Storm,,Small Steel Ant Worker
6002808,of Storm,,Lesser Steel Ant Soldier
6002809,of Storm,,Small Steel Ant Worker
6002810,of Storm,,Plague Wasp Supreme General
6002811,of Storm,,Armored Toad
6002812,of Storm,,Large Ironclad Turtle
6002813,of Storm,,Lesser Vampire Wasp Soldier
6002814,of Storm,,Anteaters
6002830,of Lightning,,Steel Bison
6002831,of Lightning,,Thorn Boar
6002832,of Lightning,,Gray Predator
6002833,of Lightning,,Sergal Berserker
6002834,of Lightning,,Dragon-scale Hound
6002835,of Lightning,,Great Lord of the Forest
6002836,of Lightning,,Brown Wyvern
6002837,of Lightning,,Young Monster Predator
6002838,of Lightning,,Horned Ape Alpha
6002839,of Lightning,,Black Predator
6002840,of Lightning,,Dragon-scale Hound
6002841,of Lightning,,Thunderbird
6002860,of Flame,,Kuduru Executioner
6002861,of Flame,,Kuduru Overseer
6002862,of Flame,,Large Kuduru Primalist
6002863,of Flame,,Black Predator
6002864,of Flame,,Large Kuduru Seeker
6002865,of Flame,,Giant Ancient Beast
6002866,of Flame,,Kuduru Executioner
6002867,of Flame,,Kuduru Seeker
6002868,of Flame,,Kuduru Executioner
6002869,of Flame,,Kuduru Executioner
6002870,of Flame,,Hulking Ironclad Bear
6002871,of Flame,,Large Kuduru Primalist
6002872,of Flame,,Kuduru Executioner
6002873,of Flame,,Kuduru Seeker
6002874,of Flame,,Kuduru Great Warrior
6003000,of Storm,,Vampire Wasp General
6003001,of Storm,,Intermediate Vampire Wasp Soldier
6003002,of Storm,,Small Steel Ant Worker
6003003,of Storm,,Standard Plague Wasp Soldier
6003004,of Storm,,Large Blade Helm Snake
6003005,of Storm,,Tree Giant
6003006,of Storm,,Steel Ant Worker
6003007,of Storm,,Small Steel Ant Worker
6003008,of Storm,,Lesser Steel Ant Soldier
6003009,of Storm,,Small Steel Ant Worker
6003010,of Storm,,Plague Wasp Supreme General
6003011,of Storm,,Armored Toad
6003012,of Storm,,Large Ironclad Turtle
6003013,of Storm,,Lesser Vampire Wasp Soldier
6003014,of Storm,,Anteaters
6003030,of Lightning,,Steel Bison
6003031,of Lightning,,Thorn Boar
6003032,of Lightning,,Gray Predator
6003033,of Lightning,,Sergal Berserker
6003034,of Lightning,,Dragon-scale Hound
6003035,of Lightning,,Great Lord of the Forest
6003036,of Lightning,,Brown Wyvern
6003037,of Lightning,,Young Monster Predator
6003038,of Lightning,,Horned Ape Alpha
6003039,of Lightning,,Black Predator
6003040,of Lightning,,Dragon-scale Hound
6003041,of Lightning,,Thunderbird
6003060,of Flame,,Kuduru Executioner
6003061,of Flame,,Kuduru Overseer
6003062,of Flame,,Large Kuduru Primalist
6003063,of Flame,,Black Predator
6003064,of Flame,,Large Kuduru Seeker
6003065,of Flame,,Giant Ancient Beast
6003066,of Flame,,Kuduru Executioner
6003067,of Flame,,Kuduru Seeker
6003068,of Flame,,Kuduru Executioner
6003069,of Flame,,Kuduru Executioner
6003070,of Flame,,Hulking Ironclad Bear
6003071,of Flame,,Large Kuduru Primalist
6003072,of Flame,,Kuduru Executioner
6003073,of Flame,,Kuduru Seeker
6003074,of Flame,,Kuduru Great Warrior
6003200,of Storm,,Vampire Wasp General
6003201,of Storm,,Intermediate Vampire Wasp Soldier
6003202,of Storm,,Small Steel Ant Worker
6003203,of Storm,,Standard Plague Wasp Soldier
6003204,of Storm,,Large Blade Helm Snake
6003205,of Storm,,Tree Giant
6003206,of Storm,,Steel Ant Worker
6003207,of Storm,,Small Steel Ant Worker
6003208,of Storm,,Lesser Steel Ant Soldier
6003209,of Storm,,Small Steel Ant Worker
6003210,of Storm,,Plague Wasp Supreme General
6003211,of Storm,,Armored Toad
6003212,of Storm,,Large Ironclad Turtle
6003213,of Storm,,Lesser Vampire Wasp Soldier
6003214,of Storm,,Anteaters
6003230,of Lightning,,Steel Bison
6003231,of Lightning,,Thorn Boar
6003232,of Lightning,,Gray Predator
6003233,of Lightning,,Sergal Berserker
6003234,of Lightning,,Dragon-scale Hound
6003235,of Lightning,,Great Lord of the Forest
6003236,of Lightning,,Brown Wyvern
6003237,of Lightning,,Young Monster Predator
6003238,of Lightning,,Horned Ape Alpha
6003239,of Lightning,,Black Predator
6003240,of Lightning,,Dragon-scale Hound
6003241,of Lightning,,Thunderbird
6003260,of Flame,,Kuduru Executioner
6003261,of Flame,,Kuduru Overseer
6003262,of Flame,,Large Kuduru Primalist
6003263,of Flame,,Black Predator
6003264,of Flame,,Large Kuduru Seeker
6003265,of Flame,,Giant Ancient Beast
6003266,of Flame,,Kuduru Executioner
6003267,of Flame,,Kuduru Seeker
6003268,of Flame,,Kuduru Executioner
6003269,of Flame,,Kuduru Executioner
6003270,of Flame,,Hulking Ironclad Bear
6003271,of Flame,,Large Kuduru Primalist
6003272,of Flame,,Kuduru Executioner
6003273,of Flame,,Kuduru Seeker
6003274,of Flame,,Kuduru Great Warrior
6003400,of Storm,,Vampire Wasp General
6003401,of Storm,,Intermediate Vampire Wasp Soldier
6003402,of Storm,,Small Steel Ant Worker
6003403,of Storm,,Standard Plague Wasp Soldier
6003404,of Storm,,Large Blade Helm Snake
6003405,of Storm,,Tree Giant
6003406,of Storm,,Steel Ant Worker
6003407,of Storm,,Small Steel Ant Worker
6003408,of Storm,,Lesser Steel Ant Soldier
6003409,of Storm,,Small Steel Ant Worker
6003410,of Storm,,Plague Wasp Supreme General
6003411,of Storm,,Armored Toad
6003412,of Storm,,Large Ironclad Turtle
6003413,of Storm,,Lesser Vampire Wasp Soldier
6003414,of Storm,,Anteaters
6003430,of Lightning,,Steel Bison
6003431,of Lightning,,Thorn Boar
6003432,of Lightning,,Gray Predator
6003433,of Lightning,,Sergal Berserker
6003434,of Lightning,,Dragon-scale Hound
6003435,of Lightning,,Great Lord of the Forest
6003436,of Lightning,,Brown Wyvern
6003437,of Lightning,,Young Monster Predator
6003438,of Lightning,,Horned Ape Alpha
6003439,of Lightning,,Black Predator
6003440,of Lightning,,Dragon-scale Hound
6003441,of Lightning,,Thunderbird
6003460,of Flame,,Kuduru Executioner
6003461,of Flame,,Kuduru Overseer
6003462,of Flame,,Large Kuduru Primalist
6003463,of Flame,,Black Predator
6003464,of Flame,,Large Kuduru Seeker
6003465,of Flame,,Giant Ancient Beast
6003466,of Flame,,Kuduru Executioner
6003467,of Flame,,Kuduru Seeker
6003468,of Flame,,Kuduru Executioner
6003469,of Flame,,Kuduru Executioner
6003470,of Flame,,Hulking Ironclad Bear
6003471,of Flame,,Large Kuduru Primalist
6003472,of Flame,,Kuduru Executioner
6003473,of Flame,,Kuduru Seeker
6003474,of Flame,,Kuduru Great Warrior
6003600,of Storm,,Vampire Wasp General
6003601,of Storm,,Intermediate Vampire Wasp Soldier
6003602,of Storm,,Small Steel Ant Worker
6003603,of Storm,,Standard Plague Wasp Soldier
6003604,of Storm,,Large Blade Helm Snake
6003605,of Storm,,Tree Giant
6003606,of Storm,,Steel Ant Worker
6003607,of Storm,,Small Steel Ant Worker
6003608,of Storm,,Lesser Steel Ant Soldier
6003609,of Storm,,Small Steel Ant Worker
6003610,of Storm,,Plague Wasp Supreme General
6003611,of Storm,,Armored Toad
6003612,of Storm,,Large Ironclad Turtle
6003613,of Storm,,Lesser Vampire Wasp Soldier
6003614,of Storm,,Anteaters
6003630,of Lightning,,Steel Bison
6003631,of Lightning,,Thorn Boar
6003632,of Lightning,,Gray Predator
6003633,of Lightning,,Sergal Berserker
6003634,of Lightning,,Dragon-scale Hound
6003635,of Lightning,,Great Lord of the Forest
6003636,of Lightning,,Brown Wyvern
6003637,of Lightning,,Young Monster Predator
6003638,of Lightning,,Horned Ape Alpha
6003639,of Lightning,,Black Predator
6003640,of Lightning,,Dragon-scale Hound
6003641,of Lightning,,Thunderbird
6003660,of Flame,,Kuduru Executioner
6003661,of Flame,,Kuduru Overseer
6003662,of Flame,,Large Kuduru Primalist
6003663,of Flame,,Black Predator
6003664,of Flame,,Large Kuduru Seeker
6003665,of Flame,,Giant Ancient Beast
6003666,of Flame,,Kuduru Executioner
6003667,of Flame,,Kuduru Seeker
6003668,of Flame,,Kuduru Executioner
6003669,of Flame,,Kuduru Executioner
6003670,of Flame,,Hulking Ironclad Bear
6003671,of Flame,,Large Kuduru Primalist
6003672,of Flame,,Kuduru Executioner
6003673,of Flame,,Kuduru Seeker
6003674,of Flame,,Kuduru Great Warrior
6003800,of Storm,,Vampire Wasp General
6003801,of Storm,,Intermediate Vampire Wasp Soldier
6003802,of Storm,,Small Steel Ant Worker
6003803,of Storm,,Standard Plague Wasp Soldier
6003804,of Storm,,Large Blade Helm Snake
6003805,of Storm,,Tree Giant
6003806,of Storm,,Steel Ant Worker
6003807,of Storm,,Small Steel Ant Worker
6003808,of Storm,,Lesser Steel Ant Soldier
6003809,of Storm,,Small Steel Ant Worker
6003810,of Storm,,Plague Wasp Supreme General
6003811,of Storm,,Armored Toad
6003812,of Storm,,Large Ironclad Turtle
6003813,of Storm,,Lesser Vampire Wasp Soldier
6003814,of Storm,,Anteaters
6003830,of Lightning,,Steel Bison
6003831,of Lightning,,Thorn Boar
6003832,of Lightning,,Gray Predator
6003833,of Lightning,,Sergal Berserker
6003834,of Lightning,,Dragon-scale Hound
6003835,of Lightning,,Great Lord of the Forest
6003836,of Lightning,,Brown Wyvern
6003837,of Lightning,,Young Monster Predator
6003838,of Lightning,,Horned Ape Alpha
6003839,of Lightning,,Black Predator
6003840,of Lightning,,Dragon-scale Hound
6003841,of Lightning,,Thunderbird
6003860,of Flame,,Kuduru Executioner
6003861,of Flame,,Kuduru Overseer
6003862,of Flame,,Large Kuduru Primalist
6003863,of Flame,,Black Predator
6003864,of Flame,,Large Kuduru Seeker
6003865,of Flame,,Giant Ancient Beast
6003866,of Flame,,Kuduru Executioner
6003867,of Flame,,Kuduru Seeker
6003868,of Flame,,Kuduru Executioner
6003869,of Flame,,Kuduru Executioner
6003870,of Flame,,Hulking Ironclad Bear
6003871,of Flame,,Large Kuduru Primalist
6003872,of Flame,,Kuduru Executioner
6003873,of Flame,,Kuduru Seeker
6003874,of Flame,,Kuduru Great Warrior
6004000,of Storm,,Vampire Wasp General
6004001,of Storm,,Intermediate Vampire Wasp Soldier
6004002,of Storm,,Small Steel Ant Worker
6004003,of Storm,,Standard Plague Wasp Soldier
6004004,of Storm,,Large Blade Helm Snake
6004005,of Storm,,Tree Giant
6004006,of Storm,,Steel Ant Worker
6004007,of Storm,,Small Steel Ant Worker
6004008,of Storm,,Lesser Steel Ant Soldier
6004009,of Storm,,Small Steel Ant Worker
6004010,of Storm,,Plague Wasp Supreme General
6004011,of Storm,,Armored Toad
6004012,of Storm,,Large Ironclad Turtle
6004013,of Storm,,Lesser Vampire Wasp Soldier
6004014,of Storm,,Anteaters
6004030,of Lightning,,Steel Bison
6004031,of Lightning,,Thorn Boar
6004032,of Lightning,,Gray Predator
6004033,of Lightning,,Sergal Berserker
6004034,of Lightning,,Dragon-scale Hound
6004035,of Lightning,,Great Lord of the Forest
6004036,of Lightning,,Brown Wyvern
6004037,of Lightning,,Young Monster Predator
6004038,of Lightning,,Horned Ape Alpha
6004039,of Lightning,,Black Predator
6004040,of Lightning,,Dragon-scale Hound
6004041,of Lightning,,Thunderbird
6004060,of Flame,,Kuduru Executioner
6004061,of Flame,,Kuduru Overseer
6004062,of Flame,,Large Kuduru Primalist
6004063,of Flame,,Black Predator
6004064,of Flame,,Large Kuduru Seeker
6004065,of Flame,,Giant Ancient Beast
6004066,of Flame,,Kuduru Executioner
6004067,of Flame,,Kuduru Seeker
6004068,of Flame,,Kuduru Executioner
6004069,of Flame,,Kuduru Executioner
6004070,of Flame,,Hulking Ironclad Bear
6004071,of Flame,,Large Kuduru Primalist
6004072,of Flame,,Kuduru Executioner
6004073,of Flame,,Kuduru Seeker
6004074,of Flame,,Kuduru Great Warrior
6004200,of Storm,,Vampire Wasp General
6004201,of Storm,,Intermediate Vampire Wasp Soldier
6004202,of Storm,,Small Steel Ant Worker
6004203,of Storm,,Standard Plague Wasp Soldier
6004204,of Storm,,Large Blade Helm Snake
6004205,of Storm,,Tree Giant
6004206,of Storm,,Steel Ant Worker
6004207,of Storm,,Small Steel Ant Worker
6004208,of Storm,,Lesser Steel Ant Soldier
6004209,of Storm,,Small Steel Ant Worker
6004210,of Storm,,Plague Wasp Supreme General
6004211,of Storm,,Armored Toad
6004212,of Storm,,Large Ironclad Turtle
6004213,of Storm,,Lesser Vampire Wasp Soldier
6004214,of Storm,,Anteaters
6004230,of Lightning,,Steel Bison
6004231,of Lightning,,Thorn Boar
6004232,of Lightning,,Gray Predator
6004233,of Lightning,,Sergal Berserker
6004234,of Lightning,,Dragon-scale Hound
6004235,of Lightning,,Great Lord of the Forest
6004236,of Lightning,,Brown Wyvern
6004237,of Lightning,,Young Monster Predator
6004238,of Lightning,,Horned Ape Alpha
6004239,of Lightning,,Black Predator
6004240,of Lightning,,Dragon-scale Hound
6004241,of Lightning,,Thunderbird
6004260,of Flame,,Kuduru Executioner
6004261,of Flame,,Kuduru Overseer
6004262,of Flame,,Large Kuduru Primalist
6004263,of Flame,,Black Predator
6004264,of Flame,,Large Kuduru Seeker
6004265,of Flame,,Giant Ancient Beast
6004266,of Flame,,Kuduru Executioner
6004267,of Flame,,Kuduru Seeker
6004268,of Flame,,Kuduru Executioner
6004269,of Flame,,Kuduru Executioner
6004270,of Flame,,Hulking Ironclad Bear
6004271,of Flame,,Large Kuduru Primalist
6004272,of Flame,,Kuduru Executioner
6004273,of Flame,,Kuduru Seeker
6004274,of Flame,,Kuduru Great Warrior
6004400,of Storm,,Vampire Wasp General
6004401,of Storm,,Intermediate Vampire Wasp Soldier
6004402,of Storm,,Small Steel Ant Worker
6004403,of Storm,,Standard Plague Wasp Soldier
6004404,of Storm,,Large Blade Helm Snake
6004405,of Storm,,Tree Giant
6004406,of Storm,,Steel Ant Worker
6004407,of Storm,,Small Steel Ant Worker
6004408,of Storm,,Lesser Steel Ant Soldier
6004409,of Storm,,Small Steel Ant Worker
6004410,of Storm,,Plague Wasp Supreme General
6004411,of Storm,,Armored Toad
6004412,of Storm,,Large Ironclad Turtle
6004413,of Storm,,Lesser Vampire Wasp Soldier
6004414,of Storm,,Anteaters
6004430,of Lightning,,Steel Bison
6004431,of Lightning,,Thorn Boar
6004432,of Lightning,,Gray Predator
6004433,of Lightning,,Sergal Berserker
6004434,of Lightning,,Dragon-scale Hound
6004435,of Lightning,,Great Lord of the Forest
6004436,of Lightning,,Brown Wyvern
6004437,of Lightning,,Young Monster Predator
6004438,of Lightning,,Horned Ape Alpha
6004439,of Lightning,,Black Predator
6004440,of Lightning,,Dragon-scale Hound
6004441,of Lightning,,Thunderbird
6004460,of Flame,,Kuduru Executioner
6004461,of Flame,,Kuduru Overseer
6004462,of Flame,,Large Kuduru Primalist
6004463,of Flame,,Black Predator
6004464,of Flame,,Large Kuduru Seeker
6004465,of Flame,,Giant Ancient Beast
6004466,of Flame,,Kuduru Executioner
6004467,of Flame,,Kuduru Seeker
6004468,of Flame,,Kuduru Executioner
6004469,of Flame,,Kuduru Executioner
6004470,of Flame,,Hulking Ironclad Bear
6004471,of Flame,,Large Kuduru Primalist
6004472,of Flame,,Kuduru Executioner
6004473,of Flame,,Kuduru Seeker
6004474,of Flame,,Kuduru Great Warrior
6004600,of Storm,,Vampire Wasp General
6004601,of Storm,,Intermediate Vampire Wasp Soldier
6004602,of Storm,,Small Steel Ant Worker
6004603,of Storm,,Standard Plague Wasp Soldier
6004604,of Storm,,Large Blade Helm Snake
6004605,of Storm,,Tree Giant
6004606,of Storm,,Steel Ant Worker
6004607,of Storm,,Small Steel Ant Worker
6004608,of Storm,,Lesser Steel Ant Soldier
6004609,of Storm,,Small Steel Ant Worker
6004610,of Storm,,Plague Wasp Supreme General
6004611,of Storm,,Armored Toad
6004612,of Storm,,Large Ironclad Turtle
6004613,of Storm,,Lesser Vampire Wasp Soldier
6004614,of Storm,,Anteaters
6004630,of Lightning,,Steel Bison
6004631,of Lightning,,Thorn Boar
6004632,of Lightning,,Gray Predator
6004633,of Lightning,,Sergal Berserker
6004634,of Lightning,,Dragon-scale Hound
6004635,of Lightning,,Great Lord of the Forest
6004636,of Lightning,,Brown Wyvern
6004637,of Lightning,,Young Monster Predator
6004638,of Lightning,,Horned Ape Alpha
6004639,of Lightning,,Black Predator
6004640,of Lightning,,Dragon-scale Hound
6004641,of Lightning,,Thunderbird
6004660,of Flame,,Kuduru Executioner
6004661,of Flame,,Kuduru Overseer
6004662,of Flame,,Large Kuduru Primalist
6004663,of Flame,,Black Predator
6004664,of Flame,,Large Kuduru Seeker
6004665,of Flame,,Giant Ancient Beast
6004666,of Flame,,Kuduru Executioner
6004667,of Flame,,Kuduru Seeker
6004668,of Flame,,Kuduru Executioner
6004669,of Flame,,Kuduru Executioner
6004670,of Flame,,Hulking Ironclad Bear
6004671,of Flame,,Large Kuduru Primalist
6004672,of Flame,,Kuduru Executioner
6004673,of Flame,,Kuduru Seeker
6004674,of Flame,,Kuduru Great Warrior
6004800,of Storm,,Vampire Wasp General
6004801,of Storm,,Intermediate Vampire Wasp Soldier
6004802,of Storm,,Small Steel Ant Worker
6004803,of Storm,,Standard Plague Wasp Soldier
6004804,of Storm,,Large Blade Helm Snake
6004805,of Storm,,Tree Giant
6004806,of Storm,,Steel Ant Worker
6004807,of Storm,,Small Steel Ant Worker
6004808,of Storm,,Lesser Steel Ant Soldier
6004809,of Storm,,Small Steel Ant Worker
6004810,of Storm,,Plague Wasp Supreme General
6004811,of Storm,,Armored Toad
6004812,of Storm,,Large Ironclad Turtle
6004813,of Storm,,Lesser Vampire Wasp Soldier
6004814,of Storm,,Anteaters
6004830,of Lightning,,Steel Bison
6004831,of Lightning,,Thorn Boar
6004832,of Lightning,,Gray Predator
6004833,of Lightning,,Sergal Berserker
6004834,of Lightning,,Dragon-scale Hound
6004835,of Lightning,,Great Lord of the Forest
6004836,of Lightning,,Brown Wyvern
6004837,of Lightning,,Young Monster Predator
6004838,of Lightning,,Horned Ape Alpha
6004839,of Lightning,,Black Predator
6004840,of Lightning,,Dragon-scale Hound
6004841,of Lightning,,Thunderbird
6004860,of Flame,,Kuduru Executioner
6004861,of Flame,,Kuduru Overseer
6004862,of Flame,,Large Kuduru Primalist
6004863,of Flame,,Black Predator
6004864,of Flame,,Large Kuduru Seeker
6004865,of Flame,,Giant Ancient Beast
6004866,of Flame,,Kuduru Executioner
6004867,of Flame,,Kuduru Seeker
6004868,of Flame,,Kuduru Executioner
6004869,of Flame,,Kuduru Executioner
6004870,of Flame,,Hulking Ironclad Bear
6004871,of Flame,,Large Kuduru Primalist
6004872,of Flame,,Kuduru Executioner
6004873,of Flame,,Kuduru Seeker
6004874,of Flame,,Kuduru Great Warrior
6011201,,,Mindless Giant
6011202,,,Mindless Giant
6011203,,,Mindless Giant
6011204,,,Aberrant Giant
6011211,,,Mindless Giant
6011212,,,Mindless Giant
6011213,,,Mindless Giant
6011214,,,Aberrant Giant
6011221,,,Mindless Giant
6011222,,,Mindless Giant
6011223,,,Mindless Giant
6011224,,,Aberrant Giant
6011231,,,Mindless Giant
6011232,,,Mindless Giant
6011233,,,Mindless Giant
6011234,,,Aberrant Giant
6011241,,,Mindless Giant
6011242,,,Mindless Giant
6011243,,,Mindless Giant
6011244,,,Aberrant Giant
6011251,,,Mindless Giant
6011252,,,Mindless Giant
6011253,,,Mindless Giant
6011254,,,Aberrant Giant
6011261,,,Mindless Giant
6011262,,,Mindless Giant
6011263,,,Mindless Giant
6011264,,,Aberrant Giant
6011271,,,Mindless Giant
6011272,,,Mindless Giant
6011273,,,Mindless Giant
6011274,,,Aberrant Giant
6011281,,,Mindless Giant
6011282,,,Mindless Giant
6011283,,,Mindless Giant
6011284,,,Aberrant Giant
6011301,,,Mindless Giant
6011302,,,Mindless Giant
6011303,,,Mindless Giant
6011304,,,Aberrant Giant
6011311,,,Mindless Giant
6011312,,,Mindless Giant
6011313,,,Mindless Giant
6011314,,,Aberrant Giant
6011321,,,Mindless Giant
6011322,,,Mindless Giant
6011323,,,Mindless Giant
6011324,,,Aberrant Giant
6011331,,,Mindless Giant
6011332,,,Mindless Giant
6011333,,,Mindless Giant
6011334,,,Aberrant Giant
6011341,,,Mindless Giant
6011342,,,Mindless Giant
6011343,,,Mindless Giant
6011344,,,Aberrant Giant
6011351,,,Mindless Giant
6011352,,,Mindless Giant
6011353,,,Mindless Giant
6011354,,,Aberrant Giant
6005000,of Storm,,Vampire Wasp General
6005001,of Storm,,Intermediate Vampire Wasp Soldier
6005002,of Storm,,Small Steel Ant Worker
6005003,of Storm,,Standard Plague Wasp Soldier
6005004,of Storm,,Large Blade Helm Snake
6005005,of Storm,,Tree Giant
6005006,of Storm,,Steel Ant Worker
6005007,of Storm,,Small Steel Ant Worker
6005008,of Storm,,Lesser Steel Ant Soldier
6005009,of Storm,,Small Steel Ant Worker
6005010,of Storm,,Plague Wasp Supreme General
6005011,of Storm,,Armored Toad
6005012,of Storm,,Large Ironclad Turtle
6005013,of Storm,,Lesser Vampire Wasp Soldier
6005014,of Storm,,Anteaters
6005030,of Lightning,,Steel Bison
6005031,of Lightning,,Thorn Boar
6005032,of Lightning,,Gray Predator
6005033,of Lightning,,Sergal Berserker
6005034,of Lightning,,Dragon-scale Hound
6005035,of Lightning,,Great Lord of the Forest
6005036,of Lightning,,Brown Wyvern
6005037,of Lightning,,Young Monster Predator
6005038,of Lightning,,Horned Ape Alpha
6005039,of Lightning,,Black Predator
6005040,of Lightning,,Dragon-scale Hound
6005041,of Lightning,,Thunderbird
6005060,of Flame,,Kuduru Executioner
6005061,of Flame,,Kuduru Overseer
6005062,of Flame,,Large Kuduru Primalist
6005063,of Flame,,Black Predator
6005064,of Flame,,Large Kuduru Seeker
6005065,of Flame,,Giant Ancient Beast
6005066,of Flame,,Kuduru Executioner
6005067,of Flame,,Kuduru Seeker
6005068,of Flame,,Kuduru Executioner
6005069,of Flame,,Kuduru Executioner
6005070,of Flame,,Hulking Ironclad Bear
6005071,of Flame,,Large Kuduru Primalist
6005072,of Flame,,Kuduru Executioner
6005073,of Flame,,Kuduru Seeker
6005074,of Flame,,Kuduru Great Warrior
6005200,of Storm,,Vampire Wasp General
6005201,of Storm,,Intermediate Vampire Wasp Soldier
6005202,of Storm,,Small Steel Ant Worker
6005203,of Storm,,Standard Plague Wasp Soldier
6005204,of Storm,,Large Blade Helm Snake
6005205,of Storm,,Tree Giant
6005206,of Storm,,Steel Ant Worker
6005207,of Storm,,Small Steel Ant Worker
6005208,of Storm,,Lesser Steel Ant Soldier
6005209,of Storm,,Small Steel Ant Worker
6005210,of Storm,,Plague Wasp Supreme General
6005211,of Storm,,Armored Toad
6005212,of Storm,,Large Ironclad Turtle
6005213,of Storm,,Lesser Vampire Wasp Soldier
6005214,of Storm,,Anteaters
6005230,of Lightning,,Steel Bison
6005231,of Lightning,,Thorn Boar
6005232,of Lightning,,Gray Predator
6005233,of Lightning,,Sergal Berserker
6005234,of Lightning,,Dragon-scale Hound
6005235,of Lightning,,Great Lord of the Forest
6005236,of Lightning,,Brown Wyvern
6005237,of Lightning,,Young Monster Predator
6005238,of Lightning,,Horned Ape Alpha
6005239,of Lightning,,Black Predator
6005240,of Lightning,,Dragon-scale Hound
6005241,of Lightning,,Thunderbird
6005260,of Flame,,Kuduru Executioner
6005261,of Flame,,Kuduru Overseer
6005262,of Flame,,Large Kuduru Primalist
6005263,of Flame,,Black Predator
6005264,of Flame,,Large Kuduru Seeker
6005265,of Flame,,Giant Ancient Beast
6005266,of Flame,,Kuduru Executioner
6005267,of Flame,,Kuduru Seeker
6005268,of Flame,,Kuduru Executioner
6005269,of Flame,,Kuduru Executioner
6005270,of Flame,,Hulking Ironclad Bear
6005271,of Flame,,Large Kuduru Primalist
6005272,of Flame,,Kuduru Executioner
6005273,of Flame,,Kuduru Seeker
6005274,of Flame,,Kuduru Great Warrior
6005400,of Storm,,Vampire Wasp General
6005401,of Storm,,Intermediate Vampire Wasp Soldier
6005402,of Storm,,Small Steel Ant Worker
6005403,of Storm,,Standard Plague Wasp Soldier
6005404,of Storm,,Large Blade Helm Snake
6005405,of Storm,,Tree Giant
6005406,of Storm,,Steel Ant Worker
6005407,of Storm,,Small Steel Ant Worker
6005408,of Storm,,Lesser Steel Ant Soldier
6005409,of Storm,,Small Steel Ant Worker
6005410,of Storm,,Plague Wasp Supreme General
6005411,of Storm,,Armored Toad
6005412,of Storm,,Large Ironclad Turtle
6005413,of Storm,,Lesser Vampire Wasp Soldier
6005414,of Storm,,Anteaters
6005430,of Lightning,,Steel Bison
6005431,of Lightning,,Thorn Boar
6005432,of Lightning,,Gray Predator
6005433,of Lightning,,Sergal Berserker
6005434,of Lightning,,Dragon-scale Hound
6005435,of Lightning,,Great Lord of the Forest
6005436,of Lightning,,Brown Wyvern
6005437,of Lightning,,Young Monster Predator
6005438,of Lightning,,Horned Ape Alpha
6005439,of Lightning,,Black Predator
6005440,of Lightning,,Dragon-scale Hound
6005441,of Lightning,,Thunderbird
6005460,of Flame,,Kuduru Executioner
6005461,of Flame,,Kuduru Overseer
6005462,of Flame,,Large Kuduru Primalist
6005463,of Flame,,Black Predator
6005464,of Flame,,Large Kuduru Seeker
6005465,of Flame,,Giant Ancient Beast
6005466,of Flame,,Kuduru Executioner
6005467,of Flame,,Kuduru Seeker
6005468,of Flame,,Kuduru Executioner
6005469,of Flame,,Kuduru Executioner
6005470,of Flame,,Hulking Ironclad Bear
6005471,of Flame,,Large Kuduru Primalist
6005472,of Flame,,Kuduru Executioner
6005473,of Flame,,Kuduru Seeker
6005474,of Flame,,Kuduru Great Warrior
6005600,of Storm,,Vampire Wasp General
6005601,of Storm,,Intermediate Vampire Wasp Soldier
6005602,of Storm,,Small Steel Ant Worker
6005603,of Storm,,Standard Plague Wasp Soldier
6005604,of Storm,,Large Blade Helm Snake
6005605,of Storm,,Tree Giant
6005606,of Storm,,Steel Ant Worker
6005607,of Storm,,Small Steel Ant Worker
6005608,of Storm,,Lesser Steel Ant Soldier
6005609,of Storm,,Small Steel Ant Worker
6005610,of Storm,,Plague Wasp Supreme General
6005611,of Storm,,Armored Toad
6005612,of Storm,,Large Ironclad Turtle
6005613,of Storm,,Lesser Vampire Wasp Soldier
6005614,of Storm,,Anteaters
6005630,of Lightning,,Steel Bison
6005631,of Lightning,,Thorn Boar
6005632,of Lightning,,Gray Predator
6005633,of Lightning,,Sergal Berserker
6005634,of Lightning,,Dragon-scale Hound
6005635,of Lightning,,Great Lord of the Forest
6005636,of Lightning,,Brown Wyvern
6005637,of Lightning,,Young Monster Predator
6005638,of Lightning,,Horned Ape Alpha
6005639,of Lightning,,Black Predator
6005640,of Lightning,,Dragon-scale Hound
6005641,of Lightning,,Thunderbird
6005660,of Flame,,Kuduru Executioner
6005661,of Flame,,Kuduru Overseer
6005662,of Flame,,Large Kuduru Primalist
6005663,of Flame,,Black Predator
6005664,of Flame,,Large Kuduru Seeker
6005665,of Flame,,Giant Ancient Beast
6005666,of Flame,,Kuduru Executioner
6005667,of Flame,,Kuduru Seeker
6005668,of Flame,,Kuduru Executioner
6005669,of Flame,,Kuduru Executioner
6005670,of Flame,,Hulking Ironclad Bear
6005671,of Flame,,Large Kuduru Primalist
6005672,of Flame,,Kuduru Executioner
6005673,of Flame,,Kuduru Seeker
6005674,of Flame,,Kuduru Great Warrior
6005800,of Storm,,Vampire Wasp General
6005801,of Storm,,Intermediate Vampire Wasp Soldier
6005802,of Storm,,Small Steel Ant Worker
6005803,of Storm,,Standard Plague Wasp Soldier
6005804,of Storm,,Large Blade Helm Snake
6005805,of Storm,,Tree Giant
6005806,of Storm,,Steel Ant Worker
6005807,of Storm,,Small Steel Ant Worker
6005808,of Storm,,Lesser Steel Ant Soldier
6005809,of Storm,,Small Steel Ant Worker
6005810,of Storm,,Plague Wasp Supreme General
6005811,of Storm,,Armored Toad
6005812,of Storm,,Large Ironclad Turtle
6005813,of Storm,,Lesser Vampire Wasp Soldier
6005814,of Storm,,Anteaters
6005830,of Lightning,,Steel Bison
6005831,of Lightning,,Thorn Boar
6005832,of Lightning,,Gray Predator
6005833,of Lightning,,Sergal Berserker
6005834,of Lightning,,Dragon-scale Hound
6005835,of Lightning,,Great Lord of the Forest
6005836,of Lightning,,Brown Wyvern
6005837,of Lightning,,Young Monster Predator
6005838,of Lightning,,Horned Ape Alpha
6005839,of Lightning,,Black Predator
6005840,of Lightning,,Dragon-scale Hound
6005841,of Lightning,,Thunderbird
6005860,of Flame,,Kuduru Executioner
6005861,of Flame,,Kuduru Overseer
6005862,of Flame,,Large Kuduru Primalist
6005863,of Flame,,Black Predator
6005864,of Flame,,Large Kuduru Seeker
6005865,of Flame,,Giant Ancient Beast
6005866,of Flame,,Kuduru Executioner
6005867,of Flame,,Kuduru Seeker
6005868,of Flame,,Kuduru Executioner
6005869,of Flame,,Kuduru Executioner
6005870,of Flame,,Hulking Ironclad Bear
6005871,of Flame,,Large Kuduru Primalist
6005872,of Flame,,Kuduru Executioner
6005873,of Flame,,Kuduru Seeker
6005874,of Flame,,Kuduru Great Warrior
6006000,of Storm,,Vampire Wasp General
6006001,of Storm,,Intermediate Vampire Wasp Soldier
6006002,of Storm,,Small Steel Ant Worker
6006003,of Storm,,Standard Plague Wasp Soldier
6006004,of Storm,,Large Blade Helm Snake
6006005,of Storm,,Tree Giant
6006006,of Storm,,Steel Ant Worker
6006007,of Storm,,Small Steel Ant Worker
6006008,of Storm,,Lesser Steel Ant Soldier
6006009,of Storm,,Small Steel Ant Worker
6006010,of Storm,,Plague Wasp Supreme General
6006011,of Storm,,Armored Toad
6006012,of Storm,,Large Ironclad Turtle
6006013,of Storm,,Lesser Vampire Wasp Soldier
6006014,of Storm,,Anteaters
6006030,of Lightning,,Steel Bison
6006031,of Lightning,,Thorn Boar
6006032,of Lightning,,Gray Predator
6006033,of Lightning,,Sergal Berserker
6006034,of Lightning,,Dragon-scale Hound
6006035,of Lightning,,Great Lord of the Forest
6006036,of Lightning,,Brown Wyvern
6006037,of Lightning,,Young Monster Predator
6006038,of Lightning,,Horned Ape Alpha
6006039,of Lightning,,Black Predator
6006040,of Lightning,,Dragon-scale Hound
6006041,of Lightning,,Thunderbird
6006060,of Flame,,Kuduru Executioner
6006061,of Flame,,Kuduru Overseer
6006062,of Flame,,Large Kuduru Primalist
6006063,of Flame,,Black Predator
6006064,of Flame,,Large Kuduru Seeker
6006065,of Flame,,Giant Ancient Beast
6006066,of Flame,,Kuduru Executioner
6006067,of Flame,,Kuduru Seeker
6006068,of Flame,,Kuduru Executioner
6006069,of Flame,,Kuduru Executioner
6006070,of Flame,,Hulking Ironclad Bear
6006071,of Flame,,Large Kuduru Primalist
6006072,of Flame,,Kuduru Executioner
6006073,of Flame,,Kuduru Seeker
6006074,of Flame,,Kuduru Great Warrior
6006200,of Storm,,Vampire Wasp General
6006201,of Storm,,Intermediate Vampire Wasp Soldier
6006202,of Storm,,Small Steel Ant Worker
6006203,of Storm,,Standard Plague Wasp Soldier
6006204,of Storm,,Large Blade Helm Snake
6006205,of Storm,,Tree Giant
6006206,of Storm,,Steel Ant Worker
6006207,of Storm,,Small Steel Ant Worker
6006208,of Storm,,Lesser Steel Ant Soldier
6006209,of Storm,,Small Steel Ant Worker
6006210,of Storm,,Plague Wasp Supreme General
6006211,of Storm,,Armored Toad
6006212,of Storm,,Large Ironclad Turtle
6006213,of Storm,,Lesser Vampire Wasp Soldier
6006214,of Storm,,Anteaters
6006230,of Lightning,,Steel Bison
6006231,of Lightning,,Thorn Boar
6006232,of Lightning,,Gray Predator
6006233,of Lightning,,Sergal Berserker
6006234,of Lightning,,Dragon-scale Hound
6006235,of Lightning,,Great Lord of the Forest
6006236,of Lightning,,Brown Wyvern
6006237,of Lightning,,Young Monster Predator
6006238,of Lightning,,Horned Ape Alpha
6006239,of Lightning,,Black Predator
6006240,of Lightning,,Dragon-scale Hound
6006241,of Lightning,,Thunderbird
6006260,of Flame,,Kuduru Executioner
6006261,of Flame,,Kuduru Overseer
6006262,of Flame,,Large Kuduru Primalist
6006263,of Flame,,Black Predator
6006264,of Flame,,Large Kuduru Seeker
6006265,of Flame,,Giant Ancient Beast
6006266,of Flame,,Kuduru Executioner
6006267,of Flame,,Kuduru Seeker
6006268,of Flame,,Kuduru Executioner
6006269,of Flame,,Kuduru Executioner
6006270,of Flame,,Hulking Ironclad Bear
6006271,of Flame,,Large Kuduru Primalist
6006272,of Flame,,Kuduru Executioner
6006273,of Flame,,Kuduru Seeker
6006274,of Flame,,Kuduru Great Warrior
6006400,of Storm,,Vampire Wasp General
6006401,of Storm,,Intermediate Vampire Wasp Soldier
6006402,of Storm,,Small Steel Ant Worker
6006403,of Storm,,Standard Plague Wasp Soldier
6006404,of Storm,,Large Blade Helm Snake
6006405,of Storm,,Tree Giant
6006406,of Storm,,Steel Ant Worker
6006407,of Storm,,Small Steel Ant Worker
6006408,of Storm,,Lesser Steel Ant Soldier
6006409,of Storm,,Small Steel Ant Worker
6006410,of Storm,,Plague Wasp Supreme General
6006411,of Storm,,Armored Toad
6006412,of Storm,,Large Ironclad Turtle
6006413,of Storm,,Lesser Vampire Wasp Soldier
6006414,of Storm,,Anteaters
6006430,of Lightning,,Steel Bison
6006431,of Lightning,,Thorn Boar
6006432,of Lightning,,Gray Predator
6006433,of Lightning,,Sergal Berserker
6006434,of Lightning,,Dragon-scale Hound
6006435,of Lightning,,Great Lord of the Forest
6006436,of Lightning,,Brown Wyvern
6006437,of Lightning,,Young Monster Predator
6006438,of Lightning,,Horned Ape Alpha
6006439,of Lightning,,Black Predator
6006440,of Lightning,,Dragon-scale Hound
6006441,of Lightning,,Thunderbird
6006460,of Flame,,Kuduru Executioner
6006461,of Flame,,Kuduru Overseer
6006462,of Flame,,Large Kuduru Primalist
6006463,of Flame,,Black Predator
6006464,of Flame,,Large Kuduru Seeker
6006465,of Flame,,Giant Ancient Beast
6006466,of Flame,,Kuduru Executioner
6006467,of Flame,,Kuduru Seeker
6006468,of Flame,,Kuduru Executioner
6006469,of Flame,,Kuduru Executioner
6006470,of Flame,,Hulking Ironclad Bear
6006471,of Flame,,Large Kuduru Primalist
6006472,of Flame,,Kuduru Executioner
6006473,of Flame,,Kuduru Seeker
6006474,of Flame,,Kuduru Great Warrior
6006600,of Storm,,Vampire Wasp General
6006601,of Storm,,Intermediate Vampire Wasp Soldier
6006602,of Storm,,Small Steel Ant Worker
6006603,of Storm,,Standard Plague Wasp Soldier
6006604,of Storm,,Large Blade Helm Snake
6006605,of Storm,,Tree Giant
6006606,of Storm,,Steel Ant Worker
6006607,of Storm,,Small Steel Ant Worker
6006608,of Storm,,Lesser Steel Ant Soldier
6006609,of Storm,,Small Steel Ant Worker
6006610,of Storm,,Plague Wasp Supreme General
6006611,of Storm,,Armored Toad
6006612,of Storm,,Large Ironclad Turtle
6006613,of Storm,,Lesser Vampire Wasp Soldier
6006614,of Storm,,Anteaters
6006630,of Lightning,,Steel Bison
6006631,of Lightning,,Thorn Boar
6006632,of Lightning,,Gray Predator
6006633,of Lightning,,Sergal Berserker
6006634,of Lightning,,Dragon-scale Hound
6006635,of Lightning,,Great Lord of the Forest
6006636,of Lightning,,Brown Wyvern
6006637,of Lightning,,Young Monster Predator
6006638,of Lightning,,Horned Ape Alpha
6006639,of Lightning,,Black Predator
6006640,of Lightning,,Dragon-scale Hound
6006641,of Lightning,,Thunderbird
6006660,of Flame,,Kuduru Executioner
6006661,of Flame,,Kuduru Overseer
6006662,of Flame,,Large Kuduru Primalist
6006663,of Flame,,Black Predator
6006664,of Flame,,Large Kuduru Seeker
6006665,of Flame,,Giant Ancient Beast
6006666,of Flame,,Kuduru Executioner
6006667,of Flame,,Kuduru Seeker
6006668,of Flame,,Kuduru Executioner
6006669,of Flame,,Kuduru Executioner
6006670,of Flame,,Hulking Ironclad Bear
6006671,of Flame,,Large Kuduru Primalist
6006672,of Flame,,Kuduru Executioner
6006673,of Flame,,Kuduru Seeker
6006674,of Flame,,Kuduru Great Warrior
6006800,of Storm,,Vampire Wasp General
6006801,of Storm,,Intermediate Vampire Wasp Soldier
6006802,of Storm,,Small Steel Ant Worker
6006803,of Storm,,Standard Plague Wasp Soldier
6006804,of Storm,,Large Blade Helm Snake
6006805,of Storm,,Tree Giant
6006806,of Storm,,Steel Ant Worker
6006807,of Storm,,Small Steel Ant Worker
6006808,of Storm,,Lesser Steel Ant Soldier
6006809,of Storm,,Small Steel Ant Worker
6006810,of Storm,,Plague Wasp Supreme General
6006811,of Storm,,Armored Toad
6006812,of Storm,,Large Ironclad Turtle
6006813,of Storm,,Lesser Vampire Wasp Soldier
6006814,of Storm,,Anteaters
6006830,of Lightning,,Steel Bison
6006831,of Lightning,,Thorn Boar
6006832,of Lightning,,Gray Predator
6006833,of Lightning,,Sergal Berserker
6006834,of Lightning,,Dragon-scale Hound
6006835,of Lightning,,Great Lord of the Forest
6006836,of Lightning,,Brown Wyvern
6006837,of Lightning,,Young Monster Predator
6006838,of Lightning,,Horned Ape Alpha
6006839,of Lightning,,Black Predator
6006840,of Lightning,,Dragon-scale Hound
6006841,of Lightning,,Thunderbird
6006860,of Flame,,Kuduru Executioner
6006861,of Flame,,Kuduru Overseer
6006862,of Flame,,Large Kuduru Primalist
6006863,of Flame,,Black Predator
6006864,of Flame,,Large Kuduru Seeker
6006865,of Flame,,Giant Ancient Beast
6006866,of Flame,,Kuduru Executioner
6006867,of Flame,,Kuduru Seeker
6006868,of Flame,,Kuduru Executioner
6006869,of Flame,,Kuduru Executioner
6006870,of Flame,,Hulking Ironclad Bear
6006871,of Flame,,Large Kuduru Primalist
6006872,of Flame,,Kuduru Executioner
6006873,of Flame,,Kuduru Seeker
6006874,of Flame,,Kuduru Great Warrior
6007000,of Storm,,Vampire Wasp General
6007001,of Storm,,Intermediate Vampire Wasp Soldier
6007002,of Storm,,Small Steel Ant Worker
6007003,of Storm,,Standard Plague Wasp Soldier
6007004,of Storm,,Large Blade Helm Snake
6007005,of Storm,,Tree Giant
6007006,of Storm,,Steel Ant Worker
6007007,of Storm,,Small Steel Ant Worker
6007008,of Storm,,Lesser Steel Ant Soldier
6007009,of Storm,,Small Steel Ant Worker
6007010,of Storm,,Plague Wasp Supreme General
6007011,of Storm,,Armored Toad
6007012,of Storm,,Large Ironclad Turtle
6007013,of Storm,,Lesser Vampire Wasp Soldier
6007014,of Storm,,Anteaters
6007030,of Lightning,,Steel Bison
6007031,of Lightning,,Thorn Boar
6007032,of Lightning,,Gray Predator
6007033,of Lightning,,Sergal Berserker
6007034,of Lightning,,Dragon-scale Hound
6007035,of Lightning,,Great Lord of the Forest
6007036,of Lightning,,Brown Wyvern
6007037,of Lightning,,Young Monster Predator
6007038,of Lightning,,Horned Ape Alpha
6007039,of Lightning,,Black Predator
6007040,of Lightning,,Dragon-scale Hound
6007041,of Lightning,,Thunderbird
6007060,of Flame,,Kuduru Executioner
6007061,of Flame,,Kuduru Overseer
6007062,of Flame,,Large Kuduru Primalist
6007063,of Flame,,Black Predator
6007064,of Flame,,Large Kuduru Seeker
6007065,of Flame,,Giant Ancient Beast
6007066,of Flame,,Kuduru Executioner
6007067,of Flame,,Kuduru Seeker
6007068,of Flame,,Kuduru Executioner
6007069,of Flame,,Kuduru Executioner
6007070,of Flame,,Hulking Ironclad Bear
6007071,of Flame,,Large Kuduru Primalist
6007072,of Flame,,Kuduru Executioner
6007073,of Flame,,Kuduru Seeker
6007074,of Flame,,Kuduru Great Warrior
6007200,of Storm,,Vampire Wasp General
6007201,of Storm,,Intermediate Vampire Wasp Soldier
6007202,of Storm,,Small Steel Ant Worker
6007203,of Storm,,Standard Plague Wasp Soldier
6007204,of Storm,,Large Blade Helm Snake
6007205,of Storm,,Tree Giant
6007206,of Storm,,Steel Ant Worker
6007207,of Storm,,Small Steel Ant Worker
6007208,of Storm,,Lesser Steel Ant Soldier
6007209,of Storm,,Small Steel Ant Worker
6007210,of Storm,,Plague Wasp Supreme General
6007211,of Storm,,Armored Toad
6007212,of Storm,,Large Ironclad Turtle
6007213,of Storm,,Lesser Vampire Wasp Soldier
6007214,of Storm,,Anteaters
6007230,of Lightning,,Steel Bison
6007231,of Lightning,,Thorn Boar
6007232,of Lightning,,Gray Predator
6007233,of Lightning,,Sergal Berserker
6007234,of Lightning,,Dragon-scale Hound
6007235,of Lightning,,Great Lord of the Forest
6007236,of Lightning,,Brown Wyvern
6007237,of Lightning,,Young Monster Predator
6007238,of Lightning,,Horned Ape Alpha
6007239,of Lightning,,Black Predator
6007240,of Lightning,,Dragon-scale Hound
6007241,of Lightning,,Thunderbird
6007260,of Flame,,Kuduru Executioner
6007261,of Flame,,Kuduru Overseer
6007262,of Flame,,Large Kuduru Primalist
6007263,of Flame,,Black Predator
6007264,of Flame,,Large Kuduru Seeker
6007265,of Flame,,Giant Ancient Beast
6007266,of Flame,,Kuduru Executioner
6007267,of Flame,,Kuduru Seeker
6007268,of Flame,,Kuduru Executioner
6007269,of Flame,,Kuduru Executioner
6007270,of Flame,,Hulking Ironclad Bear
6007271,of Flame,,Large Kuduru Primalist
6007272,of Flame,,Kuduru Executioner
6007273,of Flame,,Kuduru Seeker
6007274,of Flame,,Kuduru Great Warrior
6007400,of Storm,,Vampire Wasp General
6007401,of Storm,,Intermediate Vampire Wasp Soldier
6007402,of Storm,,Small Steel Ant Worker
6007403,of Storm,,Standard Plague Wasp Soldier
6007404,of Storm,,Large Blade Helm Snake
6007405,of Storm,,Tree Giant
6007406,of Storm,,Steel Ant Worker
6007407,of Storm,,Small Steel Ant Worker
6007408,of Storm,,Lesser Steel Ant Soldier
6007409,of Storm,,Small Steel Ant Worker
6007410,of Storm,,Plague Wasp Supreme General
6007411,of Storm,,Armored Toad
6007412,of Storm,,Large Ironclad Turtle
6007413,of Storm,,Lesser Vampire Wasp Soldier
6007414,of Storm,,Anteaters
6007430,of Lightning,,Steel Bison
6007431,of Lightning,,Thorn Boar
6007432,of Lightning,,Gray Predator
6007433,of Lightning,,Sergal Berserker
6007434,of Lightning,,Dragon-scale Hound
6007435,of Lightning,,Great Lord of the Forest
6007436,of Lightning,,Brown Wyvern
6007437,of Lightning,,Young Monster Predator
6007438,of Lightning,,Horned Ape Alpha
6007439,of Lightning,,Black Predator
6007440,of Lightning,,Dragon-scale Hound
6007441,of Lightning,,Thunderbird
6007460,of Flame,,Kuduru Executioner
6007461,of Flame,,Kuduru Overseer
6007462,of Flame,,Large Kuduru Primalist
6007463,of Flame,,Black Predator
6007464,of Flame,,Large Kuduru Seeker
6007465,of Flame,,Giant Ancient Beast
6007466,of Flame,,Kuduru Executioner
6007467,of Flame,,Kuduru Seeker
6007468,of Flame,,Kuduru Executioner
6007469,of Flame,,Kuduru Executioner
6007470,of Flame,,Hulking Ironclad Bear
6007471,of Flame,,Large Kuduru Primalist
6007472,of Flame,,Kuduru Executioner
6007473,of Flame,,Kuduru Seeker
6007474,of Flame,,Kuduru Great Warrior
6007600,of Storm,,Vampire Wasp General
6007601,of Storm,,Intermediate Vampire Wasp Soldier
6007602,of Storm,,Small Steel Ant Worker
6007603,of Storm,,Standard Plague Wasp Soldier
6007604,of Storm,,Large Blade Helm Snake
6007605,of Storm,,Tree Giant
6007606,of Storm,,Steel Ant Worker
6007607,of Storm,,Small Steel Ant Worker
6007608,of Storm,,Lesser Steel Ant Soldier
6007609,of Storm,,Small Steel Ant Worker
6007610,of Storm,,Plague Wasp Supreme General
6007611,of Storm,,Armored Toad
6007612,of Storm,,Large Ironclad Turtle
6007613,of Storm,,Lesser Vampire Wasp Soldier
6007614,of Storm,,Anteaters
6007630,of Lightning,,Steel Bison
6007631,of Lightning,,Thorn Boar
6007632,of Lightning,,Gray Predator
6007633,of Lightning,,Sergal Berserker
6007634,of Lightning,,Dragon-scale Hound
6007635,of Lightning,,Great Lord of the Forest
6007636,of Lightning,,Brown Wyvern
6007637,of Lightning,,Young Monster Predator
6007638,of Lightning,,Horned Ape Alpha
6007639,of Lightning,,Black Predator
6007640,of Lightning,,Dragon-scale Hound
6007641,of Lightning,,Thunderbird
6007660,of Flame,,Kuduru Executioner
6007661,of Flame,,Kuduru Overseer
6007662,of Flame,,Large Kuduru Primalist
6007663,of Flame,,Black Predator
6007664,of Flame,,Large Kuduru Seeker
6007665,of Flame,,Giant Ancient Beast
6007666,of Flame,,Kuduru Executioner
6007667,of Flame,,Kuduru Seeker
6007668,of Flame,,Kuduru Executioner
6007669,of Flame,,Kuduru Executioner
6007670,of Flame,,Hulking Ironclad Bear
6007671,of Flame,,Large Kuduru Primalist
6007672,of Flame,,Kuduru Executioner
6007673,of Flame,,Kuduru Seeker
6007674,of Flame,,Kuduru Great Warrior
6007800,of Storm,,Vampire Wasp General
6007801,of Storm,,Intermediate Vampire Wasp Soldier
6007802,of Storm,,Small Steel Ant Worker
6007803,of Storm,,Standard Plague Wasp Soldier
6007804,of Storm,,Large Blade Helm Snake
6007805,of Storm,,Tree Giant
6007806,of Storm,,Steel Ant Worker
6007807,of Storm,,Small Steel Ant Worker
6007808,of Storm,,Lesser Steel Ant Soldier
6007809,of Storm,,Small Steel Ant Worker
6007810,of Storm,,Plague Wasp Supreme General
6007811,of Storm,,Armored Toad
6007812,of Storm,,Large Ironclad Turtle
6007813,of Storm,,Lesser Vampire Wasp Soldier
6007814,of Storm,,Anteaters
6007830,of Lightning,,Steel Bison
6007831,of Lightning,,Thorn Boar
6007832,of Lightning,,Gray Predator
6007833,of Lightning,,Sergal Berserker
6007834,of Lightning,,Dragon-scale Hound
6007835,of Lightning,,Great Lord of the Forest
6007836,of Lightning,,Brown Wyvern
6007837,of Lightning,,Young Monster Predator
6007838,of Lightning,,Horned Ape Alpha
6007839,of Lightning,,Black Predator
6007840,of Lightning,,Dragon-scale Hound
6007841,of Lightning,,Thunderbird
6007860,of Flame,,Kuduru Executioner
6007861,of Flame,,Kuduru Overseer
6007862,of Flame,,Large Kuduru Primalist
6007863,of Flame,,Black Predator
6007864,of Flame,,Large Kuduru Seeker
6007865,of Flame,,Giant Ancient Beast
6007866,of Flame,,Kuduru Executioner
6007867,of Flame,,Kuduru Seeker
6007868,of Flame,,Kuduru Executioner
6007869,of Flame,,Kuduru Executioner
6007870,of Flame,,Hulking Ironclad Bear
6007871,of Flame,,Large Kuduru Primalist
6007872,of Flame,,Kuduru Executioner
6007873,of Flame,,Kuduru Seeker
6007874,of Flame,,Kuduru Great Warrior
6011401,,,Mindless Giant
6011402,,,Mindless Giant
6011403,,,Mindless Giant
6011404,,,Aberrant Giant
6011411,,,Mindless Giant
6011412,,,Mindless Giant
6011413,,,Mindless Giant
6011414,,,Aberrant Giant
6011421,,,Mindless Giant
6011422,,,Mindless Giant
6011423,,,Mindless Giant
6011424,,,Aberrant Giant
6011431,,,Mindless Giant
6011432,,,Mindless Giant
6011433,,,Mindless Giant
6011434,,,Aberrant Giant
6011441,,,Mindless Giant
6011442,,,Mindless Giant
6011443,,,Mindless Giant
6011444,,,Aberrant Giant
6011451,,,Mindless Giant
6011452,,,Mindless Giant
6011453,,,Mindless Giant
6011454,,,Aberrant Giant
6011461,,,Mindless Giant
6011462,,,Mindless Giant
6011463,,,Mindless Giant
6011464,,,Aberrant Giant
6011471,,,Mindless Giant
6011472,,,Mindless Giant
6011473,,,Mindless Giant
6011474,,,Aberrant Giant
6011501,,,Mindless Giant
6011502,,,Mindless Giant
6011503,,,Mindless Giant
6011504,,,Aberrant Giant
6011511,,,Mindless Giant
6011512,,,Mindless Giant
6011513,,,Mindless Giant
6011514,,,Aberrant Giant
6011521,,,Mindless Giant
6011522,,,Mindless Giant
6011523,,,Mindless Giant
6011524,,,Aberrant Giant
6011531,,,Mindless Giant
6011532,,,Mindless Giant
6011533,,,Mindless Giant
6011534,,,Aberrant Giant
6011541,,,Mindless Giant
6011542,,,Mindless Giant
6011543,,,Mindless Giant
6011544,,,Aberrant Giant
6011551,,,Mindless Giant
6011552,,,Mindless Giant
6011553,,,Mindless Giant
6011554,,,Aberrant Giant
6011561,,,Mindless Giant
6011562,,,Mindless Giant
6011563,,,Mindless Giant
6011564,,,Aberrant Giant
6008000,of Storm,,Vampire Wasp General
6008001,of Storm,,Intermediate Vampire Wasp Soldier
6008002,of Storm,,Small Steel Ant Worker
6008003,of Storm,,Standard Plague Wasp Soldier
6008004,of Storm,,Large Blade Helm Snake
6008005,of Storm,,Tree Giant
6008006,of Storm,,Steel Ant Worker
6008007,of Storm,,Small Steel Ant Worker
6008008,of Storm,,Lesser Steel Ant Soldier
6008009,of Storm,,Small Steel Ant Worker
6008010,of Storm,,Plague Wasp Supreme General
6008011,of Storm,,Armored Toad
6008012,of Storm,,Large Ironclad Turtle
6008013,of Storm,,Lesser Vampire Wasp Soldier
6008014,of Storm,,Anteaters
6008030,of Lightning,,Steel Bison
6008031,of Lightning,,Thorn Boar
6008032,of Lightning,,Gray Predator
6008033,of Lightning,,Sergal Berserker
6008034,of Lightning,,Dragon-scale Hound
6008035,of Lightning,,Great Lord of the Forest
6008036,of Lightning,,Brown Wyvern
6008037,of Lightning,,Young Monster Predator
6008038,of Lightning,,Horned Ape Alpha
6008039,of Lightning,,Black Predator
6008040,of Lightning,,Dragon-scale Hound
6008041,of Lightning,,Thunderbird
6008060,of Flame,,Kuduru Executioner
6008061,of Flame,,Kuduru Overseer
6008062,of Flame,,Large Kuduru Primalist
6008063,of Flame,,Black Predator
6008064,of Flame,,Large Kuduru Seeker
6008065,of Flame,,Giant Ancient Beast
6008066,of Flame,,Kuduru Executioner
6008067,of Flame,,Kuduru Seeker
6008068,of Flame,,Kuduru Executioner
6008069,of Flame,,Kuduru Executioner
6008070,of Flame,,Hulking Ironclad Bear
6008071,of Flame,,Large Kuduru Primalist
6008072,of Flame,,Kuduru Executioner
6008073,of Flame,,Kuduru Seeker
6008074,of Flame,,Kuduru Great Warrior
6008200,of Storm,,Vampire Wasp General
6008201,of Storm,,Intermediate Vampire Wasp Soldier
6008202,of Storm,,Small Steel Ant Worker
6008203,of Storm,,Standard Plague Wasp Soldier
6008204,of Storm,,Large Blade Helm Snake
6008205,of Storm,,Tree Giant
6008206,of Storm,,Steel Ant Worker
6008207,of Storm,,Small Steel Ant Worker
6008208,of Storm,,Lesser Steel Ant Soldier
6008209,of Storm,,Small Steel Ant Worker
6008210,of Storm,,Plague Wasp Supreme General
6008211,of Storm,,Armored Toad
6008212,of Storm,,Large Ironclad Turtle
6008213,of Storm,,Lesser Vampire Wasp Soldier
6008214,of Storm,,Anteaters
6008230,of Lightning,,Steel Bison
6008231,of Lightning,,Thorn Boar
6008232,of Lightning,,Gray Predator
6008233,of Lightning,,Sergal Berserker
6008234,of Lightning,,Dragon-scale Hound
6008235,of Lightning,,Great Lord of the Forest
6008236,of Lightning,,Brown Wyvern
6008237,of Lightning,,Young Monster Predator
6008238,of Lightning,,Horned Ape Alpha
6008239,of Lightning,,Black Predator
6008240,of Lightning,,Dragon-scale Hound
6008241,of Lightning,,Thunderbird
6008260,of Flame,,Kuduru Executioner
6008261,of Flame,,Kuduru Overseer
6008262,of Flame,,Large Kuduru Primalist
6008263,of Flame,,Black Predator
6008264,of Flame,,Large Kuduru Seeker
6008265,of Flame,,Giant Ancient Beast
6008266,of Flame,,Kuduru Executioner
6008267,of Flame,,Kuduru Seeker
6008268,of Flame,,Kuduru Executioner
6008269,of Flame,,Kuduru Executioner
6008270,of Flame,,Hulking Ironclad Bear
6008271,of Flame,,Large Kuduru Primalist
6008272,of Flame,,Kuduru Executioner
6008273,of Flame,,Kuduru Seeker
6008274,of Flame,,Kuduru Great Warrior
6008400,of Storm,,Vampire Wasp General
6008401,of Storm,,Intermediate Vampire Wasp Soldier
6008402,of Storm,,Small Steel Ant Worker
6008403,of Storm,,Standard Plague Wasp Soldier
6008404,of Storm,,Large Blade Helm Snake
6008405,of Storm,,Tree Giant
6008406,of Storm,,Steel Ant Worker
6008407,of Storm,,Small Steel Ant Worker
6008408,of Storm,,Lesser Steel Ant Soldier
6008409,of Storm,,Small Steel Ant Worker
6008410,of Storm,,Plague Wasp Supreme General
6008411,of Storm,,Armored Toad
6008412,of Storm,,Large Ironclad Turtle
6008413,of Storm,,Lesser Vampire Wasp Soldier
6008414,of Storm,,Anteaters
6008430,of Lightning,,Steel Bison
6008431,of Lightning,,Thorn Boar
6008432,of Lightning,,Gray Predator
6008433,of Lightning,,Sergal Berserker
6008434,of Lightning,,Dragon-scale Hound
6008435,of Lightning,,Great Lord of the Forest
6008436,of Lightning,,Brown Wyvern
6008437,of Lightning,,Young Monster Predator
6008438,of Lightning,,Horned Ape Alpha
6008439,of Lightning,,Black Predator
6008440,of Lightning,,Dragon-scale Hound
6008441,of Lightning,,Thunderbird
6008460,of Flame,,Kuduru Executioner
6008461,of Flame,,Kuduru Overseer
6008462,of Flame,,Large Kuduru Primalist
6008463,of Flame,,Black Predator
6008464,of Flame,,Large Kuduru Seeker
6008465,of Flame,,Giant Ancient Beast
6008466,of Flame,,Kuduru Executioner
6008467,of Flame,,Kuduru Seeker
6008468,of Flame,,Kuduru Executioner
6008469,of Flame,,Kuduru Executioner
6008470,of Flame,,Hulking Ironclad Bear
6008471,of Flame,,Large Kuduru Primalist
6008472,of Flame,,Kuduru Executioner
6008473,of Flame,,Kuduru Seeker
6008474,of Flame,,Kuduru Great Warrior
6008600,of Storm,,Vampire Wasp General
6008601,of Storm,,Intermediate Vampire Wasp Soldier
6008602,of Storm,,Small Steel Ant Worker
6008603,of Storm,,Standard Plague Wasp Soldier
6008604,of Storm,,Large Blade Helm Snake
6008605,of Storm,,Tree Giant
6008606,of Storm,,Steel Ant Worker
6008607,of Storm,,Small Steel Ant Worker
6008608,of Storm,,Lesser Steel Ant Soldier
6008609,of Storm,,Small Steel Ant Worker
6008610,of Storm,,Plague Wasp Supreme General
6008611,of Storm,,Armored Toad
6008612,of Storm,,Large Ironclad Turtle
6008613,of Storm,,Lesser Vampire Wasp Soldier
6008614,of Storm,,Anteaters
6008630,of Lightning,,Steel Bison
6008631,of Lightning,,Thorn Boar
6008632,of Lightning,,Gray Predator
6008633,of Lightning,,Sergal Berserker
6008634,of Lightning,,Dragon-scale Hound
6008635,of Lightning,,Great Lord of the Forest
6008636,of Lightning,,Brown Wyvern
6008637,of Lightning,,Young Monster Predator
6008638,of Lightning,,Horned Ape Alpha
6008639,of Lightning,,Black Predator
6008640,of Lightning,,Dragon-scale Hound
6008641,of Lightning,,Thunderbird
6008660,of Flame,,Kuduru Executioner
6008661,of Flame,,Kuduru Overseer
6008662,of Flame,,Large Kuduru Primalist
6008663,of Flame,,Black Predator
6008664,of Flame,,Large Kuduru Seeker
6008665,of Flame,,Giant Ancient Beast
6008666,of Flame,,Kuduru Executioner
6008667,of Flame,,Kuduru Seeker
6008668,of Flame,,Kuduru Executioner
6008669,of Flame,,Kuduru Executioner
6008670,of Flame,,Hulking Ironclad Bear
6008671,of Flame,,Large Kuduru Primalist
6008672,of Flame,,Kuduru Executioner
6008673,of Flame,,Kuduru Seeker
6008674,of Flame,,Kuduru Great Warrior
6008800,of Storm,,Vampire Wasp General
6008801,of Storm,,Intermediate Vampire Wasp Soldier
6008802,of Storm,,Small Steel Ant Worker
6008803,of Storm,,Standard Plague Wasp Soldier
6008804,of Storm,,Large Blade Helm Snake
6008805,of Storm,,Tree Giant
6008806,of Storm,,Steel Ant Worker
6008807,of Storm,,Small Steel Ant Worker
6008808,of Storm,,Lesser Steel Ant Soldier
6008809,of Storm,,Small Steel Ant Worker
6008810,of Storm,,Plague Wasp Supreme General
6008811,of Storm,,Armored Toad
6008812,of Storm,,Large Ironclad Turtle
6008813,of Storm,,Lesser Vampire Wasp Soldier
6008814,of Storm,,Anteaters
6008830,of Lightning,,Steel Bison
6008831,of Lightning,,Thorn Boar
6008832,of Lightning,,Gray Predator
6008833,of Lightning,,Sergal Berserker
6008834,of Lightning,,Dragon-scale Hound
6008835,of Lightning,,Great Lord of the Forest
6008836,of Lightning,,Brown Wyvern
6008837,of Lightning,,Young Monster Predator
6008838,of Lightning,,Horned Ape Alpha
6008839,of Lightning,,Black Predator
6008840,of Lightning,,Dragon-scale Hound
6008841,of Lightning,,Thunderbird
6008860,of Flame,,Kuduru Executioner
6008861,of Flame,,Kuduru Overseer
6008862,of Flame,,Large Kuduru Primalist
6008863,of Flame,,Black Predator
6008864,of Flame,,Large Kuduru Seeker
6008865,of Flame,,Giant Ancient Beast
6008866,of Flame,,Kuduru Executioner
6008867,of Flame,,Kuduru Seeker
6008868,of Flame,,Kuduru Executioner
6008869,of Flame,,Kuduru Executioner
6008870,of Flame,,Hulking Ironclad Bear
6008871,of Flame,,Large Kuduru Primalist
6008872,of Flame,,Kuduru Executioner
6008873,of Flame,,Kuduru Seeker
6008874,of Flame,,Kuduru Great Warrior
6009000,of Storm,,Vampire Wasp General
6009001,of Storm,,Intermediate Vampire Wasp Soldier
6009002,of Storm,,Small Steel Ant Worker
6009003,of Storm,,Standard Plague Wasp Soldier
6009004,of Storm,,Large Blade Helm Snake
6009005,of Storm,,Tree Giant
6009006,of Storm,,Steel Ant Worker
6009007,of Storm,,Small Steel Ant Worker
6009008,of Storm,,Lesser Steel Ant Soldier
6009009,of Storm,,Small Steel Ant Worker
6009010,of Storm,,Plague Wasp Supreme General
6009011,of Storm,,Armored Toad
6009012,of Storm,,Large Ironclad Turtle
6009013,of Storm,,Lesser Vampire Wasp Soldier
6009014,of Storm,,Anteaters
6009030,of Lightning,,Steel Bison
6009031,of Lightning,,Thorn Boar
6009032,of Lightning,,Gray Predator
6009033,of Lightning,,Sergal Berserker
6009034,of Lightning,,Dragon-scale Hound
6009035,of Lightning,,Great Lord of the Forest
6009036,of Lightning,,Brown Wyvern
6009037,of Lightning,,Young Monster Predator
6009038,of Lightning,,Horned Ape Alpha
6009039,of Lightning,,Black Predator
6009040,of Lightning,,Dragon-scale Hound
6009041,of Lightning,,Thunderbird
6009060,of Flame,,Kuduru Executioner
6009061,of Flame,,Kuduru Overseer
6009062,of Flame,,Large Kuduru Primalist
6009063,of Flame,,Black Predator
6009064,of Flame,,Large Kuduru Seeker
6009065,of Flame,,Giant Ancient Beast
6009066,of Flame,,Kuduru Executioner
6009067,of Flame,,Kuduru Seeker
6009068,of Flame,,Kuduru Executioner
6009069,of Flame,,Kuduru Executioner
6009070,of Flame,,Hulking Ironclad Bear
6009071,of Flame,,Large Kuduru Primalist
6009072,of Flame,,Kuduru Executioner
6009073,of Flame,,Kuduru Seeker
6009074,of Flame,,Kuduru Great Warrior
6009200,of Storm,,Vampire Wasp General
6009201,of Storm,,Intermediate Vampire Wasp Soldier
6009202,of Storm,,Small Steel Ant Worker
6009203,of Storm,,Standard Plague Wasp Soldier
6009204,of Storm,,Large Blade Helm Snake
6009205,of Storm,,Tree Giant
6009206,of Storm,,Steel Ant Worker
6009207,of Storm,,Small Steel Ant Worker
6009208,of Storm,,Lesser Steel Ant Soldier
6009209,of Storm,,Small Steel Ant Worker
6009210,of Storm,,Plague Wasp Supreme General
6009211,of Storm,,Armored Toad
6009212,of Storm,,Large Ironclad Turtle
6009213,of Storm,,Lesser Vampire Wasp Soldier
6009214,of Storm,,Anteaters
6009230,of Lightning,,Steel Bison
6009231,of Lightning,,Thorn Boar
6009232,of Lightning,,Gray Predator
6009233,of Lightning,,Sergal Berserker
6009234,of Lightning,,Dragon-scale Hound
6009235,of Lightning,,Great Lord of the Forest
6009236,of Lightning,,Brown Wyvern
6009237,of Lightning,,Young Monster Predator
6009238,of Lightning,,Horned Ape Alpha
6009239,of Lightning,,Black Predator
6009240,of Lightning,,Dragon-scale Hound
6009241,of Lightning,,Thunderbird
6009260,of Flame,,Kuduru Executioner
6009261,of Flame,,Kuduru Overseer
6009262,of Flame,,Large Kuduru Primalist
6009263,of Flame,,Black Predator
6009264,of Flame,,Large Kuduru Seeker
6009265,of Flame,,Giant Ancient Beast
6009266,of Flame,,Kuduru Executioner
6009267,of Flame,,Kuduru Seeker
6009268,of Flame,,Kuduru Executioner
6009269,of Flame,,Kuduru Executioner
6009270,of Flame,,Hulking Ironclad Bear
6009271,of Flame,,Large Kuduru Primalist
6009272,of Flame,,Kuduru Executioner
6009273,of Flame,,Kuduru Seeker
6009274,of Flame,,Kuduru Great Warrior
6009400,of Storm,,Vampire Wasp General
6009401,of Storm,,Intermediate Vampire Wasp Soldier
6009402,of Storm,,Small Steel Ant Worker
6009403,of Storm,,Standard Plague Wasp Soldier
6009404,of Storm,,Large Blade Helm Snake
6009405,of Storm,,Tree Giant
6009406,of Storm,,Steel Ant Worker
6009407,of Storm,,Small Steel Ant Worker
6009408,of Storm,,Lesser Steel Ant Soldier
6009409,of Storm,,Small Steel Ant Worker
6009410,of Storm,,Plague Wasp Supreme General
6009411,of Storm,,Armored Toad
6009412,of Storm,,Large Ironclad Turtle
6009413,of Storm,,Lesser Vampire Wasp Soldier
6009414,of Storm,,Anteaters
6009430,of Lightning,,Steel Bison
6009431,of Lightning,,Thorn Boar
6009432,of Lightning,,Gray Predator
6009433,of Lightning,,Sergal Berserker
6009434,of Lightning,,Dragon-scale Hound
6009435,of Lightning,,Great Lord of the Forest
6009436,of Lightning,,Brown Wyvern
6009437,of Lightning,,Young Monster Predator
6009438,of Lightning,,Horned Ape Alpha
6009439,of Lightning,,Black Predator
6009440,of Lightning,,Dragon-scale Hound
6009441,of Lightning,,Thunderbird
6009460,of Flame,,Kuduru Executioner
6009461,of Flame,,Kuduru Overseer
6009462,of Flame,,Large Kuduru Primalist
6009463,of Flame,,Black Predator
6009464,of Flame,,Large Kuduru Seeker
6009465,of Flame,,Giant Ancient Beast
6009466,of Flame,,Kuduru Executioner
6009467,of Flame,,Kuduru Seeker
6009468,of Flame,,Kuduru Executioner
6009469,of Flame,,Kuduru Executioner
6009470,of Flame,,Hulking Ironclad Bear
6009471,of Flame,,Large Kuduru Primalist
6009472,of Flame,,Kuduru Executioner
6009473,of Flame,,Kuduru Seeker
6009474,of Flame,,Kuduru Great Warrior
6009600,of Storm,,Vampire Wasp General
6009601,of Storm,,Intermediate Vampire Wasp Soldier
6009602,of Storm,,Small Steel Ant Worker
6009603,of Storm,,Standard Plague Wasp Soldier
6009604,of Storm,,Large Blade Helm Snake
6009605,of Storm,,Tree Giant
6009606,of Storm,,Steel Ant Worker
6009607,of Storm,,Small Steel Ant Worker
6009608,of Storm,,Lesser Steel Ant Soldier
6009609,of Storm,,Small Steel Ant Worker
6009610,of Storm,,Plague Wasp Supreme General
6009611,of Storm,,Armored Toad
6009612,of Storm,,Large Ironclad Turtle
6009613,of Storm,,Lesser Vampire Wasp Soldier
6009614,of Storm,,Anteaters
6009630,of Lightning,,Steel Bison
6009631,of Lightning,,Thorn Boar
6009632,of Lightning,,Gray Predator
6009633,of Lightning,,Sergal Berserker
6009634,of Lightning,,Dragon-scale Hound
6009635,of Lightning,,Great Lord of the Forest
6009636,of Lightning,,Brown Wyvern
6009637,of Lightning,,Young Monster Predator
6009638,of Lightning,,Horned Ape Alpha
6009639,of Lightning,,Black Predator
6009640,of Lightning,,Dragon-scale Hound
6009641,of Lightning,,Thunderbird
6009660,of Flame,,Kuduru Executioner
6009661,of Flame,,Kuduru Overseer
6009662,of Flame,,Large Kuduru Primalist
6009663,of Flame,,Black Predator
6009664,of Flame,,Large Kuduru Seeker
6009665,of Flame,,Giant Ancient Beast
6009666,of Flame,,Kuduru Executioner
6009667,of Flame,,Kuduru Seeker
6009668,of Flame,,Kuduru Executioner
6009669,of Flame,,Kuduru Executioner
6009670,of Flame,,Hulking Ironclad Bear
6009671,of Flame,,Large Kuduru Primalist
6009672,of Flame,,Kuduru Executioner
6009673,of Flame,,Kuduru Seeker
6009674,of Flame,,Kuduru Great Warrior
6009800,of Storm,,Vampire Wasp General
6009801,of Storm,,Intermediate Vampire Wasp Soldier
6009802,of Storm,,Small Steel Ant Worker
6009803,of Storm,,Standard Plague Wasp Soldier
6009804,of Storm,,Large Blade Helm Snake
6009805,of Storm,,Tree Giant
6009806,of Storm,,Steel Ant Worker
6009807,of Storm,,Small Steel Ant Worker
6009808,of Storm,,Lesser Steel Ant Soldier
6009809,of Storm,,Small Steel Ant Worker
6009810,of Storm,,Plague Wasp Supreme General
6009811,of Storm,,Armored Toad
6009812,of Storm,,Large Ironclad Turtle
6009813,of Storm,,Lesser Vampire Wasp Soldier
6009814,of Storm,,Anteaters
6009830,of Lightning,,Steel Bison
6009831,of Lightning,,Thorn Boar
6009832,of Lightning,,Gray Predator
6009833,of Lightning,,Sergal Berserker
6009834,of Lightning,,Dragon-scale Hound
6009835,of Lightning,,Great Lord of the Forest
6009836,of Lightning,,Brown Wyvern
6009837,of Lightning,,Young Monster Predator
6009838,of Lightning,,Horned Ape Alpha
6009839,of Lightning,,Black Predator
6009840,of Lightning,,Dragon-scale Hound
6009841,of Lightning,,Thunderbird
6009860,of Flame,,Kuduru Executioner
6009861,of Flame,,Kuduru Overseer
6009862,of Flame,,Large Kuduru Primalist
6009863,of Flame,,Black Predator
6009864,of Flame,,Large Kuduru Seeker
6009865,of Flame,,Giant Ancient Beast
6009866,of Flame,,Kuduru Executioner
6009867,of Flame,,Kuduru Seeker
6009868,of Flame,,Kuduru Executioner
6009869,of Flame,,Kuduru Executioner
6009870,of Flame,,Hulking Ironclad Bear
6009871,of Flame,,Large Kuduru Primalist
6009872,of Flame,,Kuduru Executioner
6009873,of Flame,,Kuduru Seeker
6009874,of Flame,,Kuduru Great Warrior
6010000,of Storm,,Vampire Wasp General
6010001,of Storm,,Intermediate Vampire Wasp Soldier
6010002,of Storm,,Small Steel Ant Worker
6010003,of Storm,,Standard Plague Wasp Soldier
6010004,of Storm,,Large Blade Helm Snake
6010005,of Storm,,Tree Giant
6010006,of Storm,,Steel Ant Worker
6010007,of Storm,,Small Steel Ant Worker
6010008,of Storm,,Lesser Steel Ant Soldier
6010009,of Storm,,Small Steel Ant Worker
6010010,of Storm,,Plague Wasp Supreme General
6010011,of Storm,,Armored Toad
6010012,of Storm,,Large Ironclad Turtle
6010013,of Storm,,Lesser Vampire Wasp Soldier
6010014,of Storm,,Anteaters
6010030,of Lightning,,Steel Bison
6010031,of Lightning,,Thorn Boar
6010032,of Lightning,,Gray Predator
6010033,of Lightning,,Sergal Berserker
6010034,of Lightning,,Dragon-scale Hound
6010035,of Lightning,,Great Lord of the Forest
6010036,of Lightning,,Brown Wyvern
6010037,of Lightning,,Young Monster Predator
6010038,of Lightning,,Horned Ape Alpha
6010039,of Lightning,,Black Predator
6010040,of Lightning,,Dragon-scale Hound
6010041,of Lightning,,Thunderbird
6010060,of Flame,,Kuduru Executioner
6010061,of Flame,,Kuduru Overseer
6010062,of Flame,,Large Kuduru Primalist
6010063,of Flame,,Black Predator
6010064,of Flame,,Large Kuduru Seeker
6010065,of Flame,,Giant Ancient Beast
6010066,of Flame,,Kuduru Executioner
6010067,of Flame,,Kuduru Seeker
6010068,of Flame,,Kuduru Executioner
6010069,of Flame,,Kuduru Executioner
6010070,of Flame,,Hulking Ironclad Bear
6010071,of Flame,,Large Kuduru Primalist
6010072,of Flame,,Kuduru Executioner
6010073,of Flame,,Kuduru Seeker
6010074,of Flame,,Kuduru Great Warrior
6010100,of Storm,,Vampire Wasp General
6010101,of Storm,,Intermediate Vampire Wasp Soldier
6010102,of Storm,,Small Steel Ant Worker
6010103,of Storm,,Standard Plague Wasp Soldier
6010104,of Storm,,Large Blade Helm Snake
6010105,of Storm,,Tree Giant
6010106,of Storm,,Steel Ant Worker
6010107,of Storm,,Small Steel Ant Worker
6010108,of Storm,,Lesser Steel Ant Soldier
6010109,of Storm,,Small Steel Ant Worker
6010110,of Storm,,Plague Wasp Supreme General
6010111,of Storm,,Armored Toad
6010112,of Storm,,Large Ironclad Turtle
6010113,of Storm,,Lesser Vampire Wasp Soldier
6010114,of Storm,,Anteaters
6010130,of Lightning,,Steel Bison
6010131,of Lightning,,Thorn Boar
6010132,of Lightning,,Gray Predator
6010133,of Lightning,,Sergal Berserker
6010134,of Lightning,,Dragon-scale Hound
6010135,of Lightning,,Great Lord of the Forest
6010136,of Lightning,,Brown Wyvern
6010137,of Lightning,,Young Monster Predator
6010138,of Lightning,,Horned Ape Alpha
6010139,of Lightning,,Black Predator
6010140,of Lightning,,Dragon-scale Hound
6010141,of Lightning,,Thunderbird
6010160,of Flame,,Kuduru Executioner
6010161,of Flame,,Kuduru Overseer
6010162,of Flame,,Large Kuduru Primalist
6010163,of Flame,,Black Predator
6010164,of Flame,,Large Kuduru Seeker
6010165,of Flame,,Giant Ancient Beast
6010166,of Flame,,Kuduru Executioner
6010167,of Flame,,Kuduru Seeker
6010168,of Flame,,Kuduru Executioner
6010169,of Flame,,Kuduru Executioner
6010170,of Flame,,Hulking Ironclad Bear
6010171,of Flame,,Large Kuduru Primalist
6010172,of Flame,,Kuduru Executioner
6010173,of Flame,,Kuduru Seeker
6010174,of Flame,,Kuduru Great Warrior
6010200,of Storm,,Vampire Wasp General
6010201,of Storm,,Intermediate Vampire Wasp Soldier
6010202,of Storm,,Small Steel Ant Worker
6010203,of Storm,,Standard Plague Wasp Soldier
6010204,of Storm,,Large Blade Helm Snake
6010205,of Storm,,Tree Giant
6010206,of Storm,,Steel Ant Worker
6010207,of Storm,,Small Steel Ant Worker
6010208,of Storm,,Lesser Steel Ant Soldier
6010209,of Storm,,Small Steel Ant Worker
6010210,of Storm,,Plague Wasp Supreme General
6010211,of Storm,,Armored Toad
6010212,of Storm,,Large Ironclad Turtle
6010213,of Storm,,Lesser Vampire Wasp Soldier
6010214,of Storm,,Anteaters
6010230,of Lightning,,Steel Bison
6010231,of Lightning,,Thorn Boar
6010232,of Lightning,,Gray Predator
6010233,of Lightning,,Sergal Berserker
6010234,of Lightning,,Dragon-scale Hound
6010235,of Lightning,,Great Lord of the Forest
6010236,of Lightning,,Brown Wyvern
6010237,of Lightning,,Young Monster Predator
6010238,of Lightning,,Horned Ape Alpha
6010239,of Lightning,,Black Predator
6010240,of Lightning,,Dragon-scale Hound
6010241,of Lightning,,Thunderbird
6010260,of Flame,,Kuduru Executioner
6010261,of Flame,,Kuduru Overseer
6010262,of Flame,,Large Kuduru Primalist
6010263,of Flame,,Black Predator
6010264,of Flame,,Large Kuduru Seeker
6010265,of Flame,,Giant Ancient Beast
6010266,of Flame,,Kuduru Executioner
6010267,of Flame,,Kuduru Seeker
6010268,of Flame,,Kuduru Executioner
6010269,of Flame,,Kuduru Executioner
6010270,of Flame,,Hulking Ironclad Bear
6010271,of Flame,,Large Kuduru Primalist
6010272,of Flame,,Kuduru Executioner
6010273,of Flame,,Kuduru Seeker
6010274,of Flame,,Kuduru Great Warrior
6010300,of Storm,,Vampire Wasp General
6010301,of Storm,,Intermediate Vampire Wasp Soldier
6010302,of Storm,,Small Steel Ant Worker
6010303,of Storm,,Standard Plague Wasp Soldier
6010304,of Storm,,Large Blade Helm Snake
6010305,of Storm,,Tree Giant
6010306,of Storm,,Steel Ant Worker
6010307,of Storm,,Small Steel Ant Worker
6010308,of Storm,,Lesser Steel Ant Soldier
6010309,of Storm,,Small Steel Ant Worker
6010310,of Storm,,Plague Wasp Supreme General
6010311,of Storm,,Armored Toad
6010312,of Storm,,Large Ironclad Turtle
6010313,of Storm,,Lesser Vampire Wasp Soldier
6010314,of Storm,,Anteaters
6010330,of Lightning,,Steel Bison
6010331,of Lightning,,Thorn Boar
6010332,of Lightning,,Gray Predator
6010333,of Lightning,,Sergal Berserker
6010334,of Lightning,,Dragon-scale Hound
6010335,of Lightning,,Great Lord of the Forest
6010336,of Lightning,,Brown Wyvern
6010337,of Lightning,,Young Monster Predator
6010338,of Lightning,,Horned Ape Alpha
6010339,of Lightning,,Black Predator
6010340,of Lightning,,Dragon-scale Hound
6010341,of Lightning,,Thunderbird
6010360,of Flame,,Kuduru Executioner
6010361,of Flame,,Kuduru Overseer
6010362,of Flame,,Large Kuduru Primalist
6010363,of Flame,,Black Predator
6010364,of Flame,,Large Kuduru Seeker
6010365,of Flame,,Giant Ancient Beast
6010366,of Flame,,Kuduru Executioner
6010367,of Flame,,Kuduru Seeker
6010368,of Flame,,Kuduru Executioner
6010369,of Flame,,Kuduru Executioner
6010370,of Flame,,Hulking Ironclad Bear
6010371,of Flame,,Large Kuduru Primalist
6010372,of Flame,,Kuduru Executioner
6010373,of Flame,,Kuduru Seeker
6010374,of Flame,,Kuduru Great Warrior
6011601,,,Mindless Giant
6011602,,,Mindless Giant
6011603,,,Mindless Giant
6011604,,,Aberrant Giant
6011611,,,Mindless Giant
6011612,,,Mindless Giant
6011613,,,Mindless Giant
6011614,,,Aberrant Giant
6011621,,,Mindless Giant
6011622,,,Mindless Giant
6011623,,,Mindless Giant
6011624,,,Aberrant Giant
6011631,,,Mindless Giant
6011632,,,Mindless Giant
6011633,,,Mindless Giant
6011634,,,Aberrant Giant
6011641,,,Mindless Giant
6011642,,,Mindless Giant
6011643,,,Mindless Giant
6011644,,,Aberrant Giant
6011651,,,Mindless Giant
6011652,,,Mindless Giant
6011653,,,Mindless Giant
6011654,,,Aberrant Giant
6011661,,,Mindless Giant
6011662,,,Mindless Giant
6011663,,,Mindless Giant
6011664,,,Aberrant Giant
6011671,,,Mindless Giant
6011672,,,Mindless Giant
6011673,,,Mindless Giant
6011674,,,Aberrant Giant
6011701,,,Mindless Giant
6011702,,,Mindless Giant
6011703,,,Mindless Giant
6011704,,,Aberrant Giant
6011711,,,Mindless Giant
6011712,,,Mindless Giant
6011713,,,Mindless Giant
6011714,,,Aberrant Giant
6011721,,,Mindless Giant
6011722,,,Mindless Giant
6011723,,,Mindless Giant
6011724,,,Aberrant Giant
6011731,,,Mindless Giant
6011732,,,Mindless Giant
6011733,,,Mindless Giant
6011734,,,Aberrant Giant
6011741,,,Mindless Giant
6011742,,,Mindless Giant
6011743,,,Mindless Giant
6011744,,,Aberrant Giant
6011751,,,Mindless Giant
6011752,,,Mindless Giant
6011753,,,Mindless Giant
6011754,,,Aberrant Giant
6504111,of Storm,,Vampire Wasp General
6504112,of Storm,,Intermediate Vampire Wasp Soldier
6504113,of Storm,,Small Steel Ant Worker
6504121,of Storm,,Standard Plague Wasp Soldier
6504122,of Storm,,Large Blade Helm Snake
6504131,of Storm,,Tree Giant
6504132,of Storm,,Steel Ant Worker
6504133,of Storm,,Small Steel Ant Worker
6504141,of Storm,,Lesser Steel Ant Soldier
6504142,of Storm,,Small Steel Ant Worker
6504143,of Storm,,Plague Wasp Supreme General
6504151,of Storm,,Armored Toad
6504152,of Storm,,Large Ironclad Turtle
6504161,of Storm,,Lesser Vampire Wasp Soldier
6504160,of Storm,,Anteaters
6504211,of Lightning,,Steel Bison
6504212,of Lightning,,Thorn Boar
6504221,of Lightning,,Gray Predator
6504222,of Lightning,,Sergal Berserker
6504231,of Lightning,,Dragon-scale Hound
6504232,of Lightning,,Great Lord of the Forest
6504241,of Lightning,,Brown Wyvern
6504242,of Lightning,,Young Monster Predator
6504251,of Lightning,,Horned Ape Alpha
6504252,of Lightning,,Black Predator
6504261,of Lightning,,Dragon-scale Hound
6504260,of Lightning,,Thunderbird
6504311,of Flame,,Kuduru Executioner
6504312,of Flame,,Kuduru Overseer
6504313,of Flame,,Large Kuduru Primalist
6504321,of Flame,,Black Predator
6504322,of Flame,,Large Kuduru Seeker
6504331,of Flame,,Giant Ancient Beast
6504332,of Flame,,Kuduru Executioner
6504341,of Flame,,Kuduru Seeker
6504342,of Flame,,Kuduru Executioner
6504351,of Flame,,Kuduru Executioner
6504352,of Flame,,Hulking Ironclad Bear
6504353,of Flame,,Large Kuduru Primalist
6504361,of Flame,,Kuduru Executioner
6504362,of Flame,,Kuduru Seeker
6504360,of Flame,,Kuduru Great Warrior
6505111,of Storm,,Vampire Wasp General
6505112,of Storm,,Intermediate Vampire Wasp Soldier
6505113,of Storm,,Small Steel Ant Worker
6505121,of Storm,,Standard Plague Wasp Soldier
6505122,of Storm,,Large Blade Helm Snake
6505131,of Storm,,Tree Giant
6505132,of Storm,,Steel Ant Worker
6505133,of Storm,,Small Steel Ant Worker
6505141,of Storm,,Lesser Steel Ant Soldier
6505142,of Storm,,Small Steel Ant Worker
6505143,of Storm,,Plague Wasp Supreme General
6505151,of Storm,,Armored Toad
6505152,of Storm,,Large Ironclad Turtle
6505161,of Storm,,Lesser Vampire Wasp Soldier
6505160,of Storm,,Anteaters
6505211,of Lightning,,Steel Bison
6505212,of Lightning,,Thorn Boar
6505221,of Lightning,,Gray Predator
6505222,of Lightning,,Sergal Berserker
6505231,of Lightning,,Dragon-scale Hound
6505232,of Lightning,,Great Lord of the Forest
6505241,of Lightning,,Brown Wyvern
6505242,of Lightning,,Young Monster Predator
6505251,of Lightning,,Horned Ape Alpha
6505252,of Lightning,,Black Predator
6505261,of Lightning,,Dragon-scale Hound
6505260,of Lightning,,Thunderbird
6505311,of Flame,,Kuduru Executioner
6505312,of Flame,,Kuduru Overseer
6505313,of Flame,,Large Kuduru Primalist
6505321,of Flame,,Black Predator
6505322,of Flame,,Large Kuduru Seeker
6505331,of Flame,,Giant Ancient Beast
6505332,of Flame,,Kuduru Executioner
6505341,of Flame,,Kuduru Seeker
6505342,of Flame,,Kuduru Executioner
6505351,of Flame,,Kuduru Executioner
6505352,of Flame,,Hulking Ironclad Bear
6505353,of Flame,,Large Kuduru Primalist
6505361,of Flame,,Kuduru Executioner
6505362,of Flame,,Kuduru Seeker
6505360,of Flame,,Kuduru Great Warrior
6507111,of Storm,,Vampire Wasp General
6507112,of Storm,,Intermediate Vampire Wasp Soldier
6507113,of Storm,,Small Steel Ant Worker
6507121,of Storm,,Standard Plague Wasp Soldier
6507122,of Storm,,Large Blade Helm Snake
6507131,of Storm,,Tree Giant
6507132,of Storm,,Steel Ant Worker
6507133,of Storm,,Small Steel Ant Worker
6507141,of Storm,,Lesser Steel Ant Soldier
6507142,of Storm,,Small Steel Ant Worker
6507143,of Storm,,Plague Wasp Supreme General
6507151,of Storm,,Armored Toad
6507152,of Storm,,Large Ironclad Turtle
6507161,of Storm,,Lesser Vampire Wasp Soldier
6507160,of Storm,,Anteaters
6507211,of Lightning,,Steel Bison
6507212,of Lightning,,Thorn Boar
6507221,of Lightning,,Gray Predator
6507222,of Lightning,,Sergal Berserker
6507231,of Lightning,,Dragon-scale Hound
6507232,of Lightning,,Great Lord of the Forest
6507241,of Lightning,,Brown Wyvern
6507242,of Lightning,,Young Monster Predator
6507251,of Lightning,,Horned Ape Alpha
6507252,of Lightning,,Black Predator
6507261,of Lightning,,Dragon-scale Hound
6507260,of Lightning,,Thunderbird
6507311,of Flame,,Kuduru Executioner
6507312,of Flame,,Kuduru Overseer
6507313,of Flame,,Large Kuduru Primalist
6507321,of Flame,,Black Predator
6507322,of Flame,,Large Kuduru Seeker
6507331,of Flame,,Giant Ancient Beast
6507332,of Flame,,Kuduru Executioner
6507341,of Flame,,Kuduru Seeker
6507342,of Flame,,Kuduru Executioner
6507351,of Flame,,Kuduru Executioner
6507352,of Flame,,Hulking Ironclad Bear
6507353,of Flame,,Large Kuduru Primalist
6507361,of Flame,,Kuduru Executioner
6507362,of Flame,,Kuduru Seeker
6507360,of Flame,,Kuduru Great Warrior
6509111,of Storm,,Vampire Wasp General
6509112,of Storm,,Intermediate Vampire Wasp Soldier
6509113,of Storm,,Small Steel Ant Worker
6509121,of Storm,,Standard Plague Wasp Soldier
6509122,of Storm,,Large Blade Helm Snake
6509131,of Storm,,Tree Giant
6509132,of Storm,,Steel Ant Worker
6509133,of Storm,,Small Steel Ant Worker
6509141,of Storm,,Lesser Steel Ant Soldier
6509142,of Storm,,Small Steel Ant Worker
6509143,of Storm,,Plague Wasp Supreme General
6509151,of Storm,,Armored Toad
6509152,of Storm,,Large Ironclad Turtle
6509161,of Storm,,Lesser Vampire Wasp Soldier
6509160,of Storm,,Anteaters
6509211,of Lightning,,Steel Bison
6509212,of Lightning,,Thorn Boar
6509221,of Lightning,,Gray Predator
6509222,of Lightning,,Sergal Berserker
6509231,of Lightning,,Dragon-scale Hound
6509232,of Lightning,,Great Lord of the Forest
6509241,of Lightning,,Brown Wyvern
6509242,of Lightning,,Young Monster Predator
6509251,of Lightning,,Horned Ape Alpha
6509252,of Lightning,,Black Predator
6509261,of Lightning,,Dragon-scale Hound
6509260,of Lightning,,Thunderbird
6509311,of Flame,,Kuduru Executioner
6509312,of Flame,,Kuduru Overseer
6509313,of Flame,,Large Kuduru Primalist
6509321,of Flame,,Black Predator
6509322,of Flame,,Large Kuduru Seeker
6509331,of Flame,,Giant Ancient Beast
6509332,of Flame,,Kuduru Executioner
6509341,of Flame,,Kuduru Seeker
6509342,of Flame,,Kuduru Executioner
6509351,of Flame,,Kuduru Executioner
6509352,of Flame,,Hulking Ironclad Bear
6509353,of Flame,,Large Kuduru Primalist
6509361,of Flame,,Kuduru Executioner
6509362,of Flame,,Kuduru Seeker
6509360,of Flame,,Kuduru Great Warrior
6510111,of Storm,,Vampire Wasp General
6510112,of Storm,,Intermediate Vampire Wasp Soldier
6510113,of Storm,,Small Steel Ant Worker
6510121,of Storm,,Standard Plague Wasp Soldier
6510122,of Storm,,Large Blade Helm Snake
6510131,of Storm,,Tree Giant
6510132,of Storm,,Steel Ant Worker
6510133,of Storm,,Small Steel Ant Worker
6510141,of Storm,,Lesser Steel Ant Soldier
6510142,of Storm,,Small Steel Ant Worker
6510143,of Storm,,Plague Wasp Supreme General
6510151,of Storm,,Armored Toad
6510152,of Storm,,Large Ironclad Turtle
6510161,of Storm,,Lesser Vampire Wasp Soldier
6510160,of Storm,,Anteaters
6510211,of Lightning,,Steel Bison
6510212,of Lightning,,Thorn Boar
6510221,of Lightning,,Gray Predator
6510222,of Lightning,,Sergal Berserker
6510231,of Lightning,,Dragon-scale Hound
6510232,of Lightning,,Great Lord of the Forest
6510241,of Lightning,,Brown Wyvern
6510242,of Lightning,,Young Monster Predator
6510251,of Lightning,,Horned Ape Alpha
6510252,of Lightning,,Black Predator
6510261,of Lightning,,Dragon-scale Hound
6510260,of Lightning,,Thunderbird
6510311,of Flame,,Kuduru Executioner
6510312,of Flame,,Kuduru Overseer
6510313,of Flame,,Large Kuduru Primalist
6510321,of Flame,,Black Predator
6510322,of Flame,,Large Kuduru Seeker
6510331,of Flame,,Giant Ancient Beast
6510332,of Flame,,Kuduru Executioner
6510341,of Flame,,Kuduru Seeker
6510342,of Flame,,Kuduru Executioner
6510351,of Flame,,Kuduru Executioner
6510352,of Flame,,Hulking Ironclad Bear
6510353,of Flame,,Large Kuduru Primalist
6510361,of Flame,,Kuduru Executioner
6510362,of Flame,,Kuduru Seeker
6510360,of Flame,,Kuduru Great Warrior
6513111,of Storm,,Vampire Wasp General
6513112,of Storm,,Intermediate Vampire Wasp Soldier
6513113,of Storm,,Small Steel Ant Worker
6513121,of Storm,,Standard Plague Wasp Soldier
6513122,of Storm,,Large Blade Helm Snake
6513131,of Storm,,Tree Giant
6513132,of Storm,,Steel Ant Worker
6513133,of Storm,,Small Steel Ant Worker
6513141,of Storm,,Lesser Steel Ant Soldier
6513142,of Storm,,Small Steel Ant Worker
6513143,of Storm,,Plague Wasp Supreme General
6513151,of Storm,,Armored Toad
6513152,of Storm,,Large Ironclad Turtle
6513161,of Storm,,Lesser Vampire Wasp Soldier
6513160,of Storm,,Anteaters
6513211,of Lightning,,Steel Bison
6513212,of Lightning,,Thorn Boar
6513221,of Lightning,,Gray Predator
6513222,of Lightning,,Sergal Berserker
6513231,of Lightning,,Dragon-scale Hound
6513232,of Lightning,,Great Lord of the Forest
6513241,of Lightning,,Brown Wyvern
6513242,of Lightning,,Young Monster Predator
6513251,of Lightning,,Horned Ape Alpha
6513252,of Lightning,,Black Predator
6513261,of Lightning,,Dragon-scale Hound
6513260,of Lightning,,Thunderbird
6513311,of Flame,,Kuduru Executioner
6513312,of Flame,,Kuduru Overseer
6513313,of Flame,,Large Kuduru Primalist
6513321,of Flame,,Black Predator
6513322,of Flame,,Large Kuduru Seeker
6513331,of Flame,,Giant Ancient Beast
6513332,of Flame,,Kuduru Executioner
6513341,of Flame,,Kuduru Seeker
6513342,of Flame,,Kuduru Executioner
6513351,of Flame,,Kuduru Executioner
6513352,of Flame,,Hulking Ironclad Bear
6513353,of Flame,,Large Kuduru Primalist
6513361,of Flame,,Kuduru Executioner
6513362,of Flame,,Kuduru Seeker
6513360,of Flame,,Kuduru Great Warrior
6514111,of Storm,,Vampire Wasp General
6514112,of Storm,,Intermediate Vampire Wasp Soldier
6514113,of Storm,,Small Steel Ant Worker
6514121,of Storm,,Standard Plague Wasp Soldier
6514122,of Storm,,Large Blade Helm Snake
6514131,of Storm,,Tree Giant
6514132,of Storm,,Steel Ant Worker
6514133,of Storm,,Small Steel Ant Worker
6514141,of Storm,,Lesser Steel Ant Soldier
6514142,of Storm,,Small Steel Ant Worker
6514143,of Storm,,Plague Wasp Supreme General
6514151,of Storm,,Armored Toad
6514152,of Storm,,Large Ironclad Turtle
6514161,of Storm,,Lesser Vampire Wasp Soldier
6514160,of Storm,,Anteaters
6514211,of Lightning,,Steel Bison
6514212,of Lightning,,Thorn Boar
6514221,of Lightning,,Gray Predator
6514222,of Lightning,,Sergal Berserker
6514231,of Lightning,,Dragon-scale Hound
6514232,of Lightning,,Great Lord of the Forest
6514241,of Lightning,,Brown Wyvern
6514242,of Lightning,,Young Monster Predator
6514251,of Lightning,,Horned Ape Alpha
6514252,of Lightning,,Black Predator
6514261,of Lightning,,Dragon-scale Hound
6514260,of Lightning,,Thunderbird
6514311,of Flame,,Kuduru Executioner
6514312,of Flame,,Kuduru Overseer
6514313,of Flame,,Large Kuduru Primalist
6514321,of Flame,,Black Predator
6514322,of Flame,,Large Kuduru Seeker
6514331,of Flame,,Giant Ancient Beast
6514332,of Flame,,Kuduru Executioner
6514341,of Flame,,Kuduru Seeker
6514342,of Flame,,Kuduru Executioner
6514351,of Flame,,Kuduru Executioner
6514352,of Flame,,Hulking Ironclad Bear
6514353,of Flame,,Large Kuduru Primalist
6514361,of Flame,,Kuduru Executioner
6514362,of Flame,,Kuduru Seeker
6514360,of Flame,,Kuduru Great Warrior
6515111,of Storm,,Vampire Wasp General
6515112,of Storm,,Intermediate Vampire Wasp Soldier
6515113,of Storm,,Small Steel Ant Worker
6515121,of Storm,,Standard Plague Wasp Soldier
6515122,of Storm,,Large Blade Helm Snake
6515131,of Storm,,Tree Giant
6515132,of Storm,,Steel Ant Worker
6515133,of Storm,,Small Steel Ant Worker
6515141,of Storm,,Lesser Steel Ant Soldier
6515142,of Storm,,Small Steel Ant Worker
6515143,of Storm,,Plague Wasp Supreme General
6515151,of Storm,,Armored Toad
6515152,of Storm,,Large Ironclad Turtle
6515161,of Storm,,Lesser Vampire Wasp Soldier
6515160,of Storm,,Anteaters
6515211,of Lightning,,Steel Bison
6515212,of Lightning,,Thorn Boar
6515221,of Lightning,,Gray Predator
6515222,of Lightning,,Sergal Berserker
6515231,of Lightning,,Dragon-scale Hound
6515232,of Lightning,,Great Lord of the Forest
6515241,of Lightning,,Brown Wyvern
6515242,of Lightning,,Young Monster Predator
6515251,of Lightning,,Horned Ape Alpha
6515252,of Lightning,,Black Predator
6515261,of Lightning,,Dragon-scale Hound
6515260,of Lightning,,Thunderbird
6515311,of Flame,,Kuduru Executioner
6515312,of Flame,,Kuduru Overseer
6515313,of Flame,,Large Kuduru Primalist
6515321,of Flame,,Black Predator
6515322,of Flame,,Large Kuduru Seeker
6515331,of Flame,,Giant Ancient Beast
6515332,of Flame,,Kuduru Executioner
6515341,of Flame,,Kuduru Seeker
6515342,of Flame,,Kuduru Executioner
6515351,of Flame,,Kuduru Executioner
6515352,of Flame,,Hulking Ironclad Bear
6515353,of Flame,,Large Kuduru Primalist
6515361,of Flame,,Kuduru Executioner
6515362,of Flame,,Kuduru Seeker
6515360,of Flame,,Kuduru Great Warrior
6517111,of Storm,,Vampire Wasp General
6517112,of Storm,,Intermediate Vampire Wasp Soldier
6517113,of Storm,,Small Steel Ant Worker
6517121,of Storm,,Standard Plague Wasp Soldier
6517122,of Storm,,Large Blade Helm Snake
6517131,of Storm,,Tree Giant
6517132,of Storm,,Steel Ant Worker
6517133,of Storm,,Small Steel Ant Worker
6517141,of Storm,,Lesser Steel Ant Soldier
6517142,of Storm,,Small Steel Ant Worker
6517143,of Storm,,Plague Wasp Supreme General
6517151,of Storm,,Armored Toad
6517152,of Storm,,Large Ironclad Turtle
6517161,of Storm,,Lesser Vampire Wasp Soldier
6517160,of Storm,,Anteaters
6517211,of Lightning,,Steel Bison
6517212,of Lightning,,Thorn Boar
6517221,of Lightning,,Gray Predator
6517222,of Lightning,,Sergal Berserker
6517231,of Lightning,,Dragon-scale Hound
6517232,of Lightning,,Great Lord of the Forest
6517241,of Lightning,,Brown Wyvern
6517242,of Lightning,,Young Monster Predator
6517251,of Lightning,,Horned Ape Alpha
6517252,of Lightning,,Black Predator
6517261,of Lightning,,Dragon-scale Hound
6517260,of Lightning,,Thunderbird
6517311,of Flame,,Kuduru Executioner
6517312,of Flame,,Kuduru Overseer
6517313,of Flame,,Large Kuduru Primalist
6517321,of Flame,,Black Predator
6517322,of Flame,,Large Kuduru Seeker
6517331,of Flame,,Giant Ancient Beast
6517332,of Flame,,Kuduru Executioner
6517341,of Flame,,Kuduru Seeker
6517342,of Flame,,Kuduru Executioner
6517351,of Flame,,Kuduru Executioner
6517352,of Flame,,Hulking Ironclad Bear
6517353,of Flame,,Large Kuduru Primalist
6517361,of Flame,,Kuduru Executioner
6517362,of Flame,,Kuduru Seeker
6517360,of Flame,,Kuduru Great Warrior
6519111,of Storm,,Vampire Wasp General
6519112,of Storm,,Intermediate Vampire Wasp Soldier
6519113,of Storm,,Small Steel Ant Worker
6519121,of Storm,,Standard Plague Wasp Soldier
6519122,of Storm,,Large Blade Helm Snake
6519131,of Storm,,Tree Giant
6519132,of Storm,,Steel Ant Worker
6519133,of Storm,,Small Steel Ant Worker
6519141,of Storm,,Lesser Steel Ant Soldier
6519142,of Storm,,Small Steel Ant Worker
6519143,of Storm,,Plague Wasp Supreme General
6519151,of Storm,,Armored Toad
6519152,of Storm,,Large Ironclad Turtle
6519161,of Storm,,Lesser Vampire Wasp Soldier
6519160,of Storm,,Anteaters
6519211,of Lightning,,Steel Bison
6519212,of Lightning,,Thorn Boar
6519221,of Lightning,,Gray Predator
6519222,of Lightning,,Sergal Berserker
6519231,of Lightning,,Dragon-scale Hound
6519232,of Lightning,,Great Lord of the Forest
6519241,of Lightning,,Brown Wyvern
6519242,of Lightning,,Young Monster Predator
6519251,of Lightning,,Horned Ape Alpha
6519252,of Lightning,,Black Predator
6519261,of Lightning,,Dragon-scale Hound
6519260,of Lightning,,Thunderbird
6519311,of Flame,,Kuduru Executioner
6519312,of Flame,,Kuduru Overseer
6519313,of Flame,,Large Kuduru Primalist
6519321,of Flame,,Black Predator
6519322,of Flame,,Large Kuduru Seeker
6519331,of Flame,,Giant Ancient Beast
6519332,of Flame,,Kuduru Executioner
6519341,of Flame,,Kuduru Seeker
6519342,of Flame,,Kuduru Executioner
6519351,of Flame,,Kuduru Executioner
6519352,of Flame,,Hulking Ironclad Bear
6519353,of Flame,,Large Kuduru Primalist
6519361,of Flame,,Kuduru Executioner
6519362,of Flame,,Kuduru Seeker
6519360,of Flame,,Kuduru Great Warrior
6520111,of Storm,,Vampire Wasp General
6520112,of Storm,,Intermediate Vampire Wasp Soldier
6520113,of Storm,,Small Steel Ant Worker
6520121,of Storm,,Standard Plague Wasp Soldier
6520122,of Storm,,Large Blade Helm Snake
6520131,of Storm,,Tree Giant
6520132,of Storm,,Steel Ant Worker
6520133,of Storm,,Small Steel Ant Worker
6520141,of Storm,,Lesser Steel Ant Soldier
6520142,of Storm,,Small Steel Ant Worker
6520143,of Storm,,Plague Wasp Supreme General
6520151,of Storm,,Armored Toad
6520152,of Storm,,Large Ironclad Turtle
6520161,of Storm,,Lesser Vampire Wasp Soldier
6520160,of Storm,,Anteaters
6520211,of Lightning,,Steel Bison
6520212,of Lightning,,Thorn Boar
6520221,of Lightning,,Gray Predator
6520222,of Lightning,,Sergal Berserker
6520231,of Lightning,,Dragon-scale Hound
6520232,of Lightning,,Great Lord of the Forest
6520241,of Lightning,,Brown Wyvern
6520242,of Lightning,,Young Monster Predator
6520251,of Lightning,,Horned Ape Alpha
6520252,of Lightning,,Black Predator
6520261,of Lightning,,Dragon-scale Hound
6520260,of Lightning,,Thunderbird
6520311,of Flame,,Kuduru Executioner
6520312,of Flame,,Kuduru Overseer
6520313,of Flame,,Large Kuduru Primalist
6520321,of Flame,,Black Predator
6520322,of Flame,,Large Kuduru Seeker
6520331,of Flame,,Giant Ancient Beast
6520332,of Flame,,Kuduru Executioner
6520341,of Flame,,Kuduru Seeker
6520342,of Flame,,Kuduru Executioner
6520351,of Flame,,Kuduru Executioner
6520352,of Flame,,Hulking Ironclad Bear
6520353,of Flame,,Large Kuduru Primalist
6520361,of Flame,,Kuduru Executioner
6520362,of Flame,,Kuduru Seeker
6520360,of Flame,,Kuduru Great Warrior
6524111,of Storm,,Vampire Wasp General
6524112,of Storm,,Intermediate Vampire Wasp Soldier
6524113,of Storm,,Small Steel Ant Worker
6524121,of Storm,,Standard Plague Wasp Soldier
6524122,of Storm,,Large Blade Helm Snake
6524131,of Storm,,Tree Giant
6524132,of Storm,,Steel Ant Worker
6524133,of Storm,,Small Steel Ant Worker
6524141,of Storm,,Lesser Steel Ant Soldier
6524142,of Storm,,Small Steel Ant Worker
6524143,of Storm,,Plague Wasp Supreme General
6524151,of Storm,,Armored Toad
6524152,of Storm,,Large Ironclad Turtle
6524161,of Storm,,Lesser Vampire Wasp Soldier
6524160,of Storm,,Anteaters
6524211,of Lightning,,Steel Bison
6524212,of Lightning,,Thorn Boar
6524221,of Lightning,,Gray Predator
6524222,of Lightning,,Sergal Berserker
6524231,of Lightning,,Dragon-scale Hound
6524232,of Lightning,,Great Lord of the Forest
6524241,of Lightning,,Brown Wyvern
6524242,of Lightning,,Young Monster Predator
6524251,of Lightning,,Horned Ape Alpha
6524252,of Lightning,,Black Predator
6524261,of Lightning,,Dragon-scale Hound
6524260,of Lightning,,Thunderbird
6524311,of Flame,,Kuduru Executioner
6524312,of Flame,,Kuduru Overseer
6524313,of Flame,,Large Kuduru Primalist
6524321,of Flame,,Black Predator
6524322,of Flame,,Large Kuduru Seeker
6524331,of Flame,,Giant Ancient Beast
6524332,of Flame,,Kuduru Executioner
6524341,of Flame,,Kuduru Seeker
6524342,of Flame,,Kuduru Executioner
6524351,of Flame,,Kuduru Executioner
6524352,of Flame,,Hulking Ironclad Bear
6524353,of Flame,,Large Kuduru Primalist
6524361,of Flame,,Kuduru Executioner
6524362,of Flame,,Kuduru Seeker
6524360,of Flame,,Kuduru Great Warrior
6525111,of Storm,,Vampire Wasp General
6525112,of Storm,,Intermediate Vampire Wasp Soldier
6525113,of Storm,,Small Steel Ant Worker
6525121,of Storm,,Standard Plague Wasp Soldier
6525122,of Storm,,Large Blade Helm Snake
6525131,of Storm,,Tree Giant
6525132,of Storm,,Steel Ant Worker
6525133,of Storm,,Small Steel Ant Worker
6525141,of Storm,,Lesser Steel Ant Soldier
6525142,of Storm,,Small Steel Ant Worker
6525143,of Storm,,Plague Wasp Supreme General
6525151,of Storm,,Armored Toad
6525152,of Storm,,Large Ironclad Turtle
6525161,of Storm,,Lesser Vampire Wasp Soldier
6525160,of Storm,,Anteaters
6525211,of Lightning,,Steel Bison
6525212,of Lightning,,Thorn Boar
6525221,of Lightning,,Gray Predator
6525222,of Lightning,,Sergal Berserker
6525231,of Lightning,,Dragon-scale Hound
6525232,of Lightning,,Great Lord of the Forest
6525241,of Lightning,,Brown Wyvern
6525242,of Lightning,,Young Monster Predator
6525251,of Lightning,,Horned Ape Alpha
6525252,of Lightning,,Black Predator
6525261,of Lightning,,Dragon-scale Hound
6525260,of Lightning,,Thunderbird
6525311,of Flame,,Kuduru Executioner
6525312,of Flame,,Kuduru Overseer
6525313,of Flame,,Large Kuduru Primalist
6525321,of Flame,,Black Predator
6525322,of Flame,,Large Kuduru Seeker
6525331,of Flame,,Giant Ancient Beast
6525332,of Flame,,Kuduru Executioner
6525341,of Flame,,Kuduru Seeker
6525342,of Flame,,Kuduru Executioner
6525351,of Flame,,Kuduru Executioner
6525352,of Flame,,Hulking Ironclad Bear
6525353,of Flame,,Large Kuduru Primalist
6525361,of Flame,,Kuduru Executioner
6525362,of Flame,,Kuduru Seeker
6525360,of Flame,,Kuduru Great Warrior
6526111,of Storm,,Vampire Wasp General
6526112,of Storm,,Intermediate Vampire Wasp Soldier
6526113,of Storm,,Small Steel Ant Worker
6526121,of Storm,,Standard Plague Wasp Soldier
6526122,of Storm,,Large Blade Helm Snake
6526131,of Storm,,Tree Giant
6526132,of Storm,,Steel Ant Worker
6526133,of Storm,,Small Steel Ant Worker
6526141,of Storm,,Lesser Steel Ant Soldier
6526142,of Storm,,Small Steel Ant Worker
6526143,of Storm,,Plague Wasp Supreme General
6526151,of Storm,,Armored Toad
6526152,of Storm,,Large Ironclad Turtle
6526161,of Storm,,Lesser Vampire Wasp Soldier
6526160,of Storm,,Anteaters
6526211,of Lightning,,Steel Bison
6526212,of Lightning,,Thorn Boar
6526221,of Lightning,,Gray Predator
6526222,of Lightning,,Sergal Berserker
6526231,of Lightning,,Dragon-scale Hound
6526232,of Lightning,,Great Lord of the Forest
6526241,of Lightning,,Brown Wyvern
6526242,of Lightning,,Young Monster Predator
6526251,of Lightning,,Horned Ape Alpha
6526252,of Lightning,,Black Predator
6526261,of Lightning,,Dragon-scale Hound
6526260,of Lightning,,Thunderbird
6526311,of Flame,,Kuduru Executioner
6526312,of Flame,,Kuduru Overseer
6526313,of Flame,,Large Kuduru Primalist
6526321,of Flame,,Black Predator
6526322,of Flame,,Large Kuduru Seeker
6526331,of Flame,,Giant Ancient Beast
6526332,of Flame,,Kuduru Executioner
6526341,of Flame,,Kuduru Seeker
6526342,of Flame,,Kuduru Executioner
6526351,of Flame,,Kuduru Executioner
6526352,of Flame,,Hulking Ironclad Bear
6526353,of Flame,,Large Kuduru Primalist
6526361,of Flame,,Kuduru Executioner
6526362,of Flame,,Kuduru Seeker
6526360,of Flame,,Kuduru Great Warrior
6527111,of Storm,,Vampire Wasp General
6527112,of Storm,,Intermediate Vampire Wasp Soldier
6527113,of Storm,,Small Steel Ant Worker
6527121,of Storm,,Standard Plague Wasp Soldier
6527122,of Storm,,Large Blade Helm Snake
6527131,of Storm,,Tree Giant
6527132,of Storm,,Steel Ant Worker
6527133,of Storm,,Small Steel Ant Worker
6527141,of Storm,,Lesser Steel Ant Soldier
6527142,of Storm,,Small Steel Ant Worker
6527143,of Storm,,Plague Wasp Supreme General
6527151,of Storm,,Armored Toad
6527152,of Storm,,Large Ironclad Turtle
6527161,of Storm,,Lesser Vampire Wasp Soldier
6527160,of Storm,,Anteaters
6527211,of Lightning,,Steel Bison
6527212,of Lightning,,Thorn Boar
6527221,of Lightning,,Gray Predator
6527222,of Lightning,,Sergal Berserker
6527231,of Lightning,,Dragon-scale Hound
6527232,of Lightning,,Great Lord of the Forest
6527241,of Lightning,,Brown Wyvern
6527242,of Lightning,,Young Monster Predator
6527251,of Lightning,,Horned Ape Alpha
6527252,of Lightning,,Black Predator
6527261,of Lightning,,Dragon-scale Hound
6527260,of Lightning,,Thunderbird
6527311,of Flame,,Kuduru Executioner
6527312,of Flame,,Kuduru Overseer
6527313,of Flame,,Large Kuduru Primalist
6527321,of Flame,,Black Predator
6527322,of Flame,,Large Kuduru Seeker
6527331,of Flame,,Giant Ancient Beast
6527332,of Flame,,Kuduru Executioner
6527341,of Flame,,Kuduru Seeker
6527342,of Flame,,Kuduru Executioner
6527351,of Flame,,Kuduru Executioner
6527352,of Flame,,Hulking Ironclad Bear
6527353,of Flame,,Large Kuduru Primalist
6527361,of Flame,,Kuduru Executioner
6527362,of Flame,,Kuduru Seeker
6527360,of Flame,,Kuduru Great Warrior
6528111,of Storm,,Vampire Wasp General
6528112,of Storm,,Intermediate Vampire Wasp Soldier
6528113,of Storm,,Small Steel Ant Worker
6528121,of Storm,,Standard Plague Wasp Soldier
6528122,of Storm,,Large Blade Helm Snake
6528131,of Storm,,Tree Giant
6528132,of Storm,,Steel Ant Worker
6528133,of Storm,,Small Steel Ant Worker
6528141,of Storm,,Lesser Steel Ant Soldier
6528142,of Storm,,Small Steel Ant Worker
6528143,of Storm,,Plague Wasp Supreme General
6528151,of Storm,,Armored Toad
6528152,of Storm,,Large Ironclad Turtle
6528161,of Storm,,Lesser Vampire Wasp Soldier
6528160,of Storm,,Anteaters
6528211,of Lightning,,Steel Bison
6528212,of Lightning,,Thorn Boar
6528221,of Lightning,,Gray Predator
6528222,of Lightning,,Sergal Berserker
6528231,of Lightning,,Dragon-scale Hound
6528232,of Lightning,,Great Lord of the Forest
6528241,of Lightning,,Brown Wyvern
6528242,of Lightning,,Young Monster Predator
6528251,of Lightning,,Horned Ape Alpha
6528252,of Lightning,,Black Predator
6528261,of Lightning,,Dragon-scale Hound
6528260,of Lightning,,Thunderbird
6528311,of Flame,,Kuduru Executioner
6528312,of Flame,,Kuduru Overseer
6528313,of Flame,,Large Kuduru Primalist
6528321,of Flame,,Black Predator
6528322,of Flame,,Large Kuduru Seeker
6528331,of Flame,,Giant Ancient Beast
6528332,of Flame,,Kuduru Executioner
6528341,of Flame,,Kuduru Seeker
6528342,of Flame,,Kuduru Executioner
6528351,of Flame,,Kuduru Executioner
6528352,of Flame,,Hulking Ironclad Bear
6528353,of Flame,,Large Kuduru Primalist
6528361,of Flame,,Kuduru Executioner
6528362,of Flame,,Kuduru Seeker
6528360,of Flame,,Kuduru Great Warrior
6530111,of Storm,,Vampire Wasp General
6530112,of Storm,,Intermediate Vampire Wasp Soldier
6530113,of Storm,,Small Steel Ant Worker
6530121,of Storm,,Standard Plague Wasp Soldier
6530122,of Storm,,Large Blade Helm Snake
6530131,of Storm,,Tree Giant
6530132,of Storm,,Steel Ant Worker
6530133,of Storm,,Small Steel Ant Worker
6530141,of Storm,,Lesser Steel Ant Soldier
6530142,of Storm,,Small Steel Ant Worker
6530143,of Storm,,Plague Wasp Supreme General
6530151,of Storm,,Armored Toad
6530152,of Storm,,Large Ironclad Turtle
6530161,of Storm,,Lesser Vampire Wasp Soldier
6530160,of Storm,,Anteaters
6530211,of Lightning,,Steel Bison
6530212,of Lightning,,Thorn Boar
6530221,of Lightning,,Gray Predator
6530222,of Lightning,,Sergal Berserker
6530231,of Lightning,,Dragon-scale Hound
6530232,of Lightning,,Great Lord of the Forest
6530241,of Lightning,,Brown Wyvern
6530242,of Lightning,,Young Monster Predator
6530251,of Lightning,,Horned Ape Alpha
6530252,of Lightning,,Black Predator
6530261,of Lightning,,Dragon-scale Hound
6530260,of Lightning,,Thunderbird
6530311,of Flame,,Kuduru Executioner
6530312,of Flame,,Kuduru Overseer
6530313,of Flame,,Large Kuduru Primalist
6530321,of Flame,,Black Predator
6530322,of Flame,,Large Kuduru Seeker
6530331,of Flame,,Giant Ancient Beast
6530332,of Flame,,Kuduru Executioner
6530341,of Flame,,Kuduru Seeker
6530342,of Flame,,Kuduru Executioner
6530351,of Flame,,Kuduru Executioner
6530352,of Flame,,Hulking Ironclad Bear
6530353,of Flame,,Large Kuduru Primalist
6530361,of Flame,,Kuduru Executioner
6530362,of Flame,,Kuduru Seeker
6530360,of Flame,,Kuduru Great Warrior
6531111,of Storm,,Vampire Wasp General
6531112,of Storm,,Intermediate Vampire Wasp Soldier
6531113,of Storm,,Small Steel Ant Worker
6531121,of Storm,,Standard Plague Wasp Soldier
6531122,of Storm,,Large Blade Helm Snake
6531131,of Storm,,Tree Giant
6531132,of Storm,,Steel Ant Worker
6531133,of Storm,,Small Steel Ant Worker
6531141,of Storm,,Lesser Steel Ant Soldier
6531142,of Storm,,Small Steel Ant Worker
6531143,of Storm,,Plague Wasp Supreme General
6531151,of Storm,,Armored Toad
6531152,of Storm,,Large Ironclad Turtle
6531161,of Storm,,Lesser Vampire Wasp Soldier
6531160,of Storm,,Anteaters
6531211,of Lightning,,Steel Bison
6531212,of Lightning,,Thorn Boar
6531221,of Lightning,,Gray Predator
6531222,of Lightning,,Sergal Berserker
6531231,of Lightning,,Dragon-scale Hound
6531232,of Lightning,,Great Lord of the Forest
6531241,of Lightning,,Brown Wyvern
6531242,of Lightning,,Young Monster Predator
6531251,of Lightning,,Horned Ape Alpha
6531252,of Lightning,,Black Predator
6531261,of Lightning,,Dragon-scale Hound
6531260,of Lightning,,Thunderbird
6531311,of Flame,,Kuduru Executioner
6531312,of Flame,,Kuduru Overseer
6531313,of Flame,,Large Kuduru Primalist
6531321,of Flame,,Black Predator
6531322,of Flame,,Large Kuduru Seeker
6531331,of Flame,,Giant Ancient Beast
6531332,of Flame,,Kuduru Executioner
6531341,of Flame,,Kuduru Seeker
6531342,of Flame,,Kuduru Executioner
6531351,of Flame,,Kuduru Executioner
6531352,of Flame,,Hulking Ironclad Bear
6531353,of Flame,,Large Kuduru Primalist
6531361,of Flame,,Kuduru Executioner
6531362,of Flame,,Kuduru Seeker
6531360,of Flame,,Kuduru Great Warrior
6532111,of Storm,,Vampire Wasp General
6532112,of Storm,,Intermediate Vampire Wasp Soldier
6532113,of Storm,,Small Steel Ant Worker
6532121,of Storm,,Standard Plague Wasp Soldier
6532122,of Storm,,Large Blade Helm Snake
6532131,of Storm,,Tree Giant
6532132,of Storm,,Steel Ant Worker
6532133,of Storm,,Small Steel Ant Worker
6532141,of Storm,,Lesser Steel Ant Soldier
6532142,of Storm,,Small Steel Ant Worker
6532143,of Storm,,Plague Wasp Supreme General
6532151,of Storm,,Armored Toad
6532152,of Storm,,Large Ironclad Turtle
6532161,of Storm,,Lesser Vampire Wasp Soldier
6532160,of Storm,,Anteaters
6532211,of Lightning,,Steel Bison
6532212,of Lightning,,Thorn Boar
6532221,of Lightning,,Gray Predator
6532222,of Lightning,,Sergal Berserker
6532231,of Lightning,,Dragon-scale Hound
6532232,of Lightning,,Great Lord of the Forest
6532241,of Lightning,,Brown Wyvern
6532242,of Lightning,,Young Monster Predator
6532251,of Lightning,,Horned Ape Alpha
6532252,of Lightning,,Black Predator
6532261,of Lightning,,Dragon-scale Hound
6532260,of Lightning,,Thunderbird
6532311,of Flame,,Kuduru Executioner
6532312,of Flame,,Kuduru Overseer
6532313,of Flame,,Large Kuduru Primalist
6532321,of Flame,,Black Predator
6532322,of Flame,,Large Kuduru Seeker
6532331,of Flame,,Giant Ancient Beast
6532332,of Flame,,Kuduru Executioner
6532341,of Flame,,Kuduru Seeker
6532342,of Flame,,Kuduru Executioner
6532351,of Flame,,Kuduru Executioner
6532352,of Flame,,Hulking Ironclad Bear
6532353,of Flame,,Large Kuduru Primalist
6532361,of Flame,,Kuduru Executioner
6532362,of Flame,,Kuduru Seeker
6532360,of Flame,,Kuduru Great Warrior
6533111,of Storm,,Vampire Wasp General
6533112,of Storm,,Intermediate Vampire Wasp Soldier
6533113,of Storm,,Small Steel Ant Worker
6533121,of Storm,,Standard Plague Wasp Soldier
6533122,of Storm,,Large Blade Helm Snake
6533131,of Storm,,Tree Giant
6533132,of Storm,,Steel Ant Worker
6533133,of Storm,,Small Steel Ant Worker
6533141,of Storm,,Lesser Steel Ant Soldier
6533142,of Storm,,Small Steel Ant Worker
6533143,of Storm,,Plague Wasp Supreme General
6533151,of Storm,,Armored Toad
6533152,of Storm,,Large Ironclad Turtle
6533161,of Storm,,Lesser Vampire Wasp Soldier
6533160,of Storm,,Anteaters
6533211,of Lightning,,Steel Bison
6533212,of Lightning,,Thorn Boar
6533221,of Lightning,,Gray Predator
6533222,of Lightning,,Sergal Berserker
6533231,of Lightning,,Dragon-scale Hound
6533232,of Lightning,,Great Lord of the Forest
6533241,of Lightning,,Brown Wyvern
6533242,of Lightning,,Young Monster Predator
6533251,of Lightning,,Horned Ape Alpha
6533252,of Lightning,,Black Predator
6533261,of Lightning,,Dragon-scale Hound
6533260,of Lightning,,Thunderbird
6533311,of Flame,,Kuduru Executioner
6533312,of Flame,,Kuduru Overseer
6533313,of Flame,,Large Kuduru Primalist
6533321,of Flame,,Black Predator
6533322,of Flame,,Large Kuduru Seeker
6533331,of Flame,,Giant Ancient Beast
6533332,of Flame,,Kuduru Executioner
6533341,of Flame,,Kuduru Seeker
6533342,of Flame,,Kuduru Executioner
6533351,of Flame,,Kuduru Executioner
6533352,of Flame,,Hulking Ironclad Bear
6533353,of Flame,,Large Kuduru Primalist
6533361,of Flame,,Kuduru Executioner
6533362,of Flame,,Kuduru Seeker
6533360,of Flame,,Kuduru Great Warrior
6534111,of Storm,,Vampire Wasp General
6534112,of Storm,,Intermediate Vampire Wasp Soldier
6534113,of Storm,,Small Steel Ant Worker
6534121,of Storm,,Standard Plague Wasp Soldier
6534122,of Storm,,Large Blade Helm Snake
6534131,of Storm,,Tree Giant
6534132,of Storm,,Steel Ant Worker
6534133,of Storm,,Small Steel Ant Worker
6534141,of Storm,,Lesser Steel Ant Soldier
6534142,of Storm,,Small Steel Ant Worker
6534143,of Storm,,Plague Wasp Supreme General
6534151,of Storm,,Armored Toad
6534152,of Storm,,Large Ironclad Turtle
6534161,of Storm,,Lesser Vampire Wasp Soldier
6534160,of Storm,,Anteaters
6534211,of Lightning,,Steel Bison
6534212,of Lightning,,Thorn Boar
6534221,of Lightning,,Gray Predator
6534222,of Lightning,,Sergal Berserker
6534231,of Lightning,,Dragon-scale Hound
6534232,of Lightning,,Great Lord of the Forest
6534241,of Lightning,,Brown Wyvern
6534242,of Lightning,,Young Monster Predator
6534251,of Lightning,,Horned Ape Alpha
6534252,of Lightning,,Black Predator
6534261,of Lightning,,Dragon-scale Hound
6534260,of Lightning,,Thunderbird
6534311,of Flame,,Kuduru Executioner
6534312,of Flame,,Kuduru Overseer
6534313,of Flame,,Large Kuduru Primalist
6534321,of Flame,,Black Predator
6534322,of Flame,,Large Kuduru Seeker
6534331,of Flame,,Giant Ancient Beast
6534332,of Flame,,Kuduru Executioner
6534341,of Flame,,Kuduru Seeker
6534342,of Flame,,Kuduru Executioner
6534351,of Flame,,Kuduru Executioner
6534352,of Flame,,Hulking Ironclad Bear
6534353,of Flame,,Large Kuduru Primalist
6534361,of Flame,,Kuduru Executioner
6534362,of Flame,,Kuduru Seeker
6534360,of Flame,,Kuduru Great Warrior
6536111,of Storm,,Vampire Wasp General
6536112,of Storm,,Intermediate Vampire Wasp Soldier
6536113,of Storm,,Small Steel Ant Worker
6536121,of Storm,,Standard Plague Wasp Soldier
6536122,of Storm,,Large Blade Helm Snake
6536131,of Storm,,Tree Giant
6536132,of Storm,,Steel Ant Worker
6536133,of Storm,,Small Steel Ant Worker
6536141,of Storm,,Lesser Steel Ant Soldier
6536142,of Storm,,Small Steel Ant Worker
6536143,of Storm,,Plague Wasp Supreme General
6536151,of Storm,,Armored Toad
6536152,of Storm,,Large Ironclad Turtle
6536161,of Storm,,Lesser Vampire Wasp Soldier
6536160,of Storm,,Anteaters
6536211,of Lightning,,Steel Bison
6536212,of Lightning,,Thorn Boar
6536221,of Lightning,,Gray Predator
6536222,of Lightning,,Sergal Berserker
6536231,of Lightning,,Dragon-scale Hound
6536232,of Lightning,,Great Lord of the Forest
6536241,of Lightning,,Brown Wyvern
6536242,of Lightning,,Young Monster Predator
6536251,of Lightning,,Horned Ape Alpha
6536252,of Lightning,,Black Predator
6536261,of Lightning,,Dragon-scale Hound
6536260,of Lightning,,Thunderbird
6536311,of Flame,,Kuduru Executioner
6536312,of Flame,,Kuduru Overseer
6536313,of Flame,,Large Kuduru Primalist
6536321,of Flame,,Black Predator
6536322,of Flame,,Large Kuduru Seeker
6536331,of Flame,,Giant Ancient Beast
6536332,of Flame,,Kuduru Executioner
6536341,of Flame,,Kuduru Seeker
6536342,of Flame,,Kuduru Executioner
6536351,of Flame,,Kuduru Executioner
6536352,of Flame,,Hulking Ironclad Bear
6536353,of Flame,,Large Kuduru Primalist
6536361,of Flame,,Kuduru Executioner
6536362,of Flame,,Kuduru Seeker
6536360,of Flame,,Kuduru Great Warrior
6537111,of Storm,,Vampire Wasp General
6537112,of Storm,,Intermediate Vampire Wasp Soldier
6537113,of Storm,,Small Steel Ant Worker
6537121,of Storm,,Standard Plague Wasp Soldier
6537122,of Storm,,Large Blade Helm Snake
6537131,of Storm,,Tree Giant
6537132,of Storm,,Steel Ant Worker
6537133,of Storm,,Small Steel Ant Worker
6537141,of Storm,,Lesser Steel Ant Soldier
6537142,of Storm,,Small Steel Ant Worker
6537143,of Storm,,Plague Wasp Supreme General
6537151,of Storm,,Armored Toad
6537152,of Storm,,Large Ironclad Turtle
6537161,of Storm,,Lesser Vampire Wasp Soldier
6537160,of Storm,,Anteaters
6537211,of Lightning,,Steel Bison
6537212,of Lightning,,Thorn Boar
6537221,of Lightning,,Gray Predator
6537222,of Lightning,,Sergal Berserker
6537231,of Lightning,,Dragon-scale Hound
6537232,of Lightning,,Great Lord of the Forest
6537241,of Lightning,,Brown Wyvern
6537242,of Lightning,,Young Monster Predator
6537251,of Lightning,,Horned Ape Alpha
6537252,of Lightning,,Black Predator
6537261,of Lightning,,Dragon-scale Hound
6537260,of Lightning,,Thunderbird
6537311,of Flame,,Kuduru Executioner
6537312,of Flame,,Kuduru Overseer
6537313,of Flame,,Large Kuduru Primalist
6537321,of Flame,,Black Predator
6537322,of Flame,,Large Kuduru Seeker
6537331,of Flame,,Giant Ancient Beast
6537332,of Flame,,Kuduru Executioner
6537341,of Flame,,Kuduru Seeker
6537342,of Flame,,Kuduru Executioner
6537351,of Flame,,Kuduru Executioner
6537352,of Flame,,Hulking Ironclad Bear
6537353,of Flame,,Large Kuduru Primalist
6537361,of Flame,,Kuduru Executioner
6537362,of Flame,,Kuduru Seeker
6537360,of Flame,,Kuduru Great Warrior
6540111,of Storm,,Vampire Wasp General
6540112,of Storm,,Intermediate Vampire Wasp Soldier
6540113,of Storm,,Small Steel Ant Worker
6540121,of Storm,,Standard Plague Wasp Soldier
6540122,of Storm,,Large Blade Helm Snake
6540131,of Storm,,Tree Giant
6540132,of Storm,,Steel Ant Worker
6540133,of Storm,,Small Steel Ant Worker
6540141,of Storm,,Lesser Steel Ant Soldier
6540142,of Storm,,Small Steel Ant Worker
6540143,of Storm,,Plague Wasp Supreme General
6540151,of Storm,,Armored Toad
6540152,of Storm,,Large Ironclad Turtle
6540161,of Storm,,Lesser Vampire Wasp Soldier
6540160,of Storm,,Anteaters
6540211,of Lightning,,Steel Bison
6540212,of Lightning,,Thorn Boar
6540221,of Lightning,,Gray Predator
6540222,of Lightning,,Sergal Berserker
6540231,of Lightning,,Dragon-scale Hound
6540232,of Lightning,,Great Lord of the Forest
6540241,of Lightning,,Brown Wyvern
6540242,of Lightning,,Young Monster Predator
6540251,of Lightning,,Horned Ape Alpha
6540252,of Lightning,,Black Predator
6540261,of Lightning,,Dragon-scale Hound
6540260,of Lightning,,Thunderbird
6540311,of Flame,,Kuduru Executioner
6540312,of Flame,,Kuduru Overseer
6540313,of Flame,,Large Kuduru Primalist
6540321,of Flame,,Black Predator
6540322,of Flame,,Large Kuduru Seeker
6540331,of Flame,,Giant Ancient Beast
6540332,of Flame,,Kuduru Executioner
6540341,of Flame,,Kuduru Seeker
6540342,of Flame,,Kuduru Executioner
6540351,of Flame,,Kuduru Executioner
6540352,of Flame,,Hulking Ironclad Bear
6540353,of Flame,,Large Kuduru Primalist
6540361,of Flame,,Kuduru Executioner
6540362,of Flame,,Kuduru Seeker
6540360,of Flame,,Kuduru Great Warrior
7000000,of Flame,,Titan
7000001,of Flame,,Titan
7000002,of Flame,,Titan
7000003,of Flame,,Titan
7000004,of Flame,,Titan
7000005,of Flame,,Titan
7000006,of Flame,,Titan
7000007,of Flame,,Titan
7000008,of Flame,,Titan
7000009,of Flame,,Titan
7000010,of Flame,,Titan
7000011,of Flame,,Titan
7000012,of Flame,,Titan
7000013,of Flame,,Titan
7000014,of Flame,,Titan
7000015,of Flame,,Titan
7000016,of Flame,,Titan
7000017,of Flame,,Titan
7100000,of Storm,,Titan
7100001,of Storm,,Titan
7100002,of Storm,,Titan
7100003,of Storm,,Titan
7100004,of Storm,,Titan
7100005,of Storm,,Titan
7100006,of Storm,,Titan
7100007,of Storm,,Titan
7100008,of Storm,,Titan
7100009,of Storm,,Titan
7100010,of Storm,,Titan
7100011,of Storm,,Titan
7100012,of Storm,,Titan
7100013,of Storm,,Titan
7100014,of Storm,,Titan
7100015,of Storm,,Titan
7100016,of Storm,,Titan
7100017,of Storm,,Titan
7200000,of Lightning,,Titan
7200001,of Lightning,,Titan
7200002,of Lightning,,Titan
7200003,of Lightning,,Titan
7200004,of Lightning,,Titan
7200005,of Lightning,,Titan
7200006,of Lightning,,Titan
7200007,of Lightning,,Titan
7200008,of Lightning,,Titan
7200009,of Lightning,,Titan
7200010,of Lightning,,Titan
7200011,of Lightning,,Titan
7200012,of Lightning,,Titan
7200013,of Lightning,,Titan
7200014,of Lightning,,Titan
7200015,of Lightning,,Titan
7200016,of Lightning,,Titan
7200017,of Lightning,,Titan
7300000,,,Armored Giant
7300001,,,Armored Giant
7300002,,,Armored Giant
7300003,,,Armored Giant
7300004,,,Armored Giant
7300005,,,Armored Giant
7300006,,,Armored Giant
7300007,,,Armored Giant
7300008,,,Armored Giant
7300009,,,Armored Giant
7300010,,,Armored Giant
7300011,,,Armored Giant
7001001,of Storm,,Vampire Wasp General
7001002,of Storm,,Intermediate Vampire Wasp Soldier
7001003,of Storm,,Small Steel Ant Worker
7001011,of Storm,,Standard Plague Wasp Soldier
7001012,of Storm,,Large Blade Helm Snake
7001013,of Storm,,Tree Giant
7001014,of Storm,,Steel Ant Worker
7001015,of Storm,,Small Steel Ant Worker
7001030,of Storm,,Lesser Steel Ant Soldier
7001031,of Storm,,Small Steel Ant Worker
7001032,of Storm,,Plague Wasp Supreme General
7001042,of Storm,,Armored Toad
7001043,of Storm,,Large Ironclad Turtle
7001050,of Storm,,Lesser Vampire Wasp Soldier
7001051,of Storm,,Anteaters
7002100,of Storm,,Vampire Wasp General
7002101,of Storm,,Intermediate Vampire Wasp Soldier
7002102,of Storm,,Small Steel Ant Worker
7002200,of Storm,,Standard Plague Wasp Soldier
7002201,of Storm,,Large Blade Helm Snake
7002202,of Storm,,Tree Giant
7002203,of Storm,,Steel Ant Worker
7002204,of Storm,,Small Steel Ant Worker
7002230,of Storm,,Lesser Steel Ant Soldier
7002231,of Storm,,Small Steel Ant Worker
7002232,of Storm,,Plague Wasp Supreme General
7002242,of Storm,,Armored Toad
7002243,of Storm,,Large Ironclad Turtle
7002250,of Storm,,Lesser Vampire Wasp Soldier
7002251,of Storm,,Anteaters
7003000,of Storm,,Vampire Wasp General
7003001,of Storm,,Intermediate Vampire Wasp Soldier
7003002,of Storm,,Small Steel Ant Worker
7003010,of Storm,,Standard Plague Wasp Soldier
7003011,of Storm,,Large Blade Helm Snake
7003012,of Storm,,Tree Giant
7003013,of Storm,,Steel Ant Worker
7003014,of Storm,,Small Steel Ant Worker
7003030,of Storm,,Lesser Steel Ant Soldier
7003031,of Storm,,Small Steel Ant Worker
7003032,of Storm,,Plague Wasp Supreme General
7003041,of Storm,,Armored Toad
7003042,of Storm,,Large Ironclad Turtle
7003050,of Storm,,Lesser Vampire Wasp Soldier
7003051,of Storm,,Anteaters
7004000,of Storm,,Vampire Wasp General
7004001,of Storm,,Intermediate Vampire Wasp Soldier
7004002,of Storm,,Small Steel Ant Worker
7004010,of Storm,,Standard Plague Wasp Soldier
7004011,of Storm,,Large Blade Helm Snake
7004020,of Storm,,Tree Giant
7004021,of Storm,,Steel Ant Worker
7004022,of Storm,,Small Steel Ant Worker
7004030,of Storm,,Lesser Steel Ant Soldier
7004031,of Storm,,Small Steel Ant Worker
7004032,of Storm,,Plague Wasp Supreme General
7004041,of Storm,,Armored Toad
7004042,of Storm,,Large Ironclad Turtle
7004050,of Storm,,Lesser Vampire Wasp Soldier
7004051,of Storm,,Anteaters
7001100,of Storm,,Vampire Wasp General
7001101,of Storm,,Intermediate Vampire Wasp Soldier
7001102,of Storm,,Small Steel Ant Worker
7001111,of Storm,,Standard Plague Wasp Soldier
7001112,of Storm,,Large Blade Helm Snake
7001113,of Storm,,Tree Giant
7001114,of Storm,,Steel Ant Worker
7001115,of Storm,,Small Steel Ant Worker
7001131,of Storm,,Lesser Steel Ant Soldier
7001132,of Storm,,Small Steel Ant Worker
7001133,of Storm,,Plague Wasp Supreme General
7001142,of Storm,,Armored Toad
7001143,of Storm,,Large Ironclad Turtle
7001151,of Storm,,Lesser Vampire Wasp Soldier
7001152,of Storm,,Anteaters
7001200,of Storm,,Vampire Wasp General
7001201,of Storm,,Intermediate Vampire Wasp Soldier
7001202,of Storm,,Small Steel Ant Worker
7001210,of Storm,,Standard Plague Wasp Soldier
7001211,of Storm,,Large Blade Helm Snake
7001212,of Storm,,Tree Giant
7001213,of Storm,,Steel Ant Worker
7001214,of Storm,,Small Steel Ant Worker
7001230,of Storm,,Lesser Steel Ant Soldier
7001231,of Storm,,Small Steel Ant Worker
7001232,of Storm,,Plague Wasp Supreme General
7001241,of Storm,,Armored Toad
7001242,of Storm,,Large Ironclad Turtle
7001250,of Storm,,Lesser Vampire Wasp Soldier
7001251,of Storm,,Anteaters
7002300,of Storm,,Vampire Wasp General
7002301,of Storm,,Intermediate Vampire Wasp Soldier
7002302,of Storm,,Small Steel Ant Worker
7002310,of Storm,,Standard Plague Wasp Soldier
7002311,of Storm,,Large Blade Helm Snake
7002320,of Storm,,Tree Giant
7002321,of Storm,,Steel Ant Worker
7002322,of Storm,,Small Steel Ant Worker
7002330,of Storm,,Lesser Steel Ant Soldier
7002331,of Storm,,Small Steel Ant Worker
7002332,of Storm,,Plague Wasp Supreme General
7002341,of Storm,,Armored Toad
7002342,of Storm,,Large Ironclad Turtle
7002350,of Storm,,Lesser Vampire Wasp Soldier
7002351,of Storm,,Anteaters
7002400,of Storm,,Vampire Wasp General
7002401,of Storm,,Intermediate Vampire Wasp Soldier
7002402,of Storm,,Small Steel Ant Worker
7002410,of Storm,,Standard Plague Wasp Soldier
7002411,of Storm,,Large Blade Helm Snake
7002412,of Storm,,Tree Giant
7002413,of Storm,,Steel Ant Worker
7002414,of Storm,,Small Steel Ant Worker
7002430,of Storm,,Lesser Steel Ant Soldier
7002431,of Storm,,Small Steel Ant Worker
7002432,of Storm,,Plague Wasp Supreme General
7002441,of Storm,,Armored Toad
7002442,of Storm,,Large Ironclad Turtle
7002450,of Storm,,Lesser Vampire Wasp Soldier
7002451,of Storm,,Anteaters
7003100,of Storm,,Vampire Wasp General
7003101,of Storm,,Intermediate Vampire Wasp Soldier
7003102,of Storm,,Small Steel Ant Worker
7003110,of Storm,,Standard Plague Wasp Soldier
7003111,of Storm,,Large Blade Helm Snake
7003120,of Storm,,Tree Giant
7003121,of Storm,,Steel Ant Worker
7003122,of Storm,,Small Steel Ant Worker
7003130,of Storm,,Lesser Steel Ant Soldier
7003131,of Storm,,Small Steel Ant Worker
7003132,of Storm,,Plague Wasp Supreme General
7003141,of Storm,,Armored Toad
7003142,of Storm,,Large Ironclad Turtle
7003150,of Storm,,Lesser Vampire Wasp Soldier
7003151,of Storm,,Anteaters
7003200,of Storm,,Vampire Wasp General
7003201,of Storm,,Intermediate Vampire Wasp Soldier
7003202,of Storm,,Small Steel Ant Worker
7003210,of Storm,,Standard Plague Wasp Soldier
7003211,of Storm,,Large Blade Helm Snake
7003220,of Storm,,Tree Giant
7003221,of Storm,,Steel Ant Worker
7003222,of Storm,,Small Steel Ant Worker
7003230,of Storm,,Lesser Steel Ant Soldier
7003231,of Storm,,Small Steel Ant Worker
7003232,of Storm,,Plague Wasp Supreme General
7003241,of Storm,,Armored Toad
7003242,of Storm,,Large Ironclad Turtle
7003250,of Storm,,Lesser Vampire Wasp Soldier
7003251,of Storm,,Anteaters
7004100,of Storm,,Vampire Wasp General
7004101,of Storm,,Intermediate Vampire Wasp Soldier
7004102,of Storm,,Small Steel Ant Worker
7004110,of Storm,,Standard Plague Wasp Soldier
7004111,of Storm,,Large Blade Helm Snake
7004120,of Storm,,Tree Giant
7004121,of Storm,,Steel Ant Worker
7004122,of Storm,,Small Steel Ant Worker
7004130,of Storm,,Lesser Steel Ant Soldier
7004131,of Storm,,Small Steel Ant Worker
7004132,of Storm,,Plague Wasp Supreme General
7004141,of Storm,,Armored Toad
7004142,of Storm,,Large Ironclad Turtle
7004150,of Storm,,Lesser Vampire Wasp Soldier
7004151,of Storm,,Anteaters
7004200,of Storm,,Vampire Wasp General
7004201,of Storm,,Intermediate Vampire Wasp Soldier
7004202,of Storm,,Small Steel Ant Worker
7004210,of Storm,,Standard Plague Wasp Soldier
7004211,of Storm,,Large Blade Helm Snake
7004220,of Storm,,Tree Giant
7004221,of Storm,,Steel Ant Worker
7004222,of Storm,,Small Steel Ant Worker
7004230,of Storm,,Lesser Steel Ant Soldier
7004231,of Storm,,Small Steel Ant Worker
7004232,of Storm,,Plague Wasp Supreme General
7004241,of Storm,,Armored Toad
7004242,of Storm,,Large Ironclad Turtle
7004250,of Storm,,Lesser Vampire Wasp Soldier
7004251,of Storm,,Anteaters
7013011,of Storm,,Vampire Wasp General
7013012,of Storm,,Intermediate Vampire Wasp Soldier
7013013,of Storm,,Small Steel Ant Worker
7013021,of Storm,,Standard Plague Wasp Soldier
7013022,of Storm,,Large Blade Helm Snake
7013031,of Storm,,Tree Giant
7013032,of Storm,,Steel Ant Worker
7013033,of Storm,,Small Steel Ant Worker
7013041,of Storm,,Lesser Steel Ant Soldier
7013042,of Storm,,Small Steel Ant Worker
7013043,of Storm,,Plague Wasp Supreme General
7013051,of Storm,,Armored Toad
7013052,of Storm,,Large Ironclad Turtle
7013061,of Storm,,Lesser Vampire Wasp Soldier
7013060,of Storm,,Anteaters
7014011,of Storm,,Vampire Wasp General
7014012,of Storm,,Intermediate Vampire Wasp Soldier
7014013,of Storm,,Small Steel Ant Worker
7014021,of Storm,,Standard Plague Wasp Soldier
7014022,of Storm,,Large Blade Helm Snake
7014031,of Storm,,Tree Giant
7014032,of Storm,,Steel Ant Worker
7014033,of Storm,,Small Steel Ant Worker
7014041,of Storm,,Lesser Steel Ant Soldier
7014042,of Storm,,Small Steel Ant Worker
7014043,of Storm,,Plague Wasp Supreme General
7014051,of Storm,,Armored Toad
7014052,of Storm,,Large Ironclad Turtle
7014061,of Storm,,Lesser Vampire Wasp Soldier
7014060,of Storm,,Anteaters
7015011,of Storm,,Vampire Wasp General
7015012,of Storm,,Intermediate Vampire Wasp Soldier
7015013,of Storm,,Small Steel Ant Worker
7015021,of Storm,,Standard Plague Wasp Soldier
7015022,of Storm,,Large Blade Helm Snake
7015031,of Storm,,Tree Giant
7015032,of Storm,,Steel Ant Worker
7015033,of Storm,,Small Steel Ant Worker
7015041,of Storm,,Lesser Steel Ant Soldier
7015042,of Storm,,Small Steel Ant Worker
7015043,of Storm,,Plague Wasp Supreme General
7015051,of Storm,,Armored Toad
7015052,of Storm,,Large Ironclad Turtle
7015061,of Storm,,Lesser Vampire Wasp Soldier
7015060,of Storm,,Anteaters
7016011,of Storm,,Vampire Wasp General
7016012,of Storm,,Intermediate Vampire Wasp Soldier
7016013,of Storm,,Small Steel Ant Worker
7016021,of Storm,,Standard Plague Wasp Soldier
7016022,of Storm,,Large Blade Helm Snake
7016031,of Storm,,Tree Giant
7016032,of Storm,,Steel Ant Worker
7016033,of Storm,,Small Steel Ant Worker
7016041,of Storm,,Lesser Steel Ant Soldier
7016042,of Storm,,Small Steel Ant Worker
7016043,of Storm,,Plague Wasp Supreme General
7016051,of Storm,,Armored Toad
7016052,of Storm,,Large Ironclad Turtle
7016061,of Storm,,Lesser Vampire Wasp Soldier
7016060,of Storm,,Anteaters
7017011,of Storm,,Vampire Wasp General
7017012,of Storm,,Intermediate Vampire Wasp Soldier
7017013,of Storm,,Small Steel Ant Worker
7017021,of Storm,,Standard Plague Wasp Soldier
7017022,of Storm,,Large Blade Helm Snake
7017031,of Storm,,Tree Giant
7017032,of Storm,,Steel Ant Worker
7017033,of Storm,,Small Steel Ant Worker
7017041,of Storm,,Lesser Steel Ant Soldier
7017042,of Storm,,Small Steel Ant Worker
7017043,of Storm,,Plague Wasp Supreme General
7017051,of Storm,,Armored Toad
7017052,of Storm,,Large Ironclad Turtle
7017061,of Storm,,Lesser Vampire Wasp Soldier
7017060,of Storm,,Anteaters
7018011,of Storm,,Vampire Wasp General
7018012,of Storm,,Intermediate Vampire Wasp Soldier
7018013,of Storm,,Small Steel Ant Worker
7018021,of Storm,,Standard Plague Wasp Soldier
7018022,of Storm,,Large Blade Helm Snake
7018031,of Storm,,Tree Giant
7018032,of Storm,,Steel Ant Worker
7018033,of Storm,,Small Steel Ant Worker
7018041,of Storm,,Lesser Steel Ant Soldier
7018042,of Storm,,Small Steel Ant Worker
7018043,of Storm,,Plague Wasp Supreme General
7018051,of Storm,,Armored Toad
7018052,of Storm,,Large Ironclad Turtle
7018061,of Storm,,Lesser Vampire Wasp Soldier
7018060,of Storm,,Anteaters
7005000,of Lightning,,Steel Bison
7005001,of Lightning,,Thorn Boar
7005010,of Lightning,,Gray Predator
7005011,of Lightning,,Sergal Berserker
7005021,of Lightning,,Dragon-scale Hound
7005022,of Lightning,,Great Lord of the Forest
7005030,of Lightning,,Brown Wyvern
7005031,of Lightning,,Young Monster Predator
7005040,of Lightning,,Horned Ape Alpha
7005041,of Lightning,,Black Predator
7005050,of Lightning,,Dragon-scale Hound
7005051,of Lightning,,Thunderbird
7008000,of Lightning,,Steel Bison
7008001,of Lightning,,Thorn Boar
7008010,of Lightning,,Gray Predator
7008011,of Lightning,,Sergal Berserker
7008021,of Lightning,,Dragon-scale Hound
7008022,of Lightning,,Great Lord of the Forest
7008030,of Lightning,,Brown Wyvern
7008031,of Lightning,,Young Monster Predator
7008040,of Lightning,,Horned Ape Alpha
7008041,of Lightning,,Black Predator
7008050,of Lightning,,Dragon-scale Hound
7008051,of Lightning,,Thunderbird
7010100,of Lightning,,Steel Bison
7010101,of Lightning,,Thorn Boar
7010110,of Lightning,,Gray Predator
7010111,of Lightning,,Sergal Berserker
7010121,of Lightning,,Dragon-scale Hound
7010122,of Lightning,,Great Lord of the Forest
7010130,of Lightning,,Brown Wyvern
7010131,of Lightning,,Young Monster Predator
7010140,of Lightning,,Horned Ape Alpha
7010141,of Lightning,,Black Predator
7010150,of Lightning,,Dragon-scale Hound
7010151,of Lightning,,Thunderbird
7010400,of Lightning,,Steel Bison
7010401,of Lightning,,Thorn Boar
7010410,of Lightning,,Gray Predator
7010411,of Lightning,,Sergal Berserker
7010421,of Lightning,,Dragon-scale Hound
7010422,of Lightning,,Great Lord of the Forest
7010430,of Lightning,,Brown Wyvern
7010431,of Lightning,,Young Monster Predator
7010440,of Lightning,,Horned Ape Alpha
7010441,of Lightning,,Black Predator
7010450,of Lightning,,Dragon-scale Hound
7010451,of Lightning,,Thunderbird
7006000,of Lightning,,Steel Bison
7006001,of Lightning,,Thorn Boar
7006010,of Lightning,,Gray Predator
7006011,of Lightning,,Sergal Berserker
7006021,of Lightning,,Dragon-scale Hound
7006022,of Lightning,,Great Lord of the Forest
7006030,of Lightning,,Brown Wyvern
7006031,of Lightning,,Young Monster Predator
7006040,of Lightning,,Horned Ape Alpha
7006041,of Lightning,,Black Predator
7006050,of Lightning,,Dragon-scale Hound
7006051,of Lightning,,Thunderbird
7007000,of Lightning,,Steel Bison
7007001,of Lightning,,Thorn Boar
7007010,of Lightning,,Gray Predator
7007011,of Lightning,,Sergal Berserker
7007021,of Lightning,,Dragon-scale Hound
7007022,of Lightning,,Great Lord of the Forest
7007030,of Lightning,,Brown Wyvern
7007031,of Lightning,,Young Monster Predator
7007040,of Lightning,,Horned Ape Alpha
7007041,of Lightning,,Black Predator
7007050,of Lightning,,Dragon-scale Hound
7007051,of Lightning,,Thunderbird
7009000,of Lightning,,Steel Bison
7009001,of Lightning,,Thorn Boar
7009010,of Lightning,,Gray Predator
7009011,of Lightning,,Sergal Berserker
7009021,of Lightning,,Dragon-scale Hound
7009022,of Lightning,,Great Lord of the Forest
7009030,of Lightning,,Brown Wyvern
7009031,of Lightning,,Young Monster Predator
7009040,of Lightning,,Horned Ape Alpha
7009041,of Lightning,,Black Predator
7009050,of Lightning,,Dragon-scale Hound
7009051,of Lightning,,Thunderbird
7010000,of Lightning,,Steel Bison
7010001,of Lightning,,Thorn Boar
7010010,of Lightning,,Gray Predator
7010011,of Lightning,,Sergal Berserker
7010021,of Lightning,,Dragon-scale Hound
7010022,of Lightning,,Great Lord of the Forest
7010030,of Lightning,,Brown Wyvern
7010031,of Lightning,,Young Monster Predator
7010040,of Lightning,,Horned Ape Alpha
7010041,of Lightning,,Black Predator
7010050,of Lightning,,Dragon-scale Hound
7010051,of Lightning,,Thunderbird
7010200,of Lightning,,Steel Bison
7010201,of Lightning,,Thorn Boar
7010210,of Lightning,,Gray Predator
7010211,of Lightning,,Sergal Berserker
7010221,of Lightning,,Dragon-scale Hound
7010222,of Lightning,,Great Lord of the Forest
7010230,of Lightning,,Brown Wyvern
7010231,of Lightning,,Young Monster Predator
7010240,of Lightning,,Horned Ape Alpha
7010241,of Lightning,,Black Predator
7010250,of Lightning,,Dragon-scale Hound
7010251,of Lightning,,Thunderbird
7010300,of Lightning,,Steel Bison
7010301,of Lightning,,Thorn Boar
7010310,of Lightning,,Gray Predator
7010311,of Lightning,,Sergal Berserker
7010321,of Lightning,,Dragon-scale Hound
7010322,of Lightning,,Great Lord of the Forest
7010330,of Lightning,,Brown Wyvern
7010331,of Lightning,,Young Monster Predator
7010340,of Lightning,,Horned Ape Alpha
7010341,of Lightning,,Black Predator
7010350,of Lightning,,Dragon-scale Hound
7010351,of Lightning,,Thunderbird
7010500,of Lightning,,Steel Bison
7010501,of Lightning,,Thorn Boar
7010510,of Lightning,,Gray Predator
7010511,of Lightning,,Sergal Berserker
7010521,of Lightning,,Dragon-scale Hound
7010522,of Lightning,,Great Lord of the Forest
7010530,of Lightning,,Brown Wyvern
7010531,of Lightning,,Young Monster Predator
7010540,of Lightning,,Horned Ape Alpha
7010541,of Lightning,,Black Predator
7010550,of Lightning,,Dragon-scale Hound
7010551,of Lightning,,Thunderbird
7010600,of Lightning,,Steel Bison
7010601,of Lightning,,Thorn Boar
7010610,of Lightning,,Gray Predator
7010611,of Lightning,,Sergal Berserker
7010621,of Lightning,,Dragon-scale Hound
7010622,of Lightning,,Great Lord of the Forest
7010630,of Lightning,,Brown Wyvern
7010631,of Lightning,,Young Monster Predator
7010640,of Lightning,,Horned Ape Alpha
7010641,of Lightning,,Black Predator
7010650,of Lightning,,Dragon-scale Hound
7010651,of Lightning,,Thunderbird
7013111,of Lightning,,Steel Bison
7013112,of Lightning,,Thorn Boar
7013121,of Lightning,,Gray Predator
7013122,of Lightning,,Sergal Berserker
7013131,of Lightning,,Dragon-scale Hound
7013132,of Lightning,,Great Lord of the Forest
7013141,of Lightning,,Brown Wyvern
7013142,of Lightning,,Young Monster Predator
7013151,of Lightning,,Horned Ape Alpha
7013152,of Lightning,,Black Predator
7013161,of Lightning,,Dragon-scale Hound
7013160,of Lightning,,Thunderbird
7014111,of Lightning,,Steel Bison
7014112,of Lightning,,Thorn Boar
7014121,of Lightning,,Gray Predator
7014122,of Lightning,,Sergal Berserker
7014131,of Lightning,,Dragon-scale Hound
7014132,of Lightning,,Great Lord of the Forest
7014141,of Lightning,,Brown Wyvern
7014142,of Lightning,,Young Monster Predator
7014151,of Lightning,,Horned Ape Alpha
7014152,of Lightning,,Black Predator
7014161,of Lightning,,Dragon-scale Hound
7014160,of Lightning,,Thunderbird
7015111,of Lightning,,Steel Bison
7015112,of Lightning,,Thorn Boar
7015121,of Lightning,,Gray Predator
7015122,of Lightning,,Sergal Berserker
7015131,of Lightning,,Dragon-scale Hound
7015132,of Lightning,,Great Lord of the Forest
7015141,of Lightning,,Brown Wyvern
7015142,of Lightning,,Young Monster Predator
7015151,of Lightning,,Horned Ape Alpha
7015152,of Lightning,,Black Predator
7015161,of Lightning,,Dragon-scale Hound
7015160,of Lightning,,Thunderbird
7016111,of Lightning,,Steel Bison
7016112,of Lightning,,Thorn Boar
7016121,of Lightning,,Gray Predator
7016122,of Lightning,,Sergal Berserker
7016131,of Lightning,,Dragon-scale Hound
7016132,of Lightning,,Great Lord of the Forest
7016141,of Lightning,,Brown Wyvern
7016142,of Lightning,,Young Monster Predator
7016151,of Lightning,,Horned Ape Alpha
7016152,of Lightning,,Black Predator
7016161,of Lightning,,Dragon-scale Hound
7016160,of Lightning,,Thunderbird
7017111,of Lightning,,Steel Bison
7017112,of Lightning,,Thorn Boar
7017121,of Lightning,,Gray Predator
7017122,of Lightning,,Sergal Berserker
7017131,of Lightning,,Dragon-scale Hound
7017132,of Lightning,,Great Lord of the Forest
7017141,of Lightning,,Brown Wyvern
7017142,of Lightning,,Young Monster Predator
7017151,of Lightning,,Horned Ape Alpha
7017152,of Lightning,,Black Predator
7017161,of Lightning,,Dragon-scale Hound
7017160,of Lightning,,Thunderbird
7018111,of Lightning,,Steel Bison
7018112,of Lightning,,Thorn Boar
7018121,of Lightning,,Gray Predator
7018122,of Lightning,,Sergal Berserker
7018131,of Lightning,,Dragon-scale Hound
7018132,of Lightning,,Great Lord of the Forest
7018141,of Lightning,,Brown Wyvern
7018142,of Lightning,,Young Monster Predator
7018151,of Lightning,,Horned Ape Alpha
7018152,of Lightning,,Black Predator
7018161,of Lightning,,Dragon-scale Hound
7018160,of Lightning,,Thunderbird
7010700,of Flame,,Kuduru Executioner
7010701,of Flame,,Kuduru Overseer
7010702,of Flame,,Large Kuduru Primalist
7010710,of Flame,,Black Predator
7010711,of Flame,,Large Kuduru Seeker
7010720,of Flame,,Giant Ancient Beast
7010721,of Flame,,Kuduru Executioner
7010730,of Flame,,Kuduru Seeker
7010731,of Flame,,Kuduru Executioner
7010740,of Flame,,Kuduru Executioner
7010741,of Flame,,Hulking Ironclad Bear
7010742,of Flame,,Large Kuduru Primalist
7010750,of Flame,,Kuduru Executioner
7010751,of Flame,,Kuduru Seeker
7010752,of Flame,,Kuduru Great Warrior
7011000,of Flame,,Kuduru Executioner
7011001,of Flame,,Kuduru Overseer
7011002,of Flame,,Large Kuduru Primalist
7011010,of Flame,,Black Predator
7011011,of Flame,,Large Kuduru Seeker
7011020,of Flame,,Giant Ancient Beast
7011021,of Flame,,Kuduru Executioner
7011030,of Flame,,Kuduru Seeker
7011031,of Flame,,Kuduru Executioner
7011040,of Flame,,Kuduru Executioner
7011041,of Flame,,Hulking Ironclad Bear
7011042,of Flame,,Large Kuduru Primalist
7011050,of Flame,,Kuduru Executioner
7011051,of Flame,,Kuduru Seeker
7011052,of Flame,,Kuduru Great Warrior
7011300,of Flame,,Kuduru Executioner
7011301,of Flame,,Kuduru Overseer
7011302,of Flame,,Large Kuduru Primalist
7011310,of Flame,,Black Predator
7011311,of Flame,,Large Kuduru Seeker
7011320,of Flame,,Giant Ancient Beast
7011321,of Flame,,Kuduru Executioner
7011330,of Flame,,Kuduru Seeker
7011331,of Flame,,Kuduru Executioner
7011340,of Flame,,Kuduru Executioner
7011341,of Flame,,Hulking Ironclad Bear
7011342,of Flame,,Large Kuduru Primalist
7011350,of Flame,,Kuduru Executioner
7011351,of Flame,,Kuduru Seeker
7011352,of Flame,,Kuduru Great Warrior
7011600,of Flame,,Kuduru Executioner
7011601,of Flame,,Kuduru Overseer
7011602,of Flame,,Large Kuduru Primalist
7011610,of Flame,,Black Predator
7011611,of Flame,,Large Kuduru Seeker
7011620,of Flame,,Giant Ancient Beast
7011621,of Flame,,Kuduru Executioner
7011630,of Flame,,Kuduru Seeker
7011631,of Flame,,Kuduru Executioner
7011640,of Flame,,Kuduru Executioner
7011641,of Flame,,Hulking Ironclad Bear
7011642,of Flame,,Large Kuduru Primalist
7011650,of Flame,,Kuduru Executioner
7011651,of Flame,,Kuduru Seeker
7011652,of Flame,,Kuduru Great Warrior
7010800,of Flame,,Kuduru Executioner
7010801,of Flame,,Kuduru Overseer
7010802,of Flame,,Large Kuduru Primalist
7010810,of Flame,,Black Predator
7010811,of Flame,,Large Kuduru Seeker
7010820,of Flame,,Giant Ancient Beast
7010821,of Flame,,Kuduru Executioner
7010830,of Flame,,Kuduru Seeker
7010831,of Flame,,Kuduru Executioner
7010840,of Flame,,Kuduru Executioner
7010841,of Flame,,Hulking Ironclad Bear
7010842,of Flame,,Large Kuduru Primalist
7010850,of Flame,,Kuduru Executioner
7010851,of Flame,,Kuduru Seeker
7010852,of Flame,,Kuduru Great Warrior
7010900,of Flame,,Kuduru Executioner
7010901,of Flame,,Kuduru Overseer
7010902,of Flame,,Large Kuduru Primalist
7010910,of Flame,,Black Predator
7010911,of Flame,,Large Kuduru Seeker
7010920,of Flame,,Giant Ancient Beast
7010921,of Flame,,Kuduru Executioner
7010930,of Flame,,Kuduru Seeker
7010931,of Flame,,Kuduru Executioner
7010940,of Flame,,Kuduru Executioner
7010941,of Flame,,Hulking Ironclad Bear
7010942,of Flame,,Large Kuduru Primalist
7010950,of Flame,,Kuduru Executioner
7010951,of Flame,,Kuduru Seeker
7010952,of Flame,,Kuduru Great Warrior
7011100,of Flame,,Kuduru Executioner
7011101,of Flame,,Kuduru Overseer
7011102,of Flame,,Large Kuduru Primalist
7011110,of Flame,,Black Predator
7011111,of Flame,,Large Kuduru Seeker
7011120,of Flame,,Giant Ancient Beast
7011121,of Flame,,Kuduru Executioner
7011130,of Flame,,Kuduru Seeker
7011131,of Flame,,Kuduru Executioner
7011140,of Flame,,Kuduru Executioner
7011141,of Flame,,Hulking Ironclad Bear
7011142,of Flame,,Large Kuduru Primalist
7011150,of Flame,,Kuduru Executioner
7011151,of Flame,,Kuduru Seeker
7011152,of Flame,,Kuduru Great Warrior
7011200,of Flame,,Kuduru Executioner
7011201,of Flame,,Kuduru Overseer
7011202,of Flame,,Large Kuduru Primalist
7011210,of Flame,,Black Predator
7011211,of Flame,,Large Kuduru Seeker
7011220,of Flame,,Giant Ancient Beast
7011221,of Flame,,Kuduru Executioner
7011230,of Flame,,Kuduru Seeker
7011231,of Flame,,Kuduru Executioner
7011240,of Flame,,Kuduru Executioner
7011241,of Flame,,Hulking Ironclad Bear
7011242,of Flame,,Large Kuduru Primalist
7011250,of Flame,,Kuduru Executioner
7011251,of Flame,,Kuduru Seeker
7011252,of Flame,,Kuduru Great Warrior
7011400,of Flame,,Kuduru Executioner
7011401,of Flame,,Kuduru Overseer
7011402,of Flame,,Large Kuduru Primalist
7011410,of Flame,,Black Predator
7011411,of Flame,,Large Kuduru Seeker
7011420,of Flame,,Giant Ancient Beast
7011421,of Flame,,Kuduru Executioner
7011430,of Flame,,Kuduru Seeker
7011431,of Flame,,Kuduru Executioner
7011440,of Flame,,Kuduru Executioner
7011441,of Flame,,Hulking Ironclad Bear
7011442,of Flame,,Large Kuduru Primalist
7011450,of Flame,,Kuduru Executioner
7011451,of Flame,,Kuduru Seeker
7011452,of Flame,,Kuduru Great Warrior
7011500,of Flame,,Kuduru Executioner
7011501,of Flame,,Kuduru Overseer
7011502,of Flame,,Large Kuduru Primalist
7011510,of Flame,,Black Predator
7011511,of Flame,,Large Kuduru Seeker
7011520,of Flame,,Giant Ancient Beast
7011521,of Flame,,Kuduru Executioner
7011530,of Flame,,Kuduru Seeker
7011531,of Flame,,Kuduru Executioner
7011540,of Flame,,Kuduru Executioner
7011541,of Flame,,Hulking Ironclad Bear
7011542,of Flame,,Large Kuduru Primalist
7011550,of Flame,,Kuduru Executioner
7011551,of Flame,,Kuduru Seeker
7011552,of Flame,,Kuduru Great Warrior
7011700,of Flame,,Kuduru Executioner
7011701,of Flame,,Kuduru Overseer
7011702,of Flame,,Large Kuduru Primalist
7011710,of Flame,,Black Predator
7011711,of Flame,,Large Kuduru Seeker
7011720,of Flame,,Giant Ancient Beast
7011721,of Flame,,Kuduru Executioner
7011730,of Flame,,Kuduru Seeker
7011731,of Flame,,Kuduru Executioner
7011740,of Flame,,Kuduru Executioner
7011741,of Flame,,Hulking Ironclad Bear
7011742,of Flame,,Large Kuduru Primalist
7011750,of Flame,,Kuduru Executioner
7011751,of Flame,,Kuduru Seeker
7011752,of Flame,,Kuduru Great Warrior
7011800,of Flame,,Kuduru Executioner
7011801,of Flame,,Kuduru Overseer
7011802,of Flame,,Large Kuduru Primalist
7011810,of Flame,,Black Predator
7011811,of Flame,,Large Kuduru Seeker
7011820,of Flame,,Giant Ancient Beast
7011821,of Flame,,Kuduru Executioner
7011830,of Flame,,Kuduru Seeker
7011831,of Flame,,Kuduru Executioner
7011840,of Flame,,Kuduru Executioner
7011841,of Flame,,Hulking Ironclad Bear
7011842,of Flame,,Large Kuduru Primalist
7011850,of Flame,,Kuduru Executioner
7011851,of Flame,,Kuduru Seeker
7011852,of Flame,,Kuduru Great Warrior
7013211,of Flame,,Kuduru Executioner
7013212,of Flame,,Kuduru Overseer
7013213,of Flame,,Large Kuduru Primalist
7013221,of Flame,,Black Predator
7013222,of Flame,,Large Kuduru Seeker
7013231,of Flame,,Giant Ancient Beast
7013232,of Flame,,Kuduru Executioner
7013241,of Flame,,Kuduru Seeker
7013242,of Flame,,Kuduru Executioner
7013251,of Flame,,Kuduru Executioner
7013252,of Flame,,Hulking Ironclad Bear
7013253,of Flame,,Large Kuduru Primalist
7013261,of Flame,,Kuduru Executioner
7013262,of Flame,,Kuduru Seeker
7013260,of Flame,,Kuduru Great Warrior
7014211,of Flame,,Kuduru Executioner
7014212,of Flame,,Kuduru Overseer
7014213,of Flame,,Large Kuduru Primalist
7014221,of Flame,,Black Predator
7014222,of Flame,,Large Kuduru Seeker
7014231,of Flame,,Giant Ancient Beast
7014232,of Flame,,Kuduru Executioner
7014241,of Flame,,Kuduru Seeker
7014242,of Flame,,Kuduru Executioner
7014251,of Flame,,Kuduru Executioner
7014252,of Flame,,Hulking Ironclad Bear
7014253,of Flame,,Large Kuduru Primalist
7014261,of Flame,,Kuduru Executioner
7014262,of Flame,,Kuduru Seeker
7014260,of Flame,,Kuduru Great Warrior
7015211,of Flame,,Kuduru Executioner
7015212,of Flame,,Kuduru Overseer
7015213,of Flame,,Large Kuduru Primalist
7015221,of Flame,,Black Predator
7015222,of Flame,,Large Kuduru Seeker
7015231,of Flame,,Giant Ancient Beast
7015232,of Flame,,Kuduru Executioner
7015241,of Flame,,Kuduru Seeker
7015242,of Flame,,Kuduru Executioner
7015251,of Flame,,Kuduru Executioner
7015252,of Flame,,Hulking Ironclad Bear
7015253,of Flame,,Large Kuduru Primalist
7015261,of Flame,,Kuduru Executioner
7015262,of Flame,,Kuduru Seeker
7015260,of Flame,,Kuduru Great Warrior
7016211,of Flame,,Kuduru Executioner
7016212,of Flame,,Kuduru Overseer
7016213,of Flame,,Large Kuduru Primalist
7016221,of Flame,,Black Predator
7016222,of Flame,,Large Kuduru Seeker
7016231,of Flame,,Giant Ancient Beast
7016232,of Flame,,Kuduru Executioner
7016241,of Flame,,Kuduru Seeker
7016242,of Flame,,Kuduru Executioner
7016251,of Flame,,Kuduru Executioner
7016252,of Flame,,Hulking Ironclad Bear
7016253,of Flame,,Large Kuduru Primalist
7016261,of Flame,,Kuduru Executioner
7016262,of Flame,,Kuduru Seeker
7016260,of Flame,,Kuduru Great Warrior
7017211,of Flame,,Kuduru Executioner
7017212,of Flame,,Kuduru Overseer
7017213,of Flame,,Large Kuduru Primalist
7017221,of Flame,,Black Predator
7017222,of Flame,,Large Kuduru Seeker
7017231,of Flame,,Giant Ancient Beast
7017232,of Flame,,Kuduru Executioner
7017241,of Flame,,Kuduru Seeker
7017242,of Flame,,Kuduru Executioner
7017251,of Flame,,Kuduru Executioner
7017252,of Flame,,Hulking Ironclad Bear
7017253,of Flame,,Large Kuduru Primalist
7017261,of Flame,,Kuduru Executioner
7017262,of Flame,,Kuduru Seeker
7017260,of Flame,,Kuduru Great Warrior
7018211,of Flame,,Kuduru Executioner
7018212,of Flame,,Kuduru Overseer
7018213,of Flame,,Large Kuduru Primalist
7018221,of Flame,,Black Predator
7018222,of Flame,,Large Kuduru Seeker
7018231,of Flame,,Giant Ancient Beast
7018232,of Flame,,Kuduru Executioner
7018241,of Flame,,Kuduru Seeker
7018242,of Flame,,Kuduru Executioner
7018251,of Flame,,Kuduru Executioner
7018252,of Flame,,Hulking Ironclad Bear
7018253,of Flame,,Large Kuduru Primalist
7018261,of Flame,,Kuduru Executioner
7018262,of Flame,,Kuduru Seeker
7018260,of Flame,,Kuduru Great Warrior
7011900,,,Mindless Giant
7011901,,,Mindless Giant
7011902,,,Mindless Giant
7011903,,,Aberrant Giant
7011910,,,Mindless Giant
7011911,,,Mindless Giant
7011912,,,Mindless Giant
7011913,,,Aberrant Giant
7011920,,,Mindless Giant
7011921,,,Mindless Giant
7011922,,,Mindless Giant
7011923,,,Aberrant Giant
7011930,,,Mindless Giant
7011931,,,Mindless Giant
7011932,,,Mindless Giant
7011933,,,Aberrant Giant
7011940,,,Mindless Giant
7011941,,,Mindless Giant
7011942,,,Mindless Giant
7011943,,,Aberrant Giant
7011950,,,Mindless Giant
7011951,,,Mindless Giant
7011952,,,Mindless Giant
7011953,,,Aberrant Giant
7011960,,,Mindless Giant
7011961,,,Mindless Giant
7011962,,,Mindless Giant
7011963,,,Aberrant Giant
7011970,,,Mindless Giant
7011971,,,Mindless Giant
7011972,,,Mindless Giant
7011973,,,Aberrant Giant
7011980,,,Mindless Giant
7011981,,,Mindless Giant
7011982,,,Mindless Giant
7011983,,,Aberrant Giant
7011990,,,Mindless Giant
7011991,,,Mindless Giant
7011992,,,Mindless Giant
7011993,,,Aberrant Giant
7012000,,,Mindless Giant
7012001,,,Mindless Giant
7012002,,,Mindless Giant
7012003,,,Aberrant Giant
7012010,,,Mindless Giant
7012011,,,Mindless Giant
7012012,,,Mindless Giant
7012013,,,Aberrant Giant
8000101,1-Star Tesseract,,Black Predator
8000201,1-Star Tesseract,,Sandmaw
8000301,1-Star Tesseract,,Wyrmfish
8000401,1-Star Tesseract,,Thunderbird
8000501,1-Star Tesseract,,Small Kuduru Watcher
8000601,1-Star Tesseract,,Small Spike Bat
8000701,1-Star Tesseract,,Large Garon
8000801,1-Star Tesseract,,Galarusia
8000901,1-Star Tesseract,,Sergal
8030101,3-Star Tesseract,,Large Helm Snake
8030102,3-Star Tesseract,,Large Kuduru Watcher
8030103,3-Star Tesseract,,Large Kuduru Great Warrior
8030104,3-Star Tesseract,,Large Kuduru Sorcerer
8030105,3★ Tesseract Rare,,Large Kuduru Guard
8030106,3-Star Tesseract,,Large Kuduru Warrior
8030107,3-Star Tesseract,,Sandmaw
8030108,3-Star Tesseract,,Large Shadok
8030109,3-Star Tesseract,,Blue Wild Rappie chefe
8030110,3★ Tesseract Rare,,Large Steel Bison
8030111,3-Star Tesseract,,Large Steel Ant Worker
8030112,3-Star Tesseract,,Elite Steel Ant Soldier
8030113,3-Star Tesseract,,Elite Vampire Wasp Soldier
8030114,3-Star Tesseract,,Vampire Wasp Supreme General
8030115,3★ Tesseract Rare,,Ironshell Toad
8030116,3-Star Tesseract,,Abyssal Abaru Hunter
8030117,3-Star Tesseract,,Naruru Elite Soldier
8030118,3-Star Tesseract,,Giant Ancient Beast
8030119,3-Star Tesseract,,Monstrous Wyrmfish
8030120,3★ Tesseract Rare,,Giant Blue Wyvern
8030121,3-Star Tesseract,,Garnemed
8030122,3-Star Tesseract,,Giant Thunderbird
8030123,3-Star Tesseract,,Giant Thunderbird
8030124,3-Star Tesseract,,Sergal Berserker
8030125,3★ Tesseract Rare,,Large Thorn Boar
8030126,3-Star Tesseract,,Large Aksharon
8030127,3-Star Tesseract,,Large Garon
8030128,3-Star Tesseract,,Large Moskaron
8030129,3-Star Tesseract,,Large Akshion
8030130,3★ Tesseract Rare,,Large Imugi
8030131,3-Star Tesseract,,King Spike Bat
8030132,3-Star Tesseract,,Large Black Predator
8030133,3-Star Tesseract,,King Anteater
8030134,3-Star Tesseract,,Large Mergad
8030135,3★ Tesseract Rare,,Large Wild Predator
8030136,3-Star Tesseract,,Large Man-eating Predator
8030137,3-Star Tesseract,,Small Shadok
8030138,3-Star Tesseract,,Hulking Ironclad Bear
8030139,3-Star Tesseract,,Hulking Ironjaw Bear
8030140,3★ Tesseract Rare,,Hulking Stonefist Bear
8030141,3-Star Tesseract,,Hulking Steelclaw Bear
8030142,3-Star Tesseract,,Ancient Tree Giant
8030143,3-Star Tesseract,,Large Black Predator
8030201,3-Star Tesseract,,Small Helm Snake
8030202,3-Star Tesseract,,Small Kuduru Watcher
8030203,3-Star Tesseract,,Small Kuduru Great Warrior
8030204,3-Star Tesseract,,Small Kuduru Sorcerer
8030205,3★ Tesseract Rare,,Small Kuduru Guard
8030206,3-Star Tesseract,,Small Kuduru Warrior
8030207,3-Star Tesseract,,Young Sand Maw
8030208,3-Star Tesseract,,Small Shadok
8030209,3-Star Tesseract,,Young Blue Wild Rappie
8030210,3★ Tesseract Rare,,Young Steel Bison
8030211,3-Star Tesseract,,Small Steel Ant Worker
8030212,3-Star Tesseract,,Lesser Steel Ant Soldier
8030213,3-Star Tesseract,,Lesser Vampire Wasp Soldier
8030214,3-Star Tesseract,,Vampire Wasp Squad Leader
8030215,3★ Tesseract Rare,,Armored Toad
8030216,3-Star Tesseract,,Small Abaru Hunter
8030217,3-Star Tesseract,,Small Naruru Soldier
8030218,3-Star Tesseract,,Small Ancient Beast
8030219,3-Star Tesseract,,Young Wyrmfish
8030220,3★ Tesseract Rare,,Young Blue Wyvern
8030221,3-Star Tesseract,,Small Nemed
8030222,3-Star Tesseract,,Young Thunderbird
8030223,3-Star Tesseract,,Young Thunderbird
8030224,3-Star Tesseract,,Small Sergal
8030225,3★ Tesseract Rare,,Young Spiked Boar
8030226,3-Star Tesseract,,Small Aksharon
8030227,3-Star Tesseract,,Small Garon
8030228,3-Star Tesseract,,Small Moskaron
8030229,3-Star Tesseract,,Small Akshion
8030230,3★ Tesseract Rare,,Small Imugi
8030231,3-Star Tesseract,,Small Spike Bat
8030232,3-Star Tesseract,,Young Black Predator
8030233,3-Star Tesseract,,Anteaters
8030234,3-Star Tesseract,,Small Mergad
8030235,3★ Tesseract Rare,,Young Wild Predator
8030236,3-Star Tesseract,,Small Man-eating Predator
8030237,3-Star Tesseract,,Large Shadok
8030238,3-Star Tesseract,,Young Ironclad Bear
8030239,3-Star Tesseract,,Young Ironjaw Bear
8030240,3★ Tesseract Rare,,Young Stonefist Bear
8030241,3-Star Tesseract,,Young Steelclaw Bear
8030242,3-Star Tesseract,,Verdant Giant
8030243,3-Star Tesseract,,Young Black Predator
8040101,4-Star Tesseract,,Thunderbird
8040102,4-Star Tesseract,,Tagar
8040103,4-Star Tesseract,,Titan
8040104,4-Star Tesseract,,King Anteater
8040105,4★ Tesseract Rare,,Galarusia
8040106,4-Star Tesseract,,Shagan
8040107,4-Star Tesseract,,Behemoth
8040108,4-Star Tesseract,,Small Mergad
8040109,4-Star Tesseract,,Small Mergad
8040110,4★ Tesseract Rare,,Shahgal
8040201,4-Star Tesseract,,Young Spiked Boar
8040202,4-Star Tesseract,,Small Kuduru Warrior
8040203,4-Star Tesseract,,Small Shadok
8040204,4-Star Tesseract,,Small Steel Ant Worker
8040205,4★ Tesseract Rare,,Lesser Vampire Wasp Soldier
8040206,4-Star Tesseract,,Young Gore Predator
8040207,4-Star Tesseract,,Young Wyrmfish
8040208,4-Star Tesseract,,Small Aksharon
8040209,4-Star Tesseract,,Small Mergad
8040210,4★ Tesseract Rare,,Verdant Giant
8010101,Pilgrim's Path,,Large Thorn Boar
8010102,Mirage Gorge,,Great Golden-Maned Bison
8010103,Gale Ravine,,Kuduru Great Warrior
8010104,Ancient Ruins Diggings,,Giant Thunderbird
8010105,Golem's Tomb,,Giant Blue Wyvern
8010106,Predator's Hunting Ground,,King Spike Bat
8010107,White-Bone Expanse,,Great Sandmaw
8010108,Valley of Beasts,,King Anteater
8010109,Gorge of Perdition,,Kuduru Sorcerer
8010110,Taima Oasis,,Giant Ancient Beast
8010111,Crimson Shimmer Wastes,,Great Lord of the Forest
8010201,Wide Riverbank,,Large Thorn Boar
8010202,Sunrise Slope,,Great Golden-Maned Bison
8010203,Tenebrous Hollow,,Kuduru Great Warrior
8010204,Brume-Veiled Meadow,,Giant Thunderbird
8010205,Beast Corral,,Giant Blue Wyvern
8010206,Kuduru's Domain,,King Spike Bat
8010207,Garden of Twilight,,Great Sandmaw
8010208,Woodland of Elder Gods,,King Anteater
8010209,Nameless Heights,,Kuduru Sorcerer
8010301,Halcyon-Hush Woods,,Large Thorn Boar
8010302,Hesperia Farm (South),,Great Golden-Maned Bison
8010303,Hesperia Farm (North),,Kuduru Great Warrior
8010304,Ember-Choke Grove,,Giant Thunderbird
8010305,Borderlands,,Giant Blue Wyvern
8010306,Adamant Ascent,,King Spike Bat
8010307,War Drum Ridge,,Great Sandmaw
8010308,Ironblood Brigade Hideout,,King Anteater
8010309,Hallowed Obsidian Mountain,,Kuduru Sorcerer
8010310,Whirlwind Heights,,Giant Ancient Beast
8010401,Hoarfrost Snowfield Entrance,,Large Thorn Boar
8010402,Geyser Field,,Great Golden-Maned Bison
8010403,Black Pillar Cliffs,,Kuduru Great Warrior
8010404,Gray Forest,,Giant Thunderbird
8010405,Astrid Rebel Stronghold,,Giant Blue Wyvern
8010406,Sere-Moss Heights,,King Spike Bat
8010407,Serpent's Path,,Great Sandmaw
8010408,White Stag's Cradle,,King Anteater
8010409,Hoarfrost Snowfield Crossroads,,Kuduru Sorcerer
8010410,Silver Shadow Temple,,Giant Ancient Beast
8020101,Whirlwind Gorge,,Large Thorn Boar
8020102,Valley of Oblivion,,Great Golden-Maned Bison
8020103,Arcal’s Territory,,Kuduru Great Warrior
8020104,Shrieking Vale,,Giant Thunderbird
8020105,Whirling Barrows,,Giant Blue Wyvern
8020106,Thunderbird's Nest,,King Spike Bat
8020107,Red Rock Garden,,Great Sandmaw
8020108,Gate of Lament,,King Anteater
8020109,Red Plains,,Kuduru Sorcerer
8020201,Forsaken Mine Entrance,,Large Thorn Boar
8020202,Forsaken Mine,,Great Golden-Maned Bison
8020203,Forsaken Mine Outreaches,,Kuduru Great Warrior
8020204,Ancient Imperial Institute Ruins,,Giant Thunderbird
8020205,Hallowed Mana-Sanctum,,Giant Blue Wyvern
8020206,The Savage Ravine,,King Spike Bat
8020207,Forest of Bellowing Dragons,,Great Sandmaw
8020208,Wyvern’s Nest,,King Anteater
8020301,Thunderfall Falls,,Large Thorn Boar
8020302,Waterfall Grotto,,Great Golden-Maned Bison
8020303,Shadow Coast,,Kuduru Great Warrior
8020304,Forgotten Ridges,,Giant Thunderbird
8020305,Ruins of the Forgotten Kingdom,,Giant Blue Wyvern
8020306,Ruins Outskirts,,King Spike Bat
8020307,Maelstrom Strand,,Great Sandmaw
8020308,Flay-Stone Reef,,King Anteater
8020401,Black Rock Plateau,,Large Thorn Boar
8020402,Giant's Refuge West,,Great Golden-Maned Bison
8020403,Giant's Refuge East,,Kuduru Great Warrior
8020404,Frozen Shore,,Giant Thunderbird
8020405,Shrill-Whistle Coast,,Giant Blue Wyvern
8020406,Blizzard's Breath Plain,,King Spike Bat
8020407,Whispering Wind Plain,,Great Sandmaw
8020408,End of the Forsaken Land,,King Anteater
8010155,,,
8010156,,,
8010157,,,
8010158,,,
8010159,,,
8010160,,,
8010161,,,
8010251,,,
8010252,,,
8010253,,,
8010254,,,
8010255,,,
8010256,,,
8010257,,,
8010258,,,
8010259,,,
8010351,,,
8010352,,,
8010353,,,
8010354,,,
8010355,,,
8010356,,,
8010357,,,
8010358,,,
8010359,,,
8010360,,,
8010451,,,
8010452,,,
8010453,,,
8010454,,,
8010455,,,
8010456,,,
8010457,,,
8010458,,,
8010459,,,
8010460,,,
8020151,,,
8020152,,,
8020153,,,
8020154,,,
8020155,,,
8020156,,,
8020157,,,
8020158,,,
8020159,,,
8020251,,,
8020252,,,
8020253,,,
8020254,,,
8020255,,,
8020256,,,
8020257,,,
8020258,,,
8020351,,,
8020352,,,
8020353,,,
8020354,,,
8020355,,,
8020356,,,
8020357,,,
8020358,,,
8020451,,,
8020452,,,
8020453,,,
8020454,,,
8020455,,,
8020456,,,
8020457,,,
8020458,,,
8110101,Pilgrim's Path,,Steel Bison
8110102,Pilgrim's Path,,Young Steel Bison
8110103,Pilgrim's Path,,Large Kuduru Guard
8110104,Pilgrim's Path,,Kuduru Watcher
8110201,Mirage Gorge,,Sandmaw
8110202,Mirage Gorge,,Armored Toad
8110203,Mirage Gorge,,Helm Snake
8110204,Mirage Gorge,,Lesser Steel Ant Soldier
8110301,Gale Ravine,,Kuduru Sorcerer
8110302,Gale Ravine,,Kuduru Warrior
8110303,Gale Ravine,,Standard Steel Ant Soldier
8110304,Gale Ravine,,Steel Ant Worker
8110401,Ancient Ruins Diggings,,Standard Steel Ant Soldier
8110402,Ancient Ruins Diggings,,Steel Ant Worker
8110501,Golem's Tomb,,Medium Sagnoran
8110502,Golem's Tomb,,Small Karus
8110601,Predator's Hunting Ground,,Shadow Wolf Archer
8110602,Predator's Hunting Ground,,Shadow Wolf Assassin
8110603,Predator's Hunting Ground,,Black Predator
8110604,Predator's Hunting Ground,,Young Black Predator
8110701,White-Bone Expanse,,Small Stonehide Beast
8110702,White-Bone Expanse,,Black Predator
8110703,White-Bone Expanse,,Sandmaw
8110704,White-Bone Expanse,,Small Helm Snake
8110801,Valley of Beasts,,Medium Amdur
8110802,Valley of Beasts,,Small Shadok
8110803,Valley of Beasts,,Nemed
8110804,Valley of Beasts,,Small Sagnoran
8110901,Gorge of Perdition,,Bladed Bat
8110902,Gorge of Perdition,,Young Black Predator
8110903,Gorge of Perdition,,Sandmaw
8110904,Gorge of Perdition,,Armored Toad
8111001,Taima Oasis,,Helm Snake
8111002,Taima Oasis,,Armored Toad
8111003,Taima Oasis,,Thunderbird
8111004,Taima Oasis,,Young Gray Primal Rappie
8111101,Crimson Shimmer Wastes,,Black Predator
8111102,Crimson Shimmer Wastes,,Young Black Predator
8111103,Crimson Shimmer Wastes,,Thorn Boar
8111104,Crimson Shimmer Wastes,,Young Spiked Boar
8111201,Whirlwind Gorge,,Black Predator
8111202,Whirlwind Gorge,,Young Black Predator
8111203,Whirlwind Gorge,,Sandmaw
8111204,Whirlwind Gorge,,Small Helm Snake
8111301,Valley of Oblivion,,Wyrmfish
8111302,Valley of Oblivion,,Armored Toad
8111303,Valley of Oblivion,,Standard Steel Ant Soldier
8111304,Valley of Oblivion,,Steel Ant Worker
8111401,Arcal’s Territory,,Stonehide Beast
8111402,Arcal’s Territory,,Young Black Predator
8111403,Arcal’s Territory,,Large Kuduru Warrior
8111404,Arcal’s Territory,,Kuduru Guard
8111501,Shrieking Vale,,Sandmaw
8111502,Shrieking Vale,,Armored Toad
8111503,Shrieking Vale,,Large Anteater
8111504,Shrieking Vale,,Small Helm Snake
8111601,Whirling Barrows,,Bladed Bat
8111602,Whirling Barrows,,Young Black Predator
8111603,Whirling Barrows,,Sandmaw
8111604,Whirling Barrows,,Young Sand Maw
8111701,Thunderbird's Nest,,Thunderbird
8111702,Thunderbird's Nest,,Young Gray Primal Rappie
8111703,Thunderbird's Nest,,Steel Bison
8111704,Thunderbird's Nest,,Young Steel Bison
8111801,Red Rock Garden,,Large Kuduru Great Warrior
8111802,Red Rock Garden,,Kuduru Guard
8111803,Red Rock Garden,,Standard Steel Ant Soldier
8111804,Red Rock Garden,,Steel Ant Worker
8111901,Gate of Lament,,Stonehide Beast
8111902,Gate of Lament,,Young Black Predator
8111903,Gate of Lament,,Spike Bat
8111904,Gate of Lament,,Young Gray Primal Rappie
8112001,Red Plains,,Sandmaw
8112002,Red Plains,,Young Sand Maw
8112003,Red Plains,,Large Anteater
8112004,Red Plains,,Small Helm Snake
8120101,Wide Riverbank,,Ironclad Turtle
8120102,Wide Riverbank,,Small Ironclad Turtle
8120103,Wide Riverbank,,Abaru Hero
8120104,Wide Riverbank,,Small Abaru Hunter
8120201,Sunrise Slope,,Horned Ox
8120202,Sunrise Slope,,Young Helm Ox
8120203,Sunrise Slope,,Spotted Bison
8120204,Sunrise Slope,,Young Battle Bison
8120301,Tenebrous Hollow,,Shadow Wolf Officer
8120302,Tenebrous Hollow,,Young Gray Primal Rappie
8120303,Tenebrous Hollow,,Shadow Wolf Squad Leader
8120304,Tenebrous Hollow,,Shadow Wolf Assassin
8120401,Brume-Veiled Meadow,,Striped Bison
8120402,Brume-Veiled Meadow,,Young Spotted Bison
8120403,Brume-Veiled Meadow,,Abaru Spearman
8120404,Brume-Veiled Meadow,,Small Abaru Hunter
8120501,Beast Corral,,Kuduru Great Warrior
8120502,Beast Corral,,Kuduru Destroyer
8120503,Beast Corral,,Red Primal Rappie
8120504,Beast Corral,,Young Gray Primal Rappie
8120601,Kuduru's Domain,,Kuduru Great Warrior
8120602,Kuduru's Domain,,Kuduru Destroyer
8120603,Kuduru's Domain,,Kuduru Sorcerer
8120604,Kuduru's Domain,,Kuduru Guard
8120701,Garden of Twilight,,Standard Steel Ant Soldier
8120702,Garden of Twilight,,Steel Ant Worker
8120703,Garden of Twilight,,Tree Giant
8120704,Garden of Twilight,,Lesser Vampire Wasp Soldier
8120801,Woodland of Elder Gods,,Vampire Wasp General
8120802,Woodland of Elder Gods,,Lesser Vampire Wasp Soldier
8120803,Woodland of Elder Gods,,Ironclad Turtle
8120804,Woodland of Elder Gods,,Armored Toad
8120901,Nameless Heights,,Paradise Advent Order Lesser Purifier
8120902,Nameless Heights,,Young Corpse Predator
8120903,Nameless Heights,,Paradise Advent Lesser Overseer
8120904,Nameless Heights,,Paradise Advent Order Lesser Guard
8121001,Forsaken Mine Entrance,,Shadow Wolf Officer
8121002,Forsaken Mine Entrance,,Shadow Wolf Squad Leader
8121003,Forsaken Mine Entrance,,Red Primal Rappie
8121004,Forsaken Mine Entrance,,Young Gray Primal Rappie
8121101,Forsaken Mine,,Large Kuduru Great Warrior
8121102,Forsaken Mine,,Kuduru Guard
8121103,Forsaken Mine,,Kuduru Sorcerer
8121104,Forsaken Mine,,Kuduru Destroyer
8121201,Forsaken Mine Outreaches,,Nemed
8121202,Forsaken Mine Outreaches,,Small Sagnoran
8121203,Forsaken Mine Outreaches,,Medium Nabaruk
8121204,Forsaken Mine Outreaches,,Small Brangiur
8121301,Ancient Imperial Institute Ruins,,Medium Jigur
8121302,Ancient Imperial Institute Ruins,,Small Mukarok
8121303,Ancient Imperial Institute Ruins,,Abaru Hero
8121304,Ancient Imperial Institute Ruins,,Small Abaru Hunter
8121401,Hallowed Mana-Sanctum,,Thunderbird
8121402,Hallowed Mana-Sanctum,,Young Gray Primal Rappie
8121403,Hallowed Mana-Sanctum,,Plague Wasp General
8121404,Hallowed Mana-Sanctum,,Lesser Plague Wasp Soldier
8121501,The Savage Ravine,,Abaru Spearman
8121502,The Savage Ravine,,Small Abaru Hunter
8121503,The Savage Ravine,,Ironclad Turtle
8121504,The Savage Ravine,,Small Ironclad Turtle
8121601,Forest of Bellowing Dragons,,Horned Ape Alpha
8121602,Forest of Bellowing Dragons,,Thorn Boar
8121603,Forest of Bellowing Dragons,,Standard Steel Ant Soldier
8121604,Forest of Bellowing Dragons,,Steel Ant Worker
8121701,Wyvern’s Nest,,Vampire Wasp General
8121702,Wyvern’s Nest,,Lesser Vampire Wasp Soldier
8121703,Wyvern’s Nest,,Tree Giant
8121704,Wyvern’s Nest,,Steel Ant Worker
8130101,Halcyon-Hush Woods,,Stoneshell Toad
8130102,Halcyon-Hush Woods,,Armored Toad
8130103,Halcyon-Hush Woods,,Medium Spore Crab
8130104,Halcyon-Hush Woods,,Lesser Vampire Wasp Soldier
8130201,Hesperia Farm (South),,Thunderbird
8130202,Hesperia Farm (South),,Young Gray Primal Rappie
8130203,Hesperia Farm (South),,Ironblood Brigade Spearman
8130204,Hesperia Farm (South),,Young Wild Predator
8130301,Hesperia Farm (North),,Wyrmfish
8130302,Hesperia Farm (North),,Armored Toad
8130303,Hesperia Farm (North),,Striped Bison
8130304,Hesperia Farm (North),,Young Battle Bison
8130401,Ember-Choke Grove,,Tree Giant
8130402,Ember-Choke Grove,,Parasite
8130403,Ember-Choke Grove,,Infected Ironclad Bear
8130404,Ember-Choke Grove,,Small Infected Predator
8130501,Borderlands,,Large Kiguru Scout
8130502,Borderlands,,Thorn Boar
8130503,Borderlands,,Large Kiguru Spearman
8130504,Borderlands,,Kiguru Spearman
8130601,Adamant Ascent,,Tree Giant
8130602,Adamant Ascent,,Withered Parasite
8130603,Adamant Ascent,,Medium Spore Crab
8130604,Adamant Ascent,,Lesser Vampire Wasp Soldier
8130701,War Drum Ridge,,Large Kiguru Warrior
8130702,War Drum Ridge,,Kiguru Spearman
8130703,War Drum Ridge,,Large Kiguru Scout
8130704,War Drum Ridge,,Young Gray Predator
8130801,Ironblood Brigade Hideout,,Ironblood Brigade Officer
8130802,Ironblood Brigade Hideout,,Small Man-eating Predator
8130803,Ironblood Brigade Hideout,,Ironblood Brigade Crossbowman
8130804,Ironblood Brigade Hideout,,Young Gray Primal Rappie
8130901,Hallowed Obsidian Mountain,,Large Kiguru Warrior
8130902,Hallowed Obsidian Mountain,,Young Spiked Boar
8130903,Hallowed Obsidian Mountain,,Large Kiguru Sorcerer
8130904,Hallowed Obsidian Mountain,,Kiguru Charger
8131001,Whirlwind Heights,,Red Primal Rappie
8131002,Whirlwind Heights,,Young Gray Primal Rappie
8131003,Whirlwind Heights,,Black Horned Ape Alpha
8131004,Whirlwind Heights,,Black Predator
8131101,Thunderfall Falls,,Thunderbird
8131102,Thunderfall Falls,,Young Thunderbird
8131103,Thunderfall Falls,,Ironclad Turtle
8131104,Thunderfall Falls,,Small Ironclad Turtle
8131201,Waterfall Grotto,,Bladed Bat
8131202,Waterfall Grotto,,Lesser Steel Ant Soldier
8131203,Waterfall Grotto,,Stoneshell Toad
8131204,Waterfall Grotto,,Armored Toad
8131301,Thunderfall Ridges,,Large Kiguru Warrior
8131302,Thunderfall Ridges,,Kiguru Spearman
8131303,Thunderfall Ridges,,Horned Ape
8131304,Thunderfall Ridges,,Small Man-eating Predator
8131401,Forgotten Ridges,,Striped Bison
8131402,Forgotten Ridges,,Young Battle Bison
8131403,Forgotten Ridges,,Stonefist Bear
8131404,Forgotten Ridges,,Young Stonefist Bear
8131501,Ruins of the Forgotten Kingdom,,Verdant Giant
8131502,Ruins of the Forgotten Kingdom,,Parasite
8131503,Ruins of the Forgotten Kingdom,,Infected Ironclad Bear
8131504,Ruins of the Forgotten Kingdom,,Small Infected Predator
8131601,Ruins Outskirts,,Ironblood Brigade Officer
8131602,Ruins Outskirts,,Ironblood Brigade Spearman
8131603,Ruins Outskirts,,Ironblood Brigade Crossbowman
8131604,Ruins Outskirts,,Ironblood Brigade Swordsman
8131701,Maelstrom Strand,,Ironclad Turtle
8131702,Maelstrom Strand,,Small Ironclad Turtle
8131703,Maelstrom Strand,,Abaru Hero
8131704,Maelstrom Strand,,Small Abaru Hunter
8131801,Flay-Stone Reef,,Medium Spore Crab
8131802,Flay-Stone Reef,,Vampire Wasp Squad Leader
8131803,Flay-Stone Reef,,Abaru Spearman
8131804,Flay-Stone Reef,,Small Abaru Hunter
8140101,Hoarfrost Snowfield Entrance,,Golden-Maned Bison
8140102,Hoarfrost Snowfield Entrance,,Young Black Bison
8140103,Hoarfrost Snowfield Entrance,,Ironjaw Bear
8140104,Hoarfrost Snowfield Entrance,,Gray Predator
8140201,Geyser Field,,Man-eating Horned Ape Alpha
8140202,Geyser Field,,Corpse Predator
8140203,Geyser Field,,Ironjaw Bear
8140204,Geyser Field,,Young Ironjaw Bear
8140301,Black Pillar Cliffs,,Kuduru Great Warrior
8140302,Black Pillar Cliffs,,Kuduru Guard
8140303,Black Pillar Cliffs,,Large Kuduru Fighter
8140304,Black Pillar Cliffs,,Young Corpse Predator
8140401,Gray Forest,,Rebel Sniper
8140402,Gray Forest,,Rebel Breacher
8140403,Gray Forest,,Large Kuduru Fighter
8140404,Gray Forest,,Kuduru Guard
8140501,Astrid Rebel Stronghold,,Rebel Raider
8140502,Astrid Rebel Stronghold,,Rebel Swordsman
8140503,Astrid Rebel Stronghold,,Ironjaw Bear
8140504,Astrid Rebel Stronghold,,Rebel Soldier
8140601,Sere-Moss Heights,,Maned Bison
8140602,Sere-Moss Heights,,Young Black Bison
8140603,Sere-Moss Heights,,Medium Brangiur
8140604,Sere-Moss Heights,,Medium Nabaruk
8140701,Serpent's Path,,Sergal
8140702,Serpent's Path,,Gray Predator
8140703,Serpent's Path,,Clawed Bat
8140704,Serpent's Path,,Young Dragon-scale Hound
8140801,White Stag's Cradle,,Lord of the Forest
8140802,White Stag's Cradle,,Standard Moth Witch
8140803,White Stag's Cradle,,Sergal
8140804,White Stag's Cradle,,Thorn Boar
8140901,Hoarfrost Snowfield Crossroads,,Paradise Advent Order Lesser Purifier
8140902,Hoarfrost Snowfield Crossroads,,Young Dragon-scale Hound
8140903,Hoarfrost Snowfield Crossroads,,Large Dragon-scale Hound
8140904,Hoarfrost Snowfield Crossroads,,Paradise Advent Order Lesser Guard
8141001,Silver Shadow Temple,,Large Monster Predator
8141002,Silver Shadow Temple,,Paradise Advent Order Lesser Judge
8141003,Silver Shadow Temple,,Paradise Advent Order Lesser Guard
8141004,Silver Shadow Temple,,Paradise Advent Order Intermediate Follower
8141101,Black Rock Plateau,,Ancient Beast
8141102,Black Rock Plateau,,Young Black Predator
8141103,Black Rock Plateau,,Ironjaw Bear
8141104,Black Rock Plateau,,Young Ironjaw Bear
8141201,Giant's Refuge,,Rebel Soldier
8141202,Giant's Refuge,,Rebel Breacher
8141203,Giant's Refuge,,Dragon-scale Hound
8141204,Giant's Refuge,,Young Dragon-scale Hound
8141301,Giant's Refuge 2,,Rebel Breacher
8141302,Giant's Refuge 2,,Rebel Spearman
8141303,Giant's Refuge 2,,Man-eating Horned Ape
8141304,Giant's Refuge 2,,Young Gray Predator
8141401,Frozen Shore,,Carapace Beast
8141402,Frozen Shore,,Young Spiked Boar
8141403,Frozen Shore,,Stonefist Bear
8141404,Frozen Shore,,Young Stonefist Bear
8141501,Shrill-Whistle Coast,,Standard Moth Witch
8141502,Shrill-Whistle Coast,,Young Dragon-scale Hound
8141503,Shrill-Whistle Coast,,Clawed Bat
8141504,Shrill-Whistle Coast,,Small Talon Bat
8141601,Blizzard's Breath Plain,,Lord of the Forest
8141602,Blizzard's Breath Plain,,Small Lord of the Forest
8141603,Blizzard's Breath Plain,,Carapace Beast
8141604,Blizzard's Breath Plain,,Young Spiked Boar
8141701,Whispering Wind Plain,,Standard Moth Witch
8141702,Whispering Wind Plain,,Young Dragon-scale Hound
8141703,Whispering Wind Plain,,Blade Helm Snake
8141704,Whispering Wind Plain,,Small Blade Helm Snake
8141801,End of the Forsaken Land,,Blue Wyvern
8141802,End of the Forsaken Land,,Young Blue Wyvern
8141803,End of the Forsaken Land,,Sergal
8141804,End of the Forsaken Land,,Young Gray Predator
9000101,,,Lv. 1 Large Thorn Boar
9000102,,,Lv. 2 Great Golden-Maned Bison
9000103,,,Lv. 3 Sahar-Unugar
9000104,,,Lv. 4 Kubaba
9000105,,,Lv. 5 Gishkal
9000106,,,Lv. 6 Karugura
9000107,,,Lv. 7 Shagriga
9000108,,,Lv. 8 Ereshianna
9000109,,,Lv. 9 Giant Red Wyvern
9000110,,,Lv. 10 Drugamu
9000111,,,Lv. 11 Great Lord of the Forest
9000112,,,Lv. 12 Tagar
9000113,,,Lv. 13 Daidalkur
9000114,,,Lv. 14 Mahashkud
9000115,,,Lv. 25 Halpasiam
9000116,,,Lv. 16 Saurgir
9000117,,,Lv. 17 Galarusia
9000118,,,Lv. 18 Gigaz
9000119,,,Lv. 19 Urukkur
9000120,,,Lv. 30 Arcanon
9000121,,,Lv. 21 Giant Elk
9000122,,,Lv. 22 Aluk
9000123,,,Lv. 23 Kakazu
9000124,,,Lv. 24 Lugaz
9000125,,,Lv. 15 Agarash
9000126,,,Lv. 26 Mushugal
9000127,,,Lv. 27 Kirjur
9000128,,,Lv. 28 Gnumar
9000129,,,Lv. 29 Tilaga
9000130,,,Lv. 35 Agarash the Desolator
9000131,,,Lv. 31 Kuduru Great Warrior
9000132,,,Lv. 32 Shagan
9000133,,,Lv. 33 Damuradid
9000134,,,Lv. 34 Kiri
9000135,,,Lv. 20 Shahgal
9000136,,,Lv. 36 Jabarashu
9000137,,,Lv. 37 Kalla
9000138,,,Lv. 38 Zahar-Ashi
9000139,,,Lv. 39 Sukuru
9000140,,,Lv. 40 Shahgal the Desolator
9000141,,,Lv. 41 Kuduru Sorcerer
9000142,,,Lv. 42 Nergar
9000143,,,Lv. 43 Urmash
9000144,,,Lv. 44 Imdugur
9000145,,,Lv. 50 Behemoth
9000146,,,Lv. 46 Nimgal
9000147,,,Lv. 47 Udugal
9000148,,,Lv. 48 Averus
9000149,,,Lv. 49 Akarakatum
9000150,,,Lv. 45 Dariente
4091111,,,Guardian of the Ruins
4091121,,,Chrono Warper
4091122,,,Chrono Warper
4091123,,,Chrono Warper
4091124,,,Chrono Warper
4091211,,,Guardian of the Ruins
4091221,,,Chrono Warper
4091222,,,Chrono Warper
4091223,,,Chrono Warper
4091224,,,Chrono Warper
4091311,,,Guardian of the Ruins
4091321,,,Chrono Warper
4091322,,,Chrono Warper
4091323,,,Chrono Warper
4091324,,,Chrono Warper
2901001,Ancient Beast,,Behemoth
2901011,Black Reaper,,Karugura
2901021,Viscera Harvester,,Shagriga
2901031,Iron Queen,,Ereshianna
2901032,,,Small Steel Ant Worker
2901033,,,Standard Steel Ant Soldier
2901041,Sand King,,Saharnugal
2902001,King of Greed,,Shahgal
2902002,,,Shahgal Stem
2902003,,,
2902004,King of Greed,,Desolator Shahgal
2902005,,,Shahgal the Desolator's Vine
2902006,,,
2902011,Red Mane,,Tagar
2902021,Ashen Butcher,,Daidalkur
2902031,Blue Lightning,,Saurgir
2902041,Blood Queen,,Galarusia
2902042,,,Lesser Vampire Wasp Soldier
2902043,,,Intermediate Vampire Wasp Soldier
2903001,Wings of Ruin,,Agarash
2903002,Wings of Ruin,,Agarash the Desolator
2903011,Infected Beast King,,Gigaz
2903012,,,Withered Parasite
2903021,Storm Spear,,Urukkur
2903031,Sun Devourer,,Aluk
2903041,Dark Fang,,Kakazu
2903051,Dancing Death,,Lugaz
2904001,Immortal Winter Lord,,Dariente
2904002,,,Frost Crystal
2904003,,,
2904004,,,
2904011,The Fallen,,Mushugal
2904021,Landslide,,Kirjur
2904031,Corrupt Tyrant,,Gnumar
2904032,,,Small Spore Crab
2904033,,,Medium Spore Crab
2904034,,,Large Spore Crab
2904041,Wings of Death,,Tilaga
2904051,Avatar of Wind,,Shagan
2905011,Crimson Stalker,,Damuradid
2905021,Twilight Hunter,,Nurbahar
1010101,Pilgrim's Path,,Steel Bison
1010102,Pilgrim's Path,,Young Steel Bison
1010103,Pilgrim's Path,,Large Kuduru Guard
1010104,Pilgrim's Path,,Kuduru Watcher
1010201,Mirage Gorge,,Sandmaw
1010202,Mirage Gorge,,Armored Toad
1010203,Mirage Gorge,,Helm Snake
1010204,Mirage Gorge,,Lesser Steel Ant Soldier
1010301,Gale Ravine,,Kuduru Sorcerer
1010302,Gale Ravine,,Kuduru Warrior
1010303,Gale Ravine,,Standard Steel Ant Soldier
1010304,Gale Ravine,,Steel Ant Worker
1010401,Ancient Ruins Diggings,,Standard Steel Ant Soldier
1010402,Ancient Ruins Diggings,,Steel Ant Worker
1010501,Golem's Tomb,,Medium Sagnoran
1010502,Golem's Tomb,,Small Karus
1010601,Predator's Hunting Ground,,Shadow Wolf Archer
1010602,Predator's Hunting Ground,,Shadow Wolf Assassin
1010603,Predator's Hunting Ground,,Black Predator
1010604,Predator's Hunting Ground,,Young Black Predator
1010701,White-Bone Expanse,,Small Stonehide Beast
1010702,White-Bone Expanse,,Black Predator
1010703,White-Bone Expanse,,Sandmaw
1010704,White-Bone Expanse,,Small Helm Snake
1010801,Valley of Beasts,,Medium Amdur
1010802,Valley of Beasts,,Small Shadok
1010803,Valley of Beasts,,Nemed
1010804,Valley of Beasts,,Small Sagnoran
1010901,Gorge of Perdition,,Bladed Bat
1010902,Gorge of Perdition,,Young Black Predator
1010903,Gorge of Perdition,,Sandmaw
1010904,Gorge of Perdition,,Armored Toad
1011001,Taima Oasis,,Helm Snake
1011002,Taima Oasis,,Armored Toad
1011003,Taima Oasis,,Thunderbird
1011004,Taima Oasis,,Young Gray Primal Rappie
1011101,Crimson Shimmer Wastes,,Black Predator
1011102,Crimson Shimmer Wastes,,Young Black Predator
1011103,Crimson Shimmer Wastes,,Thorn Boar
1011104,Crimson Shimmer Wastes,,Young Spiked Boar
1011201,Whirlwind Gorge,,Black Predator
1011202,Whirlwind Gorge,,Young Black Predator
1011203,Whirlwind Gorge,,Sandmaw
1011204,Whirlwind Gorge,,Small Helm Snake
1011301,Valley of Oblivion,,Wyrmfish
1011302,Valley of Oblivion,,Armored Toad
1011303,Valley of Oblivion,,Standard Steel Ant Soldier
1011304,Valley of Oblivion,,Steel Ant Worker
1011401,Arcal’s Territory,,Stonehide Beast
1011402,Arcal’s Territory,,Young Black Predator
1011403,Arcal’s Territory,,Large Kuduru Warrior
1011404,Arcal’s Territory,,Kuduru Guard
1011501,Shrieking Vale,,Sandmaw
1011502,Shrieking Vale,,Armored Toad
1011503,Shrieking Vale,,Large Anteater
1011504,Shrieking Vale,,Small Helm Snake
1011601,Whirling Barrows,,Bladed Bat
1011602,Whirling Barrows,,Young Black Predator
1011603,Whirling Barrows,,Sandmaw
1011604,Whirling Barrows,,Young Sand Maw
1011701,Thunderbird's Nest,,Thunderbird
1011702,Thunderbird's Nest,,Young Gray Primal Rappie
1011703,Thunderbird's Nest,,Steel Bison
1011704,Thunderbird's Nest,,Young Steel Bison
1011801,Red Rock Garden,,Large Kuduru Great Warrior
1011802,Red Rock Garden,,Kuduru Guard
1011803,Red Rock Garden,,Standard Steel Ant Soldier
1011804,Red Rock Garden,,Steel Ant Worker
1011901,Gate of Lament,,Stonehide Beast
1011902,Gate of Lament,,Young Black Predator
1011903,Gate of Lament,,Spike Bat
1011904,Gate of Lament,,Young Gray Primal Rappie
1012001,Red Plains,,Sandmaw
1012002,Red Plains,,Young Sand Maw
1012003,Red Plains,,Large Anteater
1012004,Red Plains,,Small Helm Snake
1019021,Treasure-guarding,,Sandmaw
1019031,Treasure-guarding,,Medium Sagnoran
1019032,Treasure-guarding,,Small Karus
1019041,Treasure-guarding,,Giant Stonehide Beast
1019042,Treasure-guarding,,Black Predator
1019051,Treasure-guarding,,Steeleater
1019101,,,Explosive Barrel
1019102,,,
1020101,Wide Riverbank,,Ironclad Turtle
1020102,Wide Riverbank,,Small Ironclad Turtle
1020103,Wide Riverbank,,Abaru Hero
1020104,Wide Riverbank,,Small Abaru Hunter
1020201,Sunrise Slope,,Horned Ox
1020202,Sunrise Slope,,Young Helm Ox
1020203,Sunrise Slope,,Spotted Bison
1020204,Sunrise Slope,,Young Battle Bison
1020301,Tenebrous Hollow,,Shadow Wolf Officer
1020302,Tenebrous Hollow,,Young Gray Primal Rappie
1020303,Tenebrous Hollow,,Shadow Wolf Squad Leader
1020304,Tenebrous Hollow,,Shadow Wolf Assassin
1020401,Brume-Veiled Meadow,,Striped Bison
1020402,Brume-Veiled Meadow,,Young Spotted Bison
1020403,Brume-Veiled Meadow,,Abaru Spearman
1020404,Brume-Veiled Meadow,,Small Abaru Hunter
1020501,Beast Corral,,Kuduru Great Warrior
1020502,Beast Corral,,Kuduru Destroyer
1020503,Beast Corral,,Red Primal Rappie
1020504,Beast Corral,,Young Gray Primal Rappie
1020601,Kuduru's Domain,,Kuduru Great Warrior
1020602,Kuduru's Domain,,Kuduru Destroyer
1020603,Kuduru's Domain,,Kuduru Sorcerer
1020604,Kuduru's Domain,,Kuduru Guard
1020701,Garden of Twilight,,Standard Steel Ant Soldier
1020702,Garden of Twilight,,Steel Ant Worker
1020703,Garden of Twilight,,Tree Giant
1020704,Garden of Twilight,,Lesser Vampire Wasp Soldier
1020801,Woodland of Elder Gods,,Vampire Wasp General
1020802,Woodland of Elder Gods,,Lesser Vampire Wasp Soldier
1020803,Woodland of Elder Gods,,Ironclad Turtle
1020804,Woodland of Elder Gods,,Armored Toad
1020901,Nameless Heights,,Paradise Advent Order Lesser Purifier
1020902,Nameless Heights,,Young Corpse Predator
1020903,Nameless Heights,,Paradise Advent Lesser Overseer
1020904,Nameless Heights,,Paradise Advent Order Lesser Guard
1021001,Forsaken Mine Entrance,,Shadow Wolf Officer
1021002,Forsaken Mine Entrance,,Shadow Wolf Squad Leader
1021003,Forsaken Mine Entrance,,Red Primal Rappie
1021004,Forsaken Mine Entrance,,Young Gray Primal Rappie
1021101,Forsaken Mine,,Large Kuduru Great Warrior
1021102,Forsaken Mine,,Kuduru Guard
1021103,Forsaken Mine,,Kuduru Sorcerer
1021104,Forsaken Mine,,Kuduru Destroyer
1021201,Forsaken Mine Outreaches,,Nemed
1021202,Forsaken Mine Outreaches,,Small Sagnoran
1021203,Forsaken Mine Outreaches,,Medium Nabaruk
1021204,Forsaken Mine Outreaches,,Small Brangiur
1021301,Ancient Imperial Institute Ruins,,Medium Jigur
1021302,Ancient Imperial Institute Ruins,,Small Mukarok
1021303,Ancient Imperial Institute Ruins,,Abaru Hero
1021304,Ancient Imperial Institute Ruins,,Small Abaru Hunter
1021401,Hallowed Mana-Sanctum,,Thunderbird
1021402,Hallowed Mana-Sanctum,,Young Gray Primal Rappie
1021403,Hallowed Mana-Sanctum,,Plague Wasp General
1021404,Hallowed Mana-Sanctum,,Lesser Plague Wasp Soldier
1021501,The Savage Ravine,,Abaru Spearman
1021502,The Savage Ravine,,Small Abaru Hunter
1021503,The Savage Ravine,,Ironclad Turtle
1021504,The Savage Ravine,,Small Ironclad Turtle
1021601,Forest of Bellowing Dragons,,Horned Ape Alpha
1021602,Forest of Bellowing Dragons,,Thorn Boar
1021603,Forest of Bellowing Dragons,,Standard Steel Ant Soldier
1021604,Forest of Bellowing Dragons,,Steel Ant Worker
1021701,Wyvern’s Nest,,Vampire Wasp General
1021702,Wyvern’s Nest,,Lesser Vampire Wasp Soldier
1021703,Wyvern’s Nest,,Tree Giant
1021704,Wyvern’s Nest,,Steel Ant Worker
1029011,Treasure-guarding,,Abaru Spearman
1029012,Treasure-guarding,,Small Abaru Hunter
1029031,Treasure-guarding,,Golden-Maned Bison
1030101,Halcyon-Hush Woods,,Stoneshell Toad
1030102,Halcyon-Hush Woods,,Armored Toad
1030103,Halcyon-Hush Woods,,Medium Spore Crab
1030104,Halcyon-Hush Woods,,Lesser Vampire Wasp Soldier
1030201,Hesperia Farm (South),,Thunderbird
1030202,Hesperia Farm (South),,Young Gray Primal Rappie
1030203,Hesperia Farm (South),,Ironblood Brigade Spearman
1030204,Hesperia Farm (South),,Young Wild Predator
1030301,Hesperia Farm (North),,Wyrmfish
1030302,Hesperia Farm (North),,Armored Toad
1030303,Hesperia Farm (North),,Striped Bison
1030304,Hesperia Farm (North),,Young Battle Bison
1030401,Ember-Choke Grove,,Tree Giant
1030402,Ember-Choke Grove,,Parasite
1030403,Ember-Choke Grove,,Infected Ironclad Bear
1030404,Ember-Choke Grove,,Small Infected Predator
1030501,Borderlands,,Large Kiguru Scout
1030502,Borderlands,,Thorn Boar
1030503,Borderlands,,Large Kiguru Spearman
1030504,Borderlands,,Kiguru Spearman
1030601,Adamant Ascent,,Tree Giant
1030602,Adamant Ascent,,Withered Parasite
1030603,Adamant Ascent,,Medium Spore Crab
1030604,Adamant Ascent,,Lesser Vampire Wasp Soldier
1030701,War Drum Ridge,,Large Kiguru Warrior
1030702,War Drum Ridge,,Kiguru Spearman
1030703,War Drum Ridge,,Large Kiguru Scout
1030704,War Drum Ridge,,Young Gray Predator
1030801,Ironblood Brigade Hideout,,Ironblood Brigade Officer
1030802,Ironblood Brigade Hideout,,Small Man-eating Predator
1030803,Ironblood Brigade Hideout,,Ironblood Brigade Crossbowman
1030804,Ironblood Brigade Hideout,,Young Gray Primal Rappie
1030901,Hallowed Obsidian Mountain,,Large Kiguru Warrior
1030902,Hallowed Obsidian Mountain,,Young Spiked Boar
1030903,Hallowed Obsidian Mountain,,Large Kiguru Sorcerer
1030904,Hallowed Obsidian Mountain,,Kiguru Charger
1031001,Whirlwind Heights,,Red Primal Rappie
1031002,Whirlwind Heights,,Young Gray Primal Rappie
1031003,Whirlwind Heights,,Black Horned Ape Alpha
1031004,Whirlwind Heights,,Black Predator
1031101,Thunderfall Falls,,Thunderbird
1031102,Thunderfall Falls,,Young Thunderbird
1031103,Thunderfall Falls,,Ironclad Turtle
1031104,Thunderfall Falls,,Small Ironclad Turtle
1031201,Waterfall Grotto,,Bladed Bat
1031202,Waterfall Grotto,,Lesser Steel Ant Soldier
1031203,Waterfall Grotto,,Stoneshell Toad
1031204,Waterfall Grotto,,Armored Toad
1031301,Thunderfall Ridges,,Large Kiguru Warrior
1031302,Thunderfall Ridges,,Kiguru Spearman
1031303,Thunderfall Ridges,,Horned Ape
1031304,Thunderfall Ridges,,Small Man-eating Predator
1031401,Forgotten Ridges,,Striped Bison
1031402,Forgotten Ridges,,Young Battle Bison
1031403,Forgotten Ridges,,Stonefist Bear
1031404,Forgotten Ridges,,Young Stonefist Bear
1031501,Ruins of the Forgotten Kingdom,,Verdant Giant
1031502,Ruins of the Forgotten Kingdom,,Parasite
1031503,Ruins of the Forgotten Kingdom,,Infected Ironclad Bear
1031504,Ruins of the Forgotten Kingdom,,Small Infected Predator
1031601,Ruins Outskirts,,Ironblood Brigade Officer
1031602,Ruins Outskirts,,Ironblood Brigade Spearman
1031603,Ruins Outskirts,,Ironblood Brigade Crossbowman
1031604,Ruins Outskirts,,Ironblood Brigade Swordsman
1031701,Maelstrom Strand,,Ironclad Turtle
1031702,Maelstrom Strand,,Small Ironclad Turtle
1031703,Maelstrom Strand,,Abaru Hero
1031704,Maelstrom Strand,,Small Abaru Hunter
1031801,Flay-Stone Reef,,Medium Spore Crab
1031802,Flay-Stone Reef,,Vampire Wasp Squad Leader
1031803,Flay-Stone Reef,,Abaru Spearman
1031804,Flay-Stone Reef,,Small Abaru Hunter
1039011,Treasure-guarding,,Ironshell Toad
1039012,Treasure-guarding,,Stoneshell Toad
1039021,Treasure-guarding,,Thorn Boar
1039041,Treasure-guarding,,Large Kiguru Warrior
1039042,Treasure-guarding,,Large Kiguru Sorcerer
1039051,Treasure-guarding,,Large Spore Crab
1039052,Treasure-guarding,,Lesser Vampire Wasp Soldier
1040101,Hoarfrost Snowfield Entrance,,Golden-Maned Bison
1040102,Hoarfrost Snowfield Entrance,,Young Black Bison
1040103,Hoarfrost Snowfield Entrance,,Ironjaw Bear
1040104,Hoarfrost Snowfield Entrance,,Gray Predator
1040201,Geyser Field,,Man-eating Horned Ape Alpha
1040202,Geyser Field,,Corpse Predator
1040203,Geyser Field,,Ironjaw Bear
1040204,Geyser Field,,Young Ironjaw Bear
1040301,Black Pillar Cliffs,,Kuduru Great Warrior
1040302,Black Pillar Cliffs,,Kuduru Guard
1040303,Black Pillar Cliffs,,Large Kuduru Fighter
1040304,Black Pillar Cliffs,,Young Corpse Predator
1040401,Gray Forest,,Rebel Sniper
1040402,Gray Forest,,Rebel Breacher
1040403,Gray Forest,,Large Kuduru Fighter
1040404,Gray Forest,,Kuduru Guard
1040501,Astrid Rebel Stronghold,,Rebel Raider
1040502,Astrid Rebel Stronghold,,Rebel Swordsman
1040503,Astrid Rebel Stronghold,,Ironjaw Bear
1040504,Astrid Rebel Stronghold,,Rebel Soldier
1040601,Sere-Moss Heights,,Maned Bison
1040602,Sere-Moss Heights,,Young Black Bison
1040603,Sere-Moss Heights,,Medium Brangiur
1040604,Sere-Moss Heights,,Medium Nabaruk
1040701,Serpent's Path,,Sergal
1040702,Serpent's Path,,Gray Predator
1040703,Serpent's Path,,Clawed Bat
1040704,Serpent's Path,,Young Dragon-scale Hound
1040801,White Stag's Cradle,,Lord of the Forest
1040802,White Stag's Cradle,,Standard Moth Witch
1040803,White Stag's Cradle,,Sergal
1040804,White Stag's Cradle,,Thorn Boar
1040901,Hoarfrost Snowfield Crossroads,,Paradise Advent Order Lesser Purifier
1040902,Hoarfrost Snowfield Crossroads,,Young Dragon-scale Hound
1040903,Hoarfrost Snowfield Crossroads,,Large Dragon-scale Hound
1040904,Hoarfrost Snowfield Crossroads,,Paradise Advent Order Lesser Guard
1041001,Silver Shadow Temple,,Large Monster Predator
1041002,Silver Shadow Temple,,Paradise Advent Order Lesser Judge
1041003,Silver Shadow Temple,,Paradise Advent Order Lesser Guard
1041004,Silver Shadow Temple,,Paradise Advent Order Intermediate Follower
1041101,Black Rock Plateau,,Ancient Beast
1041102,Black Rock Plateau,,Young Black Predator
1041103,Black Rock Plateau,,Ironjaw Bear
1041104,Black Rock Plateau,,Young Ironjaw Bear
1041201,Giant's Refuge West,,Rebel Soldier
1041202,Giant's Refuge West,,Rebel Breacher
1041203,Giant's Refuge West,,Dragon-scale Hound
1041204,Giant's Refuge West,,Young Dragon-scale Hound
1041301,Giant's Refuge East,,Rebel Breacher
1041302,Giant's Refuge East,,Rebel Spearman
1041303,Giant's Refuge East,,Man-eating Horned Ape
1041304,Giant's Refuge East,,Young Gray Predator
1041401,Frozen Shore,,Carapace Beast
1041402,Frozen Shore,,Young Spiked Boar
1041403,Frozen Shore,,Stonefist Bear
1041404,Frozen Shore,,Young Stonefist Bear
1041501,Shrill-Whistle Coast,,Standard Moth Witch
1041502,Shrill-Whistle Coast,,Young Dragon-scale Hound
1041503,Shrill-Whistle Coast,,Clawed Bat
1041504,Shrill-Whistle Coast,,Small Talon Bat
1041601,Blizzard's Breath Plain,,Lord of the Forest
1041602,Blizzard's Breath Plain,,Small Lord of the Forest
1041603,Blizzard's Breath Plain,,Carapace Beast
1041604,Blizzard's Breath Plain,,Young Spiked Boar
1041701,Whispering Wind Plain,,Standard Moth Witch
1041702,Whispering Wind Plain,,Young Dragon-scale Hound
1041703,Whispering Wind Plain,,Blade Helm Snake
1041704,Whispering Wind Plain,,Small Blade Helm Snake
1041801,End of the Forsaken Land,,Blue Wyvern
1041802,End of the Forsaken Land,,Young Blue Wyvern
1041803,End of the Forsaken Land,,Sergal
1041804,End of the Forsaken Land,,Young Gray Predator
1049011,Treasure-guarding,,Large Kuduru Great Warrior
1049012,Treasure-guarding,,Large Kuduru Fighter
1049013,Treasure-guarding,,Kuduru Guard
1049014,Treasure-guarding,,Kuduru Warrior
1049021,Treasure-guarding,,Gray Predator
1049022,Treasure-guarding,,Large Kuduru Guard
1049023,Treasure-guarding,,Kuduru Fighter
1049041,Treasure-guarding,,Carapace Beast
1050101,Dragon's Breath,,Ancient Giant
1050102,Dragon's Breath,,Small Nabaruk
1050103,Dragon's Breath,,Cockatrice
1050104,Dragon's Breath,,Small Cockatrice
1050201,Ascent,,Red Wolf
1050202,Ascent,,Small Red Wolf
1050203,Ascent,,Ironhorn Ape
1050204,Ascent,,Young Wild Predator
1050301,Tranquil Field,,Red Centipede
1050302,Tranquil Field,,Small Red Centipede
1050303,Tranquil Field,,Red Wyrm Mantis
1050304,Tranquil Field,,Lesser Steel Ant Soldier
1050401,Low Wind,,Red Reindeer
1050402,Low Wind,,Small Cockatrice
1050403,Low Wind,,Red Primal Rappie
1050404,Low Wind,,Young Gray Primal Rappie
1050501,Demonic Beast's Mane,,Gem Toad
1050502,Demonic Beast's Mane,,Small Gem Toad
1050503,Demonic Beast's Mane,,Ironhorn Ape
1050504,Demonic Beast's Mane,,Young Wild Predator
1050601,Devouring Cliff,,Ancient Giant
1050602,Devouring Cliff,,Small Nabaruk
1050603,Devouring Cliff,,Red Centipede
1050604,Devouring Cliff,,Small Red Centipede
1050701,Plain of Two Steps,,White Tiger
1050702,Plain of Two Steps,,Small White Tiger
1050703,Plain of Two Steps,,Stoneclad Tortoise
1050704,Plain of Two Steps,,Small Ironclad Turtle
1050801,Hunter's Platform,,Red Wolf
1050802,Hunter's Platform,,Small Red Wolf
1050803,Hunter's Platform,,Small Rock Draco Lizard
1050804,Hunter's Platform,,Young Spiked Boar
1050901,Dredged Shore,,Ironclad Turtle
1050902,Dredged Shore,,Small Ironclad Turtle
1050903,Dredged Shore,,Stoneclad Tortoise
1050904,Dredged Shore,,Armored Poison Toad
1051001,Broken Keel,,Small Draco Lizard
1051002,Broken Keel,,Small White Tiger
1051003,Broken Keel,,Ancient Giant
1051004,Broken Keel,,Small Nabaruk
1051101,Dragon's Maw,,Stoneclad Tortoise
1051102,Dragon's Maw,,Muzuru Warrior
1051103,Dragon's Maw,,Small Rock Draco Lizard
1051104,Dragon's Maw,,Muzuru Hunter
1051201,Vile Dragon's Lair,,Muzuru Warrior
1051202,Vile Dragon's Lair,,Muzuru Hunter
1051203,Vile Dragon's Lair,,Stoneclad Tortoise
1051204,Vile Dragon's Lair,,Armored Poison Toad
1051301,Three-Way Exit,,Small Draco Lizard
1051302,Three-Way Exit,,Small Red Wolf
1051303,Three-Way Exit,,Gem Toad
1051304,Three-Way Exit,,Small Gem Toad
1051401,Sunrise Shade,,Small Deepwood Treant
1051402,Sunrise Shade,,Small Black Wyrm Mantis
1051403,Sunrise Shade,,Deepwood Ancient Warrior
1051404,Sunrise Shade,,Deepwood Ancient Spearman
1051501,Twilight Forest,,Moss Gorilla
1051502,Twilight Forest,,Young Wild Predator
1051503,Twilight Forest,,Deepwood Ancient Warrior
1051504,Twilight Forest,,Deepwood Ancient Archer
1051601,Red Veil Valley,,Small Deepwood Treant
1051602,Red Veil Valley,,Small Gem Toad
1051603,Red Veil Valley,,Red Reindeer
1051604,Red Veil Valley,,Small Red Reindeer
1051701,Encampment Entrance,,Moss Gorilla
1051702,Encampment Entrance,,Young Dragon-scale Hound
1051703,Encampment Entrance,,Stonefist Bear
1051704,Encampment Entrance,,Small Red Wolf
1051801,Eye of the Forest,,Deepwood Ancient Warrior
1051802,Eye of the Forest,,Deepwood Ancient Spearman
1051803,Eye of the Forest,,Small Deepwood Treant
1051804,Eye of the Forest,,Small Red Wyrm Mantis
1051901,Holy Water Springs,,Forest Horseshoe Crab
1051902,Holy Water Springs,,Lesser Vampire Wasp Soldier
1051903,Holy Water Springs,,Forest Bigfoot
1051904,Holy Water Springs,,Young Gray Primal Rappie
1052001,Explorer's Corridor,,Forest Leopard
1052002,Explorer's Corridor,,Small Forest Leopard
1052003,Explorer's Corridor,,Moss Gorilla
1052004,Explorer's Corridor,,Young Forest Boar
1052101,Bedrock Falls,,Forest Weasel
1052102,Bedrock Falls,,Small Forest Weasel
1052103,Bedrock Falls,,Forest Horseshoe Crab
1052104,Bedrock Falls,,Armored Toad
1052201,Lake of Spirits,,Majestic Wyvern
1052202,Lake of Spirits,,Small Forest Leopard
1052203,Lake of Spirits,,Forest Boar
1052204,Lake of Spirits,,Small Forest Weasel
1052301,Sunlight Rapids,,Forest Bigfoot
1052302,Sunlight Rapids,,Small Red Reindeer
1052303,Sunlight Rapids,,Moss Gorilla
1052304,Sunlight Rapids,,Young Forest Boar
1052401,Ancient Fall Site,,Forest Leopard
1052402,Ancient Fall Site,,Small Forest Leopard
1052403,Ancient Fall Site,,Small Deepwood Treant
1052404,Ancient Fall Site,,Armored Poison Toad
1052501,Adventurer's Recollection,,Ancient Giant
1052502,Adventurer's Recollection,,Small Jigur
1052503,Adventurer's Recollection,,Forest Bigfoot
1052504,Adventurer's Recollection,,Young Forest Boar
1052601,Tracker's Soar,,Nemed
1052602,Tracker's Soar,,Small Aksharon
1052603,Tracker's Soar,,Jabum
1052604,Tracker's Soar,,Small Kurgis
1052701,Hermit's Spine,,Nemed
1052702,Hermit's Spine,,Small Aksharon
1052703,Hermit's Spine,,Jabum
1052704,Hermit's Spine,,Small Kurgis
1052801,Roseplume Plain,,Nemed
1052802,Roseplume Plain,,Small Aksharon
1052803,Roseplume Plain,,Jabum
1052804,Roseplume Plain,,Small Kurgis
1052901,Dreamlake,,Nemed
1052902,Dreamlake,,Small Aksharon
1052903,Dreamlake,,Jabum
1052904,Dreamlake,,Small Kurgis
1053001,Runaway's Crag,,Nemed
1053002,Runaway's Crag,,Small Aksharon
1053003,Runaway's Crag,,Jabum
1053004,Runaway's Crag,,Small Kurgis
1053101,Wretched End,,Nemed
1053102,Wretched End,,Small Aksharon
1053103,Wretched End,,Jabum
1053104,Wretched End,,Small Kurgis
1053201,Tenebrous Hollow,,Nemed
1053202,Tenebrous Hollow,,Small Aksharon
1053203,Tenebrous Hollow,,Jabum
1053204,Tenebrous Hollow,,Small Kurgis
1053301,Tracker's Watchtower,,Nemed
1053302,Tracker's Watchtower,,Small Aksharon
1053303,Tracker's Watchtower,,Jabum
1053304,Tracker's Watchtower,,Small Kurgis
1053401,Byway,,Nemed
1053402,Byway,,Small Aksharon
1053403,Byway,,Jabum
1053404,Byway,,Small Kurgis
1053501,The Witherlands,,Nemed
1053502,The Witherlands,,Small Aksharon
1053503,The Witherlands,,Jabum
1053504,The Witherlands,,Small Kurgis
1053601,Mistfall Lake,,Nemed
1053602,Mistfall Lake,,Small Aksharon
1053603,Mistfall Lake,,Jabum
1053604,Mistfall Lake,,Small Kurgis
1053701,Penitent's Courtyard,,Nemed
1053702,Penitent's Courtyard,,Small Aksharon
1053703,Penitent's Courtyard,,Jabum
1053704,Penitent's Courtyard,,Small Kurgis
1053801,Undone's Anchor,,Nemed
1053802,Undone's Anchor,,Small Aksharon
1053803,Undone's Anchor,,Jabum
1053804,Undone's Anchor,,Small Kurgis
1053901,Petitioner's Bough,,Nemed
1053902,Petitioner's Bough,,Small Aksharon
1053903,Petitioner's Bough,,Jabum
1053904,Petitioner's Bough,,Small Kurgis
1054001,Raven Beak,,Nemed
1054002,Raven Beak,,Small Aksharon
1054003,Raven Beak,,Jabum
1054004,Raven Beak,,Small Kurgis
1054101,Sorrow's Manor,,Nemed
1054102,Sorrow's Manor,,Small Aksharon
1054103,Sorrow's Manor,,Jabum
1054104,Sorrow's Manor,,Small Kurgis
1059021,Treasure-guarding,,Large Ironclad Turtle
1059022,Treasure-guarding,,Armored Toad
1059023,Treasure-guarding,,Small Spore Crab
1059031,Treasure-guarding,,Great Lord of the Forest
2010001,Lava Fist,,Gishkal
2010101,Lava Fist,,1F Guardian Golem
2011101,The Tranquil Garth 1,,Large Kackak
2011102,The Tranquil Garth 1,,Small Karus
2011103,The Tranquil Garth 1,,Medium Urmak
2011201,The Tranquil Garth 2,,Large Kackak
2011202,The Tranquil Garth 2,,Igidum
2011203,The Tranquil Garth 2,,Small Shadok
2011301,The Tranquil Garth 3,,Large Kackak
2011302,The Tranquil Garth 3,,Small Akshion
2011303,The Tranquil Garth 3,,Khabur
2011401,The Tranquil Garth 4,,Large Akra
2011402,The Tranquil Garth 4,,Khabur
2011403,The Tranquil Garth 4,,Nagir
2011501,The Tranquil Garth 5,,Large Akra
2011502,The Tranquil Garth 5,,Zaytalen
2011503,The Tranquil Garth 5,,Small Shagusan
2011601,The Tranquil Garth 6,,Large Akra
2011602,The Tranquil Garth 6,,Lunartorun
2011603,The Tranquil Garth 6,,Lunarkaku
2012101,Bridge of Ordeals 1,,Medium Hallahim
2012102,Bridge of Ordeals 1,,Jabum
2012103,Bridge of Ordeals 1,,Small Sabor
2012201,Bridge of Ordeals 2,,Medium Hallahim
2012202,Bridge of Ordeals 2,,Small Amaroos
2012203,Bridge of Ordeals 2,,Khabur
2012301,Bridge of Ordeals 3,,Medium Hallahim
2012302,Bridge of Ordeals 3,,Nemed
2012303,Bridge of Ordeals 3,,Medium Urmak
2012401,Bridge of Ordeals 4,,Large Ashi
2012402,Bridge of Ordeals 4,,Lunir
2012403,Bridge of Ordeals 4,,Medium Gigazoran
2012501,Bridge of Ordeals 5,,Large Ashi
2012502,Bridge of Ordeals 5,,Zaytalen
2012503,Bridge of Ordeals 5,,Small Sabor
2013101,Banquet Hall of Silence 1,,Medium Mugen
2013102,Banquet Hall of Silence 1,,Bartorun
2013103,Banquet Hall of Silence 1,,Medium Gigsak
2013201,Banquet Hall of Silence 2,,Medium Mugen
2013202,Banquet Hall of Silence 2,,Lunir
2013203,Banquet Hall of Silence 2,,Small Kurgis
2013301,Banquet Hall of Silence 3,,Medium Mugen
2013302,Banquet Hall of Silence 3,,Erin
2013303,Banquet Hall of Silence 3,,Small Brangiur
2013401,Banquet Hall of Silence 4,,Medium Mugen
2013402,Banquet Hall of Silence 4,,Nemed
2013403,Banquet Hall of Silence 4,,Small Varshus
2013501,Banquet Hall of Silence 5,,Medium Mugen
2013502,Banquet Hall of Silence 5,,Medium Gigsak
2013503,Banquet Hall of Silence 5,,Varkaku
2010011,Guardian's Cradle,,Medium Shadok
2011111,The Tranquil Garth 1,,Large Kackak
2011211,The Tranquil Garth 2,,Large Kackak
2011311,The Tranquil Garth 3,,Large Kackak
2011411,The Tranquil Garth 4,,Large Kackak
2011511,The Tranquil Garth 5,,Large Kackak
2011611,The Tranquil Garth 6,,Large Kackak
2012111,Bridge of Ordeals 1,,Large Kackak
2012211,Bridge of Ordeals 2,,Large Kackak
2012311,Bridge of Ordeals 3,,Large Kackak
2012411,Bridge of Ordeals 4,,Large Kackak
2012511,Bridge of Ordeals 5,,Large Kackak
2013111,Banquet Hall of Silence 1,,Large Kackak
2013211,Banquet Hall of Silence 2,,Large Kackak
2013311,Banquet Hall of Silence 3,,Large Kackak
2013411,Banquet Hall of Silence 4,,Large Kackak
2013511,Banquet Hall of Silence 5,,Large Kackak
2020001,Ice Blade,,Halpasiam
2020101,Ice Blade,,2F Guardian Golem
2021101,Garden of Beasts 1,,Tree Giant
2021102,Garden of Beasts 1,,Small Mukarok
2021103,Garden of Beasts 1,,Small Jigur
2021201,Garden of Beasts 2,,Tree Giant
2021202,Garden of Beasts 2,,Man-eating Predator
2021203,Garden of Beasts 2,,Small Sabor
2021301,Garden of Beasts 3,,Kuduru Warchief
2021302,Garden of Beasts 3,,Kuduru Executioner
2021303,Garden of Beasts 3,,Young Dragon-scale Hound
2021401,Garden of Beasts 4,,Vagarkaku
2021402,Garden of Beasts 4,,Small Urmak
2021403,Garden of Beasts 4,,Khabur
2021501,Garden of Beasts 5,,Large Kuduru Executioner
2021502,Garden of Beasts 5,,Kuduru Overseer
2021503,Garden of Beasts 5,,Young Spiked Boar
2021601,Garden of Beasts 6,,Tree Giant
2021602,Garden of Beasts 6,,Small Kravorus
2021603,Garden of Beasts 6,,Small Shagusan
2022101,Staircase of Sighs 1,,Kiguru Master Warrior
2022102,Staircase of Sighs 1,,Young Gray Primal Rappie
2022103,Staircase of Sighs 1,,Young Gore Predator
2022201,Staircase of Sighs 2,,Large Kiguru Master Scout
2022202,Staircase of Sighs 2,,Kiguru Master Spearman
2022203,Staircase of Sighs 2,,Young Maned Bison
2022301,Staircase of Sighs 3,,Small Shugal
2022302,Staircase of Sighs 3,,Kiguru Master Charger
2022303,Staircase of Sighs 3,,Young Dragon-scale Hound
2022401,Staircase of Sighs 4,,Bagartorun
2022402,Staircase of Sighs 4,,Igidum
2022403,Staircase of Sighs 4,,Nagir
2022501,Staircase of Sighs 5,,Small Shugal
2022502,Staircase of Sighs 5,,Man-eating Horned Ape
2022503,Staircase of Sighs 5,,Young Wild Predator
2023101,Judgment Plaza 1,,Large Mugen
2023102,Judgment Plaza 1,,Medium Kackak
2023103,Judgment Plaza 1,,Medium Akra
2023201,Judgment Plaza 2,,Large Mugen
2023202,Judgment Plaza 2,,Ironclad Turtle
2023203,Judgment Plaza 2,,Armored Toad
2023301,Judgment Plaza 3,,Garnir
2023302,Judgment Plaza 3,,Small Black Wyrm Mantis
2023303,Judgment Plaza 3,,Lesser Plague Wasp Soldier
2023401,Judgment Plaza 4,,Garnir
2023402,Judgment Plaza 4,,Standard Moth Witch
2023403,Judgment Plaza 4,,Small Infected Predator
2023501,Judgment Plaza 5,,Garnir
2023502,Judgment Plaza 5,,Small Kravorus
2023503,Judgment Plaza 5,,Small Shagusan
2020011,Guardian's Cradle,,Medium Shadok
2021111,Garden of Beasts 1,,Large Kackak
2021211,Garden of Beasts 2,,Large Kackak
2021311,Garden of Beasts 3,,Large Kackak
2021411,Garden of Beasts 4,,Large Kackak
2021511,Garden of Beasts 5,,Large Kackak
2021611,Garden of Beasts 6,,Large Kackak
2022111,Altar of Lament 1,,Large Kackak
2022211,Altar of Lament 2,,Large Kackak
2022311,Altar of Lament 3,,Large Kackak
2022411,Altar of Lament 4,,Large Kackak
2022511,Altar of Lament 5,,Large Kackak
2023111,Judgment Plaza 1,,Large Kackak
2023211,Judgment Plaza 2,,Large Kackak
2023311,Judgment Plaza 3,,Large Kackak
2023411,Judgment Plaza 4,,Large Kackak
2023511,Judgment Plaza 5,,Large Kackak
2030001,Thundergon,,Drugamu
2030101,Thundergon,,3F Guardian Golem
2031101,Forest of Torment 1,,Small Shugal
2031102,Forest of Torment 1,,Young Spiked Boar
2031103,Forest of Torment 1,,Young Spotted Bison
2031201,Forest of Torment 2,,Withered Parasite
2031202,Forest of Torment 2,,Small Jigur
2031203,Forest of Torment 2,,Small Mukarok
2031301,Forest of Torment 3,,Bagartorun
2031302,Forest of Torment 3,,Small Man-eating Predator
2031303,Forest of Torment 3,,Young Gray Primal Rappie
2031401,Forest of Torment 4,,Garpharum
2031402,Forest of Torment 4,,Small Infected Predator
2031403,Forest of Torment 4,,Young Striped Wild Rappie
2031501,Forest of Torment 5,,Cliff Golem
2031502,Forest of Torment 5,,Small Black Wyrm Mantis
2031503,Forest of Torment 5,,Small Shagusan
2031601,Forest of Torment 6,,Medium Sabor
2031602,Forest of Torment 6,,Young Stonefist Bear
2031603,Forest of Torment 6,,Small Moskaron
2032101,Lost Paradise 1,,Elite Khabur
2032102,Lost Paradise 1,,Kuduru Overseer
2032103,Lost Paradise 1,,Small Urmak
2032201,Lost Paradise 2,,Man-eating Horned Ape
2032202,Lost Paradise 2,,Kuduru Executioner
2032203,Lost Paradise 2,,Young Dragon-scale Hound
2032301,Lost Paradise 3,,Jabum
2032302,Lost Paradise 3,,Small Venomous Helm Snake
2032303,Lost Paradise 3,,Small Mukarok
2032401,Lost Paradise 4,,Egirerin
2032402,Lost Paradise 4,,Kiguru Master Scout
2032403,Lost Paradise 4,,Small Female Talon Bat
2032501,Lost Paradise 5,,Tree Giant
2032502,Lost Paradise 5,,Kiguru Master Spearman
2032503,Lost Paradise 5,,Kiguru Master Warrior
2033101,Desolate Sanctum 1,,Gargirtum
2033102,Desolate Sanctum 1,,Lunarkaku
2033103,Desolate Sanctum 1,,Small Varshus
2033201,Desolate Sanctum 2,,Abaru Tracker
2033202,Desolate Sanctum 2,,Small Jigur
2033203,Desolate Sanctum 2,,Zaitorun
2033301,Desolate Sanctum 3,,Zagartalen
2033302,Desolate Sanctum 3,,Small Sabor
2033303,Desolate Sanctum 3,,Abaru Charger
2033401,Desolate Sanctum 4,,Lord of the Forest
2033402,Desolate Sanctum 4,,Small Mukarok
2033403,Desolate Sanctum 4,,Pharum
2033501,Desolate Sanctum 5,,Gargirtum
2033502,Desolate Sanctum 5,,Small Amaroos
2033503,Desolate Sanctum 5,,Lesser Vampire Wasp Soldier
2030011,Guardian's Cradle,,Medium Shadok
2031111,Forest of Torment 1,,Large Kackak
2031211,Forest of Torment 2,,Large Kackak
2031311,Forest of Torment 3,,Large Kackak
2031411,Forest of Torment 4,,Large Kackak
2031511,Forest of Torment 5,,Large Kackak
2031611,Forest of Torment 6,,Large Kackak
2032111,Lost Paradise 1,,Large Kackak
2032211,Lost Paradise 2,,Large Kackak
2032311,Lost Paradise 3,,Large Kackak
2032411,Lost Paradise 4,,Large Kackak
2032511,Lost Paradise 5,,Large Kackak
2033111,Desolate Sanctum 1,,Large Kackak
2033211,Desolate Sanctum 2,,Large Kackak
2033311,Desolate Sanctum 3,,Large Kackak
2033411,Desolate Sanctum 4,,Large Kackak
2033511,Desolate Sanctum 5,,Large Kackak
2040001,Farseer,,Arcanon
2040101,Farseer,,4F Guardian Golem
2041101,Void Pond 1,,Rhino Buffalo
2041102,Void Pond 1,,Small White Tiger
2041103,Void Pond 1,,Young Gray Predator
2041201,Void Pond 2,,Gem Toad
2041202,Void Pond 2,,Young Dragon-scale Hound
2041203,Void Pond 2,,Young Spiked Boar
2041301,Void Pond 3,,Tree Giant
2041302,Void Pond 3,,Young Forest Boar
2041303,Void Pond 3,,Small Forest Horseshoe Crab
2041401,Void Pond 4,,Ancient Giant
2041402,Void Pond 4,,Small Moskaron
2041403,Void Pond 4,,Small Kravorus
2041501,Void Pond 5,,Deepwood Treant
2041502,Void Pond 5,,Small Jigur
2041503,Void Pond 5,,Small Sabor
2042101,Violet Garden 1,,Small Draco Lizard
2042102,Violet Garden 1,,Small Cockatrice
2042103,Violet Garden 1,,Young Red Wild Rappie
2042201,Violet Garden 2,,Red Centipede
2042202,Violet Garden 2,,Vampire Wasp Squad Leader
2042203,Violet Garden 2,,Lesser Vampire Wasp Soldier
2042301,Violet Garden 3,,Stoneclad Tortoise
2042302,Violet Garden 3,,Young Monster Predator
2042303,Violet Garden 3,,Young Helm Ox
2042401,Violet Garden 4,,Small Rock Draco Lizard
2042402,Violet Garden 4,,Young Steel Bison
2042403,Violet Garden 4,,Armored Toad
2042501,Violet Garden 5,,Moss Gorilla
2042502,Violet Garden 5,,Small Forest Leopard
2042503,Violet Garden 5,,Young Gray Primal Rappie
2043101,Sanctuary of the Void 1,,Forest Bigfoot
2043102,Sanctuary of the Void 1,,Zaytalen
2043103,Sanctuary of the Void 1,,Bartorun
2043201,Sanctuary of the Void 2,,Red Reindeer
2043202,Sanctuary of the Void 2,,Young Blue Wild Rappie
2043203,Sanctuary of the Void 2,,Small Cockatrice
2043301,Sanctuary of the Void 3,,Forest Weasel
2043302,Sanctuary of the Void 3,,Small Garon
2043303,Sanctuary of the Void 3,,Small Kurgis
2043401,Sanctuary of the Void 4,,Small Elite Shugahl
2043402,Sanctuary of the Void 4,,Small Urmak
2043403,Sanctuary of the Void 4,,Elite Khabur
2043501,Sanctuary of the Void 5,,Tree Giant
2043502,Sanctuary of the Void 5,,Withered Parasite
2043503,Sanctuary of the Void 5,,Small Infected Predator
2043601,Sanctuary of the Void 6,,Standard Moth Witch
2043602,Sanctuary of the Void 6,,Lesser Steel Ant Soldier
2043603,Sanctuary of the Void 6,,Small Steel Ant Worker
2040011,Guardian's Cradle,,Medium Nabaruk
2041111,Void Pond 1,,Erin
2041211,Void Pond 2,,Erin
2041311,Void Pond 3,,Erin
2041411,Void Pond 4,,Erin
2041511,Void Pond 5,,Erin
2042111,Violet Garden 1,,Erin
2042211,Violet Garden 2,,Erin
2042311,Violet Garden 3,,Erin
2042411,Violet Garden 4,,Erin
2042511,Violet Garden 5,,Erin
2043111,Sanctuary of the Void 1,,Erin
2043211,Sanctuary of the Void 2,,Erin
2043311,Sanctuary of the Void 3,,Erin
2043411,Sanctuary of the Void 4,,Erin
2043511,Sanctuary of the Void 5,,Erin
2043611,Sanctuary of the Void 6,,Erin
2800001,Lord of the Abyss,,Jabarashu
2800002,Lord of the Abyss,,Kalla
2800003,Lord of the Abyss,,Zahar-Ashi
2800004,Lord of the Abyss,,Sukuru
2800005,Lord of the Abyss,,Kiri
2800006,,,Small Steel Ant Worker
2800007,,,Standard Steel Ant Soldier
2800101,Lord of the Abyss,,Nergar
2800102,Lord of the Abyss,,Urmash
2800103,Lord of the Abyss,,Imdugur
2800104,Lord of the Abyss,,Nimgal
2800105,Lord of the Abyss,,Udugal
2800010,Overlord of the Abyss,,Kagaltus
2800011,,,Fragment of Kagaltus
2800021,Battlefield of Valor,,Akarakatum
2800022,Battlefield of Resilience,,Akarakatum
2800023,Battlefield of Determination,,Akarakatum
2800024,Battlefield of Wrath,,Akarakatum
2800025,Battlefield of Fierce Combat,,Akarakatum
2800026,Battlefield of Tremors,,Akarakatum
2800027,Battlefield of Ruin,,Akarakatum
2800501,Battlefield of Valor,,Guardian of the Abyss
2800502,Battlefield of Resilience,,Guardian of the Abyss
2800503,Battlefield of Determination,,Guardian of the Abyss
2800504,Battlefield of Wrath,,Guardian of the Abyss
2800505,Battlefield of Fierce Combat,,Guardian of the Abyss
2800506,Battlefield of Tremors,,Guardian of the Abyss
2800507,Battlefield of Ruin,,Guardian of the Abyss
2801001,Battlefield of Valor 1,,Battle Bison
2801002,Battlefield of Valor 1,,Small Urmak
2802001,Battlefield of Valor 2,,Elite Garnagir
2802002,Battlefield of Valor 2,,Small Amaroos
2803001,Battlefield of Valor 3,,Thorn Boar
2803002,Battlefield of Valor 3,,Young Dragon-scale Hound
2804001,Battlefield of Valor 4,,Man-eating Horned Ape Alpha
2804002,Battlefield of Valor 4,,Young Striped Wild Rappie
2805001,Battlefield of Valor 5,,Standard Steel Ant Soldier
2805002,Battlefield of Valor 5,,Small Steel Ant Worker
2806001,Battlefield of Indomitability 1,,Medium Spore Crab
2806002,Battlefield of Indomitability 1,,Armored Poison Toad
2807001,Battlefield of Indomitability 2,,Elite Garigidum
2807002,Battlefield of Indomitability 2,,Small Amdur
2808001,Battlefield of Indomitability 3,,Ancient Tree Giant
2808002,Battlefield of Indomitability 3,,Small Black Wyrm Mantis
2809001,Battlefield of Indomitability 4,,Plague Wasp General
2809002,Battlefield of Indomitability 4,,Lesser Plague Wasp Soldier
2810001,Battlefield of Indomitability 5,,Infected Ironclad Bear
2810002,Battlefield of Indomitability 5,,Young Corpse Predator
2811001,Battlefield of Determination 1,,Garerin
2811002,Battlefield of Determination 1,,Small Nabaruk
2812001,Battlefield of Determination 2,,Large Mugen
2812002,Battlefield of Determination 2,,Small Ashi
2813001,Battlefield of Determination 3,,Garmash
2813002,Battlefield of Determination 3,,Young Red Primal Rappie
2814001,Battlefield of Determination 4,,Elite Garkhabur
2814002,Battlefield of Determination 4,,Small Amaroos
2815001,Battlefield of Determination 5,,Medium Kurgis
2815002,Battlefield of Determination 5,,Small Gigazoran
2816001,Battlefield of Wrath 1,,Small Sergal
2816002,Battlefield of Wrath 1,,Young Maned Bison
2817001,Battlefield of Wrath 2,,Female Blade Bat
2817002,Battlefield of Wrath 2,,Abaru Tracker
2818001,Battlefield of Wrath 3,,Medium Sabor
2818002,Battlefield of Wrath 3,,Abaru Charger
2819001,Battlefield of Wrath 4,,Abaru Gladiator
2819002,Battlefield of Wrath 4,,Young Gore Predator
2820001,Battlefield of Wrath 5,,Cliff Golem
2820002,Battlefield of Wrath 5,,Varkaku
2821001,Battlefield of Fierce Combat 1,,Small Adamant Beast
2821002,Battlefield of Fierce Combat 1,,Young Monster Predator
2822001,Battlefield of Fierce Combat 2,,Ironjaw Bear
2822002,Battlefield of Fierce Combat 2,,Kuduru Executioner
2823001,Battlefield of Fierce Combat 3,,Elite Shugahl
2823002,Battlefield of Fierce Combat 3,,Kuduru Warchief
2824001,Battlefield of Fierce Combat 4,,Maned Bison
2824002,Battlefield of Fierce Combat 4,,Kuduru Overseer
2825001,Battlefield of Fierce Combat 5,,Garjabum
2825002,Battlefield of Fierce Combat 5,,Lunir
2826001,Battlefield of Tremors 1,,Withered Parasite
2826002,Battlefield of Tremors 1,,Small Infected Predator
2827001,Battlefield of Tremors 2,,Ironclad Turtle
2827002,Battlefield of Tremors 2,,Kiguru Master Warrior
2828001,Battlefield of Tremors 3,,Small Ancient Beast
2828002,Battlefield of Tremors 3,,Kiguru Master Spearman
2829001,Battlefield of Tremors 4,,Steel Bison
2829002,Battlefield of Tremors 4,,Kiguru Master Charger
2830001,Battlefield of Tremors 5,,Lord of the Forest
2830002,Battlefield of Tremors 5,,Lesser Moth Witch
2831001,Battlefield of Ruin 1,,Helm Ox
2831002,Battlefield of Ruin 1,,Small Varboran
2832001,Battlefield of Ruin 2,,Black Horned Ape Alpha
2832002,Battlefield of Ruin 2,,Small Talon Bat
2833001,Battlefield of Ruin 3,,Chromatic Spider
2833002,Battlefield of Ruin 3,,Young Blue Wild Rappie
2834001,Battlefield of Ruin 4,,Egirerin
2834002,Battlefield of Ruin 4,,Zaitorun
2835001,Battlefield of Ruin 5,,Elite Garigidum
2835002,Battlefield of Ruin 5,,Small Amdur
2836001,Battlefield of Ruin 6,,Elite Garkhabur
2836002,Battlefield of Ruin 6,,Small Amaroos
2837001,Battlefield of Doom Zone 7,,Young Brown Wyvern
2837002,Battlefield of Doom Zone 7,,Young Gray Primal Rappie
2838001,Battlefield of Doom Zone 8,,Small Carapace Beast
2838002,Battlefield of Doom Zone 8,,Young Horned Ox
2839001,Battlefield of Doom Zone 9,,Stonefist Bear
2839002,Battlefield of Doom Zone 9,,Young Black Bison
2840001,Battlefield of Doom Zone 10,,Blade Helm Snake
2840002,Battlefield of Doom Zone 10,,Lesser Vampire Wasp Soldier
2881001,Lord of the Abyss,,Jabarashu
2881002,Lord of the Abyss,,Kalla
2881003,Lord of the Abyss,,Zahar-Ashi
2881004,Lord of the Abyss,,Sukuru
2881005,Lord of the Abyss,,Kiri
2881006,,,Small Steel Ant Worker
2881007,,,Standard Steel Ant Soldier
2881101,Lord of the Abyss,,Nergar
2881102,Lord of the Abyss,,Urmash
2881103,Lord of the Abyss,,Imdugur
2881104,Lord of the Abyss,,Nimgal
2881105,Lord of the Abyss,,Udugal
2881010,Overlord of the Abyss,,Kagaltus
2881011,,,Fragment of Kagaltus
2881021,Battlefield of Resolve,,Akarakatum
2881022,Battlefield of Triumph,,Akarakatum
2881023,Battlefield of Torment,,Akarakatum
2881024,Battlefield of Defiance,,Akarakatum
2881025,Battlefield of Decimation,,Akarakatum
2881026,Battlefield of Delirium,,Akarakatum
2881027,Battlefield of Apocalypse,,Akarakatum
2881501,Battlefield of Resolve,,Guardian of the Abyss
2881502,Battlefield of Triumph,,Guardian of the Abyss
2881503,Battlefield of Torment,,Guardian of the Abyss
2881504,Battlefield of Defiance,,Guardian of the Abyss
2881505,Battlefield of Decimation,,Guardian of the Abyss
2881506,Battlefield of Delirium,,Guardian of the Abyss
2881507,Battlefield of Apocalypse,,Guardian of the Abyss
2841001,Battlefield of Resolve 1,,Battle Bison
2841002,Battlefield of Resolve 1,,Small Urmak
2842001,Battlefield of Resolve 2,,Elite Garnagir
2842002,Battlefield of Resolve 2,,Small Amaroos
2843001,Battlefield of Resolve 3,,Thorn Boar
2843002,Battlefield of Resolve 3,,Young Dragon-scale Hound
2844001,Battlefield of Resolve 4,,Man-eating Horned Ape Alpha
2844002,Battlefield of Resolve 4,,Young Striped Wild Rappie
2845001,Battlefield of Resolve 5,,Standard Steel Ant Soldier
2845002,Battlefield of Resolve 5,,Small Steel Ant Worker
2846001,Battlefield of Triumph 1,,Medium Spore Crab
2846002,Battlefield of Triumph 1,,Armored Poison Toad
2847001,Battlefield of Triumph 2,,Elite Garigidum
2847002,Battlefield of Triumph 2,,Small Amdur
2848001,Battlefield of Triumph 3,,Ancient Tree Giant
2848002,Battlefield of Triumph 3,,Small Black Wyrm Mantis
2849001,Battlefield of Triumph 4,,Plague Wasp General
2849002,Battlefield of Triumph 4,,Lesser Plague Wasp Soldier
2850001,Battlefield of Triumph 5,,Infected Ironclad Bear
2850002,Battlefield of Triumph 5,,Young Corpse Predator
2851001,Battlefield of Torment 1,,Garerin
2851002,Battlefield of Torment 1,,Small Nabaruk
2852001,Battlefield of Torment 2,,Large Mugen
2852002,Battlefield of Torment 2,,Small Ashi
2853001,Battlefield of Torment 3,,Garmash
2853002,Battlefield of Torment 3,,Young Red Primal Rappie
2854001,Battlefield of Torment 4,,Elite Garkhabur
2854002,Battlefield of Torment 4,,Small Amaroos
2855001,Battlefield of Torment 5,,Medium Kurgis
2855002,Battlefield of Torment 5,,Small Gigazoran
2856001,Battlefield of Defiance 1,,Small Sergal
2856002,Battlefield of Defiance 1,,Young Maned Bison
2857001,Battlefield of Defiance 2,,Female Blade Bat
2857002,Battlefield of Defiance 2,,Abaru Tracker
2858001,Battlefield of Defiance 3,,Medium Sabor
2858002,Battlefield of Defiance 3,,Abaru Charger
2859001,Battlefield of Defiance 4,,Abaru Gladiator
2859002,Battlefield of Defiance 4,,Young Gore Predator
2860001,Battlefield of Defiance 5,,Cliff Golem
2860002,Battlefield of Defiance 5,,Varkaku
2861001,Battlefield of Decimation 1,,Small Adamant Beast
2861002,Battlefield of Decimation 1,,Young Monster Predator
2862001,Battlefield of Decimation 2,,Ironjaw Bear
2862002,Battlefield of Decimation 2,,Kuduru Executioner
2863001,Battlefield of Decimation 3,,Elite Shugahl
2863002,Battlefield of Decimation 3,,Kuduru Warchief
2864001,Battlefield of Decimation 4,,Maned Bison
2864002,Battlefield of Decimation 4,,Kuduru Overseer
2865001,Battlefield of Decimation 5,,Garjabum
2865002,Battlefield of Decimation 5,,Lunir
2866001,Battlefield of Delirium 1,,Withered Parasite
2866002,Battlefield of Delirium 1,,Small Infected Predator
2867001,Battlefield of Delirium 2,,Ironclad Turtle
2867002,Battlefield of Delirium 2,,Kiguru Master Warrior
2868001,Battlefield of Delirium 3,,Small Ancient Beast
2868002,Battlefield of Delirium 3,,Kiguru Master Spearman
2869001,Battlefield of Delirium 4,,Steel Bison
2869002,Battlefield of Delirium 4,,Kiguru Master Charger
2870001,Battlefield of Delirium 5,,Lord of the Forest
2870002,Battlefield of Delirium 5,,Lesser Moth Witch
2871001,Battlefield of Apocalypse 1,,Helm Ox
2871002,Battlefield of Apocalypse 1,,Small Varboran
2872001,Battlefield of Apocalypse 2,,Black Horned Ape Alpha
2872002,Battlefield of Apocalypse 2,,Small Talon Bat
2873001,Battlefield of Apocalypse 3,,Chromatic Spider
2873002,Battlefield of Apocalypse 3,,Young Blue Wild Rappie
2874001,Battlefield of Apocalypse 4,,Egirerin
2874002,Battlefield of Apocalypse 4,,Zaitorun
2875001,Battlefield of Apocalypse 5,,Elite Garigidum
2875002,Battlefield of Apocalypse 5,,Small Amdur
2876001,Battlefield of Apocalypse 6,,Elite Garkhabur
2876002,Battlefield of Apocalypse 6,,Small Amaroos
2877001,Battlefield of Apocalypse 7,,Young Brown Wyvern
2877002,Battlefield of Apocalypse 7,,Young Gray Primal Rappie
2878001,Battlefield of Apocalypse 8,,Small Carapace Beast
2878002,Battlefield of Apocalypse 8,,Young Horned Ox
2879001,Battlefield of Apocalypse 9,,Stonefist Bear
2879002,Battlefield of Apocalypse 9,,Young Black Bison
2880001,Battlefield of Apocalypse 10,,Blade Helm Snake
2880002,Battlefield of Apocalypse 10,,Lesser Vampire Wasp Soldier
10001,Commission House,,Clerk
10011,Babylon,,Rift Shop
10012,Bardad Expedition Garrison,,Rift Shop
10013,Taima Pioneer Village,,Rift Shop
10014,Aburu Village,,Rift Shop
10015,Rappie Ranch,,Rift Shop
10016,Sunset Brewery,,Rift Shop
10017,Hesperia,,Rift Shop
10018,Frantia Gate,,Rift Shop
10019,Rappie Training Ground,,Rift Shop
10020,Verzard Outpost,,Rift Shop
10021,Vagrant's Repose,,Rift Shop
10022,Stormkel Gate,,Rift Shop
10023,Babylon,,Abyssal Token Shop
10024,Bardad Expedition Garrison,,Abyssal Token Shop
10025,Taima Pioneer Village,,Abyssal Token Shop
10026,Aburu Village,,Abyssal Token Shop
10027,Rappie Ranch,,Abyssal Token Shop
10028,Sunset Brewery,,Abyssal Token Shop
10029,Hesperia,,Abyssal Token Shop
10030,Frantia Gate,,Abyssal Token Shop
10031,Rappie Training Ground,,Abyssal Token Shop
10032,Verzard Outpost,,Abyssal Token Shop
10033,Vagrant's Repose,,Abyssal Token Shop
10034,Stormkel Gate,,Abyssal Token Shop
10040,Hunter's Village,,Rift Shop
10041,Bardad Expedition Forward Waypoints,,Rift Shop
10042,Forgotten Crest,,Rift Shop
10050,Hunter's Village,,Abyssal Token Shop
10051,Bardad Expedition Forward Waypoints,,Abyssal Token Shop
10052,Forgotten Crest,,Abyssal Token Shop
10101,Babylon,,General Merchant
10102,Babylon,,Stash Keeper
10103,Babylon,,Healer Priest
10104,Babylon,,Commission House
10105,Babylon,,Skillbook Merchant
10106,Babylon,,Ancient Coin Shop
10107,Babylon,,Adventurers’ Alliance Guild Coin Shop
10108,Babylon,,Marketplace
10109,Babylon,,Clan’s Ancient Coins Shop
10110,Babylon,,Gold Crystal Shop
10111,Bardad Expedition Garrison,,General Merchant
10112,Bardad Expedition Garrison,,Stash Keeper
10113,Bardad Expedition Garrison,,Healer Priest
10114,Bardad Expedition Garrison,,Commission House
10115,Bardad Expedition Garrison,,Skillbook Merchant
10116,Bardad Expedition Garrison,,Ancient Coin Shop
10117,Bardad Expedition Garrison,,Adventurers’ Alliance Guild Coin Shop
10118,Bardad Expedition Garrison,,Clan’s Ancient Coins Shop
10119,Bardad Expedition Garrison,,Gold Crystal Shop
10121,Taima Pioneer Village,,General Merchant
10122,Taima Pioneer Village,,Stash Keeper
10123,Taima Pioneer Village,,Healer Priest
10124,Taima Pioneer Village,,Commission House
10125,Taima Pioneer Village,,Skillbook Merchant
10126,Taima Pioneer Village,,Ancient Coin Shop
10127,Taima Pioneer Village,,Adventurers’ Alliance Guild Coin Shop
10128,Taima Pioneer Village,,Clan’s Ancient Coins Shop
10129,Taima Pioneer Village,,Gold Crystal Shop
10131,First Step Village,,General Merchant
10132,First Step Village,,Stash Keeper
10133,First Step Village,,Healer Priest
10141,Sunshade Encampment,,General Merchant
10142,Sunshade Encampment,,Stash Keeper
10143,Sunshade Encampment,,Healer Priest
10151,Central Detachment Garrison,,General Merchant
10152,Central Detachment Garrison,,Stash Keeper
10153,Central Detachment Garrison,,Healer Priest
10161,Magobi Encampment,,General Merchant
10162,Magobi Encampment,,Stash Keeper
10163,Magobi Encampment,,Healer Priest
10171,Thundercrest,,General Merchant
10172,Thundercrest,,Stash Keeper
10173,Thundercrest,,Healer Priest
10181,Gate of Lament,,General Merchant
10182,Gate of Lament,,Stash Keeper
10183,Gate of Lament,,Healer Priest
10201,Aburu Village,,General Merchant
10202,Aburu Village,,Stash Keeper
10203,Aburu Village,,Healer Priest
10204,Aburu Village,,Commission House
10205,Aburu Village,,Skillbook Merchant
10206,Aburu Village,,Ancient Coin Shop
10207,Aburu Village,,Adventurers’ Alliance Guild Coin Shop
10208,Aburu Village,,Marketplace
10209,Aburu Village,,Clan’s Ancient Coins Shop
10210,Aburu Village,,Gold Crystal Shop
10211,Rappie Ranch,,General Merchant
10212,Rappie Ranch,,Stash Keeper
10213,Rappie Ranch,,Healer Priest
10214,Rappie Ranch,,Commission House
10215,Rappie Ranch,,Skillbook Merchant
10216,Rappie Ranch,,Ancient Coin Shop
10217,Rappie Ranch,,Adventurers’ Alliance Guild Coin Shop
10218,Rappie Ranch,,Clan’s Ancient Coins Shop
10219,Rappie Ranch,,Gold Crystal Shop
10221,Sunset Brewery,,General Merchant
10222,Sunset Brewery,,Stash Keeper
10223,Sunset Brewery,,Healer Priest
10224,Sunset Brewery,,Commission House
10225,Sunset Brewery,,Skillbook Merchant
10226,Sunset Brewery,,Ancient Coin Shop
10227,Sunset Brewery,,Adventurers’ Alliance Guild Coin Shop
10228,Sunset Brewery,,Clan’s Ancient Coins Shop
10229,Sunset Brewery,,Gold Crystal Shop
10231,Cactus Nest,,General Merchant
10232,Cactus Nest,,Stash Keeper
10233,Cactus Nest,,Healer Priest
10241,Great Arbor Domain,,General Merchant
10242,Great Arbor Domain,,Stash Keeper
10243,Great Arbor Domain,,Healer Priest
10251,Ancient Tree Bower,,General Merchant
10252,Ancient Tree Bower,,Stash Keeper
10253,Ancient Tree Bower,,Healer Priest
10301,Hesperia,,General Merchant
10302,Hesperia,,Stash Keeper
10303,Hesperia,,Healer Priest
10304,Hesperia,,Commission House
10305,Hesperia,,Skillbook Merchant
10306,Hesperia,,Ancient Coin Shop
10307,Hesperia,,Adventurers’ Alliance Guild Coin Shop
10308,Hesperia,,Marketplace
10309,Hesperia,,Clan’s Ancient Coins Shop
10310,Hesperia,,Gold Crystal Shop
10311,Frantia Gate,,General Merchant
10312,Frantia Gate,,Stash Keeper
10313,Frantia Gate,,Healer Priest
10314,Frantia Gate,,Commission House
10315,Frantia Gate,,Skillbook Merchant
10316,Frantia Gate,,Ancient Coin Shop
10317,Frantia Gate,,Adventurers’ Alliance Guild Coin Shop
10318,Frantia Gate,,Clan’s Ancient Coins Shop
10319,Frantia Gate,,Gold Crystal Shop
10321,Rappie Training Ground,,General Merchant
10322,Rappie Training Ground,,Stash Keeper
10323,Rappie Training Ground,,Healer Priest
10324,Rappie Training Ground,,Commission House
10325,Rappie Training Ground,,Skillbook Merchant
10326,Rappie Training Ground,,Ancient Coin Shop
10327,Rappie Training Ground,,Adventurers’ Alliance Guild Coin Shop
10328,Rappie Training Ground,,Clan’s Ancient Coins Shop
10329,Rappie Training Ground,,Gold Crystal Shop
10331,Reconnaissance Outpost,,General Merchant
10332,Reconnaissance Outpost,,Stash Keeper
10333,Reconnaissance Outpost,,Healer Priest
10341,Great Echo Encampment,,General Merchant
10342,Great Echo Encampment,,Stash Keeper
10343,Great Echo Encampment,,Healer Priest
10351,Bardad Expedition Encampment,,General Merchant
10352,Bardad Expedition Encampment,,Stash Keeper
10353,Bardad Expedition Encampment,,Healer Priest
10401,Verzard Outpost,,General Merchant
10402,Verzard Outpost,,Stash Keeper
10403,Verzard Outpost,,Healer Priest
10404,Verzard Outpost,,Commission House
10405,Verzard Outpost,,Skillbook Merchant
10406,Verzard Outpost,,Ancient Coin Shop
10408,Verzard Outpost,,Adventurers’ Alliance Guild Coin Shop
10409,Verzard Outpost,,Marketplace
10410,Verzard Outpost,,Clan’s Ancient Coins Shop
10407,Verzard Outpost,,Gold Crystal Shop
10411,Vagrant's Repose,,General Merchant
10412,Vagrant's Repose,,Stash Keeper
10413,Vagrant's Repose,,Healer Priest
10414,Vagrant's Repose,,Commission House
10415,Vagrant's Repose,,Skillbook Merchant
10416,Vagrant's Repose,,Ancient Coin Shop
10417,Vagrant's Repose,,Adventurers’ Alliance Guild Coin Shop
10418,Vagrant's Repose,,Clan’s Ancient Coins Shop
10419,Vagrant's Repose,,Gold Crystal Shop
10421,Stormkel Gate,,General Merchant
10422,Stormkel Gate,,Stash Keeper
10423,Stormkel Gate,,Healer Priest
10424,Stormkel Gate,,Commission House
10425,Stormkel Gate,,Skillbook Merchant
10426,Stormkel Gate,,Ancient Coin Shop
10427,Stormkel Gate,,Adventurers’ Alliance Guild Coin Shop
10428,Stormkel Gate,,Clan’s Ancient Coins Shop
10429,Stormkel Gate,,Gold Crystal Shop
10431,Naruru Hot Springs,,General Merchant
10432,Naruru Hot Springs,,Stash Keeper
10433,Naruru Hot Springs,,Healer Priest
10441,Verzard Secret Outpost,,General Merchant
10442,Verzard Secret Outpost,,Stash Keeper
10443,Verzard Secret Outpost,,Healer Priest
10451,Bardad Expedition Encampment,,General Merchant
10452,Bardad Expedition Encampment,,Stash Keeper
10453,Bardad Expedition Encampment,,Healer Priest
10461,Crossroads Shelter,,General Merchant
10462,Crossroads Shelter,,Stash Keeper
10463,Crossroads Shelter,,Healer Priest
10471,Obsidian Encampment,,General Merchant
10472,Obsidian Encampment,,Stash Keeper
10473,Obsidian Encampment,,Healer Priest
10481,Alabaster Encampment,,General Merchant
10482,Alabaster Encampment,,Stash Keeper
10483,Alabaster Encampment,,Healer Priest
10501,Hunter's Village,,General Merchant
10502,Hunter's Village,,Stash Keeper
10503,Hunter's Village,,Healer Priest
10504,Hunter's Village,,Commission House
10505,Hunter's Village,,Skillbook Merchant
10506,Hunter's Village,,Ancient Coin Shop
10508,Hunter's Village,,Adventurers’ Alliance Guild Coin Shop
10509,Hunter's Village,,Marketplace
10510,Hunter's Village,,Clan’s Ancient Coins Shop
10507,Hunter's Village,,Gold Crystal Shop
10511,Bardad Expedition Forward Waypoints,,General Merchant
10512,Bardad Expedition Forward Waypoints,,Stash Keeper
10513,Bardad Expedition Forward Waypoints,,Healer Priest
10514,Bardad Expedition Forward Waypoints,,Commission House
10515,Bardad Expedition Forward Waypoints,,Skillbook Merchant
10516,Bardad Expedition Forward Waypoints,,Ancient Coin Shop
10517,Bardad Expedition Forward Waypoints,,Adventurers’ Alliance Guild Coin Shop
10518,Bardad Expedition Forward Waypoints,,Clan’s Ancient Coins Shop
10519,Bardad Expedition Forward Waypoints,,Gold Crystal Shop
10521,Forgotten Crest,,General Merchant
10522,Forgotten Crest,,Stash Keeper
10523,Forgotten Crest,,Healer Priest
10524,Forgotten Crest,,Commission House
10525,Forgotten Crest,,Skillbook Merchant
10526,Forgotten Crest,,Ancient Coin Shop
10527,Forgotten Crest,,Adventurers’ Alliance Guild Coin Shop
10528,Forgotten Crest,,Clan’s Ancient Coins Shop
10529,Forgotten Crest,,Gold Crystal Shop
10531,Northwind Rest Stop,,General Merchant
10532,Northwind Rest Stop,,Stash Keeper
10533,Northwind Rest Stop,,Healer Priest
10541,Hunter's Border Outpost,,General Merchant
10542,Hunter's Border Outpost,,Stash Keeper
10543,Hunter's Border Outpost,,Healer Priest
10551,Bower Shelter,,General Merchant
10552,Bower Shelter,,Stash Keeper
10553,Bower Shelter,,Healer Priest
10561,Forest Keeper's Encampment,,General Merchant
10562,Forest Keeper's Encampment,,Stash Keeper
10563,Forest Keeper's Encampment,,Healer Priest
10571,Soul's Repose,,General Merchant
10572,Soul's Repose,,Stash Keeper
10573,Soul's Repose,,Healer Priest
15100,Giant's Tower Exploration Waypoint,,General Merchant
15101,Giant's Tower Exploration Waypoint,,Stash Keeper
15102,Giant's Tower Exploration Waypoint,,Black Crystal Shop
15104,Giant's Tower Exploration Waypoint,,Healer Priest
15103,Giant's Tower 1F,,Entrance
15105,Giant's Tower 2F,,Entrance
15106,Giant's Tower 3F,,Entrance
15107,Giant's Tower 4F,,Entrance
15301,Redoubt of Valor,,General Merchant
15302,Redoubt of Valor,,Stash Keeper
15303,Redoubt of Valor,,Healer Priest
15304,Redoubt of Valor,,Gold Crystal Shop
15305,Redoubt of Valor,,Abyssal Token Shop
15311,Redoubt of Resilience,,General Merchant
15312,Redoubt of Resilience,,Stash Keeper
15313,Redoubt of Resilience,,Healer Priest
15314,Redoubt of Resilience,,Gold Crystal Shop
15315,Redoubt of Resilience,,Abyssal Token Shop
15321,Redoubt of Determination,,General Merchant
15322,Redoubt of Determination,,Stash Keeper
15323,Redoubt of Determination,,Healer Priest
15324,Redoubt of Determination,,Gold Crystal Shop
15325,Redoubt of Determination,,Abyssal Token Shop
15331,Fortress of Wrath,,General Merchant
15332,Fortress of Wrath,,Stash Keeper
15333,Fortress of Wrath,,Healer Priest
15334,Fortress of Wrath,,Gold Crystal Shop
15335,Fortress of Wrath,,Abyssal Token Shop
15431,Fortress of Fierce Combat,,General Merchant
15432,Fortress of Fierce Combat,,Stash Keeper
15433,Fortress of Fierce Combat,,Healer Priest
15434,Fortress of Fierce Combat,,Gold Crystal Shop
15435,Fortress of Fierce Combat,,Abyssal Token Shop
15531,Fortress of Tremors,,General Merchant
15532,Fortress of Tremors,,Stash Keeper
15533,Fortress of Tremors,,Healer Priest
15534,Fortress of Tremors,,Gold Crystal Shop
15535,Fortress of Tremors,,Abyssal Token Shop
15601,Redoubt of Resolve,,General Merchant
15602,Redoubt of Resolve,,Stash Keeper
15603,Redoubt of Resolve,,Healer Priest
15604,Redoubt of Resolve,,Gold Crystal Shop
15605,Redoubt of Resolve,,Abyssal Token Shop
15611,Redoubt of Invincible,,General Merchant
15612,Redoubt of Invincible,,Stash Keeper
15613,Redoubt of Invincible,,Healer Priest
15614,Redoubt of Invincible,,Gold Crystal Shop
15615,Redoubt of Invincible,,Abyssal Token Shop
15621,Redoubt of Torment,,General Merchant
15622,Redoubt of Torment,,Stash Keeper
15623,Redoubt of Torment,,Healer Priest
15624,Redoubt of Torment,,Gold Crystal Shop
15625,Redoubt of Torment,,Abyssal Token Shop
15631,Fortress of Bloodshed,,General Merchant
15632,Fortress of Bloodshed,,Stash Keeper
15633,Fortress of Bloodshed,,Healer Priest
15634,Fortress of Bloodshed,,Gold Crystal Shop
15635,Fortress of Bloodshed,,Abyssal Token Shop
15731,Fortress of Slaughter,,General Merchant
15732,Fortress of Slaughter,,Stash Keeper
15733,Fortress of Slaughter,,Healer Priest
15734,Fortress of Slaughter,,Gold Crystal Shop
15735,Fortress of Slaughter,,Abyssal Token Shop
15831,Fortress of Frenzy,,General Merchant
15832,Fortress of Frenzy,,Stash Keeper
15833,Fortress of Frenzy,,Healer Priest
15834,Fortress of Frenzy,,Gold Crystal Shop
15835,Fortress of Frenzy,,Abyssal Token Shop
16101,Barrier of Enhancement Upper Safe Village,,General Merchant
16102,Barrier of Enhancement Upper Safe Village,,Stash Keeper
16103,Barrier of Enhancement Upper Safe Village,,Healer Priest
16104,Barrier of Enhancement Lower Safe Village,,General Merchant
16105,Barrier of Enhancement Lower Safe Village,,Stash Keeper
16106,Barrier of Enhancement Lower Safe Village,,Healer Priest
16111,Barrier of Enhancement Upper Safe Village,,General Merchant
16112,Barrier of Enhancement Upper Safe Village,,Stash Keeper
16113,Barrier of Enhancement Upper Safe Village,,Healer Priest
16114,Barrier of Enhancement Lower Safe Village,,General Merchant
16115,Barrier of Enhancement Lower Safe Village,,Stash Keeper
16116,Barrier of Enhancement Lower Safe Village,,Healer Priest
16121,Barrier of Enhancement Upper Safe Village,,General Merchant
16122,Barrier of Enhancement Upper Safe Village,,Stash Keeper
16123,Barrier of Enhancement Upper Safe Village,,Healer Priest
16124,Barrier of Enhancement Lower Safe Village,,General Merchant
16125,Barrier of Enhancement Lower Safe Village,,Stash Keeper
16126,Barrier of Enhancement Lower Safe Village,,Healer Priest
16131,Barrier of Enhancement Upper Safe Village,,General Merchant
16132,Barrier of Enhancement Upper Safe Village,,Stash Keeper
16133,Barrier of Enhancement Upper Safe Village,,Healer Priest
16134,Barrier of Enhancement Lower Safe Village,,General Merchant
16135,Barrier of Enhancement Lower Safe Village,,Stash Keeper
16136,Barrier of Enhancement Lower Safe Village,,Healer Priest
16141,Barrier of Enhancement Upper Safe Village,,General Merchant
16142,Barrier of Enhancement Upper Safe Village,,Stash Keeper
16143,Barrier of Enhancement Upper Safe Village,,Healer Priest
16144,Barrier of Enhancement Lower Safe Village,,General Merchant
16145,Barrier of Enhancement Lower Safe Village,,Stash Keeper
16146,Barrier of Enhancement Lower Safe Village,,Healer Priest
16151,Barrier of Enhancement Upper Safe Village,,General Merchant
16152,Barrier of Enhancement Upper Safe Village,,Stash Keeper
16153,Barrier of Enhancement Upper Safe Village,,Healer Priest
16154,Barrier of Enhancement Lower Safe Village,,General Merchant
16155,Barrier of Enhancement Lower Safe Village,,Stash Keeper
16156,Barrier of Enhancement Lower Safe Village,,Healer Priest
16201,Barrier of Gold Upper Safe Village,,General Merchant
16202,Barrier of Gold Upper Safe Village,,Stash Keeper
16203,Barrier of Gold Upper Safe Village,,Healer Priest
16204,Barrier of Gold Lower Safe Village,,General Merchant
16205,Barrier of Gold Lower Safe Village,,Stash Keeper
16206,Barrier of Gold Lower Safe Village,,Healer Priest
16211,Barrier of Gold Upper Safe Village,,General Merchant
16212,Barrier of Gold Upper Safe Village,,Stash Keeper
16213,Barrier of Gold Upper Safe Village,,Healer Priest
16214,Barrier of Gold Lower Safe Village,,General Merchant
16215,Barrier of Gold Lower Safe Village,,Stash Keeper
16216,Barrier of Gold Lower Safe Village,,Healer Priest
16221,Barrier of Gold Upper Safe Village,,General Merchant
16222,Barrier of Gold Upper Safe Village,,Stash Keeper
16223,Barrier of Gold Upper Safe Village,,Healer Priest
16224,Barrier of Gold Lower Safe Village,,General Merchant
16225,Barrier of Gold Lower Safe Village,,Stash Keeper
16226,Barrier of Gold Lower Safe Village,,Healer Priest
16231,Barrier of Gold Upper Safe Village,,General Merchant
16232,Barrier of Gold Upper Safe Village,,Stash Keeper
16233,Barrier of Gold Upper Safe Village,,Healer Priest
16234,Barrier of Gold Lower Safe Village,,General Merchant
16235,Barrier of Gold Lower Safe Village,,Stash Keeper
16236,Barrier of Gold Lower Safe Village,,Healer Priest
16241,Barrier of Gold Upper Safe Village,,General Merchant
16242,Barrier of Gold Upper Safe Village,,Stash Keeper
16243,Barrier of Gold Upper Safe Village,,Healer Priest
16244,Barrier of Gold Lower Safe Village,,General Merchant
16245,Barrier of Gold Lower Safe Village,,Stash Keeper
16246,Barrier of Gold Lower Safe Village,,Healer Priest
16251,Barrier of Gold Upper Safe Village,,General Merchant
16252,Barrier of Gold Upper Safe Village,,Stash Keeper
16253,Barrier of Gold Upper Safe Village,,Healer Priest
16254,Barrier of Gold Lower Safe Village,,General Merchant
16255,Barrier of Gold Lower Safe Village,,Stash Keeper
16256,Barrier of Gold Lower Safe Village,,Healer Priest
17101,Barrier of the Unknown Upper Safe Village,,General Merchant
17102,Barrier of the Unknown Upper Safe Village,,Stash Keeper
17103,Barrier of the Unknown Upper Safe Village,,Healer Priest
17104,Barrier of the Unknown Lower Safe Village,,General Merchant
17105,Barrier of the Unknown Lower Safe Village,,Stash Keeper
17106,Barrier of the Unknown Lower Safe Village,,Healer Priest
17111,Barrier of the Unknown Upper Safe Village,,General Merchant
17112,Barrier of the Unknown Upper Safe Village,,Stash Keeper
17113,Barrier of the Unknown Upper Safe Village,,Healer Priest
17114,Barrier of the Unknown Lower Safe Village,,General Merchant
17115,Barrier of the Unknown Lower Safe Village,,Stash Keeper
17116,Barrier of the Unknown Lower Safe Village,,Healer Priest
17121,Barrier of the Unknown Upper Safe Village,,General Merchant
17122,Barrier of the Unknown Upper Safe Village,,Stash Keeper
17123,Barrier of the Unknown Upper Safe Village,,Healer Priest
17124,Barrier of the Unknown Lower Safe Village,,General Merchant
17125,Barrier of the Unknown Lower Safe Village,,Stash Keeper
17126,Barrier of the Unknown Lower Safe Village,,Healer Priest
17131,Barrier of the Unknown Upper Safe Village,,General Merchant
17132,Barrier of the Unknown Upper Safe Village,,Stash Keeper
17133,Barrier of the Unknown Upper Safe Village,,Healer Priest
17134,Barrier of the Unknown Lower Safe Village,,General Merchant
17135,Barrier of the Unknown Lower Safe Village,,Stash Keeper
17136,Barrier of the Unknown Lower Safe Village,,Healer Priest
17141,Barrier of the Unknown Upper Safe Village,,General Merchant
17142,Barrier of the Unknown Upper Safe Village,,Stash Keeper
17143,Barrier of the Unknown Upper Safe Village,,Healer Priest
17144,Barrier of the Unknown Lower Safe Village,,General Merchant
17145,Barrier of the Unknown Lower Safe Village,,Stash Keeper
17146,Barrier of the Unknown Lower Safe Village,,Healer Priest
17151,Barrier of the Unknown Upper Safe Village,,General Merchant
17152,Barrier of the Unknown Upper Safe Village,,Stash Keeper
17153,Barrier of the Unknown Upper Safe Village,,Healer Priest
17154,Barrier of the Unknown Lower Safe Village,,General Merchant
17155,Barrier of the Unknown Lower Safe Village,,Stash Keeper
17156,Barrier of the Unknown Lower Safe Village,,Healer Priest
20071,,,Destroyed Colossus
20072,,,Destroyed Colossus
20073,,,Destroyed Colossus
20074,,,Destroyed Colossus
20075,,,Destroyed Colossus
20076,,,Destroyed Colossus
20077,,,Destroyed Colossus
20078,,,Destroyed Colossus
20081,,,Black Predator
20082,,,Sandmaw
20083,,,Black Predator
20084,,,Black Predator
20085,,,Black Predator
20086,,,Black Predator
20087,,,Black Predator
20088,,,Sandmaw
20091,,,Black Predator
20092,,,Sandmaw
20093,,,Fragment Golem
20094,,,Sandmaw
20095,,,Fragment Golem
20096,,,Sandmaw
20097,,,Sandmaw
20099,Field chefe Test,,Titan
20110,Axe of Slaughter,,Bromgal
20111,,,Large Black Predator
20112,Grand Stockade,,Brontor
20113,Crimson Gaze,,Granmya Matrika
20101,,,Sandmaw
20102,,,Sandmaw
20103,,,Sandmaw
20104,,,Sandmaw
30001,,,Levistone
30002,,,Levistone Test (Motion Check)
30003,,,Tesseract
30004,,,Tesseract
30005,,,Tesseract
30010,,,Predator of the Tower
30011,,,Sand Maw of the Tower
30012,,,Kuduru Watcher of the Tower
30013,,,Helm Snake of the Tower
30014,,,Steel Bull of the Tower
30015,,,Ruler of the Tower
30016,,,Anteater of the Tower
30101,,,Guardian of the Tower - 1
30102,,,Guardian of the Tower - 2
30103,,,Guardian of the Tower - 3
30104,,,Guardian of the Tower - 4
30105,,,Guardian of the Tower - 5
30106,,,Guardian of the Tower - 6
30107,,,Guardian of the Tower - 7
30108,,,Guardian of the Tower - 8
30109,,,Guardian of the Tower - 9
30110,,,Guardian of the Tower - 10
20000,,,Forest Goblin
20001,,,Deepwood Beetle
20002,,,Leaf Rat
20003,,,Bull-Horned Ostrich
20005,,,
20105,,,
20106,,,
20107,,,
20108,,,
20109,,,
20115,,,
20116,,,
20117,,,
20118,,,
20119,,,
20120,,,
20121,,,
20122,,,
20123,,,
20124,,,
20125,,,
20126,,,
20127,,,
20128,,,
20129,,,
20130,,,
20131,,,
20132,,,
20133,,,
20134,,,
20135,,,
20136,,,
20137,,,
20138,,,
20139,,,
20140,,,
20141,,,
20142,,,
20143,,,
20144,,,
20145,,,
20146,,,
20147,,,
20148,,,
20149,,,
20150,,,
20151,,,
20152,,,
20153,,,
20154,,,
20155,,,
20156,,,
20157,,,
20158,,,
20159,,,
20160,,,
20161,,,
20162,,,
20163,,,
20164,,,
20165,,,
20166,,,
20167,,,
20168,,,
20169,,,
20170,,,
20171,,,
20172,,,
20173,,,
20174,,,
20175,,,
20176,,,
20177,,,
20178,,,
20179,,,
20180,,,
20181,,,
20182,,,
20183,,,
20184,,,
20185,,,
20186,,,
20190,,,
20191,,,
20192,,,
20193,,,
20194,,,
20195,,,
20196,,,
20197,,,
20198,,,
20199,,,
20201,,,
20202,,,
20203,,,
20204,,,
20206,,,
20207,,,
20208,,,
20209,,,
20210,,,
20211,Rancher’s Heir,,Zamamark
20212,,,
20213,,,
20214,,,
20215,Brewery Keeper,,Ishinu
20216,,,
20217,,,
20218,,,
20219,,,
20220,,,
20221,,,
20222,,,
20223,,,
20224,,,
20225,,,
20226,,,
20301,,,
20302,,,
20303,,,
20304,,,
20305,,,
20306,,,
20307,,,
20308,,,
20309,,,
20310,,,
20311,,,
20312,,,
20313,,,
20314,,,
20315,,,
20316,,,
20317,,,
20318,,,
20319,,,
20320,,,
20321,,,
20322,,,
20323,,,
20324,,,
20325,,,
20326,,,
20327,,,
20328,,,
20329,,,
20330,,,
20331,,,
20332,,,
20333,,,
20334,,,
21000,,,
21001,,,
21002,,,
21003,,,
21004,,,
21005,,,
21006,,,
21007,,,
21010,,,
21011,,,
21012,,,
21013,,,
21014,,,
21015,,,
21016,,,
21017,,,
21020,,,
21021,,,
21022,,,
21023,,,
21024,,,
21025,,,
21026,,,
21027,,,
21030,,,
21031,,,
21032,,,
21033,,,
21034,,,
21035,,,
21036,,,
21037,,,
21040,,,
21041,,,
21042,,,
21043,,,
21044,,,
21045,,,
21046,,,
21047,,,
21050,,,
21051,,,
21052,,,
21053,,,
21054,,,
21055,,,
21056,,,
21057,,,
21060,,,
21061,,,
21062,,,
21063,,,
21064,,,
21065,,,
21066,,,
21067,,,
21070,,,
21071,,,
21072,,,
21073,,,
21074,,,
21075,,,
21076,,,
21077,,,
21080,,,
21081,,,
21082,,,
21083,,,
21084,,,
21085,,,
21086,,,
21087,,,
21090,,,
21091,,,
21092,,,
21093,,,
21094,,,
21095,,,
21096,,,
21097,,,
21100,,,
21101,,,
21102,,,
21103,,,
21104,,,
21105,,,
21106,,,
21107,,,
21110,,,
21111,,,
21112,,,
21113,,,
21114,,,
21115,,,
21116,,,
21117,,,
21120,,,
21121,,,
21122,,,
21123,,,
21124,,,
21125,,,
21126,,,
21127,,,
21130,,,
21131,,,
21132,,,
21133,,,
21134,,,
21135,,,
21136,,,
21137,,,
21140,,,
21141,,,
21142,,,
21143,,,
21144,,,
21145,,,
21146,,,
21147,,,
21150,,,
21151,,,
21152,,,
21153,,,
21154,,,
21155,,,
21156,,,
21157,,,
21160,,,
21161,,,
21162,,,
21163,,,
21164,,,
21165,,,
21166,,,
21167,,,
21170,,,
21171,,,
21172,,,
21173,,,
21174,,,
21175,,,
21176,,,
21177,,,
21180,,,
21181,,,
21182,,,
21183,,,
21184,,,
21185,,,
21186,,,
21187,,,
21190,,,
21191,,,
21192,,,
21193,,,
21194,,,
21195,,,
21196,,,
21197,,,
21200,,,
21201,,,
21202,,,
21203,,,
21204,,,
21205,,,
21206,,,
21207,,,
21210,,,
21211,,,
21212,,,
21213,,,
21214,,,
21215,,,
21216,,,
21217,,,
21220,,,
21221,,,
21222,,,
21223,,,
21224,,,
21225,,,
21226,,,
21227,,,
21230,,,
21231,,,
21232,,,
21233,,,
21234,,,
21235,,,
21236,,,
21237,,,
21240,,,
21241,,,
21242,,,
21243,,,
21244,,,
21245,,,
21246,,,
21247,,,
21250,,,
21251,,,
21252,,,
21253,,,
21254,,,
21255,,,
21256,,,
21257,,,
21260,,,
21261,,,
21262,,,
21263,,,
21264,,,
21265,,,
21266,,,
21267,,,
21270,,,
21271,,,
21272,,,
21273,,,
21274,,,
21275,,,
21276,,,
21277,,,
21280,,,
21281,,,
21282,,,
21283,,,
21284,,,
21285,,,
21286,,,
21287,,,
21290,,,
21291,,,
21292,,,
21293,,,
21294,,,
21295,,,
21296,,,
21297,,,
21300,,,
21301,,,
21302,,,
21303,,,
21304,,,
21305,,,
21306,,,
21307,,,
21310,,,
21311,,,
21312,,,
21313,,,
21314,,,
21315,,,
21316,,,
21317,,,
21320,,,
21321,,,
21322,,,
21323,,,
21324,,,
21325,,,
21326,,,
21327,,,
21330,,,
21331,,,
21332,,,
21333,,,
21334,,,
21335,,,
21336,,,
21337,,,
21340,,,
21341,,,
21342,,,
21343,,,
21344,,,
21345,,,
21346,,,
21347,,,
21350,,,
21351,,,
21352,,,
21353,,,
21354,,,
21355,,,
21356,,,
21357,,,
40001,Divine,,Ragnar
40002,Divine,,Azran
40003,Divine,,Beretta
40004,Divine,,Rada
40005,Divine,,Khoon
40006,Incursion Specialist,,Xeros
40007,,,Saikarad
40008,,,Yngel 
40009,Wayfinders Guild Master,,Evrin 
40010,Blacksmiths Guild Master,,Thorstein
40011,,,Henrik
40012,Hunters Guild Master,,Kian
40013,Artisans Guild Master,,Fabrice
40014,Assessors Guild Master,,Monica 
40015,Merchants Guild Master,,Aman
40016,Explorers Guild Master,,Orica
40017,,,Nur
40018,,,Nasser
40019,,,Riona
40020,,,Bailey
40021,Encampment Warden,,Ashlyn
40022,Archon,,Fahad
40023,,,
40024,,,
40025,,,
40026,,,
40027,,,
40028,Divine,,Beretta
40029,,,Stig
40030,,,Killian
40031,,,
40032,Divine,,Azran
40033,Divine,,Rada
40034,Incursion Specialist,,Xeros
40035,Lieutenant,,Mueena 
40036,,,Yngel 
40101,,,Imad
40102,,,
40103,Lieutenant,,Mueena 
40104,Village Head,,Uzar
40105,,,
40106,,,
40107,,,
40108,,,Mysterious Adventurer
40109,Encampment Warden,,Ifril
40110,,,Afshan
40111,,,Daria
40112,,,Cheerful Child
40113,,,Innocent Child
40114,,,Keyvan
40115,,,Yasta
40116,,,Hadi
40117,,,Tabana
40118,,,Nazia
40119,,,Kamyar
40120,Expedition Captain,,Bardad
40121,,,Olia
40122,,,Baran
40123,,,Yasar
40124,,,Ushan
40125,,,Vahista
40126,,,Erfan
40127,,,Sarvin
40128,,,Ashientet Manor Guard
40129,,,Asientet Soldier
40130,Field Commander,,Nazir
40131,,,Bahar
40132,,,Leyla
40133,,,Iruna
40134,,,Shadow Wolf Member
40135,,,Shadow Wolf Member
40136,,,Shadow Wolf Member
40137,Field Commander,,Jeihan
40138,,,Bishan
40139,,,Helene
40140,,,Kanber
40141,,,Lost Adventurer
40142,Caravan Keeper,,Jiranna
40143,,,Azid
40144,,,Kamiya
40145,,,Davin
40146,,,Alborz
40147,,,Shayad
40148,,,Taima Village Vigilante
40149,,,Symon
40150,,,Distressed Resident
40151,,,Tirashu
40152,,,Enju
40153,,,Chattering Merchant
40154,,,Polaris Clan Member
40155,,,Polaris Clan Member
40156,,,Polaris Clan Member
40157,,,Polaris Clan Member
40158,,,Polaris Clan Member
40159,,,
40160,,,Polaris Clan Member
40161,,,Terrified Ashientet Resident
40162,,,Terrified Ashientet Resident
40163,,,Terrified Ashientet Resident
40164,,,
40165,,,Injured Ashientet Adventurer
40166,,,
40167,,,
40168,,,
40169,,,Asientet Merchant
40170,,,Chilled Naruru
40171,,,Suspicious Naruru
40172,,,Curious Naruru
40173,,,Worried Naruru
40174,,,Doubtful Naruru
40175,,,Bristly-Hair Member
40176,,,Weeping Merchant
40177,,,Covert Naruru
40178,,,
40179,,,
40180,,,
40181,,,
40182,,,Shadow Wolf Member
40183,,,
40184,,,
40185,,,
40186,,,Shadow Wolf Member
40187,Field Commander,,Ashientet Officer
40188,,,Shadow Wolf Captain
40189,,,
40197,Divine,,Rada
40198,,,
40199,,,Mysterious Adventurer
40201,Bristly-Hair Captain,,Lamasu
40202,,,
40203,,,
40204,Cook,,Lutga
40205,Cook,,Urkai
40206,Tribute Keeper,,Isimu
40207,,,Monas
40208,Expedition Vice Captain,,Vahista
40209,Brawny-Beard,,Etura
40210,Bristly-Hair,,Karadu
40211,,,Patrol Member
40212,,,Expedition Member
40213,,,Rappie
40214,,,Kuduru Watcher
40215,,,Kuduru Warrior
40216,Ranch Keeper,,Barashu
40217,,,Peddler
40218,,,Kuduru Sorcerer
40219,,,Mitchell
40220,,,Sharaf
40221,,,Tyuri
40222,Bristly-Hair,,Baragur
40223,Brewery Keeper,,Ishinu
40224,Ishinu’s Disciple,,Tristan
40225,Ishinu’s Disciple,,Joris
40226,Ishinu’s Disciple,,Denny
40227,Ishinu’s Disciple,,Denny
40228,,,Yasra
40229,,,Navid
40230,Paradise Advent Society,,Prophet
40231,,,Follower
40232,Paradise Advent Society,,Bound Follower
40233,,,Fanatic
40234,,,Survivor Adeline
40235,,,Survivor Leo
40236,,,Newcomer
40237,Liberator of Knowledge,,Hekima
40238,Expedition Member,,Peppie
40239,,,Oscar
40240,,,Eirik
40241,,,Monas
40242,,,Fanatic
40243,,,Fanatic
40244,Paradise Advent Society,,Prophet
40245,,,Fanatic
40250,,,
40251,,,
40252,,,
40253,,,
40254,,,
40255,,,
40256,,,
40257,,,
40258,,,
40259,,,
40260,,,
40261,,,
40262,,,
40263,,,
40264,,,
40265,,,
40266,,,
40267,,,
40268,,,Aetherium Addict
40269,,,
40270,,,
40271,,,
40301,,,Panicked Resident
40302,Village Head,,Xavyer
40303,Hesperia Defense Force,,Remy
40304,Hesperia Defense Force,,Gerald
40305,,,Defense Guard
40306,,,Serene Scout
40307,,,Calm Scout
40308,Hesperia Scout,,Alayn
40309,Hesperia Gate Guard,,Didier
40310,,,Sentry
40311,Guard Captain,,Leonard
40312,Knight Commander,,Lena
40313,,,Knights of the Frostwind
40314,Ironblood Brigade,,Vice Commander
40315,,,Warrior
40316,,,Frantia Scout
40317,,,Fallen Kiguru
40318,,,Valbas
40319,Training Ground Keeper,,Sarabi
40320,,,Ticket Vendor
40321,,,Wandering Mercenary
40322,Archon,,Lorraine
40323,,,Stormkel Soldier
40325,Survivor,,Adeline
40326,Survivor,,Leo
40327,,,Ironblood Brigade Member
40328,,,Ironblood Brigade Member
40329,,,Ironblood Brigade Member
40330,,,
40331,,,
40332,,,
40333,,,
40334,Ironblood Brigade,,Brigade Commander
40335,Ironblood Brigade,,High Officer
40336,,,
40337,,,Victim
40338,,,Victim
40339,,,
40340,,,Order Knight
40341,,,Order Knight
40401,,,Stormkel Manor Guard
40402,,,Stormkel Manor Lieutenant
40403,Lieutenant,,Eric
40404,Outpost Commander,,Marten
40405,,,Trembling Recruit
40406,,,Cheerful Recruit
40407,,,Supply Storehouse Soldier
40408,,,Deserter
40409,,,Schulmann
40410,Field Commander,,Karl
40411,,,Outpost Soldier
40412,,,Nervous Voice
40413,,,Calm Voice
40414,Paradise Advent Society,,Prophet
40415,,,Astrid
40416,,,Injured Adventurer
40417,,,Recovered Adventurer
40418,,,Poisoned Adventurer
40419,,,Apathetic Scholar
40420,,,Paradise-Devoted Resident
40421,,,Calm Woman
40422,,,Helena
40423,,,Injured Official
40424,Administrator,,Gale
40425,,,Gate Soldier
40426,Gate Captain,,Gerda
40427,,,Supply Depot Administrator
40428,,,Daring Girl
40429,,,Once-Faithful Girl
40430,,,Celine
40431,,,Logos
40432,,,Unknown Being
40433,,,Stormkel Soldier
40434,,,Stormkel Soldier
40435,,,Stormkel Officer
40436,,,Stormkel Officer
40437,,,
40438,,,
40439,,,
40440,Sverd Mercenaries,,Libi
40441,,,
40442,,,
40443,,,
40444,,,
40445,,,
40446,,,
40501,,,Warden of the Tower
40502,Dragon Hunter,,Karam
40503,,,Auren
40504,,,Mucha
40505,,,Ranon
40506,,,Nuul
40507,,,Chedar
40508,,,Vedat
40509,,,Paran
40510,,,Vaster
40512,,,Valbas
40513,,,
40514,,,
40515,,,Night Raven Strike Captain
40516,,,Night Raven Mage
40517,,,Night Raven Mage
40518,,,Night Raven Spearman
40519,,,Sol
40520,,,Naraf
40521,,,Villager
40522,,,Villager
40523,,,Paran
40524,,,
40525,Dragon Hunter,,Sharp-Looking Man
40526,,,
40527,,,
40528,,,Trembling Resident
40529,,,Vaster
40530,,,Captive Villager
40531,,,
40532,,,
40533,,,
40534,,,
40535,,,
40536,,,
40537,,,
40538,,,
40539,,,
40540,,,
40541,,,
40542,,,
40543,,,
40544,,,
40545,,,
40546,,,
40547,,,
40548,,,
40549,,,Mucha's Older Sister
40550,,,
40551,,,
40552,,,
40553,,,
40554,,,
40555,,,
40556,,,
40557,,,
40558,,,Cave Owls
40559,,,Cave Owls
40560,,,Dispatched Hunter
40561,,,Naraf
40562,,,Man in Agony
40563,Divine,,Rada
40564,Divine,,Wounded Koon
50101,Guard,,Hadi
50102,Stormkel Resident,,Garstem
50103,Ashientet Resident,,Mahisa
50104,Encampment Resident,,Olia
50106,Wasteland Adventurer,,Kaveh
50107,Lost Adventurer,,Bellin
50108,Oasis Resident,,Kiar
50109,Oasis Resident,,Nazia
50111,Oasis Resident,,Darab
50112,Hunters Guild Master,,Kian
50113,Oasis Resident,,Kuiran
50114,Oasis Resident,,Mana
50115,Oasis Resident,,Arsha
50116,Oasis Resident,,Mitra
50117,Oasis Resident,,Parvin
50118,Oasis Resident,,Kathera
50119,Artisans Guild Master,,Fabrice
50120,Ashientet Resident,,Yasmin
50121,Ashientet Resident,,Vahista
50122,Ashientet Resident,,Ardi
50123,,,
50124,,,Gilbert
50159,,,Lilian
50160,,,Hafez
50161,,,Marmie
50162,,,Zaven
50163,,,Orha
50164,Foreman,,Zabin
50165,,,Taban
50166,,,Ashientet Manor Soldier
50167,,,
50168,,,
50169,,,Quaista
50170,,,Quaista
50171,,,Shadow Wolf Member
50172,,,Shadow Wolf Strike Captain
50173,,,
50174,,,Zaven
50175,,,Zaven
50176,,,Ashientet Manor Soldier
50200,Ishinu’s Disciple,,Tristan
50201,,,Zakirum
50202,,,Sagur
50203,,,Zidara
50204,,,Zuabu
50205,,,Amelie
50206,,,Fleur
50207,,,Atessa
50208,Soft-Bean Adventurers,,Enju
50209,,,Biran
50210,,,Irandot
50211,Soft-Bean Adventurers,,Sagkala
50212,,,Brewery Worker
50213,,,Elodie
50214,,,Strange Aura
50215,,,Azid
50216,,,Sagkala
50217,,,
50218,,,
50219,,,
50220,,,
50221,,,
50222,,,Biran
50223,,,Irandot
50224,Soft-Bean Adventurers,,Azid
50225,Ishinu’s Disciple,,Joris
50226,Ishinu’s Disciple,,Joris
50301,Mountain Club Leader,,Quentin
50302,,,Mountain Club Member
50303,,,
50304,,,Mountain Club Member
50305,,,
50306,,,Tindra
50307,,,Limariya
50308,,,Energetic Member
50309,,,Vigorous Elder Member
50310,,,Nina
50311,,,Kishirashu
50312,,,Post-Work Resident
50313,,,Resting Resident
50314,,,Thierry
50315,,,Josephine
50316,Knights of the Frostwind,,Ophelia
50317,Knights of the Frostwind,,Sophie
50318,,,Jesper
50319,Knights of the Frostwind,,Jean
50320,,,Parnayia
50321,,,Tilmun
50322,,,Girl
50323,,,Captive
50324,,,
50325,,,Captive
50350,,,Hesperia Resident
50351,,,Hesperia Resident
50352,,,Hesperia Resident
50353,,,Irpan
50354,,,Corin
50355,Rappie Breeder,,Hammu
50356,Historian,,Bastian
50357,,,
50401,Training Instructor,,Katrina
50402,,,Per
50403,,,Exhausted Carpenter
50404,,,Finn
50405,,,Startled Man
50406,,,Tory
50407,,,Suspicious Soldier
50408,,,Kari
50409,,,Ulf
50410,,,Jovial Blacksmith
50411,,,Yunu
50412,Fluffy-Hair,,Ninda
50413,,,Penya
50414,,,Jovial-Looking Man
50415,,,Luke
50416,,,Zed
50417,,,Yvette
50418,,,Sorik
50419,,,Piriz
50420,,,Umun
50421,,,Desperate Voice
50422,Administrator,,Las
50423,Gate Captain,,Gerda
50424,,,Blacksmith
50425,,,Supply Depot Administrator
50426,,,Haken
50427,,,Viana
50428,Field Commander,,Harald
50429,,,Karis
50430,,,Agani
50451,,,Nisir
50452,,,Unmotivated Rebel
50453,,,Ragne
50454,,,Timid-Voiced Woman
50455,,,Greta
50456,,,Tory
50457,The Spring-Water Raven Academic Society,,Elbi
50458,The Spring-Water Raven Academic Society,,Kasper
50459,,,Karis
50460,,,Calm-Voiced Woman
50461,,,Beatrice
50462,,,Witch of the Snowfield
50463,,,Celine
50464,,,Ingmar
50465,Genius Doctor,,Barag
50466,,,Haildi
50467,,,Astrid
50468,,,Stubborn Rebel
50501,,,Ranon
50502,,,Seta
50503,,,Seta
50504,,,Hakan
50505,,,Narim
50506,,,Ozge
50507,,,Shahnaz
50508,,,Bau
50509,,,
50510,,,Duren
50511,,,Tion
50512,,,Devora
50513,,,Chedar
50514,,,Vedat
50515,,,Sahinia
50516,,,Fallen Villager
50517,,,Fallen Villager
50518,,,Frightened Child
50519,,,Groggy Villager
50520,,,Zabiya
50521,,,Shamashak
50522,,,Balih
50523,,,Joyful Cave Owl Elder
50524,,,Frail Cave Owl Elder
50525,,,Seta
50526,,,Ranon
50527,,,Ozge
50528,,,Forgotten Crest Villager
50529,,,Forgotten Crest Villager
61201,Artisans Guild,,Maureen
61202,,,Pottery Merchant
61203,,,Pottery Merchant
61204,Artisans Guild,,Rene
61205,Artisans Guild,,Priya
61206,,,Cat
61207,,,Bruno
61208,,,Zamira
61209,,,
61210,,,
61241,,,
61242,,,
61243,,,
61244,,,
61245,,,
61246,,,
61211,,,Chika
61212,Legendary Hunter,,Seta
61213,Romantic Hunter,,Uran
61214,Innovative Hunter,,Xenia
61222,,,
61223,,,
61224,,,
61225,,,
61226,,,
61227,,,
61228,,,
61229,,,
61230,,,
61253,,,Seta
61254,,,Xenia
61239,,,Anteaters
61215,,,Armia
61216,,,
61217,,,
61218,,,
61219,,,
61220,,,
61221,,,
61240,,,
61233,,,Passer-by Naruru
61234,,,
61235,,,
61236,,,
61237,,,
61238,,,
61247,,,Yoar
61248,,,
61249,,,
61250,Assessors Guild Master,,Monica 
61251,,,Shadow Wolf Archer
61252,,,Shadow Wolf Warrior
61255,,,Courier
61256,,,Bailey
61257,,,Nicola
61258,,,Sniffling Naruru
61263,,,Sniffling Naruru
61264,,,Aerymia
61259,,,Angry Tail
61260,,,Frightened Guild Member
61261,,,Nicola
61265,,,
61701,,,Drunkard
61702,,,Calm Resident
61703,,,Boastful Naruru
61704,,,Twisted Adventurer
61705,,,Stoic Adventurer
61706,,,Kayla
61707,,,Sadi
62701,,,Etana
62702,,,Energetic Naruru
62703,,,Lively Naruru
62704,,,Excited Naruru
61708,,,Sadi
61712,,,Etana
61713,,,Energetic Naruru
61714,,,Lively Naruru
61715,,,Excited Naruru
61709,Aburu’s Bounty Festival Envoy,,Claude
61710,,,Frantia Manor Guard
61711,,,Trim-Looking Guard
62709,Aburu’s Bounty Festival Envoy,,Tirashu
62723,,,
62710,Star of the West Merchant,,Ambitious Merchant
62711,Star of the West Merchant,,Anxious Merchant
62712,,,
62713,,,
62714,,,
62715,Rappie Breeder,,Shtu
62716,,,Rappie
62717,,,Adorned Rappie
62718,,,Adorned Rappie
62719,,,Shadow Wolf Junior
62720,,,Hesperia Merchant
62721,Apprentice Tribute Keeper,,Tiglath
62722,Star of the West Merchant,,Nasser
62724,,,
62725,,,
62726,,,
62727,,,
62728,,,
62729,,,
62730,,,
62731,,,
62732,,,
62733,,,
62734,,,
62735,,,
63701,,,Asli
63702,,,Suspicious Mage
63703,,,Michael
63704,,,Symon
63707,,,
64701,Jovial Naruru,,Jiniru
64702,Lively Clerk,,Mni
64703,Weary Blacksmith,,Gareth
64704,Focused Cook,,Jess
64705,Struggling Naruru,,Mamin
61716,,,Eyvind
63708,Brigade Commander,,Gunter
63709,Vice Commander,,Brenner
63710,,,Karadu
63711,,,Survivor
64721,,,Survivor
63716,,,
64722,,,
63712,,,
63713,,,
63714,,,
63715,,,
64706,,,
64707,,,
64708,,,
64709,,,
64710,,,
64711,,,
64712,,,Eli
64713,,,Chahinia
64714,,,
64715,,,
64716,,,
64717,,,
64718,,,
64723,,,
64719,,,
64720,,,
62901,,,Naru
62902,,,Kashura
62903,,,Ninda
62904,,,Buru
62905,,,Gillan
62910,,,
62911,,,
62912,,,
62913,,,
70001,Queen's Explorer,,Elin
70002,Queen's Explorer,,Silla
70003,Queen's Explorer,,Ulvié
70004,Queen's Explorer,,Zeda
70005,,,Shadow Wolf Member
70006,,,Inactive Colossus
70007,,,Liquor Merchant
70008,,,Tipsy Denizen
70009,Shiny-Head,,Schulak
70010,Liquor Merchant,,Pinar
70011,,,Quaista
70012,,,Chahim
70013,,,Funds Courier
70014,,,Ramynn
70015,,,Noisy Object
70016,Ancient Civilization Epitome,,Weifel
70017,,,Near-Dead Man
70018,Liberator of Knowledge,,Zisen
70019,,,Sullen Naruru
70020,,,Appeased Naruru
70021,,,Zisen
70022,,,Davin
70023,,,Outpost Soldier
70024,Sverd Mercenaries,,Nova
70025,Sverd Mercenaries,,Libi
70026,,,Mercenary Member
70027,,,Mercenary Member
70028,,,Stormkel Legation Assigned Soldier
70029,,,Babylon Guard
70030,Assessors Guild Deputy Master,,Adel
70031,Liberator of Knowledge,,Blockio
70032,,,Monas
70033,,,Kima
70034,,,Mysterious Man
70035,,,Funds Courier
70036,,,Funds Courier
70037,,,Shadow Wolf Member
70038,,,Shadow Wolf Member
70039,,,Inactive Gishkal
70040,,,
70041,Ancient Civilization Epitome,,Ancient Artifact
70042,Ancient Civilization Epitome,,Ozcan
70043,The Spring-Water Raven Academic Society,,Cyril
70044,Queen's Explorer,,Zeda
70045,The Spring-Water Raven Academic Society,,Cyril
70046,,,Disgruntled Girl
70047,,,Naie
70048,,,Kind-Looking Old Man
70049,,,Netan
70050,,,Cheerful Kid
70051,,,Cheery Kid
70052,,,Kuren
70053,,,Kind-Looking Girl
70054,,,Sekien
70055,,,Passionate Man
70056,,,Fair-Looking Woman
70057,,,Hollow-Looking Woman
70058,,,Tired Man
70059,,,Dan
70060,,,Naie
80202,,,Mercenary
80203,,,Mercenary
80204,Divine,,Rada
80205,Divine,,Azran
80206,,,Titan
80207,,,Quaista
80208,,,Ramynn
80209,Scout,,Scout Spearman
80210,Scout,,Scout Swordsman
80211,Scout,,Alayn
80212,Scout,,Xavyer
80213,Knight Commander,,Lena
80214,,,Soldier
80215,,,Soldier
80216,,,
80217,,,
80218,,,Ramynn
80219,Divine,,Ragnar
80220,,,Azid
80221,Divine,,Beretta
80222,,,Karadu
80223,Divine,,Azran
80224,,,Quaista
80225,,,Karam
80226,,,Sol
80227,,,Naraf
80229,Divine,,Khoon
80230,,,Duren
61231,,,Seta
61232,,,Xenia
61262,,,Bailey
63705,,,Michael
63706,,,Symon
80101,,,Gunter
80102,,,Brenner
80103,,,
80104,,,
80105,,,
80106,,,
80301,Divine,,Rada
80228,,,Eli
80305,Divine,,Khoon
80306,Divine,,Rada
80307,Divine,,Beretta
90101,,,Kuduru Warrior
90102,,,Shadok Of the Tower
90103,,,Shadok Of the Tower
90104,,,Aksharon Of the Tower
90105,,,Sagnoran Of the Tower
90107,,,Garnemed Of the Tower
90109,,,Shadok Of the Tower
90110,,,Shadok Of the Tower
90111,,,Aksharon Of the Tower
90112,,,Sagnoran Of the Tower
90113,,,Amdur Of the Tower
90114,Road of Hardship,,Black Predator
90115,,,Garnemed
90120,Road of Hardship,,Young Black Predator
90123,,,Anteaters
90125,,,Shadok
90126,,,Shadok
90127,,,Shadok Of the Tower
90129,,,Aksharon Of the Tower
90130,,,Sagnoran Of the Tower
90132,,,Garnemed Of the Tower
90134,,,Shadow Wolf Clan
90135,,,Shadow Wolf Clan
90136,,,Shadok Of the Tower
90138,,,Aksharon Of the Tower
90139,,,Sagnoran Of the Tower
90140,,,Amdur Of the Tower
90141,,,Garnemed Of the Tower
90143,,,Shadow Wolf Clan
90144,,,Shadow Wolf Clan
90145,,,Shadow Wolf Clan
90146,,,Shadow Wolf Clan
90147,,,Titan
90148,Shadow Wolf Clan,,Brigade Commander
90149,,,Outlaw
90150,,,Outlaw
90151,,,Shadow Wolf Clan
90152,,,Shadow Wolf Clan
90153,,,Shadow Wolf Clan Member
90154,,,Shadow Wolf Clan Member
90155,,,Muina Private Soldier
90156,,,Muina Private Soldier
90157,,,Shadok Of the Tower
90158,,,Sagnoran Of the Tower
90159,,,Sagnoran Of the Tower
90160,,,Garnemed Of the Tower
90161,,,Shadow Wolf Clan
90162,,,Shadow Wolf Clan
90163,,,Shadow Wolf Clan Elite Member
90164,,,Outlaw Leader
90170,,,Destroyed Colossus
90171,,,Destroyed Colossus
90172,,,Destroyed Colossus
90173,,,Destroyed Colossus
90180,,,Titan
90185,,,Steel Ant Worker
90186,,,Standard Steel Ant Soldier
90201,,,Kuduru Warrior
90202,,,Kuduru Watcher
90203,,,Kuduru Sorcerer
90204,,,Lunging Stranger
90205,,,Lunging Stranger
90206,,,Lunging Stranger
90207,,,Shadok Of the Tower
90208,,,Shadok Of the Tower
90209,,,Aksharon Of the Tower
90210,,,Sagnoran Of the Tower
90211,,,Amdur Of the Tower
90212,,,Garnemed Of the Tower
90214,,,Kuduru Warrior
90215,,,Kuduru Watcher
90216,,,Kuduru Sorcerer
90217,,,Kuduru Warrior
90218,,,Kuduru Watcher
90219,,,Kuduru Sorcerer
90220,,,Shadok Of the Tower
90221,,,Shadok Of the Tower
90222,,,Aksharon Of the Tower
90223,,,Sagnoran Of the Tower
90224,,,Shadok Of the Tower
90225,,,Garnemed Of the Tower
90227,,,Poisoned Disciple
90228,,,Poisoned Disciple
90229,,,Poisoned Disciple
90230,Paradise Advent Society,,Believer
90231,Paradise Advent Society,,Believer
90232,Paradise Advent Society,,Believer
90236,Paradise Advent Society,,Gatekeeper
90237,Paradise Advent Society,,Fanatic
90238,Paradise Advent Society,,Fanatic
90239,Paradise Advent Society,,Fanatic
90240,Paradise Advent Society,,Prophet
90241,Divine,,Beretta
90242,,,Red Primal Rappie
90243,,,Young Gray Primal Rappie
90280,,,Blue Wild Rappie
90281,,,Small Kuduru Guard
90282,,,Kuduru Destroyer
90290,,,Navaruk
90291,,,Nemed
90292,The Savage Ravine,,Ironclad Turtle
90293,The Savage Ravine,,Small Ironclad Turtle
90294,Wyvern’s Nest,,Vampire Wasp General
90295,Wyvern’s Nest,,Lesser Vampire Wasp Soldier
90296,Blood Queen,,Galarusia
90297,,,Lesser Vampire Wasp Soldier
90298,,,Intermediate Vampire Wasp Soldier
90300,,,Ironblood Brigade Escort
90301,,,Ironblood Brigade Member
90302,,,Ironblood Brigade Vice Commander
90303,,,Kiguru Great Warrior
90304,,,Small Kiguru Archer
90305,,,Aksharon Of the Tower
90306,,,Amdur Of the Tower
90307,,,Garnemed Of the Tower
90308,,,Training Golem
90309,Knight Commander,,Lena
90310,Ironblood Brigade,,Brigade Commander
90311,,,Ironblood Brigade Member
90312,,,Ironblood Brigade Member
90313,,,Ironblood Brigade Member
90314,,,Ironblood Brigade Member
90315,,,Kiguru Warrior
90316,,,Kiguru Sorcerer
90317,,,Ironblood Brigade Remnant
90318,,,Ironblood Brigade Remnant
90319,,,Valbas
90320,,,Ironblood Brigade Remnant
90321,,,Ironblood Brigade Remnant
90322,,,Ironblood Brigade Remnant
90323,,,Ironblood Brigade Remnant
90326,Ironblood Brigade,,High Officer
90327,,,Ironblood Brigade Member
90328,,,Ironblood Brigade Member
90329,,,Ironblood Brigade Member
90330,,,Ironblood Brigade Member
90331,,,Ironblood Brigade Member
90332,,,Ironblood Brigade Member
90333,Ironblood Brigade,,Escort
90334,,,Ironblood Brigade Member
90335,,,Ironblood Brigade Member
90336,,,Ironblood Brigade Member
90370,,,Ironblood Brigade Member
90371,,,Ironblood Brigade Member
90372,,,Ironblood Brigade Member
90373,,,Ironblood Brigade Member
90374,,,Ironblood Brigade Member
90375,,,Man-Stealer
90376,,,Man-Stealer
90401,,,Astrid Soldier
90402,,,Astrid Soldier
90403,,,Astrid Soldier
90404,,,Astrid Soldier
90405,,,Shadok Of the Tower
90406,,,Shadok Of the Tower
90407,,,Aksharon Of the Tower
90408,,,Sagnoran Of the Tower
90409,,,Shadok Of the Tower
90410,,,Garnemed Of the Tower
90411,,,Astrid Soldier
90412,,,Astrid Soldier
90413,Paradise Advent Society,,Believer
90414,Paradise Advent Society,,Believer
90415,Paradise Advent Society,,Believer
90416,Paradise Advent Society,,Believer
90417,Paradise Advent Society,,Believer
90418,Paradise Advent Society,,Believer
90419,,,Xeros
90420,,,Logos
90421,,,Astrid
90422,Paradise Advent Society,,Believer
90423,Paradise Advent Society,,Believer
90175,,,Shadow Wolf Clan
90176,,,Shadow Wolf Clan
90177,,,Shadow Wolf Strike Captain
90178,,,Shadow Wolf Clan
90179,,,Shadow Wolf Clan
90181,,,Shadow Wolf Clan
90183,,,Shadow Wolf Clan
90184,,,Shadow Wolf Clan
90187,,,Shadow Wolf Clan
90188,,,Shadow Wolf Clan
90189,,,Shadow Wolf Strike Captain
90190,,,Shadow Wolf High Officer
90191,Shadow Wolf Clan,,Fahad
90192,,,Shadow Wolf Clan
90193,,,Shadow Wolf Clan
90194,,,Shadow Wolf Clan
90195,,,Shadow Wolf Clan
90196,,,Shadow Wolf Clan
90197,,,Shadow Wolf Clan Elite Member
90198,,,Shadow Wolf Clan Elite Member
90199,,,Shadow Wolf Clan Elite Member
90385,,,Large Kiguru Warrior
90386,,,Kiguru Spearman
90387,,,Spore Crab
90389,Dancing Death,,Lugaz
90390,,,Ironblood Brigade Spearman
90391,,,Ironblood Brigade Crossbowman
90392,,,Ironblood Brigade Swordsman
90393,,,Ironblood Brigade Officer
90441,Astrid Rebel Stronghold,,Rebel Raider
90442,Astrid Rebel Stronghold,,Rebel Swordsman
90443,Astrid Rebel Stronghold,,Rebel Soldier
90444,Astrid Rebel Stronghold,,Rebel Spearman
90445,Blizzard's Breath Plain,,Lord of the Forest
90446,Blizzard's Breath Plain,,Small Lord of the Forest
90451,,,Astrid
90500,,,Young Red Centipede
90501,,,Red Wyrm Mantis
90502,,,Muzuru Warrior
90503,,,Stoneclad Tortoise
90504,,,Evil Dragon
90505,,,Living Corpse
90506,,,Hungry Corpse
90507,,,Living Corpse
90508,,,Living Corpse
90509,,,Hungry Corpse
90510,,,Vaster
90511,,,Living Corpse
90512,,,Hungry Corpse
90513,,,Living Corpse
90514,,,Hungry Corpse
90515,,,Living Corpse
90516,,,Living Corpse
90517,,,Hungry Corpse
90518,,,Living Corpse
90519,,,Hungry Corpse
90530,,,Army of the Dead
90531,,,Army of the Dead
90532,,,Army of the Dead
90533,,,Night Raven Mage [TEMP]
90534,,,Night Raven Mage [TEMP]
90535,,,Night Raven Spearman [TEMP]
90536,,,Night Raven Enforcer [TEMP]
90540,,,Night Raven Mage [TEMP]
90541,,,Night Raven Mage [TEMP]
90542,,,Night Raven Spearman [TEMP]
90543,,,Army of the Dead
90544,,,Army of the Dead
90545,,,Army of the Dead
90546,,,Nuul
90520,,,Ranon
90521,,,Seta
90522,,,Ancient Giant
90523,,,Rampaging Subject
90524,,,The Ashen Crows
90525,,,Trials Monster
90526,,,Trials Monster
90527,,,Trials Monster
90528,,,Ambushing Monster
90529,,,Ambushing Monster
91101,,,Shadow Wolf Archer
91102,,,Shadow Wolf Bandit
91103,,,Red Primal Rappie
91104,,,Young Gray Primal Rappie
91105,,,Anteaters
91114,,,Aksharon Of the Tower
91115,,,Amdur Of the Tower
91116,,,Garnemed Of the Tower
91106,,,Shadow Wolf Archer
91107,,,Shadow Wolf Bandit
91108,,,Small Jigur
91109,,,Medium Jigur
91110,,,Large Jigur
91111,,,Sand Maw
91112,,,Armored Toad
91113,Red Mane,,Tagar
75000,,,Kuduru Warrior
75001,,,Kuduru Watcher
75002,,,Kuduru Chieftain
75005,,,Kiguru Spearman
75006,,,Kiguru Sorcerer
75007,,,Titan
75008,,,Ancient Tree Giant
75011,,,Shadow Wolf Archer
75012,,,Shadow Wolf Bandit
75013,,,Sniper
75014,,,Swordsman
75015,,,Sniper
75016,,,Swordsman
75017,Paradise Advent Society,,Believer
75018,Paradise Advent Society,,Believer
75019,Paradise Advent Society,,Believer
75020,Paradise Advent Society,,Believer
75021,Paradise Advent Society,,Believer
75022,Paradise Advent Society,,Believer
75025,,,Wyrmfish
75026,,,Armored Toad
75027,,,Shadow Wolf Sniper
75028,,,Shadow Wolf Bandit
75030,,,Shadow Wolf Archer
75031,,,Shadow Wolf Bandit
75032,Paradise Advent Society,,Believer
75033,Paradise Advent Society,,Believer
75034,Paradise Advent Society,,Believer
75040,Ironfist,,Gishkal
75041,Ice Blade,,Halpasiam
75042,,,Nagir
75043,,,Garigidum
75050,,,Steel Ant Worker
75051,,,Standard Steel Ant Soldier
75052,,,Sand Maw
75060,Thundergon,,Drugamu
75065,Ashen Butcher,,Daidalkur
75066,,,Young Corpse Predator
75067,,,Vampire Wasp General
75068,,,Nagir
75069,,,Nemed
75070,,,Amdur Of the Tower
90244,,,Kuduru Warrior
90245,,,Kuduru Watcher
90246,,,Small Kuduru Guard
90247,,,Large Kackak
90248,,,Small Karus
90249,,,Medium Urmak
90250,,,Lunir
90251,,,Barukaku
90252,,,Zaitorun
90253,,,Ironjaw Bear
90254,,,Monstrosity
90255,,,Giant
90256,,,Giant
90257,,,Giant
90258,,,Giant
90259,,,Giant
90260,,,Giant
90270,,,Small Jigur
90271,,,Medium Jigur
90261,,,Giant
90262,,,Giant
90263,,,Giant
90264,,,Giant
90265,,,Giant
90266,,,Giant
90267,,,Giant
90268,,,Giant
90269,,,Armored Giant
90272,,,Small Aksharon
90273,,,Medium Amdur
200001,Shining Ice Buyer Merchant,,Zababa
200002,Shining Ice Buyer Merchant,,Manu
200003,Shining Ice Buyer Merchant,,Baru
200011,,,Giant Snow Goblin
200012,,,Snow Goblin
110101,Babylon,,Skillbook Merchant
110102,Babylon,,Ancient Coin Shop
110103,Babylon,,Commission House
110104,Babylon,,Healer Priest
110105,Babylon,,General Merchant
110106,Babylon,,Stash Keeper
110107,Babylon,,Adventurers’ Alliance Guild Coin Shop
110108,Babylon,,Clan’s Ancient Coins Shop
110109,Babylon,,Gold Crystal Shop
110110,Babylon,,Rift Shop
110111,Babylon,,Abyssal Token Shop
110112,Babylon,,Marketplace
110113,Babylon,,Arena Shop
110201,Bardad Expedition Garrison,,General Merchant
110202,Bardad Expedition Garrison,,Stash Keeper
110203,Bardad Expedition Garrison,,Healer Priest
110204,Bardad Expedition Garrison,,Ancient Coin Shop
110205,Bardad Expedition Garrison,,Skillbook Merchant
110206,Bardad Expedition Garrison,,Adventurers’ Alliance Guild Coin Shop
110207,Bardad Expedition Garrison,,Commission House
110208,Bardad Expedition Garrison,,Clan’s Ancient Coins Shop
110209,Bardad Expedition Garrison,,Gold Crystal Shop
110210,Bardad Expedition Garrison,,Rift Shop
110211,Bardad Expedition Garrison,,Abyssal Token Shop
110212,Bardad Expedition Garrison,,Arena Shop
110301,Taima Pioneer Village,,General Merchant
110302,Taima Pioneer Village,,Stash Keeper
110303,Taima Pioneer Village,,Healer Priest
110304,Taima Pioneer Village,,Skillbook Merchant
110305,Taima Pioneer Village,,Ancient Coin Shop
110306,Taima Pioneer Village,,Adventurers’ Alliance Guild Coin Shop
110307,Taima Pioneer Village,,Commission House
110308,Taima Pioneer Village,,Clan’s Ancient Coins Shop
110309,Taima Pioneer Village,,Gold Crystal Shop
110310,Taima Pioneer Village,,Rift Shop
110311,Taima Pioneer Village,,Abyssal Token Shop
110312,Taima Pioneer Village,,Arena Shop
110401,First Step Village,,General Merchant
110402,First Step Village,,Stash Keeper
110403,First Step Village,,Healer Priest
110501,Sunshade Encampment,,General Merchant
110502,Sunshade Encampment,,Stash Keeper
110503,Sunshade Encampment,,Healer Priest
110601,Central Detachment Garrison,,General Merchant
110602,Central Detachment Garrison,,Stash Keeper
110603,Central Detachment Garrison,,Healer Priest
110701,Magobi Encampment,,General Merchant
110702,Magobi Encampment,,Stash Keeper
110703,Magobi Encampment,,Healer Priest
110801,Thundercrest,,General Merchant
110802,Thundercrest,,Stash Keeper
110803,Thundercrest,,Healer Priest
110901,Gate of Lament,,General Merchant
110902,Gate of Lament,,Stash Keeper
110903,Gate of Lament,,Healer Priest
120101,Aburu Village,,General Merchant
120102,Aburu Village,,Stash Keeper
120103,Aburu Village,,Commission House
120104,Aburu Village,,Ancient Coin Shop
120105,Aburu Village,,Healer Priest
120106,Aburu Village,,Skillbook Merchant
120107,Aburu Village,,Adventurers’ Alliance Guild Coin Shop
120108,Aburu Village,,Clan’s Ancient Coins Shop
120109,Aburu Village,,Gold Crystal Shop
120110,Aburu Village,,Rift Shop
120111,Aburu Village,,Abyssal Token Shop
120112,Aburu Village,,Marketplace
120113,Aburu Village,,Arena Shop
120301,Rappie Ranch,,General Merchant
120302,Rappie Ranch,,Stash Keeper
120303,Rappie Ranch,,Healer Priest
120304,Rappie Ranch,,Commission House
120305,Rappie Ranch,,Skillbook Merchant
120306,Rappie Ranch,,Ancient Coin Shop
120307,Rappie Ranch,,Adventurers’ Alliance Guild Coin Shop
120308,Rappie Ranch,,Clan’s Ancient Coins Shop
120309,Rappie Ranch,,Gold Crystal Shop
120310,Rappie Ranch,,Rift Shop
120311,Rappie Ranch,,Abyssal Token Shop
120312,Rappie Ranch,,Arena Shop
120401,Sunset Brewery,,General Merchant
120402,Sunset Brewery,,Stash Keeper
120403,Sunset Brewery,,Healer Priest
120404,Sunset Brewery,,Skillbook Merchant
120405,Sunset Brewery,,Ancient Coin Shop
120406,Sunset Brewery,,Adventurers’ Alliance Guild Coin Shop
120407,Sunset Brewery,,Commission House
120408,Sunset Brewery,,Clan’s Ancient Coins Shop
120409,Sunset Brewery,,Gold Crystal Shop
120410,Sunset Brewery,,Rift Shop
120411,Sunset Brewery,,Abyssal Token Shop
120412,Sunset Brewery,,Arena Shop
120501,Cactus Nest,,General Merchant
120502,Cactus Nest,,Stash Keeper
120503,Cactus Nest,,Healer Priest
120601,Great Arbor Domain,,General Merchant
120602,Great Arbor Domain,,Stash Keeper
120603,Great Arbor Domain,,Healer Priest
120701,Ancient Tree Bower,,General Merchant
120702,Ancient Tree Bower,,Stash Keeper
120703,Ancient Tree Bower,,Healer Priest
130101,Hesperia,,Ancient Coin Shop
130102,Hesperia,,Commission House
130103,Hesperia,,Healer Priest
130104,Hesperia,,General Merchant
130105,Hesperia,,Stash Keeper
130106,Hesperia,,Skillbook Merchant
130107,Hesperia,,Adventurers’ Alliance Guild Coin Shop
130108,Hesperia,,Clan’s Ancient Coins Shop
130109,Hesperia,,Gold Crystal Shop
130110,Hesperia,,Rift Shop
130111,Hesperia,,Abyssal Token Shop
130112,Hesperia,,Marketplace
130113,Hesperia,,Arena Shop
130201,Frantia Gate,,General Merchant
130202,Frantia Gate,,Stash Keeper
130203,Frantia Gate,,Healer Priest
130205,Frantia Gate,,Skillbook Merchant
130206,Frantia Gate,,Ancient Coin Shop
130207,Frantia Gate,,Adventurers’ Alliance Guild Coin Shop
130204,Frantia Gate,,Commission House
130208,Frantia Gate,,Clan’s Ancient Coins Shop
130209,Frantia Gate,,Gold Crystal Shop
130210,Frantia Gate,,Rift Shop
130211,Frantia Gate,,Abyssal Token Shop
130212,Frantia Gate,,Arena Shop
130301,Rappie Training Ground,,General Merchant
130302,Rappie Training Ground,,Stash Keeper
130303,Rappie Training Ground,,Healer Priest
130304,Rappie Training Ground,,Skillbook Merchant
130305,Rappie Training Ground,,Ancient Coin Shop
130306,Rappie Training Ground,,Adventurers’ Alliance Guild Coin Shop
130307,Rappie Training Ground,,Commission House
130308,Rappie Training Ground,,Clan’s Ancient Coins Shop
130309,Rappie Training Ground,,Gold Crystal Shop
130310,Rappie Training Ground,,Rift Shop
130311,Rappie Training Ground,,Abyssal Token Shop
130312,Rappie Training Ground,,Arena Shop
130401,Reconnaissance Outpost,,General Merchant
130402,Reconnaissance Outpost,,Stash Keeper
130403,Reconnaissance Outpost,,Healer Priest
130501,Great Echo Encampment,,General Merchant
130502,Great Echo Encampment,,Stash Keeper
130503,Great Echo Encampment,,Healer Priest
130601,Bardad Expedition Encampment,,General Merchant
130602,Bardad Expedition Encampment,,Stash Keeper
130603,Bardad Expedition Encampment,,Healer Priest
140101,Verzard Outpost,,General Merchant
140102,Verzard Outpost,,Stash Keeper
140103,Verzard Outpost,,Commission House
140104,Verzard Outpost,,Ancient Coin Shop
140105,Verzard Outpost,,Healer Priest
140106,Verzard Outpost,,Skillbook Merchant
140107,Verzard Outpost,,Adventurers’ Alliance Guild Coin Shop
140108,Verzard Outpost,,Clan’s Ancient Coins Shop
140109,Verzard Outpost,,Gold Crystal Shop
140110,Verzard Outpost,,Rift Shop
140111,Verzard Outpost,,Abyssal Token Shop
140112,Verzard Outpost,,Marketplace
140113,Verzard Outpost,,Arena Shop
140201,Vagrant's Repose,,General Merchant
140202,Vagrant's Repose,,Stash Keeper
140203,Vagrant's Repose,,Healer Priest
140204,Vagrant's Repose,,Skillbook Merchant
140205,Vagrant's Repose,,Ancient Coin Shop
140206,Vagrant's Repose,,Adventurers’ Alliance Guild Coin Shop
140207,Vagrant's Repose,,Commission House
140208,Vagrant's Repose,,Clan’s Ancient Coins Shop
140209,Vagrant's Repose,,Gold Crystal Shop
140210,Vagrant's Repose,,Rift Shop
140211,Vagrant's Repose,,Abyssal Token Shop
140212,Vagrant's Repose,,Arena Shop
140301,Stormkel Gate,,General Merchant
140302,Stormkel Gate,,Stash Keeper
140303,Stormkel Gate,,Healer Priest
140304,Stormkel Gate,,Skillbook Merchant
140305,Stormkel Gate,,Ancient Coin Shop
140306,Stormkel Gate,,Adventurers’ Alliance Guild Coin Shop
140307,Stormkel Gate,,Commission House
140308,Stormkel Gate,,Clan’s Ancient Coins Shop
140309,Stormkel Gate,,Gold Crystal Shop
140310,Stormkel Gate,,Rift Shop
140311,Stormkel Gate,,Abyssal Token Shop
140312,Stormkel Gate,,Arena Shop
140401,Naruru Hot Springs,,General Merchant
140402,Naruru Hot Springs,,Stash Keeper
140403,Naruru Hot Springs,,Healer Priest
140501,Verzard Secret Outpost,,General Merchant
140502,Verzard Secret Outpost,,Stash Keeper
140503,Verzard Secret Outpost,,Healer Priest
140601,Bardad Expedition Encampment,,General Merchant
140602,Bardad Expedition Encampment,,Stash Keeper
140603,Bardad Expedition Encampment,,Healer Priest
140701,Crossroads Shelter,,General Merchant
140702,Crossroads Shelter,,Stash Keeper
140703,Crossroads Shelter,,Healer Priest
140801,Obsidian Encampment,,General Merchant
140802,Obsidian Encampment,,Stash Keeper
140803,Obsidian Encampment,,Healer Priest
140901,Alabaster Encampment,,General Merchant
140902,Alabaster Encampment,,Stash Keeper
140903,Alabaster Encampment,,Healer Priest
150101,Hunter's Village,,General Merchant
150102,Hunter's Village,,Stash Keeper
150103,Hunter's Village,,Healer Priest
150104,Hunter's Village,,Ancient Coin Shop
150105,Hunter's Village,,Skillbook Merchant
150106,Hunter's Village,,Adventurers’ Alliance Guild Coin Shop
150107,Hunter's Village,,Commission House
150108,Hunter's Village,,Clan’s Ancient Coins Shop
150109,Hunter's Village,,Gold Crystal Shop
150110,Hunter's Village,,Rift Shop
150111,Hunter's Village,,Abyssal Token Shop
150112,Hunter's Village,,Marketplace
150113,Hunter's Village,,Arena Shop
150201,Bardad Expedition Forward Waypoints,,General Merchant
150202,Bardad Expedition Forward Waypoints,,Stash Keeper
150203,Bardad Expedition Forward Waypoints,,Healer Priest
150204,Bardad Expedition Forward Waypoints,,Ancient Coin Shop
150205,Bardad Expedition Forward Waypoints,,Skillbook Merchant
150206,Bardad Expedition Forward Waypoints,,Adventurers’ Alliance Guild Coin Shop
150207,Bardad Expedition Forward Waypoints,,Commission House
150208,Bardad Expedition Forward Waypoints,,Clan’s Ancient Coins Shop
150209,Bardad Expedition Forward Waypoints,,Gold Crystal Shop
150210,Bardad Expedition Forward Waypoints,,Rift Shop
150211,Bardad Expedition Forward Waypoints,,Abyssal Token Shop
150212,Bardad Expedition Forward Waypoints,,Arena Shop
150301,Forgotten Crest,,General Merchant
150302,Forgotten Crest,,Stash Keeper
150303,Forgotten Crest,,Healer Priest
150304,Forgotten Crest,,Ancient Coin Shop
150305,Forgotten Crest,,Skillbook Merchant
150306,Forgotten Crest,,Adventurers’ Alliance Guild Coin Shop
150307,Forgotten Crest,,Commission House
150308,Forgotten Crest,,Clan’s Ancient Coins Shop
150309,Forgotten Crest,,Gold Crystal Shop
150310,Forgotten Crest,,Rift Shop
150311,Forgotten Crest,,Abyssal Token Shop
150312,Forgotten Crest,,Arena Shop
150401,Northwind Rest Stop,,General Merchant
150402,Northwind Rest Stop,,Stash Keeper
150403,Northwind Rest Stop,,Healer Priest
150501,Hunter's Border Outpost,,General Merchant
150502,Hunter's Border Outpost,,Stash Keeper
150503,Hunter's Border Outpost,,Healer Priest
150601,Bower Shelter,,General Merchant
150602,Bower Shelter,,Stash Keeper
150603,Bower Shelter,,Healer Priest
150701,Forest Keeper's Encampment,,General Merchant
150702,Forest Keeper's Encampment,,Stash Keeper
150703,Forest Keeper's Encampment,,Healer Priest
150801,Soul's Repose,,General Merchant
150802,Soul's Repose,,Stash Keeper
150803,Soul's Repose,,Healer Priest
