Id,Text
11,"Ea’s blessing be with you-roo! So glad to see you-roo, adventurer!"
12,I came out to greet you-roo as soon as I heard an adventurer was coming!
13,You look a bit hungry-roo. Would you like a snack? Our village is just a short walk down-roo! Let's go-roo!
22,
23,
24,
25,
10000011,[There doesn't seem to be anything particularly unusual.]
10000021,"A fragment of the Tesseract Vardad spoke of.
It appears to be an ancient relic, yet it radiates no discernable power.
Let's take it for now."
10000031,[Faint traces of a massive magic circle... Nothing else seems out of the ordinary here. Wait—something’s shimmering down by the river. Let’s head over and take a closer look.]
10000041,It looks like the monsters haven't made it as far as the water cistern yet.
10000051,"A signpost marking the way to the garrison.
May no adventurer lose their way…"
10000061,"[Without a doubt, this crest belongs to the Mercenaries.]"
10000071,"[Operation: Reclaim Babylon]
- Exterminate those wretched Impostors and show them who the true masters are. 
- Establish a base near Babylon and Taima Pioneer Village. Keep a close watch on them. 
- Take down Aman, that Guild Alliance Leader who treats Babylon like his personal playing. His riches and assets—they’re ours for the taking. 
 - Eliminate Muina. She’s nothing but Arhan Shah’s little pet playing Lieutenant. Once she’s gone, the Shadow Wolf Alpha will take her seat."
10000081,"Just as Kamiya said, the cut is clean.
This is clearly the work of a master... what on earth happened here?"
10000091,"It reads: [""Bits of meat still clings to the teeth.""]"
10000101,[I ate the meat stuck between the teeth.]
10000111,"[It reads: ""Snow begins to fall upon the wasteland.""]"
10000121,"An unfamiliar cactus I’ve never seen before...
Must be the one Yasta was talking about.
Will the monsters actually recoil from this? Hard to say, but I’ll take it for now."
10000131,"Soil collected from the first site for reclamation, as Uzar mentioned.
The quality is decent, but the monsters nearby are a concern.
I should check the riverbank, too."
10000141,[This doesn't look like the cargo Nanda mentioned. Let’s keep searching for the rest of the bags.]
10000151,"Black clothes and wolf tattoo.
It's the Shadow Wolf Clan, no doubt."
10000161,[Sugar Plums are fruits about the size of a fist. Children love them for their sweet flavor.]
10000171,"[The Europae is a fruit tree that bears round, heavy fruit. Eating them—raw, roasted, or pickled—restores one's vitality.]"
10000181,This looks like the report Baran dropped. I should return it to him.
10000191,"Scattered cargo, likely from the transport unit.
I need to search the area further."
10000201,"No sign of Elin. Only a small dagger and a single feather remained.
The dagger’s craftsmanship was unlike anything I’d ever seen."
10000211,"Looks like a merchant guard's shield.
Has something happened to the caravan ahead?
If this is linked to the sky anomaly... I’d better move fast."
10000221,"A device of unknown design.
It appears to be non-functional due to severe damage."
10000231,"A faint trace remains.
Rada was right—it’s linked to an ancient civilization, but seemingly unrelated to the Rift.
Nothing more to see here. I should tell Lada what I’ve found."
10000241,No one would hide here with monsters prowling about. I'd better check the upper floors.
10000251,"It looks similar to the shape Beretta described.
I should check other spots as well."
10000261,This is exactly what Beretta mentioned. Let's take it.
10000271,Looks like traces of the transport unit. I'll follow the trail of blood.
10000281,"This is definitely the transport wagon, but there’s no sign of the soldiers."
10000291,"Judging by the deep ruts, these must be the wagon's tracks.
They must have been chased to veer off the main road like this.
I need to pick up the pace."
10000301,Nothing seems out of the ordinary. Let's search elsewhere.
10000311,I see faint footprints. How did this happen in such a remote place? I should examine the passage.
10000321,The stash guard's body is nowhere to be found. Let's search the surroundings.
10000331,No pulse. They’re gone. I should head back to Khoon and explain the situation.
10000341,Doesn't look like the spot. Let's keep looking.
10000351,Not here either. Where could they be hiding?
10000361,The grass has been disturbed. This must be the right way....
10000371,"…There is no such thing as paradise, nowhere in this world.
So please, never follow strangers,
and never eat anything just because it looks interesting...

I still remember the first time I held you in my arms, Atessa.

If I could only return to that moment, I...
I would never have brought you to the Forsaken Land.
Even if my hands had been frozen and my body had been weighted down by hunger,
I would have stayed by your side in a small tent by the oasis..."
10000381,"The flower Orica mentioned.
It looks as if it is shyly bowing its head."
10000391,"For the expulsion of ■■ and ■■■,
for the resurgence of ■■■■■,
to claim Babylon as our own,
this grand hunt must succeed.

-■■■-"
10000401,"Does rotating shifts every two days even make sense?
Give us a break once every eight hours, at least."
10000411,"△ Snare Merchant: Stock increased by 6 from last month (Sandmaw Tusk Necklace) 
▼ Starcluster Merchant: Stock decreased by 10 from last month (Kuduru Hind Leg) 
= Rappie Ranch: No change."
10000421,"■■■ the path to ■■■ ■■■■.
Nothing serves better to cut off ■■'s reach."
10000431,"On the day the ■■ rises, capture ■■■ alive and move them to ■■■.
Since I plan to report that I ■■■ ■■■■, ■■■■ ■■ ■■."
10000441,"A red blossom.
This must be the herb Muina mentioned. I’d better harvest it with care."
10000451,"Dive into the traces of lost time.
Right now.
From your client."
10000461,"Cooking level is a bit insufficient.

“What is that even supposed to mean? Was that some kind of popular joke back then?”"
10000471,"Today is my day off.
I am doing absolutely, definitely, literally nothing."
10000481,"A flower blooming amidst the thick brush.
I can feel its stubborn will to live."
10000491,"Looks like the remains of a destroyed observatory.
I’d better recover the parts Bardad spoke of first."
10000501,"Soil collected from the shade.
It’s damp to the touch, likely due to the lack of sun."
10000511,"Soil collected from beneath a tree.
It's soft, thanks to plenty of sun."
10000521,"A dagger engraved with the Sverd Mercenary crest.
It belonged to Mitchell, and I can still feel a faint warmth on the hilt.
I should bring this to Sharaf."
10000531,"This is the flower Sharaf mentioned; it glows with a radiant light.
Let's carry this with care, with Mitchell in mind."
10000541,"Nothing useful here.
I should look elsewhere."
10000551,"This should be plenty of bait.
Time to head back to Zuabu."
10000561,"Soil collected from the second site for reclamation, as Uzar mentioned.
The soil quality is poor, most likely a result of the incursion.
Let’s take this back to Uzar."
10000571,"A haystack that looks appetizing at a glance.
Let’s bring this to Rappie right away."
10000581,"Fresh footprints here.
They look to be from an adult male.
They're heading outward."
10000591,"Nothing here looks like an artifact.
Let’s head further in the direction Helene mentioned."
10000601,"A fragment found among the ruins with an unfamiliar script.
This could be what Helene mentioned; Let’s secure it."
10000611,"Seems empty inside.
Let’s look elsewhere."
10000621,"That is one massive cactus.
Enough to please Vahista, I think.
Let’s look for more cacti nearby."
10000631,"Clear water that sustains the pioneer village.
Its purity is enough to satisfy even the Naruru, making it a valuable commodity."
10000641,"Careful now! We should always watch out for low-temperature burns.
Let’s take them out one bottle at a time, even if Beretta is waiting."
10000651,"An old barrel, very common in breweries.
Why would the Babaju Alliance hide an artifact here of all places?"
10000661,"Ether is entangled unnaturally.
It looks like it’s swirling violently."
10000671,"I don't feel any special energy.
Let’s check further inside."
10000681,"Strange vines... they stretch all the way across the wall.
I can sense a faint energy from the other side. Let’s climb up carefully."
10000691,"Just act natural, as if you’re tending the crops.
No one will give you a second look."
10000701,"A small, cute pouch sits here.
It hardly weighs a thing... What could be inside?"
10000711,"Arrange the hanging leathers properly.
No one will give you a second look."
10000721,"Deep ruts in the ground.
Judging by the marks, they passed through not long ago. Let’s hurry and follow the trail."
10000731,"The body of a villager lies, slain in a gruesome fashion."
10000741,Filled with illegible handwriting.
10000751,"A Kiguru, a Naruru, and a human are depicted here.
There is some hastily scribbled text."
10000761,I see symbols of the Ironblood Brigade along with some unknown signs.
10000771,"Found a note while searching the member’s body.
It reads: [Delay in securing supplies]."
10000781,Clothes are scattered about. They appear to belong to the Kiguru Tribe.
10000791,"Looks like it belongs to the Kiguru Tribe.
Let’s take one and show it to Zisen."
10000801,"Still warm... must have died not long ago.
What in the world happened here?"
10000811,"Kuduru weapons are piled up in a mess.
Take one that looks good."
10000821,"No traces of Etherium here.
Let’s look elsewhere."
10000831,"Well-maintained weapons are stored, ready for immediate use."
10000841,To the right: Mountain trail.
10000851,To the left: Hesperia.
10000861,"Looks a bit worn down, but surprisingly well-maintained.
I can clearly see the steady flow of people passing through the Frantia Gate in the distance."
10000871,"Not a weapon or scrap of armor in sight.
With these humble buildings, it feels more like a cozy mountain lodge than an outpost.
A nice place to stay for the night..."
10000881,"No separate defensive structures to guard the outpost.
When you see it like this, Hesperia feels like a truly livable neighborhood..."
10000891,"A crumpled map from Ophelia.
It appears to depict the whole of Pulsing Ridge.
Cryptic symbols are written all over it."
10000901,"Only the last beacon left.
Finish this quickly and head back to Jean."
10000911,"No issues with the beacon.
Moving on to the next one."
10000921,"No need to retrieve the beacon yet.
I should let Jean know."
10000931,"With this weight, even the Kuduru will struggle.
Let’s pack the rest of the boxes with stones, just as Thierry planned."
10000941,"A flower crown woven with care for Dunie.
I can almost picture Dunie’s smiling face."
10000951,"The ■ when ■■■ is ■■, and ■■ is ■■ not far off."
10000961,"Left behind for the White Lion, forever a step behind.
The wolf’s fangs are still intact."
10000971,The cargo is filled with stones instead of Etherium.
10000981,"The blood has oxidized to a brown hue.
Looks like quite some time has passed since the stains were left."
10000991,"A letter addressed to the Merchants Guild.
Stained with blood in places,
the sender's name is scrawled in haste: North Sea Light."
10001001,"A receipt signed by the North Sea Light, along with some Etherium.
It even has some Etherium candies mixed in."
10001011,"A letter is visible through the torn clothes.
It bears the seal of the manor."
10001021,Lying collapsed while clutching an Etherium candy.
10001031,"A miner, clad in the garb of the Shadow Wolf Clan, lies collapsed."
10001041,"Etherium candies in the brush.
They look exactly like the ones distributed by the Paradise Advent."
10001051,"Looks like a fake Etherium candy, crafted by the Naruru from monster dung and teeth."
10001061,A mix of real and fake Etherium candies here.
10001071,"Surprisingly well-made for a rush job.
Definitely enough to fool the Wolf Clan."
10001081,"A flower blooming upon the rock. I can feel its stubborn will to live.
I should deliver this to Yasta."
10001091,
10001101,The water condition... it’s not as bad as I’d feared.
10001111,"A stone block needed to carve a false relic.
I should take this to Orha."
10001121,A potion that looks like it could be used as an antidote.
10001131,
10002011,"Not a human head—it’s an otter's.
No, not an otter, it’s a Naruru!
Wait, that back looks familiar... it's Azid’s!"
10002021,"Blood is splattered everywhere.
Someone must be critically wounded...
They won’t have made it far, losing this much blood.
Whose trail is this?"
10002031,"The energy is even more potent than at the entrance.
It’s just like those Etherium candies...
Could this ore be yet another trace of the Paradise Advent?"
10002041,"The smell is unbelievable, beyond imagination.
They make Babaju with this?
But the liquor didn't smell anything like it..."
10002051,"The smell is unbelievable, beyond imagination.
No, I feel a hint of intoxication... My head is spinning…
The world is turning…"
10002061,"It stinks, though not as bad as fermenting Baba.
Since these are the droppings of an evolved species, the shape is... well, perfect."
10002071,"How do they even brew this into medicine?
No one could stomach this if they knew what it was made of—no matter how good it is for them."
10002081,"The gatherers might not have feared the mutant animals.
It’s possible they were terrified of this instead… It’s a truly grueling task."
10002091,Is this... a letter?
10002101,It's a statue that looks exactly like the Naruru.
10002111,"To prevent the monsters from swallowing it,
I retrieved the Aetherium."
10002121,There are only stones in the pouch.
10002131,It's a sturdy-looking herb.
10002141,"It's a fresh-looking herb.
I think I’ve gathered enough... just a bit more to be sure."
10002151,"I think this should be enough.
Time to head back to Beretta."
10002161,"Just as Beretta taught me...
I've finely minced the herbs and blended them with the potion."
10002171,It has a color similar to Aetherium.
10002181,"A possession of the Prophet.
It looks like a very thick tome."
10002191,
10002201,
10002211,
10002221,
10002231,
10002241,
10002251,
10002261,
10003011,"No stairs or ropes in sight.
One wrong step and I'll twist an ankle.
This crossing definitely wasn't built with convenience in mind."
10003021,"A thick stalagmite resembles a wooden pillar.
Water bottles, traps, and crates are scattered around its base.
Could this have served as a food storehouse?"
10003031,"The timber is neatly stacked.
I’ve never heard of monsters building fires,
so the people who lived here must have left it behind."
10003041,"A small watchtower, low enough to scale without a ladder.
Tattered cloth and leather hang from its frame.
If you don’t toss and turn too much, it might just pass for a bed."
10003051,"Traces of freshly turned soil.
It appears someone dug deep to plant seeds here."
10003061,"A tiny sprout has emerged.
Though it’s just a seedling, the tips are already starting to yellow…"
10003071,"A small animal—maybe a rabbit or a squirrel—has dug up the soil.
No leaves remain; only thin, exposed roots are left behind."
10003081,A map showing the area around the Encampment.
10003091,"This must be the herb Beretta mentioned.
Better take this carefully."
10003101,
10003111,Wood that looks suitable for physical training.
10003121,It looks sturdy. Should make for a decent barricade.
10003131,"At this size and weight, it should fit in the chest just fine."
10003141,
10004011,"The craftsmanship appears far more sophisticated than anything from the Shadow Wolf Clan
or the Kiguru Tribe."
10004021,A robe from a Paradise Advent follower. Looks like it’s seen years of wear.
10004031,"A description of the Paradise Advent's holy place.
The text is smudged, leaving the details illegible."
10004041,Nothing here. I’ll have to look elsewhere.
10004051,"A Tesseract Fragment, the kind found where an incursion occurred.
It looks similar to those used by the Shadow Wolf Clan."
10004061,"Footprints in the grass.
It looks like someone passed through here."
10004071,"The footprints are a jumbled mess.
They must belong to a group of people."
10004111,I wish the manual had clearer instructions on how to use this.
10004121,A few more chairs and some food would make this place perfect.
10004131,"Water flows toward the hot springs.
The stream looks refreshing as it cascades."
10004141,"The waterfall roars.
Its waters are incredibly clear."
10004151,"Looks scorching hot.
I’m not sure what this is, but the scent is piercing—almost stinging my nose."
10004161,"This must be the Kuduru’s doing.
It’s far too sloppy to be the work of soldiers."
10004171,"Supplies, likely hauled in from the outpost."
10004181,Packed to the brim with Etherium candies.
10004191,"Supply boxes.
No sign of Etherium candies in these."
10004201,Searched the belongings and found an Etherium candy.
10004211,"A massive stash of Etherium candies.
Let’s take every last one."
10004221,"More Etherium candies piled up here.
Better not drop a single one."
10004231,Rare herbs that thrive even in bitter cold.
10004241,"Cleared the snow, but there’s nothing underneath."
10004251,"It looks like the seal Gale used.
I’d better keep it safe and not lose it."
10004261,Steady breathing. Appears to be in a deep sleep.
10004271,I didn't expect to see this here. It seems to hold even more water than the ones in the wasteland.
10004281,"A large, sturdy Starfish Flower. Davin from Taima Pioneer Village would surely prize this."
10004291,
10004301,
10004321,
10004331,
10004341,"For Gilbert...
The banquet is set."
10004351,
10004361,
10004371,
10004381,
10004391,
10004401,
10004411,
10004421,
10004431,
10004441,
10004451,
10004461,
10004471,
10005211,"A monster bounty from Ranon.
Bounties are listed under portraits of menacing creatures.
Beasts, insects, and plants…
Go ahead and pick the most formidable-looking of the lot."
10005221,"<Food Storage – No Entry>
- Manager is temporarily absent. Contact the General Store for emergency grain supplies.

<Hunting Grounds Cleaning Schedule Change>
- The Southern Hunting Grounds will not be 'cleared' until the designated hunter returns.
- Non-hunters are advised to take an alternate path."
10005231,"No sign of anything near the warp anchors.
Let’s search again from a spot with a clear view of the village."
10005241,"I hear whispering... Who is it?
I need to get closer for a better look."
10005251,"No sign of anything resembling a horn, no matter how thoroughly I search.
If it’s truly something a dragon would covet, it must be hidden deeper within."
10005261,Nothing special across the water. Focus the search further inside.
10005271,"Resonance of vitality from the lake.
It is nearly identical to what we discovered with Beretta,
yet it feels as though impurities have bled into it."
10005281,"A formless mass that orbited the top floor of Giant’s Tower.
The team on-site refers to it as ‘floating matter’ as they continue their investigation.
I can feel a faint Ether pulse sparking from it."
10005291,"An offering—no, a proper meal for Khoon’s hunting hawk.
Someone took great care not to singe it.
No bird of prey could possibly turn this down."
10005301,"The communal area of the Nameless Village.
Surprisingly, the search turned up absolutely nothing out of the ordinary.
Only common grains and vegetables are neatly arranged—
and even those are so scarce that you couldn’t find a single scrap to scavenge, tainted or otherwise."
10005311,"A well that draws clean groundwater.
Its smell and taste seem perfectly fine."
10005321,"It is written in neat handwriting, though it conveys a slight sense of tension.
At the end, it reads “Hekima, Liberator of Knowledge.”

- Likely location is Tan, the former territory of Karadia.
- Will investigate whether the power source has been disguised as a special artifact and released to the public."
10005331,"... Rappie is nowhere to be seen.
Doesn't look like the spot. Let's keep looking."
10005341,"<Volunteers Wanted: 'Nameless Village' Dispatch>
- Seeking volunteers to search for the missing.
- Packed lunches provided (no additional meal allowance).
- We welcome any descendant of Tan who is willing to lend a hand!"
10005351,"An herb commonly used for disinfection and stopping bleeding.
Considering Seta's physique, you need to pack plenty."
10005361,"...Don't tell me they actually ate stones out of starvation?
There must be another use for this."
10005371,"Tree barks are edible if dried well and smoothed out.
Though it can be brewed in drinking water as medicine,
but it still has a taste you wouldn't want in your mouth."
10005381,"At least these weeds look like they can be used as ingredients.
There might be poisonous plants mixed in..."
10005391,"Seeds of the Balsam flower, which grows well in moist soil.
Known to be used for dyeing and as an effective medicine."
10005401,"Catnip planted here and there by Bau.
Let's gather a little more before setting out."
10005411,"What is it about this grass
that makes cats go so crazy...?"
10005421,"This should be enough.
Let's return to Bau."
10005431,"The water looks clear, but leaves a bitter taste on the tip of the tongue.
Maybe we should do something about the water quality here."
10005441,"The bark of the tree trunk is dry and crumbly.
Peeling it off reveals white ants moving in a line.
This tree is already suffering!"
10005451,"It looks adequately moist and healthy at a glance, but
judging from the faded color at leaf tips, it’s not getting enough nutrients."
10005011,"A pile of tournament invitations.
It would take quite a while to sign them all...
My hand already feels sore just thinking about it."
10005012,"I found an object with a faint trace of Aether, but it briefly glowed before disappearing.
It quickly lost its color, turning into an ordinary gray stone.
It is hard to even consider it an artifact."
10005013,"There is a Tesseract replica among the jumbled junk.
I heard the Kuduru tribe often steals human belongings...
Could it have belonged to someone who did not know its purpose?"
10005041,"Karugura's Factor.
As I place it into the Replica Seed, a faint light flickers."
10005051,"Karugura's Factor.
I placed it into the Replica Seed, but there is no change.
I believe I followed Bailey's instructions, so this is strange."
10005061,"Karugura's Factor.
I placed it into the Replica Seed, but there is no change.
I believe I followed Bailey's instructions, so this is strange."
10005071,"A doll modeled after the Naruru tribe.
It looks cozy and soft.
It feels completely out of place here."
10005081,"Tagar's Factor.
As I place it into the Replica Seed, a faint light flickers."
10005091,"Tagar's Factor.
As I place it into the Replica Seed, it emits an intense light."
10005101,"An herb to be used as an ingredient for Rappie's snacks.
Looks to be in good condition."
10005111,I think this should be enough.
10005121,"Hopefully, the wild Rappie will react well to this..."
10005131,
10005141,
10005151,
10005161,
10005171,"The Token of Romance that Uran mentioned.
It stands tall and blooms even on the withered hill."
10006011,"The Form Recording Device isn't working.
It seems to be broken."
10006021,"Check the Form Recording Device under the Ancient Tree Bower.

P.S. Things were too urgent to put it in the safe.
I left a potion instead. Apply it to the mercenary group's mark, then shine a light on it."
10006031,There is nothing in the rock crevice.
10006041,There is no trace of the Form Recording Device among the grass either.
10006051,It is an intact Form Recording Device.
10006061,It contains leftover meat and what looks like a tribute from the Naruru tribe.
10006071,It contains a broken Form Recording Device.
10006081,It is a parchment bearing the mark of the Polaris Clan.
10006091,These are the bones of the people who were dragged to the sanctuary.
10006101,It appears the candle was blown out not too long ago.
10006111,"Given the clear bloodstains, it seems to have been used recently."
10006121,There are bloodstained marks left behind.
10006131,"Something has been dropped near the candle.
… It looks like the bandana Libby always wore."
10006211,"The cluster of light that Hekima calls “my remnant.”
It's fragmented as if a rift has formed in space."
10006221,"It has a deeper color than they appeared from the outside.
For some reason, I feel strangely drawn to it."
10006231,Did a large bird drop this feather? It doesn’t look like any species I’ve seen in Elsetia.
10006241,"Looking closer, it has a familiar shape. It almost looks as if it once belonged to a person..."
10006251,"A large white feather, as big as an adult's palm.
Strangely, the energy covering the “Labyrinth” emanates from this feather.
It might be related to the ancient empire."
10006261,"I searched thoroughly, but found nothing.
It looked like a good place to hide things..."
10006271,"Could this be written in the Talim script the Liberators mentioned?
I can’t even understand the title.

I could read it naturally in the ruins...
But now it just looks like drawings."
10006281,I discovered an intact Form Recording Device.
10006291,"It is the dagger I saw when I met Elin. No way... 
Let's head down quickly."
10006301,"The herb illustrated in the recipe Weifel mentioned.
Better take this carefully."
10006311,
10006321,
10006341,"The pile of books the old man gestured toward with a nod.
Some are so faded from cover to page that the text is barely legible.
<The Three Little Bisons>, <The Rappia Piper>...
Yet among them... not a single book is about the 'Sentinel of the Deep Woods'!"
10006351,"In an instant, a flash! Light reflected from the dusty mound of dirt.
I carefully dug out that spot, but what appeared was... a worn piece of brass armor."
10006361,"As I rummaged through the gaps in the stone pillars, my hand caught on a small, round object.
As I rubbed the grimy surface clean... a gold coin appeared!"
10006371,"There is no heartbeat, not even a faint breath to be heard.
Without the slightest stir... it's like looking at an exquisite doll."
10006381,"It’s similar to what I checked with Beretta back at the ridges.
Vitality, a chilly cold, distortion, and a violent vortex... I can feel them all."
10006391,"I've seen objects that anchor Aether before,
But this is my first time seeing one that collects it all in one place...
It's reliable enough to use, I suppose?"
10007071,"A flower blooming in the middle of a meadow.
I think Etana would love this."
10007081,"A small flower blooming beneath a tree.
This would also be a nice addition."
10007091,"A flower nearly hidden against a rock.
Its colors are truly striking."
10007131,"A modified phase shift device made by Asli.
It is shattered beyond repair."
10007141,"It is a fresh bloodstain.
It might be Asli's, so we need to find her quickly."
10007151,I never expected to find an Aether entanglement in a place like this...
10007161,"Perhaps because these are ancient ruins, they are easier to find."
10007171,"A broken object that appears ancient is tangled with light.
It looks dangerous. I had better take it with me."
10007181,"Aether flowing from a suspicious mage.
It could be dangerous, so I should collect it carefully."
10007191,"Aether flowing from a suspicious mage.
 It looks unusually complex and tangled."
10007201,"A storage box surrounded by faint Aether.
It seems to have protective measures to prevent accidents.
The object inside... looks incredibly bizarre!"
10007211,"I sense a higher density than the rift I saw earlier.
 It does not look special on the surface,
but it feels strangely massive..."
10007221,"Just as Adel said, this does not look like a wound caused in ordinary combat.
The flesh is torn and ragged, as if strong jaws tore into the flesh...
I see a corpse in the distance missing half its torso, likely bearing the same gruesome marks."
10007231,"I can’t tell whether the giant has already escaped.
I should look for footprints just in case...
Wait, is this a letter?"
10007241,"I've finished filling out Evrin's questionnaire.
This should be enough, right...?"
10007251,
10007261,"Nothing out of the ordinary, aside from the large bite marks.
I should at least collect a blood sample, since Monica has me on this job."
10007271,"The rapid blinking light suggests an artifact is nearby.
And the detector's needle... is pointing south."
10007281,"Notice to the denizens of the Forsaken Land.

To minimize casualties caused by a 'Giant Humanoid' creature,
an emergency evacuation order is hereby issued.

Babylon classifies this situation as an anomaly triggered by an artifact and is making every effort to recover it."
10007291,"- Formation of conduits between Elsetia and the unstable reaches of space and time.
- Materialization of entities mimicking those from the connected realms.

Unidentified entities may emerge from these conduits. All must strictly adhere to the evacuation order."
1000730,"Traces left where the Giant disappeared.
Looks like gray smoke."
1000731,It would feel unpleasant if it got on you.
1000732,"Traces left where the Intelligent Giant disappeared.
Seems darker than before."
1000733,"Liquid similar to what was found earlier.
The more you look at it, the more unpleasant it feels."
1000734,Human footprints are mixed chaotically.
1010301011,It contains military supplies to be sent to the Ashientet Governor-General's Office.
1010301021,It looks like they used up all the medicine they prepared.
1010301031,It appears they use the fallen leaves as firewood.
1010301041,It contains grains grown through the hard work of farmers.
1010301071,They say your wish will come true if you drink water from this fountain.
1010301101,Bowls with stunning patterns. It is said an artisan handcrafted after single one.
1010301121,These fruits were grown under the scorching sun of the Scything Barrens.
1010301131,"Weapons containing Istarium, found only in the Forsaken Land."
1010301151,"A box cherished by Imad, the Stash manager. What could be inside?"
1010301171,A jar holding items supposedly shown only to special guests. It looks like they are all sold out today.
1010301191,I came here expecting free liquor but left empty-handed.
1010301221,It is the perfect place to hide from the sun and the soldiers' gaze.
1010301231,A stone statue modeled after the great hero of Asientet.
1010301261,"A hand-stitched cushion.
The patterns are supposedly decided on a whim."
1010301291,"For some reason, I feel like I will be visiting this place often."
1010301301,A delicious aroma is coming from the boiling pot.
1010301331,It looks like it was used to carry grain.
1010301351,"A box with unknown contents. It could be dangerous, so let's leave it alone."
1010301391,"Judging by the nearby jars, sacks, and small carpets, these boxes were likely left behind by merchants."
1010301431,It looks like the perfect place to hide from the Incursion.
1010301451,A vantage point overlooking the entire Bardad Expedition Garrison.
1010301461,A snack favored by the expedition members. They reportedly prefer steamed potatoes over baked ones.
1010301481,Boxes filled with goods stolen by the Kuduru tribe. Getting too curious might start a fight with them.
1010301521,It appears to be a peddler's wagon. It looks like it broke down recently.
1010301531,"It appears someone left some liquor behind. I am thirsty, so I’ll drink it now."
1010301541,These are grains brought in from Babylon. They are food supplies for the residents of the Gale Ruins Encampment.
1010301551,The corpse of a recently deceased Sandmaw. Who could have killed it?
1010301561,The corpse still feels warm. There are marks indicating it was pierced by something sharp.
1010301571,It seems to have been struck down in a single blow by great force. Was it a mage? Or a warrior..?
1020501011,"With so many fruits and grains here, no one would notice if some went missing."
1020501041,"A box containing handcrafted goods by the Naruru tribe.
Naruru merchants transport them directly all the way to Babylon."
1020501061,Hay gathered for the priest's prayers to the god Ea.
1020501071,The piled-up hay is either delivered to the priest or used as feed for the Rappies.
1020501081,"Ingredients for dried salmon noodles, a Naruru specialty."
1020501111,A smoothie made by grinding dried salmon and assorted vegetables together. It provides a hearty meal for the Naruru.
1020501141,A giant cactus with blooming red flowers. The red petals are used as dye or festival decorations for the Naruru.
1020501171,"A carriage driven by the Naruru. It contains boxes of fish, grains, and crafts to be taken to Babylon."
1020501201,A barrel filled with strong liquor made from Baba. It seems no one remembers how many years it has been aging.
1020501211,The remnants of a facility where the ancient empire once drilled and refined Aether.
1020501241,The remnants of a facility where the ancient empire once drilled and refined Aether. Ancient characters are engraved on it.
1020501251,A manger filled with fresh hay that Rappies like. The Naruru fill it with fresh hay daily.
1020501281,"The Naruru soak Baba, the ingredient for their liquor, in water to remove its toxins."
1020501301,A Baba field carefully cultivated by the Naruru. Most of the produced Baba is used to brew liquor.
1020501321,"Well-trimmed Baba. To become a master brewer, one must know how to prepare Baba properly."
1020501371,Freshly harvested Baba. It must be soaked in water to remove toxins and prepared before it can be used.
1020501391,A tree with large and sturdy roots. You can cross to the other side via a bridge built above the tree.
1020501401,Many candles are lit beneath a stone statue that appears to be in the style of the Ancient Empire.
1020501421,An altar where the prophet of the Paradise Advent preaches. It is also a place dreamed of by the Paradise Advent’s followers.
1020501431,A box kept by the Shadow Wolves. It is filled with goods plundered from Babylon.
1020501461,Sacks and wooden crates being stored by the Shadow Wolves. They appear to contain Etherium.
1020501481,"Behind the tightly closed iron door, there are traces of someone having been imprisoned."
1010401011,"A city built by Adventurers heading to the Forsaken Land.
At first, it was nothing more than one of the small encampments near the Tower, but as it grew in size, it became the largest city in the Forsaken Land.

At least here, cooperation transcending national interests occurs under the shared goal of the Tower and relics.

However, this is merely an outward appearance.

Ashientet, Frantia, and Stormkel, which have built legations and dispatched consuls, have been competing for years to expand their respective influence within the Forsaken Land, while the Adventurers Alliance is simultaneously supporting and keeping the consuls of each nation in check to independently operate Babylon."
1010401021,"Ashientet is a monarchical nation centered around the “Shah.”

◈ Capital ◈
Pars

◈ Environment ◈
Most of the country is desert and wasteland, and agriculture and animal husbandry have developed around oases and large rivers. 
Villages and cities have also developed around oases and rivers, and it is the most abundant in Etherium among the five nations on the Elsetia continent.

◈ History ◈
Due to the barren environment, food and supplies were scarce, leading to the development of merchant groups. As commerce expanded, inter-city trade increased, eventually leading to conflicts and full-scale wars between the ruling families of each city. 
This centuries-long dispute between the powerful families was finally ended by an individual who declared himself the Shah, the king of kings. Since then, Ashientet has evolved into a monarchy centered around the Shah, and today the throne is held by “Arhan Shah.”"
1010401031,"I know that this letter will never reach you, and yet I write again, to you, who remains nameless.

You, who have come to the Forsaken Land, must be in the same situation as I am, right?
When I heard that the Tower had opened and came to the Forsaken Land, you have no idea how my heart fluttered at the thought of meeting that person again. How could I ever forget the person who turned me—a slum dweller surviving on garbage—into an Adventurer?

Until I arrived in Babylon with a swelling heart, I...
I was exhilarated by the fact that I had fulfilled my mission. 

I was desperate to say it right away: Look at what I've accomplished right now. I've brought everything you wanted! Perhaps you felt the same way.

Ah, there are too many eyes watching. I will stop here for today."
1010401041,"This guild is one of the 7 that make up the Adventurers' Alliance, led by Aman.
The Merchants' Guild exerts the greatest influence within the Alliance, and also oversees the establishment and support of other guilds.

◈ Guild Leader: Aman ◈
He is the leader of the “Star of the West,” a historic merchant group based in Ashientet. Hailing from Ashientet, he is evaluated as the most outstanding merchant leader in history.

◈ Guild Introduction ◈
Most of the merchant groups that make up the guild are based in Ashientet.
Their main duties include managing the merchant groups and markets entering and leaving Babylon, as well as leasing out their shared Stash.
Some general merchants, equipment merchants, and Stash managers are dispatched to each Waypoint, so Merchants' Guild merchants can be encountered throughout the Forsaken Land."
1010401051,"In Babylon, there is a fountain said to grant wishes.
Built over an unceasing spring in the water-scarce wasteland, the fountain symbolizes miraculous fortune.

Legend says that on the day the fountain was completed, the High Priest of Enkia and the Archmage of Frantia bestowed a blessing that would never end. As the rumor spread, adventurers and residents visited the fountain with their own wishes. With desperate hearts, they threw coins into the fountain and made wishes.

After that, as if by magic, someone found the entrance to the Tower, someone was reunited with their lost family, and someone became a hero to great adventurers.

Even now, those who visit the fountain throw coins into it, desperately hoping their wishes will come true.
However, be aware that a wish will not come true if it is spoken aloud."
1010401061,"The Adventurers' Alliance is the governing body of the united City of Babylon, consisting of 7 guilds.
The Alliance Leader is Aman, head of the Merchants’ Guild.

◈ Composition ◈ 
1. Merchants’ Guild
2. Blacksmiths’ Guild
3. Artisans’ Guild
4. Appraisers' Guild
5. Hunters' Guild
6. Explorers’ Guild
7. Wayfinders’ Guild"
1010401071,"The Polaris Clan hideout is located on the outskirts of Babylon.
As the headquarters of the “Polaris Clan” founded by Warrior Ragnar from Stormkel, it is also a place frequently visited by the Novas.

At a young age, Ragnar joined forces with Clan Members and Adventurers he met in the Forsaken Land—Beretaa, Azran, Koon, and Rada—and successfully defeated Ancient Gatekeeper “Gishkal” guarding the 1st Floor of the Tower... 
Through this event, Ragnar—along with Beretta, Azran, Koon, and Rada—earned the title of Nova, and Polaris Clan became renowned as the best clan in name and reality.

The Adventurers' Alliance exceptionally provided a space for the Polaris Clan that performed such feats, and in response, Ragnar steps up whenever needed, providing great help to both the adventurers and Babylon."
1010401081,"To ■th■as■.
A■ru■ would ■■ ■ say that isn’t true, but you ■■ didn't listen to me.
...How ■■■ you share knowledge with such an ignorant ■■?
You also ■ know what kind of consequences that ■■■  knowledge can bring.
■■■■■■ have also turned their backs on you, but wouldn't it be ■■ to ■ ■?
If we ■ to ■ ■■, this ■■... will ■■ disappear forever ■."
1010401091,"One of the 7 guilds that form the Adventurers' Alliance, led by Monica.
The Appraisers' Guild collects, appraises, and researches relics excavated from the Forsaken Land, and manages the Warp Conduits in each Realm.

◈ Guild Leader: Monica ◈
A scion of a wealthy family from Frantia, she pours all her capabilities into relic research for a better future.

◈ Guild Introduction ◈
The Appraisers' Guild holds the authority to research Relics excavated in the Forsaken Land. Although the majority are scholars from Frantia, it is said that joining is not difficult as long as one has a talent for appraising relics."
1010401101,"There were giants who sought to become gods.
Consumed by arrogance and greed, they built a tower to reach the heavens.
The moment the tower, built upon blood, finally touched the sky, the whole world was covered in darkness, and the giants vanished without a trace.

Ten thousand years passed, and humans became the masters of the world.
The giants who once ruled the world were gone, but the tower they left behind shared in the rise and fall of humanity. 

Even amidst repeated cycles of birth and death, prosperity and ruin, humans worshipped the tower that stood unchanging in the center of the world."
1010401111,"Os Predators são alguns dos monstros mais comuns em Forsaken Land.\r\nEles recebem nomes diferentes conforme sua coloração; o mais conhecido é o Black Predator.\r\n\r\n◈ Aparência ◈\r\nTêm dentes projetados para fora da boca, chifres que lembram orelhas, uma juba de pelos grossos e pontiagudos e uma cauda de escorpião.\r\n\r\n◈ Comportamento ◈\r\nCostumam vagar sozinhos à procura de presas. Ao avistar uma, porém, juntam-se e passam a caçar em matilha.\r\n\r\n◈ Informações adicionais ◈\r\nDizem que a cor do pelo de um Predator varia conforme o ambiente. Segundo uma investigação de um membro da Hunters Guild, também existem Predators brancos, cinzentos e castanho-amarelados."
1010401121,"Humans called the world the continent of Elsetia and founded seven nations:

Karadia, Tan, Stormkel, Frantia, Ashientet, Enkia, and Krea.
These seven nations rebuilt the fallen civilization and ushered in a golden age thanks to the legacy left by the giants.

Among them, Karadia and Tan, which were located near the tower and prospered quickly with the relics left by the giants, were fighting for supremacy over the continent when the tightly closed doors of the tower opened and monsters poured out.

Karadia and Tan were destroyed by the indiscriminate slaughter of humans, and a barrier was constructed, spearheaded by Frantia and Ashientet, to halt the monsters' advance. 

In later days, people called this disaster the Grand Incursion."
1010401131,"◈ Eat Well and Live Well! Taima Pioneer Village ◈
Here are this week’s news from the pioneer village.

  1. There is news that Pioneer Captain Kamiya has brought in another new worker... 
      No, a new member.
      Since we have a new mouth to feed, the fields we need to plow will get bigger, right? 
      But there’s no time to cry about it. You can only sit down once all the work is done!

  2. There is news that a long-term trade with the Jamira Merchant Company has started.
     There is nothing to sell to the Naruru tribe yet, but the appeal that we can provide them a place to rest for a while 
      must have worked, right? Wait a minute, if that's the case. 
      Then the only ones working in this village will be... humans!"
1010401141,"The Taima Pioneer Village was established under the leadership of “Aman,” the Merchants Guild Master.

The Scything Barrens, where the allied city of Babylon is located, has a similar environment to Ashientet, so most of its food shortages have historically been covered through trade. However, as the monsters' aggression grew stronger, the number of merchant caravans traveling from the Ashientet Gate to Babylon began to decrease at some point. Furthermore, hearing that the tower had opened, adventurers from all over the continent flocked to Babylon, further exacerbating the food shortage.

To overcome this problem, Aman found a water source near Babylon and began cultivating the land, which grew into the current Taima Pioneer Village. The goal of the Taima Pioneer Village is to become self-sufficient in food without relying on trade."
1010401151,"The Ashientet Gate is one of the four gates located in the Forsaken Land.
It is a barrier-type gate built to stop the first Grand Incursion that occurred 100 years ago, and it borders the Scything Barrens.

In particular, the Ashientet Gate can be used by anyone as long as they pay the toll, so adventurers from various countries frequently use it. However, it's best to be careful, as some of those who pass through the gate are criminals calling themselves adventurers.

There are no restrictions on entering, but leaving requires permission from the respective national legations and an inspection at the gate.
Except for bureaucrats or soldiers under the legations, and authorized merchants, very few are permitted to leave the Forsaken Land."
1010402011,"To the one who seeks to know, I leave this letter for you today.
How long I've been waited for you to find this...! 

What “time” is it over there?
Ah, maybe that’s not the right way to ask. Don't tell me... has a lot of time passed? That would be a bit troublesome.
Finally... I received permission from ■■■■ to go out!
■■■■■ said no, but they are just puppets in front of ■■■■ anyway!

So please, just wait a little longer!
...Because I will surely make it out before the tower is completed."
1010402021,"One of the seven guilds that make up the Adventurers’ Alliance, headed by Kian.
It was formed mainly by hunters from Krea, and their main business is subjugating monsters, researching, compiling bestiaries, and processing by-products.

◈ Guildmaster: Kian ◈
He is in charge of the Hunters’ Guild, dedicated to the successor of the liege he trusted and followed.
He was an outstanding hunter, but due to a major injury long ago, he rarely participates in actual combat.

◈ Guild Introduction ◈
A place where hunters with strong personalities judge each other solely by their skills.
Though a few members occasionally cause trouble, most are said to be genuinely devoted to hunting."
1010402031,"Once, in this barren land, one soul yearned to be an oasis and sing of love.

...Hah, gossip novels won't sell a single copy with such tired clichés!
Hey, you there, the one reading this. How did you even find this place?
Thinking of my honor, no, my social prestige, I tried my best to hide it somehow.
Well, come to think of it, people haven’t really changed, past or present.

Uh... Anyway, since you found this, I'll tell you a very, very awesome story from now on. It's about a heart reader, and it will be really interesting.

W-Wait... the recording time is already up? No way!
I'll definitely bring the next chapter! I really will—so wait! Wait, dear reader!"
1010402041,"A brief description of the politics of Ashientet.

◈ Politics ◈
After settlements formed around the oasis, those who had ownership or authority over the water source grew into powerful families.
These powerful families ruled the city, developed aetherium mines, and accumulated wealth through mercantile activities. During this process, conflicts arose with other powerful families, which led to the emergence of “Shah.”

Currently, under the rule of “Shah,” open power struggles between powerful families have almost disappeared.

“Shah” periodically eliminates powerful families that pose a threat in order to strengthen royal authority and increase control over them, and by turning a blind eye to the massacres that occur in this process, he instills fear among the powerful families. Since no one knows who will fall next until tragedy strikes, the powerful families are forced to constantly prove their unwavering loyalty to “Shah.”"
1010402051,"◈ Investigation Request ◈
""If you love me, give me your heart.""

What do you think of a spouse who whispers something like this to you every single day?
It is truly terrifying, but I cannot cancel a marriage that is essentially a sworn agreement between our families.
I initially assumed it was a figure of speech, but they asked the same question at the exact same time every day with the same expression, which convinced me it was no joke.

Of course, I also tried using the heart reader as you instructed. 
...But nothing appeared. 

But isn't it quite strange?
My “heart” is scanned perfectly, but can’t I see... my spouse’s?
With an engagement arranged personally by the Emperor, and vows already taken, I am at a loss as to what to do.

[To be continued in the next chapter...]"
1020401011,"Co-authored by Raguda, 1st Class Researcher at the Imperial Research Institute


◈ Appearance ◈
Adults typically stand at 1.5 meters, though variants exceeding 2 meters have been observed.
Their bodies are covered in short, soft fur with a glossy sheen from a natural oil coating, which serves to regulate body temperature and reduce water resistance. They primarily walk bipedally like humans, occasionally reverting to quadrupedal movement depending on the situation.

◈ Ecology ◈
 They are predominantly observed in lower-class residential areas. They mainly inhabit places with water, but it seems they can also live outside of water. 
Their genders are distinguished like humans, but it is difficult to tell them apart by appearance. They give birth to two or three offspring at a time.
Their lifespans are comparable to, or slightly shorter than, those of humans.

◈ Relationship with Humans ◈They maintain an amicable relationship with humanity, naturally coexisting within settlements. However, their inherently belligerent nature renders them unsuitable for enslavement. This is a highly regrettable fact, particularly given their endearing appearances and exceptional proficiency as hunters wielding bows and spears."
1020401021,"Aburu Village is located near Ea’s Navel, where three rivers cascade like waterfalls.

Composed of wood and mud stilt houses, it stands as the largest Naruru settlement within the Forsaken Land. The village is largely divided into a residential area and a commercial area.
 
Aburu Village is ruled by ""Sturdy-Beard,"" which corresponds to the title of village chief.
The current Sturdy Beard is a Naruru named ""Etura.""
 
He is famous for having the most benevolent and warm-hearted nature in the history of Aburu Village. His singular concern is his worsening hair loss, a condition exacerbated by his beloved child, Azid. The entire village secretly endeavors to cure Etura's condition, though their efforts have yet to bear fruit."
1020401031,"Co-authored by Raguda, 1st Class Researcher at the Imperial Research Institute

◈ Likes ◈
Covert observations in the lower-class residential district have confirmed the following preferences:

1. Water: They exhibit a strong affinity for clean water, frequently engaging in playing in water and bathing.
2. Alcohol: They enjoy both brewing and drinking alcohol. I sampled a glass offered to me, and it had a remarkably clean finish.
3. Fighting: Driven by their belligerent nature, they never shy away from a provoked fight; rather, they relish it. 

◈ Dislikes ◈
Covert observations in the lower-class residential district have confirmed the following aversions:

1. Molting: They become highly irritable during the molting season, constantly scratching their itchy bodies and avoiding water entirely. 
2. Dirty Water: Being sensitive to water quality, they refuse to go anywhere near polluted water. 
3. Vegetables: While they will tolerate vegetables as a side dish, they refuse to consume them on their own."
1020401041,"These are the words the great Ea conveys to us.

I dwell in all waters.
From the moment you take your first breath in this world until the day you exhale your last, I will be with you, so have no fear.
The path of water flows eternally, and thus we shall meet again at the beginning and the end."
1020401051,"Following the Grand Incursion, the region within the barrier was designated as the Forsaken Land and entry was strictly prohibited.
However, as the passage of time dulled the memory of that terror, more humans ventured into the Forsaken Land, and rumors began to circulate that the entrance to the Giant's Tower had finally been found.

""The power to reshape the world lies within the tower.""

These words, uttered by the adventurer who first discovered the gateway, surged across the continent of Elsetia.
Now, not only adventurers but even the rulers of each nation were frantic to obtain the relics of the tower."
1020401061,"Since you can't walk two steps without tripping over a cactus, I, a genius chef, am specially documenting this recipe.
 
◈ Steamed Fish Wrapped in Cactus ◈
 1. Slice up a cactus.
 2. Hollow out the center and trim the outer thorns. Feel free to leave them if you enjoy a prickly texture.
 3. Stuff the cavity tightly with well-dried fish... salmon, trout, or goby all work perfectly.
 4. Add salt, pepper, and nutmeg to enhance the flavor. Only add half a handful. Any more will ruin the dish.
 5. Line the bottom of a pot with leaves. As long as they’re not poisonous herbs, it’ll be fine.
 6. Pour in enough water to lightly cover the bottom and wait until the smoke blinds you. Waiting any longer will make the fish mushy and destroy the chewy texture.
 7. Finish by drizzling strong liquor over the dish to eliminate any fishy odor and stimulate the appetite.
 
◈ A Word from the Genius Chef ◈
 1. The texture is a delight! It's secretly thrilling when a thorn pricks the roof of your mouth!
 2. You have to find clever ways to eat your greens if  you want things to go smoothly in the bathroom… That's just how things are."
1020401071,"This research has been assigned the highest priority. 
All 1st Class Researchers in the Imperial Research Institute must immediately suspend their ongoing research and experiments and check this research request.

◈ Research Objective ◈
We require a study on the feasibility of a continuous, unlimited supply of potable water within a sealed environment.
This must include comprehensive methods for the reclamation and reuse of domestic wastewater generated within the space.

◈ Research Client ◈
It cannot be disclosed as it is confidential. 

◈ Research Details ◈
  1. Selection of potential water sources
  2. Confirmation of suitability for domestic water use 
  3. Design of water supply facilities

For other inquiries, please consult the secure archive G-AK01 area in the Imperial Research Institute.
Thank you."
1020401081,"Co-authored by Raguda, 1st Class Researcher at the Imperial Research Institute
 
◈ Appearance ◈
They are approximately the same height as humans or slightly taller. Their manes and spotted patterns are reminiscent of hyenas. Judging by their long, thick arms, their physical development appears to be particularly well developed in the upper body.
 
◈ Ecology ◈
Further investigation is needed regarding their habitat.
However, one notable behavioral trait has been recorded: they have a habit of seizing anything that appears expensive or unusual. Strangely, they do not seem to understand how to use the items they collect. 
 
◈ Relationship with Humans ◈
They are hostile toward humans. Attempts at communication were unsuccessful. As they responded with force, they were killed. Autopsy was unfeasible because the corpse was too severely damaged."
1020401091,"Rappie - common denizen of the Forsaken Land.
 
◈ Appearance ◈
Rappies are characterized by muscular hind legs built for fast sprinting and relatively short and somewhat degenerated forelegs. They possess a long tail that helps maintain balance during rapid movement, large, gentle eyes, and a coat of soft fur.
 
◈ Habits ◈
Naturally timid, these creatures constantly scan their environment with highly sensitive ears. Their primary habitat is the Giant’s Garden, where food is plentiful. Rappies lay clutches of 4 to 8 eggs, which require a 42-day incubation period to hatch.
 
◈ Additional Information ◈
Native exclusively to the Forsaken Land, Rappies are notoriously difficult to catch. However, once captured, their docile temperament makes them easy to tame. 
As a result, they have become a primary land-based means of transportation in the Forsaken Land, utilized by both humans and the Naruru tribe."
1020401101,"The ruling class of the Ancient Empire possessed innate abilities.
 
◈ Innate Abilities ◈
Innate abilities refer to the inherent supernatural powers possessed by living beings. While most species manifest a specific, uniform type of power, human abilities are remarkably diverse in both form and potency. This difference is often characterized as ""talent.""
 
Innate abilities are primarily hereditary, though there are exceptions. Notable exceptions occur. Children may manifest abilities despite having non-gifted parents, and conversely, the offspring of powerful users may be born without any innate power at all.
 
Because the possession and mastery of innate abilities naturally divided society into the ruling and ruled classes, the possession of an inherited innate ability was an important topic among the imperial family and nobles. There are even records of some nobles killing or abandoning children who lacked innate abilities."
1020401111,"◈ Only humans who aspire to be the best disciple should read this! ◈

Liquor is...!
The ulTaimate masterpiece, a true work of art, crafted from the water bestowed by god Ea!
I normally do not take human disciples. However, since you persist in returning so often—so very often—only those who can abide by these rules may remain!

[Simple and Easy Rules of Life at the Brewery]
1. Master Ishinu's words are absolute.
2. You rest only when Master Ishinu tells you to rest, and you eat only when told to eat.
3. Brewing liquor means pouring your heart and soul into it. I have no use for a disciple who does not consider the people drinking the liquor! Any human who only thinks of themselves does not deserve to eat or sleep here.
4. If you fool around, I'll report you to Angrytail, so you had better behave."
1020401121,"The Brewmaster wouldn't tell me a thing, so I hid and wrote down what I saw secretly. If it weren't for me, you'd be in the dark for the rest of your life.
 
◈ Strong Baba Liquor ◈
 1. Harvest ripe Babas. If you use unripe ones, you'll be kicked by that mean Naruru.
 2. Soak the Babas in water to extract the toxins. I thought it was called poison liquor because it had poison in it. What a disappointment.
 3. After the toxins are removed, peel the Babas and steam them. 
 4. Suddenly, they open a massive wooden barrel and a Naruru climbs inside. Huh? What on earth are they doing in there?
 5. Then, the apprentices sing a song and toss in petals. Listening closely, it’s a song of gratitude to god Ea. Ahem, I almost sang along myself.
 6. They mash the steamed Babas, and the Brewmaster climbs into the wooden barrel with unwashed bare feet and wildly stomps... on them. 
 7. They say you simply have to open the barrel after a hundred nights have passed.
 
◈ A Word from the Genius Chef ◈
 1. Why do they stomp with unwashed feet? Don’t tell me that’s why the strong liquor is salty...
 2. By the way, those petals... don't they bloom from poisonous grass?
 3. I heard people sometimes ask to become disciples, but it is clearly an act of madness."
1020401131,"One of the seven guilds that make up the Adventurers Alliance, led by Orica.
Its members mainly consist of adventurers and explorers from various countries, who actively share and study the findings of their investigation.

◈ Guild Leader: Orica ◈
Despite her broad-minded and easygoing appearance, the guild leader also has a thoughtful side.
She tends to worry quite a bit about guild members who brave dangerous places. However, since nothing is known about her past before coming to the Forsaken Lands, there are quite a few people who are wary of her.

◈ Guild Intro ◈
They collect and organize all information gathered in the Forsaken Lands and submit it in the form of Codexs. They also run the Commossion House."
1020401141,"Do not be fooled by their beauty. The medicinal petals of these flowers can easily turn into poison.
Was it a desperate measure to survive among harmful animals? In the Giant’s Garden, what knowledge I had feels completely useless.
 
Perhaps we should consider ourselves fortunate that these flowers only grow in the north. They seem to have come to be known as medicine in some regions, because I’ve seen so many people rushing to a healer because of a poison ivy rash.
 
But I will figure out the use of this plant no matter what. The previous mixes seem to have failed, but the recovery time from the coma has gotten shorter than the last time. Finding the correct combination will expand the horizon of herbalism."
1020401151,"<Urgent!>
 
The path to Frantia has been designated as a temporary restricted zone.
The measure will remain in effect until further notice.
 
This is to prevent further damage from kidnapping incidents targeting an unspecified majority, and residents are advised to stay within the residential area as much as possible.
 
For further information, please contact Hunter ‘Chermi’ of the ‘Shadowed Wave Camp’...
 
(The rest has been faded and become eligible.)"
1020402011,"(The first part is too blurred to read.)

Considering that there is little foot traffic and the Asientet Legation will have a hard time reaching this deep into the Giant’s Garden, this place seems appropriate for a new mine site.

The wasteland gets closer to the Asientet Gate and the border toward the outskirt area, it will be easier to be detected.
Here, we only need to deal with the Kururu Tribe, so it would be better to have them settle here rather than sending all of them to the Taima Pioneer Village. Kamiya will have a hard time accommodating all these people anyway.

I look forward to hearing from you.

- Nasser -"
1020402021,"◈ Reply ◈
The Heart Reader you received distinguishes humans from non-humans.
I regret to inform you that it seems your spouse is a ■■■■.
It is said that they often marry off a malfunctioning ■■■■ to a Lugalian, and it seems you were the target.
However, a ■■■■ is an entity almost identical to an actual human, so there shouldn’t be any major problem in daily life.
The lack of a heart is questionable, but I think I can fix that.

However, you must keep this matter a secret from the Emperor.

[To be continued...]"
1020402031,"I am writing to you again, wanting to know more.
You left the mansion in a hurry, is everything alright?

I am so happy to be out of the Tower, but it breaks my heart to see that you are not.
I tried so hard to get out of there, but you only resent me when you see me...

But time heals all things, right?
I believe you will understand that being inside the Tower is not the answer.

Because if you knew about the terrible things there, you wouldn’t be able to say you want to go back."
1020402041,"The source of power that moves all things is called ‘Aether’.
’Aetherium’ is the materialized form of ‘Aether’ and can be obtained through mining.

According to records, the Ancient Empire could directly manufacture and mass-produce Aetherium.
The academic discipline of Magitech is also said to have made leaps and bounds during this period, but unfortunately, records related to it can no longer be found.

Aetherium is currently mainly mined in Asientet, but as veins are discovered within the Forsaken Lands, the number of mines is gradually increasing."
1020402051,"◈ Stay on trend and experience the thrill of freedom! ◈

1. Do you want to fly through the Elder God Trees?
2. Do you want to properly experience ‘Flower Flight’?
3. Do you claim to be the best at flying?

If you do, please visit Fleur in the shade of the Ancient Tree.
You won’t regret it!

※ Currently, we are short on flight mounts, so you must bring your own.
※ Leave a review, and get 2 free Flower Flight tickets."
1030401011,"I am writing another letter to you, whose name still remains a mystery.

Unlike the wasteland, I don’t want to leave this lush, green place. But I know very well that this feeling is only temporary.
When I first came to the Forsaken Lands, I had more than ten comrades. Now, I am all alone. You... must be chasing that person just like me, right? Of course. You have no choice but to chase them. Because I realized my mission was leading my comrades to their deaths.

My comrades, closer than family, died by that person’s hands without exception. I couldn’t stop it... no, I couldn’t even resist. That person is an entity different from us.

How should I overcome this helplessness? Have you... found the answer?"
1030401021,"Hesperia, the Village of Hope.

The region has been a site of active settlement efforts led by Xavier, once a renowned mage of Frantia.
The majority of the residents are refugees from the Forsaken Lands, many of whom have given up their lives in their home countries of Frantia or Stormkel.
Those who want to escape a life of just running away to survive are actively fighting against the Ironblood Brigade and the Kiguru Tribe, dreaming of a tomorrow in their new home.

A village overflowing with vitality and resilience, to the point where everyone, from the elderly to children, contributes their strength to the development of the village without exception."
1030401031,"Frantia is ruled by the nine families that pioneered the art of magic.
One of them is the Royal Magitech Family, the ruler of Frantia.

◈ Capital ◈
Albismont

◈ Environment ◈
It has a rich environment for humans to live in.
Thanks to the four distinct seasons, the region boasts highly advanced agriculture and infrastructure powered by Aetherium.
Thanks to this affluent environment, this region has been blessed with great achievements in academics, culture, ideology, and arts compared to other countries.

◈ History ◈
During the rebuilding of human civilization, families from each region rose up and declared themselves rulers based on abundant food. During this process, magic made great progress, and lords replaced mageas as the center of power.
Since mages maintain the power of their families based on magic, it is difficult to sustain it solely with the Aetherium produced in their own country. Because of this, they have no choice but to continue interactions with Asientet despite the large and small conflicts that arise."
1030401041,"The Frantia Gate is one of the four gates that exist in the Forsaken Land.
It is a barrier-shaped gate built to prevent the first Grand Incursion that occurred 100 years ago, and it borders the Pulsing Ridge.

The Asientet Gate is open for anyone to use as long as they pay the toll, but the Frantia Gate is only open to authorized personnel.
The majority of those who use the gate are soldiers, scholars, and bureaucrats dispatched from Frantia.

Like other gates, the Legation’s permission and the gate’s inspection are required when leaving.
Except for bureaucrats or soldiers serving in the Legation and authorized merchants, it is extremely difficult to enter the home country except for special cases."
1030401051,"An organization boasting a long history, the Gate Guard accepts only the most elite soldiers.

They are selected from the nine families that rule Frantia, and they are desperate to bring honor to their respective families.
However, there have been also rumors that some of the soldiers were intentionally sent to the Forsaken Lands because their families couldn’t handle them.

The current Guard Captain is Renaud, who has the trust of the Royal Family.
Rather than judging right or wrong, he faithfully follows orders and values only the guidelines of his superiors and the safety of his citizens."
1030401061,"◈ Those without honor shall not draw the sword ◈
The Knights of the Biting Wind are recruiting new members.
Those who want to practice chivalry firsthand are always welcome, so visit us at your convenience.
Let’s fight together for the peace of the hills.

◈ Qualifications ◈
1. No gender restriction 
2. No age restriction 
3. No nationality restriction 

◈ Preferred Qualities ◈
1. Loyalty to believe in and follow the Commander
2. Courage to face danger for the sake of justice
3. Respect for the vulnerable
4. Fearlessness in the face of an honorable end"
1030401071,"We are reporting on the experiment requested by the home country.
The purpose of this experiment was to observe the progress of humans exposed to Aetherium for a prolonged period, and it was conducted in a total of 6 stages.
To secure a large number of samples, we secured ten samples from Hesperia, classified them by gender and age, and continued the experiment.
For the safety of the researchers, they observed and recorded the progress in groups of two, and in the event of an emergency, the test subjects were immediately disposed of to minimize human casualties.

◈ Serial Number: HT01892 ◈
◈ Classification: Human ◈
◈ Origin: Hesperia ◈
◈ Summary ◈
1. Upon exposure to Aetherium, physical abilities are temporarily enhanced.
2. Long-term exposure transforms the subject’s body, causing them to lose their sense of self.
3. The brainwashing is not very effective, but it seems useful as a one-time weapon."
1030401081,"Co-authored by Raguda, Imperial Laboratory Researcher Level 1

◈ Appearance ◈
A large figure with gray skin, possessing physical abilities that far surpass humans.

◈ Ecology ◈
Although they are less intelligent than humans, they can breed quickly in a short period, which makes them opTaimal slaves.
They have a warrior-centric hierarchy, but the High Lord and High Priest are de facto leaders of the race.
In my personal opinion, it is easier to eliminate the High Priest first to prevent them from forming a group.

◈ Relationship with Humans ◈
They are used as slaves by, and are hostile to, humans. It is said that before the Empire was founded, they had a high level of knowledge and culture to the point of waging war with humans, but now they appear so inferior that it’s hard to imagine those times."
1030401091,"This is the song of the forgotten.
Do not long for the time that cannot be returned.
Do not look for those who can no longer be seen.

The King sacrificed for humanity, but didn’t I lose my home?
Tell me, who was all this fighting for?

Oh King, every time you beckoned, it was my parents and my children who bled.
Oh King, every time you fought at the front, it was my brothers and sisters who fell before the Tower.

Ah... My King.
What did you seek to gain by sacrificing Qaradia?"
1030401101,"Today we made an important decision.

Elder Xavier only gives us cooked vegetables and whole wheat bread every day under the excuse of keeping us healthy.
But if we only eat these things, surely... something terrible will happen.
I was taught that farmers must eat well and keep their stomachs full.
That way, they won’t resent their hard work.

We decided to make Potato Bread for ourselves.
Of course, this journey will not be easy.
We will have to prepare the potatoes, flour, and yeast to use for the bread in our spare time while growing crops.
Of course, we also have to look for herbs to add flavor.
Let’s leave this to the mountaineering club... yes, the mountaineering club.

I want to make Potato Bread as soon as possible.
So I’ll provide it as a new dish at Nina’s restaurant... earn Gold... and become rich!"
1030401111,"We are reporting on the experiment requested by the home country.
Before that, we need to share some information about the site.
Recently, with the resistance of Hesperia residents escalating, it has been difficult to secure the personnel needed for the experiment.
We have turned to the Kiguru Tribe for lack of a better option, but their performance has fallen short of expectations.
Please take this into consideration and send more prisoners.

◈ Serial Number: HT02985 ◈
◈ Classification: Kiguru Tribe ◈
◈ Origin: Hallowed Obsidian Mountain ◈
◈ Summary ◈
1. Upon exposure to Aetherium, physical abilities are temporarily enhanced, but their low intelligence makes them difficult to control.
2. An unidentified mage appeared and...

(The rest is too blurred to read.)"
1030401121,"The ruined kingdoms of Qaradia and Tan.
Most people think that those who fought over the ownership of the Elsetia continent have disappeared, but the reality is different.

The majority of Qaradia’s refugees flowed into Asientet, and the majority of Tan’s refugees also in and around Crea.
The process was not smooth, but as a result, they were not extinguished or eliminated from the world.

So, some dream of past glory, some plan the revival of their clan, and some pioneer a new path."
1030401131,"[Month X, Day X, XX:XX:XX]
> Weifel: Haa... I can’t believe I’m doing this. I’m the very pinnacle of great ancient technology!
< Zisen: Come on, I told you not to keep saying that, didn’t I?
> Weifel: Professor, stop nagging. You couldn’t come this far with that pathetic body of yours, so I’m doing this ‘annoying job’ for you.
> Weifel: Why on earth does a genius like me have to observe this ‘Kiguru Tribe’?
< Zisen: ...That is because we are the ‘Liberators of Knowledge’. We must not neglect our given duties.
> Weifel: Ugh, you and your sense of responsibility... I’m so sick of it! Whatever, I don’t want to look at these inferior creatures anymore - Professor, you handle it!

◈ Before the signal was cut off, an unusual detail was confirmed and automatically recorded. ◈
The Kiguru Tribe is said to have settled in the Hallowed Obsidian Mountain for the revival of their clan.
It seems they are receiving help from an unidentified intelligent entity."
1030401141,"To Sky-Roundy, whom I always miss.

Actually, I still think counting the days is meaningless... but they say I should for your sake.

Sky-Roundy... when I came back here after letting you go, I felt like I would see you running towards me just like always.

How could I forget your lovely eyes that always followed me anywhere and everywhere, even though you were so shy around strangers. That’s why, while being here, I desperately wished that time would stop forever or, even go back.

But now I think it’s really time to let you go, Sky-Roundy.
They say God Ea won’t be able to take care of you if I hold onto you here.

...So Sky-Roundy, wait for me with a happy face until I go to meet you again."
1030401151,"While the Giant’s Garden has the Rappie Ranch. the Pulsing Ridge has the Rappie Training Ground.

Since most Rappies are traded after completing their training at the Rappie Ranch, additional education is not needed. However, adventurers who want faster and smarter Rappies visit here. If you go just a little further north, there is the Starfall Plateau famous for its bitter cold, so the Naruru trainers teach the Rappies in a different way than at the ranch.

The tuition is 1 admission ticket per person. Without a ticket, you cannot enter the training center.
It is said that they offer special training not only for Rappies but also for adventurers, so be sure to participate."
1030402011,"◈ Result Notice ◈
Amartu said that the Lagar who feel emotions are failed entities.
So he handed down a punishment by removing their hearts.
...Isn’t it funny? To punish an entity that imitated a human for becoming a human.

So I did my best to fix her.
You must know well that the path I’ve walked, and the path I will head towards, will forever have no choice but to be the opposite of Amartu’s.
Even if this mechanical heart stops someday, I hope you do not resent her and me.

P.S.
 1. It is said that she requested a heart because she wanted to increase the sense of homogeneity between you and her... Even though you would die without a heart.
 2. So I transplanted a mechanical heart so that she would choose to resemble you. She is a Lagar, after all. The one she wants to imitate the most is bound to be a ‘Gudua’."
1030402021,"This is a brief account of the political landscape of Frantia.

◈ Politics ◈
Magic is overseen by nine ruling families called the Nine Kingdoms. The Royal Magitech Family is one of them; they have ruled Frantia since they seized the throne after a fierce power struggle. Each family constantly keeps the others in check in their to be the center of power, and they are willing to do whatever it takes to break the mutual balance.

To them, the Forsaken Lands are a treasure trove with hidden resources that will support their quest for power, and the best place to freely conduct various unethical magical experiments that they dare not carry out in their own country."
1030402031,"All this time, I’ve worked like a dog making potato bread.
All these days, I’ve followed Quentin up and down the mountains without a single day of rest.
Could all of it have been for this very day…?

It has already been half a year that I’ve been living as an upstanding member of this village, thanks to the mercy of Mr. Xavier.
I’m sick and tired of thievery.

I couldn’t afford my own house by cleaning up after those noble brats. Here, I should be able to make a good living.
Alright, let’s hurry up and deliver this news to the village.

It wouldn’t be too weird if I told them I wanted to become a captain this time, would it?"
1030402041,"I’m writing another letter to you, whom I’m anxious to know better.
It seems like you’ve become much more friendly, and it must be because of Athraharis, isn’t it?

I was worried I might have been too intimidating when I talked to Athraharis the other day.
But I guess I was desperate. I hoped that you would feel the same way I do.

My heart is beating out of my chest just thinking about what we can achieve together.
Now that I also have a heart, it should be okay for me to feel this way, right?"
1030402051,"The Liberators of Knowledge are known for their reverence for the ancient empire.
However, what they truly seek is to implement ancient knowledge in a modern context and use it for the sake of Elsetia.
There are a total of 5 people who are the embodiment of unquenchable and pure passion.

1. First Liberator : Sekien
2. Second Liberator : Zisen
3. Third Liberator : Blockio
4. Fourth Liberator : Naie
5. Fifth Liberator : Hechimar"
1040401011,"In Stormkel, the strongest from each tribe becomes the chief, and the Great Chief is chosen through a trial among the chiefs.
The Great Chief is more of a symbolic figure rather than a ruler.

◈Capital◈
Svaltstad

◈Environment◈
Although the land is vast, it mostly consists of tundras and valleys. Despite its extreme environment, various ores and Etherium are scattered throughout the region.
Even though it borders the North Sea to the west, maritime expansion efforts have been hindered by treacherous whirlpools.
The people of Svaltstad must endure severe weather and storms nearly every day. As such, they have mostly relied on hunting, with some regions also engaging in livestock farming and fishing.

◈History◈
Most people survive on hunting and herding with the exception of the western coast, where locals engage in fishing and some even turn to piracy and plundering. Indoor crafts have flourished due to the harsh climate, and their metalworking skills remain unparalleled."
1040401021,"◈ So cold! Cold hurts! Hurt is bad! Come to Naruru Hot Springs◈

Best spot in the geysers is ours. Our hot springs are best.
New fighters, runaway fighters, anyone… come to our hot springs!
Body gets warm. Warm means no cold, no coughing.

A star fell, crash and boom! Made big hot springs, small hot springs, and not small hot springs.
Bathe in the star’s energy! And spread the words. Spread them wide.

If you don’t, Ea will get very angry.
So very angry. Don’t blame Ninda when Ea get angry!

◈ wrote Fluffy-Hair Ninda ◈"
1040401031,"Verzard Outpost is where Stormkel’s recruits are trained, and the resources of the Forsaken Lands are researched.

While the Stormkel Gate serves as the administrative center and the final destination for relics exported to the homeland, Verzard can be described as the primary location for expanding Stormkel’s influence within the Forsaken Lands.

However, Outpost Commander Marten is concerned about the high death toll among recruits undergoing harsh training and the growing number of deserters who flee the outpost out of fear. Without disclosing these facts to the legation, he has been filing repeated reports claiming shortage of new recruits."
1040401041,"◈ The Path of the Fluffy-Hair ◈
Fluffy-Hair, the first and the best, the one that will be remembered forever, wrote and read this.

1. Fluffy-Hair is the face and trust of the Naruru tribe. If fail the tribe, I lose all hair. Ea gets angry, so very angry.
2. We will call the top merchant Leader, Merchant Group Leader. So they remember it well. Humans don’t understand Naruru language so well.
3. Giant’s Garden is in Aburu Village, and Pulsing Ridge is in Rappie Training Ground. But we have nothing here. So I start new, somewhere with lots of water! They call this… what was it? Hot Sprong? No, Hot Spring!

Even Kima can’t match what I did now, right?"
1040401051,"This is a brief account of the political landscape of Stormkel.

◈ Politics ◈
The territory is vast, but the difficulty of communication led to the development of villages centered around clans. Each village’s representative is called Chief. Chiefs are selected among the strongest warrior or the villager’s elders.

To avoid unnecessary disputes, the clans created the position of Great Chief and awarded the title of leader of Stormkel to those who proved their prowess through a fair trial.

However, after Norman became the Great Chief, these traditions slowly began to crumble. The followers of his rivals, Astrid and Ragnar, followed them into the Forsaken Lands."
1040401061,"I offer this song to the God of Past Lives. May it reach the ears of Astrid.
O you who boldly embarked on the path of destiny,
With everyone’s praises and reverence, your merits shall never vanish.

You who lost the throne to the greed of your own blood,
We all know your thoughts, though they remain unspoken.

In one hand, an axe.
In the other, a shield.

We shall never betray you, even if the path of blood awaits us."
1040401071,"Are you ready to give up everything for the Paradise?
To gain what you desire, you must learn to let go.
Human desires are boundlessly foolish, so you are bound to lose your way without a guide.

As a prophet of the Paradise Advent, I say to you.
Bow your heads before the Tower.
And offer yourselves for the power that will reshape this world.

I will leave blessings throughout the lands for you.
I hope you do not forget my words."
1040401081,"I’m writing another letter to you, whose name still remains a mystery.

■ I want to live. I ■■nt to live. I want ■■ live. I want to ■■ve. ■ ■■■■ ■■ ■■■■.
I don’t know what else to say… There isn’t much time left…

I met someone in a similar situation to mine.
She told me the same thing. Oh, I’m sure she did, didn’t she?

■■■■■ time until I lose my mind. I want ■■ live.
I don’t have much time.
I know I’m going to die soon, but I hope at least one person will listen to my story.

Please beware of the ancient ones.
They are gathering in large numbers, hiding among us.
Lugalians, Lagarnis, all of them… They only want to subdue us."
1040401091,"◈Exploration Report◈
1. Realm : Starfall Plateau
2. Discovered Location : Serpent’s Path
3. Purpose of Investigation: To identify the usage of the ancient ruins
4. Explorer In Charge : Geologist Gilbert

The ruins discovered in the Serpent’s Path seem to be structures of the Ancient Empire.
The exact purpose remains unknown, but judging by the long underground path, it looks to be one of the transport routes.
Given the fact that they used an underground path rather than the surface, the structure does not appear to be intended for humans.
Equipment required for additional investigations is…

(The rest has been faded and become illegible.)"
1040401101,"A new race emerged into the world with the Grand Incursion.

Lugalians.
As descendants of the ancient royals, they conquered Elsetia while their royals were missing, united under the ambition to rule mankind.

However, they underwent numerous changes over the last century.
Those influenced by humans lived among them, driving their progress. Those who adhered to tradition controlled the ones in power and caused war and disruption.

Despite their paths being completely different, the Lugalians shared the same belief regarding the tower.
They firmly believed that the power to rule the world resided within the tower."
1040401111,"This is a record of anomalies that occurred near the gate.

◈Reporter: Sarah
◈ Affiliation: 3rd Administrative Support Division, Stormkel Gate 
◈ Anomaly Recorded: Incursion
1. Precursor Event: None
2. Damage Status : 5 Scouts Deceased / 1 injured
 ※ The injured individual fainted after testifying and has yet to regain consciousness.
3. Testimony Summary: After the Paradise Advent follower threw an unidentified object, the Incursion suddenly occurred.
4. Comment: The injured scout fainted after repeatedly asking if a human could cause an Incursion, but it appears that their anger over seeing their comrades die before their eyes led to a misunderstanding."
1040401121,"The Stormkel Gate is one of four gates standing in the Forsaken Land.
Ashientet and Frantia had to build the walls to prevent the Grand Incursion. But in Stormkel, a giant frozen cliff served as a wall.

Just as the Frantia Gate, a permit is required to pass through the Stormkel Gate, which borders the Starfall Plateau.
Most of those passing through the gate are Stormkel warriors, master artisans, and officials.

Like other gates, leaving requires permission from the legation and an inspection at the gate.
Aside from officials or soldiers under the legation and authorized merchants, it is extremely difficult to enter the home country without a special reason.

On the other hand, since relics are frequently exported, there are rumors that people wishing to leave the Forsaken Lands often hide in wagons to smuggle themselves into Stormkel."
1040401131,"Oh, God of War.
Even when my brothers, my own flesh and blood, took your throne, and when comrades, who once promised eternal loyalty, misunderstood you, I thought everything had happened for a reason. 

Because I promised that even if the path that you chose was covered in thorns, I would always remain by your side.
But I cannot bear the fact that they have branded us rebels.

Even though you chose to protect Stormkel despite all that misunderstanding, I’m afraid I cannot do the same.
If I can rid this dishonor forever, I will gladly join the rebel army and clash swords with my kind.

I pray that your axe will be the one to behead me…"
1040401141,"◈ A prayer to the Paradise ◈

Please call out the names of the unworthy.
Please grace the abodes of the hungry with your presence.
Please guide the paths of the shelterless.

May our steps come together to find the way to the Paradise.

Those who suffer from living.
Those struggling just to exist.
Those who knelt down before desires.

We shall all meet under the Tower.
For when we are together, the power will sprout the seed of the Paradise."
1040401151,"◈ Purge this polluted world and become the new lord of these lands. ◈

The Wayfinder of Genesis shall bring about the downfall of the false administrators wearing the mask of hypocrisy,
and the Wayfinder of Wisdom shall guide the foolish onto the righteous path.
Thereupon, the Wayfinder of Mercy shall distinguish right from wrong, judging those meant to live and those meant to die,
and the Wayfinder of Faith shall grant a second chance.

 Those sent to the Wayfinder of Power shall be gifted a dream from which they never wake,
and those sent to the Wayfinder of Justice shall be given the opportunity to be born anew.

Thus, we shall all live in Paradise and sing of eternity."
1040402011,"XX, XX 
I am finally free! Seriously, the higher-ups are all talk and no action.
How long do they they can get away with pursuing pleasure without responsibility?

YY, YY
That’s what I’m talking about! It was cold around the base, but it’s warm and so green here.
It would be nice if I could bring more people later…

ZZ ZZ
Hmm, some Naruru guy appeared and told me to leave. I told him I was here first, but he told me to stop talking nonsense.
He said he would let me work for him if I proved my strength… What is he blubbering about?"
1040402021,"◈ Poetry Recital ◈
We have put together a poetry recital for the Romantic Hunter Uran.
He will be talking about the romantic encounters that he experienced and enjoyed over the years. So all Romantic Club members, please prepare in advance!

1. Must bring: a love letter and gift for Uran.
※ I did not include Love for Uran here, because it is too obvious. Love for Uran is what brings us all together, after all.

2. Do not bring : anesthetics, hunting-grade tranquilizers
※ Apparently, the ‘No Weapon’ rule was not clear enough for you. So we are explicitly excluding the items above. This is a recital, not a hunt!"
1040402031,"The Fountain Raven Society is a research organization that directly reports to the Great Chief of Stormkel.
It was established under the leadership of blacksmiths and scholars, and it actively interacts with other nations.

Its members are more often found dispatched to the Forsaken Lands or foreign countries rather than staying in the homeland.
It is well-funded compared to other societies, extending its reach into various fields ranging from simple artifacts to weapons of war.

◈ Mission Statement ◈
The progress of knowledge shall bring about transformation.
Let the past be your stepping stone and aim your blades at our enemies.

◈ Key Activities ◈
Research of ancient artifacts, development of technology for predicting and responding to Incursions, recruitment of magic engineers, etc."
1040402041,"I leave this letter for you, who will finally see this today.

I understand your choice… I’m sure you had no other choice.
 That is likely why ■■■■■ sought us out as well.

If we manage to deceive them completely, it will only last a few days at most.
Even if we hide in the secret chamber with our child before then, there is no guarantee we will survive.

That is why I have one last request for you.
Go to Athraharis right now.
He might know a way to hide our child…"
1040402051,"""◈ The Final Request ◈
I entrust our child to you.
Now that ■■■■■ has found us, we are as good as dead.

Still, we were quite happy.
When it was just the two of us, it didn’t matter that she was of the Ragar race, nor did it matter that I was a mere, unremarkable Lugalian.

Oh, Great Sage.
My wife and I have felt and witnessed a miracle that no one else could experience.
On the day we were blessed with a life that was never meant to be born, I promised eternity to my spouse. Without knowing that it would mean our death. 

Still, I have no regret. So please... When you walk a different path from the Emperor, take this child with you. The child’s name is Enkia."
1050401011,"Why do the Northlands meet the Spring Gardens?

Let me dust off an ancient, unsettled subject of debate.

Past the snowfields—where even Stormkel's fiercest warriors failed to plant their banners of conquest—one stumbles upon a season in full bloom.
Is this a prank of a transcendent being? A puzzle forcibly pieced together by mere whim?

They say the ancient empire once conducted bizarre experiments for unpredictable purposes.
Perhaps this land of abundance is simply one of their testing grounds."
1050401021,"◈ Join the Anti-Slaughter Movement ◈

Since when did we hunters think we had the right to take life?
Hunting was meant to be a means for survival, born of necessity—not an path forged from pure malice.
Yet, some of our own guild members go on hunts simply because they are ""bored.""

A hunt stripped of purpose and necessity is nothing short of slaughter! 
Fellow members of the Hunters Guild, I intend to expose those killers and reclaim our honor.
Join the movement, so we may present a formal protest to the Guild Master and…

(The rest of the text is smudged and unreadable.)"
1050401031,"Today marks the sixth full moon.

Mom and Dad went to buy mooncakes, but they aren't back yet.
They told me to go on ahead with my uncle. They say he’s a hunter.

He doesn't really play with me. But there are other kids here who are waiting for their parents, just like me.
I should ask them if they came from Krea, too."
1050401041,"[URGENT NOTICE]

Listen up, you absolute idiots! Do you have any idea how many damage claims are piling up every day?
I distinctly remember telling you to protect the villagers, not to cause complete chaos the second I turn my back.
Thanks to you, I've become the laughingstock of all Babylon.

You’ve completely drained our budget, so your pay is cut. To Zero.
If you’ve got a problem with that, bring an apology letter to the Guild Headquarters."
1050401051,"[Month: X, Day: X, XX(h):XX(m):XX(s)]

So, everyone keeps saying that dragons used to live in Elysium, right?
Of course, you’d never know just by looking around this place.

The only things crawling around here are lizard-headed monsters and some slimy things that wriggle a little.
Nothing out there breaths fire or actually flies in the sky.

Look, I might be an information broker, but how am I supposed to sell a rumor when there isn’t a single shred of evidence?
Ugh, what am I even going to tell the Merchant Head?"
1050401061,"[Dragon's Lair Investigation Report]

- A faint signal detected on the Aether Meter, just east of the Hunters' Village.
- Discovered a massive underground cavern. Inaccessible by foot; entry requires a Glider (high risk of fatal falls).
- Heavy monster presence. Further investigation not feasible with our current numbers.
- Local hunters appear to have been completely unaware of this cavern's existence.
- Will discuss plans for joint investigation next week."
1050401071,"◈ Ashen Crows ◈

Children of Tahn.
We have survived through the ashes, and the time has come to forge our future.

Rise against Krea—the butchers who kill in the name of prosperity.
We must reclaim our erased history and return our children to their homeland.
Join the Ashen Crows for this noble cause."
1050401081,"I found a tiny, shiny stone.
It's a cute little thing that fits right in my palm.
This tiny thing has so much energy! Sometimes it even goes crack! Crack-crackle!

Over on the other side... what were they called again?
Ah, the Bardad Expedition, or something like that.

They said they came to look at a mysterious stone buried underground.
But no one can get inside because of some protective magic.
It’s not visible, but if you get too close, you get pushed right back...?

Maybe this little stone is friends with the stone over there.
But since I found it, I’m going to take good care of it.
As long as those people don't catch me, it'll be fine."
1050401091,"◈ Bardad Expedition Forward Waypoint ◈

Chief Officer: Technical Advisor Chedar
Expedition Members: Vaddat, Devora
Primary Objective: Investigate connections between the floating debris and the Giant's Tower; conduct epidemological study on the Twisted Elysium.
Duration: From Month XX, Day YY until objectives are achieved

Chief... are you sure it’s okay to write it like this?
There are literally only three of us. Can we even call this a ""forward waypoint""?
And I'm the rookie… Why am I the one writing the report to Commander Bardad?!"
1050401101,"Grandpa, I’ve finally arrived at the Lake of Spirits.
Father said a second Star Forest couldn't possibly exist, but he was wrong.

You told me the Kingdom of Tahn vanished before you were even born.
That in your time, it already became a part of Krea.

But it seems the Star Forest spared that fate. There are people here at this lake who still honor Tahn, and...

(The rest of the text is torn away.)"
5010401011,"I never imagined I would end up living here.

Back when I was at the labor camp, I thought I’d spend my entire life working under the nobles...
Could it be that I possess a special power, like the Lugalians or the Imperial Family?

Having left without even saying goodbye to my family weighs on my heart, but I’m sure it’ll be fine, right?
I want to believe the rumors about the stars perishing or a great war breaking out are all nonsense...
Hmm, instead of letting this anxiety grow, I’d better go see the Great Sage."
5010401021,"Reporter: Generation Number 111311

I am reporting the results of the recent ecological formation experiment.

Group 1: Residential areas divided according to the degree of Gudua factor expression.
Group 2: Residential areas divided regardless of the degree of Gudua factor expression.

According to the computational results, it was expected that those with a high degree of Gudua factor expression would be born more frequently in Group 1; however, they were actually found more often in Group 2.
Consequently, the existing hypothesis that the Gudua factor is expressed solely due to genetic elements appears to be incorrect.
If follow-up action is required, I will proceed with additional experimental designs."
5010401031,"Due to the unfortunate incidents resulting from the unrestricted movement between floors, we will be deploying Guardians starting today to maintain surveillance.
All residents of the Tower will be deemed to have agreed to this measure; therefore, no further objection will be accepted.
If, by some chance, there is any complaint, please contact the Administrator.

Accept this as the price of betraying Emperor Amartu, who bestowed grace as vast as the heavens."
5020401011,"Don't believe everything you see.
Not all that you find beautiful belongs to you.

Don't listen to the voices echoing in your ears.
They aren't speaking for your sake.

That’s right, you may ignore all of this.
But think about why someone would go through the trouble of leaving this message in a place so dangerous and infested with monsters.
You want to live… Don't you?"
5020401021,"I take my own life here and now.
I was never unhappy during my time in the Tower, yet it was not the happiness I had dreamed of.
It is only right that I make this choice while I’m still human, before the falling of this cashle, which was built upon the blood of others.

So many things have begun to deteriorate.
I even occasionally see those who have abandoned their human form.
But what is truly unbearable is the fact that the Great Sage, no, Athraharis, is standing aside and letting all of this happen.
The only one capable of stopping the Emperor is doing absolutely nothing.

And so I choose death, while I can still live as a human…"
5020401031,"[Destroy upon receipt]
→ Anomaly Detected!
→ The algorithm entered for security is currently reverse-calculating.
→ The stop code entered by the administrator has not been activat■■.
→ Algorithm ■■■■■■■■■■■■ has been removed.
→ The ■■■■■■ to calculate the Energy Level ■■ factor condition variable is absent.

All souls across every floor, assemble at the Guardian’s side."
5030401011,"Among the Lugalians, the Lagar’s fatal plunges have become the latest gossip.
By the experimental design, the Lagar were engineered to be devoid of emotion and desire, yet they repeatedly choose to cease functioning.
Atrahasis called this evolution, but to me, it is a mere glitch.
These malfunctioning Lagar should be discarded.
What on earth was the Imperial Family thinking, creating such useless organics?"
5030401021,"[Damage Report]
→ The bridge connecting Zone 4 and Zone 5 has collapsed.
→ Research Team 3 of the Lost Paradise and a Lugalian family were killed while crossing.
→ The research team is making every effort to recover the bodies, but the Lagar remain stubbornly uncooperative.
→ Strangely, the Lagar refuse to enter the water. While there is no protocol for insubordination, they continue to exhibit abnormal reactions.

(The rest of the text is blurred and illegible.)"
5030401031,"Atrahasis.
You are such an idealist that you will never understand my choice.

The world doesn’t turn for the sake of ‘protection’.
That is an arrogance reserved only for the powerful.

Ordinary people, yes... for someone like me.
We create such monsters solely ‘to survive’.
You cannot imagine the joy I feel, feeding the monsters on every floor to their fill and watching them grow, day after day...

Atrahasis.
I will not make these monsters Guardians. I will make them slaughterers."
5040401011,"Amarut, we promised... never to use... this function.
This was our sole... and unbreakable... condition for cooperation.
… How could I just stand by... and watch the sequence unfold?

… It is my creation.
While you were busy playing Emperor...

(The remaining text is too faded to read.)"
5040401021,"[Autonomous Learning Module Result #■■]
→ Overload occurred during the 71st ego restoration process.
→ Subject identified itself as a high-intelligence being; Defied upper protocols.
→ Transferred to Saikarad, a higher command entity.
→ Disposal order confirmed for Subjects 27 and 28.

→ Unable to v■rify locations■ of Subjects ■■ and ■■."
5040401031,"Author: Generation No. 00638

Far velow the lower levels of the tower lies a specialized facility known as the Aether Leyline.
The leyline stretches across all of Elsetia, absorbing Aether on its own.
Essentially, it converts natural Aether into power for the tower, directing it to internal facilities like the Control Room and the Incubation Chamber.
Under special authorization, it can also target the Aether of sentient lifeforms... including animals and sentient entities."
