Id,Name,EffectDescription,SummaryEffectDescription,Param
1,Robusto,,,
2,Invencível,,,
3,Inteligente,,,
4,One-Hit Kill,,,
6,Reanimar a animação,,,
7,Knock Back,,,
8,Knock Down,,,
9,Batendo na porta,,,
10,Atordoamento,,,
11,Reanimar,,Desativado,
12,Observador,,,
20,Imortal,,,
24,"Invisível {""InvisibleInfoId"":1}",,,
25,"Invisível {""InvisibleInfoId"":99}",,,
31,"Ações restritas {""CharacterActionRestrictInfoId"":1}",,,
35,Dano Fixo (Ataque Básico),,,
36,Dano Fixo (Ataque Básico ao Jogador),,,
37,Dano Fixo (Ataque Básico ao Monstro),,,
38,Resistência a Dano Fixo (Ataque Básico),,,
39,Dano Fixo (Ataque Básico ao Jogador),,,
40,Dano Fixo (Ataque Básico ao Monstro),,,
41,Peetrating Dash,,,
42,,,,
43,,,,
44,,,,
51,Velocidade,,,
52,Fall Motion,,,
61,Queimar,Dano ao longo do tempo enquanto estiver em <Red>{Param}</> estado,Danos ao longo do tempo,Queimar
62,Queimar,Dano ao longo do tempo enquanto estiver em <Red>{Param}</> estado,Danos ao longo do tempo,Queimar
63,Queimar,Dano ao longo do tempo enquanto estiver em <Red>{Param}</> estado,Danos ao longo do tempo,Queimar
64,Queimar,Dano ao longo do tempo enquanto estiver em <Red>{Param}</> estado,Danos ao longo do tempo,Queimar
65,Queimar,Dano ao longo do tempo enquanto estiver em <Red>{Param}</> estado,Danos ao longo do tempo,Queimar
66,Queimar,Dano ao longo do tempo enquanto estiver em <Red>{Param}</> estado,Danos ao longo do tempo,Queimar
67,Queimar,Dano ao longo do tempo enquanto estiver em <Red>{Param}</> estado,Danos ao longo do tempo,Queimar
68,Queimar,Dano ao longo do tempo enquanto estiver em <Red>{Param}</> estado,Danos ao longo do tempo,Queimar
69,Queimar,Dano ao longo do tempo enquanto estiver em <Red>{Param}</> estado,Danos ao longo do tempo,Queimar
70,Queimar,Dano ao longo do tempo enquanto estiver em <Red>{Param}</> estado,Danos ao longo do tempo,Queimar
71,Congelar,Dano ao longo do tempo enquanto estiver em <Red>{Param}</> estado,Danos ao longo do tempo,Congelar
72,Congelar,Dano ao longo do tempo enquanto estiver em <Red>{Param}</> estado,Danos ao longo do tempo,Congelar
73,Congelar,Dano ao longo do tempo enquanto estiver em <Red>{Param}</> estado,Danos ao longo do tempo,Congelar
74,Congelar,Dano ao longo do tempo enquanto estiver em <Red>{Param}</> estado,Danos ao longo do tempo,Congelar
75,Congelar,Dano ao longo do tempo enquanto estiver em <Red>{Param}</> estado,Danos ao longo do tempo,Congelar
76,Congelar,Dano ao longo do tempo enquanto estiver em <Red>{Param}</> estado,Danos ao longo do tempo,Congelar
77,Congelar,Dano ao longo do tempo enquanto estiver em <Red>{Param}</> estado,Danos ao longo do tempo,Congelar
78,Congelar,Dano ao longo do tempo enquanto estiver em <Red>{Param}</> estado,Danos ao longo do tempo,Congelar
79,Congelar,Dano ao longo do tempo enquanto estiver em <Red>{Param}</> estado,Danos ao longo do tempo,Congelar
80,Congelar,Dano ao longo do tempo enquanto estiver em <Red>{Param}</> estado,Danos ao longo do tempo,Congelar
81,Veneno,Dano ao longo do tempo enquanto estiver em <Red>{Param}</> estado,Danos ao longo do tempo,Veneno
82,Veneno,Dano ao longo do tempo enquanto estiver em <Red>{Param}</> estado,Danos ao longo do tempo,Veneno
83,Veneno,Dano ao longo do tempo enquanto estiver em <Red>{Param}</> estado,Danos ao longo do tempo,Veneno
84,Veneno,Dano ao longo do tempo enquanto estiver em <Red>{Param}</> estado,Danos ao longo do tempo,Veneno
85,Veneno,Dano ao longo do tempo enquanto estiver em <Red>{Param}</> estado,Danos ao longo do tempo,Veneno
86,Veneno,Dano ao longo do tempo enquanto estiver em <Red>{Param}</> estado,Danos ao longo do tempo,Veneno
87,Veneno,Dano ao longo do tempo enquanto estiver em <Red>{Param}</> estado,Danos ao longo do tempo,Veneno
88,Veneno,Dano ao longo do tempo enquanto estiver em <Red>{Param}</> estado,Danos ao longo do tempo,Veneno
89,Veneno,Dano ao longo do tempo enquanto estiver em <Red>{Param}</> estado,Danos ao longo do tempo,Veneno
90,Veneno,Dano ao longo do tempo enquanto estiver em <Red>{Param}</> estado,Danos ao longo do tempo,Veneno
91,Sangramento,Dano ao longo do tempo enquanto estiver em <Red>{Param}</> estado,Danos ao longo do tempo,Sangramento
92,Sangramento,Dano ao longo do tempo enquanto estiver em <Red>{Param}</> estado,Danos ao longo do tempo,Sangramento
93,Sangramento,Dano ao longo do tempo enquanto estiver em <Red>{Param}</> estado,Danos ao longo do tempo,Sangramento
94,Sangramento,Dano ao longo do tempo enquanto estiver em <Red>{Param}</> estado,Danos ao longo do tempo,Sangramento
95,Sangramento,Dano ao longo do tempo enquanto estiver em <Red>{Param}</> estado,Danos ao longo do tempo,Sangramento
96,Sangramento,Dano ao longo do tempo enquanto estiver em <Red>{Param}</> estado,Danos ao longo do tempo,Sangramento
97,Sangramento,Dano ao longo do tempo enquanto estiver em <Red>{Param}</> estado,Danos ao longo do tempo,Sangramento
98,Sangramento,Dano ao longo do tempo enquanto estiver em <Red>{Param}</> estado,Danos ao longo do tempo,Sangramento
99,Sangramento,Dano ao longo do tempo enquanto estiver em <Red>{Param}</> estado,Danos ao longo do tempo,Sangramento
100,Sangramento,Dano ao longo do tempo enquanto estiver em <Red>{Param}</> estado,Danos ao longo do tempo,Sangramento
101,Atordoamento,Desativado enquanto em <Red>{Param}</> estado,Desativado,Atordoamento
102,Atordoamento,Desativado enquanto em <Red>{Param}</> estado,Desativado,Atordoamento
103,Atordoamento,Desativado enquanto em <Red>{Param}</> estado,Desativado,Atordoamento
104,Atordoamento,Desativado enquanto em <Red>{Param}</> estado,Desativado,Atordoamento
105,Atordoamento,Desativado enquanto em <Red>{Param}</> estado,Desativado,Atordoamento
106,Atordoamento,Desativado enquanto em <Red>{Param}</> estado,Desativado,Atordoamento
107,Atordoamento,Desativado enquanto em <Red>{Param}</> estado,Desativado,Atordoamento
108,Atordoamento,Desativado enquanto em <Red>{Param}</> estado,Desativado,Atordoamento
109,Atordoamento,Desativado enquanto em <Red>{Param}</> estado,Desativado,Atordoamento
110,Atordoamento,Desativado enquanto em <Red>{Param}</> estado,Desativado,Atordoamento
111,Atordoamento,Desativado enquanto em <Red>{Param}</> estado,Desativado,Atordoamento
112,Atordoamento,Desativado enquanto em <Red>{Param}</> estado,Desativado,Atordoamento
113,Atordoamento,Desativado enquanto em <Red>{Param}</> estado,Desativado,Atordoamento
114,Atordoamento,Desativado enquanto em <Red>{Param}</> estado,Desativado,Atordoamento
115,Atordoamento,Desativado enquanto em <Red>{Param}</> estado,Desativado,Atordoamento
116,Atordoamento,Desativado enquanto em <Red>{Param}</> estado,Desativado,Atordoamento
117,Atordoamento,Desativado enquanto em <Red>{Param}</> estado,Desativado,Atordoamento
118,Atordoamento,Desativado enquanto em <Red>{Param}</> estado,Desativado,Atordoamento
119,Atordoamento,Desativado enquanto em <Red>{Param}</> estado,Desativado,Atordoamento
120,Atordoamento,Desativado enquanto em <Red>{Param}</> estado,Desativado,Atordoamento
121,Atordoamento,Desativado enquanto em <Red>{Param}</> estado,Desativado,Atordoamento
122,Atordoamento,Desativado enquanto em <Red>{Param}</> estado,Desativado,Atordoamento
123,Atordoamento,Desativado enquanto em <Red>{Param}</> estado,Desativado,Atordoamento
124,Atordoamento,Desativado enquanto em <Red>{Param}</> estado,Desativado,Atordoamento
125,Atordoamento,Desativado enquanto em <Red>{Param}</> estado,Desativado,Atordoamento
126,Atordoamento,Desativado enquanto em <Red>{Param}</> estado,Desativado,Atordoamento
127,Atordoamento,Desativado enquanto em <Red>{Param}</> estado,Desativado,Atordoamento
128,Atordoamento,Desativado enquanto em <Red>{Param}</> estado,Desativado,Atordoamento
129,Atordoamento,Desativado enquanto em <Red>{Param}</> estado,Desativado,Atordoamento
130,Atordoamento,Desativado enquanto em <Red>{Param}</> estado,Desativado,Atordoamento
131,Atordoamento,Desativado enquanto em <Red>{Param}</> estado,Desativado,Atordoamento
132,Atordoamento,Desativado enquanto em <Red>{Param}</> estado,Desativado,Atordoamento
133,Atordoamento,Desativado enquanto em <Red>{Param}</> estado,Desativado,Atordoamento
134,Atordoamento,Desativado enquanto em <Red>{Param}</> estado,Desativado,Atordoamento
135,Atordoamento,Desativado enquanto em <Red>{Param}</> estado,Desativado,Atordoamento
136,Atordoamento,Desativado enquanto em <Red>{Param}</> estado,Desativado,Atordoamento
137,Atordoamento,Desativado enquanto em <Red>{Param}</> estado,Desativado,Atordoamento
138,Atordoamento,Desativado enquanto em <Red>{Param}</> estado,Desativado,Atordoamento
139,Atordoamento,Desativado enquanto em <Red>{Param}</> estado,Desativado,Atordoamento
140,Atordoamento,Desativado enquanto em <Red>{Param}</> estado,Desativado,Atordoamento
141,Atordoamento,Desativado enquanto em <Red>{Param}</> estado,Desativado,Atordoamento
142,Atordoamento,Desativado enquanto em <Red>{Param}</> estado,Desativado,Atordoamento
143,Atordoamento,Desativado enquanto em <Red>{Param}</> estado,Desativado,Atordoamento
144,Atordoamento,Desativado enquanto em <Red>{Param}</> estado,Desativado,Atordoamento
145,Atordoamento,Desativado enquanto em <Red>{Param}</> estado,Desativado,Atordoamento
146,Atordoamento,Desativado enquanto em <Red>{Param}</> estado,Desativado,Atordoamento
147,Atordoamento,Desativado enquanto em <Red>{Param}</> estado,Desativado,Atordoamento
148,Atordoamento,Desativado enquanto em <Red>{Param}</> estado,Desativado,Atordoamento
149,Atordoamento,Desativado enquanto em <Red>{Param}</> estado,Desativado,Atordoamento
150,Atordoamento,Desativado enquanto em <Red>{Param}</> estado,Desativado,Atordoamento
153,Knock Down,Desativado enquanto em <Red>{Param}</> estado,Desativado,Knock Down
154,Knock Down,Desativado enquanto em <Red>{Param}</> estado,Desativado,Knock Down
155,Knock Down,Desativado enquanto em <Red>{Param}</> estado,Desativado,Knock Down
156,Knock Down,Desativado enquanto em <Red>{Param}</> estado,Desativado,Knock Down
157,Knock Down,Desativado enquanto em <Red>{Param}</> estado,Desativado,Knock Down
158,Knock Down,Desativado enquanto em <Red>{Param}</> estado,Desativado,Knock Down
159,Knock Down,Desativado enquanto em <Red>{Param}</> estado,Desativado,Knock Down
160,Knock Down,Desativado enquanto em <Red>{Param}</> estado,Desativado,Knock Down
163,Knock Down,Desativado enquanto em <Red>{Param}</> estado,Desativado,Knock Down
164,Knock Down,Desativado enquanto em <Red>{Param}</> estado,Desativado,Knock Down
165,Knock Down,Desativado enquanto em <Red>{Param}</> estado,Desativado,Knock Down
166,Knock Down,Desativado enquanto em <Red>{Param}</> estado,Desativado,Knock Down
167,Knock Down,Desativado enquanto em <Red>{Param}</> estado,Desativado,Knock Down
168,Knock Down,Desativado enquanto em <Red>{Param}</> estado,Desativado,Knock Down
169,Knock Down,Desativado enquanto em <Red>{Param}</> estado,Desativado,Knock Down
170,Knock Down,Desativado enquanto em <Red>{Param}</> estado,Desativado,Knock Down
173,Knock Down,Desativado enquanto em <Red>{Param}</> estado,Desativado,Knock Down
174,Knock Down,Desativado enquanto em <Red>{Param}</> estado,Desativado,Knock Down
175,Knock Down,Desativado enquanto em <Red>{Param}</> estado,Desativado,Knock Down
176,Knock Down,Desativado enquanto em <Red>{Param}</> estado,Desativado,Knock Down
177,Knock Down,Desativado enquanto em <Red>{Param}</> estado,Desativado,Knock Down
178,Knock Down,Desativado enquanto em <Red>{Param}</> estado,Desativado,Knock Down
179,Knock Down,Desativado enquanto em <Red>{Param}</> estado,Desativado,Knock Down
180,Knock Down,Desativado enquanto em <Red>{Param}</> estado,Desativado,Knock Down
183,Knock Down,Desativado enquanto em <Red>{Param}</> estado,Desativado,Knock Down
184,Knock Down,Desativado enquanto em <Red>{Param}</> estado,Desativado,Knock Down
185,Knock Down,Desativado enquanto em <Red>{Param}</> estado,Desativado,Knock Down
186,Knock Down,Desativado enquanto em <Red>{Param}</> estado,Desativado,Knock Down
187,Knock Down,Desativado enquanto em <Red>{Param}</> estado,Desativado,Knock Down
188,Knock Down,Desativado enquanto em <Red>{Param}</> estado,Desativado,Knock Down
189,Knock Down,Desativado enquanto em <Red>{Param}</> estado,Desativado,Knock Down
190,Knock Down,Desativado enquanto em <Red>{Param}</> estado,Desativado,Knock Down
193,Knock Down,Desativado enquanto em <Red>{Param}</> estado,Desativado,Knock Down
194,Knock Down,Desativado enquanto em <Red>{Param}</> estado,Desativado,Knock Down
195,Knock Down,Desativado enquanto em <Red>{Param}</> estado,Desativado,Knock Down
196,Knock Down,Desativado enquanto em <Red>{Param}</> estado,Desativado,Knock Down
197,Knock Down,Desativado enquanto em <Red>{Param}</> estado,Desativado,Knock Down
198,Knock Down,Desativado enquanto em <Red>{Param}</> estado,Desativado,Knock Down
199,Knock Down,Desativado enquanto em <Red>{Param}</> estado,Desativado,Knock Down
200,Knock Down,Desativado enquanto em <Red>{Param}</> estado,Desativado,Knock Down
203,Aerotransportado,Desativado enquanto em <Red>{Param}</> estado,Desativado,Aerotransportado
204,Aerotransportado,Desativado enquanto em <Red>{Param}</> estado,Desativado,Aerotransportado
205,Aerotransportado,Desativado enquanto em <Red>{Param}</> estado,Desativado,Aerotransportado
206,Aerotransportado,Desativado enquanto em <Red>{Param}</> estado,Desativado,Aerotransportado
207,Aerotransportado,Desativado enquanto em <Red>{Param}</> estado,Desativado,Aerotransportado
208,Aerotransportado,Desativado enquanto em <Red>{Param}</> estado,Desativado,Aerotransportado
209,Aerotransportado,Desativado enquanto em <Red>{Param}</> estado,Desativado,Aerotransportado
210,Aerotransportado,Desativado enquanto em <Red>{Param}</> estado,Desativado,Aerotransportado
213,Aerotransportado,Desativado enquanto em <Red>{Param}</> estado,Desativado,Aerotransportado
214,Aerotransportado,Desativado enquanto em <Red>{Param}</> estado,Desativado,Aerotransportado
215,Aerotransportado,Desativado enquanto em <Red>{Param}</> estado,Desativado,Aerotransportado
216,Aerotransportado,Desativado enquanto em <Red>{Param}</> estado,Desativado,Aerotransportado
217,Aerotransportado,Desativado enquanto em <Red>{Param}</> estado,Desativado,Aerotransportado
218,Aerotransportado,Desativado enquanto em <Red>{Param}</> estado,Desativado,Aerotransportado
219,Aerotransportado,Desativado enquanto em <Red>{Param}</> estado,Desativado,Aerotransportado
220,Aerotransportado,Desativado enquanto em <Red>{Param}</> estado,Desativado,Aerotransportado
223,Aerotransportado,Desativado enquanto em <Red>{Param}</> estado,Desativado,Aerotransportado
224,Aerotransportado,Desativado enquanto em <Red>{Param}</> estado,Desativado,Aerotransportado
225,Aerotransportado,Desativado enquanto em <Red>{Param}</> estado,Desativado,Aerotransportado
226,Aerotransportado,Desativado enquanto em <Red>{Param}</> estado,Desativado,Aerotransportado
227,Aerotransportado,Desativado enquanto em <Red>{Param}</> estado,Desativado,Aerotransportado
228,Aerotransportado,Desativado enquanto em <Red>{Param}</> estado,Desativado,Aerotransportado
229,Aerotransportado,Desativado enquanto em <Red>{Param}</> estado,Desativado,Aerotransportado
230,Aerotransportado,Desativado enquanto em <Red>{Param}</> estado,Desativado,Aerotransportado
233,Aerotransportado,Desativado enquanto em <Red>{Param}</> estado,Desativado,Aerotransportado
234,Aerotransportado,Desativado enquanto em <Red>{Param}</> estado,Desativado,Aerotransportado
235,Aerotransportado,Desativado enquanto em <Red>{Param}</> estado,Desativado,Aerotransportado
236,Aerotransportado,Desativado enquanto em <Red>{Param}</> estado,Desativado,Aerotransportado
237,Aerotransportado,Desativado enquanto em <Red>{Param}</> estado,Desativado,Aerotransportado
238,Aerotransportado,Desativado enquanto em <Red>{Param}</> estado,Desativado,Aerotransportado
239,Aerotransportado,Desativado enquanto em <Red>{Param}</> estado,Desativado,Aerotransportado
240,Aerotransportado,Desativado enquanto em <Red>{Param}</> estado,Desativado,Aerotransportado
243,Aerotransportado,Desativado enquanto em <Red>{Param}</> estado,Desativado,Aerotransportado
244,Aerotransportado,Desativado enquanto em <Red>{Param}</> estado,Desativado,Aerotransportado
245,Aerotransportado,Desativado enquanto em <Red>{Param}</> estado,Desativado,Aerotransportado
246,Aerotransportado,Desativado enquanto em <Red>{Param}</> estado,Desativado,Aerotransportado
247,Aerotransportado,Desativado enquanto em <Red>{Param}</> estado,Desativado,Aerotransportado
248,Aerotransportado,Desativado enquanto em <Red>{Param}</> estado,Desativado,Aerotransportado
249,Aerotransportado,Desativado enquanto em <Red>{Param}</> estado,Desativado,Aerotransportado
250,Aerotransportado,Desativado enquanto em <Red>{Param}</> estado,Desativado,Aerotransportado
251,Supressão,Desativado enquanto em <Red>{Param}</> estado,Suprimido,Supressão
252,Supressão,Desativado enquanto em <Red>{Param}</> estado,Suprimido,Supressão
253,Supressão,Desativado enquanto em <Red>{Param}</> estado,Suprimido,Supressão
254,Supressão,Desativado enquanto em <Red>{Param}</> estado,Suprimido,Supressão
255,Supressão,Desativado enquanto em <Red>{Param}</> estado,Suprimido,Supressão
256,Supressão,Desativado enquanto em <Red>{Param}</> estado,Suprimido,Supressão
257,Supressão,Desativado enquanto em <Red>{Param}</> estado,Suprimido,Supressão
258,Supressão,Desativado enquanto em <Red>{Param}</> estado,Suprimido,Supressão
259,Supressão,Desativado enquanto em <Red>{Param}</> estado,Suprimido,Supressão
260,Supressão,Desativado enquanto em <Red>{Param}</> estado,Suprimido,Supressão
261,Supressão,Desativado enquanto em <Red>{Param}</> estado,Suprimido,Supressão
262,Supressão,Desativado enquanto em <Red>{Param}</> estado,Suprimido,Supressão
263,Supressão,Desativado enquanto em <Red>{Param}</> estado,Suprimido,Supressão
264,Supressão,Desativado enquanto em <Red>{Param}</> estado,Suprimido,Supressão
265,Supressão,Desativado enquanto em <Red>{Param}</> estado,Suprimido,Supressão
266,Supressão,Desativado enquanto em <Red>{Param}</> estado,Suprimido,Supressão
267,Supressão,Desativado enquanto em <Red>{Param}</> estado,Suprimido,Supressão
268,Supressão,Desativado enquanto em <Red>{Param}</> estado,Suprimido,Supressão
269,Supressão,Desativado enquanto em <Red>{Param}</> estado,Suprimido,Supressão
270,Supressão,Desativado enquanto em <Red>{Param}</> estado,Suprimido,Supressão
271,Supressão,Desativado enquanto em <Red>{Param}</> estado,Suprimido,Supressão
272,Supressão,Desativado enquanto em <Red>{Param}</> estado,Suprimido,Supressão
273,Supressão,Desativado enquanto em <Red>{Param}</> estado,Suprimido,Supressão
274,Supressão,Desativado enquanto em <Red>{Param}</> estado,Suprimido,Supressão
275,Supressão,Desativado enquanto em <Red>{Param}</> estado,Suprimido,Supressão
276,Supressão,Desativado enquanto em <Red>{Param}</> estado,Suprimido,Supressão
277,Supressão,Desativado enquanto em <Red>{Param}</> estado,Suprimido,Supressão
278,Supressão,Desativado enquanto em <Red>{Param}</> estado,Suprimido,Supressão
279,Supressão,Desativado enquanto em <Red>{Param}</> estado,Suprimido,Supressão
280,Supressão,Desativado enquanto em <Red>{Param}</> estado,Suprimido,Supressão
281,Supressão,Desativado enquanto em <Red>{Param}</> estado,Suprimido,Supressão
282,Supressão,Desativado enquanto em <Red>{Param}</> estado,Suprimido,Supressão
283,Supressão,Desativado enquanto em <Red>{Param}</> estado,Suprimido,Supressão
284,Supressão,Desativado enquanto em <Red>{Param}</> estado,Suprimido,Supressão
285,Supressão,Desativado enquanto em <Red>{Param}</> estado,Suprimido,Supressão
286,Supressão,Desativado enquanto em <Red>{Param}</> estado,Suprimido,Supressão
287,Supressão,Desativado enquanto em <Red>{Param}</> estado,Suprimido,Supressão
288,Supressão,Desativado enquanto em <Red>{Param}</> estado,Suprimido,Supressão
289,Supressão,Desativado enquanto em <Red>{Param}</> estado,Suprimido,Supressão
290,Supressão,Desativado enquanto em <Red>{Param}</> estado,Suprimido,Supressão
291,Supressão,Desativado enquanto em <Red>{Param}</> estado,Suprimido,Supressão
292,Supressão,Desativado enquanto em <Red>{Param}</> estado,Suprimido,Supressão
293,Supressão,Desativado enquanto em <Red>{Param}</> estado,Suprimido,Supressão
294,Supressão,Desativado enquanto em <Red>{Param}</> estado,Suprimido,Supressão
295,Supressão,Desativado enquanto em <Red>{Param}</> estado,Suprimido,Supressão
296,Supressão,Desativado enquanto em <Red>{Param}</> estado,Suprimido,Supressão
297,Supressão,Desativado enquanto em <Red>{Param}</> estado,Suprimido,Supressão
298,Supressão,Desativado enquanto em <Red>{Param}</> estado,Suprimido,Supressão
299,Supressão,Desativado enquanto em <Red>{Param}</> estado,Suprimido,Supressão
300,Supressão,Desativado enquanto em <Red>{Param}</> estado,Suprimido,Supressão
301,Knock Back,,,
302,Knock Back,,,
303,Knock Back,,,
304,Knock Back,,,
305,Knock Back,,,
306,Knock Back,,,
307,Knock Back,,,
308,Knock Back,,,
309,Knock Back,,,
310,Knock Back,,,
311,Knock Back,,,
312,Knock Back,,,
313,Knock Back,,,
314,Knock Back,,,
315,Knock Back,,,
316,Knock Back,,,
317,Knock Back,,,
318,Knock Back,,,
319,Knock Back,,,
320,Knock Back,,,
321,Knock Back,,,
322,Knock Back,,,
323,Knock Back,,,
324,Knock Back,,,
325,Knock Back,,,
326,Knock Back,,,
327,Knock Back,,,
328,Knock Back,,,
329,Knock Back,,,
330,Knock Back,,,
331,Knock Back,,,
332,Knock Back,,,
333,Knock Back,,,
334,Knock Back,,,
335,Knock Back,,,
336,Knock Back,,,
337,Knock Back,,,
338,Knock Back,,,
339,Knock Back,,,
340,Knock Back,,,
341,Knock Back,,,
342,Knock Back,,,
343,Knock Back,,,
344,Knock Back,,,
345,Knock Back,,,
346,Knock Back,,,
347,Knock Back,,,
348,Knock Back,,,
349,Knock Back,,,
350,Knock Back,,,
352,Choque,Desativado enquanto em <Red>{Param}</> estado,Desativado,Choque
353,Choque,Desativado enquanto em <Red>{Param}</> estado,Desativado,Choque
354,Choque,Desativado enquanto em <Red>{Param}</> estado,Desativado,Choque
355,Choque,Desativado enquanto em <Red>{Param}</> estado,Desativado,Choque
356,Choque,Desativado enquanto em <Red>{Param}</> estado,Desativado,Choque
357,Choque,Desativado enquanto em <Red>{Param}</> estado,Desativado,Choque
358,Choque,Desativado enquanto em <Red>{Param}</> estado,Desativado,Choque
359,Choque,Desativado enquanto em <Red>{Param}</> estado,Desativado,Choque
360,Choque,Desativado enquanto em <Red>{Param}</> estado,Desativado,Choque
362,Choque,Desativado enquanto em <Red>{Param}</> estado,Desativado,Choque
363,Choque,Desativado enquanto em <Red>{Param}</> estado,Desativado,Choque
364,Choque,Desativado enquanto em <Red>{Param}</> estado,Desativado,Choque
365,Choque,Desativado enquanto em <Red>{Param}</> estado,Desativado,Choque
366,Choque,Desativado enquanto em <Red>{Param}</> estado,Desativado,Choque
367,Choque,Desativado enquanto em <Red>{Param}</> estado,Desativado,Choque
368,Choque,Desativado enquanto em <Red>{Param}</> estado,Desativado,Choque
369,Choque,Desativado enquanto em <Red>{Param}</> estado,Desativado,Choque
372,Choque,Desativado enquanto em <Red>{Param}</> estado,Desativado,Choque
373,Choque,Desativado enquanto em <Red>{Param}</> estado,Desativado,Choque
374,Choque,Desativado enquanto em <Red>{Param}</> estado,Desativado,Choque
375,Choque,Desativado enquanto em <Red>{Param}</> estado,Desativado,Choque
376,Choque,Desativado enquanto em <Red>{Param}</> estado,Desativado,Choque
377,Choque,Desativado enquanto em <Red>{Param}</> estado,Desativado,Choque
378,Choque,Desativado enquanto em <Red>{Param}</> estado,Desativado,Choque
379,Choque,Desativado enquanto em <Red>{Param}</> estado,Desativado,Choque
382,Choque,Desativado enquanto em <Red>{Param}</> estado,Desativado,Choque
383,Choque,Desativado enquanto em <Red>{Param}</> estado,Desativado,Choque
384,Choque,Desativado enquanto em <Red>{Param}</> estado,Desativado,Choque
385,Choque,Desativado enquanto em <Red>{Param}</> estado,Desativado,Choque
386,Choque,Desativado enquanto em <Red>{Param}</> estado,Desativado,Choque
387,Choque,Desativado enquanto em <Red>{Param}</> estado,Desativado,Choque
388,Choque,Desativado enquanto em <Red>{Param}</> estado,Desativado,Choque
389,Choque,Desativado enquanto em <Red>{Param}</> estado,Desativado,Choque
392,Choque,Desativado enquanto em <Red>{Param}</> estado,Desativado,Choque
393,Choque,Desativado enquanto em <Red>{Param}</> estado,Desativado,Choque
394,Choque,Desativado enquanto em <Red>{Param}</> estado,Desativado,Choque
395,Choque,Desativado enquanto em <Red>{Param}</> estado,Desativado,Choque
396,Choque,Desativado enquanto em <Red>{Param}</> estado,Desativado,Choque
397,Choque,Desativado enquanto em <Red>{Param}</> estado,Desativado,Choque
398,Choque,Desativado enquanto em <Red>{Param}</> estado,Desativado,Choque
399,Choque,Desativado enquanto em <Red>{Param}</> estado,Desativado,Choque
501,Ligação,Desativado enquanto em <Red>{Param}</> estado,Imobilizado,Ligação
502,Ligação,Desativado enquanto em <Red>{Param}</> estado,Imobilizado,Ligação
503,Ligação,Desativado enquanto em <Red>{Param}</> estado,Imobilizado,Ligação
504,Ligação,Desativado enquanto em <Red>{Param}</> estado,Imobilizado,Ligação
505,Ligação,Desativado enquanto em <Red>{Param}</> estado,Imobilizado,Ligação
506,Ligação,Desativado enquanto em <Red>{Param}</> estado,Imobilizado,Ligação
507,Ligação,Desativado enquanto em <Red>{Param}</> estado,Imobilizado,Ligação
508,Ligação,Desativado enquanto em <Red>{Param}</> estado,Imobilizado,Ligação
509,Ligação,Desativado enquanto em <Red>{Param}</> estado,Imobilizado,Ligação
510,Ligação,Desativado enquanto em <Red>{Param}</> estado,Imobilizado,Ligação
511,Ligação,Desativado enquanto em <Red>{Param}</> estado,Imobilizado,Ligação
512,Ligação,Desativado enquanto em <Red>{Param}</> estado,Imobilizado,Ligação
513,Ligação,Desativado enquanto em <Red>{Param}</> estado,Imobilizado,Ligação
514,Ligação,Desativado enquanto em <Red>{Param}</> estado,Imobilizado,Ligação
515,Ligação,Desativado enquanto em <Red>{Param}</> estado,Imobilizado,Ligação
516,Ligação,Desativado enquanto em <Red>{Param}</> estado,Imobilizado,Ligação
517,Ligação,Desativado enquanto em <Red>{Param}</> estado,Imobilizado,Ligação
518,Ligação,Desativado enquanto em <Red>{Param}</> estado,Imobilizado,Ligação
519,Ligação,Desativado enquanto em <Red>{Param}</> estado,Imobilizado,Ligação
520,Ligação,Desativado enquanto em <Red>{Param}</> estado,Imobilizado,Ligação
521,Ligação,Desativado enquanto em <Red>{Param}</> estado,Imobilizado,Ligação
522,Ligação,Desativado enquanto em <Red>{Param}</> estado,Imobilizado,Ligação
523,Ligação,Desativado enquanto em <Red>{Param}</> estado,Imobilizado,Ligação
524,Ligação,Desativado enquanto em <Red>{Param}</> estado,Imobilizado,Ligação
525,Ligação,Desativado enquanto em <Red>{Param}</> estado,Imobilizado,Ligação
526,Ligação,Desativado enquanto em <Red>{Param}</> estado,Imobilizado,Ligação
527,Ligação,Desativado enquanto em <Red>{Param}</> estado,Imobilizado,Ligação
528,Ligação,Desativado enquanto em <Red>{Param}</> estado,Imobilizado,Ligação
529,Ligação,Desativado enquanto em <Red>{Param}</> estado,Imobilizado,Ligação
530,Ligação,Desativado enquanto em <Red>{Param}</> estado,Imobilizado,Ligação
531,Ligação,Desativado enquanto em <Red>{Param}</> estado,Imobilizado,Ligação
532,Ligação,Desativado enquanto em <Red>{Param}</> estado,Imobilizado,Ligação
533,Ligação,Desativado enquanto em <Red>{Param}</> estado,Imobilizado,Ligação
534,Ligação,Desativado enquanto em <Red>{Param}</> estado,Imobilizado,Ligação
535,Ligação,Desativado enquanto em <Red>{Param}</> estado,Imobilizado,Ligação
536,Ligação,Desativado enquanto em <Red>{Param}</> estado,Imobilizado,Ligação
537,Ligação,Desativado enquanto em <Red>{Param}</> estado,Imobilizado,Ligação
538,Ligação,Desativado enquanto em <Red>{Param}</> estado,Imobilizado,Ligação
539,Ligação,Desativado enquanto em <Red>{Param}</> estado,Imobilizado,Ligação
540,Ligação,Desativado enquanto em <Red>{Param}</> estado,Imobilizado,Ligação
541,Ligação,Desativado enquanto em <Red>{Param}</> estado,Imobilizado,Ligação
542,Ligação,Desativado enquanto em <Red>{Param}</> estado,Imobilizado,Ligação
543,Ligação,Desativado enquanto em <Red>{Param}</> estado,Imobilizado,Ligação
544,Ligação,Desativado enquanto em <Red>{Param}</> estado,Imobilizado,Ligação
545,Ligação,Desativado enquanto em <Red>{Param}</> estado,Imobilizado,Ligação
546,Ligação,Desativado enquanto em <Red>{Param}</> estado,Imobilizado,Ligação
547,Ligação,Desativado enquanto em <Red>{Param}</> estado,Imobilizado,Ligação
548,Ligação,Desativado enquanto em <Red>{Param}</> estado,Imobilizado,Ligação
549,Ligação,Desativado enquanto em <Red>{Param}</> estado,Imobilizado,Ligação
550,Ligação,Desativado enquanto em <Red>{Param}</> estado,Imobilizado,Ligação
551,Silêncio,Desativado enquanto em <Red>{Param}</> estado,Skills Desativado,Silêncio
552,Silêncio,Desativado enquanto em <Red>{Param}</> estado,Skills Desativado,Silêncio
553,Silêncio,Desativado enquanto em <Red>{Param}</> estado,Skills Desativado,Silêncio
554,Silêncio,Desativado enquanto em <Red>{Param}</> estado,Skills Desativado,Silêncio
555,Silêncio,Desativado enquanto em <Red>{Param}</> estado,Skills Desativado,Silêncio
556,Silêncio,Desativado enquanto em <Red>{Param}</> estado,Skills Desativado,Silêncio
557,Silêncio,Desativado enquanto em <Red>{Param}</> estado,Skills Desativado,Silêncio
558,Silêncio,Desativado enquanto em <Red>{Param}</> estado,Skills Desativado,Silêncio
559,Silêncio,Desativado enquanto em <Red>{Param}</> estado,Skills Desativado,Silêncio
560,Silêncio,Desativado enquanto em <Red>{Param}</> estado,Skills Desativado,Silêncio
561,Silêncio,Desativado enquanto em <Red>{Param}</> estado,Skills Desativado,Silêncio
562,Silêncio,Desativado enquanto em <Red>{Param}</> estado,Skills Desativado,Silêncio
563,Silêncio,Desativado enquanto em <Red>{Param}</> estado,Skills Desativado,Silêncio
564,Silêncio,Desativado enquanto em <Red>{Param}</> estado,Skills Desativado,Silêncio
565,Silêncio,Desativado enquanto em <Red>{Param}</> estado,Skills Desativado,Silêncio
566,Silêncio,Desativado enquanto em <Red>{Param}</> estado,Skills Desativado,Silêncio
567,Silêncio,Desativado enquanto em <Red>{Param}</> estado,Skills Desativado,Silêncio
568,Silêncio,Desativado enquanto em <Red>{Param}</> estado,Skills Desativado,Silêncio
569,Silêncio,Desativado enquanto em <Red>{Param}</> estado,Skills Desativado,Silêncio
570,Silêncio,Desativado enquanto em <Red>{Param}</> estado,Skills Desativado,Silêncio
571,Silêncio,Desativado enquanto em <Red>{Param}</> estado,Skills Desativado,Silêncio
572,Silêncio,Desativado enquanto em <Red>{Param}</> estado,Skills Desativado,Silêncio
573,Silêncio,Desativado enquanto em <Red>{Param}</> estado,Skills Desativado,Silêncio
574,Silêncio,Desativado enquanto em <Red>{Param}</> estado,Skills Desativado,Silêncio
575,Silêncio,Desativado enquanto em <Red>{Param}</> estado,Skills Desativado,Silêncio
576,Silêncio,Desativado enquanto em <Red>{Param}</> estado,Skills Desativado,Silêncio
577,Silêncio,Desativado enquanto em <Red>{Param}</> estado,Skills Desativado,Silêncio
578,Silêncio,Desativado enquanto em <Red>{Param}</> estado,Skills Desativado,Silêncio
579,Silêncio,Desativado enquanto em <Red>{Param}</> estado,Skills Desativado,Silêncio
580,Silêncio,Desativado enquanto em <Red>{Param}</> estado,Skills Desativado,Silêncio
581,Silêncio,Desativado enquanto em <Red>{Param}</> estado,Skills Desativado,Silêncio
582,Silêncio,Desativado enquanto em <Red>{Param}</> estado,Skills Desativado,Silêncio
583,Silêncio,Desativado enquanto em <Red>{Param}</> estado,Skills Desativado,Silêncio
584,Silêncio,Desativado enquanto em <Red>{Param}</> estado,Skills Desativado,Silêncio
585,Silêncio,Desativado enquanto em <Red>{Param}</> estado,Skills Desativado,Silêncio
586,Silêncio,Desativado enquanto em <Red>{Param}</> estado,Skills Desativado,Silêncio
587,Silêncio,Desativado enquanto em <Red>{Param}</> estado,Skills Desativado,Silêncio
588,Silêncio,Desativado enquanto em <Red>{Param}</> estado,Skills Desativado,Silêncio
589,Silêncio,Desativado enquanto em <Red>{Param}</> estado,Skills Desativado,Silêncio
590,Silêncio,Desativado enquanto em <Red>{Param}</> estado,Skills Desativado,Silêncio
591,Silêncio,Desativado enquanto em <Red>{Param}</> estado,Skills Desativado,Silêncio
592,Silêncio,Desativado enquanto em <Red>{Param}</> estado,Skills Desativado,Silêncio
593,Silêncio,Desativado enquanto em <Red>{Param}</> estado,Skills Desativado,Silêncio
594,Silêncio,Desativado enquanto em <Red>{Param}</> estado,Skills Desativado,Silêncio
595,Silêncio,Desativado enquanto em <Red>{Param}</> estado,Skills Desativado,Silêncio
596,Silêncio,Desativado enquanto em <Red>{Param}</> estado,Skills Desativado,Silêncio
597,Silêncio,Desativado enquanto em <Red>{Param}</> estado,Skills Desativado,Silêncio
598,Silêncio,Desativado enquanto em <Red>{Param}</> estado,Skills Desativado,Silêncio
599,Silêncio,Desativado enquanto em <Red>{Param}</> estado,Skills Desativado,Silêncio
600,Silêncio,Desativado enquanto em <Red>{Param}</> estado,Skills Desativado,Silêncio
601,Cego,Desativado enquanto em <Red>{Param}</> estado,Visão bloqueada,Cego
602,Cego,Desativado enquanto em <Red>{Param}</> estado,Visão bloqueada,Cego
603,Cego,Desativado enquanto em <Red>{Param}</> estado,Visão bloqueada,Cego
604,Cego,Desativado enquanto em <Red>{Param}</> estado,Visão bloqueada,Cego
605,Cego,Desativado enquanto em <Red>{Param}</> estado,Visão bloqueada,Cego
606,Cego,Desativado enquanto em <Red>{Param}</> estado,Visão bloqueada,Cego
607,Cego,Desativado enquanto em <Red>{Param}</> estado,Visão bloqueada,Cego
608,Cego,Desativado enquanto em <Red>{Param}</> estado,Visão bloqueada,Cego
609,Cego,Desativado enquanto em <Red>{Param}</> estado,Visão bloqueada,Cego
610,Cego,Desativado enquanto em <Red>{Param}</> estado,Visão bloqueada,Cego
611,Cego,Desativado enquanto em <Red>{Param}</> estado,Visão bloqueada,Cego
612,Cego,Desativado enquanto em <Red>{Param}</> estado,Visão bloqueada,Cego
613,Cego,Desativado enquanto em <Red>{Param}</> estado,Visão bloqueada,Cego
614,Cego,Desativado enquanto em <Red>{Param}</> estado,Visão bloqueada,Cego
615,Cego,Desativado enquanto em <Red>{Param}</> estado,Visão bloqueada,Cego
616,Cego,Desativado enquanto em <Red>{Param}</> estado,Visão bloqueada,Cego
617,Cego,Desativado enquanto em <Red>{Param}</> estado,Visão bloqueada,Cego
618,Cego,Desativado enquanto em <Red>{Param}</> estado,Visão bloqueada,Cego
619,Cego,Desativado enquanto em <Red>{Param}</> estado,Visão bloqueada,Cego
620,Cego,Desativado enquanto em <Red>{Param}</> estado,Visão bloqueada,Cego
621,Cego,Desativado enquanto em <Red>{Param}</> estado,Visão bloqueada,Cego
622,Cego,Desativado enquanto em <Red>{Param}</> estado,Visão bloqueada,Cego
623,Cego,Desativado enquanto em <Red>{Param}</> estado,Visão bloqueada,Cego
624,Cego,Desativado enquanto em <Red>{Param}</> estado,Visão bloqueada,Cego
625,Cego,Desativado enquanto em <Red>{Param}</> estado,Visão bloqueada,Cego
626,Cego,Desativado enquanto em <Red>{Param}</> estado,Visão bloqueada,Cego
627,Cego,Desativado enquanto em <Red>{Param}</> estado,Visão bloqueada,Cego
628,Cego,Desativado enquanto em <Red>{Param}</> estado,Visão bloqueada,Cego
629,Cego,Desativado enquanto em <Red>{Param}</> estado,Visão bloqueada,Cego
630,Cego,Desativado enquanto em <Red>{Param}</> estado,Visão bloqueada,Cego
631,Cego,Desativado enquanto em <Red>{Param}</> estado,Visão bloqueada,Cego
632,Cego,Desativado enquanto em <Red>{Param}</> estado,Visão bloqueada,Cego
633,Cego,Desativado enquanto em <Red>{Param}</> estado,Visão bloqueada,Cego
634,Cego,Desativado enquanto em <Red>{Param}</> estado,Visão bloqueada,Cego
635,Cego,Desativado enquanto em <Red>{Param}</> estado,Visão bloqueada,Cego
636,Cego,Desativado enquanto em <Red>{Param}</> estado,Visão bloqueada,Cego
637,Cego,Desativado enquanto em <Red>{Param}</> estado,Visão bloqueada,Cego
638,Cego,Desativado enquanto em <Red>{Param}</> estado,Visão bloqueada,Cego
639,Cego,Desativado enquanto em <Red>{Param}</> estado,Visão bloqueada,Cego
640,Cego,Desativado enquanto em <Red>{Param}</> estado,Visão bloqueada,Cego
641,Cego,Desativado enquanto em <Red>{Param}</> estado,Visão bloqueada,Cego
642,Cego,Desativado enquanto em <Red>{Param}</> estado,Visão bloqueada,Cego
643,Cego,Desativado enquanto em <Red>{Param}</> estado,Visão bloqueada,Cego
644,Cego,Desativado enquanto em <Red>{Param}</> estado,Visão bloqueada,Cego
645,Cego,Desativado enquanto em <Red>{Param}</> estado,Visão bloqueada,Cego
646,Cego,Desativado enquanto em <Red>{Param}</> estado,Visão bloqueada,Cego
647,Cego,Desativado enquanto em <Red>{Param}</> estado,Visão bloqueada,Cego
648,Cego,Desativado enquanto em <Red>{Param}</> estado,Visão bloqueada,Cego
649,Cego,Desativado enquanto em <Red>{Param}</> estado,Visão bloqueada,Cego
650,Cego,Desativado enquanto em <Red>{Param}</> estado,Visão bloqueada,Cego
651,Congelar,Desativado enquanto em <Red>{Param}</> estado,Desativado,Congelar
652,Congelar,Desativado enquanto em <Red>{Param}</> estado,Desativado,Congelar
653,Congelar,Desativado enquanto em <Red>{Param}</> estado,Desativado,Congelar
654,Congelar,Desativado enquanto em <Red>{Param}</> estado,Desativado,Congelar
655,Congelar,Desativado enquanto em <Red>{Param}</> estado,Desativado,Congelar
656,Congelar,Desativado enquanto em <Red>{Param}</> estado,Desativado,Congelar
657,Congelar,Desativado enquanto em <Red>{Param}</> estado,Desativado,Congelar
658,Congelar,Desativado enquanto em <Red>{Param}</> estado,Desativado,Congelar
659,Congelar,Desativado enquanto em <Red>{Param}</> estado,Desativado,Congelar
660,Congelar,Desativado enquanto em <Red>{Param}</> estado,Desativado,Congelar
661,Congelar,Desativado enquanto em <Red>{Param}</> estado,Desativado,Congelar
662,Congelar,Desativado enquanto em <Red>{Param}</> estado,Desativado,Congelar
663,Congelar,Desativado enquanto em <Red>{Param}</> estado,Desativado,Congelar
664,Congelar,Desativado enquanto em <Red>{Param}</> estado,Desativado,Congelar
665,Congelar,Desativado enquanto em <Red>{Param}</> estado,Desativado,Congelar
666,Congelar,Desativado enquanto em <Red>{Param}</> estado,Desativado,Congelar
667,Congelar,Desativado enquanto em <Red>{Param}</> estado,Desativado,Congelar
668,Congelar,Desativado enquanto em <Red>{Param}</> estado,Desativado,Congelar
669,Congelar,Desativado enquanto em <Red>{Param}</> estado,Desativado,Congelar
670,Congelar,Desativado enquanto em <Red>{Param}</> estado,Desativado,Congelar
671,Congelar,Desativado enquanto em <Red>{Param}</> estado,Desativado,Congelar
672,Congelar,Desativado enquanto em <Red>{Param}</> estado,Desativado,Congelar
673,Congelar,Desativado enquanto em <Red>{Param}</> estado,Desativado,Congelar
674,Congelar,Desativado enquanto em <Red>{Param}</> estado,Desativado,Congelar
675,Congelar,Desativado enquanto em <Red>{Param}</> estado,Desativado,Congelar
676,Congelar,Desativado enquanto em <Red>{Param}</> estado,Desativado,Congelar
677,Congelar,Desativado enquanto em <Red>{Param}</> estado,Desativado,Congelar
678,Congelar,Desativado enquanto em <Red>{Param}</> estado,Desativado,Congelar
679,Congelar,Desativado enquanto em <Red>{Param}</> estado,Desativado,Congelar
680,Congelar,Desativado enquanto em <Red>{Param}</> estado,Desativado,Congelar
681,Congelar,Desativado enquanto em <Red>{Param}</> estado,Desativado,Congelar
682,Congelar,Desativado enquanto em <Red>{Param}</> estado,Desativado,Congelar
683,Congelar,Desativado enquanto em <Red>{Param}</> estado,Desativado,Congelar
684,Congelar,Desativado enquanto em <Red>{Param}</> estado,Desativado,Congelar
685,Congelar,Desativado enquanto em <Red>{Param}</> estado,Desativado,Congelar
686,Congelar,Desativado enquanto em <Red>{Param}</> estado,Desativado,Congelar
687,Congelar,Desativado enquanto em <Red>{Param}</> estado,Desativado,Congelar
688,Congelar,Desativado enquanto em <Red>{Param}</> estado,Desativado,Congelar
689,Congelar,Desativado enquanto em <Red>{Param}</> estado,Desativado,Congelar
690,Congelar,Desativado enquanto em <Red>{Param}</> estado,Desativado,Congelar
691,Congelar,Desativado enquanto em <Red>{Param}</> estado,Desativado,Congelar
692,Congelar,Desativado enquanto em <Red>{Param}</> estado,Desativado,Congelar
693,Congelar,Desativado enquanto em <Red>{Param}</> estado,Desativado,Congelar
694,Congelar,Desativado enquanto em <Red>{Param}</> estado,Desativado,Congelar
695,Congelar,Desativado enquanto em <Red>{Param}</> estado,Desativado,Congelar
696,Congelar,Desativado enquanto em <Red>{Param}</> estado,Desativado,Congelar
697,Congelar,Desativado enquanto em <Red>{Param}</> estado,Desativado,Congelar
698,Congelar,Desativado enquanto em <Red>{Param}</> estado,Desativado,Congelar
699,Congelar,Desativado enquanto em <Red>{Param}</> estado,Desativado,Congelar
700,Congelar,Desativado enquanto em <Red>{Param}</> estado,Desativado,Congelar
701,Provoca,Desativado enquanto em <Red>{Param}</> estado,Desativado e forçado a atacar,Provoca
702,Provoca,Desativado enquanto em <Red>{Param}</> estado,Desativado e forçado a atacar,Provoca
703,Provoca,Desativado enquanto em <Red>{Param}</> estado,Desativado e forçado a atacar,Provoca
704,Provoca,Desativado enquanto em <Red>{Param}</> estado,Desativado e forçado a atacar,Provoca
705,Provoca,Desativado enquanto em <Red>{Param}</> estado,Desativado e forçado a atacar,Provoca
706,Provoca,Desativado enquanto em <Red>{Param}</> estado,Desativado e forçado a atacar,Provoca
707,Provoca,Desativado enquanto em <Red>{Param}</> estado,Desativado e forçado a atacar,Provoca
708,Provoca,Desativado enquanto em <Red>{Param}</> estado,Desativado e forçado a atacar,Provoca
709,Provoca,Desativado enquanto em <Red>{Param}</> estado,Desativado e forçado a atacar,Provoca
710,Provoca,Desativado enquanto em <Red>{Param}</> estado,Desativado e forçado a atacar,Provoca
711,Provoca,Desativado enquanto em <Red>{Param}</> estado,Desativado e forçado a atacar,Provoca
712,Provoca,Desativado enquanto em <Red>{Param}</> estado,Desativado e forçado a atacar,Provoca
713,Provoca,Desativado enquanto em <Red>{Param}</> estado,Desativado e forçado a atacar,Provoca
714,Provoca,Desativado enquanto em <Red>{Param}</> estado,Desativado e forçado a atacar,Provoca
715,Provoca,Desativado enquanto em <Red>{Param}</> estado,Desativado e forçado a atacar,Provoca
716,Provoca,Desativado enquanto em <Red>{Param}</> estado,Desativado e forçado a atacar,Provoca
717,Provoca,Desativado enquanto em <Red>{Param}</> estado,Desativado e forçado a atacar,Provoca
718,Provoca,Desativado enquanto em <Red>{Param}</> estado,Desativado e forçado a atacar,Provoca
719,Provoca,Desativado enquanto em <Red>{Param}</> estado,Desativado e forçado a atacar,Provoca
720,Provoca,Desativado enquanto em <Red>{Param}</> estado,Desativado e forçado a atacar,Provoca
721,Provoca,Desativado enquanto em <Red>{Param}</> estado,Desativado e forçado a atacar,Provoca
722,Provoca,Desativado enquanto em <Red>{Param}</> estado,Desativado e forçado a atacar,Provoca
723,Provoca,Desativado enquanto em <Red>{Param}</> estado,Desativado e forçado a atacar,Provoca
724,Provoca,Desativado enquanto em <Red>{Param}</> estado,Desativado e forçado a atacar,Provoca
725,Provoca,Desativado enquanto em <Red>{Param}</> estado,Desativado e forçado a atacar,Provoca
726,Provoca,Desativado enquanto em <Red>{Param}</> estado,Desativado e forçado a atacar,Provoca
727,Provoca,Desativado enquanto em <Red>{Param}</> estado,Desativado e forçado a atacar,Provoca
728,Provoca,Desativado enquanto em <Red>{Param}</> estado,Desativado e forçado a atacar,Provoca
729,Provoca,Desativado enquanto em <Red>{Param}</> estado,Desativado e forçado a atacar,Provoca
730,Provoca,Desativado enquanto em <Red>{Param}</> estado,Desativado e forçado a atacar,Provoca
731,Provoca,Desativado enquanto em <Red>{Param}</> estado,Desativado e forçado a atacar,Provoca
732,Provoca,Desativado enquanto em <Red>{Param}</> estado,Desativado e forçado a atacar,Provoca
733,Provoca,Desativado enquanto em <Red>{Param}</> estado,Desativado e forçado a atacar,Provoca
734,Provoca,Desativado enquanto em <Red>{Param}</> estado,Desativado e forçado a atacar,Provoca
735,Provoca,Desativado enquanto em <Red>{Param}</> estado,Desativado e forçado a atacar,Provoca
736,Provoca,Desativado enquanto em <Red>{Param}</> estado,Desativado e forçado a atacar,Provoca
737,Provoca,Desativado enquanto em <Red>{Param}</> estado,Desativado e forçado a atacar,Provoca
738,Provoca,Desativado enquanto em <Red>{Param}</> estado,Desativado e forçado a atacar,Provoca
739,Provoca,Desativado enquanto em <Red>{Param}</> estado,Desativado e forçado a atacar,Provoca
740,Provoca,Desativado enquanto em <Red>{Param}</> estado,Desativado e forçado a atacar,Provoca
741,Provoca,Desativado enquanto em <Red>{Param}</> estado,Desativado e forçado a atacar,Provoca
742,Provoca,Desativado enquanto em <Red>{Param}</> estado,Desativado e forçado a atacar,Provoca
743,Provoca,Desativado enquanto em <Red>{Param}</> estado,Desativado e forçado a atacar,Provoca
744,Provoca,Desativado enquanto em <Red>{Param}</> estado,Desativado e forçado a atacar,Provoca
745,Provoca,Desativado enquanto em <Red>{Param}</> estado,Desativado e forçado a atacar,Provoca
746,Provoca,Desativado enquanto em <Red>{Param}</> estado,Desativado e forçado a atacar,Provoca
747,Provoca,Desativado enquanto em <Red>{Param}</> estado,Desativado e forçado a atacar,Provoca
748,Provoca,Desativado enquanto em <Red>{Param}</> estado,Desativado e forçado a atacar,Provoca
749,Provoca,Desativado enquanto em <Red>{Param}</> estado,Desativado e forçado a atacar,Provoca
750,Provoca,Desativado enquanto em <Red>{Param}</> estado,Desativado e forçado a atacar,Provoca
751,Mutação,"Capaz de se mover no estado <Red>{Param}</>, mas incapaz de combater",Combat indisponível,Mutação
752,Mutação,"Capaz de se mover no estado <Red>{Param}</>, mas incapaz de combater",Combat indisponível,Mutação
753,Mutação,"Capaz de se mover no estado <Red>{Param}</>, mas incapaz de combater",Combat indisponível,Mutação
754,Mutação,"Capaz de se mover no estado <Red>{Param}</>, mas incapaz de combater",Combat indisponível,Mutação
755,Mutação,"Capaz de se mover no estado <Red>{Param}</>, mas incapaz de combater",Combat indisponível,Mutação
756,Mutação,"Capaz de se mover no estado <Red>{Param}</>, mas incapaz de combater",Combat indisponível,Mutação
757,Mutação,"Capaz de se mover no estado <Red>{Param}</>, mas incapaz de combater",Combat indisponível,Mutação
758,Mutação,"Capaz de se mover no estado <Red>{Param}</>, mas incapaz de combater",Combat indisponível,Mutação
759,Mutação,"Capaz de se mover no estado <Red>{Param}</>, mas incapaz de combater",Combat indisponível,Mutação
760,Mutação,"Capaz de se mover no estado <Red>{Param}</>, mas incapaz de combater",Combat indisponível,Mutação
801,Controle mental,Desativado enquanto em <Red>{Param}</> estado,Desativado e ataca aliados,Controle mental
802,Controle mental,Desativado enquanto em <Red>{Param}</> estado,Desativado e ataca aliados,Controle mental
803,Controle mental,Desativado enquanto em <Red>{Param}</> estado,Desativado e ataca aliados,Controle mental
804,Controle mental,Desativado enquanto em <Red>{Param}</> estado,Desativado e ataca aliados,Controle mental
805,Controle mental,Desativado enquanto em <Red>{Param}</> estado,Desativado e ataca aliados,Controle mental
806,Controle mental,Desativado enquanto em <Red>{Param}</> estado,Desativado e ataca aliados,Controle mental
807,Controle mental,Desativado enquanto em <Red>{Param}</> estado,Desativado e ataca aliados,Controle mental
808,Controle mental,Desativado enquanto em <Red>{Param}</> estado,Desativado e ataca aliados,Controle mental
809,Controle mental,Desativado enquanto em <Red>{Param}</> estado,Desativado e ataca aliados,Controle mental
810,Controle mental,Desativado enquanto em <Red>{Param}</> estado,Desativado e ataca aliados,Controle mental
851,Medo,Desativado enquanto em <Red>{Param}</> estado,Desativado,Medo
852,Medo,Desativado enquanto em <Red>{Param}</> estado,Desativado,Medo
853,Medo,Desativado enquanto em <Red>{Param}</> estado,Desativado,Medo
854,Medo,Desativado enquanto em <Red>{Param}</> estado,Desativado,Medo
855,Medo,Desativado enquanto em <Red>{Param}</> estado,Desativado,Medo
856,Medo,Desativado enquanto em <Red>{Param}</> estado,Desativado,Medo
857,Medo,Desativado enquanto em <Red>{Param}</> estado,Desativado,Medo
858,Medo,Desativado enquanto em <Red>{Param}</> estado,Desativado,Medo
859,Medo,Desativado enquanto em <Red>{Param}</> estado,Desativado,Medo
860,Medo,Desativado enquanto em <Red>{Param}</> estado,Desativado,Medo
951,Respawn Immunity,"<Orange>Imune a danos</> Status
Removido ao atacar",Status imunológico a danos,
952,Respawn Immunity,"<Orange>Imune a danos</> Status
Removido ao atacar",Status imunológico a danos,
953,Respawn Immunity,"<Orange>Imune a danos</> Status
Removido ao atacar",Status imunológico a danos,
954,Respawn Immunity,"<Orange>Imune a danos</> Status
Removido ao atacar",Status imunológico a danos,
955,Respawn Immunity,"<Orange>Imune a danos</> Status
Removido ao atacar",Status imunológico a danos,
956,Respawn Immunity,"<Orange>Imune a danos</> Status
Removido ao atacar",Status imunológico a danos,
957,Respawn Immunity,"<Orange>Imune a danos</> Status
Removido ao atacar",Status imunológico a danos,
958,Respawn Immunity,"<Orange>Imune a danos</> Status
Removido ao atacar",Status imunológico a danos,
959,Respawn Immunity,"<Orange>Imune a danos</> Status
Removido ao atacar",Status imunológico a danos,
960,Respawn Immunity,"<Orange>Imune a danos</> Status
Removido ao atacar",Status imunológico a danos,
961,Respawn Immunity,"<Orange>Imune a danos</> Status
Removido ao atacar",Status imunológico a danos,
962,Restrito / Não Controlado pela Multidão,Desativado enquanto em <Red>{Param}</> estado,Suprimido,Supressão
963,Restringido,,Restringido,
964,Não é possível usar a poção de HP.,Não é possível usar a poção de HP.,Não é possível usar a poção de HP.,
965,Restrito / Não Controlado pela Multidão,Desativado enquanto em <Red>{Param}</> estado,Suprimido,Supressão
1000,Ciclo de Cura,"Overheal de <Orange>Ciclo de cura</> além do HP máximo convertido em Shield.
 Aumenta o poder de ataque em <Orange>{EffectParam1}</>% enquanto o Shield está ativo",,
1011,Tremor da Terra,Reduz a velocidade de movimento em <Red>{EffectParam1}</>%,Lento,
1031,Preparando-se para a Batalha,Aumenta Poder de ataque em <Orange>{EffectParam1}</>,Aumenta o poder de ataque,
1041,Ataque de proteção,Aumenta a defesa em <Orange>{EffectParam1}</>,Melhora a defesa,
1101,Surto de lâmina,Reduz a Defesa em <Red>{EffectParam1}</>,Enfraquece a Defesa,
1111,Concentração,Aumenta Precisão em <Orange>{EffectParam1}</>,Aumenta o poder de ataque,
1112,Concentração,"Aumenta a Precisão em <Orange>{EffectParam1}</>
 Aumenta a Evasão em <Orange>{EffectParam2}</>",Melhora o ataque e a defesa,
1113,Concentração,"Aumenta a Precisão em <Orange>{EffectParam1}</>
 Aumenta a Evasão em <Orange>{EffectParam2}</>
 Aumenta a taxa de precisão em <Orange>{EffectParam3}</>%",Melhora o ataque e a defesa,
1121,Liberte a raiva,Reduz a velocidade de movimento em <Red>{EffectParam1}</>%,Lento,
1201,Lâmina da Ruptura,Reduz a velocidade de movimento em <Red>{EffectParam1}</>%,Lento,
1211,Aprimoramento Físico,aumenta a velocidade de ataque em <Orange>{EffectParam1}</>%,Aumento de velocidade de ataque,
1212,Aprimoramento Físico,"Aumenta a velocidade de ataque em <Orange>{EffectParam1}</>%
 Aumenta o dano de ataque básico em <Orange>{EffectParam2}</>% (dobrado em PVE)",Aumenta o poder de ataque,
1213,Aprimoramento Físico,"Aumenta a velocidade de ataque em <Orange>{EffectParam1}</>%
Aumenta o dano de ataque básico em <Orange>{EffectParam2}</>% (dobrado em PVE)
 Aumenta o dano de Skill em <Orange>{EffectParam3}</>% (dobrado em PVE)",Aumenta o poder de ataque,
1251,Declarar Combate,,,
1252,Declarar Combate,,,
1253,Declarar Combate,Reduz Skill Dano de Acerto Crítico Sofrido por <Orange>{EffectParam1}</>%,Melhora a defesa,
1254,Declarar Combate,"Aumenta a defesa em <Orange>{EffectParam1}</>
Reduz o dano de ataque básico recebido por <Orange>{EffectParam2}</>%",Melhora a defesa,
1255,Declarar Combate,"Aumenta a defesa em <Orange>{EffectParam1}</>
Reduz o dano de ataque básico recebido por <Orange>{EffectParam2}</>%",Melhora a defesa,
1256,Declarar Combate,"Aumenta a defesa em <Orange>{EffectParam1}</>
Reduz o dano de ataque básico recebido por <Orange>{EffectParam2}</>%",Melhora a defesa,
1257,Declarar Combate,Reduz o Poder de Ataque em <Red>{EffectParam1}</>,reduz Poder de Ataque,
1258,Declarar Combate,Reduz a velocidade de movimento em <Red>{EffectParam1}</>%,Lento,
1259,Declarar Combate,Reduz a Velocidade de Ataque em <Red>{EffectParam1}</>%,Reduz a Velocidade de Ataque,
1261,Marca da Espada,"Reduz o dano causado ao lançador por <Red>{EffectParam1}</>%
Aumenta o dano recebido do lançador em <Red>{EffectParam2}</>%",Enfraquece o Ataque e a Capacidade de Sobrevivência,
1262,Marca da Espada,"Reduz o dano causado ao lançador por <Red>{EffectParam1}</>%
Aumenta o dano recebido do lançador em <Red>{EffectParam2}</>%",Enfraquece o Ataque e a Capacidade de Sobrevivência,
1263,Marca da Espada,"Reduz o dano causado ao lançador por <Red>{EffectParam1}</>%
Aumenta o dano recebido do lançador em <Red>{EffectParam2}</>%",Enfraquece o Ataque e a Capacidade de Sobrevivência,
1264,Marca da Espada,Reduz a velocidade de movimento em <Red>{EffectParam1}</>%,Lento,
1265,Marca da Espada,Reduz a taxa de evasão em <Red>{EffectParam1}</>%,Enfraquece a Sobrevivência Skills,
1301,Poder da Ruína,Reduz os danos sofridos por <Orange>{EffectParam1}</>%,Reduz o dano recebido,
1302,Poder da Ruína,Desativado enquanto <Red>Suppressed</>,Suprimido,
1303,Poder da Ruína,Aumenta o dano recebido do lançador por <Red>{EffectParam1}</>%,Enfraquece a Defesa,
1311,Raiva Ironclad,"Aumenta a chance de acerto crítico em <Orange>{EffectParam1}</>%
Aumenta a velocidade de movimento em <Orange>{EffectParam2}</>%
 Aumenta o poder de ataque de Skill em <Orange>{EffectParam3}</>",Aumenta o poder de ataque,
1312,Raiva Ironclad,"Aumenta a chance de acerto crítico em <Orange>{EffectParam1}</>%
 Aumenta a velocidade de movimento em <Orange>{EffectParam2}</>%
 Aumenta o poder de ataque de Skill em <Orange>{EffectParam3}</>
Aumenta o poder de ataque básico em <Orange>{EffectParam4}</>
Aumenta o básico básico Dano crítico de ataque em <Orange>{EffectParam5}</>% (dobrado em PVE)",Aumenta o poder de ataque,
1313,Raiva Ironclad,"Aumenta a chance de acerto crítico em <Orange>{EffectParam1}</>%
 Aumenta a chance de lançamento de Skill em <Orange>{EffectParam2}</>%
Aumenta a velocidade de movimento em <Orange>{EffectParam3}</>%
Aumenta Básico Poder de ataque em <Orange>{EffectParam4}</>
 Aumenta o poder de ataque em Skill <Orange>{EffectParam5}</>
Aumenta o dano crítico do ataque básico em <Orange>{EffectParam6}</>% (dobrado em PVE)
 Aumenta o dano crítico de Skill em <Orange>{EffectParam7}</>% (dobrado em PVE)",Aumenta o poder de ataque,
1352,Imobilização em cadeia,,,
1353,Imobilização em cadeia,Consumíveis indisponíveis,Consumíveis indisponíveis,
1354,Imobilização em cadeia,Consumíveis indisponíveis,Consumíveis indisponíveis,
1361,Leap Slash,"Aumenta a velocidade de movimento em <Orange>{EffectParam1}</>%
Reduz o dano recebido por <Orange>{EffectParam2}</>%",Melhora a defesa,
1401,Ressonância da Espada,aumenta a taxa de resistência ao controle de multidão em <Orange>{EffectParam1}</>%,Melhora a defesa,
1411,Espírito de Luta do Overlord,"Aumenta o dano de acerto crítico em <Orange>{EffectParam1}</>%
Reduz Skill Dano recebido por <Orange>{EffectParam2}</>%
Aumenta a resistência a golpes críticos em <Orange>{EffectParam3}</>",Melhora o ataque e a defesa,
1412,Espírito de Luta do Overlord,"Aumenta crítico Dano de acerto por <Orange>{EffectParam1}</>%
Reduz Skill Dano recebido por <Orange>{EffectParam2}</>%
Aumenta a taxa de resistência a golpes críticos em <Orange>{EffectParam3}</>
 Aumenta a taxa de resistência ao controle de multidão em <Orange>{EffectParam4}</>%
 Aumenta a defesa em <Orange>{EffectParam5}</>",Melhora o ataque e a defesa,
1413,Espírito de Luta do Overlord,"Aumenta o dano de acerto crítico por <Orange>{EffectParam1}</>%
Reduz Skill Dano Sofrido por <Orange>{EffectParam2}</>%
 Aumenta a taxa de resistência a golpes críticos em <Orange>{EffectParam3}</>
 Aumenta a taxa de resistência ao controle de multidão em <Orange>{EffectParam4}</>%
Aumenta a Defesa em <Orange>{EffectParam5}</>
Aumenta Ignorar Poder de Ataque em <Orange>{EffectParam6}</>",Melhora o ataque e a defesa,
1451,Ferida da Espada Grande,Reduz a taxa de acertos do controle de multidão em <Orange>{EffectParam1}</>%,Enfraquece o Poder de Ataque,
1461,Proteção de aço,"Reduz o dano recebido em <Orange>{EffectParam1}</>%
 Aumenta a taxa de resistência a golpes críticos em <Orange>{EffectParam2}</>%
Aumenta a taxa de resistência de maximização em <Orange>{EffectParam3}</>%",Melhora a defesa,
1462,Proteção de aço,"Reduz Dano recebido por <Orange>{EffectParam1}</>%
Aumenta a taxa de resistência a golpes críticos em <Orange>{EffectParam2}</>%
 Aumenta a taxa de resistência de maximização em <Orange>{EffectParam3}</>%
Aumenta a taxa de resistência ao controle de multidão em <Orange>{EffectParam4}</>%",Melhora a defesa,
1463,Proteção de aço,"Reduz o dano recebido em <Orange>{EffectParam1}</>%
Aumenta a taxa de resistência a golpes críticos em <Orange>{EffectParam2}</>%
 Aumenta a taxa de resistência de maximização em <Orange>{EffectParam3}</>%
Aumenta a taxa de resistência ao controle de multidão em <Orange>{EffectParam4}</>%
Reduz o dano de acerto crítico recebido por <Orange>{EffectParam5}</>%",Melhora a defesa,
2001,Mana Parafuso,Reduz a velocidade de movimento em <Red>{EffectParam1}</>%,Lento,
2031,Preparando-se para a Batalha,Aumenta Poder de ataque em <Orange>{EffectParam1}</>,Aumento de Poder de Ataque,
2041,Mana Reverso,Geração do Escudo,Escudo,
2101,Mana Sigilo,Causa dano bônus ao ser atingido 3 vezes enquanto o selo está ativo,,
2102,Mana Sigilo,,,
2103,Mana Sigilo,Reduz a velocidade de movimento em <Red>{EffectParam1}</>%,Lento,
2104,Mana Sigilo,Causa dano bônus ao ser atingido 3 vezes enquanto o selo está ativo,,
2105,Mana Sigilo,,,
2106,Mana Sigilo,Causa dano bônus ao ser atingido 3 vezes enquanto o selo está ativo,,
2111,Concentração,Aumenta Precisão em <Orange>{EffectParam1}</>,Aumenta o poder de ataque,
2112,Concentração,"Aumenta a Precisão em <Orange>{EffectParam1}</>
 Aumenta a Evasão em <Orange>{EffectParam2}</>",Melhora o ataque e a defesa,
2113,Concentração,"Aumenta a Precisão em <Orange>{EffectParam1}</>
 Aumenta a Evasão em <Orange>{EffectParam2}</>
 Aumenta a taxa de precisão em <Orange>{EffectParam3}</>%",Melhora o ataque e a defesa,
2201,Queimar,Oferece <Red>{EffectParam1}</>% de poder como dano para <Red>{EffectParam2}</>s,Danos ao longo do tempo,
2202,Hellfire,Reduz a velocidade de movimento em <Red>{EffectParam1}</>%,Lento,
2211,Aprimoramento Físico,aumenta a velocidade de ataque em <Orange>{EffectParam1}</>%,Aumento de velocidade de ataque,
2212,Aprimoramento Físico,"Aumenta a velocidade de ataque em <Orange>{EffectParam1}</>%
 Aumenta o dano de ataque básico em <Orange>{EffectParam2}</>% (dobrado em PVE)",Aumenta o poder de ataque,
2213,Aprimoramento Físico,"Aumenta a velocidade de ataque em <Orange>{EffectParam1}</>%
Aumenta o dano de ataque básico em <Orange>{EffectParam2}</>% (dobrado em PVE)
 Aumenta o dano de Skill em <Orange>{EffectParam3}</>% (dobrado em PVE)",Aumenta o poder de ataque,
2251,Mana Escudo,Geração do Escudo,Escudo,
2252,Mana Escudo,"Geração de escudo
Aumenta o dano em <Orange>{EffectParam2}</>% enquanto o escudo está ativo",Aumenta o escudo e o dano,
2261,Mana Circulação,"Reduz Skill Cooldown por <Orange>{EffectParam1}</>% 
Reduz o custo de MP em <Orange>{EffectParam2}</>%",Aumenta o poder de ataque,
2262,Mana Circulação,"Reduz Skill Cooldown por <Orange>{EffectParam1}</>% 
Reduz o custo de MP em <Orange>{EffectParam2}</>%",Aumenta o poder de ataque,
2263,Mana Circulação,"Reduz o tempo de espera de Skill em <Orange>{EffectParam1}</>%
Reduz o custo de MP em <Orange>{EffectParam2}</>%
Aumenta a chance de lançamento de Skill em <Orange>{EffectParam3}</>%",Aumenta o poder de ataque,
2301,Compressão Espacial,Aumenta o dano recebido do lançador de compressão espacial em <Red>{EffectParam1}</>%,Aumenta o dano recebido,
2311,Alta Densidade Mana,"Aumenta a chance de acerto crítico em <Orange>{EffectParam1}</>%
 Aumenta a chance de lançamento de Skill em <Orange>{EffectParam2}</>%
 Aumenta o poder de ataque de Skill em <Orange>{EffectParam3}</>",Aumenta o poder de ataque,
2312,Alta Densidade Mana,"Aumenta o acerto crítico Chance em <Orange>{EffectParam1}</>%
 Aumenta Skill Chance de lançamento em <Orange>{EffectParam2}</>%
Aumenta o poder de ataque básico em <Orange>{EffectParam3}</>
Aumenta Skill Poder de ataque por <Orange>{EffectParam4}</>
Aumenta o dano crítico do ataque básico em <Orange>{EffectParam5}</>% (dobrado em PVE)",Aumenta o poder de ataque,
2313,Alta Densidade Mana,"Aumenta a chance de acerto crítico em <Orange>{EffectParam1}</>%
 Aumenta a chance de lançamento de Skill em <Orange>{EffectParam2}</>%
Aumenta a velocidade de movimento em <Orange>{EffectParam3}</>%
Aumenta Básico Poder de ataque em <Orange>{EffectParam4}</>
 Aumenta o poder de ataque em Skill <Orange>{EffectParam5}</>
Aumenta o dano crítico do ataque básico em <Orange>{EffectParam6}</>% (dobrado em PVE)
 Aumenta o dano crítico de Skill em <Orange>{EffectParam7}</>% (dobrado em PVE)",Aumenta o poder de ataque,
2351,Pilar de Gelo,Aumenta a defesa em <Orange>{EffectParam1}</>,Aumenta a defesa,
2352,Pilar de Gelo,Reduz a velocidade de movimento em <Red>{EffectParam1}</>%,Lento,
2353,Choque,Desativado enquanto <Red>Shocked</>,Este é um efeito de controle de multidões.,
2354,Choque,Desativado enquanto <Red>Shocked</>,Este é um efeito de controle de multidões.,
2361,Bênção,Reduz os danos sofridos por <Orange>{EffectParam1}</>%,Reduz o dano recebido,
2362,Bênção,Reduz os danos sofridos por <Orange>{EffectParam1}</>%,Reduz o dano recebido,
2363,Bênção,"Reduz Dano recebido por <Orange>{EffectParam1}</>% 
 Aumenta a taxa de resistência ao controle de multidão em <Orange>{EffectParam2}</>%",Melhora a defesa,
2403,Inferno Gelado,Reduz o dano causado ao lançador por <Red>{EffectParam1}</>%,Enfraquece o Poder de Ataque,
2411,Sabedoria Eterna,"Aumenta o Dano de Acerto Crítico em <Orange>{EffectParam1}</>%
Reduz Skill Dano Recebido por <Orange>{EffectParam2}</>%
Aumenta a defesa em <Orange>{EffectParam3}</>",Melhora o ataque e a defesa,
2412,Sabedoria Eterna,"Aumenta o Dano de Acerto Crítico em <Orange>{EffectParam1}</>%
Reduz Skill Dano Sofrido por <Orange>{EffectParam2}</>%
Aumenta a defesa em <Orange>{EffectParam3}</>
Aumenta o controle de multidão Taxa de resistência em <Orange>{EffectParam4}</>% 
 Aumenta a taxa de resistência a golpes críticos em <Orange>{EffectParam5}</>",Melhora o ataque e a defesa,
2413,Sabedoria Eterna,"Aumenta o dano de acerto crítico em <Orange>{EffectParam1}</>%
Reduz o dano recebido por Skill <Orange>{EffectParam2}</>%
Aumenta a defesa em <Orange>{EffectParam3}</>
Aumenta o controle de multidão Taxa de resistência em <Orange>{EffectParam4}</>%
 Aumenta a taxa de resistência a golpes críticos em <Orange>{EffectParam5}</>
 Aumenta o poder de ataque ignorado em <Orange>{EffectParam6}</>",Melhora o ataque e a defesa,
2451,Berço de Mana,"Escudo Geração
Aumenta a taxa de resistência ao controle de multidão em <Orange>{EffectParam1}</>% enquanto o escudo está ativo",Melhora a defesa,
2452,Berço de Mana,"Escudo Geração
Aumenta a taxa de resistência ao controle de multidão em <Orange>{EffectParam1}</>% enquanto o escudo está ativo",Melhora a defesa,
2453,Berço de Mana,"Geração de escudo
Aumenta a taxa de resistência ao controle de multidão em <Orange>{EffectParam1}</>% enquanto o escudo está ativo
Aumenta o dano de ataque básico em <Orange>{EffectParam2}</>% enquanto o escudo está ativo",Aprimoramento de Poder Interno,
2461,Sobrecarga de elemento,"Aumenta a duração do Buff em <Orange>{EffectParam1}</>%
Aumenta o acerto crítico Taxa de resistência em <Orange>{EffectParam2}</>% 
 Aumenta a taxa de resistência de maximização em <Orange>{EffectParam3}</>%",Melhora a defesa,
2462,Sobrecarga de elemento,"Aumenta a duração do bônus em <Orange>{EffectParam1}</>%
Aumenta a taxa de resistência a golpes críticos em <Orange>{EffectParam2}</>%
 Aumenta a taxa de resistência de maximização em <Orange>{EffectParam3}</>%
Aumenta a taxa de resistência ao controle de multidão em <Orange>{EffectParam4}</>%",Melhora a defesa,
2463,Sobrecarga de elemento,"aumenta Duração do Buff em <Orange>{EffectParam1}</>%
Aumenta a Taxa de Resistência a Acertos Críticos em <Orange>{EffectParam2}</>%
 Aumenta a taxa de resistência de maximização em <Orange>{EffectParam3}</>%
Aumenta a taxa de resistência ao controle de multidão em <Orange>{EffectParam4}</>%
Reduz o dano de acerto crítico recebido por <Orange>{EffectParam5}</>%",Melhora a defesa,
3001,Tidal Smite,Reduz a velocidade de movimento em <Red>{EffectParam1}</>%,Lento,
3031,Preparando-se para a Batalha,Aumenta Poder de ataque em <Orange>{EffectParam1}</>,Aumento de Poder de Ataque,
3101,Moonlight Glide,Aumenta a velocidade de movimento em <Orange>{EffectParam1}</>%,Aumento de velocidade de movimento,
3102,Twisted Torrent,"Reduz a Defesa em <Red>{EffectParam1}</>
Aumenta o dano causado aos jogadores por <Red>{EffectParam2}</>%",Enfraquece a Defesa,
3111,Concentração,Aumenta Precisão em <Orange>{EffectParam1}</>,Aumenta o poder de ataque,
3112,Concentração,"Aumenta a Precisão em <Orange>{EffectParam1}</>
 Aumenta a Evasão em <Orange>{EffectParam2}</>",Melhora o ataque e a defesa,
3113,Concentração,"Aumenta a Precisão em <Orange>{EffectParam1}</>
 Aumenta a Evasão em <Orange>{EffectParam2}</>
 Aumenta a taxa de precisão em <Orange>{EffectParam3}</>%",Melhora o ataque e a defesa,
3201,Onda de Vento,Reduz a velocidade de movimento em <Red>{EffectParam1}</>%,Lento,
3211,Aprimoramento Físico,aumenta a velocidade de ataque em <Orange>{EffectParam1}</>%,Aumento de velocidade de ataque,
3212,Aprimoramento Físico,"Aumenta a velocidade de ataque em <Orange>{EffectParam1}</>%
 Aumenta o dano de ataque básico em <Orange>{EffectParam2}</>% (dobrado em PVE)",Aumenta o poder de ataque,
3213,Aprimoramento Físico,"Aumenta a velocidade de ataque em <Orange>{EffectParam1}</>%
Aumenta o dano de ataque básico em <Orange>{EffectParam2}</>% (dobrado em PVE)
 Aumenta o dano de Skill em <Orange>{EffectParam3}</>% (dobrado em PVE)",Aumenta o poder de ataque,
3261,Purificado Purifique,,,
3262,Purificado Purifique,Aumenta a velocidade de movimento em <Orange>{EffectParam1}</>%,Aumento de velocidade de movimento,
3263,Purificado Purifique,Aumenta a cura recebida por <Orange>{EffectParam1}</>%,Aumento da cura de HP recebida,
3264,Purificado Purifique,Aumenta a velocidade de movimento em <Orange>{EffectParam1}</>%,Aumento de velocidade de movimento,
3311,Força da Natureza,"Aumenta a chance de acerto crítico por <Orange>{EffectParam1}</>%
Aumenta a velocidade de movimento por <Orange>{EffectParam2}</>%
Aumenta Poder de ataque básico por <Orange>{EffectParam3}</>",Aumenta o poder de ataque,
3312,Força da Natureza,"Aumenta a chance de acerto crítico em <Orange>{EffectParam1}</>%
Aumenta a velocidade de movimento em <Orange>{EffectParam2}</>%
Aumenta o poder de ataque básico em <Orange>{EffectParam3}</>
Aumenta Skill Poder de ataque por <Orange>{EffectParam4}</>
Aumenta o dano crítico do ataque básico em <Orange>{EffectParam5}</>% (dobrado em PVE)",Aumenta o poder de ataque,
3313,Força da Natureza,"Aumenta a chance de acerto crítico em <Orange>{EffectParam1}</>%
 Aumenta a chance de lançamento de Skill em <Orange>{EffectParam2}</>%
Aumenta a velocidade de movimento em <Orange>{EffectParam3}</>%
Aumenta Básico Poder de ataque em <Orange>{EffectParam4}</>
 Aumenta o poder de ataque em Skill <Orange>{EffectParam5}</>
Aumenta o dano crítico do ataque básico em <Orange>{EffectParam6}</>% (dobrado em PVE)
 Aumenta o dano crítico de Skill em <Orange>{EffectParam7}</>% (dobrado em PVE)",Aumenta o poder de ataque,
3354,Salvação,Aumenta a taxa de acertos críticos Taxa de resistência em {EffectParam1}%,Melhora a defesa,
3355,Salvação,Aumenta a taxa de acertos críticos Taxa de resistência em {EffectParam1}%,Melhora a defesa,
3361,Cura Focada,Recupere HP por <Orange>{EffectParam1}</>,Recupere HP ao longo do tempo,
3362,Cura Focada,,,
3363,Cura Focada,Recupere HP por <Orange>{EffectParam1}</>,Recupere HP ao longo do tempo,
3364,Corpo leve,Aumenta a velocidade de movimento em <Orange>{EffectParam1}</>%,Aumento de velocidade de movimento,
3365,Cura Focada,Recupere HP por <Orange>{EffectParam1}</>,Recupere HP ao longo do tempo,
3366,Corpo leve,Aumenta a velocidade de movimento em <Orange>{EffectParam1}</>%,Aumento de velocidade de movimento,
3401,Primavera Abissal,Reduz a velocidade de movimento em <Red>{EffectParam1}</>%,Lento,
3402,Névoa da Primavera,Reduz a taxa de acertos do controle de multidão em <Orange>{EffectParam1}</>%,Enfraquece o Poder de Ataque,
3411,Sopro do Juiz,"Aumenta o Dano de Acerto Crítico em <Orange>{EffectParam1}</>%
Reduz Skill Dano Recebido por <Orange>{EffectParam2}</>%
Aumenta a defesa em <Orange>{EffectParam3}</>",Melhora o ataque e a defesa,
3412,Sopro do Juiz,"Aumenta o Dano de Acerto Crítico em <Orange>{EffectParam1}</>%
Reduz Skill Dano Sofrido por <Orange>{EffectParam2}</>%
Aumenta a defesa em <Orange>{EffectParam3}</>
Aumenta o controle de multidão Taxa de resistência em <Orange>{EffectParam4}</>% 
 Aumenta a taxa de resistência a golpes críticos em <Orange>{EffectParam5}</>",Melhora o ataque e a defesa,
3413,Sopro do Juiz,"Aumenta o dano de acerto crítico em <Orange>{EffectParam1}</>%
Reduz o dano recebido por Skill <Orange>{EffectParam2}</>%
Aumenta a defesa em <Orange>{EffectParam3}</>
Aumenta o controle de multidão Taxa de resistência em <Orange>{EffectParam4}</>%
 Aumenta a taxa de resistência a golpes críticos em <Orange>{EffectParam5}</>
 Aumenta o poder de ataque ignorado em <Orange>{EffectParam6}</>",Melhora o ataque e a defesa,
3451,Divine Respiração,Aumenta o HP máximo em <Orange>{EffectParam1}</>,Aumenta o HP máximo,
3452,Divine Bênção,"Reduz Skill Dano Recebido por <Orange>{EffectParam1}</>%
Reduz Skill Dano de acerto crítico recebido por <Orange>{EffectParam2}</>%",Melhora a defesa,
3453,Divine Respiração,"Aumenta o HP máximo em <Orange>{EffectParam1}</>
Reduz a duração do Crowd Control em <Orange>{EffectParam2}</>%",Melhora a defesa,
3454,Divine Bênção,"Reduz Skill Dano recebido por <Orange>{EffectParam1}</>%
Reduz Skill Dano de acerto crítico recebido por <Orange>{EffectParam2}</>%
Aumenta a taxa de resistência ao controle de multidão em <Orange>{EffectParam3}</>%
Aumenta a taxa de resistência a golpes críticos de Skill em <Orange>{EffectParam4}</>%",Melhora a defesa,
3455,Divine Respiração,"Aumenta o HP máximo em <Orange>{EffectParam1}</>
Reduz a duração do Crowd Control em <Orange>{EffectParam2}</>%",Melhora a defesa,
3456,Divine Bênção,"Reduz Skill Dano recebido por <Orange>{EffectParam1}</>%
Reduz Skill Dano de acerto crítico recebido por <Orange>{EffectParam2}</>%
Aumenta a taxa de resistência ao controle de multidão em <Orange>{EffectParam3}</>%
Aumenta a taxa de resistência a golpes críticos de Skill em <Orange>{EffectParam4}</>%",Melhora a defesa,
3461,Batismo de Luz,"Aumenta a taxa de aumento da quantidade de cura em <Orange>{EffectParam1}</>%
 Aumenta a taxa de resistência a golpes críticos em <Orange>{EffectParam2}</>%
Aumenta a taxa de resistência de maximização em <Orange>{EffectParam3}</>%",Melhora a defesa,
3462,Batismo de Luz,"aumenta Taxa de aumento da quantidade de cura em <Orange>{EffectParam1}</>%
Aumenta a taxa de resistência a golpes críticos em <Orange>{EffectParam2}</>%
 Aumenta a taxa de resistência de maximização em <Orange>{EffectParam3}</>%
Aumenta a taxa de resistência ao controle de multidão em <Orange>{EffectParam4}</>%",Melhora a defesa,
3463,Batismo de Luz,"Aumenta Taxa de recuperação de cura em <Orange>{EffectParam1}</>%
 Aumenta a taxa de resistência a golpes críticos em <Orange>{EffectParam2}</>%
 Aumenta a taxa de resistência de maximização em <Orange>{EffectParam3}</>%
Aumenta a taxa de resistência ao controle de multidão em <Orange>{EffectParam4}</>%
Reduz o dano de acerto crítico recebido por <Orange>{EffectParam5}</>%",Melhora a defesa,
4031,Preparando-se para a Batalha,Aumenta Poder de ataque em <Orange>{EffectParam1}</>,Aumento de Poder de Ataque,
4101,Surto de sombras,Reduz a Defesa em <Red>{EffectParam1}</>,Reduz a Defesa,
4111,Concentração,Aumenta Precisão em <Orange>{EffectParam1}</>,Aumenta o poder de ataque,
4112,Concentração,"Aumenta a Precisão em <Orange>{EffectParam1}</>
 Aumenta a Evasão em <Orange>{EffectParam2}</>",Melhora o ataque e a defesa,
4113,Concentração,"Aumenta a Precisão em <Orange>{EffectParam1}</>
 Aumenta a Evasão em <Orange>{EffectParam2}</>
 Aumenta a taxa de precisão em <Orange>{EffectParam3}</>%",Melhora o ataque e a defesa,
4121,Arremesso de areia,Reduz a velocidade de movimento em <Red>{EffectParam1}</>%,Lento,
4201,Névoa venenosa,Reduz a velocidade de movimento em <Red>{EffectParam1}</>%,Lento,
4202,Névoa venenosa,Aumenta a Chance de Evasão em <Orange>{EffectParam1}</>%,aumenta a chance de evasão,
4211,Aprimoramento Físico,aumenta a velocidade de ataque em <Orange>{EffectParam1}</>%,Aumento de velocidade de ataque,
4212,Aprimoramento Físico,"Aumenta a velocidade de ataque em <Orange>{EffectParam1}</>%
 Aumenta o dano de ataque básico em <Orange>{EffectParam2}</>% (dobrado em PVE)",Aumenta o poder de ataque,
4213,Aprimoramento Físico,"Aumenta a velocidade de ataque em <Orange>{EffectParam1}</>%
Aumenta o dano de ataque básico em <Orange>{EffectParam2}</>% (dobrado em PVE)
 Aumenta o dano de Skill em <Orange>{EffectParam3}</>% (dobrado em PVE)",Aumenta o poder de ataque,
4252,Adaga Voadora,Consumíveis indisponíveis,Consumíveis indisponíveis,
4261,A caça começa,"Aumenta a taxa de acerto crítico contra jogadores em <Orange>{EffectParam1}</>%
Reduz o dano de ataque básico recebido em <Orange>{EffectParam2}</>%",Melhora o ataque e a defesa,
4262,A caça começa,"Aumenta a taxa de acerto crítico contra jogadores por <Orange>{EffectParam1}</>%
Aumenta o dano de acerto crítico contra jogadores em <Orange>{EffectParam2}</>%
Reduz o dano de ataque básico recebido por <Orange>{EffectParam3}</>%",Melhora o ataque e a defesa,
4263,A caça começa,"Aumenta a taxa de acerto crítico contra jogadores por <Orange>{EffectParam1}</>%
Aumenta o dano de acerto crítico contra jogadores em <Orange>{EffectParam2}</>%
Reduz o dano de ataque básico recebido por <Orange>{EffectParam3}</>%",Melhora o ataque e a defesa,
4264,Iniciar Caça: Saque,Aumenta a velocidade de movimento em <Orange>{EffectParam1}</>% e a velocidade de ataque em <Orange>{EffectParam2}</>%,Melhora o ataque e a defesa,
4301,Assalto,Aumenta o dano recebido de lançadores de assalto em <Red>{EffectParam1}</>%,Aumenta o dano recebido,
4302,Assalto,Aumenta a velocidade de movimento em <Orange>{EffectParam1}</>%,Aumento de velocidade de movimento,
4311,Caminho do Assassin,"Aumenta Chance de acerto crítico em <Orange>{EffectParam1}</>%
Aumenta a velocidade de movimento em <Orange>{EffectParam2}</>%
 Aumenta o poder de ataque em <Orange>{EffectParam3}</>",Aumenta o poder de ataque,
4312,Caminho do Assassin,"Aumenta a chance de acerto crítico em <Orange>{EffectParam1}</>%
Aumenta a velocidade de movimento em <Orange>{EffectParam2}</>%
Aumenta Acerto crítico de <Orange>{EffectParam3}</>
 Aumenta o poder de ataque em <Orange>{EffectParam4}</>
 Aumenta o dano crítico do ataque básico em <Orange>{EffectParam5}</>% (dobrado em PVE)",Aumenta o poder de ataque,
4313,Caminho do Assassin,"Aumenta a taxa de acerto crítico em <Orange>{EffectParam1}</>%
 Aumenta a velocidade de lançamento de Skill em <Orange>{EffectParam2}</>%
Aumenta a velocidade de movimento em <Orange>{EffectParam3}</>%
Aumenta Acerto crítico por <Orange>{EffectParam4}</>
 Aumenta o poder de ataque em <Orange>{EffectParam5}</>
Aumenta o dano crítico do ataque básico em <Orange>{EffectParam6}</>% (dobrado em PVE)
Aumenta o dano crítico de Skill em <Orange>{EffectParam7}</>% (dobrado em PVE)",Aumenta o poder de ataque,
4351,Furtivo,Acerto Crítico Garantido ao acertar um ataque enquanto estiver Furtivo,Furtiva,
4352,Furtivo,"Aumenta a velocidade de movimento em <Orange>{EffectParam1}</>%
 Aumenta a taxa de evasão por <Orange>{EffectParam2}</>%
Acerto crítico garantido ao acertar um ataque enquanto estiver furtivo",Furtiva,
4353,Furtivo,"Aumenta a velocidade de movimento em <Orange>{EffectParam1}</>%
Aumenta a taxa de evasão em <Orange>{EffectParam2}</>%
Garantido Acerto crítico ao acertar um ataque enquanto estiver furtivo
Ignora colisão enquanto estiver furtivo",Furtiva,
4354,,,,
4361,Aniquilação,"Reduz a regeneração de HP, a cura de poções de HP e a cura por <Red>{EffectParam1}</>%",Reduz a cura de HP,
4401,Efeito de pós-imagem,Aumenta a Chance de Evasão em <Orange>{EffectParam1}</>%,aumenta a chance de evasão,
4411,Brilho de Malícia,"Aumenta o dano de acerto crítico em <Orange>{EffectParam1}</>%
Reduz Skill Dano recebido por <Orange>{EffectParam2}</>%
Aumenta a resistência a golpes críticos em <Orange>{EffectParam3}</>",Melhora o ataque e a defesa,
4412,Brilho de Malícia,"Aumenta crítico Dano de acerto por <Orange>{EffectParam1}</>%
Reduz Skill Dano recebido por <Orange>{EffectParam2}</>%
Aumenta a taxa de resistência a golpes críticos em <Orange>{EffectParam3}</>
 Aumenta a taxa de resistência ao controle de multidão em <Orange>{EffectParam4}</>%
 Aumenta a defesa em <Orange>{EffectParam5}</>",Melhora o ataque e a defesa,
4413,Brilho de Malícia,"Aumenta o dano de acerto crítico por <Orange>{EffectParam1}</>%
Reduz Skill Dano Sofrido por <Orange>{EffectParam2}</>%
 Aumenta a taxa de resistência a golpes críticos em <Orange>{EffectParam3}</>
 Aumenta a taxa de resistência ao controle de multidão em <Orange>{EffectParam4}</>%
Aumenta a Defesa em <Orange>{EffectParam5}</>
Aumenta Ignorar Poder de Ataque em <Orange>{EffectParam6}</>",Melhora o ataque e a defesa,
4451,Névoa de Sombra,Reduz a velocidade de movimento em <Red>{EffectParam1}</>%,Lento,
4452,Controle de Névoa,aumenta a taxa de resistência ao controle de multidão em <Orange>{EffectParam1}</>%,Melhora a defesa,
4461,Malícia Concentrada,"Reduz o dano de acerto crítico recebido por <Orange>{EffectParam1}</>%
 Aumenta a taxa de resistência a acertos críticos em <Orange>{EffectParam2}</>%
Aumenta a taxa de resistência de maximização em <Orange>{EffectParam3}</>%",Melhora a defesa,
4462,Malícia Concentrada,"Reduz Dano de acerto crítico recebido por <Orange>{EffectParam1}</>%
Aumenta a taxa de resistência a acertos críticos em <Orange>{EffectParam2}</>%
 Aumenta a taxa de resistência de maximização em <Orange>{EffectParam3}</>%
Aumenta a taxa de resistência ao controle de multidão em <Orange>{EffectParam4}</>%",Melhora a defesa,
4463,Malícia Concentrada,"Reduz o dano de acerto crítico recebido por <Orange>{EffectParam1}</>%
 Aumenta a taxa de resistência a acertos críticos em <Orange>{EffectParam2}</>%
 Aumenta a taxa de resistência de maximização em <Orange>{EffectParam3}</>%
Aumenta a taxa de resistência ao controle de multidão em <Orange>{EffectParam4}</>%
Reduz o dano de acerto crítico recebido por <Orange>{EffectParam5}</>%",Melhora a defesa,
5011,Flecha de Supressão,,,
5012,Flecha de Supressão,Reduz a velocidade de movimento em <Red>{EffectParam1}</>%,Lento,
5031,Preparando-se para a Batalha,Aumenta Poder de ataque em <Orange>{EffectParam1}</>,Aumento de Poder de Ataque,
5101,Rapid Fire,Reduz a velocidade de movimento em <Red>{EffectParam1}</>%,Lento,
5111,Concentração,Aumenta Precisão em <Orange>{EffectParam1}</>,Aumenta o poder de ataque,
5112,Concentração,"Aumenta a Precisão em <Orange>{EffectParam1}</>
 Aumenta a Evasão em <Orange>{EffectParam2}</>",Melhora o ataque e a defesa,
5113,Concentração,"Aumenta a Precisão em <Orange>{EffectParam1}</>
 Aumenta a Evasão em <Orange>{EffectParam2}</>
 Aumenta a taxa de precisão em <Orange>{EffectParam3}</>%",Melhora o ataque e a defesa,
5201,Arrow Rain,Reduz a velocidade de movimento em <Red>{EffectParam1}</>%,Lento,
5211,Aprimoramento Físico,aumenta a velocidade de ataque em <Orange>{EffectParam1}</>%,Aumento de velocidade de ataque,
5212,Aprimoramento Físico,"Aumenta a velocidade de ataque em <Orange>{EffectParam1}</>%
 Aumenta o dano de ataque básico em <Orange>{EffectParam2}</>% (dobrado em PVE)",Aumenta o poder de ataque,
5213,Aprimoramento Físico,"Aumenta a velocidade de ataque em <Orange>{EffectParam1}</>%
Aumenta o dano de ataque básico em <Orange>{EffectParam2}</>% (dobrado em PVE)
 Aumenta o dano de Skill em <Orange>{EffectParam3}</>% (dobrado em PVE)",Aumenta o poder de ataque,
5251,Seta de rastreamento,,,
5252,Seta de rastreamento,,,
5253,Seta de rastreamento,,,
5254,Seta de rastreamento,,,
5255,Seta de rastreamento,Reduz a velocidade de movimento em <Red>{EffectParam1}</>%,Lento,
5256,Seta de rastreamento,Ligação,Crowd Control Effect,
5257,Seta de rastreamento,Silêncio,Crowd Control Effect,
5258,Seta de rastreamento,Cego,Crowd Control Effect,
5259,Seta de rastreamento,Reduz a velocidade de movimento em <Red>{EffectParam1}</>%,Lento,
5260,Seta de rastreamento,Reduz a velocidade de movimento em <Red>{EffectParam1}</>%,Lento,
5271,Detecção de Fraqueza,Aplica detecção de ponto fraco a ataques básicos,Aumenta o poder de ataque,
5272,Detecção de Fraqueza,Aplica detecção de ponto fraco a ataques básicos,Aumenta o poder de ataque,
5273,Detecção de Fraqueza,Aplica detecção de ponto fraco a ataques básicos,Aumenta o poder de ataque,
5274,Detecção de Fraqueza,Reduz a velocidade de movimento em <Red>{EffectParam1}</>%,Lento,
5275,Detecção de Fraqueza,,,
5276,Detecção de Fraqueza,Reduz a Velocidade de Ataque em <Red>{EffectParam1}</>%,Reduz a Velocidade de Ataque,
5277,Detecção de Fraqueza,Reduz a velocidade de movimento em <Red>{EffectParam1}</>%,Lento,
5278,Detecção de Fraqueza,,,
5279,Detecção de Fraqueza,Reduz a Velocidade de Ataque em <Red>{EffectParam1}</>%,Reduz a Velocidade de Ataque,
5280,Detecção de Fraqueza,Reduz a velocidade de movimento em <Red>{EffectParam1}</>%,Lento,
5281,Detecção de Fraqueza,,,
5282,Detecção de Fraqueza,"Reduz a velocidade de ataque em <Red>{EffectParam1}</>%
Reduz a precisão em <Red>{EffectParam2}</>%",Enfraquece o Poder de Ataque,
5283,Ataque de Ponto Fraco,Aumenta a taxa de precisão de ataque básico em <Orange>{EffectParam1}% </>,Aumentar a taxa de precisão de ataque normal,
5284,Ataque de Ponto Fraco,Aumenta a taxa de precisão de ataque básico em <Orange>{EffectParam1}</>%,Aumentar a taxa de precisão de ataque normal,
5285,Ataque de Ponto Fraco,Aumenta a taxa de precisão de ataque básico em <Orange>{EffectParam1}</>%,Aumentar a taxa de precisão de ataque normal,
5301,Soul Arrow,Aumenta o dano recebido do lançador por <Red>{EffectParam1}</>%,Aumenta o dano recebido do lançador,
5302,Soul Arrow,aumenta a velocidade de ataque em <Orange>{EffectParam1}</>%,Aumento de velocidade de ataque,
5311,Instinto de caça,"Aumenta a chance de acerto crítico em <Orange>{EffectParam1}</>%
 Aumenta a chance de lançamento de Skill em <Orange>{EffectParam2}</>%
 Aumenta o poder de ataque básico em <Orange>{EffectParam3}</>",Aumenta o poder de ataque,
5312,Instinto de caça,"Aumenta o acerto crítico Chance em <Orange>{EffectParam1}</>%
 Aumenta Skill Chance de lançamento em <Orange>{EffectParam2}</>%
Aumenta o poder de ataque básico em <Orange>{EffectParam3}</>
Aumenta Skill Poder de ataque por <Orange>{EffectParam4}</>
Aumenta o dano crítico do ataque básico em <Orange>{EffectParam5}</>% (dobrado em PVE)",Aumenta o poder de ataque,
5313,Instinto de caça,"Aumenta a chance de acerto crítico em <Orange>{EffectParam1}</>%
 Aumenta a chance de lançamento de Skill em <Orange>{EffectParam2}</>%
Aumenta a velocidade de movimento em <Orange>{EffectParam3}</>%
Aumenta Básico Poder de ataque em <Orange>{EffectParam4}</>
 Aumenta o poder de ataque em Skill <Orange>{EffectParam5}</>
Aumenta o dano crítico do ataque básico em <Orange>{EffectParam6}</>% (dobrado em PVE)
 Aumenta o dano crítico de Skill em <Orange>{EffectParam7}</>% (dobrado em PVE)",Aumenta o poder de ataque,
5353,Shadow Trap,Reduz a cura de HP recebida por <Red>{EffectParam1}</>%,Reduz a cura de HP recebida,
5354,Shadow Trap,Reduz a cura de HP recebida por <Red>{EffectParam1}</>%,Reduz a cura de HP recebida,
5403,Encadeamento,Reduz a taxa de resistência ao efeito de aflição em <Red>{EffectParam1}</>%,reduz a taxa de resistência ao efeito de aflição,
5411,Olhar do Mestre Archer,"Aumenta o dano de acerto crítico por <Orange>{EffectParam1}</>%
Reduz Skill Danos recebidos por <Orange>{EffectParam2}</>%
 Aumenta o ataque ignorado por <Orange>{EffectParam3}</>",Melhora o ataque e a defesa,
5412,Olhar do Mestre Archer,"Aumenta crítico Dano de acerto por <Orange>{EffectParam1}</>%
Reduz Skill Dano recebido por <Orange>{EffectParam2}</>%
 Aumenta o poder de ataque de Ignorar em <Orange>{EffectParam3}</>
 Aumenta a taxa de resistência ao controle de multidão em <Orange>{EffectParam4}</>%
Aumenta a taxa de resistência a golpes críticos em <Orange>{EffectParam5}</>",Melhora o ataque e a defesa,
5413,Olhar do Mestre Archer,"aumenta Dano de acerto crítico por <Orange>{EffectParam1}</>%
Reduz Skill Dano recebido por <Orange>{EffectParam2}</>%
 Aumenta o poder de ataque de Ignorar em <Orange>{EffectParam3}</>
 Aumenta a taxa de resistência ao controle de multidão em <Orange>{EffectParam4}</>%
Aumenta a taxa de resistência a golpes críticos em <Orange>{EffectParam5}</>
 Aumenta a defesa em <Orange>{EffectParam6}</>",Melhora o ataque e a defesa,
5451,Armadilha de Vento,Consumíveis indisponíveis,Consumíveis indisponíveis,
5452,Armadilha de Vento,Consumíveis indisponíveis,Consumíveis indisponíveis,
5461,Olhar do Governante,"Aumenta a chance de acerto do Crowd Control em <Orange>{EffectParam1}</>%
 Aumenta a taxa de resistência a golpes críticos em <Orange>{EffectParam2}</>%
Aumenta a taxa de resistência de maximização em <Orange>{EffectParam3}</>%",Melhora o ataque e a defesa,
5462,Olhar do Governante,"aumenta Chance de acerto de controle de multidão em <Orange>{EffectParam1}</>%
Aumenta a taxa de resistência a acertos críticos em <Orange>{EffectParam2}</>%
 Aumenta a taxa de resistência de maximização em <Orange>{EffectParam3}</>%
Aumenta a taxa de resistência ao controle de multidão em <Orange>{EffectParam4}</>%",Melhora o ataque e a defesa,
5463,Olhar do Governante,"aumenta Chance de acerto de controle de multidão em <Orange>{EffectParam1}</>%
Aumenta a taxa de resistência a acertos críticos em <Orange>{EffectParam2}</>%
 Aumenta a taxa de resistência de maximização em <Orange>{EffectParam3}</>%
Aumenta a taxa de resistência ao controle de multidão em <Orange>{EffectParam4}</>%
Reduz o dano de acerto crítico recebido por <Orange>{EffectParam5}</>%",Melhora o ataque e a defesa,
21100,Combate básico,Aumenta Poder de ataque em <Orange>{EffectParam1}</>,Aumento de Poder de Ataque,
21101,Postura Defensiva,Aumenta a defesa em <Orange>{EffectParam1}</>,Aumenta a defesa,
21102,Prepare-se para atacar,Aumenta o acerto crítico em <Orange>{EffectParam1}</>,Aumento de acerto crítico,
21200,Mira precisa,Aumenta Precisão em <Orange>{EffectParam1}</>,Aumento de precisão,
21201,Instintos Aguçados,Aumenta a Evasão em <Orange>{EffectParam1}</>,Aumenta a Evasão,
21300,Poder do Combate,Aumenta Poder de ataque em <Orange>{EffectParam1}</>,Aumento de Poder de Ataque,
21301,Golpe Pesado,"Aumenta a maximização Taxa em <Orange>{EffectParam1}</>%
 Aumenta o poder de ataque básico em <Orange>{EffectParam2}</>",Aumenta o poder de ataque,
21302,Melhorar a vitalidade,"Aumenta o máximo HP por <Orange>{EffectParam1}</>
 Aumenta a cura de poções de HP por <Orange>{EffectParam2}</>%",Melhore a sobrevivência Skills,
21400,Fluxo do Campo de Batalha,"Aumenta a regeneração de MP <Orange>{EffectParam1}</>
 Aumenta o poder de ataque de Skill em <Orange>{EffectParam2}</>",Aumenta o poder de ataque,
21401,Respiração Focada,Aumenta a taxa de precisão em <Orange>{EffectParam1}</>%,Aumento da taxa de precisão,
21402,Corpo indomável,"Aumenta a taxa de resistência a golpes críticos de Skill em <Orange>{EffectParam1}</>%
Reduz o dano de acerto crítico recebido por <Orange>{EffectParam2}</>%",Melhora a defesa,
21500,Compartilhada Aura do Herói,"Reduz o dano recebido em <Orange>{EffectParam1}</>%
Aumenta a velocidade de movimento em <Orange>{EffectParam2}</>%",Melhora a Defesa e a Sobrevivência Skills,
21501,Gale Resolver,"Aumenta a taxa de resistência ao controle de multidão em <Orange>{EffectParam1}</>%
Aumenta Skill Velocidade de lançamento em <Orange>{EffectParam2}</>%",Melhoria de defesa e velocidade de lançamento,
21502,Carne imortal,"Aumenta o máximo HP por <Orange>{EffectParam1}</>
Reduz o dano recebido de skills de alvo único por <Orange>{EffectParam2}</>%",Melhore a sobrevivência Skills,
21140,Treinamento de Esgrima,Aumenta Poder de ataque em <Orange>{EffectParam1}</>,Aumento de Poder de Ataque,
21240,Aprimoramento de espada larga,Aumenta a Defesa de Ignorar em <Orange>{EffectParam1}</>,Aumenta a Defesa de Ignorar,
21340,Vontade de Combate: Warrior,"Aumenta o dano a monstros em <Orange>{EffectParam1}</>%
 Aumenta o poder de ataque de Skill em <Orange>{EffectParam2}</>",Aumenta o poder de ataque,
21341,Fúria Feroz,"Aumenta os críticos Dano por <Orange>{EffectParam1}</>%
 Aumenta a Defesa em <Orange>{EffectParam2}</>",Melhora o ataque e a defesa,
21440,Aura de Warrior,"aumenta a chance de acerto crítico em <Orange>{EffectParam1}</>%
 Aumenta o poder de ataque básico em <Orange>{EffectParam2}</>",Aumenta o poder de ataque,
21441,Fúria de Aço,"Aumenta o dano aos inimigos caídos em <Orange>{EffectParam1}</>%
Aumenta o dano a inimigos aéreos em <Orange>{EffectParam2}</>%",Aumenta o poder de ataque,
21442,Fúria de Aço,"aumenta Skill Chance de lançamento em <Orange>{EffectParam1}</>% 
 Aumenta a velocidade de movimento em <Orange>{EffectParam2}</>%",Melhora o Ataque e a Sobrevivência Skills,
21443,Fúria Ardente,"Aumenta o dano contra alvos queimados em <Orange>{EffectParam1}</>%
Aumenta o dano contra alvos de sangramento em <Orange>{EffectParam2}</>%",Aumenta o poder de ataque,
21444,Fúria Ardente,aumenta a velocidade de ataque em <Orange>{EffectParam1}</>%,Aumento de velocidade de ataque,
21540,Espada da Destruição,Aumenta o dano por <Orange>{EffectParam1}</>%,Aumento de dano,
21541,Espada da Destruição,Aumenta o dano de Skill em <Orange>{EffectParam1}</>%,Aumenta o dano de Skill,
21170,Instinto de Combate: Warrior,Aumenta o Poder de Ataque de Ignorar em <Orange>{EffectParam1}</>,Aumenta Ignorar Poder de Ataque,
21270,Vontade forte,"Aumenta a defesa por <Orange>{EffectParam1}</>
 Aumenta a geração de Aggro em <Orange>{EffectParam2}</>%",Melhora a defesa,
21370,Honorável Combate,"Reduz a resistência a golpes críticos em <Orange>{EffectParam1}</>
Reduz o ataque básico Dano sofrido por <Orange>{EffectParam2}</>",Melhora a defesa,
21371,Coração de Aço,"Aumenta a regeneração de HP em <Orange>{EffectParam1}</> 
Reduz Skill Dano Sofrido por <Orange>{EffectParam2}</>%",Melhora a Defesa e a Sobrevivência Skills,
21470,Dominação da Raiva,"Reduz o dano recebido por <Orange>{EffectParam1}</>%
Aumenta Geração Aggro por <Orange>{EffectParam2}</>%",Melhora a defesa,
21471,Bênção da Terra,"Aumenta o HP máximo em <Orange>{EffectParam1}</>%
Aumenta HP Potion Healing por <Orange>{EffectParam2}</>
 Aumenta a cura recebida por <Orange>{EffectParam3}</>%
Reduz a duração do controle de multidão em <Orange>{EffectParam4}</>%",Melhore a sobrevivência Skills,
21472,Bênção da Terra,Aumenta a cura recebida em <Orange>{EffectParam1}</>%,aumenta Cura recebida,
21473,Combate Tenaz,"Aumenta a taxa de precisão em <Orange>{EffectParam1}</>%
Reduz Skill Dano de acerto crítico sofrido por <Orange>{EffectParam2}</>%",Precisão e aprimoramento de defesa,
21570,Proteção Ironclad,"Aumenta a resistência ao controle de multidão em <Orange>{EffectParam1}</>%
Reduz o dano recebido enquanto a multidão é controlada por <Orange>{EffectParam2}</>%",Melhora a defesa,
21572,Coragem endurecida pela batalha,"Reduz o dano de acerto crítico recebido em <Orange>{EffectParam1}</>%
Aumenta a taxa de resistência ao controle de multidão em <Orange>{EffectParam2}</>%",Melhore a sobrevivência Skills,
21573,Veteran's Insight,Aumenta o dano causado a alvos protegidos em <Orange>{EffectParam1}</>%,Aumento de dano a alvos protegidos,
22100,Combate básico,Aumenta Poder de ataque em <Orange>{EffectParam1}</>,Aumento de Poder de Ataque,
22101,Postura Defensiva,Aumenta a defesa em <Orange>{EffectParam1}</>,Aumenta a defesa,
22102,Prepare-se para atacar,Aumenta o acerto crítico em <Orange>{EffectParam1}</>,Aumento de acerto crítico,
22200,Mira precisa,Aumenta Precisão em <Orange>{EffectParam1}</>,Aumento de precisão,
22201,Instintos Aguçados,Aumenta a Evasão em <Orange>{EffectParam1}</>,Aumenta a Evasão,
22300,Poder do Combate,Aumenta Poder de ataque em <Orange>{EffectParam1}</>,Aumento de Poder de Ataque,
22301,Golpe Pesado,"Aumenta a maximização Taxa em <Orange>{EffectParam1}</>%
 Aumenta o poder de ataque básico em <Orange>{EffectParam2}</>",Aumenta o poder de ataque,
22302,Melhorar a vitalidade,"Aumenta o HP máximo em <Orange>{EffectParam1}</>
 Aumenta a cura de poções de HP em <Orange>{EffectParam2}</>",Melhore a sobrevivência Skills,
22400,Fluxo do Campo de Batalha,"Aumenta a regeneração de MP <Orange>{EffectParam1}</>
 Aumenta o poder de ataque de Skill em <Orange>{EffectParam2}</>",Aumenta o poder de ataque,
22401,Respiração Focada,Aumenta a taxa de precisão em <Orange>{EffectParam1}</>%,Aumento da taxa de precisão,
22402,Corpo indomável,"Aumenta a taxa de resistência a golpes críticos de Skill em <Orange>{EffectParam1}</>%
Reduz o dano de acerto crítico recebido por <Orange>{EffectParam2}</>%",Melhora a defesa,
22500,Compartilhada Aura do Herói,"Reduz o dano recebido em <Orange>{EffectParam1}</>%
Aumenta a velocidade de movimento em <Orange>{EffectParam2}</>%",Melhora a Defesa e a Sobrevivência Skills,
22501,Gale Resolver,"Aumenta a taxa de resistência ao controle de multidão em <Orange>{EffectParam1}</>%
Aumenta Skill Velocidade de lançamento em <Orange>{EffectParam2}</>%",Melhoria de defesa e velocidade de lançamento,
22502,Carne imortal,"Aumenta o máximo HP por <Orange>{EffectParam1}</>
Reduz o dano recebido de skills de alvo único por <Orange>{EffectParam2}</>%",Melhore a sobrevivência Skills,
22140,Mana Treinamento,Aumenta o poder de ataque básico em <Orange>{EffectParam1}</>,Aumenta o poder de ataque básico,
22240,Aprimoramento de equipe,aumenta o poder de ataque de Skill em <Orange>{EffectParam1}</>,aumenta o poder de ataque de Skill,
22340,Vontade de Combate: Mage,"Aumenta o dano a monstros em <Orange>{EffectParam1}</>%
 Aumenta o poder de ataque de Skill em <Orange>{EffectParam2}</>",Aumenta o poder de ataque,
22341,Magia Primordial,"Aumenta o dano crítico em <Orange>{EffectParam1}</>%
 Aumenta o HP máximo em <Orange>{EffectParam2}</>",Melhora o Ataque e a Sobrevivência Skills,
22440,Aura de Mage,"aumenta a chance de acerto crítico em <Orange>{EffectParam1}</>%
 Aumenta o poder de ataque básico em <Orange>{EffectParam2}</>",Aumenta o poder de ataque,
22441,Mind Blast,Aumenta o dano ao alvo atordoado em <Orange>{EffectParam1}</>%,Aumenta o poder de ataque,
22442,Mind Blast,"aumenta Skill Chance de lançamento em <Orange>{EffectParam1}</>% 
 Aumenta a velocidade de movimento em <Orange>{EffectParam2}</>%",Aumenta o poder de ataque,
22443,Chama Congelada,"Aumenta o dano contra alvos queimados em <Orange>{EffectParam1}</>%
 Aumenta o dano contra alvos congelados em <Orange>{EffectParam2}</>%",Aumenta o poder de ataque,
22444,Chama Congelada,Aumenta o dano de Skill em <Orange>{EffectParam1}</>%,Aumenta o dano de Skill,
22540,Coração ardente,Aumenta o dano por <Orange>{EffectParam1}</>%,Aumento de dano,
22541,Coração ardente,Aumenta o dano de Skill em <Orange>{EffectParam1}</>%,Aumenta o dano de Skill,
22170,Instinto de Combate: Mage,Aumenta o acerto crítico Resistência por <Orange>{EffectParam1}</>,Aumenta a resistência a golpes críticos,
22270,Vontade de Mana,"Aumenta a defesa em <Orange>{EffectParam1}</>
 Aumenta a regeneração de MP em <Orange>{EffectParam2}</>",Melhora o ataque e a defesa,
22370,Magic Focus,"Aumenta Evasão por <Orange>{EffectParam1}</>
 Aumenta Skill Chance de lançamento em <Orange>{EffectParam2}</>%",Melhora o ataque e a defesa,
22371,Mana Amplificação,Aumenta Poder de ataque em <Orange>{EffectParam1}</>,Aumento de Poder de Ataque,
22470,Mana Armadura,Geração do Escudo,Escudo,
22471,Mana Armadura,Aumenta a velocidade de movimento em <Orange>{EffectParam1}</>%,Aumento de velocidade de movimento,
22472,Previsão,Aumenta a taxa de evasão de Skill em <Orange>{EffectParam1}</>%,Aumenta Skill Taxa de evasão,
22473,Previsão,Reduz o cooldown de Skill em <Orange>{EffectParam1}</>s,Redução do tempo de espera Skill,
22474,Aceleração de feitiço,"aumenta Taxa de precisão em <Orange>{EffectParam1}</>%
Aumenta o dano de Skill em <Orange>{EffectParam2}</>%
Aumenta a velocidade de lançamento de Skill em <Orange>{EffectParam3}</>%",Precisão e aprimoramento de ataque,
22570,Olho do Campo de Batalha,Aumenta o dano por <Orange>{EffectParam1}</>%,Aumento de dano,
22572,Mana Erosão,"Reduz o dano de acerto crítico recebido por <Orange>{EffectParam1}</>%
Reduz a duração do controle de multidão de entrada em <Orange>{EffectParam2}</>%",Melhore a sobrevivência Skills,
22573,Mana Insight,Aumenta o dano causado a alvos protegidos em <Orange>{EffectParam1}</>%,Aumento de dano a alvos protegidos,
23100,Combate básico,Aumenta Poder de ataque em <Orange>{EffectParam1}</>,Aumento de Poder de Ataque,
23101,Postura Defensiva,Aumenta a defesa em <Orange>{EffectParam1}</>,Aumenta a defesa,
23102,Prepare-se para atacar,Aumenta o acerto crítico em <Orange>{EffectParam1}</>,Aumento de acerto crítico,
23200,Mira precisa,Aumenta Precisão em <Orange>{EffectParam1}</>,Aumento de precisão,
23201,Instintos Aguçados,Aumenta a Evasão em <Orange>{EffectParam1}</>,Aumenta a Evasão,
23300,Poder do Combate,Aumenta Poder de ataque em <Orange>{EffectParam1}</>,Aumento de Poder de Ataque,
23301,Golpe Pesado,"Aumenta a maximização Taxa em <Orange>{EffectParam1}</>%
 Aumenta o poder de ataque básico em <Orange>{EffectParam2}</>",Aumenta o poder de ataque,
23302,Melhorar a vitalidade,"Aumenta o HP máximo em <Orange>{EffectParam1}</>
 Aumenta a cura de poções de HP em <Orange>{EffectParam2}</>",Melhore a sobrevivência Skills,
23400,Fluxo do Campo de Batalha,"Aumenta a regeneração de MP <Orange>{EffectParam1}</>
 Aumenta o poder de ataque de Skill em <Orange>{EffectParam2}</>",Aumenta o poder de ataque,
23401,Respiração Focada,Aumenta a taxa de precisão em <Orange>{EffectParam1}</>%,Aumento da taxa de precisão,
23402,Corpo indomável,"Aumenta a taxa de resistência a golpes críticos de Skill em <Orange>{EffectParam1}</>%
Reduz o dano de acerto crítico recebido por <Orange>{EffectParam2}</>%",Melhora a defesa,
23500,Compartilhada Aura do Herói,"Reduz o dano recebido em <Orange>{EffectParam1}</>%
Aumenta a velocidade de movimento em <Orange>{EffectParam2}</>%",Melhora a Defesa e a Sobrevivência Skills,
23501,Gale Resolver,"Aumenta a taxa de resistência ao controle de multidão em <Orange>{EffectParam1}</>%
Aumenta Skill Velocidade de lançamento em <Orange>{EffectParam2}</>%",Melhoria de defesa e velocidade de lançamento,
23502,Carne imortal,"Aumenta o máximo HP por <Orange>{EffectParam1}</>
Reduz o dano recebido de skills de alvo único por <Orange>{EffectParam2}</>%",Melhore a sobrevivência Skills,
23140,Divine Treinamento,Aumenta o poder de ataque básico em <Orange>{EffectParam1}</>,Aumenta o poder de ataque básico,
23240,Aprimoramento de Orbe,aumenta o poder de ataque de Skill em <Orange>{EffectParam1}</>,aumenta o poder de ataque de Skill,
23340,Vontade de combate: Battle Priest,"Aumenta o dano a monstros em <Orange>{EffectParam1}</>%
Aumenta o poder de ataque básico em <Orange>{EffectParam2}</>",Aumenta o poder de ataque,
23341,Visão interna,"Aumenta Dano Crítico por <Orange>{EffectParam1}</>%
Aumenta o Poder de Ataque Ignorado em <Orange>{EffectParam2}</>",Melhora o ataque e a defesa,
23440,Battle Priest,"Aumenta a chance de acerto crítico em <Orange>{EffectParam1}</>%
 Aumenta o poder de ataque de Skill em <Orange>{EffectParam2}</>",Aumenta o poder de ataque,
23441,Santo Radiância,Aumenta Dano ao alvo com velocidade de movimento reduzida em <Orange>{EffectParam1}</>%,Aumenta o poder de ataque,
23442,Santo Radiância,"Aumenta a velocidade de ataque em <Orange>{EffectParam1}</>%
 e a velocidade de movimento em <Orange>{EffectParam2}</>%",Aumenta o poder de ataque,
23443,Miasma Congelado,"Aumenta o dano contra alvos congelados em <Orange>{EffectParam1}</>%
Aumenta o dano contra alvos envenenados em <Orange>{EffectParam2}</>%",Aumenta o poder de ataque,
23444,Miasma Congelado,Aumenta o dano de Skill em <Orange>{EffectParam1}</>%,Aumenta o dano de Skill,
23540,Divine Julgamento,Aumenta o dano por <Orange>{EffectParam1}</>%,Aumento de dano,
23541,Divine Julgamento,Aumenta o dano de ataque básico em <Orange>{EffectParam1}</>%,Aumenta o dano de ataques básicos,
23170,Instinto de Combate: Battle Priest,Aumenta a defesa em <Orange>{EffectParam1}</>,Aumenta a defesa,
23270,Vontade da Natureza,"Aumenta o HP máximo em <Orange>{EffectParam1}</>
Aumenta a regeneração de MP em <Orange>{EffectParam2}</>",Aumenta o poder de ataque,
23370,Escudo de recuperação,"Aumenta a defesa por <Orange>{EffectParam1}</> e
Quantidade de cura por <Orange>{EffectParam2}</>%",Melhora a Defesa e a Sobrevivência Skills,
23371,Supressão de cura,Aumenta a precisão do ataque básico em <Orange>{EffectParam1}</>,Aumenta a precisão do ataque básico,
23372,Supressão de cura,Reduz a cura de HP recebida por <Red>{EffectParam1}</>%,Reduz a cura de HP recebida,
23470,Bênção de Combate,Cria um escudo anulador <Orange>{EffectParam1}</> vezes,Escudo anulador,
23471,Reagrupar,"Reduz o resfriamento de Skill em <Orange>{EffectParam1}</>%
Reduz a duração do controle de multidão em <Orange>{EffectParam2}</>%",Melhora o ataque e a defesa,
23472,Reagrupar,Recupere HP por <Orange>{EffectParam1}</>,Recuperação de HP,
23473,Divine Supressão,"Aumenta a taxa de precisão em <Orange>{EffectParam1}</>%
Aumenta o dano de Skill em <Orange>{EffectParam2}</>%
Aumenta a chance de acerto do controle de multidão em <Orange>{EffectParam3}</>%",Precisão e aprimoramento de ataque,
23570,Santuário,Aumenta a cura em <Orange>{EffectParam1}</>%,Aumento da quantidade de cura,
23571,Santuário,"Aumenta a taxa de evasão em <Orange>{EffectParam1}</>%
Aumenta a velocidade de movimento em <Orange>{EffectParam2}</>%",Melhora a defesa,
23572,Sagrada Bênção,"Reduz o dano de acerto crítico recebido em <Orange>{EffectParam1}</>%
Aumenta a taxa de resistência ao controle de multidão em <Orange>{EffectParam2}</>%",Melhore a sobrevivência Skills,
23573,Insight Sagrado,Aumenta o dano causado a alvos protegidos em <Orange>{EffectParam1}</>%,Aumento de dano a alvos protegidos,
24100,Combate básico,Aumenta Poder de ataque em <Orange>{EffectParam1}</>,Aumento de Poder de Ataque,
24101,Postura Defensiva,Aumenta a defesa em <Orange>{EffectParam1}</>,Aumenta a defesa,
24102,Prepare-se para atacar,Aumenta o acerto crítico em <Orange>{EffectParam1}</>,Aumento de acerto crítico,
24200,Mira precisa,Aumenta Precisão em <Orange>{EffectParam1}</>,Aumento de precisão,
24201,Instintos Aguçados,Aumenta a Evasão em <Orange>{EffectParam1}</>,Aumenta a Evasão,
24300,Poder do Combate,Aumenta Poder de ataque em <Orange>{EffectParam1}</>,Aumento de Poder de Ataque,
24301,Golpe Pesado,"Aumenta a maximização Taxa em <Orange>{EffectParam1}</>%
 Aumenta o poder de ataque básico em <Orange>{EffectParam2}</>",Aumenta o poder de ataque,
24302,Melhorar a vitalidade,"Aumenta o HP máximo em <Orange>{EffectParam1}</>
 Aumenta a cura de poções de HP em <Orange>{EffectParam2}</>",Melhore a sobrevivência Skills,
24400,Fluxo do Campo de Batalha,"Aumenta a regeneração de MP <Orange>{EffectParam1}</>
 Aumenta o poder de ataque de Skill em <Orange>{EffectParam2}</>",Aumenta o poder de ataque,
24401,Respiração Focada,Aumenta a taxa de precisão em <Orange>{EffectParam1}</>%,Aumento da taxa de precisão,
24402,Corpo indomável,"Aumenta a taxa de resistência a golpes críticos de Skill em <Orange>{EffectParam1}</>%
Reduz o dano de acerto crítico recebido por <Orange>{EffectParam2}</>%",Melhora a defesa,
24500,Compartilhada Aura do Herói,"Reduz o dano recebido em <Orange>{EffectParam1}</>%
Aumenta a velocidade de movimento em <Orange>{EffectParam2}</>%",Melhora a Defesa e a Sobrevivência Skills,
24501,Gale Resolver,"Aumenta a taxa de resistência ao controle de multidão em <Orange>{EffectParam1}</>%
Aumenta Skill Velocidade de lançamento em <Orange>{EffectParam2}</>%",Melhoria de defesa e velocidade de lançamento,
24502,Carne imortal,"Aumenta o máximo HP por <Orange>{EffectParam1}</>
Reduz o dano recebido de skills de alvo único por <Orange>{EffectParam2}</>%",Melhore a sobrevivência Skills,
24140,Treinamento de Assassinato,Aumenta a Defesa de Ignorar em <Orange>{EffectParam1}</>,Aumenta a Defesa de Ignorar,
24240,Aprimoramento da Adaga,Aumenta Poder de ataque em <Orange>{EffectParam1}</>,Aumento de Poder de Ataque,
24340,Vontade de combate: Assassin,"Aumenta o dano a monstros em <Orange>{EffectParam1}</>%
 Aumenta o poder de ataque de Skill em <Orange>{EffectParam2}</>",Aumenta o poder de ataque,
24341,Disciplina de sombra,"Aumenta Crítico Dano por <Orange>{EffectParam1}</>%
 Aumenta a Evasão em <Orange>{EffectParam2}</>",Melhora o ataque e a defesa,
24440,Aura de Assassin,"aumenta a chance de acerto crítico em <Orange>{EffectParam1}</>%
 Aumenta o poder de ataque básico em <Orange>{EffectParam2}</>",Aumenta o poder de ataque,
24441,Lâmina de sombra,Aumenta o dano ao alvo atordoado em <Orange>{EffectParam1}</>%,Aumenta o poder de ataque,
24442,Lâmina de sombra,"Aumenta o acerto crítico Chance em <Orange>{EffectParam1}</>% 
 Aumenta a velocidade de movimento em <Orange>{EffectParam2}</>%",Aumenta o poder de ataque,
24443,Impressão cruel,"Aumenta o dano contra alvos envenenados em <Orange>{EffectParam1}</>%
Aumenta o dano contra alvos com sangramento em <Orange>{EffectParam2}</>%",Aumenta o poder de ataque,
24444,Impressão cruel,aumenta a velocidade de ataque em <Orange>{EffectParam1}</>%,Aumento de velocidade de ataque,
24540,Assassin Respiração de,Aumenta o dano por <Orange>{EffectParam1}</>%,Aumento de dano,
24541,Assassin Respiração de,Aumenta o dano de Skill em <Orange>{EffectParam1}</>%,Aumenta o dano de Skill,
24170,Instinto de Combate: Assassin,Aumenta Acerto crítico do jogador por <Orange>{EffectParam1}</>,Aumenta acerto crítico do jogador,
24270,Vontade das Trevas,"Aumenta o poder de ataque do jogador em <Orange>{EffectParam1}</>
 Aumenta a precisão do jogador em <Orange>{EffectParam2}</>",Aumenta o poder de ataque,
24370,Eco de Sangue,"Aumenta a capacidade do jogador Taxa de precisão em <Orange>{EffectParam1}</>%
Aumenta o dano ao alvo de sangramento em <Orange>{EffectParam2}</>%",Aumenta o poder de ataque,
24371,Foco escuro,Aumenta o dano por <Orange>{EffectParam1}</>%,Aumento de dano,
24470,Aura de Sangue,"Aumenta a taxa de evasão em <Orange>{EffectParam1}</>%
Aumenta a velocidade de movimento em <Orange>{EffectParam2}</>%",Melhora a defesa,
24471,Amplificação Escura,Aumenta o dano crítico do jogador em <Orange>{EffectParam1}</>%,Aumento do dano crítico do jogador,
24472,Instinto de Sombra,"Aumenta a taxa de precisão em <Orange>{EffectParam1}</>%
Reduz a duração do controle de multidão em <Orange>{EffectParam2}</>%",Precisão e aprimoramento de defesa,
24570,Julgamento,Aumenta a chance de acerto crítico do jogador em <Orange>{EffectParam1}</>%,Aumento da chance de acerto crítico do jogador,
24572,Instinto cruel,"Reduz Dano de acerto crítico sofrido por <Orange>{EffectParam1}</>%
Aumenta a taxa de resistência ao efeito de aflição em <Orange>{EffectParam2}</>%",Melhore a sobrevivência Skills,
24573,Insight cruel,Aumenta o dano causado a alvos protegidos em <Orange>{EffectParam1}</>%,Aumento de dano a alvos protegidos,
25100,Combate básico,Aumenta Poder de ataque em <Orange>{EffectParam1}</>,Aumento de Poder de Ataque,
25101,Postura Defensiva,Aumenta a defesa em <Orange>{EffectParam1}</>,Aumenta a defesa,
25102,Prepare-se para atacar,Aumenta o acerto crítico em <Orange>{EffectParam1}</>,Aumento de acerto crítico,
25200,Mira precisa,Aumenta Precisão em <Orange>{EffectParam1}</>,Aumento de precisão,
25201,Instintos Aguçados,Aumenta a Evasão em <Orange>{EffectParam1}</>,Aumenta a Evasão,
25300,Poder do Combate,Aumenta Poder de ataque em <Orange>{EffectParam1}</>,Aumento de Poder de Ataque,
25301,Golpe Pesado,"Aumenta a maximização Taxa em <Orange>{EffectParam1}</>%
 Aumenta o poder de ataque básico em <Orange>{EffectParam2}</>",Aumenta o poder de ataque,
25302,Melhorar a vitalidade,"Aumenta o HP máximo em <Orange>{EffectParam1}</>
 Aumenta a cura de poções de HP em <Orange>{EffectParam2}</>",Melhore a sobrevivência Skills,
25400,Fluxo do Campo de Batalha,"Aumenta a regeneração de MP <Orange>{EffectParam1}</>
 Aumenta o poder de ataque de Skill em <Orange>{EffectParam2}</>",Aumenta o poder de ataque,
25401,Respiração Focada,Aumenta a taxa de precisão em <Orange>{EffectParam1}</>%,Aumento da taxa de precisão,
25402,Corpo indomável,"Aumenta a taxa de resistência a golpes críticos de Skill em <Orange>{EffectParam1}</>%
Reduz o dano de acerto crítico recebido por <Orange>{EffectParam2}</>%",Melhora a defesa,
25500,Compartilhada Aura do Herói,"Reduz o dano recebido em <Orange>{EffectParam1}</>%
Aumenta a velocidade de movimento em <Orange>{EffectParam2}</>%",Melhora a Defesa e a Sobrevivência Skills,
25501,Gale Resolver,"Aumenta a taxa de resistência ao controle de multidão em <Orange>{EffectParam1}</>%
Aumenta Skill Velocidade de lançamento em <Orange>{EffectParam2}</>%",Melhoria de defesa e velocidade de lançamento,
25502,Carne imortal,"Aumenta o máximo HP por <Orange>{EffectParam1}</>
Reduz o dano recebido de skills de alvo único por <Orange>{EffectParam2}</>%",Melhore a sobrevivência Skills,
25140,Treinamento de Tiro com Arco,aumenta o poder de ataque de Skill em <Orange>{EffectParam1}</>,aumenta o poder de ataque de Skill,
25240,Aprimoramento de arco longo,Aumenta o poder de ataque básico em <Orange>{EffectParam1}</>,Aumenta o poder de ataque básico,
25340,Vontade de Combate: Hunter,"Aumenta o dano a monstros em <Orange>{EffectParam1}</>%
Aumenta o poder de ataque básico em <Orange>{EffectParam2}</>",Aumenta o poder de ataque,
25341,Gale Seta,"Aumenta o Dano Crítico em <Orange>{EffectParam1}</>%
Aumenta a resistência a golpes críticos em <Orange>{EffectParam2}</>",Melhora o ataque e a defesa,
25440,Aura de Hunter,"Aumenta a chance de acerto crítico em <Orange>{EffectParam1}</>%
 Aumenta o poder de ataque de Skill em <Orange>{EffectParam2}</>",Aumenta o poder de ataque,
25441,Presa da Besta,Aumenta Dano ao alvo com velocidade de movimento reduzida em <Orange>{EffectParam1}</>%,Aumenta o poder de ataque,
25442,Presa da Besta,"Aumenta o dano de Skill em <Orange>{EffectParam1}</>%
 Aumenta a velocidade de movimento em <Orange>{EffectParam2}</>%",Aumenta o poder de ataque,
25443,Instinto Manchado de Sangue,Aumenta o dano contra alvos de sangramento em <Orange>{EffectParam1}</>%,Aumenta o poder de ataque,
25444,Instinto Manchado de Sangue,Aumenta o dano de ataque básico em <Orange>{EffectParam1}</>%,Aumenta o dano de ataques básicos,
25540,Postura Perfeita,Aumenta o dano por <Orange>{EffectParam1}</>%,Aumento de dano,
25541,Postura Perfeita,Aumenta o dano de ataque básico em <Orange>{EffectParam1}</>%,Aumenta o dano de ataques básicos,
25170,Instinto de Combate: Hunter,Aumenta a Defesa de Ignorar em <Orange>{EffectParam1}</>,Aumenta a Defesa de Ignorar,
25270,Arrow’s Will,"Aumenta o HP máximo em <Orange>{EffectParam1}</>
Aumenta a regeneração de HP em <Orange>{EffectParam2}</>",Melhore a sobrevivência Skills,
25370,Destreza de Caça,"Aumenta Precisão em <Orange>{EffectParam1}</>
 Aumenta a chance de acerto do controle de multidão em <Orange>{EffectParam2}</>%",Aumenta o poder de ataque,
25371,Instinto de Besta,Reduz a resistência ao controle de multidão em <Red>{EffectParam1}</>%,Reduz a resistência ao Crowd Control,
25470,Essência de caça,Reduz a Defesa em <Red>{EffectParam1}</>,Reduz a Defesa,
25471,Quebra de defesa,Reduz a resistência a golpes críticos em <Red>{EffectParam1}</>%,Reduz a resistência a golpes críticos,
25472,Caça à Fraqueza,"Aumenta a taxa de precisão em <Orange>{EffectParam1}</>%
Aumenta o dano contra alvos controlados por multidão em <Orange>{EffectParam2}</>%",Precisão e aprimoramento de ataque,
25570,Ashen Arrow,Aumenta a duração do Crowd Control em <Orange>{EffectParam1}</>%,Aumenta a duração do controle de multidão,
25571,Ashen Arrow,Item desativado Item,Item desativado Item,
25572,Venom Tracker,"Reduz Dano de acerto crítico sofrido por <Orange>{EffectParam1}</>%
Aumenta a taxa de resistência ao efeito de aflição em <Orange>{EffectParam2}</>%",Melhore a sobrevivência Skills,
25573,Venomous Insight,Aumenta o dano causado a alvos protegidos em <Orange>{EffectParam1}</>%,Aumento de dano a alvos protegidos,
35002,Mage Descida Skill,Reduz a velocidade de movimento em <Red>{EffectParam1}</>%,Lento,
35003,Mage Descida Skill,Aumenta a defesa em <Orange>{EffectParam1}</>%,Aumenta a defesa,
40011,Mudando Buff,,,
40012,Mudando Buff,,,
40021,Mudando Buff,,,
40022,Mudando Buff,,,
40031,Mudando Buff,,,
40032,Mudando Buff,,,
40041,Mudando Buff,,,
40042,Mudando Buff,,,
40051,Mudando Buff,,,
40052,Mudando Buff,,,
45371,Geração do Escudo,<Orange>{EffectParam1}</> Escudo,Escudo,
45372,Geração do Escudo,<Orange>{EffectParam1}</> Escudo,Escudo,
45373,Geração do Escudo,<Orange>{EffectParam1}</> Escudo,Escudo,
45374,Geração do Escudo,<Orange>{EffectParam1}</> Escudo,Escudo,
45381,Aumento de velocidade de movimento,Aumenta a velocidade de movimento em <Orange>{EffectParam1}</>%,Aumento de velocidade de movimento,
45382,Aumento de velocidade de movimento,Aumenta a velocidade de movimento em <Orange>{EffectParam1}</>%,Aumento de velocidade de movimento,
45383,Aumento de velocidade de movimento,Aumenta a velocidade de movimento em <Orange>{EffectParam1}</>%,Aumento de velocidade de movimento,
45384,Aumento de velocidade de movimento,Aumenta a velocidade de movimento em <Orange>{EffectParam1}</>%,Aumento de velocidade de movimento,
45394,Reduz o dano recebido,Reduz os danos sofridos por <Orange>{EffectParam1}</>%,Reduz o dano recebido,
45395,Reduz o dano recebido,Reduz os danos sofridos por <Orange>{EffectParam1}</>%,Reduz o dano recebido,
45404,aumenta a chance de evasão,Aumenta a Chance de Evasão em <Orange>{EffectParam1}</>%,aumenta a chance de evasão,
45405,aumenta a chance de evasão,Aumenta a Chance de Evasão em <Orange>{EffectParam1}</>%,aumenta a chance de evasão,
45414,Aumento da resistência ao controle de multidão,aumenta a taxa de resistência ao controle de multidão em <Orange>{EffectParam1}</>%,Aumento da resistência ao controle de multidão,
45415,Aumento da resistência ao controle de multidão,aumenta a taxa de resistência ao controle de multidão em <Orange>{EffectParam1}</>%,Aumento da resistência ao controle de multidão,
45474,Aumenta a taxa de resistência a acerto crítico contra jogadores,Aumenta a taxa de resistência a golpes críticos em <Orange>{EffectParam1}</>%,Aumenta a taxa de resistência a acerto crítico contra jogadores,
45475,Aumenta a taxa de resistência a acerto crítico contra jogadores,Aumenta a taxa de resistência a golpes críticos em <Orange>{EffectParam1}</>%,Aumenta a taxa de resistência a acerto crítico contra jogadores,
45484,Aumento de Poder de Ataque,Aumenta Poder de ataque em <Orange>{EffectParam1}</>,Aumento de Poder de Ataque,
45485,Aumento de Poder de Ataque,Aumenta Poder de ataque em <Orange>{EffectParam1}</>,Aumento de Poder de Ataque,
45494,Aumenta a defesa,Aumenta a defesa em <Orange>{EffectParam1}</>,Aumenta a defesa,
45495,Aumenta a defesa,Aumenta a defesa em <Orange>{EffectParam1}</>,Aumenta a defesa,
45504,Aumentar Skill Velocidade de lançamento,Aumenta a velocidade de lançamento de Skill em <Orange>{EffectParam1}</>%,Aumentar Skill Velocidade de lançamento,
45505,Aumentar Skill Velocidade de lançamento,Aumenta a velocidade de lançamento de Skill em <Orange>{EffectParam1}</>%,Aumentar Skill Velocidade de lançamento,
46081,reduz Poder de Ataque,Reduz o Poder de Ataque em <Red>{EffectParam1}</>,reduz Poder de Ataque,
46082,reduz Poder de Ataque,Reduz o Poder de Ataque em <Red>{EffectParam1}</>,reduz Poder de Ataque,
46083,reduz Poder de Ataque,Reduz o Poder de Ataque em <Red>{EffectParam1}</>,reduz Poder de Ataque,
46084,reduz Poder de Ataque,Reduz o Poder de Ataque em <Red>{EffectParam1}</>,reduz Poder de Ataque,
46085,reduz Poder de Ataque,Reduz o Poder de Ataque em <Red>{EffectParam1}</>,reduz Poder de Ataque,
46091,Reduz a Defesa,Reduz a Defesa em <Red>{EffectParam1}</>,Reduz a Defesa,
46092,Reduz a Defesa,Reduz a Defesa em <Red>{EffectParam1}</>,Reduz a Defesa,
46093,Reduz a Defesa,Reduz a Defesa em <Red>{EffectParam1}</>,Reduz a Defesa,
46094,Reduz a Defesa,Reduz a Defesa em <Red>{EffectParam1}</>,Reduz a Defesa,
46095,Reduz a Defesa,Reduz a Defesa em <Red>{EffectParam1}</>,Reduz a Defesa,
46244,Inflige Redução de Velocidade de Movimento,Reduz a velocidade de movimento em <Red>{EffectParam1}</>%,Lento,
46245,Inflige Redução de Velocidade de Movimento,Reduz a velocidade de movimento em <Red>{EffectParam1}</>%,Lento,
46344,Aumento de velocidade de movimento,Aumenta a velocidade de movimento em <Orange>{EffectParam1}</>%,Aumento de velocidade de movimento,
46345,Aumento de velocidade de movimento,Aumenta a velocidade de movimento em <Orange>{EffectParam1}</>%,Aumento de velocidade de movimento,
47025,Aumenta a contagem.,Adicione 1 traço,Aumenta a contagem de avanços,
47044,Aumento da resistência ao controle de multidão,aumenta a taxa de resistência ao controle de multidão em <Orange>{EffectParam1}</>%,Aumenta tudo Resistência ao controle de multidão,
47045,Aumento da resistência ao controle de multidão,aumenta a taxa de resistência ao controle de multidão em <Orange>{EffectParam1}</>%,Aumenta tudo Resistência ao controle de multidão,
47051,Aumento de velocidade de movimento,Aumenta a velocidade de movimento em <Orange>{EffectParam1}</>%,Aumento de velocidade de movimento,
47052,Aumento de velocidade de movimento,Aumenta a velocidade de movimento em <Orange>{EffectParam1}</>%,Aumento de velocidade de movimento,
47053,Aumento de velocidade de movimento,Aumenta a velocidade de movimento em <Orange>{EffectParam1}</>%,Aumento de velocidade de movimento,
47054,Aumento de velocidade de movimento,Aumenta a velocidade de movimento em <Orange>{EffectParam1}</>%,Aumento de velocidade de movimento,
47055,Aumento de velocidade de movimento,Aumenta a velocidade de movimento em <Orange>{EffectParam1}</>%,Aumento de velocidade de movimento,
47064,aumenta a chance de evasão,Aumenta a Chance de Evasão em <Orange>{EffectParam1}</>%,aumenta a chance de evasão,
47065,aumenta a chance de evasão,Aumenta a Chance de Evasão em <Orange>{EffectParam1}</>%,aumenta a chance de evasão,
47071,,,,
47072,,,,
47075,Aumento da resistência ao controle de multidão,aumenta a taxa de resistência ao controle de multidão em <Orange>{EffectParam1}</>%,Aumenta tudo Resistência ao controle de multidão,
47091,Aumento da velocidade de lançamento,Aumenta a velocidade de lançamento em <Orange>{EffectParam1}</>%,Aumento da velocidade de lançamento,
47092,Aumento da velocidade de lançamento,Aumenta a velocidade de lançamento em <Orange>{EffectParam1}</>%,Aumento da velocidade de lançamento,
47093,Aumento da velocidade de lançamento,Aumenta a velocidade de lançamento em <Orange>{EffectParam1}</>%,Aumento da velocidade de lançamento,
47094,Aumento da velocidade de lançamento,Aumenta a velocidade de lançamento em <Orange>{EffectParam1}</>%,Aumento da velocidade de lançamento,
47095,Aumento da velocidade de lançamento,Aumenta a velocidade de lançamento em <Orange>{EffectParam1}</>%,Aumento da velocidade de lançamento,
47104,Aumenta a defesa,Aumenta a defesa em <Orange>{EffectParam1}</>,Aumenta a defesa,
47105,Aumenta a defesa,Aumenta a defesa em <Orange>{EffectParam1}</>,Aumenta a defesa,
47111,Aumenta a defesa do monstro,Aumenta a defesa do monstro em <Orange>{EffectParam1}</>,Aumenta a defesa do monstro,
47112,Aumenta a defesa do monstro,Aumenta a defesa do monstro em <Orange>{EffectParam1}</>,Aumenta a defesa do monstro,
47113,Aumenta a defesa do monstro,Aumenta a defesa do monstro em <Orange>{EffectParam1}</>,Aumenta a defesa do monstro,
47121,Aumenta a defesa do jogador,Aumenta a defesa do jogador em <Orange>{EffectParam1}</>,Aumenta a defesa do jogador,
47122,Aumenta a defesa do jogador,Aumenta a defesa do jogador em <Orange>{EffectParam1}</>,Aumenta a defesa do jogador,
47123,Aumenta a defesa do jogador,Aumenta a defesa do jogador em <Orange>{EffectParam1}</>,Aumenta a defesa do jogador,
47134,Aumenta a Evasão,Aumenta a Evasão em <Orange>{EffectParam1}</>,Aumenta a Evasão,
47135,Aumenta a Evasão,Aumenta a Evasão em <Orange>{EffectParam1}</>,Aumenta a Evasão,
47141,Aumenta a evasão do monstro,Aumenta a evasão do monstro em <Orange>{EffectParam1}</>,Aumenta a evasão do monstro,
47142,Aumenta a evasão do monstro,Aumenta a evasão do monstro em <Orange>{EffectParam1}</>,Aumenta a evasão do monstro,
47143,Aumenta a evasão do monstro,Aumenta a evasão do monstro em <Orange>{EffectParam1}</>,Aumenta a evasão do monstro,
47151,Aumenta a evasão do jogador,Aumenta a evasão do jogador em <Orange>{EffectParam1}</>,Aumenta a evasão do jogador,
47152,Aumenta a evasão do jogador,Aumenta a evasão do jogador em <Orange>{EffectParam1}</>,Aumenta a evasão do jogador,
47153,Aumenta a evasão do jogador,Aumenta a evasão do jogador em <Orange>{EffectParam1}</>,Aumenta a evasão do jogador,
47164,Aumenta a resistência a golpes críticos,Aumenta o acerto crítico Resistência por <Orange>{EffectParam1}</>,Aumenta a resistência a golpes críticos,
47165,Aumenta a resistência a golpes críticos,Aumenta o acerto crítico Resistência por <Orange>{EffectParam1}</>,Aumenta a resistência a golpes críticos,
47171,Aumenta a resistência a golpes críticos do monstro,Aumenta a resistência ao acerto crítico do monstro em <Orange>{EffectParam1}</>,Aumenta a resistência a golpes críticos do monstro,
47172,Aumenta a resistência a golpes críticos do monstro,Aumenta a resistência ao acerto crítico do monstro em <Orange>{EffectParam1}</>,Aumenta a resistência a golpes críticos do monstro,
47173,Aumenta a resistência a golpes críticos do monstro,Aumenta a resistência ao acerto crítico do monstro em <Orange>{EffectParam1}</>,Aumenta a resistência a golpes críticos do monstro,
47181,Aumenta a resistência ao acerto crítico do jogador,Aumenta a resistência a golpes críticos do jogador em <Orange>{EffectParam1}</>,Aumenta a resistência ao acerto crítico do jogador,
47182,Aumenta a resistência ao acerto crítico do jogador,Aumenta a resistência a golpes críticos do jogador em <Orange>{EffectParam1}</>,Aumenta a resistência ao acerto crítico do jogador,
47183,Aumenta a resistência ao acerto crítico do jogador,Aumenta a resistência a golpes críticos do jogador em <Orange>{EffectParam1}</>,Aumenta a resistência ao acerto crítico do jogador,
47194,Reduz o dano de ataque básico recebido,Reduz o dano de ataque básico recebido por <Orange>{EffectParam1}</>%,Reduz o dano de ataque básico recebido,
47195,Reduz o dano de ataque básico recebido,Reduz o dano de ataque básico recebido por <Orange>{EffectParam1}</>%,Reduz o dano de ataque básico recebido,
47204,Reduz Skill Dano sofrido,Reduz Skill Dano sofrido por <Orange>{EffectParam1}</>%,Reduz Skill Dano sofrido,
47205,Reduz Skill Dano sofrido,Reduz Skill Dano sofrido por <Orange>{EffectParam1}</>%,Reduz Skill Dano sofrido,
47214,Reduz o dano recebido de monstros,Reduz Dano recebido de monstros por <Orange>{EffectParam1}</>%,Reduz o dano recebido de monstros,
47215,Reduz o dano recebido de monstros,Reduz Dano recebido de monstros por <Orange>{EffectParam1}</>%,Reduz o dano recebido de monstros,
47224,Reduz o dano recebido de jogadores,Reduz o dano recebido de jogadores por <Orange>{EffectParam1}</>%,Reduz o dano recebido de jogadores,
47225,Reduz o dano recebido de jogadores,Reduz o dano recebido de jogadores por <Orange>{EffectParam1}</>%,Reduz o dano recebido de jogadores,
47235,Remove Pain Effect,Aumenta toda a resistência aos efeitos de dor em <Orange>{EffectParam1}</>%,Aumenta toda a resistência aos efeitos de dor,
47245,Concede Invisibilidade,O ataque quebra a invisibilidade,,
51401,Cura rápida,Aumenta a cura em <Orange>{EffectParam1}</>%,Efeito equipado com arma fantasma,
51402,Melhorar o espírito de luta,Aumenta a maximização em <Orange>{EffectParam1}</>%,Efeito equipado com arma fantasma,
51403,Melhorar a visão,Aumenta a taxa de precisão de ataque básico em <Orange>{EffectParam1}</>%,Efeito equipado com arma fantasma,
51404,Foco Skill,Aumenta a taxa de precisão de Skill em <Orange>{EffectParam1}</>%,Efeito equipado com arma fantasma,
51405,compartilhado Instinto impressionante,Aumenta a taxa de precisão em <Orange>{EffectParam1}</>%,Efeito equipado com arma fantasma,
51406,Momento Afiado,Aumenta a chance de acerto crítico do ataque básico em <Orange>{EffectParam1}</>%,Efeito equipado com arma fantasma,
51407,Afiado Skill,aumenta a chance de acerto crítico de Skill em <Orange>{EffectParam1}</>%,Efeito equipado com arma fantasma,
51408,Instinto Crítico,aumenta a chance de acerto crítico em <Orange>{EffectParam1}</>%,Efeito equipado com arma fantasma,
51409,Explosão de ataque,Aumenta o dano crítico do ataque básico em <Orange>{EffectParam1}</>%,Efeito equipado com arma fantasma,
51410,Explosão Skill,Aumenta o dano crítico de Skill em <Orange>{EffectParam1}</>%,Efeito equipado com arma fantasma,
51411,Rift Fissure,Aumenta o Dano Crítico em <Orange>{EffectParam1}</>%,Efeito equipado com arma fantasma,
51412,Poder liberado,Aumenta o dano de ataque básico em <Orange>{EffectParam1}</>%,Efeito equipado com arma fantasma,
51413,Liberado Skills,Aumenta o dano de Skill em <Orange>{EffectParam1}</>%,Efeito equipado com arma fantasma,
51414,Batimento cardíaco,Aumenta o dano por <Orange>{EffectParam1}</>%,Efeito equipado com arma fantasma,
51415,Eu Interior Aguçado,Aumenta o dano ao jogador em <Orange>{EffectParam1}</>%,Efeito equipado com arma fantasma,
51416,Predator's Aura,Aumenta o dano a todos os monstros em <Orange>{EffectParam1}</>%,Efeito equipado com arma fantasma,
51501,Regeneração de Vida,"Aumenta a taxa de precisão em <Orange>{EffectParam1}</>%
 Aumenta a quantidade de cura em <Orange>{EffectParam2}</>%",Efeito equipado com arma fantasma,
51502,Despertar do Espírito de Luta,"Aumenta a precisão Taxa em <Orange>{EffectParam1}</>%
 Aumenta a taxa de maximização em <Orange>{EffectParam2}</>%",Efeito equipado com arma fantasma,
51503,Rift Perfeito,"Aumenta a taxa de precisão em <Orange>{EffectParam1}</>%
Aumenta Chance de acerto crítico em <Orange>{EffectParam2}</>%",Efeito equipado com arma fantasma,
51504,Melhorar Rift,"Aumenta a taxa de precisão em <Orange>{EffectParam1}</>%
 Aumenta o dano crítico em <Orange>{EffectParam2}</>%",Efeito equipado com arma fantasma,
51505,Power Unbound,"Aumenta a precisão Taxa em <Orange>{EffectParam1}</>%
Aumenta o dano de ataque básico em <Orange>{EffectParam2}</>%",Efeito equipado com arma fantasma,
51506,Skill Não consolidado,"Aumenta a taxa de precisão por <Orange>{EffectParam1}</>%
Aumenta o dano de Skill em <Orange>{EffectParam2}</>%",Efeito equipado com arma fantasma,
51507,Instinto de Besta,"Aumenta a taxa de precisão em <Orange>{EffectParam1}</>%
Aumenta Dano a todos os monstros em <Orange>{EffectParam2}</>%",Efeito equipado com arma fantasma,
51508,Resolução interna,"Aumenta a taxa de precisão em <Orange>{EffectParam1}</>%
Aumenta o dano aos jogadores em <Orange>{EffectParam2}</>%",Efeito equipado com arma fantasma,
51509,Predator’s Senses,"Aumenta a taxa de precisão por <Orange>{EffectParam1}</>%
Aumenta o dano do chefe em <Orange>{EffectParam2}</>%",Efeito equipado com arma fantasma,
51510,Fúria do Coração,"Aumenta a taxa de precisão em <Orange>{EffectParam1}</>%
Aumenta o dano em <Orange>{EffectParam2}</>%",Efeito equipado com arma fantasma,
51511,Instinto do Governante,"Aumenta a taxa de precisão em <Orange>{EffectParam1}</>%
Aumenta o dano aos jogadores em <Orange>{EffectParam2}</>%",Efeito equipado com arma fantasma,
51512,Visão do Predador,"Aumenta a taxa de precisão por <Orange>{EffectParam1}</>%
Aumenta o dano do chefe em <Orange>{EffectParam2}</>%",Efeito equipado com arma fantasma,
51601,Julgamento do Absoluto,"Aumenta a taxa de precisão em <Orange>{EffectParam1}</>%
Aumenta Cura por <Orange>{EffectParam2}</>%
Aumenta o Escudo em <Orange>{EffectParam3}</>%
Aumenta a taxa de maximização em <Orange>{EffectParam4}</>%
Aumenta Dano crítico em <Orange>{EffectParam5}</>%",Efeito equipado com arma fantasma,
51602,A Grande Batalha,"Aumenta a taxa de precisão em <Orange>{EffectParam1}</>%
Aumenta a cura em <Orange>{EffectParam2}</>%
Aumenta Proteger em <Orange>{EffectParam3}</>%
 Aumenta a taxa de maximização em <Orange>{EffectParam4}</>%
Aumenta o dano em <Orange>{EffectParam5}</>%",Efeito equipado com arma fantasma,
51603,Boundless Dawn,"Aumenta Taxa de precisão em <Orange>{EffectParam1}</>%
 Aumenta a cura de HP em <Orange>{EffectParam2}</>%
Aumenta a quantidade de escudo em <Orange>{EffectParam3}</>%
Aumenta Chance de maximização em <Orange>{EffectParam4}</>%
Aumenta o dano em <Orange>{EffectParam5}</>%
Aumenta o dano crítico aos jogadores vaidosos em <Orange>{EffectParam6}</>%",Efeito equipado com arma fantasma,
52501,Supressão de Dominação,"Aumenta a taxa de acerto do controle de multidão em <Orange>{EffectParam1}</>%
Aumenta a taxa de acerto de dor em <Orange>{EffectParam2}</>%",Efeito equipado com arma fantasma,
52601,Supressão Primordial,"Aumenta a taxa de acerto do controle de multidão em <Orange>{EffectParam1}</>%
Aumenta a taxa de acerto de dor em <Orange>{EffectParam2}</>%",Efeito equipado com arma fantasma,
53601,Emocionante Dança da Lâmina,Reinicia o tempo de espera do último Skill ativo usado,,
53602,Grito da Lâmina do Primordial,"Aumenta a velocidade de movimento em <Orange>{EffectParam1}</>%
 Aumenta a velocidade de ataque em <Orange>{EffectParam2}</>%",Aumento de velocidade de movimento,
53603,Precisão Absoluta,"Aumenta Taxa de precisão em <Orange>{EffectParam1}</>% 
 Aumenta a taxa de acertos de CC em <Orange>{EffectParam2}</>%",Aumenta o poder de ataque,
54401,Cura rápida,Aumenta a cura recebida por <Orange>{EffectParam1}</>%,Efeito de Traje Equipado,
54402,Treinamento de proteção,Aumenta a quantidade de escudo recebido em <Orange>{EffectParam1}</>%,Efeito de Traje Equipado,
54403,Supressão de vontade,Aumenta Taxa de resistência de maximização em <Orange>{EffectParam1}</>%,Efeito de Traje Equipado,
54404,Supressão de vontade,Aumenta Taxa de resistência de maximização em <Orange>{EffectParam1}</>%,Efeito de Traje Equipado,
54405,Melhorar sentidos,Aumenta a taxa de evasão de ataque básico em <Orange>{EffectParam1}</>%,Efeito de Traje Equipado,
54406,Melhorar a intuição,Aumenta a taxa de evasão de Skill em <Orange>{EffectParam1}</>%,Efeito de Traje Equipado,
54407,Detecção de crises,Aumenta a Taxa de Evasão contra todos os monstros em <Orange>{EffectParam1}</>%,Efeito de Traje Equipado,
54408,Detecção de Espírito de Luta,Aumenta a taxa de evasão do jogador em <Orange>{EffectParam1}</>%,Efeito de Traje Equipado,
54409,Foco sensorial,Aumenta a Chance de Evasão em <Orange>{EffectParam1}</>%,Efeito de Traje Equipado,
54410,Absorção de choque,Aumenta a taxa de resistência ao acerto crítico do ataque básico em <Orange>{EffectParam1}</>%,Efeito de Traje Equipado,
54411,Defesa Focada,aumenta a taxa de resistência a acertos críticos de Skill em <Orange>{EffectParam1}</>%,Efeito de Traje Equipado,
54412,Resistência à caça,Aumenta a taxa de resistência ao acerto crítico de todos os monstros em <Orange>{EffectParam1}</>%,Efeito de Traje Equipado,
54413,Evasão de ataque,Aumenta a taxa de resistência a acertos críticos do jogador em <Orange>{EffectParam1}</>%,Efeito de Traje Equipado,
54414,Melhorar a resistência,Aumenta a taxa de resistência a golpes críticos em <Orange>{EffectParam1}</>%,Efeito de Traje Equipado,
54415,Resistência a Pulverização,Reduz o dano crítico de ataque básico recebido por <Orange>{EffectParam1}</>%,Efeito de Traje Equipado,
54416,Mitigação de danos,Reduz o dano crítico de Skill recebido por <Orange>{EffectParam1}</>%,Efeito de Traje Equipado,
54417,Instintos de Sobrevivência,Reduz o Dano Crítico de todos os monstros em <Orange>{EffectParam1}</>%,Efeito de Traje Equipado,
54418,Supressão de Choque,Reduz o dano crítico recebido do jogador em <Orange>{EffectParam1}</>%,Efeito de Traje Equipado,
54419,Resistência à dor,reduz o dano crítico recebido em <Orange>{EffectParam1}</>%,Efeito de Traje Equipado,
54420,Mitigação de ataque,Reduz o dano de ataque básico recebido por <Orange>{EffectParam1}</>%,Efeito de Traje Equipado,
54421,Skill Defesa,Reduz Skill Dano sofrido por <Orange>{EffectParam1}</>%,Efeito de Traje Equipado,
54422,Caça Resistência,Reduz o dano recebido de todos os monstros em <Orange>{EffectParam1}</>%,Efeito de Traje Equipado,
54423,Defesa de Duelo,Reduz o dano recebido de jogadores por <Orange>{EffectParam1}</>%,Efeito de Traje Equipado,
54424,Instintos de caça,Reduz o dano recebido de chefes por <Orange>{EffectParam1}</>%,Efeito de Traje Equipado,
54425,Essência de Defesa,Reduz a taxa de redução de danos sofridos em <Orange>{EffectParam1}</>%,Efeito de Traje Equipado,
54501,Cura Instantânea,"Aumenta a taxa de evasão em <Orange>{EffectParam1}</>%
 Aumenta a cura recebida por <Orange>{EffectParam2}</>%",Efeito de Traje Equipado,
54502,Mão do Guardião,"Aumenta a taxa de evasão por <Orange>{EffectParam1}</>%
Aumenta o Escudo Recebido por <Orange>{EffectParam2}</>%",Efeito de Traje Equipado,
54503,Eco de Correntes,"Aumenta a taxa de evasão em <Orange>{EffectParam1}</>%
 Aumenta a maximização Taxa de resistência em <Orange>{EffectParam2}</>%",Efeito de Traje Equipado,
54504,Caça de Sobrevivência,"Aumenta Taxa de Evasão em <Orange>{EffectParam1}</>% 
 Aumenta a Taxa de Resistência a Golpes Críticos de todos os monstros em <Orange>{EffectParam2}</>%",Efeito de Traje Equipado,
54505,Momentum Congelado,"Aumenta a taxa de evasão em <Orange>{EffectParam1}</>%
 Aumenta a taxa de resistência a golpes críticos do jogador em <Orange>{EffectParam2}</>%",Efeito de Traje Equipado,
54506,Instintos de resistência,"Aumenta a taxa de evasão em <Orange>{EffectParam1}</>%
Aumenta a taxa de resistência a golpes críticos em <Orange>{EffectParam2}</>%",Efeito de Traje Equipado,
54507,Sobrevivência inflexível,"Aumenta a taxa de evasão em <Orange>{EffectParam1}</>%
Reduz o dano crítico recebido de todos os monstros por <Orange>{EffectParam2}</>%",Efeito de Traje Equipado,
54508,Memórias de dor,"Aumenta a taxa de evasão em <Orange>{EffectParam1}</>%
Reduz críticos Dano causado aos jogadores por <Orange>{EffectParam2}</>%",Efeito de Traje Equipado,
54509,Resistência à Explosão,"Aumenta a taxa de evasão em <Orange>{EffectParam1}</>%
Reduz o dano crítico recebido em <Orange>{EffectParam2}</>%",Efeito de Traje Equipado,
54510,Mitigação de ataque,"Aumenta a taxa de evasão em <Orange>{EffectParam1}</>%
Reduz o ataque básico Danos sofridos por <Orange>{EffectParam2}</>%",Efeito de Traje Equipado,
54511,Skill Mitigação,"Aumenta a taxa de evasão em <Orange>{EffectParam1}</>%
Reduz Skill Dano Sofrido por <Orange>{EffectParam2}</>%",Efeito de Traje Equipado,
54512,Resistência da Caçada,"Aumenta a evasão Taxa em <Orange>{EffectParam1}</>%
Reduz o dano recebido de todos os monstros em <Orange>{EffectParam2}</>%",Efeito de Traje Equipado,
54513,Instintos de Sobrevivência,"Aumenta a taxa de evasão em <Orange>{EffectParam1}</>%
Reduz danos Retirado dos jogadores por <Orange>{EffectParam2}</>%",Efeito de Traje Equipado,
54514,Aura do Predador,"Aumenta a taxa de evasão em <Orange>{EffectParam1}</>%
Reduz o dano recebido de chefes por <Orange>{EffectParam2}</>%",Efeito de Traje Equipado,
54515,Vontade indomável,"Aumenta a taxa de evasão em <Orange>{EffectParam1}</>%
Reduz o dano recebido por <Orange>{EffectParam2}</>%",Efeito de Traje Equipado,
54516,Vontade que desafia a morte,"Aumenta a evasão em <Orange>{EffectParam1}</>%
Reduz o dano recebido por <Orange>{EffectParam2}</>%
Reduz o dano crítico sofrido por <Orange>{EffectParam3}</>%",Efeito de Traje Equipado,
54517,Resistência Silenciosa,"Aumenta a taxa de evasão em <Orange>{EffectParam1}</>%
Reduz o dano recebido por <Orange>{EffectParam2}</>%",Efeito de Traje Equipado,
54518,Dissipação de choque,"Aumenta a evasão em <Orange>{EffectParam1}</>%
Reduz o dano recebido por <Orange>{EffectParam2}</>%
Reduz o dano crítico sofrido por <Orange>{EffectParam3}</>%",Efeito de Traje Equipado,
54601,Bainha da Calamidade,"Aumenta a evasão Avaliar por <Orange>{EffectParam1}</>%
Aumenta a cura recebida por <Orange>{EffectParam2}</>%
Aumenta o escudo recebido por <Orange>{EffectParam3}</>%
Aumenta Chance de resistência de maximização por <Orange>{EffectParam4}</>% 
Reduz o dano crítico recebido por <Orange>{EffectParam5}</>%",Efeito de Traje Equipado,
54602,Selo de dor,"Aumenta a taxa de evasão em <Orange>{EffectParam1}</>%
 Aumenta a cura de HP recebida por <Orange>{EffectParam2}</>%
Aumenta o escudo recebido por <Orange>{EffectParam3}</>%
Aumenta Chance de resistência de maximização em <Orange>{EffectParam4}</>% 
 Aumenta a taxa de resistência crítica em <Orange>{EffectParam5}</>%",Efeito de Traje Equipado,
54603,Aliança de Sobrevivência,"Aumenta a evasão Avaliar por <Orange>{EffectParam1}</>%
Aumenta a cura recebida por <Orange>{EffectParam2}</>%
Aumenta o escudo recebido por <Orange>{EffectParam3}</>%
Aumenta Chance de resistência de maximização por <Orange>{EffectParam4}</>%
Reduz o dano recebido por <Orange>{EffectParam5}</>%",Efeito de Traje Equipado,
54604,Grito de Proteção,"Aumenta a taxa de evasão em <Orange>{EffectParam1}</>%
 Aumenta a cura recebida por <Orange>{EffectParam2}</>%
Aumenta o escudo recebido por <Orange>{EffectParam3}</>%
Aumenta Chance de Resistência de Maximização em <Orange>{EffectParam4}</>%
Aumenta a Taxa de Resistência Crítica em <Orange>{EffectParam5}</>%
Reduz o dano recebido por <Orange>{EffectParam6}</>%",Efeito de Traje Equipado,
54605,Despair of the Blade,"Aumenta a taxa de evasão em <Orange>{EffectParam1}</>%
 Aumenta a cura recebida por <Orange>{EffectParam2}</>%
Aumenta o escudo recebido por <Orange>{EffectParam3}</>%
Aumenta Chance de Resistência de Maximização por <Orange>{EffectParam4}</>%
Reduz Dano Crítico Sofrido por <Orange>{EffectParam5}</>%
Reduz o dano recebido por <Orange>{EffectParam6}</>%",Efeito de Traje Equipado,
55501,Forma de Warrior,"Aumenta a taxa de resistência ao controle de multidão em <Orange>{EffectParam1}</>%
 Aumenta a taxa de resistência à dor em <Orange>{EffectParam2}</>%",Efeito de Traje Equipado,
55601,Resplendor do Herói,"Aumenta a taxa de resistência ao controle de multidão em <Orange>{EffectParam1}</>%
 Aumenta a taxa de resistência à dor em <Orange>{EffectParam2}</>%",Efeito de Traje Equipado,
56601,Espírito Comandante do Governante,Reduz o dano de ataque básico recebido por <Orange>{EffectParam1}</>%,Reduz o dano de ataque básico recebido,
56602,Fluxo Radiante,Reduz Skill Dano sofrido por <Orange>{EffectParam1}</>%,Reduz Skill Dano sofrido,
56603,Aura do Luar,<Orange>{EffectParam1}</> Escudo,Escudo,
56604,Visão Astral,Aumenta a taxa de evasão de ataque básico em <Orange>{EffectParam1}</>%,Aumenta a taxa de evasão de ataque básico,
56605,Prophet,Aumenta a taxa de evasão de Skill em <Orange>{EffectParam1}</>%,Aumenta Skill Taxa de evasão,
57001,Pressa,aumenta a velocidade de natação em <Orange>{EffectParam2}</>% para <Orange>{EffectParam1}</>s,aumenta a velocidade de natação,
58001,Pressa,Aumenta a velocidade de montagem em <Orange>{EffectParam2}</>% para <Orange>{EffectParam1}</>s,aumenta a velocidade de montagem,
58002,Pressa,Aumenta a velocidade de montagem em <Orange>{EffectParam2}</>% para <Orange>{EffectParam1}</>s,aumenta a velocidade de montagem,
58003,Pressa,Aumenta a velocidade de montagem em <Orange>{EffectParam2}</>% para <Orange>{EffectParam1}</>s,aumenta a velocidade de montagem,
58004,Pressa,Aumenta a velocidade de montagem em <Orange>{EffectParam2}</>% para <Orange>{EffectParam1}</>s,aumenta a velocidade de montagem,
58005,Pressa,Aumenta a velocidade de montagem em <Orange>{EffectParam2}</>% para <Orange>{EffectParam1}</>s,aumenta a velocidade de montagem,
58006,Pressa,Aumenta a velocidade de montagem em <Orange>{EffectParam2}</>% para <Orange>{EffectParam1}</>s,aumenta a velocidade de montagem,
58009,Pressa,,,
58101,Poder do Sigilo,"Aumenta a regeneração de HP em <Orange>{EffectParam1}</>
 Aumenta a regeneração de MP em <Orange>{EffectParam2}</>",Montagem Equipada Efeito,
58102,Poder da Besta,Aumenta a cura de poções de HP em <Orange>{EffectParam1}</>,Montagem Equipada Efeito,
58103,Poder da Besta,Aumenta a cura de poções de HP em <Orange>{EffectParam1}</>,Montagem Equipada Efeito,
58104,Aura da Árvore,Reduz o custo de MP em <Orange>{EffectParam1}</>%,Montagem Equipada Efeito,
58105,Poder do Sigilo,"Aumenta a regeneração de HP em <Orange>{EffectParam1}</>
 Aumenta a regeneração de MP em <Orange>{EffectParam2}</>",Montagem Equipada Efeito,
58106,Aura da Árvore,Reduz o custo de MP em <Orange>{EffectParam1}</>%,Montagem Equipada Efeito,
58107,Poder do Sigilo,"Aumenta a regeneração de HP em <Orange>{EffectParam1}</>
 Aumenta a regeneração de MP em <Orange>{EffectParam2}</>",Montagem Equipada Efeito,
58108,Início do Festival,"Aumenta a cura de poções de HP em <Orange>{EffectParam1}</>
 Aumenta a regeneração de MP em <Orange>{EffectParam2}</>",Montagem Equipada Efeito,
58109,Halo,"Aumenta a cura de poções de HP em <Orange>{EffectParam1}</>
 Aumenta a regeneração de MP em <Orange>{EffectParam2}</>",Montagem Equipada Efeito,
58110,Esperança de sete cores,"Aumenta a cura de poções de HP em <Orange>{EffectParam1}</>
 Aumenta a regeneração de MP em <Orange>{EffectParam2}</>",Montagem Equipada Efeito,
58111,Poder do Golem,Aumenta a cura de poções de HP em <Orange>{EffectParam1}</>,Montagem Equipada Efeito,
58112,Ligação Dimensional,"Aumenta a cura de poções de HP em <Orange>{EffectParam1}</>
 Aumenta a regeneração de MP em <Orange>{EffectParam2}</>",Montagem Equipada Efeito,
58113,Rugido de Besta,Aumenta a regeneração de MP em <Orange>{EffectParam1}</>,Montagem Equipada Efeito,
58201,Espírito da Floresta,"Aumenta a regeneração de HP em <Orange>{EffectParam1}</>
 Aumenta a cura de poções de HP em <Orange>{EffectParam2}</>
Reduz o custo de MP em <Orange>{EffectParam3}</>%",Montagem Equipada Efeito,
58202,Poder da Besta,"Aumenta a regeneração de HP em <Orange>{EffectParam1}</>
 Aumenta a regeneração de MP em <Orange>{EffectParam2}</>
 Aumenta HP Poção de cura por <Orange>{EffectParam3}</>",Montagem Equipada Efeito,
58203,Melhorar a capacidade de combate,"Aumenta a regeneração de HP em <Orange>{EffectParam1}</>
 Aumenta a regeneração de MP em <Orange>{EffectParam2}</>
 Aumenta HP Poção de cura por <Orange>{EffectParam3}</>",Montagem Equipada Efeito,
58501,Rugido da Juba do Trovão,Reduz o dano recebido de todos os monstros em <Orange>{EffectParam1}</>%,Montagem Equipada Efeito,
58502,Wanderer’s Cry,Reduz o dano de ataque básico recebido por <Orange>{EffectParam1}</>%,Montagem Equipada Efeito,
58503,Aumenta a defesa,Reduz Skill Dano sofrido por <Orange>{EffectParam1}</>%,Montagem Equipada Efeito,
59021,Anel of Lightning,Reduz a velocidade de movimento em <Red>{EffectParam1}</>%,Lento,
59041,Descida de Proteção,Reduz os danos sofridos por <Orange>{EffectParam1}</>%,Melhora a defesa,
59051,Descida de Corrupção,Reduz a velocidade de movimento em <Red>{EffectParam1}</>%,Lento,
59061,Dark Lightning,,,
59062,Dark Lightning,Reduz a resistência a golpes críticos em <Red>{EffectParam1}</>%,Enfraquece a Defesa,
59071,Wings of Fate,Buff aleatório,Buff aleatório,
59072,Asas do Destino: Aumenta a Velocidade de Movimento,Aumenta a velocidade de movimento em <Orange>{EffectParam1}</>%,Aumento de velocidade de movimento,
59073,Asas do Destino: Aumenta a Taxa de Conjuração,Aumenta a velocidade de lançamento em <Orange>{EffectParam1}</>%,Aumento da velocidade de lançamento,
59074,Asas do Destino: Aumenta a Velocidade de Ataque,aumenta a velocidade de ataque em <Orange>{EffectParam1}</>%,Aumento de velocidade de ataque,
59075,Asas do Destino: Reduz o Tempo de Recarga de Skill,Reduz Recarga de Skill em <Orange>{EffectParam1}</> %,Reduz Skill Cooldown,
59121,Fragmento Abençoado,Aumenta o dano aos monstros chefes em <Orange>{EffectParam1}</>%,Aumenta o poder de ataque,
59501,Celestial Warrior,"Aumenta o HP máximo em <Orange>{EffectParam1}</>%
Aumenta o dano de ataque básico em <Orange>{EffectParam2}</>%",Planador Equipado Efeito,
59502,Cavaleiro Celestial,"Aumenta o HP máximo em <Orange>{EffectParam1}</>%
Aumenta Skill Dano causado por <Orange>{EffectParam2}</>%",Planador Equipado Efeito,
59503,Espírito do Vento,"Aumenta o HP máximo em <Orange>{EffectParam1}</>%
Aumenta a cura em <Orange>{EffectParam2}</>%",Planador Equipado Efeito,
59504,Bênção da Levitação,"Aumenta o HP máximo por <Orange>{EffectParam1}</>%
Aumenta o escudo em <Orange>{EffectParam2}</>%",Planador Equipado Efeito,
59505,Deslizamento Radiante,"Aumenta o HP máximo em <Orange>{EffectParam1}</>%
 Aumenta o dano de monstros de todos os níveis em <Orange>{EffectParam2}</>%",Planador Equipado Efeito,
59506,Dark Glide,"Aumenta o HP máximo em <Orange>{EffectParam1}</>%
 Aumenta o dano aos jogadores em <Orange>{EffectParam2}</>%",Planador Equipado Efeito,
59507,Asas Azure,"Aumenta o máximo HP por <Orange>{EffectParam1}</>%
Aumenta o dano crítico de Skill em <Orange>{EffectParam2}</>%",Planador Equipado Efeito,
59508,Orientação Celestial,"Aumenta o HP máximo em <Orange>{EffectParam1}</>%
Aumenta o dano crítico do ataque básico em <Orange>{EffectParam2}</>%",Planador Equipado Efeito,
59509,Céu Abissal,"Aumenta o HP máximo em <Orange>{EffectParam1}</>%
Aumenta o dano em <Orange>{EffectParam2}</>%",Planador Equipado Efeito,
59510,Domínio da Estética,"Aumenta o HP máximo em <Orange>{EffectParam1}</>%
 Aumenta o dano a Alvos afetados por <Orange>{EffectParam2}</>%",Planador Equipado Efeito,
59511,Soaring Dream,"Aumenta o HP máximo em <Orange>{EffectParam1}</>%
Aumenta o dano a alvos controlados por multidão em <Orange>{EffectParam2}</>%",Planador Equipado Efeito,
59512,Gale Dança,"Aumenta o HP máximo em <Orange>{EffectParam1}</>%
Aumenta o dano a monstros chefes em <Orange>{EffectParam2}</>%",Planador Equipado Efeito,
59513,Asas do Dragão,"Aumenta o HP máximo em <Orange>{EffectParam1}</>%
Aumenta o dano contra monstros Comuns e Elite em <Orange>{EffectParam2}</>%",Planador Equipado Efeito,
59911,Traço Aéreo,Traço Aéreo,,
59991,Boost Ring: Cartwheel 1,,,
59992,Boost Ring: Cartwheel 2,,,
59993,Boost Ring: Forward,,,
59998,Traço Aéreo - Desafio do Baú do Tesouro,Traço Aéreo - Desafio do Baú do Tesouro,,
60301,,,,
60302,,,,
60303,,,,
60401,,,,
60402,,,,
60403,,,,
60501,,,,
60502,,,,
60503,,,,
60601,,,,
60602,,,,
60603,,,,
61000,Acionador de chaveiro - Teste Skill Evento de atualização de chaveiro,"50% de chance de acertar o Ataque Básico, tempo de recarga 30s, duração 10s",Dados de teste,
61001,Nó da Névoa do Amanhecer,Reduz Dano recebido de monstros por <Orange>{EffectParam1}</>%,Chaveiro Efeito equipado,
61002,Trava da Lua Velada,Aumenta o dano aos monstros chefes em <Orange>{EffectParam1}</>%,Chaveiro Efeito equipado,
61003,Nó da Névoa do Amanhecer,Reduz Dano recebido de monstros por <Orange>{EffectParam1}</>%,Chaveiro Efeito equipado,
61004,Nó da Névoa do Amanhecer,Reduz Dano recebido de monstros por <Orange>{EffectParam1}</>%,Chaveiro Efeito equipado,
61005,Mandíbulas da Maré Negra,Aumenta o dano de Skill contra monstros chefes em <Orange>{EffectParam1}</>%,Chaveiro Efeito equipado,
61006,Constelação fraturada,Aumenta o dano de ataque básico contra monstros chefes em <Orange>{EffectParam1}</>%,Chaveiro Efeito equipado,
61007,Nó da Névoa do Amanhecer,Reduz Dano recebido de monstros por <Orange>{EffectParam1}</>%,Chaveiro Efeito equipado,
61008,Pálpebra Cinzenta,Aumenta o dano aos monstros chefes em <Orange>{EffectParam1}</>%,Chaveiro Efeito equipado,
61009,Véu de Inalação,Reduz Dano recebido de monstros por <Orange>{EffectParam1}</>%,Chaveiro Efeito equipado,
61010,Moonlight Gauge,Aumenta o dano aos monstros chefes em <Orange>{EffectParam1}</>%,Chaveiro Efeito equipado,
61011,Pedágio quebrado,Aumenta a taxa de resistência ao atordoamento em <Orange>{EffectParam1}</>%,Chaveiro Efeito equipado,
61012,Véu de Inalação,Reduz Dano recebido de monstros por <Orange>{EffectParam1}</>%,Chaveiro Efeito equipado,
61013,Véu de Inalação,Reduz Dano recebido de monstros por <Orange>{EffectParam1}</>%,Chaveiro Efeito equipado,
61014,Ondulação Cinzenta,"Aumenta o dano contra monstros chefes em Skill <Orange>{EffectParam1}</>%
 Aumenta o dano contra monstros chefes em <Orange>{EffectParam2}</>%",Chaveiro Efeito equipado,
61015,Quietude Carmesim,"Aumenta a taxa de resistência ao atordoamento em <Orange>{EffectParam1}</>%
Recupera MP em <Orange>{EffectParam2}</>",Chaveiro Efeito equipado,
61016,Vela Enterrada,Aumenta o dano aos monstros chefes em <Orange>{EffectParam1}</>%,Chaveiro Efeito equipado,
61017,Véu de Inalação,Reduz Dano recebido de monstros por <Orange>{EffectParam1}</>%,Chaveiro Efeito equipado,
61018,Cidadela de Vidro,"Aumenta o dano de ataque básico contra monstros chefes em <Orange>{EffectParam1}</>%
Aumenta o dano contra monstros chefes em <Orange>{EffectParam2}</>%",Chaveiro Efeito equipado,
61019,Cetro Empoeirado,"Reduz Dano causado aos jogadores por <Orange>{EffectParam1}</>%
Aumenta a taxa de resistência ao atordoamento em <Orange>{EffectParam2}</>%",Chaveiro Efeito equipado,
61020,Selo da Noite Branca,Aumenta a taxa de resistência ao atordoamento em <Orange>{EffectParam1}</>%,Chaveiro Efeito equipado,
61021,Santuário da Respiração Azul,Reduz Dano recebido de monstros por <Orange>{EffectParam1}</>%,Chaveiro Efeito equipado,
61022,Órbita da Silhueta Negra,Aumenta o dano aos monstros chefes em <Orange>{EffectParam1}</>%,Chaveiro Efeito equipado,
61023,Juramento inabalável,"Aumenta a taxa de resistência ao atordoamento em <Orange>{EffectParam1}</>%
Recupera MP em <Orange>{EffectParam2}</>",Chaveiro Efeito equipado,
61024,Santuário da Respiração Azul,Reduz Dano recebido de monstros por <Orange>{EffectParam1}</>%,Chaveiro Efeito equipado,
61025,Twisted Golden Ratio,Aumenta o dano aos monstros chefes em <Orange>{EffectParam1}</>%,Chaveiro Efeito equipado,
61026,Aliança de Brasas,"Reduz Dano causado aos jogadores por <Orange>{EffectParam1}</>%
Aumenta a taxa de resistência ao atordoamento em <Orange>{EffectParam2}</>%",Chaveiro Efeito equipado,
61031,Aliança inflexível,"Aumenta a taxa de resistência ao atordoamento em <Orange>{EffectParam1}</>%
Reduz o dano de acerto crítico recebido de jogadores por <Orange>{EffectParam2}</>%",Chaveiro Efeito equipado,
61027,Santuário da Respiração Azul,Reduz Dano recebido de monstros por <Orange>{EffectParam1}</>%,Chaveiro Efeito equipado,
61028,Respiração Eterna,Reduz Dano recebido de monstros por <Orange>{EffectParam1}</>%,Chaveiro Efeito equipado,
61029,Órbita impecável,Aumenta o dano aos monstros chefes em <Orange>{EffectParam1}</>%,Chaveiro Efeito equipado,
61030,Silêncio da Coroa,"Aumenta a taxa de resistência ao atordoamento em <Orange>{EffectParam1}</>%
Recupera MP em <Orange>{EffectParam2}</>%",Chaveiro Efeito equipado,
62000,Teste de chaveiro Skill 1 Teste de chaveiro,Teste de chaveiro Skill 1 - Precisão,Dados de teste,
62001,Presença de esquecimento,Taxa de resistência ao esquecimento <Orange>{EffectParam1}</>%,Chaveiro Efeito equipado,
62002,Presença de esquecimento,Taxa de resistência ao esquecimento <Orange>{EffectParam1}</>%,Chaveiro Efeito equipado,
62003,Presença de esquecimento,Taxa de resistência ao esquecimento <Orange>{EffectParam1}</>%,Chaveiro Efeito equipado,
62004,Presença de invasão,Taxa de resistência à invasão <Orange>{EffectParam1}</>%,Chaveiro Efeito equipado,
62005,Presença de invasão,Taxa de resistência à invasão <Orange>{EffectParam1}</>%,Chaveiro Efeito equipado,
62006,Presença de invasão,Taxa de resistência à invasão <Orange>{EffectParam1}</>%,Chaveiro Efeito equipado,
62007,Presença do vazio,Void Resistance Rate <Orange>{EffectParam1}</>%,Chaveiro Efeito equipado,
62008,Presença do vazio,Void Resistance Rate <Orange>{EffectParam1}</>%,Chaveiro Efeito equipado,
62101,Rastro de Esquecimento,Taxa de resistência ao esquecimento <Orange>{EffectParam1}</>%,Chaveiro Efeito equipado,
62102,Rastro de Esquecimento,Taxa de resistência ao esquecimento <Orange>{EffectParam1}</>%,Chaveiro Efeito equipado,
62103,Rastro de Esquecimento,Taxa de resistência ao esquecimento <Orange>{EffectParam1}</>%,Chaveiro Efeito equipado,
62104,Traço de invasão,Taxa de resistência à invasão <Orange>{EffectParam1}</>%,Chaveiro Efeito equipado,
62105,Traço de invasão,Taxa de resistência à invasão <Orange>{EffectParam1}</>%,Chaveiro Efeito equipado,
62106,Traço de invasão,Taxa de resistência à invasão <Orange>{EffectParam1}</>%,Chaveiro Efeito equipado,
62107,Rastro do Vazio,Void Resistance Rate <Orange>{EffectParam1}</>%,Chaveiro Efeito equipado,
62108,Rastro do Vazio,Void Resistance Rate <Orange>{EffectParam1}</>%,Chaveiro Efeito equipado,
62201,Eco de Esquecimento,Taxa de resistência ao esquecimento <Orange>{EffectParam1}</>%,Chaveiro Efeito equipado,
62202,Eco de Esquecimento,Taxa de resistência ao esquecimento <Orange>{EffectParam1}</>%,Chaveiro Efeito equipado,
62203,Eco de Esquecimento,Taxa de resistência ao esquecimento <Orange>{EffectParam1}</>%,Chaveiro Efeito equipado,
62204,Eco de Invasão,Taxa de resistência à invasão <Orange>{EffectParam1}</>%,Chaveiro Efeito equipado,
62205,Eco de Invasão,Taxa de resistência à invasão <Orange>{EffectParam1}</>%,Chaveiro Efeito equipado,
62206,Eco de Invasão,Taxa de resistência à invasão <Orange>{EffectParam1}</>%,Chaveiro Efeito equipado,
62207,Eco do Vazio,Void Resistance Rate <Orange>{EffectParam1}</>%,Chaveiro Efeito equipado,
62208,Eco do Vazio,Void Resistance Rate <Orange>{EffectParam1}</>%,Chaveiro Efeito equipado,
62301,Fio de Prata do Esquecimento,Taxa de resistência ao esquecimento <Orange>{EffectParam1}</>%,Chaveiro Efeito equipado,
62302,Fio de Prata do Esquecimento,Taxa de resistência ao esquecimento <Orange>{EffectParam1}</>%,Chaveiro Efeito equipado,
62303,Fio de Prata do Esquecimento,Taxa de resistência ao esquecimento <Orange>{EffectParam1}</>%,Chaveiro Efeito equipado,
62304,Fio de Prata do Esquecimento,Taxa de resistência ao esquecimento <Orange>{EffectParam1}</>%,Chaveiro Efeito equipado,
62305,Fio de Prata da Invasão,Taxa de resistência à invasão <Orange>{EffectParam1}</>%,Chaveiro Efeito equipado,
62306,Fio de Prata da Invasão,Taxa de resistência à invasão <Orange>{EffectParam1}</>%,Chaveiro Efeito equipado,
62307,Fio de Prata da Invasão,Taxa de resistência à invasão <Orange>{EffectParam1}</>%,Chaveiro Efeito equipado,
62308,Fio de Prata da Invasão,Taxa de resistência à invasão <Orange>{EffectParam1}</>%,Chaveiro Efeito equipado,
62309,Fio de Prata de o Vazio,Void Resistance Rate <Orange>{EffectParam1}</>%,Chaveiro Efeito equipado,
62310,Fio de Prata de o Vazio,Void Resistance Rate <Orange>{EffectParam1}</>%,Chaveiro Efeito equipado,
62311,Fio de Prata de o Vazio,Void Resistance Rate <Orange>{EffectParam1}</>%,Chaveiro Efeito equipado,
62312,Fio de Prata de o Vazio,Void Resistance Rate <Orange>{EffectParam1}</>%,Chaveiro Efeito equipado,
62401,Estigmas do esquecimento,Taxa de resistência ao esquecimento <Orange>{EffectParam1}</>%,Chaveiro Efeito equipado,
62408,Estigmas do esquecimento,Taxa de resistência ao esquecimento <Orange>{EffectParam1}</>%,Chaveiro Efeito equipado,
62402,Estigmas do esquecimento,Taxa de resistência ao esquecimento <Orange>{EffectParam1}</>%,Chaveiro Efeito equipado,
62403,Estigma da invasão,Taxa de resistência à invasão <Orange>{EffectParam1}</>%,Chaveiro Efeito equipado,
62404,Estigma da invasão,Taxa de resistência à invasão <Orange>{EffectParam1}</>%,Chaveiro Efeito equipado,
62405,Estigmas do vazio,Void Resistance Rate <Orange>{EffectParam1}</>%,Chaveiro Efeito equipado,
62406,Estigmas do vazio,Void Resistance Rate <Orange>{EffectParam1}</>%,Chaveiro Efeito equipado,
62407,Estigmas do vazio,Void Resistance Rate <Orange>{EffectParam1}</>%,Chaveiro Efeito equipado,
62501,Bênção da Erosão,Taxa de Resistência à Erosão <Orange>{EffectParam1}</>%,Chaveiro Efeito equipado,
62502,Bênção da Erosão,Taxa de Resistência à Erosão <Orange>{EffectParam1}</>%,Chaveiro Efeito equipado,
62503,Bênção da Erosão,Taxa de Resistência à Erosão <Orange>{EffectParam1}</>%,Chaveiro Efeito equipado,
63000,Skill 2,Teste de chaveiro Skill 2 - Evasão,Dados de teste,
63001,Eco de Calor,"Aumenta o HP máximo em <Orange>{EffectParam1}</>%
 Aumenta o HP Potion Cura por <Orange>{EffectParam2}</>",Chaveiro Efeito equipado,
63002,Cortina de Ferro,"Aumenta o HP máximo em <Orange>{EffectParam1}</>%
 Aumenta o dano de Skill contra monstros chefes em <Orange>{EffectParam2}</>%",Chaveiro Efeito equipado,
63003,Lanterna do Silêncio,"Aumenta o HP máximo em <Orange>{EffectParam1}</>%
Aumenta a taxa de resistência ao silêncio em <Orange>{EffectParam2}</>%
 Aumenta a regeneração de MP em <Orange>{EffectParam3}</>",Chaveiro Efeito equipado,
63011,Lanterna da Tranquilidade,"Aumenta o HP máximo em <Orange>{EffectParam1}</>%
Aumenta a taxa de resistência ao silêncio em <Orange>{EffectParam2}</>%
 Aumenta a regeneração de MP em <Orange>{EffectParam3}</>",Chaveiro Efeito equipado,
63004,Eco da Primavera,"Aumenta o HP máximo em <Orange>{EffectParam1}</>%
Reduz o custo de MP em <Orange>{EffectParam2}</>%
 Aumenta a regeneração de MP em <Orange>{EffectParam3}</>",Chaveiro Efeito equipado,
63005,Armadura Starshroud,"Aumenta o HP máximo em <Orange>{EffectParam1}</>%
 Aumenta o ataque básico Dano contra monstros chefes em <Orange>{EffectParam2}</>%",Chaveiro Efeito equipado,
63006,Lanterna de Ecos,"Aumenta o HP máximo em <Orange>{EffectParam1}</>%
Aumenta o silêncio Taxa de resistência em <Orange>{EffectParam2}</>% 
Reduz o custo de MP em <Orange>{EffectParam3}</>%",Chaveiro Efeito equipado,
63007,Eco de Aço,"Aumenta o HP máximo em <Orange>{EffectParam1}</>%
Reduz o dano crítico recebido de monstros por <Orange>{EffectParam2}</>%",Chaveiro Efeito equipado,
63008,Calor Imortal,"Aumenta o máximo HP por <Orange>{EffectParam1}</>%
 Aumenta a cura de poções de HP em <Orange>{EffectParam2}</>
Reduz o custo de MP em <Orange>{EffectParam3}</>%
Reduz danos críticos Retirado de monstros por <Orange>{EffectParam4}</>%",Chaveiro Efeito equipado,
63009,Cidadela Cinzenta,"Aumenta o máximo HP por <Orange>{EffectParam1}</>%
Aumenta o dano de acerto crítico em <Orange>{EffectParam2}</>%",Chaveiro Efeito equipado,
63010,Soberano Silencioso,"Aumenta o HP máximo em <Orange>{EffectParam1}</>%
Aumenta a taxa de resistência ao silêncio em <Orange>{EffectParam2}</>%
Aumenta a regeneração de MP em <Orange>{EffectParam3}</>
Reduz o custo de MP por <Orange>{EffectParam4}</>%",Chaveiro Efeito equipado,
85021,Sentry Awakening,"Aumenta a velocidade de ataque em <Orange>{EffectParam1}</>%
 e a velocidade de movimento em <Orange>{EffectParam2}</>%",Combat Skill Aprimoramento,
85031,Domínio Aegis,Reduz o dano recebido de jogadores por <Orange>{EffectParam1}</>%,Melhora a defesa,
85041,Beacon Veil,"entra em modo furtivo, tornando-se invisível aos inimigos.",Beacon Stealth,
85050,Linha de Frente da Vida,"Aumenta a regeneração de HP em <Orange>{EffectParam1}</>%
Aumenta a regeneração de MP em <Orange>{EffectParam2}</>%
Aumenta Cura de Poção de HP em <Orange>{EffectParam3}</>%",Aprimoramento de recuperação,
85051,,,,
85061,Sopro do Ressurgimento,Restaura um <Orange>{EffectParam1}</>% adicional do HP máximo ao reaparecer em um Clan Beacon,Aprimoramento de recuperação,
85070,Batalha Biding,"Aumenta o dano contra jogadores em <Orange>{EffectParam1}</>%
Reduz o dano causado aos jogadores por <Orange>{EffectParam2}</>%
Aumenta a taxa de resistência ao controle de multidão em <Orange>{EffectParam3}</>%
Reduz a duração do controle de multidão em <Orange>{EffectParam4}</>%",Combat Skill Aprimoramento,
85071,,,,
85080,Avanço de Vanguarda,Aumenta a velocidade de movimento em <Orange>{EffectParam1}</>%,Aumento de velocidade de movimento,
85081,,,,
85091,,Redefine a descida Skill Cooldowns,Redefine a descida Skill Cooldowns,
85101,,Convoca à força membros do clã,Convoca à força membros do clã,
85110,Focus Mark,Aumenta o dano recebido por o alvo marcado dos membros do clã do lançador por <Orange>{EffectParam1}</>%,Focus Mark,
85111,Focus Mark,Aumenta o dano contra alvos marcados em <Orange>{EffectParam1}</>%,Aumenta o dano contra alvos marcados,
91001,Poção de HP Menor,,,
91002,Poção de HP Menor,,,
91003,Poção HP padrão,,,
91004,Poção de HP maior,,,
91009,Poção especial de HP,,,
91011,Poção de MP Menor,Cura Max MP por <Orange>{EffectParam1}</>%,Recuperação de MP de,
91012,Poção de MP Menor,Cura Max MP por <Orange>{EffectParam1}</>%,Recuperação de MP de,
91013,Poção MP Padrão,Cura Max MP por <Orange>{EffectParam1}</>%,Recuperação de MP de,
91014,Poção de MP maior,Cura Max MP por <Orange>{EffectParam1}</>%,Recuperação de MP de,
91019,Poção especial de MP,Cura Max MP por <Orange>{EffectParam1}</>%,Recuperação de MP de,
91021,Elixir de Ataque I,"Aumenta o poder de ataque em <Orange>{EffectParam1}</>

<Orange>※ Não se aplica nos campos de batalha da Arena.</>",Aumento de Poder de Ataque,
91022,Elixir de Ataque II,"Aumenta o poder de ataque em <Orange>{EffectParam1}</>

<Orange>※ Não se aplica nos campos de batalha da Arena.</>",Aumento de Poder de Ataque,
91023,Elixir de Ataque III,"Aumenta o poder de ataque em <Orange>{EffectParam1}</>

<Orange>※ Não se aplica nos campos de batalha da Arena.</>",Aumento de Poder de Ataque,
91031,Elixir de defesa I,"Aumenta a defesa em <Orange>{EffectParam1}</>

<Orange>※ Não se aplica aos campos de batalha da Arena.</>",Aumenta a defesa,
91032,Elixir de defesa II,"Aumenta a defesa em <Orange>{EffectParam1}</>

<Orange>※ Não se aplica aos campos de batalha da Arena.</>",Aumenta a defesa,
91033,Elixir de defesa III,"Aumenta a defesa em <Orange>{EffectParam1}</>

<Orange>※ Não se aplica aos campos de batalha da Arena.</>",Aumenta a defesa,
91041,Elixir de Precisão I,"Aumenta a precisão em <Orange>{EffectParam1}</>

<Orange>※ Não se aplica nos campos de batalha da Arena.</>",Aumento de precisão,
91042,Elixir de Precisão II,"Aumenta a precisão em <Orange>{EffectParam1}</>

<Orange>※ Não se aplica nos campos de batalha da Arena.</>",Aumento de precisão,
91043,Elixir de Precisão III,"Aumenta a precisão em <Orange>{EffectParam1}</>

<Orange>※ Não se aplica nos campos de batalha da Arena.</>",Aumento de precisão,
91051,Elixir de Evasão I,"Aumenta a Evasão em <Orange>{EffectParam1}</>

<Orange>※ Não se aplica nos campos de batalha da Arena.</>",Aumenta a Evasão,
91052,Elixir de Evasão II,"Aumenta a Evasão em <Orange>{EffectParam1}</>

<Orange>※ Não se aplica nos campos de batalha da Arena.</>",Aumenta a Evasão,
91053,Elixir de Evasão III,"Aumenta a Evasão em <Orange>{EffectParam1}</>

<Orange>※ Não se aplica nos campos de batalha da Arena.</>",Aumenta a Evasão,
91061,Elixir de HP I,"Aumenta HP em <Orange>{EffectParam1}</>

<Orange>※ Não se aplica nos campos de batalha da Arena.</>",Aumenta HP,
91062,HP Elixir II,"Aumenta HP em <Orange>{EffectParam1}</>

<Orange>※ Não se aplica nos campos de batalha da Arena.</>",Aumenta HP,
91063,Elixir de HP III,"Aumenta HP em <Orange>{EffectParam1}</>

<Orange>※ Não se aplica nos campos de batalha da Arena.</>",Aumenta HP,
91071,Elixir da Agressividade I,"aumenta Taxa de precisão contra jogadores por <Orange>{EffectParam1}</>%

<Orange>※ Não se aplica nos campos de batalha da Arena.</>",Aumenta a taxa de precisão do jogador,
91072,Elixir da Agressividade II,"aumenta Taxa de precisão contra jogadores por <Orange>{EffectParam1}</>%

<Orange>※ Não se aplica nos campos de batalha da Arena.</>",Aumenta a taxa de precisão do jogador,
91073,Elixir da Aceleração Onslaught III,"aumenta Taxa de precisão contra jogadores por <Orange>{EffectParam1}</>%

<Orange>※ Não se aplica nos campos de batalha da Arena.</>",Aumenta a taxa de precisão do jogador,
91081,Elixir de Aceleração I,"Aumenta a velocidade de movimento em <Orange>{EffectParam1}</>%

<Orange>※ Não se aplica na Arena </>",Aumento de velocidade de movimento,
91082,Elixir de Aceleração da Aceleração II,"Aumenta a velocidade de movimento em <Orange>{EffectParam1}</>%

<Orange>※ Não se aplica na Arena </>",Aumento de velocidade de movimento,
91083,Elixir da Aceleração III,"Aumenta a velocidade de movimento em <Orange>{EffectParam1}</>%

<Orange>※ Não se aplica na Arena </>",Aumento de velocidade de movimento,
91091,Elixir de resistência ao controle de multidão I,"Aumenta a taxa de resistência ao controle de multidão em <Orange>{EffectParam1}</>%

<Orange>※ Não se aplica nos campos de batalha da Arena.</>",Aumento da resistência ao controle de multidão,
91092,Elixir de resistência de controle II,"Aumenta a taxa de resistência ao controle de multidão em <Orange>{EffectParam1}</>%

<Orange>※ Não se aplica nos campos de batalha da Arena.</>",Aumento da resistência ao controle de multidão,
91093,Elixir de resistência ao controle de multidão III,"Aumenta a taxa de resistência ao controle de multidão em <Orange>{EffectParam1}</>%

<Orange>※ Não se aplica nos campos de batalha da Arena.</>",Aumento da resistência ao controle de multidão,
91101,Elixir do Herói I,"Aumenta o dano a monstros chefes em <Orange>{EffectParam1}</>%

<Orange>※ Não se aplica nos campos de batalha da Arena.</>",Aumenta o dano contra monstros chefes,
91102,Elixir do Herói II,"Aumenta o dano a monstros chefes em <Orange>{EffectParam1}</>%

<Orange>※ Não se aplica nos campos de batalha da Arena.</>",Aumenta o dano contra monstros chefes,
91103,Elixir de herói III,"Aumenta o dano a monstros chefes em <Orange>{EffectParam1}</>%

<Orange>※ Não se aplica nos campos de batalha da Arena.</>",Aumenta o dano contra monstros chefes,
91111,Elixir do Slayer I,"Aumenta o dano aos jogadores em <Orange>{EffectParam1}</>%

<Orange>※ Não se aplica nos campos de batalha da Arena.</>",Aumenta o dano contra jogadores,
91112,Elixir II do Slayer,"Aumenta o dano aos jogadores em <Orange>{EffectParam1}</>%

<Orange>※ Não se aplica nos campos de batalha da Arena.</>",Aumenta o dano contra jogadores,
91113,Elixir do Slayer III,"Aumenta o dano aos jogadores em <Orange>{EffectParam1}</>%

<Orange>※ Não se aplica nos campos de batalha da Arena.</>",Aumenta o dano contra jogadores,
91121,Upgrade Elixir I,"Ao derrotar monstros, aumenta o ganho de EXP em <Orange>{EffectParam1}</>%

<Orange>※ Não se aplica nos campos de batalha Abyss Battlefield ou Arena.</>",Aumenta o ganho de EXP,
91122,Upgrade Elixir II,"Ao derrotar monstros, aumenta o ganho de EXP em <Orange>{EffectParam1}</>%

<Orange>※ Não se aplica nos campos de batalha Abyss Battlefield ou Arena.</>",Aumenta o ganho de EXP,
91123,Upgrade Elixir III,"Ao derrotar monstros, aumenta o ganho de EXP em <Orange>{EffectParam1}</>%

<Orange>※ Não se aplica nos campos de batalha Abyss Battlefield ou Arena.</>",Aumenta o ganho de EXP,
91131,Elixir Passa Alta I,"Ao derrotar monstros, aumenta o ganho de EXP em <Orange>{EffectParam1}</>%

<Orange>※ Aplica-se até o nível do personagem 50.</>
<Orange>※ Não se aplica nos campos de batalha da Arena.</>",Aumenta o ganho de EXP,
91132,Elixir Passa Alta II,"Ao derrotar monstros, aumenta o ganho de EXP em <Orange>{EffectParam1}</>%

<Orange>※ Aplica-se até o nível do personagem 70.</>
<Orange>※ Não se aplica nos campos de batalha da Arena.</>",Aumenta o ganho de EXP,
91133,Elixir Passa Alta III,"Ao derrotar monstros, aumenta o ganho de EXP em <Orange>{EffectParam1}</>%

<Orange>※ Aplica-se até o nível do personagem 70.</>
<Orange>※ Não se aplica nos campos de batalha da Arena.</>",Aumenta o ganho de EXP,
91134,Elixir Passa Alta IV,"Ao derrotar monstros, aumenta o ganho de EXP em <Orange>{EffectParam1}</>%

<Orange>※ Aplica-se até o nível do personagem 75.</>
<Orange>※ Não se aplica nos campos de batalha da Arena.</>",Aumenta o ganho de EXP,
91141,Elixir do crescimento do abismo I,"Ao derrotar monstros, aumenta o ganho de EXP em <Orange>{EffectParam1}</>%

<Orange>※ Aplica-se apenas dentro do Abyss Battlefield.</>
<Orange>※ Não se aplica nos campos de batalha da Arena.</>",Aumenta o ganho de EXP,
91151,Elixir de Erosão I,"Aumenta a taxa de resistência à erosão em <Orange>{EffectParam1}</>%

<Orange>※ Não se aplica na Arena campos de batalha.</>",aumenta a taxa de resistência à erosão,
91152,Elixir de Erosão II,"Aumenta a taxa de resistência à erosão em <Orange>{EffectParam1}</>%

<Orange>※ Não se aplica na Arena campos de batalha.</>",aumenta a taxa de resistência à erosão,
91153,Elixir de Erosão III,"Aumenta a taxa de resistência à erosão em <Orange>{EffectParam1}</>%

<Orange>※ Não se aplica na Arena campos de batalha.</>",aumenta a taxa de resistência à erosão,
91201,Baba Pão,"Reduz o dano recebido de monstros em <Orange>{EffectParam1}</>%

<Orange>※ Não se aplica nos campos de batalha da Arena.</>",Reduz o dano recebido de monstros,
91202,Baba Crackers,"Aumenta a velocidade de ataque em <Orange>{EffectParam1}</>%

<Orange>※ Não se aplica nos campos de batalha da Arena.</>",Aumento de velocidade de ataque,
91203,Baba Licor,"Ao derrotar monstros, aumenta o ganho de EXP em <Orange>{EffectParam1}</>%

<Orange>※ Não se aplica na Arena campos de batalha.</>",Aumenta o ganho de EXP,
91204,Halo Bread,"Reduz Dano recebido de monstros por <Orange>{EffectParam1}</>%
Reduz o dano recebido de jogadores por <Orange>{EffectParam2}</>%

<Orange>※ Não se aplica nos campos de batalha da Arena.</>",Reduz Dano de Monstros e Jogadores,
91205,Star Halo Cookie,"Aumenta a velocidade de ataque em <Orange>{EffectParam1}</>%

<Orange>※ Não se aplica nos campos de batalha da Arena.</>",Aumento de velocidade de ataque,
91206,Vinho Halo da Lua,"Ao derrotar monstros, aumenta o ganho de EXP em <Orange>{EffectParam1}</>%

<Orange>※ Não se aplica na Arena campos de batalha.</>",Aumenta o ganho de EXP,
91207,Bolo de Festival de 200 Dias,"Aumenta Velocidade de ataque em <Orange>{EffectParam1}</>%
 Aumenta a velocidade de lançamento de Skill em <Orange>{EffectParam2}</>%

<Orange>※ Não se aplica nos campos de batalha da Arena.</>",Aumenta a velocidade,
91208,Vinho envelhecido de 200 dias,"Ao derrotar monstros, aumenta o ganho de EXP em <Orange>{EffectParam1}</>%

<Orange>※ Não se aplica na Arena campos de batalha.</>",Aumenta o ganho de EXP,
91209,Pão Crosta,"Reduz Dano recebido de monstros por <Orange>{EffectParam1}</>%
Reduz o dano recebido de jogadores por <Orange>{EffectParam2}</>%

<Orange>※ Não se aplica nos campos de batalha da Arena.</>",Reduz Dano de Monstros e Jogadores,
91210,Batata cortada pela metade,"Aumenta a velocidade de ataque em <Orange>{EffectParam1}</>%

<Orange>※ Não se aplica nos campos de batalha da Arena.</>",Aumento de velocidade de ataque,
91211,Xícara de chá preto,"Ao derrotar monstros, aumenta o ganho de EXP em <Orange>{EffectParam1}</>%

<Orange>※ Não se aplica na Arena campos de batalha.</>",Aumenta o ganho de EXP,
91212,Bubble Tea,"Aumenta Velocidade de ataque em <Orange>{EffectParam1}</>%
 Aumenta a velocidade de lançamento de Skill em <Orange>{EffectParam2}</>%

<Orange>※ Não se aplica nos campos de batalha da Arena.</>",Aumenta a velocidade,
91213,Dòuhuā Pudim de Tofu,"Ao derrotar monstros, aumenta o ganho de EXP em <Orange>{EffectParam1}</>%

<Orange>※ Não se aplica na Arena campos de batalha.</>",Aumenta o ganho de EXP,
91501,Maelstrom Horn Delicadeza,"Aumenta Poder de ataque contra monstros em <Orange>{EffectParam1}</>
 Aumenta a chance de acerto crítico contra monstros em <Orange>{EffectParam2}</>%
Reduz o dano recebido de monstros por <Orange>{EffectParam3}</>%

<Orange>※ Não se aplica nos campos de batalha da Arena.</>",Aumenta as estatísticas de combate contra monstros,
91502,Golden Crisp Kubaba Baqueta,"Aumenta a precisão contra jogadores em <Orange>{EffectParam1}</>
Aumenta a velocidade de movimento em <Orange>{EffectParam2}</>%

<Orange>※ Não se aplica nos campos de batalha da Arena.</>",Aumenta a precisão contra jogadores e a velocidade de movimento,
91511,Prato sazonal em fatias finas,"Aumenta o acerto crítico em <Orange>{EffectParam1}</>
Aumenta a taxa de aumento do escudo em <Orange>{EffectParam2}</>%
Aumenta HP Taxa de aumento de cura em <Orange>{EffectParam3}</>%

<Orange>※ Não se aplica nos campos de batalha da Arena.</>",Melhora as estatísticas de combate e suporte,
91512,Baba Licor Sopa de barbatana envelhecida,"Aumenta a velocidade de ataque em <Orange>{EffectParam1}</>%
 Aumenta a cura de poções de HP em <Orange>{EffectParam2}</>%
 Aumenta a cura de HP recebida por <Orange>{EffectParam3}</>%

<Orange>※ Não se aplica nos campos de batalha da Arena.</>",Melhora as estatísticas de combate e suporte,
91521,Vegetais temperados super picantes,"Aumenta o poder de ataque contra jogadores em <Orange>{EffectParam1}</>
 Aumenta a taxa de resistência a golpes críticos para o jogador em <Orange>{EffectParam2}</>%
Reduz o dano de acerto crítico recebido de jogadores por <Orange>{EffectParam3}</>%

<Orange>※ Não se aplica nos campos de batalha da Arena.</>",Boosts Estatísticas de combate contra jogadores,
91522,Lanche de piquenique leve,"Aumenta a chance de acerto crítico em <Orange>{EffectParam1}</>%
Uao derrotar monstros, aumenta o ganho de ouro em <Orange>{EffectParam2}</>%

<Orange>※ Não se aplica nos campos de batalha da Arena.</>",Aumenta a maximização e o ganho de ouro,
70000,Vitalizing Sanctum (Owner),"Aumenta o ganho de EXP ao derrotar monstros em <Orange>{EffectParam1}</>%
 Aumenta o ganho de ouro ao derrotar monstros em <Orange>{EffectParam2}</>%
Aumenta a taxa de maximização em <Orange>{EffectParam3}</>%
Reduz MP Consumo por <Orange>{EffectParam4}</>%",Vitalizing Sanctum (Owner),
70001,Santuário Vitalizante (Membro do Clã),"Aumenta o ganho de EXP ao derrotar monstros em <Orange>{EffectParam1}</>%
 Aumenta o ganho de ouro ao derrotar monstros em <Orange>{EffectParam2}</>%
Aumenta a taxa de maximização em <Orange>{EffectParam3}</>%
Reduz MP Consumo por <Orange>{EffectParam4}</>%",Santuário Vitalizante (Membro do Clã),
70005,Bênção nas Terras Abandonadas,"Aumenta o ganho de EXP ao derrotar monstros por <Orange>{EffectParam1}</>%
 Aumenta o ganho de ouro ao derrotar monstros bty <Orange>{EffectParam2}</>%

<Orange>※ Aplica-se apenas no Forsaken Terrenos.</>
<Orange>※ O cronômetro deste efeito continua a correr mesmo quando você não está logado.</>",Bênção nas Terras Abandonadas,
70006,Bênção do Silêncio Estável,"Aumenta a taxa de precisão contra jogadores em <Orange>{EffectParam1}</>%
Reduz Skill Dano recebido de jogadores por <Orange>{EffectParam2}</>%
Reduz o dano de acerto crítico recebido de jogadores por <Orange>{EffectParam3}</>%

<Orange>※ Não se aplica durante a Arena partidas.</>
<Orange>※ O tempo decorre mesmo quando offline.</>",Bênção do Silêncio Estável,
70007,Bênção da Superação da Adversidade,"Aumenta Dano a Monstros Chefes em <Orange>{EffectParam1}</>%
Aumenta o dano a alvos afetados em <Orange>{EffectParam2}</>%
Reduz o dano recebido de monstros chefes por <Orange>{EffectParam3}</>%

<Orange>※ Não se aplica durante a Arena partidas.</>
<Orange>※ O tempo decorre mesmo quando offline.</>",Bênção da Superação da Adversidade,
70008,Bênção da caça confortável,"Ao derrotar monstros, aumenta o ganho de ouro em <Orange>{EffectParam1}</>%
 Aumenta a cura de poções de HP em <Orange>{EffectParam2}</>
 Aumenta a regeneração de MP em <Orange>{EffectParam3}</>

<Orange>※ Não se aplica durante a Arena partidas.</>
<Orange>※ O tempo decorre mesmo quando offline.</>",Bênção da caça confortável,
70009,Bênção da Superação da Adversidade,"Aumenta o dano contra monstros chefes em <Orange>{EffectParam1}</>%
 Aumenta o dano contra alvos afetados em <Orange>{EffectParam2}</>%
Reduz o dano recebido de monstros chefes por <Orange>{EffectParam3}</>%

<Orange>※ Aplica-se apenas no Forsaken Land.</>
<Orange>※ O tempo decorre mesmo quando offline.</>",Bênção da Superação da Adversidade,
70051,Bênção do pioneiro,"Ao derrotar monstros, aumenta o ganho de ouro em <Orange>{EffectParam1}</>%
Aumenta o dano a monstros em <Orange>{EffectParam2}</>%
Reduz o dano recebido de monstros por <Orange>{EffectParam3}</>%

<Orange>※ Não se aplica durante a Arena partidas.</>
<Orange>※ O tempo decorre mesmo quando offline.</>",Bênção do pioneiro,
70052,Bênção do Conquistador,"Aumenta o dano aos monstros chefes em <Orange>{EffectParam1}</>%
Reduz o dano recebido de monstros chefes por <Orange>{EffectParam2}</>%
 Aumenta a taxa de precisão contra jogadores em <Orange>{EffectParam3}</>%

<Orange>※ Não se aplica durante a Arena partidas.</>
<Orange>※ O tempo decorre mesmo quando offline.</>",Bênção do Conquistador,
70061,Bênção do Adversário,"Aumenta o dano contra monstros chefes em <Orange>{EffectParam1}</>%
Reduz o dano recebido de monstros chefes por <Orange>{EffectParam2}</>%
 Aumenta o dano contra alvos afetados pelo efeito de dor por <Orange>{EffectParam3}</>%

<Orange>※ Aplica-se apenas no Forsaken Land.</>
<Orange>※ O tempo decorre mesmo quando offline.</>",Bênção do Adversário,
70071,Buff de Ataque,"Aumenta o dano contra monstros chefes em <Orange>{EffectParam1}</>%
Reduz o dano recebido de monstros chefes por <Orange>{EffectParam2}</>%
 Aumenta o poder de ataque contra monstros em <Orange>{EffectParam3}</>
 Aumenta o acerto crítico contra monstros em <Orange>{EffectParam4}</>

<Orange>※ Aplica-se apenas no Forsaken Land.</>
<Orange>※ O tempo decorre mesmo quando offline.</>",Buff de Ataque,
70081,Bênção de Saikarad,"Ao derrotar monstros, aumenta o ganho de EXP em <Orange>{EffectParam1}</>%
Uao derrotar monstros, aumenta o ganho de ouro em <Orange>{EffectParam2}</>%
 Aumenta a penetração e o bloqueio por <Orange>{EffectParam3}</>

<Orange>※ Não se aplica durante a Arena matches.</>
<Orange>※ O tempo decorre mesmo quando offline.</>",Bênção de Saikarad,
70011,Poder Aperfeiçoado do Monólito Giant's Garden,"Ao derrotar monstros, aumenta o ganho de EXP em <Orange>{EffectParam1}</>%
Uao derrotar monstros, aumenta o ganho de ouro em <Orange>{EffectParam2}</>%
 Aumenta a chance de acerto crítico do ataque básico contra monstros em <Orange>{EffectParam3}</>%
Aumenta Skill Dano de acerto crítico em monstros em <Orange>{EffectParam4}</>%
 Aumenta a cura de poções de HP em <Orange>{EffectParam5}</>

<Orange>※ Não se aplica em Monolith War, campos de batalha de Arena ou Abyss Battlefield.</>",Giant's Garden Monolith Effect,
70012,Poder incompleto do monólito Giant's Garden,"Ao derrotar monstros, aumenta o ganho de EXP em <Orange>{EffectParam1}</>%
Uao derrotar monstros, aumenta o ganho de ouro em <Orange>{EffectParam2}</>%
 Aumenta a chance de acerto crítico do ataque básico contra monstros em <Orange>{EffectParam3}</>%
Aumenta Skill Dano de acerto crítico em monstros em <Orange>{EffectParam4}</>%
 Aumenta a cura de poções de HP em <Orange>{EffectParam5}</>

<Orange>※ Não se aplica em Monolith War, campos de batalha de Arena ou Abyss Battlefield.</>",Giant's Garden Monolith Effect,
70013,[TEST] Aura fraca do Giant's Garden Monólito (30 min),,,
70021,Poder Aperfeiçoado do Monólito Pulsing Ridge,"Ao derrotar monstros, aumenta o ganho de EXP em <Orange>{EffectParam1}</>%
Uao derrotar monstros, aumenta o ganho de ouro em <Orange>{EffectParam2}</>%
Aumentar Skill Chance de acerto crítico contra monstros em <Orange>{EffectParam3}</>%
 Aumenta a taxa de aumento de dano crítico de ataque básico contra monstros em <Orange>{EffectParam4}</>%
 Aumenta a regeneração de MP em <Orange>{EffectParam5}</>

<Orange>※ Não se aplica em Monolith War, campos de batalha de Arena ou Abyss Battlefield.</>",Pulsing Ridge Efeito Monólito,
70022,Poder incompleto do Pulsing Ridge Monólito,"Ao derrotar monstros, aumenta o ganho de EXP em <Orange>{EffectParam1}</>%
Uao derrotar monstros, aumenta o ganho de ouro em <Orange>{EffectParam2}</>%
Aumentar Skill Chance de acerto crítico contra monstros em <Orange>{EffectParam3}</>%
 Aumenta a taxa de aumento de dano crítico de ataque básico contra monstros em <Orange>{EffectParam4}</>%
 Aumenta a regeneração de MP em <Orange>{EffectParam5}</>

<Orange>※ Não se aplica em Monolith War, campos de batalha de Arena ou Abyss Battlefield.</>",Pulsing Ridge Efeito Monólito,
70023,[TEST] Aura fraca do Monólito Pulsing Ridge (30 min),,,
70031,Poder Aperfeiçoado do Monólito Starfall Plateau,"Aumenta Velocidade de ataque em <Orange>{EffectParam1}</>%
 Aumenta a velocidade de lançamento de Skill em <Orange>{EffectParam2}</>%
Aumenta a velocidade de movimento em <Orange>{EffectParam3}</>%
Aumenta Dano causado a Monstros Chefes por <Orange>{EffectParam4}</>%
Reduz o dano recebido de Monstros Chefes por <Orange>{EffectParam5}</>%

<Orange>※ Não se aplica em Monolith War, campos de batalha de Arena ou Abyss Battlefield.</>",Starfall Plateau Efeito Monólito,
70032,Poder incompleto do Monólito Starfall Plateau,"Aumenta Velocidade de ataque em <Orange>{EffectParam1}</>%
 Aumenta a velocidade de lançamento de Skill em <Orange>{EffectParam2}</>%
Aumenta a velocidade de movimento em <Orange>{EffectParam3}</>%
Aumenta Dano causado a Monstros Chefes por <Orange>{EffectParam4}</>%
Reduz o dano recebido de Monstros Chefes por <Orange>{EffectParam5}</>%

<Orange>※ Não se aplica em Monolith War, campos de batalha de Arena ou Abyss Battlefield.</>",Starfall Plateau Efeito Monólito,
70033,[TEST] Aura fraca do Starfall Plateau Monolith (30 min),,,
71000,Aura da Linha Ley,"Aumenta o dano contra jogadores em <Orange>{EffectParam1}</>%
Reduz o dano recebido dos jogadores por <Orange>{EffectParam2}</>%
Aumenta Chance de acerto crítico contra jogadores por <Orange>{EffectParam3}</>%
 Aumenta a precisão contra jogadores por <Orange>{EffectParam4}</>%
Aumenta a velocidade de movimento em <Orange>{EffectParam5}</>%
Aumenta o dano contra monstros chefes por <Orange>{EffectParam6}</>%
<Orange>※ Aplica-se apenas dentro de Ruínas Antigas</>",Melhora a capacidade de combate (máximo de 4 pilhas),
71001,Resíduo de linha Ley fraca,Resíduo de linha Ley fraca,Melhora a capacidade de combate (máximo de 4 pilhas),
71002,Potente Onda de Leyline,Potente Onda de Leyline,Melhora a capacidade de combate (máximo de 4 pilhas),
71003,Violenta Leyline Torrent,Violenta Leyline Torrent,Melhora a capacidade de combate (máximo de 4 pilhas),
71004,Força de Linha Ley Esmagadora,Força de Linha Ley Esmagadora,Melhora a capacidade de combate (máximo de 4 pilhas),
71100,Alma do Guardião,"Aumenta o dano contra jogadores em <Orange>{EffectParam1}</>%
Reduz o dano recebido de jogadores por <Orange>{EffectParam2}</>%
 Aumenta a taxa de precisão contra jogadores em <Orange>{EffectParam3}</>%
Aumenta a velocidade de movimento em <Orange>{EffectParam4}</>%
Aumenta Chance de acerto do controle de multidão em <Orange>{EffectParam5}</>% 
 Aumenta a taxa de resistência ao controle de multidão em <Orange>{EffectParam6}</>%
Reduz o resfriamento de Skill em <Orange>{EffectParam7}</>%
<Orange>※ O efeito só se aplica dentro do Ancient Ruins.</>",Melhora significativamente Habilidade de Combate,
71200,Resolução Adamant,"Aumenta a velocidade de movimento em <Orange>{EffectParam1}</>%
<Orange>※ Aplica-se apenas dentro de Antigos Ruins</>",Aumenta a velocidade de movimento (máx. 20 pilhas),
71201,Resolução Adamant: 1 Stack,Resolução inflexível: Pilha(s) {Param},Melhorar a capacidade de combate,1
71202,Determinação Inflexível: Pilha 2,Resolução inflexível: Pilha(s) {Param},Melhorar a capacidade de combate,2
71203,Determinação Inflexível: Pilha 3,Resolução inflexível: Pilha(s) {Param},Melhorar a capacidade de combate,3
71204,Determinação Inflexível: Pilha 4,Resolução inflexível: Pilha(s) {Param},Melhorar a capacidade de combate,4
71205,Determinação Inflexível: Pilha 5,Resolução inflexível: Pilha(s) {Param},Melhorar a capacidade de combate,5
71206,Determinação Inflexível: Pilha 6,Resolução inflexível: Pilha(s) {Param},Melhorar a capacidade de combate,6
71207,Determinação Inflexível: Pilha 7,Resolução inflexível: Pilha(s) {Param},Melhorar a capacidade de combate,7
71208,Determinação Inflexível: Pilha 8,Resolução inflexível: Pilha(s) {Param},Melhorar a capacidade de combate,8
71209,Determinação Inflexível: 9 Pilhas,Resolução inflexível: Pilha(s) {Param},Melhorar a capacidade de combate,9
71210,Resolução Adamant: 10 Stacks,Resolução inflexível: Pilha(s) {Param},Melhorar a capacidade de combate,10
71211,Resolução Adamant: 11 Stacks,Resolução inflexível: Pilha(s) {Param},Melhorar a capacidade de combate,11
71212,Resolução Adamant: 12 Stacks,Resolução inflexível: Pilha(s) {Param},Melhorar a capacidade de combate,12
71213,Resolução Adamant: 13 Stacks,Resolução inflexível: Pilha(s) {Param},Melhorar a capacidade de combate,13
71214,Resolução Adamant: 14 Stacks,Resolução inflexível: Pilha(s) {Param},Melhorar a capacidade de combate,14
71215,Resolução Adamant: 15 Stacks,Resolução inflexível: Pilha(s) {Param},Melhorar a capacidade de combate,15
71216,Resolução Adamant: 16 Pilhas,Resolução inflexível: Pilha(s) {Param},Melhorar a capacidade de combate,16
71217,Resolução Adamant: 17 Pilhas,Resolução inflexível: Pilha(s) {Param},Melhorar a capacidade de combate,17
71218,Resolução Adamant: 18 pilhas,Resolução inflexível: Pilha(s) {Param},Melhorar a capacidade de combate,18
71219,Resolução Adamant: 19 pilhas,Resolução inflexível: Pilha(s) {Param},Melhorar a capacidade de combate,19
71220,Determinação Inflexível: 20 Pilhas,Resolução inflexível: Pilha(s) {Param},Melhorar a capacidade de combate,20
71300,Fúria da Sentinela,"Aumenta a taxa de precisão contra monstros em <Orange>{EffectParam1}</>%
 Aumenta a taxa de evasão contra monstros em <Orange>{EffectParam2}</>%
 Aumenta a Taxa de Redução de Dano de Ataque Básico contra monstros em <Orange>{EffectParam3}</>%
 Aumenta a Taxa de Redução de Dano de Acerto Crítico contra monstros em <Orange>{EffectParam4}</>%
Aumenta a taxa de ganho de ouro em <Orange>{EffectParam5}</>%",Fúria da Sentinela,
71310,Ressonância do Sentinela (Proprietário),"Aumenta o ganho de EXP ao derrotar monstros em <Orange>{EffectParam1}</>%
Aumenta a chance de maximização em <Orange>{EffectParam2}</>%
Reduz Descer Skill Dano recebido por <Orange>{EffectParam3}</>%
Reduz o custo de MP em <Orange>{EffectParam4}</>%",Ressonância do Sentinela (Proprietário),
71311,Ressonância do Sentinela (Membro do Clã),"Aumenta o ganho de EXP ao derrotar monstros em <Orange>{EffectParam1}</>%
Aumenta a chance de maximização em <Orange>{EffectParam2}</>%
Reduz Descer Skill Dano recebido por <Orange>{EffectParam3}</>%
Reduz o custo de MP em <Orange>{EffectParam4}</>%",Ressonância do Sentinela (Membro do Clã),
71320,Fúria da Sentinela,"Aumenta a taxa de precisão contra monstros em <Orange>{EffectParam1}</>%
 Aumenta a taxa de evasão contra monstros em <Orange>{EffectParam2}</>%
 Aumenta a Taxa de Redução de Dano de Ataque Básico contra monstros em <Orange>{EffectParam3}</>%
 Aumenta a Taxa de Redução de Dano de Acerto Crítico contra monstros em <Orange>{EffectParam4}</>%
Aumenta a taxa de ganho de ouro em <Orange>{EffectParam5}</>%",Fúria da Sentinela,
71330,Ressonância do Sentinela (Proprietário),"Aumenta o ganho de EXP ao derrotar monstros em <Orange>{EffectParam1}</>%
Aumenta a chance de maximização em <Orange>{EffectParam2}</>%
Reduz Descer Skill Dano recebido por <Orange>{EffectParam3}</>%
Reduz o custo de MP em <Orange>{EffectParam4}</>%",Ressonância do Sentinela (Proprietário),
71331,Ressonância do Sentinela (Membro do Clã),"Aumenta o ganho de EXP ao derrotar monstros em <Orange>{EffectParam1}</>%
Aumenta a chance de maximização em <Orange>{EffectParam2}</>%
Reduz Descer Skill Dano recebido por <Orange>{EffectParam3}</>%
Reduz o custo de MP em <Orange>{EffectParam4}</>%",Ressonância do Sentinela (Membro do Clã),
71401,Alma do Guardião,"Aumenta Taxa de precisão em <Orange>{EffectParam1}</>%
Aumenta a velocidade de movimento em <Orange>{EffectParam2}</>%
Aumenta o Dano Verdadeiro do Ataque Básico contra jogadores em <Orange>{EffectParam3}</>
<Orange>※ Aplica-se apenas dentro de Ancient Ruins.</>",Melhora significativamente Habilidade de Combate,
71411,Partícula distorcida,"Aumenta a taxa de precisão em <Orange>{EffectParam1}</>%
Aumenta o dano real do ataque básico contra jogadores em <Orange>{EffectParam2}</>
<Orange>※ Aplica-se apenas dentro de Ancient Ruins.</>",Melhora a capacidade de combate (máximo de 4 pilhas),
71412,Partícula distorcida,Aura Fraca do Pequeno Guardião,Melhora a capacidade de combate (máximo de 4 pilhas),
71413,Fluxo distorcido,Aura Forte do Pequeno Guardião,Melhora a capacidade de combate (máximo de 4 pilhas),
71414,Aura distorcida,Aura Feroz do Pequeno Guardião,Melhora a capacidade de combate (máximo de 4 pilhas),
71415,Carga distorcida,Aura Esmagadora do Pequeno Guardião,Melhora a capacidade de combate (máximo de 4 pilhas),
71421,Olho do Buscador,"Aumenta a taxa de precisão em <Orange>{EffectParam1}</>%
<Orange>※ Aplica-se apenas dentro de Ancient Ruins.</>",Aumento da taxa de precisão,
71422,Windpath,"Aumenta a velocidade de movimento em <Orange>{EffectParam1}</>%
<Orange>※ Aplica-se apenas dentro de Antigos Ruins</>",Aumento de velocidade de movimento,
71423,Aether Tether,"Recupera MP por <Orange>{EffectParam1}</>
<Orange>※ Aplica-se apenas dentro de Ancient Ruins.</>",Recuperação de MP de,
71424,Ruptura,"Aumenta a chance de maximização por <Orange>{EffectParam1}</>%
<Orange>※ Aplica-se apenas dentro de Ancient Ruins.</>",Aumento de chance de maximização,
71425,Campo de Força,"Aumenta a taxa de resistência a golpes críticos em <Orange>{EffectParam1}</>%
<Orange>※ Aplica-se apenas dentro de Ancient Ruins.</>",Aumenta a taxa de resistência a acerto crítico contra jogadores,
71500,Recuperação de HP,"Restaura <Orange>{EffectParam1}</>% do HP máximo ao longo da duração
 Aumenta a cura de HP recebida por <Orange>{EffectParam2}</>%
Aumenta a quantidade de escudo recebida por <Orange>{EffectParam3}</>%",Aprimoramento de recuperação,
71510,Redução do tempo de espera Skill,Reduz Recarga de Skill em <Orange>{EffectParam1}</> %,Redução do tempo de espera Skill,
71511,Aumento de velocidade de movimento,Aumenta a velocidade de movimento em <Orange>{EffectParam1}</>%,Aumento de velocidade de movimento,
79000,[Alignment] Neutro,Estágio neutro.,,
79011,[Alignment] Bom Level 1,Regeneração de HP aumentada em <Orange>{EffectParam1}</>,Melhorar a capacidade de combate,
79012,[Alignment] Bom Level 2,"Regeneração de HP aumentada em <Orange>{EffectParam1}</>
MP Regeneração aumentada em <Orange>{EffectParam2}</>",Melhorar a capacidade de combate,
79013,[Alignment] Bom Level 3,"Regeneração de HP aumentada em <Orange>{EffectParam1}</>
MP Regeneração aumentada em <Orange>{EffectParam2}</>",Melhorar a capacidade de combate,
79014,[Alignment] Bom Level 4,"Regeneração de HP aumentada em <Orange>{EffectParam1}</>
MP Regeneração aumentada em <Orange>{EffectParam2}</>
HP Cura de poções aumentada em <Orange>{EffectParam3}</>",Melhorar a capacidade de combate,
79015,[Alignment] Bom Level 5,"Regeneração de HP aumentada em <Orange>{EffectParam1}</>
MP Regeneração aumentada em <Orange>{EffectParam2}</>
HP Cura de poções aumentada em <Orange>{EffectParam3}</>",Melhorar a capacidade de combate,
79021,[Alignment] Mal Level 1,Dano recebido de monstros aumentado em <Red>{EffectParam1}</>%,Capacidade de combate reduzida,
79022,[Alignment] Mal Level 2,"Dano reduzido em <Red>{EffectParam1}</>%
Dano recebido aumentado em <Red>{EffectParam2}</>%",Capacidade de combate reduzida,
79023,[Alignment] Mal Level 3,"Dano reduzido em <Red>{EffectParam1}</>%
Dano recebido aumentado em <Red>{EffectParam2}</>%",Capacidade de combate reduzida,
79024,[Alignment] Mal Level 4,"Dano reduzido em <Red>{EffectParam1}</>%
Dano sofrido aumentado em <Red>{EffectParam2}</>%
Taxa de evasão reduzida por <Red>{EffectParam3}</>%",Capacidade de combate reduzida,
79025,[Alignment] Mal Level 5,"Dano reduzido em <Red>{EffectParam1}</>%
Dano sofrido aumentado em <Red>{EffectParam2}</>%
Taxa de precisão reduzida por <Red>{EffectParam3}</>%
Taxa de evasão reduzida em <Red>{EffectParam4}</>%",Capacidade de combate reduzida,
79100,Outlaw Punição de,"Dano contra jogadores reduzido em <Red>{EffectParam1}</>%
Dano recebido de jogadores aumentados em <Red>{EffectParam2}</>%
Precisão contra jogadores reduzida em <Red>{EffectParam3}</>%
Evasão contra jogadores reduzida em <Red>{EffectParam4}</>%
Velocidade de movimento reduzida por <Red>{EffectParam5}</>%
(não é possível montar ou usar planador)",Capacidade de combate reduzida,
80010,,,,
80020,Bênção do Guardião,"Aumenta a taxa de precisão contra monstros em <Orange>{EffectParam1}</>%
 Aumenta a taxa de evasão contra monstros em <Orange>{EffectParam2}</>%
 Aumenta a Taxa de Redução de Dano de Ataque Básico contra monstros em <Orange>{EffectParam3}</>%
 Aumenta a Taxa de Redução de Dano de Acerto Crítico contra monstros em <Orange>{EffectParam4}</>%
Aumenta a taxa de ganho de ouro em <Orange>{EffectParam5}</>%",Melhoria de habilidade,
82101,Treinamento Básico Level 1,Aumenta o dano de ataque básico em <Orange>{EffectParam1}</>%,Aumenta o dano de ataques básicos,
82102,Treinamento Básico Level 2,Aumenta o dano de ataque básico em <Orange>{EffectParam1}</>%,Aumenta o dano de ataques básicos,
82103,Treinamento Básico Level 3,Aumenta o dano de ataque básico em <Orange>{EffectParam1}</>%,Aumenta o dano de ataques básicos,
82104,Treinamento Básico Level 4,Aumenta o dano de ataque básico em <Orange>{EffectParam1}</>%,Aumenta o dano de ataques básicos,
82105,Treinamento Básico Level 5,Aumenta o dano de ataque básico em <Orange>{EffectParam1}</>%,Aumenta o dano de ataques básicos,
82106,Treinamento Básico Level 6,Aumenta o dano de ataque básico em <Orange>{EffectParam1}</>%,Aumenta o dano de ataques básicos,
82107,Treinamento Básico Level 7,Aumenta o dano de ataque básico em <Orange>{EffectParam1}</>%,Aumenta o dano de ataques básicos,
82108,Treinamento Básico Level 8,Aumenta o dano de ataque básico em <Orange>{EffectParam1}</>%,Aumenta o dano de ataques básicos,
82109,Treinamento Básico Nível 9,Aumenta o dano de ataque básico em <Orange>{EffectParam1}</>%,Aumenta o dano de ataques básicos,
82110,Treinamento Básico Nível 10,Aumenta o dano de ataque básico em <Orange>{EffectParam1}</>%,Aumenta o dano de ataques básicos,
82201,Guia de combate Level 1,Aumenta o ganho de EXP ao derrotar monstros em <Orange>{EffectParam1}</>%,Aumenta o ganho de EXP,
82202,Guia de combate Level 2,Aumenta o ganho de EXP ao derrotar monstros em <Orange>{EffectParam1}</>%,Aumenta o ganho de EXP,
82203,Guia de Combate Level 3,Aumenta o ganho de EXP ao derrotar monstros em <Orange>{EffectParam1}</>%,Aumenta o ganho de EXP,
82204,Guia de Combate Level 4,Aumenta o ganho de EXP ao derrotar monstros em <Orange>{EffectParam1}</>%,Aumenta o ganho de EXP,
82205,Guia de Combate Level 5,Aumenta o ganho de EXP ao derrotar monstros em <Orange>{EffectParam1}</>%,Aumenta o ganho de EXP,
82206,Guia de Combate Level 6,Aumenta o ganho de EXP ao derrotar monstros em <Orange>{EffectParam1}</>%,Aumenta o ganho de EXP,
82207,Combate Guia de Combate Level 7,Aumenta o ganho de EXP ao derrotar monstros em <Orange>{EffectParam1}</>%,Aumenta o ganho de EXP,
82208,Guia de Combate Level 8,Aumenta o ganho de EXP ao derrotar monstros em <Orange>{EffectParam1}</>%,Aumenta o ganho de EXP,
82209,Guia de Combate Nível 9,Aumenta o ganho de EXP ao derrotar monstros em <Orange>{EffectParam1}</>%,Aumenta o ganho de EXP,
82210,Guia de combate nível 10,Aumenta o ganho de EXP ao derrotar monstros em <Orange>{EffectParam1}</>%,Aumenta o ganho de EXP,
82301,Golpe Mortal Level 1,Aumenta o dano crítico de Skill em <Orange>{EffectParam1}</>%,Skill Dano crítico aumentado,
82302,Golpe Mortal Level 2,Aumenta o dano crítico de Skill em <Orange>{EffectParam1}</>%,Skill Dano crítico aumentado,
82303,Golpe Mortal Level 3,Aumenta o dano crítico de Skill em <Orange>{EffectParam1}</>%,Skill Dano crítico aumentado,
82304,Golpe Mortal Level 4,Aumenta o dano crítico de Skill em <Orange>{EffectParam1}</>%,Skill Dano crítico aumentado,
82305,Golpe Mortal Level 5,Aumenta o dano crítico de Skill em <Orange>{EffectParam1}</>%,Skill Dano crítico aumentado,
82306,Golpe Mortal Level 6,Aumenta o dano crítico de Skill em <Orange>{EffectParam1}</>%,Skill Dano crítico aumentado,
82307,Golpe Mortal Level 7,Aumenta o dano crítico de Skill em <Orange>{EffectParam1}</>%,Skill Dano crítico aumentado,
82308,Golpe Mortal Level 8,Aumenta o dano crítico de Skill em <Orange>{EffectParam1}</>%,Skill Dano crítico aumentado,
82309,Golpe Mortal Nível 9,Aumenta o dano crítico de Skill em <Orange>{EffectParam1}</>%,Skill Dano crítico aumentado,
82310,Golpe Mortal Nível 10,Aumenta o dano crítico de Skill em <Orange>{EffectParam1}</>%,Skill Dano crítico aumentado,
82401,Técnica Avançada Level 1,Aumenta o dano de Skill em <Orange>{EffectParam1}</>%,Aumenta o dano de Skill,
82402,Técnica Avançada Level 2,Aumenta o dano de Skill em <Orange>{EffectParam1}</>%,Aumenta o dano de Skill,
82403,Técnica Avançada Level 3,Aumenta o dano de Skill em <Orange>{EffectParam1}</>%,Aumenta o dano de Skill,
82404,Técnica Avançada Level 4,Aumenta o dano de Skill em <Orange>{EffectParam1}</>%,Aumenta o dano de Skill,
82405,Técnica Avançada Level 5,Aumenta o dano de Skill em <Orange>{EffectParam1}</>%,Aumenta o dano de Skill,
82406,Técnica Avançada Level 6,Aumenta o dano de Skill em <Orange>{EffectParam1}</>%,Aumenta o dano de Skill,
82407,Técnica Avançada Level 7,Aumenta o dano de Skill em <Orange>{EffectParam1}</>%,Aumenta o dano de Skill,
82408,Técnica Avançada Level 8,Aumenta o dano de Skill em <Orange>{EffectParam1}</>%,Aumenta o dano de Skill,
82409,Técnica Avançada Nível 9,Aumenta o dano de Skill em <Orange>{EffectParam1}</>%,Aumenta o dano de Skill,
82410,Técnica Avançada Nível 10,Aumenta o dano de Skill em <Orange>{EffectParam1}</>%,Aumenta o dano de Skill,
82501,Vital Aim Level 1,aumenta a chance de acerto crítico em <Orange>{EffectParam1}</>%,Aumento da chance de acerto crítico,
82502,Vital Aim Level 2,aumenta a chance de acerto crítico em <Orange>{EffectParam1}</>%,Aumento da chance de acerto crítico,
82503,Vital Aim Level 3,aumenta a chance de acerto crítico em <Orange>{EffectParam1}</>%,Aumento da chance de acerto crítico,
82504,Objetivo Vital Level 4,aumenta a chance de acerto crítico em <Orange>{EffectParam1}</>%,Aumento da chance de acerto crítico,
82505,Objetivo Vital Level 5,aumenta a chance de acerto crítico em <Orange>{EffectParam1}</>%,Aumento da chance de acerto crítico,
82506,Objetivo Vital Level 6,aumenta a chance de acerto crítico em <Orange>{EffectParam1}</>%,Aumento da chance de acerto crítico,
82507,Objetivo Vital Level 7,aumenta a chance de acerto crítico em <Orange>{EffectParam1}</>%,Aumento da chance de acerto crítico,
82508,Mira Vital Level 8,aumenta a chance de acerto crítico em <Orange>{EffectParam1}</>%,Aumento da chance de acerto crítico,
82509,Mira Vital Nível 9,aumenta a chance de acerto crítico em <Orange>{EffectParam1}</>%,Aumento da chance de acerto crítico,
82510,Vital Aim Nível 10,aumenta a chance de acerto crítico em <Orange>{EffectParam1}</>%,Aumento da chance de acerto crítico,
82601,Poder Fatal Level 1,Aumenta o dano crítico do ataque básico em <Orange>{EffectParam1}</>%,Dano crítico de ataque básico aumentado,
82602,Poder Fatal Level 2,Aumenta o dano crítico do ataque básico em <Orange>{EffectParam1}</>%,Dano crítico de ataque básico aumentado,
82603,Poder Fatal Level 3,Aumenta o dano crítico do ataque básico em <Orange>{EffectParam1}</>%,Dano crítico de ataque básico aumentado,
82604,Poder Fatal Level 4,Aumenta o dano crítico do ataque básico em <Orange>{EffectParam1}</>%,Dano crítico de ataque básico aumentado,
82605,Poder Fatal Level 5,Aumenta o dano crítico do ataque básico em <Orange>{EffectParam1}</>%,Dano crítico de ataque básico aumentado,
82606,Poder fatal Level 6,Aumenta o dano crítico do ataque básico em <Orange>{EffectParam1}</>%,Dano crítico de ataque básico aumentado,
82607,Poder fatal Level 7,Aumenta o dano crítico do ataque básico em <Orange>{EffectParam1}</>%,Dano crítico de ataque básico aumentado,
82608,Poder fatal Level 8,Aumenta o dano crítico do ataque básico em <Orange>{EffectParam1}</>%,Dano crítico de ataque básico aumentado,
82609,Nível de poder fatal 9,Aumenta o dano crítico do ataque básico em <Orange>{EffectParam1}</>%,Dano crítico de ataque básico aumentado,
82610,Poder Fatal Nível 10,Aumenta o dano crítico do ataque básico em <Orange>{EffectParam1}</>%,Dano crítico de ataque básico aumentado,
90000,Escudo da Paz,"Você não é atacado por outros durante o período.
<Orange>Aplica-se apenas nas Terras Abandonadas, e o efeito é temporariamente desativado dentro das Terras Abandonadas. Monolith War.
Você pode desligar o efeito ao operar um Vitalizing Sanctum ou atacar outros jogadores ou monstros chefes.</>",Proteção e banimento de PvP em vigor,
90010,Warp Scroll,,,
90011,Pergaminho de Teleporte,,,
120000,,,,
129001,Tempo Quente da Giant's Tower,"EXP Ganho ao derrotar monstros aumentado em <Orange>{EffectParam1}</>%
Taxa de queda de item aumentada em <Orange>{EffectParam2}</>%",Tempo Quente da Giant's Tower,
129101,Autoridade do árbitro: Crescimento,"Ao derrotar monstros na Giant's Tower, o ganho de EXP dos membros do Clã Governante aumentou em <Orange>{EffectParam1}</>%",Aumenta o ganho de EXP,
129201,Autoridade do árbitro: Ganância,"Ao derrotar monstros na Torre Giant's Tower, ganho de ouro dos membros do clã governante aumentado em <Orange>{EffectParam1}</>%",Aumenta o ganho de ouro,
129301,Autoridade do árbitro: espírito de luta,"Na Giant's Tower, o dano dos Membros do Clã Governante contra Jogadores aumentou em <Orange>{EffectParam1}</>%",Aumento de Dano ao Jogador,
129401,Autoridade do árbitro: Valor,"Na Giant's Tower Torre, Dano dos Membros do Clã Governante contra Monstros aumentado em <Orange>{EffectParam1}</>%",Aumento de Dano de Monstro,
129501,Autoridade do árbitro: Gale,"Na Giant's Tower, a Velocidade de Movimento dos Membros do Clã Governante e a Velocidade de Movimento da Montaria aumentaram em <Orange>{EffectParam1}</>%",Aumento de velocidade de movimento,
129102,Autoridade do árbitro: Crescimento,"Ao derrotar monstros na Giant's Tower, o ganho de EXP dos membros do Clã Governante aumentou em <Orange>{EffectParam1}</>%",Aumenta o ganho de EXP,
129202,Autoridade do árbitro: Ganância,"Ao derrotar monstros na Torre Giant's Tower, ganho de ouro dos membros do clã governante aumentado em <Orange>{EffectParam1}</>%",Aumenta o ganho de ouro,
129302,Autoridade do árbitro: espírito de luta,"Na Giant's Tower, o dano dos Membros do Clã Governante contra Jogadores aumentou em <Orange>{EffectParam1}</>%",Aumento de Dano ao Jogador,
129402,Autoridade do árbitro: Valor,"Na Giant's Tower Torre, Dano dos Membros do Clã Governante contra Monstros aumentado em <Orange>{EffectParam1}</>%",Aumento de Dano de Monstro,
129502,Autoridade do árbitro: Gale,"Na Giant's Tower, a Velocidade de Movimento dos Membros do Clã Governante e a Velocidade de Movimento da Montaria aumentaram em <Orange>{EffectParam1}</>%",Aumento de velocidade de movimento,
129103,Autoridade do árbitro: Crescimento,"Ao derrotar monstros na Giant's Tower, o ganho de EXP dos membros do Clã Governante aumentou em <Orange>{EffectParam1}</>%",Aumenta o ganho de EXP,
129203,Autoridade do árbitro: Ganância,"Ao derrotar monstros na Torre Giant's Tower, ganho de ouro dos membros do clã governante aumentado em <Orange>{EffectParam1}</>%",Aumenta o ganho de ouro,
129303,Autoridade do árbitro: espírito de luta,"Na Giant's Tower, o dano dos Membros do Clã Governante contra Jogadores aumentou em <Orange>{EffectParam1}</>%",Aumento de Dano ao Jogador,
129403,Autoridade do árbitro: Valor,"Na Giant's Tower Torre, Dano dos Membros do Clã Governante contra Monstros aumentado em <Orange>{EffectParam1}</>%",Aumento de Dano de Monstro,
129503,Autoridade do árbitro: Gale,"Na Giant's Tower, a Velocidade de Movimento dos Membros do Clã Governante e a Velocidade de Movimento da Montaria aumentaram em <Orange>{EffectParam1}</>%",Aumento de velocidade de movimento,
129104,Autoridade do árbitro: Crescimento,"Ao derrotar monstros na Giant's Tower, o ganho de EXP dos membros do Clã Governante aumentou em <Orange>{EffectParam1}</>%",Aumenta o ganho de EXP,
129204,Autoridade do árbitro: Ganância,"Ao derrotar monstros na Torre Giant's Tower, ganho de ouro dos membros do clã governante aumentado em <Orange>{EffectParam1}</>%",Aumenta o ganho de ouro,
129304,Autoridade do árbitro: espírito de luta,"Na Giant's Tower, o dano dos Membros do Clã Governante contra Jogadores aumentou em <Orange>{EffectParam1}</>%",Aumento de Dano ao Jogador,
129404,Autoridade do árbitro: Valor,"Na Giant's Tower Torre, Dano dos Membros do Clã Governante contra Monstros aumentado em <Orange>{EffectParam1}</>%",Aumento de Dano de Monstro,
129504,Autoridade do árbitro: Gale,"Na Giant's Tower, a Velocidade de Movimento dos Membros do Clã Governante e a Velocidade de Movimento da Montaria aumentaram em <Orange>{EffectParam1}</>%",Aumento de velocidade de movimento,
129601,Melhorar Golem Guardião,Dano recebido pelo Guardian Golem reduzido e sua Evasão e Regeneração de HP aumentadas.,Melhorar Golem Guardião,
129701,Recompensa Indomável,Recompensas adicionais concedidas ao defender com sucesso o Golem Guardião,Recompensas adicionais por defender o Golem Guardião,
129801,Melhorar Golem Guardião,Dano recebido pelo Guardian Golem reduzido e sua Evasão e Regeneração de HP aumentadas.,Melhorar Golem Guardião,
129901,Recompensa Indomável,Recompensas adicionais concedidas ao defender com sucesso o Golem Guardião,Recompensas adicionais por defender o Golem Guardião,
130001,Melhorar Golem Guardião,Dano recebido pelo Guardian Golem reduzido e sua Evasão e Regeneração de HP aumentadas.,Melhorar Golem Guardião,
130101,Recompensa Indomável,Recompensas adicionais concedidas ao defender com sucesso o Golem Guardião,Recompensas adicionais por defender o Golem Guardião,
130151,Melhorar Golem Guardião,Dano recebido pelo Guardian Golem reduzido e sua Evasão e Regeneração de HP aumentadas.,Melhorar Golem Guardião,
130161,Recompensa Indomável,Recompensas adicionais concedidas ao defender com sucesso o Golem Guardião,Recompensas adicionais por defender o Golem Guardião,
3001001,Tocha de Ashur (proprietário),"EXP Ganho ao derrotar monstros aumentado em <Orange>{EffectParam1}</>%
 Chance de acerto crítico aumentada em <Orange>{EffectParam2}</>%
Taxa de maximização aumentada em <Orange>{EffectParam3}</>%
Descent Skill Dano aumentado em <Orange>{EffectParam4}</>%
Penetração aumentada em <Orange>{EffectParam5}</>
Bloqueio aumentado em <Orange>{EffectParam6}</>",Tocha de Ashur (proprietário),
3001002,Tocha de Ashur (membro do clã),"EXP Ganho ao derrotar monstros aumentado em <Orange>{EffectParam1}</>%
 Chance de acerto crítico aumentada em <Orange>{EffectParam2}</>%
Taxa de maximização aumentada em <Orange>{EffectParam3}</>%
Descent Skill Dano aumentado em <Orange>{EffectParam4}</>%
Penetração aumentada em <Orange>{EffectParam5}</>
Bloqueio aumentado em <Orange>{EffectParam6}</>",Tocha de Ashur (membro do clã),
130011,Benefício de grau 1 (Classificação de nível),"Defesa aumentada em <Orange>{EffectParam1}</>
MP Regeneração aumentada em <Orange>{EffectParam2}</>
 HP máximo aumentado em <Orange>{EffectParam3}</>
Velocidade de movimento de montagem aumentada em <Orange>{EffectParam4}</>%",Capacidade de defesa aumentada,
130012,Benefício de grau 2 (Classificação de nível),"Defesa aumentada em <Orange>{EffectParam1}</>
MP Regeneração aumentada em <Orange>{EffectParam2}</>
 HP máximo aumentado em <Orange>{EffectParam3}</>
Velocidade de movimento de montagem aumentada em <Orange>{EffectParam4}</>%",Capacidade de defesa aumentada,
130013,Benefício de grau 3 (Classificação de nível),"Defesa aumentada em <Orange>{EffectParam1}</>
MP Regeneração aumentada em <Orange>{EffectParam2}</>
 HP máximo aumentado em <Orange>{EffectParam3}</>
Velocidade de movimento de montagem aumentada em <Orange>{EffectParam4}</>%",Capacidade de defesa aumentada,
130014,Benefício de grau 4 (Classificação de nível),"Defesa aumentada em <Orange>{EffectParam1}</>
MP Regeneração aumentada em <Orange>{EffectParam2}</>
 HP máximo aumentado em <Orange>{EffectParam3}</>
Velocidade de movimento de montagem aumentada em <Orange>{EffectParam4}</>%",Capacidade de defesa aumentada,
130015,Benefício de grau 5 (Classificação de nível),"Defesa aumentada em <Orange>{EffectParam1}</>
MP Regeneração aumentada em <Orange>{EffectParam2}</>
 HP máximo aumentado em <Orange>{EffectParam3}</>
Velocidade de movimento de montagem aumentada em <Orange>{EffectParam4}</>%",Capacidade de defesa aumentada,
130016,Benefício de grau 6 (Classificação de nível),"Defesa aumentada em <Orange>{EffectParam1}</>
MP Regeneração aumentada em <Orange>{EffectParam2}</>
 HP máximo aumentado em <Orange>{EffectParam3}</>
Velocidade de movimento de montagem aumentada em <Orange>{EffectParam4}</>%",Capacidade de defesa aumentada,
130017,Benefício de grau 7 (Classificação de nível),"Regeneração de MP aumentada em <Orange>{EffectParam1}</>
 HP máximo aumentado em <Orange>{EffectParam2}</>
Velocidade de movimento de montagem aumentada em <Orange>{EffectParam3}</>%",Capacidade de defesa aumentada,
130018,Benefício de grau 8 (Classificação de nível),"Regeneração de MP aumentada em <Orange>{EffectParam1}</>
 HP máximo aumentado em <Orange>{EffectParam2}</>
Velocidade de movimento de montagem aumentada em <Orange>{EffectParam3}</>%",Capacidade de defesa aumentada,
130021,Benefício de grau 1 (Classificação de poder de combate),"Poder de Ataque aumentado em <Orange>{EffectParam1}</>
HP Cura de Poção aumentada em <Orange>{EffectParam2}</>
MP máximo aumentado em <Orange>{EffectParam3}</>
Velocidade de movimento aumentada em <Orange>{EffectParam4}</>%",Capacidade de Ataque aumentada,
130022,Benefício de grau 2 (Classificação de poder de combate),"Poder de Ataque aumentado em <Orange>{EffectParam1}</>
HP Cura de Poção aumentada em <Orange>{EffectParam2}</>
MP máximo aumentado em <Orange>{EffectParam3}</>
Velocidade de movimento aumentada em <Orange>{EffectParam4}</>%",Capacidade de Ataque aumentada,
130023,Benefício de grau 3 (Classificação de poder de combate),"Poder de Ataque aumentado em <Orange>{EffectParam1}</>
HP Cura de Poção aumentada em <Orange>{EffectParam2}</>
MP máximo aumentado em <Orange>{EffectParam3}</>
Velocidade de movimento aumentada em <Orange>{EffectParam4}</>%",Capacidade de Ataque aumentada,
130024,Benefício de grau 4 (Classificação de poder de combate),"Poder de Ataque aumentado em <Orange>{EffectParam1}</>
HP Cura de Poção aumentada em <Orange>{EffectParam2}</>
MP máximo aumentado em <Orange>{EffectParam3}</>
Velocidade de movimento aumentada em <Orange>{EffectParam4}</>%",Capacidade de Ataque aumentada,
130025,Benefício de grau 5 (Classificação de poder de combate),"Poder de Ataque aumentado em <Orange>{EffectParam1}</>
HP Cura de Poção aumentada em <Orange>{EffectParam2}</>
MP máximo aumentado em <Orange>{EffectParam3}</>
Velocidade de movimento aumentada em <Orange>{EffectParam4}</>%",Capacidade de Ataque aumentada,
130026,Benefício de grau 6 (Classificação de poder de combate),"Poder de Ataque aumentado em <Orange>{EffectParam1}</>
HP Cura de Poção aumentada em <Orange>{EffectParam2}</>
MP máximo aumentado em <Orange>{EffectParam3}</>
Velocidade de movimento aumentada em <Orange>{EffectParam4}</>%",Capacidade de Ataque aumentada,
130027,Benefício de grau 7 (Classificação de poder de combate),"HP Potion Healing aumentado em <Orange>{EffectParam1}</>
Max MP aumentado em <Orange>{EffectParam2}</>
Velocidade de movimento aumentada em <Orange>{EffectParam3}</>%",Capacidade de Ataque aumentada,
130028,Benefício de grau 8 (Classificação de poder de combate),"HP Potion Healing aumentado em <Orange>{EffectParam1}</>
Max MP aumentado em <Orange>{EffectParam2}</>
Velocidade de movimento aumentada em <Orange>{EffectParam3}</>%",Capacidade de Ataque aumentada,
130031,Benefício de grau 1 (Classificação de PvP),Aumenta o dano contra jogadores em <Orange>{EffectParam1}</>%,Capacidade de ataque PvP Aumentar,
130032,Benefício de grau 2 (Classificação de PvP),Aumenta o dano contra jogadores em <Orange>{EffectParam1}</>%,Capacidade de ataque PvP Aumentar,
130033,Benefício de grau 3 (Classificação de PvP),Aumenta o dano contra jogadores em <Orange>{EffectParam1}</>%,Capacidade de ataque PvP Aumentar,
130034,Benefício de grau 4 (Classificação de PvP),Aumenta o dano contra jogadores em <Orange>{EffectParam1}</>%,Capacidade de ataque PvP Aumentar,
130035,Benefício de grau 5 (Classificação de poder de combate),Aumenta o dano contra jogadores em <Orange>{EffectParam1}</>%,Capacidade de ataque PvP Aumentar,
130036,Benefício de grau 6 (Classificação de PvP),Aumenta o dano contra jogadores em <Orange>{EffectParam1}</>%,Capacidade de ataque PvP Aumentar,
130037,Benefício de grau 7 (Classificação PvP),Aumenta o dano contra jogadores em <Orange>{EffectParam1}</>%,Capacidade de ataque PvP Aumentar,
130038,Benefício de grau 8 (Classificação de PvP),Aumenta o dano contra jogadores em <Orange>{EffectParam1}</>%,Capacidade de ataque PvP Aumentar,
130201,Blefe do jogador I,Dano Reduzido Skill Reduzido de jogadores por <Orange>{EffectParam1}</>%,Capacidade de combate PvP Aumentar,
130202,Blefe do jogador II,Dano Reduzido Skill Reduzido de jogadores por <Orange>{EffectParam1}</>%,Capacidade de combate PvP Aumentar,
130203,Blefe do jogador III,Dano Reduzido Skill Reduzido de jogadores por <Orange>{EffectParam1}</>%,Capacidade de combate PvP Aumentar,
130204,Inveja do Duelista I,"aumenta Taxa de precisão contra jogadores por <Orange>{EffectParam2}</>%
Reduz Skill Dano recebido de jogadores por <Orange>{EffectParam1}</>%",Capacidade de combate PvP Aumentar,
130205,Inveja do Duelista II,"aumenta Taxa de precisão contra jogadores por <Orange>{EffectParam2}</>%
Reduz Skill Dano recebido de jogadores por <Orange>{EffectParam1}</>%",Capacidade de combate PvP Aumentar,
130206,Inveja do Duelista III,"aumenta Taxa de precisão contra jogadores por <Orange>{EffectParam2}</>%
Reduz Skill Dano recebido de jogadores por <Orange>{EffectParam1}</>%",Capacidade de combate PvP Aumentar,
130207,Provocação do Slayer I,"Aumenta a taxa de precisão contra jogadores em <Orange>{EffectParam2}</>%
Aumenta o dano contra jogadores em <Orange>{EffectParam3}</>%
Reduz Skill Dano recebido de jogadores por <Orange>{EffectParam1}</>%",Capacidade de combate PvP Aumentar,
130208,Provocação do Slayer II,"Aumenta a taxa de precisão contra jogadores em <Orange>{EffectParam2}</>%
Aumenta o dano contra jogadores em <Orange>{EffectParam3}</>%
Reduz Skill Dano recebido de jogadores por <Orange>{EffectParam1}</>%",Capacidade de combate PvP Aumentar,
130209,Arrogância do Conquistador,"Aumenta a taxa de precisão contra jogadores em <Orange>{EffectParam2}</>%
Aumenta o dano contra jogadores em <Orange>{EffectParam3}</>%
Reduz Skill Dano recebido de jogadores por <Orange>{EffectParam1}</>%
 Aumenta a taxa de resistência a acertos críticos contra jogadores em <Orange>{EffectParam4}</>%",Capacidade de combate PvP Aumentar,
130210,Frenesi do subjugador,"Aumenta a taxa de precisão contra jogadores em <Orange>{EffectParam2}</>%
Aumenta o dano contra jogadores em <Orange>{EffectParam3}</>%
Reduz Skill Dano recebido de jogadores por <Orange>{EffectParam1}</>%
 Aumenta a taxa de resistência a acertos críticos contra jogadores em <Orange>{EffectParam4}</>%",Capacidade de combate PvP Aumentar,
130211,Guia de resolução do guia,"Aumenta a taxa de precisão contra jogadores em <Orange>{EffectParam2}</>%
Aumenta o dano contra jogadores em <Orange>{EffectParam3}</>%
Reduz Skill Dano recebido de jogadores por <Orange>{EffectParam1}</>%
 Aumenta a taxa de resistência a acertos críticos contra jogadores em <Orange>{EffectParam4}</>%
Aumenta a taxa de resistência ao controle de multidão em <Orange>{EffectParam5}</>%",Capacidade de combate PvP Aumentar,
130212,Preguiça do Governante,"Aumenta a taxa de precisão contra jogadores em <Orange>{EffectParam2}</>%
Aumenta o dano contra jogadores em <Orange>{EffectParam3}</>%
Reduz Skill Dano recebido de jogadores por <Orange>{EffectParam1}</>%
 Aumenta a taxa de resistência a acertos críticos contra jogadores em <Orange>{EffectParam4}</>%
Aumenta a taxa de resistência ao controle de multidão em <Orange>{EffectParam5}</>%",Capacidade de combate PvP Aumentar,
130299,Regra Absoluta,"Aumenta Ganho de EXP ao derrotar monstros em <Orange>{EffectParam1}</>%
Aumenta o ganho de cristal de ouro em <Orange>{EffectParam2}</>% ao derrotar monstros
Aumenta o ganho de ouro ao derrotar monstros em <Orange>{EffectParam3}</>%
Reduz o resfriamento de descida Skill em <Orange>{EffectParam4}</>%
Aumenta a velocidade de movimento da montagem em <Orange>{EffectParam5}</>%",Regra Absoluta,
140101,Forma Abissal I,Reduz o Tempo de Recarga da Mudança de Postura em <Orange>{EffectParam1}</>%,Efeito da Forma Abissal I,
140102,Forma Abissal I,Reduz o Tempo de Recarga da Mudança de Postura em <Orange>{EffectParam1}</>%,Efeito da Forma Abissal I,
140103,Forma Abissal I,Reduz o Tempo de Recarga da Mudança de Postura em <Orange>{EffectParam1}</>%,Efeito da Forma Abissal I,
140104,Forma Abissal I,Reduz o Tempo de Recarga da Mudança de Postura em <Orange>{EffectParam1}</>%,Efeito da Forma Abissal I,
140105,Forma Abissal I,Reduz o Tempo de Recarga da Mudança de Postura em <Orange>{EffectParam1}</>%,Efeito da Forma Abissal I,
140106,Forma Abissal I,Reduz o Tempo de Recarga da Mudança de Postura em <Orange>{EffectParam1}</>%,Efeito da Forma Abissal I,
140201,Forma Abissal II,"Aumenta o dano contra alvos queimados e envenenados em <Orange>{EffectParam1}</>%
Reduz o dano Skill de alvo único recebido por <Orange>{EffectParam2}</>%",Efeito da Forma Abissal II,
140202,Forma Abissal II,"Aumenta o dano contra alvos queimados e envenenados em <Orange>{EffectParam1}</>%
Reduz o dano Skill de alvo único recebido por <Orange>{EffectParam2}</>%",Efeito da Forma Abissal II,
140203,Forma Abissal II,"Aumenta o dano contra alvos queimados e envenenados em <Orange>{EffectParam1}</>%
Reduz o dano Skill de alvo único recebido por <Orange>{EffectParam2}</>%",Efeito da Forma Abissal II,
140204,Forma Abissal II,"Aumenta o dano contra alvos queimados e envenenados em <Orange>{EffectParam1}</>%
Reduz o dano Skill de alvo único recebido por <Orange>{EffectParam2}</>%",Efeito da Forma Abissal II,
140205,Forma Abissal II,"Aumenta o dano contra alvos queimados e envenenados em <Orange>{EffectParam1}</>%
Reduz o dano Skill de alvo único recebido por <Orange>{EffectParam2}</>%",Efeito da Forma Abissal II,
140206,Forma Abissal II,"Aumenta o dano contra alvos queimados e envenenados em <Orange>{EffectParam1}</>%
Reduz o dano Skill de alvo único recebido por <Orange>{EffectParam2}</>%",Efeito da Forma Abissal II,
140301,Forma Abissal III,Aumenta a penetração em <Orange>{EffectParam1}</>,Forma Abissal III Efeito,
140302,Forma Abissal III,Aumenta a penetração em <Orange>{EffectParam1}</>,Forma Abissal III Efeito,
140303,Forma Abissal III,Aumenta a penetração em <Orange>{EffectParam1}</>,Forma Abissal III Efeito,
140304,Forma Abissal III,Aumenta a penetração em <Orange>{EffectParam1}</>,Forma Abissal III Efeito,
140305,Forma Abissal III,Aumenta a penetração em <Orange>{EffectParam1}</>,Forma Abissal III Efeito,
140306,Forma Abissal III,Aumenta a penetração em <Orange>{EffectParam1}</>,Forma Abissal III Efeito,
140401,Formulário de animação I,Recupera um <Orange>{EffectParam1}</>% adicional do HP máximo após a ressurreição,Forma de animação I Efeito,
140402,Formulário de animação I,Recupera um <Orange>{EffectParam1}</>% adicional do HP máximo após a ressurreição,Forma de animação I Efeito,
140403,Formulário de animação I,Recupera um <Orange>{EffectParam1}</>% adicional do HP máximo após a ressurreição,Forma de animação I Efeito,
140404,Formulário de animação I,Recupera um <Orange>{EffectParam1}</>% adicional do HP máximo após a ressurreição,Forma de animação I Efeito,
140405,Formulário de animação I,Recupera um <Orange>{EffectParam1}</>% adicional do HP máximo após a ressurreição,Forma de animação I Efeito,
140406,Formulário de animação I,Recupera um <Orange>{EffectParam1}</>% adicional do HP máximo após a ressurreição,Forma de animação I Efeito,
140501,Formulário de animação II,"Aumenta o dano contra alvos congelados/sangrando em <Orange>{EffectParam1}</>%
Reduz o dano recebido de vários alvos Skills em <Orange>{EffectParam2}</>%",Efeito de forma de animação II,
140502,Formulário de animação II,"Aumenta o dano contra alvos congelados/sangrando em <Orange>{EffectParam1}</>%
Reduz o dano recebido de vários alvos Skills em <Orange>{EffectParam2}</>%",Efeito de forma de animação II,
140503,Formulário de animação II,"Aumenta o dano contra alvos congelados/sangrando em <Orange>{EffectParam1}</>%
Reduz o dano recebido de vários alvos Skills em <Orange>{EffectParam2}</>%",Efeito de forma de animação II,
140504,Formulário de animação II,"Aumenta o dano contra alvos congelados/sangrando em <Orange>{EffectParam1}</>%
Reduz o dano recebido de vários alvos Skills em <Orange>{EffectParam2}</>%",Efeito de forma de animação II,
140505,Formulário de animação II,"Aumenta o dano contra alvos congelados/sangrando em <Orange>{EffectParam1}</>%
Reduz o dano recebido de vários alvos Skills em <Orange>{EffectParam2}</>%",Efeito de forma de animação II,
140506,Formulário de animação II,"Aumenta o dano contra alvos congelados/sangrando em <Orange>{EffectParam1}</>%
Reduz o dano recebido de vários alvos Skills em <Orange>{EffectParam2}</>%",Efeito de forma de animação II,
140601,Forma de Anima III,Aumenta o bloqueio em <Orange>{EffectParam1}</>,Forma de animação III Efeito,
140602,Forma de Anima III,Aumenta o bloqueio em <Orange>{EffectParam1}</>,Forma de animação III Efeito,
140603,Forma de Anima III,Aumenta o bloqueio em <Orange>{EffectParam1}</>,Forma de animação III Efeito,
140604,Forma de Anima III,Aumenta o bloqueio em <Orange>{EffectParam1}</>,Forma de animação III Efeito,
140605,Forma de Anima III,Aumenta o bloqueio em <Orange>{EffectParam1}</>,Forma de animação III Efeito,
140606,Forma de Anima III,Aumenta o bloqueio em <Orange>{EffectParam1}</>,Forma de animação III Efeito,
140701,Forma indomável I,"Aumenta Dano recebido enquanto estiver na [Postura de Ataque] por <Orange>{EffectParam1}</>% 
Reduz o dano recebido enquanto estiver em [Specialized] por <Orange>{EffectParam2}</>%",Efeito Indomável Forma I,
140702,Forma indomável I,"Aumenta Dano recebido enquanto estiver na [Postura de Ataque] por <Orange>{EffectParam1}</>% 
Reduz o dano recebido enquanto estiver em [Specialized] por <Orange>{EffectParam2}</>%",Efeito Indomável Forma I,
140703,Forma indomável I,"Aumenta Dano recebido enquanto estiver na [Postura de Ataque] por <Orange>{EffectParam1}</>% 
Reduz o dano recebido enquanto estiver em [Specialized] por <Orange>{EffectParam2}</>%",Efeito Indomável Forma I,
140704,Forma indomável I,"Aumenta Dano recebido enquanto estiver na [Postura de Ataque] por <Orange>{EffectParam1}</>% 
Reduz o dano recebido enquanto estiver em [Specialized] por <Orange>{EffectParam2}</>%",Efeito Indomável Forma I,
140705,Forma indomável I,"Aumenta Dano recebido enquanto estiver na [Postura de Ataque] por <Orange>{EffectParam1}</>% 
Reduz o dano recebido enquanto estiver em [Specialized] por <Orange>{EffectParam2}</>%",Efeito Indomável Forma I,
140706,Forma indomável I,"Aumenta Dano recebido enquanto estiver na [Postura de Ataque] por <Orange>{EffectParam1}</>% 
Reduz o dano recebido enquanto estiver em [Specialized] por <Orange>{EffectParam2}</>%",Efeito Indomável Forma I,
140801,Forma indomável II,"Aumenta o dano em [{EffectParam1}]% enquanto estiver no <Orange>Special</> Postura
Reduz o dano recebido em [{EffectParam2}]% enquanto está na postura <Orange>Attack</>",Forma Indomável II Efeito,
140802,Forma indomável II,"Aumenta o dano em [{EffectParam1}]% enquanto estiver no <Orange>Special</> Postura
Reduz o dano recebido em [{EffectParam2}]% enquanto está na postura <Orange>Attack</>",Forma Indomável II Efeito,
140803,Forma indomável II,"Aumenta o dano em [{EffectParam1}]% enquanto estiver no <Orange>Special</> Postura
Reduz o dano recebido em [{EffectParam2}]% enquanto está na postura <Orange>Attack</>",Forma Indomável II Efeito,
140804,Forma indomável II,"Aumenta o dano em [{EffectParam1}]% enquanto estiver no <Orange>Special</> Postura
Reduz o dano recebido em [{EffectParam2}]% enquanto está na postura <Orange>Attack</>",Forma Indomável II Efeito,
140805,Forma indomável II,"Aumenta o dano em [{EffectParam1}]% enquanto estiver no <Orange>Special</> Postura
Reduz o dano recebido em [{EffectParam2}]% enquanto está na postura <Orange>Attack</>",Forma Indomável II Efeito,
140806,Forma indomável II,"Aumenta o dano em [{EffectParam1}]% enquanto estiver no <Orange>Special</> Postura
Reduz o dano recebido em [{EffectParam2}]% enquanto está na postura <Orange>Attack</>",Forma Indomável II Efeito,
110000,Fall Damage,,,
110010,Deslizar,,,
100000,,,,
101001,Oblivion,Incapaz de agir e sofre mais dano enquanto estiver sob o estado <Red>{Param}</>,Desativado,Oblivion
101002,Oblivion,Incapaz de agir e sofre mais dano enquanto estiver sob o estado <Red>{Param}</>,Desativado,Oblivion
101003,Oblivion,Incapaz de agir e sofre mais dano enquanto estiver sob o estado <Red>{Param}</>,Desativado,Oblivion
101004,Oblivion,Incapaz de agir e sofre mais dano enquanto estiver sob o estado <Red>{Param}</>,Desativado,Oblivion
101005,Oblivion,Incapaz de agir e sofre mais dano enquanto estiver sob o estado <Red>{Param}</>,Desativado,Oblivion
101006,Oblivion,Incapaz de agir e sofre mais dano enquanto estiver sob o estado <Red>{Param}</>,Desativado,Oblivion
101007,Oblivion,Incapaz de agir e sofre mais dano enquanto estiver sob o estado <Red>{Param}</>,Desativado,Oblivion
101008,Oblivion,Incapaz de agir e sofre mais dano enquanto estiver sob o estado <Red>{Param}</>,Desativado,Oblivion
101009,Oblivion,Incapaz de agir e sofre mais dano enquanto estiver sob o estado <Red>{Param}</>,Desativado,Oblivion
101010,Oblivion,Incapaz de agir e sofre mais dano enquanto estiver sob o estado <Red>{Param}</>,Desativado,Oblivion
101011,Oblivion,Incapaz de agir e sofre mais dano enquanto estiver sob o estado <Red>{Param}</>,Desativado,Oblivion
101012,Oblivion,Incapaz de agir e sofre mais dano enquanto estiver sob o estado <Red>{Param}</>,Desativado,Oblivion
101013,Oblivion,Incapaz de agir e sofre mais dano enquanto estiver sob o estado <Red>{Param}</>,Desativado,Oblivion
101014,Oblivion,Incapaz de agir e sofre mais dano enquanto estiver sob o estado <Red>{Param}</>,Desativado,Oblivion
101015,Oblivion,Incapaz de agir e sofre mais dano enquanto estiver sob o estado <Red>{Param}</>,Desativado,Oblivion
101016,Oblivion,Incapaz de agir e sofre mais dano enquanto estiver sob o estado <Red>{Param}</>,Desativado,Oblivion
101017,Oblivion,Incapaz de agir e sofre mais dano enquanto estiver sob o estado <Red>{Param}</>,Desativado,Oblivion
101018,Oblivion,Incapaz de agir e sofre mais dano enquanto estiver sob o estado <Red>{Param}</>,Desativado,Oblivion
101019,Oblivion,Incapaz de agir e sofre mais dano enquanto estiver sob o estado <Red>{Param}</>,Desativado,Oblivion
101020,Oblivion,Incapaz de agir e sofre mais dano enquanto estiver sob o estado <Red>{Param}</>,Desativado,Oblivion
101021,Oblivion,Incapaz de agir e sofre mais dano enquanto estiver sob o estado <Red>{Param}</>,Desativado,Oblivion
101022,Oblivion,Incapaz de agir e sofre mais dano enquanto estiver sob o estado <Red>{Param}</>,Desativado,Oblivion
101023,Oblivion,Incapaz de agir e sofre mais dano enquanto estiver sob o estado <Red>{Param}</>,Desativado,Oblivion
101024,Oblivion,Incapaz de agir e sofre mais dano enquanto estiver sob o estado <Red>{Param}</>,Desativado,Oblivion
101025,Oblivion,Incapaz de agir e sofre mais dano enquanto estiver sob o estado <Red>{Param}</>,Desativado,Oblivion
101026,Oblivion,Incapaz de agir e sofre mais dano enquanto estiver sob o estado <Red>{Param}</>,Desativado,Oblivion
101027,Oblivion,Incapaz de agir e sofre mais dano enquanto estiver sob o estado <Red>{Param}</>,Desativado,Oblivion
101028,Oblivion,Incapaz de agir e sofre mais dano enquanto estiver sob o estado <Red>{Param}</>,Desativado,Oblivion
101029,Oblivion,Incapaz de agir e sofre mais dano enquanto estiver sob o estado <Red>{Param}</>,Desativado,Oblivion
101030,Oblivion,Incapaz de agir e sofre mais dano enquanto estiver sob o estado <Red>{Param}</>,Desativado,Oblivion
101031,Oblivion,Incapaz de agir e sofre mais dano enquanto estiver sob o estado <Red>{Param}</>,Desativado,Oblivion
101032,Oblivion,Incapaz de agir e sofre mais dano enquanto estiver sob o estado <Red>{Param}</>,Desativado,Oblivion
101033,Oblivion,Incapaz de agir e sofre mais dano enquanto estiver sob o estado <Red>{Param}</>,Desativado,Oblivion
101034,Oblivion,Incapaz de agir e sofre mais dano enquanto estiver sob o estado <Red>{Param}</>,Desativado,Oblivion
101035,Oblivion,Incapaz de agir e sofre mais dano enquanto estiver sob o estado <Red>{Param}</>,Desativado,Oblivion
101036,Oblivion,Incapaz de agir e sofre mais dano enquanto estiver sob o estado <Red>{Param}</>,Desativado,Oblivion
101037,Oblivion,Incapaz de agir e sofre mais dano enquanto estiver sob o estado <Red>{Param}</>,Desativado,Oblivion
101038,Oblivion,Incapaz de agir e sofre mais dano enquanto estiver sob o estado <Red>{Param}</>,Desativado,Oblivion
101039,Oblivion,Incapaz de agir e sofre mais dano enquanto estiver sob o estado <Red>{Param}</>,Desativado,Oblivion
101040,Oblivion,Incapaz de agir e sofre mais dano enquanto estiver sob o estado <Red>{Param}</>,Desativado,Oblivion
101041,Oblivion,Incapaz de agir e sofre mais dano enquanto estiver sob o estado <Red>{Param}</>,Desativado,Oblivion
101042,Oblivion,Incapaz de agir e sofre mais dano enquanto estiver sob o estado <Red>{Param}</>,Desativado,Oblivion
101043,Oblivion,Incapaz de agir e sofre mais dano enquanto estiver sob o estado <Red>{Param}</>,Desativado,Oblivion
101044,Oblivion,Incapaz de agir e sofre mais dano enquanto estiver sob o estado <Red>{Param}</>,Desativado,Oblivion
101045,Oblivion,Incapaz de agir e sofre mais dano enquanto estiver sob o estado <Red>{Param}</>,Desativado,Oblivion
101046,Oblivion,Incapaz de agir e sofre mais dano enquanto estiver sob o estado <Red>{Param}</>,Desativado,Oblivion
101047,Oblivion,Incapaz de agir e sofre mais dano enquanto estiver sob o estado <Red>{Param}</>,Desativado,Oblivion
101048,Oblivion,Incapaz de agir e sofre mais dano enquanto estiver sob o estado <Red>{Param}</>,Desativado,Oblivion
101049,Oblivion,Incapaz de agir e sofre mais dano enquanto estiver sob o estado <Red>{Param}</>,Desativado,Oblivion
101050,Oblivion,Incapaz de agir e sofre mais dano enquanto estiver sob o estado <Red>{Param}</>,Desativado,Oblivion
101051,Oblivion,Incapaz de agir e sofre mais dano enquanto estiver sob o estado <Red>{Param}</>,Desativado,Oblivion
101052,Oblivion,Incapaz de agir e sofre mais dano enquanto estiver sob o estado <Red>{Param}</>,Desativado,Oblivion
101053,Oblivion,Incapaz de agir e sofre mais dano enquanto estiver sob o estado <Red>{Param}</>,Desativado,Oblivion
101054,Oblivion,Incapaz de agir e sofre mais dano enquanto estiver sob o estado <Red>{Param}</>,Desativado,Oblivion
101055,Oblivion,Incapaz de agir e sofre mais dano enquanto estiver sob o estado <Red>{Param}</>,Desativado,Oblivion
101056,Oblivion,Incapaz de agir e sofre mais dano enquanto estiver sob o estado <Red>{Param}</>,Desativado,Oblivion
101057,Oblivion,Incapaz de agir e sofre mais dano enquanto estiver sob o estado <Red>{Param}</>,Desativado,Oblivion
101058,Oblivion,Incapaz de agir e sofre mais dano enquanto estiver sob o estado <Red>{Param}</>,Desativado,Oblivion
101059,Oblivion,Incapaz de agir e sofre mais dano enquanto estiver sob o estado <Red>{Param}</>,Desativado,Oblivion
101060,Oblivion,Incapaz de agir e sofre mais dano enquanto estiver sob o estado <Red>{Param}</>,Desativado,Oblivion
101061,Oblivion,Incapaz de agir e sofre mais dano enquanto estiver sob o estado <Red>{Param}</>,Desativado,Oblivion
101062,Oblivion,Incapaz de agir e sofre mais dano enquanto estiver sob o estado <Red>{Param}</>,Desativado,Oblivion
101063,Oblivion,Incapaz de agir e sofre mais dano enquanto estiver sob o estado <Red>{Param}</>,Desativado,Oblivion
101064,Oblivion,Incapaz de agir e sofre mais dano enquanto estiver sob o estado <Red>{Param}</>,Desativado,Oblivion
101065,Oblivion,Incapaz de agir e sofre mais dano enquanto estiver sob o estado <Red>{Param}</>,Desativado,Oblivion
101066,Oblivion,Incapaz de agir e sofre mais dano enquanto estiver sob o estado <Red>{Param}</>,Desativado,Oblivion
101067,Oblivion,Incapaz de agir e sofre mais dano enquanto estiver sob o estado <Red>{Param}</>,Desativado,Oblivion
101068,Oblivion,Incapaz de agir e sofre mais dano enquanto estiver sob o estado <Red>{Param}</>,Desativado,Oblivion
101069,Oblivion,Incapaz de agir e sofre mais dano enquanto estiver sob o estado <Red>{Param}</>,Desativado,Oblivion
101070,Oblivion,Incapaz de agir e sofre mais dano enquanto estiver sob o estado <Red>{Param}</>,Desativado,Oblivion
101071,Oblivion,Incapaz de agir e sofre mais dano enquanto estiver sob o estado <Red>{Param}</>,Desativado,Oblivion
101072,Oblivion,Incapaz de agir e sofre mais dano enquanto estiver sob o estado <Red>{Param}</>,Desativado,Oblivion
101073,Oblivion,Incapaz de agir e sofre mais dano enquanto estiver sob o estado <Red>{Param}</>,Desativado,Oblivion
101074,Oblivion,Incapaz de agir e sofre mais dano enquanto estiver sob o estado <Red>{Param}</>,Desativado,Oblivion
101075,Oblivion,Incapaz de agir e sofre mais dano enquanto estiver sob o estado <Red>{Param}</>,Desativado,Oblivion
101076,Oblivion,Incapaz de agir e sofre mais dano enquanto estiver sob o estado <Red>{Param}</>,Desativado,Oblivion
101077,Oblivion,Incapaz de agir e sofre mais dano enquanto estiver sob o estado <Red>{Param}</>,Desativado,Oblivion
101078,Oblivion,Incapaz de agir e sofre mais dano enquanto estiver sob o estado <Red>{Param}</>,Desativado,Oblivion
101079,Oblivion,Incapaz de agir e sofre mais dano enquanto estiver sob o estado <Red>{Param}</>,Desativado,Oblivion
101080,Oblivion,Incapaz de agir e sofre mais dano enquanto estiver sob o estado <Red>{Param}</>,Desativado,Oblivion
101081,Oblivion,Incapaz de agir e sofre mais dano enquanto estiver sob o estado <Red>{Param}</>,Desativado,Oblivion
101082,Oblivion,Incapaz de agir e sofre mais dano enquanto estiver sob o estado <Red>{Param}</>,Desativado,Oblivion
101083,Oblivion,Incapaz de agir e sofre mais dano enquanto estiver sob o estado <Red>{Param}</>,Desativado,Oblivion
101084,Oblivion,Incapaz de agir e sofre mais dano enquanto estiver sob o estado <Red>{Param}</>,Desativado,Oblivion
101085,Oblivion,Incapaz de agir e sofre mais dano enquanto estiver sob o estado <Red>{Param}</>,Desativado,Oblivion
101086,Oblivion,Incapaz de agir e sofre mais dano enquanto estiver sob o estado <Red>{Param}</>,Desativado,Oblivion
101087,Oblivion,Incapaz de agir e sofre mais dano enquanto estiver sob o estado <Red>{Param}</>,Desativado,Oblivion
101088,Oblivion,Incapaz de agir e sofre mais dano enquanto estiver sob o estado <Red>{Param}</>,Desativado,Oblivion
101089,Oblivion,Incapaz de agir e sofre mais dano enquanto estiver sob o estado <Red>{Param}</>,Desativado,Oblivion
101090,Oblivion,Incapaz de agir e sofre mais dano enquanto estiver sob o estado <Red>{Param}</>,Desativado,Oblivion
101091,Oblivion,Incapaz de agir e sofre mais dano enquanto estiver sob o estado <Red>{Param}</>,Desativado,Oblivion
101092,Oblivion,Incapaz de agir e sofre mais dano enquanto estiver sob o estado <Red>{Param}</>,Desativado,Oblivion
101093,Oblivion,Incapaz de agir e sofre mais dano enquanto estiver sob o estado <Red>{Param}</>,Desativado,Oblivion
101094,Oblivion,Incapaz de agir e sofre mais dano enquanto estiver sob o estado <Red>{Param}</>,Desativado,Oblivion
101095,Oblivion,Incapaz de agir e sofre mais dano enquanto estiver sob o estado <Red>{Param}</>,Desativado,Oblivion
101096,Oblivion,Incapaz de agir e sofre mais dano enquanto estiver sob o estado <Red>{Param}</>,Desativado,Oblivion
101097,Oblivion,Incapaz de agir e sofre mais dano enquanto estiver sob o estado <Red>{Param}</>,Desativado,Oblivion
101098,Oblivion,Incapaz de agir e sofre mais dano enquanto estiver sob o estado <Red>{Param}</>,Desativado,Oblivion
101099,Oblivion,Incapaz de agir e sofre mais dano enquanto estiver sob o estado <Red>{Param}</>,Desativado,Oblivion
101100,Oblivion,Incapaz de agir e sofre mais dano enquanto estiver sob o estado <Red>{Param}</>,Desativado,Oblivion
101101,Oblivion,Incapaz de agir e sofre mais dano enquanto estiver sob o estado <Red>{Param}</>,Desativado,Oblivion
101102,Oblivion,Incapaz de agir e sofre mais dano enquanto estiver sob o estado <Red>{Param}</>,Desativado,Oblivion
101103,Oblivion,Incapaz de agir e sofre mais dano enquanto estiver sob o estado <Red>{Param}</>,Desativado,Oblivion
101104,Oblivion,Incapaz de agir e sofre mais dano enquanto estiver sob o estado <Red>{Param}</>,Desativado,Oblivion
101105,Oblivion,Incapaz de agir e sofre mais dano enquanto estiver sob o estado <Red>{Param}</>,Desativado,Oblivion
101106,Oblivion,Incapaz de agir e sofre mais dano enquanto estiver sob o estado <Red>{Param}</>,Desativado,Oblivion
101107,Oblivion,Incapaz de agir e sofre mais dano enquanto estiver sob o estado <Red>{Param}</>,Desativado,Oblivion
101108,Oblivion,Incapaz de agir e sofre mais dano enquanto estiver sob o estado <Red>{Param}</>,Desativado,Oblivion
101109,Oblivion,Incapaz de agir e sofre mais dano enquanto estiver sob o estado <Red>{Param}</>,Desativado,Oblivion
101110,Oblivion,Incapaz de agir e sofre mais dano enquanto estiver sob o estado <Red>{Param}</>,Desativado,Oblivion
101111,Oblivion,Incapaz de agir e sofre mais dano enquanto estiver sob o estado <Red>{Param}</>,Desativado,Oblivion
101112,Oblivion,Incapaz de agir e sofre mais dano enquanto estiver sob o estado <Red>{Param}</>,Desativado,Oblivion
101113,Oblivion,Incapaz de agir e sofre mais dano enquanto estiver sob o estado <Red>{Param}</>,Desativado,Oblivion
101114,Oblivion,Incapaz de agir e sofre mais dano enquanto estiver sob o estado <Red>{Param}</>,Desativado,Oblivion
101115,Oblivion,Incapaz de agir e sofre mais dano enquanto estiver sob o estado <Red>{Param}</>,Desativado,Oblivion
101116,Oblivion,Incapaz de agir e sofre mais dano enquanto estiver sob o estado <Red>{Param}</>,Desativado,Oblivion
101117,Oblivion,Incapaz de agir e sofre mais dano enquanto estiver sob o estado <Red>{Param}</>,Desativado,Oblivion
101118,Oblivion,Incapaz de agir e sofre mais dano enquanto estiver sob o estado <Red>{Param}</>,Desativado,Oblivion
101119,Oblivion,Incapaz de agir e sofre mais dano enquanto estiver sob o estado <Red>{Param}</>,Desativado,Oblivion
101120,Oblivion,Incapaz de agir e sofre mais dano enquanto estiver sob o estado <Red>{Param}</>,Desativado,Oblivion
101121,Oblivion,Incapaz de agir e sofre mais dano enquanto estiver sob o estado <Red>{Param}</>,Desativado,Oblivion
101122,Oblivion,Incapaz de agir e sofre mais dano enquanto estiver sob o estado <Red>{Param}</>,Desativado,Oblivion
101123,Oblivion,Incapaz de agir e sofre mais dano enquanto estiver sob o estado <Red>{Param}</>,Desativado,Oblivion
101124,Oblivion,Incapaz de agir e sofre mais dano enquanto estiver sob o estado <Red>{Param}</>,Desativado,Oblivion
101125,Oblivion,Incapaz de agir e sofre mais dano enquanto estiver sob o estado <Red>{Param}</>,Desativado,Oblivion
101126,Oblivion,Incapaz de agir e sofre mais dano enquanto estiver sob o estado <Red>{Param}</>,Desativado,Oblivion
101127,Oblivion,Incapaz de agir e sofre mais dano enquanto estiver sob o estado <Red>{Param}</>,Desativado,Oblivion
101128,Oblivion,Incapaz de agir e sofre mais dano enquanto estiver sob o estado <Red>{Param}</>,Desativado,Oblivion
101129,Oblivion,Incapaz de agir e sofre mais dano enquanto estiver sob o estado <Red>{Param}</>,Desativado,Oblivion
101130,Oblivion,Incapaz de agir e sofre mais dano enquanto estiver sob o estado <Red>{Param}</>,Desativado,Oblivion
101131,Oblivion,Incapaz de agir e sofre mais dano enquanto estiver sob o estado <Red>{Param}</>,Desativado,Oblivion
101132,Oblivion,Incapaz de agir e sofre mais dano enquanto estiver sob o estado <Red>{Param}</>,Desativado,Oblivion
101133,Oblivion,Incapaz de agir e sofre mais dano enquanto estiver sob o estado <Red>{Param}</>,Desativado,Oblivion
101134,Oblivion,Incapaz de agir e sofre mais dano enquanto estiver sob o estado <Red>{Param}</>,Desativado,Oblivion
101135,Oblivion,Incapaz de agir e sofre mais dano enquanto estiver sob o estado <Red>{Param}</>,Desativado,Oblivion
101136,Oblivion,Incapaz de agir e sofre mais dano enquanto estiver sob o estado <Red>{Param}</>,Desativado,Oblivion
101137,Oblivion,Incapaz de agir e sofre mais dano enquanto estiver sob o estado <Red>{Param}</>,Desativado,Oblivion
101138,Oblivion,Incapaz de agir e sofre mais dano enquanto estiver sob o estado <Red>{Param}</>,Desativado,Oblivion
101139,Oblivion,Incapaz de agir e sofre mais dano enquanto estiver sob o estado <Red>{Param}</>,Desativado,Oblivion
101140,Oblivion,Incapaz de agir e sofre mais dano enquanto estiver sob o estado <Red>{Param}</>,Desativado,Oblivion
101141,Oblivion,Incapaz de agir e sofre mais dano enquanto estiver sob o estado <Red>{Param}</>,Desativado,Oblivion
101142,Oblivion,Incapaz de agir e sofre mais dano enquanto estiver sob o estado <Red>{Param}</>,Desativado,Oblivion
101143,Oblivion,Incapaz de agir e sofre mais dano enquanto estiver sob o estado <Red>{Param}</>,Desativado,Oblivion
101144,Oblivion,Incapaz de agir e sofre mais dano enquanto estiver sob o estado <Red>{Param}</>,Desativado,Oblivion
101145,Oblivion,Incapaz de agir e sofre mais dano enquanto estiver sob o estado <Red>{Param}</>,Desativado,Oblivion
101146,Oblivion,Incapaz de agir e sofre mais dano enquanto estiver sob o estado <Red>{Param}</>,Desativado,Oblivion
101147,Oblivion,Incapaz de agir e sofre mais dano enquanto estiver sob o estado <Red>{Param}</>,Desativado,Oblivion
101148,Oblivion,Incapaz de agir e sofre mais dano enquanto estiver sob o estado <Red>{Param}</>,Desativado,Oblivion
101149,Oblivion,Incapaz de agir e sofre mais dano enquanto estiver sob o estado <Red>{Param}</>,Desativado,Oblivion
101150,Oblivion,Incapaz de agir e sofre mais dano enquanto estiver sob o estado <Red>{Param}</>,Desativado,Oblivion
101151,Oblivion,Incapaz de agir e sofre mais dano enquanto estiver sob o estado <Red>{Param}</>,Desativado,Oblivion
101152,Oblivion,Incapaz de agir e sofre mais dano enquanto estiver sob o estado <Red>{Param}</>,Desativado,Oblivion
101153,Oblivion,Incapaz de agir e sofre mais dano enquanto estiver sob o estado <Red>{Param}</>,Desativado,Oblivion
101154,Oblivion,Incapaz de agir e sofre mais dano enquanto estiver sob o estado <Red>{Param}</>,Desativado,Oblivion
101155,Oblivion,Incapaz de agir e sofre mais dano enquanto estiver sob o estado <Red>{Param}</>,Desativado,Oblivion
101156,Oblivion,Incapaz de agir e sofre mais dano enquanto estiver sob o estado <Red>{Param}</>,Desativado,Oblivion
101157,Oblivion,Incapaz de agir e sofre mais dano enquanto estiver sob o estado <Red>{Param}</>,Desativado,Oblivion
101158,Oblivion,Incapaz de agir e sofre mais dano enquanto estiver sob o estado <Red>{Param}</>,Desativado,Oblivion
101159,Oblivion,Incapaz de agir e sofre mais dano enquanto estiver sob o estado <Red>{Param}</>,Desativado,Oblivion
101160,Oblivion,Incapaz de agir e sofre mais dano enquanto estiver sob o estado <Red>{Param}</>,Desativado,Oblivion
101161,Oblivion,Incapaz de agir e sofre mais dano enquanto estiver sob o estado <Red>{Param}</>,Desativado,Oblivion
101162,Oblivion,Incapaz de agir e sofre mais dano enquanto estiver sob o estado <Red>{Param}</>,Desativado,Oblivion
101163,Oblivion,Incapaz de agir e sofre mais dano enquanto estiver sob o estado <Red>{Param}</>,Desativado,Oblivion
101164,Oblivion,Incapaz de agir e sofre mais dano enquanto estiver sob o estado <Red>{Param}</>,Desativado,Oblivion
101165,Oblivion,Incapaz de agir e sofre mais dano enquanto estiver sob o estado <Red>{Param}</>,Desativado,Oblivion
101166,Oblivion,Incapaz de agir e sofre mais dano enquanto estiver sob o estado <Red>{Param}</>,Desativado,Oblivion
101167,Oblivion,Incapaz de agir e sofre mais dano enquanto estiver sob o estado <Red>{Param}</>,Desativado,Oblivion
101168,Oblivion,Incapaz de agir e sofre mais dano enquanto estiver sob o estado <Red>{Param}</>,Desativado,Oblivion
101169,Oblivion,Incapaz de agir e sofre mais dano enquanto estiver sob o estado <Red>{Param}</>,Desativado,Oblivion
101170,Oblivion,Incapaz de agir e sofre mais dano enquanto estiver sob o estado <Red>{Param}</>,Desativado,Oblivion
101171,Oblivion,Incapaz de agir e sofre mais dano enquanto estiver sob o estado <Red>{Param}</>,Desativado,Oblivion
101172,Oblivion,Incapaz de agir e sofre mais dano enquanto estiver sob o estado <Red>{Param}</>,Desativado,Oblivion
101173,Oblivion,Incapaz de agir e sofre mais dano enquanto estiver sob o estado <Red>{Param}</>,Desativado,Oblivion
101174,Oblivion,Incapaz de agir e sofre mais dano enquanto estiver sob o estado <Red>{Param}</>,Desativado,Oblivion
101175,Oblivion,Incapaz de agir e sofre mais dano enquanto estiver sob o estado <Red>{Param}</>,Desativado,Oblivion
101176,Oblivion,Incapaz de agir e sofre mais dano enquanto estiver sob o estado <Red>{Param}</>,Desativado,Oblivion
101177,Oblivion,Incapaz de agir e sofre mais dano enquanto estiver sob o estado <Red>{Param}</>,Desativado,Oblivion
101178,Oblivion,Incapaz de agir e sofre mais dano enquanto estiver sob o estado <Red>{Param}</>,Desativado,Oblivion
101179,Oblivion,Incapaz de agir e sofre mais dano enquanto estiver sob o estado <Red>{Param}</>,Desativado,Oblivion
101180,Oblivion,Incapaz de agir e sofre mais dano enquanto estiver sob o estado <Red>{Param}</>,Desativado,Oblivion
101181,Oblivion,Incapaz de agir e sofre mais dano enquanto estiver sob o estado <Red>{Param}</>,Desativado,Oblivion
101182,Oblivion,Incapaz de agir e sofre mais dano enquanto estiver sob o estado <Red>{Param}</>,Desativado,Oblivion
101183,Oblivion,Incapaz de agir e sofre mais dano enquanto estiver sob o estado <Red>{Param}</>,Desativado,Oblivion
101184,Oblivion,Incapaz de agir e sofre mais dano enquanto estiver sob o estado <Red>{Param}</>,Desativado,Oblivion
101185,Oblivion,Incapaz de agir e sofre mais dano enquanto estiver sob o estado <Red>{Param}</>,Desativado,Oblivion
101186,Oblivion,Incapaz de agir e sofre mais dano enquanto estiver sob o estado <Red>{Param}</>,Desativado,Oblivion
101187,Oblivion,Incapaz de agir e sofre mais dano enquanto estiver sob o estado <Red>{Param}</>,Desativado,Oblivion
101188,Oblivion,Incapaz de agir e sofre mais dano enquanto estiver sob o estado <Red>{Param}</>,Desativado,Oblivion
101189,Oblivion,Incapaz de agir e sofre mais dano enquanto estiver sob o estado <Red>{Param}</>,Desativado,Oblivion
101190,Oblivion,Incapaz de agir e sofre mais dano enquanto estiver sob o estado <Red>{Param}</>,Desativado,Oblivion
101191,Oblivion,Incapaz de agir e sofre mais dano enquanto estiver sob o estado <Red>{Param}</>,Desativado,Oblivion
101192,Oblivion,Incapaz de agir e sofre mais dano enquanto estiver sob o estado <Red>{Param}</>,Desativado,Oblivion
101193,Oblivion,Incapaz de agir e sofre mais dano enquanto estiver sob o estado <Red>{Param}</>,Desativado,Oblivion
101194,Oblivion,Incapaz de agir e sofre mais dano enquanto estiver sob o estado <Red>{Param}</>,Desativado,Oblivion
101195,Oblivion,Incapaz de agir e sofre mais dano enquanto estiver sob o estado <Red>{Param}</>,Desativado,Oblivion
101196,Oblivion,Incapaz de agir e sofre mais dano enquanto estiver sob o estado <Red>{Param}</>,Desativado,Oblivion
101197,Oblivion,Incapaz de agir e sofre mais dano enquanto estiver sob o estado <Red>{Param}</>,Desativado,Oblivion
101198,Oblivion,Incapaz de agir e sofre mais dano enquanto estiver sob o estado <Red>{Param}</>,Desativado,Oblivion
101199,Oblivion,Incapaz de agir e sofre mais dano enquanto estiver sob o estado <Red>{Param}</>,Desativado,Oblivion
101200,Oblivion,Incapaz de agir e sofre mais dano enquanto estiver sob o estado <Red>{Param}</>,Desativado,Oblivion
102001,Invasão,Incapaz de agir e sofre mais dano enquanto estiver sob o estado <Red>{Param}</>,Desativado,Invasão
102002,Invasão,Incapaz de agir e sofre mais dano enquanto estiver sob o estado <Red>{Param}</>,Desativado,Invasão
102003,Invasão,Incapaz de agir e sofre mais dano enquanto estiver sob o estado <Red>{Param}</>,Desativado,Invasão
102004,Invasão,Incapaz de agir e sofre mais dano enquanto estiver sob o estado <Red>{Param}</>,Desativado,Invasão
102005,Invasão,Incapaz de agir e sofre mais dano enquanto estiver sob o estado <Red>{Param}</>,Desativado,Invasão
102006,Invasão,Incapaz de agir e sofre mais dano enquanto estiver sob o estado <Red>{Param}</>,Desativado,Invasão
102007,Invasão,Incapaz de agir e sofre mais dano enquanto estiver sob o estado <Red>{Param}</>,Desativado,Invasão
102008,Invasão,Incapaz de agir e sofre mais dano enquanto estiver sob o estado <Red>{Param}</>,Desativado,Invasão
102009,Invasão,Incapaz de agir e sofre mais dano enquanto estiver sob o estado <Red>{Param}</>,Desativado,Invasão
102010,Invasão,Incapaz de agir e sofre mais dano enquanto estiver sob o estado <Red>{Param}</>,Desativado,Invasão
102011,Invasão,Incapaz de agir e sofre mais dano enquanto estiver sob o estado <Red>{Param}</>,Desativado,Invasão
102012,Invasão,Incapaz de agir e sofre mais dano enquanto estiver sob o estado <Red>{Param}</>,Desativado,Invasão
102013,Invasão,Incapaz de agir e sofre mais dano enquanto estiver sob o estado <Red>{Param}</>,Desativado,Invasão
102014,Invasão,Incapaz de agir e sofre mais dano enquanto estiver sob o estado <Red>{Param}</>,Desativado,Invasão
102015,Invasão,Incapaz de agir e sofre mais dano enquanto estiver sob o estado <Red>{Param}</>,Desativado,Invasão
102016,Invasão,Incapaz de agir e sofre mais dano enquanto estiver sob o estado <Red>{Param}</>,Desativado,Invasão
102017,Invasão,Incapaz de agir e sofre mais dano enquanto estiver sob o estado <Red>{Param}</>,Desativado,Invasão
102018,Invasão,Incapaz de agir e sofre mais dano enquanto estiver sob o estado <Red>{Param}</>,Desativado,Invasão
102019,Invasão,Incapaz de agir e sofre mais dano enquanto estiver sob o estado <Red>{Param}</>,Desativado,Invasão
102020,Invasão,Incapaz de agir e sofre mais dano enquanto estiver sob o estado <Red>{Param}</>,Desativado,Invasão
102021,Invasão,Incapaz de agir e sofre mais dano enquanto estiver sob o estado <Red>{Param}</>,Desativado,Invasão
102022,Invasão,Incapaz de agir e sofre mais dano enquanto estiver sob o estado <Red>{Param}</>,Desativado,Invasão
102023,Invasão,Incapaz de agir e sofre mais dano enquanto estiver sob o estado <Red>{Param}</>,Desativado,Invasão
102024,Invasão,Incapaz de agir e sofre mais dano enquanto estiver sob o estado <Red>{Param}</>,Desativado,Invasão
102025,Invasão,Incapaz de agir e sofre mais dano enquanto estiver sob o estado <Red>{Param}</>,Desativado,Invasão
102026,Invasão,Incapaz de agir e sofre mais dano enquanto estiver sob o estado <Red>{Param}</>,Desativado,Invasão
102027,Invasão,Incapaz de agir e sofre mais dano enquanto estiver sob o estado <Red>{Param}</>,Desativado,Invasão
102028,Invasão,Incapaz de agir e sofre mais dano enquanto estiver sob o estado <Red>{Param}</>,Desativado,Invasão
102029,Invasão,Incapaz de agir e sofre mais dano enquanto estiver sob o estado <Red>{Param}</>,Desativado,Invasão
102030,Invasão,Incapaz de agir e sofre mais dano enquanto estiver sob o estado <Red>{Param}</>,Desativado,Invasão
102031,Invasão,Incapaz de agir e sofre mais dano enquanto estiver sob o estado <Red>{Param}</>,Desativado,Invasão
102032,Invasão,Incapaz de agir e sofre mais dano enquanto estiver sob o estado <Red>{Param}</>,Desativado,Invasão
102033,Invasão,Incapaz de agir e sofre mais dano enquanto estiver sob o estado <Red>{Param}</>,Desativado,Invasão
102034,Invasão,Incapaz de agir e sofre mais dano enquanto estiver sob o estado <Red>{Param}</>,Desativado,Invasão
102035,Invasão,Incapaz de agir e sofre mais dano enquanto estiver sob o estado <Red>{Param}</>,Desativado,Invasão
102036,Invasão,Incapaz de agir e sofre mais dano enquanto estiver sob o estado <Red>{Param}</>,Desativado,Invasão
102037,Invasão,Incapaz de agir e sofre mais dano enquanto estiver sob o estado <Red>{Param}</>,Desativado,Invasão
102038,Invasão,Incapaz de agir e sofre mais dano enquanto estiver sob o estado <Red>{Param}</>,Desativado,Invasão
102039,Invasão,Incapaz de agir e sofre mais dano enquanto estiver sob o estado <Red>{Param}</>,Desativado,Invasão
102040,Invasão,Incapaz de agir e sofre mais dano enquanto estiver sob o estado <Red>{Param}</>,Desativado,Invasão
102041,Invasão,Incapaz de agir e sofre mais dano enquanto estiver sob o estado <Red>{Param}</>,Desativado,Invasão
102042,Invasão,Incapaz de agir e sofre mais dano enquanto estiver sob o estado <Red>{Param}</>,Desativado,Invasão
102043,Invasão,Incapaz de agir e sofre mais dano enquanto estiver sob o estado <Red>{Param}</>,Desativado,Invasão
102044,Invasão,Incapaz de agir e sofre mais dano enquanto estiver sob o estado <Red>{Param}</>,Desativado,Invasão
102045,Invasão,Incapaz de agir e sofre mais dano enquanto estiver sob o estado <Red>{Param}</>,Desativado,Invasão
102046,Invasão,Incapaz de agir e sofre mais dano enquanto estiver sob o estado <Red>{Param}</>,Desativado,Invasão
102047,Invasão,Incapaz de agir e sofre mais dano enquanto estiver sob o estado <Red>{Param}</>,Desativado,Invasão
102048,Invasão,Incapaz de agir e sofre mais dano enquanto estiver sob o estado <Red>{Param}</>,Desativado,Invasão
102049,Invasão,Incapaz de agir e sofre mais dano enquanto estiver sob o estado <Red>{Param}</>,Desativado,Invasão
102050,Invasão,Incapaz de agir e sofre mais dano enquanto estiver sob o estado <Red>{Param}</>,Desativado,Invasão
102051,Invasão,Incapaz de agir e sofre mais dano enquanto estiver sob o estado <Red>{Param}</>,Desativado,Invasão
102052,Invasão,Incapaz de agir e sofre mais dano enquanto estiver sob o estado <Red>{Param}</>,Desativado,Invasão
102053,Invasão,Incapaz de agir e sofre mais dano enquanto estiver sob o estado <Red>{Param}</>,Desativado,Invasão
102054,Invasão,Incapaz de agir e sofre mais dano enquanto estiver sob o estado <Red>{Param}</>,Desativado,Invasão
102055,Invasão,Incapaz de agir e sofre mais dano enquanto estiver sob o estado <Red>{Param}</>,Desativado,Invasão
102056,Invasão,Incapaz de agir e sofre mais dano enquanto estiver sob o estado <Red>{Param}</>,Desativado,Invasão
102057,Invasão,Incapaz de agir e sofre mais dano enquanto estiver sob o estado <Red>{Param}</>,Desativado,Invasão
102058,Invasão,Incapaz de agir e sofre mais dano enquanto estiver sob o estado <Red>{Param}</>,Desativado,Invasão
102059,Invasão,Incapaz de agir e sofre mais dano enquanto estiver sob o estado <Red>{Param}</>,Desativado,Invasão
102060,Invasão,Incapaz de agir e sofre mais dano enquanto estiver sob o estado <Red>{Param}</>,Desativado,Invasão
102061,Invasão,Incapaz de agir e sofre mais dano enquanto estiver sob o estado <Red>{Param}</>,Desativado,Invasão
102062,Invasão,Incapaz de agir e sofre mais dano enquanto estiver sob o estado <Red>{Param}</>,Desativado,Invasão
102063,Invasão,Incapaz de agir e sofre mais dano enquanto estiver sob o estado <Red>{Param}</>,Desativado,Invasão
102064,Invasão,Incapaz de agir e sofre mais dano enquanto estiver sob o estado <Red>{Param}</>,Desativado,Invasão
102065,Invasão,Incapaz de agir e sofre mais dano enquanto estiver sob o estado <Red>{Param}</>,Desativado,Invasão
102066,Invasão,Incapaz de agir e sofre mais dano enquanto estiver sob o estado <Red>{Param}</>,Desativado,Invasão
102067,Invasão,Incapaz de agir e sofre mais dano enquanto estiver sob o estado <Red>{Param}</>,Desativado,Invasão
102068,Invasão,Incapaz de agir e sofre mais dano enquanto estiver sob o estado <Red>{Param}</>,Desativado,Invasão
102069,Invasão,Incapaz de agir e sofre mais dano enquanto estiver sob o estado <Red>{Param}</>,Desativado,Invasão
102070,Invasão,Incapaz de agir e sofre mais dano enquanto estiver sob o estado <Red>{Param}</>,Desativado,Invasão
102071,Invasão,Incapaz de agir e sofre mais dano enquanto estiver sob o estado <Red>{Param}</>,Desativado,Invasão
102072,Invasão,Incapaz de agir e sofre mais dano enquanto estiver sob o estado <Red>{Param}</>,Desativado,Invasão
102073,Invasão,Incapaz de agir e sofre mais dano enquanto estiver sob o estado <Red>{Param}</>,Desativado,Invasão
102074,Invasão,Incapaz de agir e sofre mais dano enquanto estiver sob o estado <Red>{Param}</>,Desativado,Invasão
102075,Invasão,Incapaz de agir e sofre mais dano enquanto estiver sob o estado <Red>{Param}</>,Desativado,Invasão
102076,Invasão,Incapaz de agir e sofre mais dano enquanto estiver sob o estado <Red>{Param}</>,Desativado,Invasão
102077,Invasão,Incapaz de agir e sofre mais dano enquanto estiver sob o estado <Red>{Param}</>,Desativado,Invasão
102078,Invasão,Incapaz de agir e sofre mais dano enquanto estiver sob o estado <Red>{Param}</>,Desativado,Invasão
102079,Invasão,Incapaz de agir e sofre mais dano enquanto estiver sob o estado <Red>{Param}</>,Desativado,Invasão
102080,Invasão,Incapaz de agir e sofre mais dano enquanto estiver sob o estado <Red>{Param}</>,Desativado,Invasão
102081,Invasão,Incapaz de agir e sofre mais dano enquanto estiver sob o estado <Red>{Param}</>,Desativado,Invasão
102082,Invasão,Incapaz de agir e sofre mais dano enquanto estiver sob o estado <Red>{Param}</>,Desativado,Invasão
102083,Invasão,Incapaz de agir e sofre mais dano enquanto estiver sob o estado <Red>{Param}</>,Desativado,Invasão
102084,Invasão,Incapaz de agir e sofre mais dano enquanto estiver sob o estado <Red>{Param}</>,Desativado,Invasão
102085,Invasão,Incapaz de agir e sofre mais dano enquanto estiver sob o estado <Red>{Param}</>,Desativado,Invasão
102086,Invasão,Incapaz de agir e sofre mais dano enquanto estiver sob o estado <Red>{Param}</>,Desativado,Invasão
102087,Invasão,Incapaz de agir e sofre mais dano enquanto estiver sob o estado <Red>{Param}</>,Desativado,Invasão
102088,Invasão,Incapaz de agir e sofre mais dano enquanto estiver sob o estado <Red>{Param}</>,Desativado,Invasão
102089,Invasão,Incapaz de agir e sofre mais dano enquanto estiver sob o estado <Red>{Param}</>,Desativado,Invasão
102090,Invasão,Incapaz de agir e sofre mais dano enquanto estiver sob o estado <Red>{Param}</>,Desativado,Invasão
102091,Invasão,Incapaz de agir e sofre mais dano enquanto estiver sob o estado <Red>{Param}</>,Desativado,Invasão
102092,Invasão,Incapaz de agir e sofre mais dano enquanto estiver sob o estado <Red>{Param}</>,Desativado,Invasão
102093,Invasão,Incapaz de agir e sofre mais dano enquanto estiver sob o estado <Red>{Param}</>,Desativado,Invasão
102094,Invasão,Incapaz de agir e sofre mais dano enquanto estiver sob o estado <Red>{Param}</>,Desativado,Invasão
102095,Invasão,Incapaz de agir e sofre mais dano enquanto estiver sob o estado <Red>{Param}</>,Desativado,Invasão
102096,Invasão,Incapaz de agir e sofre mais dano enquanto estiver sob o estado <Red>{Param}</>,Desativado,Invasão
102097,Invasão,Incapaz de agir e sofre mais dano enquanto estiver sob o estado <Red>{Param}</>,Desativado,Invasão
102098,Invasão,Incapaz de agir e sofre mais dano enquanto estiver sob o estado <Red>{Param}</>,Desativado,Invasão
102099,Invasão,Incapaz de agir e sofre mais dano enquanto estiver sob o estado <Red>{Param}</>,Desativado,Invasão
102100,Invasão,Incapaz de agir e sofre mais dano enquanto estiver sob o estado <Red>{Param}</>,Desativado,Invasão
102101,Invasão,Incapaz de agir e sofre mais dano enquanto estiver sob o estado <Red>{Param}</>,Desativado,Invasão
102102,Invasão,Incapaz de agir e sofre mais dano enquanto estiver sob o estado <Red>{Param}</>,Desativado,Invasão
102103,Invasão,Incapaz de agir e sofre mais dano enquanto estiver sob o estado <Red>{Param}</>,Desativado,Invasão
102104,Invasão,Incapaz de agir e sofre mais dano enquanto estiver sob o estado <Red>{Param}</>,Desativado,Invasão
102105,Invasão,Incapaz de agir e sofre mais dano enquanto estiver sob o estado <Red>{Param}</>,Desativado,Invasão
102106,Invasão,Incapaz de agir e sofre mais dano enquanto estiver sob o estado <Red>{Param}</>,Desativado,Invasão
102107,Invasão,Incapaz de agir e sofre mais dano enquanto estiver sob o estado <Red>{Param}</>,Desativado,Invasão
102108,Invasão,Incapaz de agir e sofre mais dano enquanto estiver sob o estado <Red>{Param}</>,Desativado,Invasão
102109,Invasão,Incapaz de agir e sofre mais dano enquanto estiver sob o estado <Red>{Param}</>,Desativado,Invasão
102110,Invasão,Incapaz de agir e sofre mais dano enquanto estiver sob o estado <Red>{Param}</>,Desativado,Invasão
102111,Invasão,Incapaz de agir e sofre mais dano enquanto estiver sob o estado <Red>{Param}</>,Desativado,Invasão
102112,Invasão,Incapaz de agir e sofre mais dano enquanto estiver sob o estado <Red>{Param}</>,Desativado,Invasão
102113,Invasão,Incapaz de agir e sofre mais dano enquanto estiver sob o estado <Red>{Param}</>,Desativado,Invasão
102114,Invasão,Incapaz de agir e sofre mais dano enquanto estiver sob o estado <Red>{Param}</>,Desativado,Invasão
102115,Invasão,Incapaz de agir e sofre mais dano enquanto estiver sob o estado <Red>{Param}</>,Desativado,Invasão
102116,Invasão,Incapaz de agir e sofre mais dano enquanto estiver sob o estado <Red>{Param}</>,Desativado,Invasão
102117,Invasão,Incapaz de agir e sofre mais dano enquanto estiver sob o estado <Red>{Param}</>,Desativado,Invasão
102118,Invasão,Incapaz de agir e sofre mais dano enquanto estiver sob o estado <Red>{Param}</>,Desativado,Invasão
102119,Invasão,Incapaz de agir e sofre mais dano enquanto estiver sob o estado <Red>{Param}</>,Desativado,Invasão
102120,Invasão,Incapaz de agir e sofre mais dano enquanto estiver sob o estado <Red>{Param}</>,Desativado,Invasão
102121,Invasão,Incapaz de agir e sofre mais dano enquanto estiver sob o estado <Red>{Param}</>,Desativado,Invasão
102122,Invasão,Incapaz de agir e sofre mais dano enquanto estiver sob o estado <Red>{Param}</>,Desativado,Invasão
102123,Invasão,Incapaz de agir e sofre mais dano enquanto estiver sob o estado <Red>{Param}</>,Desativado,Invasão
102124,Invasão,Incapaz de agir e sofre mais dano enquanto estiver sob o estado <Red>{Param}</>,Desativado,Invasão
102125,Invasão,Incapaz de agir e sofre mais dano enquanto estiver sob o estado <Red>{Param}</>,Desativado,Invasão
102126,Invasão,Incapaz de agir e sofre mais dano enquanto estiver sob o estado <Red>{Param}</>,Desativado,Invasão
102127,Invasão,Incapaz de agir e sofre mais dano enquanto estiver sob o estado <Red>{Param}</>,Desativado,Invasão
102128,Invasão,Incapaz de agir e sofre mais dano enquanto estiver sob o estado <Red>{Param}</>,Desativado,Invasão
102129,Invasão,Incapaz de agir e sofre mais dano enquanto estiver sob o estado <Red>{Param}</>,Desativado,Invasão
102130,Invasão,Incapaz de agir e sofre mais dano enquanto estiver sob o estado <Red>{Param}</>,Desativado,Invasão
102131,Invasão,Incapaz de agir e sofre mais dano enquanto estiver sob o estado <Red>{Param}</>,Desativado,Invasão
102132,Invasão,Incapaz de agir e sofre mais dano enquanto estiver sob o estado <Red>{Param}</>,Desativado,Invasão
102133,Invasão,Incapaz de agir e sofre mais dano enquanto estiver sob o estado <Red>{Param}</>,Desativado,Invasão
102134,Invasão,Incapaz de agir e sofre mais dano enquanto estiver sob o estado <Red>{Param}</>,Desativado,Invasão
102135,Invasão,Incapaz de agir e sofre mais dano enquanto estiver sob o estado <Red>{Param}</>,Desativado,Invasão
102136,Invasão,Incapaz de agir e sofre mais dano enquanto estiver sob o estado <Red>{Param}</>,Desativado,Invasão
102137,Invasão,Incapaz de agir e sofre mais dano enquanto estiver sob o estado <Red>{Param}</>,Desativado,Invasão
102138,Invasão,Incapaz de agir e sofre mais dano enquanto estiver sob o estado <Red>{Param}</>,Desativado,Invasão
102139,Invasão,Incapaz de agir e sofre mais dano enquanto estiver sob o estado <Red>{Param}</>,Desativado,Invasão
102140,Invasão,Incapaz de agir e sofre mais dano enquanto estiver sob o estado <Red>{Param}</>,Desativado,Invasão
102141,Invasão,Incapaz de agir e sofre mais dano enquanto estiver sob o estado <Red>{Param}</>,Desativado,Invasão
102142,Invasão,Incapaz de agir e sofre mais dano enquanto estiver sob o estado <Red>{Param}</>,Desativado,Invasão
102143,Invasão,Incapaz de agir e sofre mais dano enquanto estiver sob o estado <Red>{Param}</>,Desativado,Invasão
102144,Invasão,Incapaz de agir e sofre mais dano enquanto estiver sob o estado <Red>{Param}</>,Desativado,Invasão
102145,Invasão,Incapaz de agir e sofre mais dano enquanto estiver sob o estado <Red>{Param}</>,Desativado,Invasão
102146,Invasão,Incapaz de agir e sofre mais dano enquanto estiver sob o estado <Red>{Param}</>,Desativado,Invasão
102147,Invasão,Incapaz de agir e sofre mais dano enquanto estiver sob o estado <Red>{Param}</>,Desativado,Invasão
102148,Invasão,Incapaz de agir e sofre mais dano enquanto estiver sob o estado <Red>{Param}</>,Desativado,Invasão
102149,Invasão,Incapaz de agir e sofre mais dano enquanto estiver sob o estado <Red>{Param}</>,Desativado,Invasão
102150,Invasão,Incapaz de agir e sofre mais dano enquanto estiver sob o estado <Red>{Param}</>,Desativado,Invasão
102151,Invasão,Incapaz de agir e sofre mais dano enquanto estiver sob o estado <Red>{Param}</>,Desativado,Invasão
102152,Invasão,Incapaz de agir e sofre mais dano enquanto estiver sob o estado <Red>{Param}</>,Desativado,Invasão
102153,Invasão,Incapaz de agir e sofre mais dano enquanto estiver sob o estado <Red>{Param}</>,Desativado,Invasão
102154,Invasão,Incapaz de agir e sofre mais dano enquanto estiver sob o estado <Red>{Param}</>,Desativado,Invasão
102155,Invasão,Incapaz de agir e sofre mais dano enquanto estiver sob o estado <Red>{Param}</>,Desativado,Invasão
102156,Invasão,Incapaz de agir e sofre mais dano enquanto estiver sob o estado <Red>{Param}</>,Desativado,Invasão
102157,Invasão,Incapaz de agir e sofre mais dano enquanto estiver sob o estado <Red>{Param}</>,Desativado,Invasão
102158,Invasão,Incapaz de agir e sofre mais dano enquanto estiver sob o estado <Red>{Param}</>,Desativado,Invasão
102159,Invasão,Incapaz de agir e sofre mais dano enquanto estiver sob o estado <Red>{Param}</>,Desativado,Invasão
102160,Invasão,Incapaz de agir e sofre mais dano enquanto estiver sob o estado <Red>{Param}</>,Desativado,Invasão
102161,Invasão,Incapaz de agir e sofre mais dano enquanto estiver sob o estado <Red>{Param}</>,Desativado,Invasão
102162,Invasão,Incapaz de agir e sofre mais dano enquanto estiver sob o estado <Red>{Param}</>,Desativado,Invasão
102163,Invasão,Incapaz de agir e sofre mais dano enquanto estiver sob o estado <Red>{Param}</>,Desativado,Invasão
102164,Invasão,Incapaz de agir e sofre mais dano enquanto estiver sob o estado <Red>{Param}</>,Desativado,Invasão
102165,Invasão,Incapaz de agir e sofre mais dano enquanto estiver sob o estado <Red>{Param}</>,Desativado,Invasão
102166,Invasão,Incapaz de agir e sofre mais dano enquanto estiver sob o estado <Red>{Param}</>,Desativado,Invasão
102167,Invasão,Incapaz de agir e sofre mais dano enquanto estiver sob o estado <Red>{Param}</>,Desativado,Invasão
102168,Invasão,Incapaz de agir e sofre mais dano enquanto estiver sob o estado <Red>{Param}</>,Desativado,Invasão
102169,Invasão,Incapaz de agir e sofre mais dano enquanto estiver sob o estado <Red>{Param}</>,Desativado,Invasão
102170,Invasão,Incapaz de agir e sofre mais dano enquanto estiver sob o estado <Red>{Param}</>,Desativado,Invasão
102171,Invasão,Incapaz de agir e sofre mais dano enquanto estiver sob o estado <Red>{Param}</>,Desativado,Invasão
102172,Invasão,Incapaz de agir e sofre mais dano enquanto estiver sob o estado <Red>{Param}</>,Desativado,Invasão
102173,Invasão,Incapaz de agir e sofre mais dano enquanto estiver sob o estado <Red>{Param}</>,Desativado,Invasão
102174,Invasão,Incapaz de agir e sofre mais dano enquanto estiver sob o estado <Red>{Param}</>,Desativado,Invasão
102175,Invasão,Incapaz de agir e sofre mais dano enquanto estiver sob o estado <Red>{Param}</>,Desativado,Invasão
102176,Invasão,Incapaz de agir e sofre mais dano enquanto estiver sob o estado <Red>{Param}</>,Desativado,Invasão
102177,Invasão,Incapaz de agir e sofre mais dano enquanto estiver sob o estado <Red>{Param}</>,Desativado,Invasão
102178,Invasão,Incapaz de agir e sofre mais dano enquanto estiver sob o estado <Red>{Param}</>,Desativado,Invasão
102179,Invasão,Incapaz de agir e sofre mais dano enquanto estiver sob o estado <Red>{Param}</>,Desativado,Invasão
102180,Invasão,Incapaz de agir e sofre mais dano enquanto estiver sob o estado <Red>{Param}</>,Desativado,Invasão
102181,Invasão,Incapaz de agir e sofre mais dano enquanto estiver sob o estado <Red>{Param}</>,Desativado,Invasão
102182,Invasão,Incapaz de agir e sofre mais dano enquanto estiver sob o estado <Red>{Param}</>,Desativado,Invasão
102183,Invasão,Incapaz de agir e sofre mais dano enquanto estiver sob o estado <Red>{Param}</>,Desativado,Invasão
102184,Invasão,Incapaz de agir e sofre mais dano enquanto estiver sob o estado <Red>{Param}</>,Desativado,Invasão
102185,Invasão,Incapaz de agir e sofre mais dano enquanto estiver sob o estado <Red>{Param}</>,Desativado,Invasão
102186,Invasão,Incapaz de agir e sofre mais dano enquanto estiver sob o estado <Red>{Param}</>,Desativado,Invasão
102187,Invasão,Incapaz de agir e sofre mais dano enquanto estiver sob o estado <Red>{Param}</>,Desativado,Invasão
102188,Invasão,Incapaz de agir e sofre mais dano enquanto estiver sob o estado <Red>{Param}</>,Desativado,Invasão
102189,Invasão,Incapaz de agir e sofre mais dano enquanto estiver sob o estado <Red>{Param}</>,Desativado,Invasão
102190,Invasão,Incapaz de agir e sofre mais dano enquanto estiver sob o estado <Red>{Param}</>,Desativado,Invasão
102191,Invasão,Incapaz de agir e sofre mais dano enquanto estiver sob o estado <Red>{Param}</>,Desativado,Invasão
102192,Invasão,Incapaz de agir e sofre mais dano enquanto estiver sob o estado <Red>{Param}</>,Desativado,Invasão
102193,Invasão,Incapaz de agir e sofre mais dano enquanto estiver sob o estado <Red>{Param}</>,Desativado,Invasão
102194,Invasão,Incapaz de agir e sofre mais dano enquanto estiver sob o estado <Red>{Param}</>,Desativado,Invasão
102195,Invasão,Incapaz de agir e sofre mais dano enquanto estiver sob o estado <Red>{Param}</>,Desativado,Invasão
102196,Invasão,Incapaz de agir e sofre mais dano enquanto estiver sob o estado <Red>{Param}</>,Desativado,Invasão
102197,Invasão,Incapaz de agir e sofre mais dano enquanto estiver sob o estado <Red>{Param}</>,Desativado,Invasão
102198,Invasão,Incapaz de agir e sofre mais dano enquanto estiver sob o estado <Red>{Param}</>,Desativado,Invasão
102199,Invasão,Incapaz de agir e sofre mais dano enquanto estiver sob o estado <Red>{Param}</>,Desativado,Invasão
102200,Invasão,Incapaz de agir e sofre mais dano enquanto estiver sob o estado <Red>{Param}</>,Desativado,Invasão
103001,Vazio,Incapaz de agir e sofre mais dano enquanto estiver sob o estado <Red>{Param}</>,Desativado,Vazio
103002,Vazio,Incapaz de agir e sofre mais dano enquanto estiver sob o estado <Red>{Param}</>,Desativado,Vazio
103003,Vazio,Incapaz de agir e sofre mais dano enquanto estiver sob o estado <Red>{Param}</>,Desativado,Vazio
103004,Vazio,Incapaz de agir e sofre mais dano enquanto estiver sob o estado <Red>{Param}</>,Desativado,Vazio
103005,Vazio,Incapaz de agir e sofre mais dano enquanto estiver sob o estado <Red>{Param}</>,Desativado,Vazio
103006,Vazio,Incapaz de agir e sofre mais dano enquanto estiver sob o estado <Red>{Param}</>,Desativado,Vazio
103007,Vazio,Incapaz de agir e sofre mais dano enquanto estiver sob o estado <Red>{Param}</>,Desativado,Vazio
103008,Vazio,Incapaz de agir e sofre mais dano enquanto estiver sob o estado <Red>{Param}</>,Desativado,Vazio
103009,Vazio,Incapaz de agir e sofre mais dano enquanto estiver sob o estado <Red>{Param}</>,Desativado,Vazio
103010,Vazio,Incapaz de agir e sofre mais dano enquanto estiver sob o estado <Red>{Param}</>,Desativado,Vazio
103011,Vazio,Incapaz de agir e sofre mais dano enquanto estiver sob o estado <Red>{Param}</>,Desativado,Vazio
103012,Vazio,Incapaz de agir e sofre mais dano enquanto estiver sob o estado <Red>{Param}</>,Desativado,Vazio
103013,Vazio,Incapaz de agir e sofre mais dano enquanto estiver sob o estado <Red>{Param}</>,Desativado,Vazio
103014,Vazio,Incapaz de agir e sofre mais dano enquanto estiver sob o estado <Red>{Param}</>,Desativado,Vazio
103015,Vazio,Incapaz de agir e sofre mais dano enquanto estiver sob o estado <Red>{Param}</>,Desativado,Vazio
103016,Vazio,Incapaz de agir e sofre mais dano enquanto estiver sob o estado <Red>{Param}</>,Desativado,Vazio
103017,Vazio,Incapaz de agir e sofre mais dano enquanto estiver sob o estado <Red>{Param}</>,Desativado,Vazio
103018,Vazio,Incapaz de agir e sofre mais dano enquanto estiver sob o estado <Red>{Param}</>,Desativado,Vazio
103019,Vazio,Incapaz de agir e sofre mais dano enquanto estiver sob o estado <Red>{Param}</>,Desativado,Vazio
103020,Vazio,Incapaz de agir e sofre mais dano enquanto estiver sob o estado <Red>{Param}</>,Desativado,Vazio
103021,Vazio,Incapaz de agir e sofre mais dano enquanto estiver sob o estado <Red>{Param}</>,Desativado,Vazio
103022,Vazio,Incapaz de agir e sofre mais dano enquanto estiver sob o estado <Red>{Param}</>,Desativado,Vazio
103023,Vazio,Incapaz de agir e sofre mais dano enquanto estiver sob o estado <Red>{Param}</>,Desativado,Vazio
103024,Vazio,Incapaz de agir e sofre mais dano enquanto estiver sob o estado <Red>{Param}</>,Desativado,Vazio
103025,Vazio,Incapaz de agir e sofre mais dano enquanto estiver sob o estado <Red>{Param}</>,Desativado,Vazio
103026,Vazio,Incapaz de agir e sofre mais dano enquanto estiver sob o estado <Red>{Param}</>,Desativado,Vazio
103027,Vazio,Incapaz de agir e sofre mais dano enquanto estiver sob o estado <Red>{Param}</>,Desativado,Vazio
103028,Vazio,Incapaz de agir e sofre mais dano enquanto estiver sob o estado <Red>{Param}</>,Desativado,Vazio
103029,Vazio,Incapaz de agir e sofre mais dano enquanto estiver sob o estado <Red>{Param}</>,Desativado,Vazio
103030,Vazio,Incapaz de agir e sofre mais dano enquanto estiver sob o estado <Red>{Param}</>,Desativado,Vazio
103031,Vazio,Incapaz de agir e sofre mais dano enquanto estiver sob o estado <Red>{Param}</>,Desativado,Vazio
103032,Vazio,Incapaz de agir e sofre mais dano enquanto estiver sob o estado <Red>{Param}</>,Desativado,Vazio
103033,Vazio,Incapaz de agir e sofre mais dano enquanto estiver sob o estado <Red>{Param}</>,Desativado,Vazio
103034,Vazio,Incapaz de agir e sofre mais dano enquanto estiver sob o estado <Red>{Param}</>,Desativado,Vazio
103035,Vazio,Incapaz de agir e sofre mais dano enquanto estiver sob o estado <Red>{Param}</>,Desativado,Vazio
103036,Vazio,Incapaz de agir e sofre mais dano enquanto estiver sob o estado <Red>{Param}</>,Desativado,Vazio
103037,Vazio,Incapaz de agir e sofre mais dano enquanto estiver sob o estado <Red>{Param}</>,Desativado,Vazio
103038,Vazio,Incapaz de agir e sofre mais dano enquanto estiver sob o estado <Red>{Param}</>,Desativado,Vazio
103039,Vazio,Incapaz de agir e sofre mais dano enquanto estiver sob o estado <Red>{Param}</>,Desativado,Vazio
103040,Vazio,Incapaz de agir e sofre mais dano enquanto estiver sob o estado <Red>{Param}</>,Desativado,Vazio
103041,Vazio,Incapaz de agir e sofre mais dano enquanto estiver sob o estado <Red>{Param}</>,Desativado,Vazio
103042,Vazio,Incapaz de agir e sofre mais dano enquanto estiver sob o estado <Red>{Param}</>,Desativado,Vazio
103043,Vazio,Incapaz de agir e sofre mais dano enquanto estiver sob o estado <Red>{Param}</>,Desativado,Vazio
103044,Vazio,Incapaz de agir e sofre mais dano enquanto estiver sob o estado <Red>{Param}</>,Desativado,Vazio
103045,Vazio,Incapaz de agir e sofre mais dano enquanto estiver sob o estado <Red>{Param}</>,Desativado,Vazio
103046,Vazio,Incapaz de agir e sofre mais dano enquanto estiver sob o estado <Red>{Param}</>,Desativado,Vazio
103047,Vazio,Incapaz de agir e sofre mais dano enquanto estiver sob o estado <Red>{Param}</>,Desativado,Vazio
103048,Vazio,Incapaz de agir e sofre mais dano enquanto estiver sob o estado <Red>{Param}</>,Desativado,Vazio
103049,Vazio,Incapaz de agir e sofre mais dano enquanto estiver sob o estado <Red>{Param}</>,Desativado,Vazio
103050,Vazio,Incapaz de agir e sofre mais dano enquanto estiver sob o estado <Red>{Param}</>,Desativado,Vazio
103051,Vazio,Incapaz de agir e sofre mais dano enquanto estiver sob o estado <Red>{Param}</>,Desativado,Vazio
103052,Vazio,Incapaz de agir e sofre mais dano enquanto estiver sob o estado <Red>{Param}</>,Desativado,Vazio
103053,Vazio,Incapaz de agir e sofre mais dano enquanto estiver sob o estado <Red>{Param}</>,Desativado,Vazio
103054,Vazio,Incapaz de agir e sofre mais dano enquanto estiver sob o estado <Red>{Param}</>,Desativado,Vazio
103055,Vazio,Incapaz de agir e sofre mais dano enquanto estiver sob o estado <Red>{Param}</>,Desativado,Vazio
103056,Vazio,Incapaz de agir e sofre mais dano enquanto estiver sob o estado <Red>{Param}</>,Desativado,Vazio
103057,Vazio,Incapaz de agir e sofre mais dano enquanto estiver sob o estado <Red>{Param}</>,Desativado,Vazio
103058,Vazio,Incapaz de agir e sofre mais dano enquanto estiver sob o estado <Red>{Param}</>,Desativado,Vazio
103059,Vazio,Incapaz de agir e sofre mais dano enquanto estiver sob o estado <Red>{Param}</>,Desativado,Vazio
103060,Vazio,Incapaz de agir e sofre mais dano enquanto estiver sob o estado <Red>{Param}</>,Desativado,Vazio
103061,Vazio,Incapaz de agir e sofre mais dano enquanto estiver sob o estado <Red>{Param}</>,Desativado,Vazio
103062,Vazio,Incapaz de agir e sofre mais dano enquanto estiver sob o estado <Red>{Param}</>,Desativado,Vazio
103063,Vazio,Incapaz de agir e sofre mais dano enquanto estiver sob o estado <Red>{Param}</>,Desativado,Vazio
103064,Vazio,Incapaz de agir e sofre mais dano enquanto estiver sob o estado <Red>{Param}</>,Desativado,Vazio
103065,Vazio,Incapaz de agir e sofre mais dano enquanto estiver sob o estado <Red>{Param}</>,Desativado,Vazio
103066,Vazio,Incapaz de agir e sofre mais dano enquanto estiver sob o estado <Red>{Param}</>,Desativado,Vazio
103067,Vazio,Incapaz de agir e sofre mais dano enquanto estiver sob o estado <Red>{Param}</>,Desativado,Vazio
103068,Vazio,Incapaz de agir e sofre mais dano enquanto estiver sob o estado <Red>{Param}</>,Desativado,Vazio
103069,Vazio,Incapaz de agir e sofre mais dano enquanto estiver sob o estado <Red>{Param}</>,Desativado,Vazio
103070,Vazio,Incapaz de agir e sofre mais dano enquanto estiver sob o estado <Red>{Param}</>,Desativado,Vazio
103071,Vazio,Incapaz de agir e sofre mais dano enquanto estiver sob o estado <Red>{Param}</>,Desativado,Vazio
103072,Vazio,Incapaz de agir e sofre mais dano enquanto estiver sob o estado <Red>{Param}</>,Desativado,Vazio
103073,Vazio,Incapaz de agir e sofre mais dano enquanto estiver sob o estado <Red>{Param}</>,Desativado,Vazio
103074,Vazio,Incapaz de agir e sofre mais dano enquanto estiver sob o estado <Red>{Param}</>,Desativado,Vazio
103075,Vazio,Incapaz de agir e sofre mais dano enquanto estiver sob o estado <Red>{Param}</>,Desativado,Vazio
103076,Vazio,Incapaz de agir e sofre mais dano enquanto estiver sob o estado <Red>{Param}</>,Desativado,Vazio
103077,Vazio,Incapaz de agir e sofre mais dano enquanto estiver sob o estado <Red>{Param}</>,Desativado,Vazio
103078,Vazio,Incapaz de agir e sofre mais dano enquanto estiver sob o estado <Red>{Param}</>,Desativado,Vazio
103079,Vazio,Incapaz de agir e sofre mais dano enquanto estiver sob o estado <Red>{Param}</>,Desativado,Vazio
103080,Vazio,Incapaz de agir e sofre mais dano enquanto estiver sob o estado <Red>{Param}</>,Desativado,Vazio
103081,Vazio,Incapaz de agir e sofre mais dano enquanto estiver sob o estado <Red>{Param}</>,Desativado,Vazio
103082,Vazio,Incapaz de agir e sofre mais dano enquanto estiver sob o estado <Red>{Param}</>,Desativado,Vazio
103083,Vazio,Incapaz de agir e sofre mais dano enquanto estiver sob o estado <Red>{Param}</>,Desativado,Vazio
103084,Vazio,Incapaz de agir e sofre mais dano enquanto estiver sob o estado <Red>{Param}</>,Desativado,Vazio
103085,Vazio,Incapaz de agir e sofre mais dano enquanto estiver sob o estado <Red>{Param}</>,Desativado,Vazio
103086,Vazio,Incapaz de agir e sofre mais dano enquanto estiver sob o estado <Red>{Param}</>,Desativado,Vazio
103087,Vazio,Incapaz de agir e sofre mais dano enquanto estiver sob o estado <Red>{Param}</>,Desativado,Vazio
103088,Vazio,Incapaz de agir e sofre mais dano enquanto estiver sob o estado <Red>{Param}</>,Desativado,Vazio
103089,Vazio,Incapaz de agir e sofre mais dano enquanto estiver sob o estado <Red>{Param}</>,Desativado,Vazio
103090,Vazio,Incapaz de agir e sofre mais dano enquanto estiver sob o estado <Red>{Param}</>,Desativado,Vazio
103091,Vazio,Incapaz de agir e sofre mais dano enquanto estiver sob o estado <Red>{Param}</>,Desativado,Vazio
103092,Vazio,Incapaz de agir e sofre mais dano enquanto estiver sob o estado <Red>{Param}</>,Desativado,Vazio
103093,Vazio,Incapaz de agir e sofre mais dano enquanto estiver sob o estado <Red>{Param}</>,Desativado,Vazio
103094,Vazio,Incapaz de agir e sofre mais dano enquanto estiver sob o estado <Red>{Param}</>,Desativado,Vazio
103095,Vazio,Incapaz de agir e sofre mais dano enquanto estiver sob o estado <Red>{Param}</>,Desativado,Vazio
103096,Vazio,Incapaz de agir e sofre mais dano enquanto estiver sob o estado <Red>{Param}</>,Desativado,Vazio
103097,Vazio,Incapaz de agir e sofre mais dano enquanto estiver sob o estado <Red>{Param}</>,Desativado,Vazio
103098,Vazio,Incapaz de agir e sofre mais dano enquanto estiver sob o estado <Red>{Param}</>,Desativado,Vazio
103099,Vazio,Incapaz de agir e sofre mais dano enquanto estiver sob o estado <Red>{Param}</>,Desativado,Vazio
103100,Vazio,Incapaz de agir e sofre mais dano enquanto estiver sob o estado <Red>{Param}</>,Desativado,Vazio
103101,Vazio,Incapaz de agir e sofre mais dano enquanto estiver sob o estado <Red>{Param}</>,Desativado,Vazio
103102,Vazio,Incapaz de agir e sofre mais dano enquanto estiver sob o estado <Red>{Param}</>,Desativado,Vazio
103103,Vazio,Incapaz de agir e sofre mais dano enquanto estiver sob o estado <Red>{Param}</>,Desativado,Vazio
103104,Vazio,Incapaz de agir e sofre mais dano enquanto estiver sob o estado <Red>{Param}</>,Desativado,Vazio
103105,Vazio,Incapaz de agir e sofre mais dano enquanto estiver sob o estado <Red>{Param}</>,Desativado,Vazio
103106,Vazio,Incapaz de agir e sofre mais dano enquanto estiver sob o estado <Red>{Param}</>,Desativado,Vazio
103107,Vazio,Incapaz de agir e sofre mais dano enquanto estiver sob o estado <Red>{Param}</>,Desativado,Vazio
103108,Vazio,Incapaz de agir e sofre mais dano enquanto estiver sob o estado <Red>{Param}</>,Desativado,Vazio
103109,Vazio,Incapaz de agir e sofre mais dano enquanto estiver sob o estado <Red>{Param}</>,Desativado,Vazio
103110,Vazio,Incapaz de agir e sofre mais dano enquanto estiver sob o estado <Red>{Param}</>,Desativado,Vazio
103111,Vazio,Incapaz de agir e sofre mais dano enquanto estiver sob o estado <Red>{Param}</>,Desativado,Vazio
103112,Vazio,Incapaz de agir e sofre mais dano enquanto estiver sob o estado <Red>{Param}</>,Desativado,Vazio
103113,Vazio,Incapaz de agir e sofre mais dano enquanto estiver sob o estado <Red>{Param}</>,Desativado,Vazio
103114,Vazio,Incapaz de agir e sofre mais dano enquanto estiver sob o estado <Red>{Param}</>,Desativado,Vazio
103115,Vazio,Incapaz de agir e sofre mais dano enquanto estiver sob o estado <Red>{Param}</>,Desativado,Vazio
103116,Vazio,Incapaz de agir e sofre mais dano enquanto estiver sob o estado <Red>{Param}</>,Desativado,Vazio
103117,Vazio,Incapaz de agir e sofre mais dano enquanto estiver sob o estado <Red>{Param}</>,Desativado,Vazio
103118,Vazio,Incapaz de agir e sofre mais dano enquanto estiver sob o estado <Red>{Param}</>,Desativado,Vazio
103119,Vazio,Incapaz de agir e sofre mais dano enquanto estiver sob o estado <Red>{Param}</>,Desativado,Vazio
103120,Vazio,Incapaz de agir e sofre mais dano enquanto estiver sob o estado <Red>{Param}</>,Desativado,Vazio
103121,Vazio,Incapaz de agir e sofre mais dano enquanto estiver sob o estado <Red>{Param}</>,Desativado,Vazio
103122,Vazio,Incapaz de agir e sofre mais dano enquanto estiver sob o estado <Red>{Param}</>,Desativado,Vazio
103123,Vazio,Incapaz de agir e sofre mais dano enquanto estiver sob o estado <Red>{Param}</>,Desativado,Vazio
103124,Vazio,Incapaz de agir e sofre mais dano enquanto estiver sob o estado <Red>{Param}</>,Desativado,Vazio
103125,Vazio,Incapaz de agir e sofre mais dano enquanto estiver sob o estado <Red>{Param}</>,Desativado,Vazio
103126,Vazio,Incapaz de agir e sofre mais dano enquanto estiver sob o estado <Red>{Param}</>,Desativado,Vazio
103127,Vazio,Incapaz de agir e sofre mais dano enquanto estiver sob o estado <Red>{Param}</>,Desativado,Vazio
103128,Vazio,Incapaz de agir e sofre mais dano enquanto estiver sob o estado <Red>{Param}</>,Desativado,Vazio
103129,Vazio,Incapaz de agir e sofre mais dano enquanto estiver sob o estado <Red>{Param}</>,Desativado,Vazio
103130,Vazio,Incapaz de agir e sofre mais dano enquanto estiver sob o estado <Red>{Param}</>,Desativado,Vazio
103131,Vazio,Incapaz de agir e sofre mais dano enquanto estiver sob o estado <Red>{Param}</>,Desativado,Vazio
103132,Vazio,Incapaz de agir e sofre mais dano enquanto estiver sob o estado <Red>{Param}</>,Desativado,Vazio
103133,Vazio,Incapaz de agir e sofre mais dano enquanto estiver sob o estado <Red>{Param}</>,Desativado,Vazio
103134,Vazio,Incapaz de agir e sofre mais dano enquanto estiver sob o estado <Red>{Param}</>,Desativado,Vazio
103135,Vazio,Incapaz de agir e sofre mais dano enquanto estiver sob o estado <Red>{Param}</>,Desativado,Vazio
103136,Vazio,Incapaz de agir e sofre mais dano enquanto estiver sob o estado <Red>{Param}</>,Desativado,Vazio
103137,Vazio,Incapaz de agir e sofre mais dano enquanto estiver sob o estado <Red>{Param}</>,Desativado,Vazio
103138,Vazio,Incapaz de agir e sofre mais dano enquanto estiver sob o estado <Red>{Param}</>,Desativado,Vazio
103139,Vazio,Incapaz de agir e sofre mais dano enquanto estiver sob o estado <Red>{Param}</>,Desativado,Vazio
103140,Vazio,Incapaz de agir e sofre mais dano enquanto estiver sob o estado <Red>{Param}</>,Desativado,Vazio
103141,Vazio,Incapaz de agir e sofre mais dano enquanto estiver sob o estado <Red>{Param}</>,Desativado,Vazio
103142,Vazio,Incapaz de agir e sofre mais dano enquanto estiver sob o estado <Red>{Param}</>,Desativado,Vazio
103143,Vazio,Incapaz de agir e sofre mais dano enquanto estiver sob o estado <Red>{Param}</>,Desativado,Vazio
103144,Vazio,Incapaz de agir e sofre mais dano enquanto estiver sob o estado <Red>{Param}</>,Desativado,Vazio
103145,Vazio,Incapaz de agir e sofre mais dano enquanto estiver sob o estado <Red>{Param}</>,Desativado,Vazio
103146,Vazio,Incapaz de agir e sofre mais dano enquanto estiver sob o estado <Red>{Param}</>,Desativado,Vazio
103147,Vazio,Incapaz de agir e sofre mais dano enquanto estiver sob o estado <Red>{Param}</>,Desativado,Vazio
103148,Vazio,Incapaz de agir e sofre mais dano enquanto estiver sob o estado <Red>{Param}</>,Desativado,Vazio
103149,Vazio,Incapaz de agir e sofre mais dano enquanto estiver sob o estado <Red>{Param}</>,Desativado,Vazio
103150,Vazio,Incapaz de agir e sofre mais dano enquanto estiver sob o estado <Red>{Param}</>,Desativado,Vazio
103151,Vazio,Incapaz de agir e sofre mais dano enquanto estiver sob o estado <Red>{Param}</>,Desativado,Vazio
103152,Vazio,Incapaz de agir e sofre mais dano enquanto estiver sob o estado <Red>{Param}</>,Desativado,Vazio
103153,Vazio,Incapaz de agir e sofre mais dano enquanto estiver sob o estado <Red>{Param}</>,Desativado,Vazio
103154,Vazio,Incapaz de agir e sofre mais dano enquanto estiver sob o estado <Red>{Param}</>,Desativado,Vazio
103155,Vazio,Incapaz de agir e sofre mais dano enquanto estiver sob o estado <Red>{Param}</>,Desativado,Vazio
103156,Vazio,Incapaz de agir e sofre mais dano enquanto estiver sob o estado <Red>{Param}</>,Desativado,Vazio
103157,Vazio,Incapaz de agir e sofre mais dano enquanto estiver sob o estado <Red>{Param}</>,Desativado,Vazio
103158,Vazio,Incapaz de agir e sofre mais dano enquanto estiver sob o estado <Red>{Param}</>,Desativado,Vazio
103159,Vazio,Incapaz de agir e sofre mais dano enquanto estiver sob o estado <Red>{Param}</>,Desativado,Vazio
103160,Vazio,Incapaz de agir e sofre mais dano enquanto estiver sob o estado <Red>{Param}</>,Desativado,Vazio
103161,Vazio,Incapaz de agir e sofre mais dano enquanto estiver sob o estado <Red>{Param}</>,Desativado,Vazio
103162,Vazio,Incapaz de agir e sofre mais dano enquanto estiver sob o estado <Red>{Param}</>,Desativado,Vazio
103163,Vazio,Incapaz de agir e sofre mais dano enquanto estiver sob o estado <Red>{Param}</>,Desativado,Vazio
103164,Vazio,Incapaz de agir e sofre mais dano enquanto estiver sob o estado <Red>{Param}</>,Desativado,Vazio
103165,Vazio,Incapaz de agir e sofre mais dano enquanto estiver sob o estado <Red>{Param}</>,Desativado,Vazio
103166,Vazio,Incapaz de agir e sofre mais dano enquanto estiver sob o estado <Red>{Param}</>,Desativado,Vazio
103167,Vazio,Incapaz de agir e sofre mais dano enquanto estiver sob o estado <Red>{Param}</>,Desativado,Vazio
103168,Vazio,Incapaz de agir e sofre mais dano enquanto estiver sob o estado <Red>{Param}</>,Desativado,Vazio
103169,Vazio,Incapaz de agir e sofre mais dano enquanto estiver sob o estado <Red>{Param}</>,Desativado,Vazio
103170,Vazio,Incapaz de agir e sofre mais dano enquanto estiver sob o estado <Red>{Param}</>,Desativado,Vazio
103171,Vazio,Incapaz de agir e sofre mais dano enquanto estiver sob o estado <Red>{Param}</>,Desativado,Vazio
103172,Vazio,Incapaz de agir e sofre mais dano enquanto estiver sob o estado <Red>{Param}</>,Desativado,Vazio
103173,Vazio,Incapaz de agir e sofre mais dano enquanto estiver sob o estado <Red>{Param}</>,Desativado,Vazio
103174,Vazio,Incapaz de agir e sofre mais dano enquanto estiver sob o estado <Red>{Param}</>,Desativado,Vazio
103175,Vazio,Incapaz de agir e sofre mais dano enquanto estiver sob o estado <Red>{Param}</>,Desativado,Vazio
103176,Vazio,Incapaz de agir e sofre mais dano enquanto estiver sob o estado <Red>{Param}</>,Desativado,Vazio
103177,Vazio,Incapaz de agir e sofre mais dano enquanto estiver sob o estado <Red>{Param}</>,Desativado,Vazio
103178,Vazio,Incapaz de agir e sofre mais dano enquanto estiver sob o estado <Red>{Param}</>,Desativado,Vazio
103179,Vazio,Incapaz de agir e sofre mais dano enquanto estiver sob o estado <Red>{Param}</>,Desativado,Vazio
103180,Vazio,Incapaz de agir e sofre mais dano enquanto estiver sob o estado <Red>{Param}</>,Desativado,Vazio
103181,Vazio,Incapaz de agir e sofre mais dano enquanto estiver sob o estado <Red>{Param}</>,Desativado,Vazio
103182,Vazio,Incapaz de agir e sofre mais dano enquanto estiver sob o estado <Red>{Param}</>,Desativado,Vazio
103183,Vazio,Incapaz de agir e sofre mais dano enquanto estiver sob o estado <Red>{Param}</>,Desativado,Vazio
103184,Vazio,Incapaz de agir e sofre mais dano enquanto estiver sob o estado <Red>{Param}</>,Desativado,Vazio
103185,Vazio,Incapaz de agir e sofre mais dano enquanto estiver sob o estado <Red>{Param}</>,Desativado,Vazio
103186,Vazio,Incapaz de agir e sofre mais dano enquanto estiver sob o estado <Red>{Param}</>,Desativado,Vazio
103187,Vazio,Incapaz de agir e sofre mais dano enquanto estiver sob o estado <Red>{Param}</>,Desativado,Vazio
103188,Vazio,Incapaz de agir e sofre mais dano enquanto estiver sob o estado <Red>{Param}</>,Desativado,Vazio
103189,Vazio,Incapaz de agir e sofre mais dano enquanto estiver sob o estado <Red>{Param}</>,Desativado,Vazio
103190,Vazio,Incapaz de agir e sofre mais dano enquanto estiver sob o estado <Red>{Param}</>,Desativado,Vazio
103191,Vazio,Incapaz de agir e sofre mais dano enquanto estiver sob o estado <Red>{Param}</>,Desativado,Vazio
103192,Vazio,Incapaz de agir e sofre mais dano enquanto estiver sob o estado <Red>{Param}</>,Desativado,Vazio
103193,Vazio,Incapaz de agir e sofre mais dano enquanto estiver sob o estado <Red>{Param}</>,Desativado,Vazio
103194,Vazio,Incapaz de agir e sofre mais dano enquanto estiver sob o estado <Red>{Param}</>,Desativado,Vazio
103195,Vazio,Incapaz de agir e sofre mais dano enquanto estiver sob o estado <Red>{Param}</>,Desativado,Vazio
103196,Vazio,Incapaz de agir e sofre mais dano enquanto estiver sob o estado <Red>{Param}</>,Desativado,Vazio
103197,Vazio,Incapaz de agir e sofre mais dano enquanto estiver sob o estado <Red>{Param}</>,Desativado,Vazio
103198,Vazio,Incapaz de agir e sofre mais dano enquanto estiver sob o estado <Red>{Param}</>,Desativado,Vazio
103199,Vazio,Incapaz de agir e sofre mais dano enquanto estiver sob o estado <Red>{Param}</>,Desativado,Vazio
103200,Vazio,Incapaz de agir e sofre mais dano enquanto estiver sob o estado <Red>{Param}</>,Desativado,Vazio
120001,,,,
120101,Recuperação de Vigor,,,
120102,Recuperação de Vigor,,,
120201,Não é possível correr,,,
1001903,Solicitação de ajuda,A Steel Ant Worker está solicitando ajuda.,,
1000000,Imunidade a danos,,,
2100000,Enfurecer,,,
2100001,Choque,Desativado enquanto em <Red>{Param}</> estado,Desativado,Choque
2100002,Choque,Desativado enquanto em <Red>{Param}</> estado,Desativado,Choque
2100003,Atordoamento Absoluto,Desativado enquanto em <Red>{Param}</> estado,Desativado,Choque
2100101,,,,
2100102,,,,
2100103,Imortal,Invencível,,
2100104,Invisível,,,
2100105,Forte,Buff Robusto,,
2100106,Tipo de Toca,,,
2100107,,,,
2100108,Skill passivo,,,
2100109,Forte,Buff Robusto_Passivo,,
2200000,Não-alvo Invencível,,,
2200001,Golpe Perfeito,,,
2200002,Penalidade de incursão,"Velocidade de movimento reduzida em <Red>{EffectParam1}</>%, Velocidade de montagem reduzida em <Red>{EffectParam2}</>%",Velocidade de Movimento e Velocidade de Movimento da Montaria reduzidas.,
2200003,Resistência ao Vento,Reduz a velocidade de movimento em <Red>{EffectParam1}</>%,Lento,
2200010,Risco de atordoamento,Desativado enquanto em <Red>{Param}</> estado,Desativado,Atordoamento
2200030,Eletrocussão,Reduz a velocidade de movimento em <Red>{EffectParam1}</>%,Lento,
2200050,Eletrocussão,Reduz a velocidade de movimento em <Red>{EffectParam1}</>%,Lento,
30000011,Ferida Vermelha,Dano crítico com acúmulo máximo,Dano no máximo de stacks,
30000012,Overbleeding,,,
30002041,Zona Venenosa,O veneno reduz a velocidade de movimento em <Red>{EffectParam1}</>%,Lento,
30004031,Shred Armor,Dano recebido de monstros aumentado em <Red>{EffectParam1}</>%,Enfraquece a Defesa,
30004051,Knock Back,,,
30005051,Grite,Reduz a velocidade de movimento em <Red>{EffectParam1}</>%,Lento,
30008041,Parasite,"Cada stack reduz a Velocidade de Movimento
Max stack convoca Monstros próximos",Lento,
30008042,Parasite Infecção,Reduz a velocidade de movimento em <Red>{EffectParam1}</>% e invoca monstros próximos,Velocidade de movimento reduzida e invoca monstros,
30013041,Eletrocussão,Dano ao longo do tempo enquanto estiver em <Red>{Param}</> estado,Danos ao longo do tempo,Eletrocussão
30010031,Terror do Pássaro com Rosto Humano,Desativado enquanto em <Red>{Param}</> estado,Desativado,Medo
30010131,Shred Armor,Dano recebido de monstros aumentado em <Red>{EffectParam1}</>%,Enfraquece a Defesa,
30015001,Veneno,Dano ao longo do tempo enquanto estiver em <Red>{Param}</> estado,Danos ao longo do tempo,Veneno
30016001,Pó Paralisante,Inflige Paralisia quando empilhado acima de um certo limite,Inflige Paralisia quando empilhado acima de um certo limite,Pó Paralisante
30016002,Paralysis,"Velocidade de movimento reduzido em <Red>{Param}</> %, Dash desativado e dano recebido aumentado em <Red>{EffectParam2}</>% enquanto sob o <Red>{EffectParam1}</> estado",Desativa Dash e aumenta o dano recebido,Paralysis
30017051,Torrente Furiosa,Reduz a velocidade de movimento em <Red>{EffectParam1}</>%,Lento,
30017052,Olhar,Você foi alvo de <Red>{Param}</>.,Shagan,Shagan
30017053,Olhar,Você foi alvo de <Red>{Param}</>.,Shagan,Shagan
30017054,Olhar,Você foi alvo de <Red>{Param}</>.,Shagan,Shagan
30019000,A caça começa,Você foi alvo de <Red>{Param}</>.,Direcionado,Damuradid
30019001,Sangramento,Dano ao longo do tempo enquanto estiver em <Red>{Param}</> estado,Danos ao longo do tempo,Sangramento
30019002,,,,
30019003,,,,
30019004,A caça começa,Você foi alvo de <Red>{Param}</>.,Direcionado,Damuradid
3000308,Escudo de Areia,Dano recebido reduzido em <Red>{EffectParam1}</>%,Dano reduzido,
3000310,Areia espalhada,"Lidar com <Red>{EffectParam1}</>% menos dano
Precisão reduzida em <Red>{EffectParam2}</>%",Enfraquece o Poder de Ataque,
3001108,Restrito / Não Controlado pela Multidão,Desativado enquanto em <Red>{Param}</> estado,Suprimido,Supressão
3001109,Restringido,Desativado enquanto em <Red>{Param}</> estado,Suprimido,Supressão
3001113,Contamination,Reduz a velocidade de movimento em <Red>{EffectParam1}</>%,Lento,
3001120,Parry,,,
3001122,Atordoamento,Desativado enquanto em <Red>{Param}</> estado,Desativado,Atordoamento
3001130,,,,
30006051,Eletrocussão,Dano ao longo do tempo enquanto estiver em <Red>{Param}</> estado,Danos ao longo do tempo,Eletrocussão
30009061,Alerta de Frenesi do Campo de Batalha acionado,,,
30009062,Frenesi do Campo de Batalha Level 1,"Recebe um pouco menos de dano, causa um pouco mais de dano","Recebe menos dano, causa mais dano",
30009063,Frenesi do campo de batalha Level 2,"Recebe menos dano, causa mais dano","Recebe menos dano, causa mais dano",
30009064,Frenesi do campo de batalha Level 3,"Recebe significativamente menos dano, causa significativamente mais dano","Recebe menos dano, causa mais dano",
30009065,Para pilhas de frenesi no campo de batalha,,,
30009066,Cura do Frenesi do Campo de Batalha Level 1,Restaura uma pequena quantidade de HP durante um determinado período de tempo,Recuperação de HP,
30009067,Cura do Frenesi do Campo de Batalha Level 2,Restaura HP durante um determinado período de tempo,Recuperação de HP,
30009068,Cura do Frenesi do Campo de Batalha Level 3,Restaura uma grande quantidade de HP durante um determinado período de tempo,Recuperação de HP,
30009069,Para pilhas de frenesi no campo de batalha,,,
3000110,Atordoamento,Desativado enquanto em <Red>{Param}</> estado,Desativado,Atordoamento
3000111,Atordoamento,Desativado enquanto em <Red>{Param}</> estado,Desativado,Atordoamento
3001116,,,,
3001117,,,,
3001118,Atordoamento,Desativado enquanto em <Red>{Param}</> estado,Desativado,Atordoamento
3200008,Não é possível atacar enquanto salta,,,
3200009,Não é possível atacar enquanto salta,,,
3200010,Queimar,Causa dano igual a <Red>{EffectParam1}</>% do HP máximo.,Danos ao longo do tempo,
3200016,Colossus Self Buff,,"Precisão reduzida, sofre menos danos",
3001800,Skill passivo,,,
32002001,Imortal,Invencível,,
32002002,HPLimit,HP não cai abaixo de 40%.,,
32002111,Atordoamento,Desativado enquanto em <Red>{Param}</> estado,Desativado,Atordoamento
32002121,Choque Fireskill,Incapaz de agir devido a <Orange>{Param}</>,Desativado,Choque
32002131,Choque,Desativado enquanto em <Red>{Param}</> estado,Desativado,Choque
32002221,Mil Geun Peso abaixo de 60%,,,
32002231,,,,
32011051,Bênção,Barreira de Contagem de Acertos,Barreira de Contagem de Acertos,
32011052,Bênção,,,
32003031,Pilar da luz,Ataca o oponente,,
32003041,Consagração,Permanecer em um reino sagrado <Orange> reduz o dano recebido</>.,Dano reduzido,
32006031,Northern Chill,Reduz a velocidade de movimento em <Red>{EffectParam1}</>%,Lento,
32014011,Maldição do Reaper,"No máximo de stacks, invoca a Foice do Ceifador <Red></>.",,
32014101,,,,
32017051,Movimento Sombrio,,,
32017052,,,,
31001031,Parasite,Velocidade de movimento e velocidade de ataque reduzidas em <Red>{EffectParam1}</>%,Velocidade de movimento e velocidade de ataque reduzidas,
31000001,Shred Armor,Dano recebido de monstros aumentado em <Red>{EffectParam1}</>%,Enfraquece a Defesa,
31000002,Queimar,Dano ao longo do tempo enquanto estiver em <Red>{Param}</> estado,Danos ao longo do tempo,Queimar
31002131,Aniquilação Skill Cast Effect,,,
31002141,Aniquilação Skill Cast Effect,,,
31003012,Relaxe,Reduz a velocidade de movimento e a velocidade de ataque. <Red>Cold Blast</> na pilha máxima,Velocidade de movimento e velocidade de ataque reduzidas,
31003014,Frost Crystal Explosão,,,
31003241,Explosão fria,Dispara uma rajada de frio. <Red>{Param}</> Incapaz de agir devido ao efeito de status,Desativado,Choque
31003431,,,,
31004011,Escudo,Protege a si mesmo.,Proteção,
31004012,Skill 6 - Água,"Reduz a velocidade de movimento, explode quando o efeito termina",,
31004013,Skill 6 - Veneno,"Reduz a velocidade de movimento, explode quando o efeito termina",,
31004014,Skill 4 Loop,,,
31004015,Skill 4 Loop Cancle,,,
31004016,Skill 4 CancleLoop,,,
33000051,Lava Burn,Lava causa dano ao longo do tempo e reduz a velocidade de movimento,Dano contínuo e redução de velocidade de movimento,
33000081,Convocar Mina de Lava,,,
33000082,Grande Fragmento de Erupção,Incapaz de agir e sofre mais dano,Incapaz de agir e sofre mais dano,
33000161,Atordoamento,Desativado enquanto em <Red>{Param}</> estado,Desativado,Atordoamento
33000162,Parry,,,
33001091,Passos Pesados,Reduz a velocidade de movimento em <Red>{EffectParam1}</>%,Lento,
33001092,Solo Frio,Reduz a velocidade de movimento em <Red>{EffectParam1}</>%,Lento,
33001093,Solo Congelado,Reduz a velocidade de movimento em <Red>{EffectParam1}</>%,Lento,
33001094,Passos Pesados,Reduz a velocidade de movimento em <Red>{EffectParam1}</>%,Lento,
33002031,Eletrocussão,Dano ao longo do tempo enquanto estiver em <Red>{Param}</> estado,Danos ao longo do tempo,Eletrocussão
33002032,Atordoamento,Desativado enquanto em <Red>{Param}</> estado,Desativado,Atordoamento
33002033,Parry,,,
33003001,Marca Arcana,Aumenta o dano recebido de <Red>{Param}</> por <Red>{EffectParam1}</>%,Enfraquece a Defesa,Arcanon
33003009,Carga Arcana,<Red>{Param}parry</> para bloquear Arcane Charge!,,
33003010,,,,
33003013,,,,
33003014,,,,
33003015,,,,
33003016,,,,
33003031,Algemas do Arcano,Você deve cortar as <Red>{Param}Arcane Chains</> para parar as Grilhões de Arcana.,,
33003032,Algemas do Arcano,Você deve cortar as <Red>{Param}Arcane Chains</> para parar as Grilhões de Arcana.,,
33003033,Correntes Arcanas,"Você deve cortar as Correntes Arcanas de <Red>{Param}</>.
Você deve fugir o mais longe possível.",,Arcanon
33003034,Correntes Arcanas,"Você deve cortar as Correntes Arcanas de <Red>{Param}</>.
Você deve fugir o mais longe possível.",,Arcanon
33003151,Atordoamento,Desativado enquanto em <Red>{Param}</> estado,Desativado,Atordoamento
33003152,,,,
33003201,Choque,Desativado enquanto em <Red>{Param}</> estado,Desativado,Choque
33003241,,,,
33003311,Algemas do Arcano,Reduz a velocidade de movimento em <Red>{EffectParam1}</>%,Lento,
34001081,Designação do alvo,Designar como Alvo,Definir alvo,
34001082,Horned Ape Parry,,,
34001083,AoE Terror,,,
34001085,Designação do alvo,,,
34001086,Frenesi,,,
34001087,Frenesi,"Os macacos estão em frenesi, aumentando o poder de ataque.",Aumento de Poder de Ataque,
34001088,Frenesi,,,
34001089,Frenesi,Poder de ataque aumentado devido ao frenesi,Aumento de Poder de Ataque,
34001091,Passos Pesados,Reduz a velocidade de movimento em <Red>{EffectParam1}</>%,Lento,
34001092,,,,
34001093,,,,
34001094,,,,
34001095,,,,
34002061,Absorver nutrientes,"O Tree Giant está absorvendo nutrientes.
Você deve deixar a área.",Danos ao longo do tempo,
34002062,Absorver nutrientes em si mesmo,,,
34002071,,,,
34002072,,,,
34002073,Absorver nutrientes em si mesmo,,,
34002074,,,,
34002075,,,,
34002121,Vinhas emaranhadas,Reduz a velocidade de movimento em <Red>{EffectParam1}</>%,Lento,
34002131,Chama Ardente,"A chama do Braseiro queima a área circundante.
Ele pode remover as sementes do Tree Giant.",,
34002211,Absorver nutrientes,,,
34002401,Absorver nutrientes,"O Tree Giant está absorvendo nutrientes.
Você deve deixar a área.",Danos ao longo do tempo,
34002411,Absorver nutrientes,"O Tree Giant está absorvendo nutrientes.
Você deve deixar a área.",Danos ao longo do tempo,
36000001,Choque,Desativado enquanto em <Red>{Param}</> estado,Desativado,Choque
36000002,Aether Energy Stack,,,
36000003,Kagaltus Respiração,"Com energia total, usa <Red>Breath</> no <Red>Aggro Target</>.",,
36000010,Energia Éter,Aumenta o dano por <Orange>{EffectParam1}</>%,Aumento de dano,
36000101,Designação do alvo,direcionado por Kagaltus,Definir alvo,
36000102,Manter emissão de éter,,,
37000001,Restrito / Não Controlado pela Multidão,Desativado enquanto em <Red>{Param}</> estado,Suprimido,Supressão
37000002,Knock Down,Desativado enquanto em <Red>{Param}</> estado,Desativado,Knock Down
37000003,Fall Motion,,,
40000001,Aceleração,Aumenta a velocidade de movimento em <Orange>{EffectParam1}</>%,Aumento de velocidade de movimento,
40000002,Desaceleração,Reduz a velocidade de movimento em <Red>{EffectParam1}</>%,Lento,
40000003,Aceleração,Aumenta a velocidade de movimento em <Orange>{EffectParam1}</>%,Aumento de velocidade de movimento,
40000004,Desaceleração,Reduz a velocidade de movimento em <Red>{EffectParam1}</>%,Lento,
40000005,,,,
40000006,Choque,Desativado enquanto em <Red>{Param}</> estado,Desativado,Choque
40000011,Não é possível atacar enquanto salta,,,
40000012,Não é possível atacar enquanto salta,,,
40000013,Knock Back,,,
40000301,Overclock,,,
5000000,,,,
5000003,,,,
5000004,,,,
5000001,Melhore a mobilidade,"Contagem de Dash aumentada em <Orange>{EffectParam1}</>
 Poder de ataque aumentado em <Orange>{EffectParam2}</> ao usar Dash",A contagem de investidas aumentou em 1 e o poder de ataque aumentou após a investida.,
5000002,Mobilidade aprimorado: Poder de ataque aumentado,Aumenta Poder de ataque em <Orange>{EffectParam1}</>,,
5000011,Segundo Vento,"Quando o HP está em 10% ou menos, restaura o HP em <Orange>100%</>.",Restaura totalmente o HP quando o HP está em 10% ou menos.,
5000012,Segundo Vento: Recuperação,Restaurar <Orange>100%</> HP,Restaura 100% HP,
5000021,Thunderbolt,Gera <Orange>Thunderbolts</> que atordoam os inimigos.,"4 raios poderosos atingem as proximidades, e os alvos atingidos por um raio ficam atordoados.",
5000031,Aceleração de tempo,Reduz Recarga de Skill em <Orange>{EffectParam1}</> %,Skill O resfriamento é reduzido.,
5000061,Gale,"Aumenta a velocidade de ataque em <Orange>{EffectParam1}</>%
 e a velocidade de movimento em <Orange>{EffectParam2}</>%",Aumenta o ataque Velocidade e velocidade de movimento.,
5000071,Expansão do alvo,Aumentar o número de alvos de ataque básico em <Orange>{EffectParam1}</>,Aumenta o número de alvos de Ataque Básico em 3.,
5000081,Lâmina Carmesim,Descarregue <Orange>Crimson Sword Aura</> que ataca os inimigos.,Descarregue 3 fios de Crimson Sword Aura para atacar e repelir os inimigos.,
5000091,Pântano Venenoso,Cria um <Orange>Pântano venenoso</> que envenena os inimigos.,Cria um Pântano Venenoso. Envenena todos os inimigos próximos.,
5000095,Envenenamento por Veneno,Reduz a velocidade de movimento em <Red>{EffectParam1}</>%,,
5000301,Melhore a mobilidade,"Contagem de Dash aumentada em <Orange>{EffectParam1}</>
 Poder de ataque aumentado em <Orange>{EffectParam2}</> ao usar Dash",,
5000311,Segundo Vento,"Quando o HP está em 10% ou menos, restaura o HP em <Orange>100%</>.",,
5000321,Thunderbolt,Gera <Orange>Thunderbolts</> que atordoam os inimigos.,,
5000331,Aceleração de tempo,Reduz Recarga de Skill em <Orange>{EffectParam1}</> %,,
5000361,Gale,"Aumenta a velocidade de ataque em <Orange>{EffectParam1}</>%
 e a velocidade de movimento em <Orange>{EffectParam2}</>%",,
5000371,Expansão do alvo,Aumenta o número de alvos de Ataque Básico em <Orange>{EffectParam1}</>.,,
5000381,Lâmina Carmesim,Descarregue <Orange>Crimson Sword Aura</> que ataca os inimigos.,,
5000391,Pântano Venenoso,Cria um <Orange>Pântano venenoso</> que envenena os inimigos.,,
5000302,,,,
5000312,,,,
5000322,,,,
5000332,,,,
5000362,,,,
5000372,,,,
5000382,,,,
5000392,,,,
5001001,Melhore a mobilidade,"Contagem de Dash aumentada em <Orange>{EffectParam1}</>
 Poder de ataque aumentado em <Orange>{EffectParam2}</> ao usar Dash",A contagem de investidas aumentou em 1 e o poder de ataque aumentou após a investida.,
5001002,Mobilidade aprimorado: Poder de ataque aumentado,Aumenta Poder de ataque em <Orange>{EffectParam1}</>,,
5001011,Segundo Vento,"Quando o HP está em 10% ou menos, restaura o HP em <Orange>100%</>.",Restaura totalmente o HP quando o HP está em 10% ou menos.,
5001012,Segundo Vento: Recuperação,Restaurar <Orange>100%</> HP,Restaura 100% HP,
5001021,Thunderbolt,Gera <Orange>Thunderbolts</> que atordoam os inimigos.,"4 raios poderosos atingem as proximidades, e os alvos atingidos por um raio ficam atordoados.",
5001031,Aceleração de tempo,Reduz Recarga de Skill em <Orange>{EffectParam1}</> %,Skill O resfriamento é reduzido.,
5001061,Gale,"Aumenta a velocidade de ataque em <Orange>{EffectParam1}</>%
 e a velocidade de movimento em <Orange>{EffectParam2}</>%",Aumenta o ataque Velocidade e velocidade de movimento.,
5001071,Expansão do alvo,Aumentar o número de alvos de ataque básico em <Orange>{EffectParam1}</>,Aumenta o número de alvos de Ataque Básico em 3.,
5001081,Lâmina Carmesim,Descarregue <Orange>Crimson Sword Aura</> que ataca os inimigos.,Descarregue 3 fios de Crimson Sword Aura para atacar e repelir os inimigos.,
5001091,Pântano Venenoso,Cria um <Orange>Pântano venenoso</> que envenena os inimigos.,Cria um Pântano Venenoso. Envenena todos os inimigos próximos.,
5001095,Envenenamento por Veneno,Reduz a velocidade de movimento em <Red>{EffectParam1}</>%,,
5001301,Melhore a mobilidade,"Contagem de Dash aumentada em <Orange>{EffectParam1}</>
 Poder de ataque aumentado em <Orange>{EffectParam2}</> ao usar Dash",,
5001311,Segundo Vento,"Quando o HP está em 10% ou menos, restaura o HP em <Orange>100%</>.",,
5001321,Thunderbolt,Gera <Orange>Thunderbolts</> que atordoam os inimigos.,,
5001331,Aceleração de tempo,Reduz Recarga de Skill em <Orange>{EffectParam1}</> %,,
5001361,Gale,"Aumenta a velocidade de ataque em <Orange>{EffectParam1}</>%
 e a velocidade de movimento em <Orange>{EffectParam2}</>%",,
5001371,Expansão do alvo,Aumentar o número de alvos de ataque básico em <Orange>{EffectParam1}</>,,
5001381,Lâmina Carmesim,Descarregue <Orange>Crimson Sword Aura</> que ataca os inimigos.,,
5001391,Pântano Venenoso,Cria um <Orange>Pântano venenoso</> que envenena os inimigos.,,
5001302,,,,
5001312,,,,
5001322,,,,
5001332,,,,
5001362,,,,
5001372,,,,
5001382,,,,
5001392,,,,
5000101,,,,
5000111,,,,
5000121,Congelar,Efeito do Chill Trap. Reduz a velocidade de movimento em <Red>{EffectParam1}</>%.,,
5000122,Veneno,Efeito da Armadilha de Névoa Venenosa. Reduz a velocidade de movimento em <Red>{EffectParam1}</>%.,,
5000123,Eletrocussão,Efeito da Armadilha Relâmpago. Atordoa por 1 segundo.,,
5000131,,,,
5000132,,,,
5000133,,,,
5000141,,,,
5000142,,,,
5000143,,,,
5000145,,,,
5000146,,,,
5000147,,,,
5000151,,,,
5000152,,,,
5000153,,,,
5000161,,,,
5000162,,,,
5000163,,,,
5000191,,,,
5001121,Congelar,Efeito do Chill Trap. Reduz a velocidade de movimento em <Red>{EffectParam1}</>%.,,
5001122,Veneno,Efeito da Armadilha de Névoa Venenosa. Reduz a velocidade de movimento em <Red>{EffectParam1}</>%.,,
5001123,Eletrocussão,Efeito da Armadilha Relâmpago. Atordoa por 1 segundo.,,
5001131,,,,
5001132,,,,
5001133,,,,
5001141,,,,
5001142,,,,
5001143,,,,
5001145,,,,
5001146,,,,
5001147,,,,
5000201,Recuperação de HP,Recupere HP por <Orange>{EffectParam1}</>,,
5000211,Aumento de velocidade de movimento,Aumenta a velocidade de movimento em <Orange>{EffectParam1}</>%,,
5000212,Aumento de dano,Aumenta o dano por <Orange>{EffectParam1}</>%,,
5000213,Aumento de velocidade de ataque,aumenta a velocidade de ataque em <Orange>{EffectParam1}</>%,,
5000214,Aumentar alvos,Aumenta o número de alvos de Ataque Básico em <Orange>{EffectParam1}</>.,,
5000215,Redução do tempo de espera Skill,Reduz Recarga de Skill em <Orange>{EffectParam1}</> %,,
5000216,Aumento da chance de acerto crítico,aumenta a chance de acerto crítico em <Orange>{EffectParam1}</>%,,
5000222,,,,
5000231,,,,
5000232,,,,
5000233,,,,
5000234,,,,
5000235,,,,
5000236,,,,
5000237,,,,
5010101,,,,
5010102,,,,
5010103,,,,
5010111,,,,
5010112,,,,
5010113,,,,
5010121,,,,
5010122,,,,
5010123,,,,
5010501,,,,
5010502,,,,
5010503,,,,
5010511,,,,
5010512,,,,
5010513,,,,
5010521,,,,
5010522,,,,
5010523,,,,
5010901,,,,
5010902,,,,
5010903,,,,
5010911,,,,
5010912,,,,
5010913,,,,
5010921,,,,
5010922,,,,
5010923,,,,
5011301,,,,
5011302,,,,
5011303,,,,
5011311,,,,
5011312,,,,
5011313,,,,
5011321,,,,
5011322,,,,
5011323,,,,
5020101,,,,
5020102,,,,
5020103,,,,
5020111,,,,
5020112,,,,
5020113,,,,
5020121,,,,
5020122,,,,
5020123,,,,
5020131,,,,
5020132,,,,
5020133,,,,
5020141,,,,
5020142,,,,
5020143,,,,
5020501,,,,
5020502,,,,
5020503,,,,
5020511,,,,
5020512,,,,
5020513,,,,
5020521,,,,
5020522,,,,
5020523,,,,
5020531,,,,
5020532,,,,
5020533,,,,
5020901,,,,
5020902,,,,
5020903,,,,
5020911,,,,
5020912,,,,
5020913,,,,
5020921,,,,
5020922,,,,
5020923,,,,
5020931,,,,
5020932,,,,
5020933,,,,
5020941,,,,
5020942,,,,
5020943,,,,
5021301,,,,
5021302,,,,
5021303,,,,
5021311,,,,
5021312,,,,
5021313,,,,
5021321,,,,
5021322,,,,
5021323,,,,
5021331,,,,
5021332,,,,
5021333,,,,
5030101,,,,
5030102,,,,
5030103,,,,
5030111,,,,
5030112,,,,
5030113,,,,
5030121,,,,
5030122,,,,
5030123,,,,
5030501,,,,
5030502,,,,
5030503,,,,
5030511,,,,
5030512,,,,
5030513,,,,
5030521,,,,
5030522,,,,
5030523,,,,
5030531,,,,
5030532,,,,
5030533,,,,
5030541,,,,
5030542,,,,
5030543,,,,
5030901,,,,
5030902,,,,
5030903,,,,
5030911,,,,
5030912,,,,
5030913,,,,
5030921,,,,
5030922,,,,
5030923,,,,
5031301,,,,
5031302,,,,
5031303,,,,
5031311,,,,
5031312,,,,
5031313,,,,
5031321,,,,
5031322,,,,
5031323,,,,
5031331,,,,
5031332,,,,
5031333,,,,
5040101,,,,
5040102,,,,
5040103,,,,
5040111,,,,
5040112,,,,
5040113,,,,
5040121,,,,
5040122,,,,
5040123,,,,
5040131,,,,
5040132,,,,
5040133,,,,
5040401,,,,
5040402,,,,
5040403,,,,
5040411,,,,
5040412,,,,
5040413,,,,
5040421,,,,
5040422,,,,
5040423,,,,
5040901,,,,
5040902,,,,
5040903,,,,
5040911,,,,
5040912,,,,
5040913,,,,
5040921,,,,
5040922,,,,
5040923,,,,
5040931,,,,
5040932,,,,
5040933,,,,
5041301,,,,
5041302,,,,
5041303,,,,
5041311,,,,
5041312,,,,
5041313,,,,
5041321,,,,
5041322,,,,
5041323,,,,
5041331,,,,
5041332,,,,
5041333,,,,
5011601,,,,
5011602,,,,
5011603,,,,
5011611,,,,
5011612,,,,
5011613,,,,
5011621,,,,
5011622,,,,
5011623,,,,
5012001,,,,
5012002,,,,
5012003,,,,
5012011,,,,
5012012,,,,
5012013,,,,
5012021,,,,
5012022,,,,
5012023,,,,
5012401,,,,
5012402,,,,
5012403,,,,
5012411,,,,
5012412,,,,
5012413,,,,
5012421,,,,
5012422,,,,
5012423,,,,
5012801,,,,
5012802,,,,
5012803,,,,
5012811,,,,
5012812,,,,
5012813,,,,
5012821,,,,
5012822,,,,
5012823,,,,
5021601,,,,
5021602,,,,
5021603,,,,
5021611,,,,
5021612,,,,
5021613,,,,
5021621,,,,
5021622,,,,
5021623,,,,
5021631,,,,
5021632,,,,
5021633,,,,
5021641,,,,
5021642,,,,
5021643,,,,
5022001,,,,
5022002,,,,
5022003,,,,
5022011,,,,
5022012,,,,
5022013,,,,
5022021,,,,
5022022,,,,
5022023,,,,
5022031,,,,
5022032,,,,
5022033,,,,
5022401,,,,
5022402,,,,
5022403,,,,
5022411,,,,
5022412,,,,
5022413,,,,
5022421,,,,
5022422,,,,
5022423,,,,
5022431,,,,
5022432,,,,
5022433,,,,
5022441,,,,
5022442,,,,
5022443,,,,
5022801,,,,
5022802,,,,
5022803,,,,
5022811,,,,
5022812,,,,
5022813,,,,
5022821,,,,
5022822,,,,
5022823,,,,
5022831,,,,
5022832,,,,
5022833,,,,
5031601,,,,
5031602,,,,
5031603,,,,
5031611,,,,
5031612,,,,
5031613,,,,
5031621,,,,
5031622,,,,
5031623,,,,
5032001,,,,
5032002,,,,
5032003,,,,
5032011,,,,
5032012,,,,
5032013,,,,
5032021,,,,
5032022,,,,
5032023,,,,
5032031,,,,
5032032,,,,
5032033,,,,
5032041,,,,
5032042,,,,
5032043,,,,
5032401,,,,
5032402,,,,
5032403,,,,
5032411,,,,
5032412,,,,
5032413,,,,
5032421,,,,
5032422,,,,
5032423,,,,
5032801,,,,
5032802,,,,
5032803,,,,
5032811,,,,
5032812,,,,
5032813,,,,
5032821,,,,
5032822,,,,
5032823,,,,
5032831,,,,
5032832,,,,
5032833,,,,
5041601,,,,
5041602,,,,
5041603,,,,
5041611,,,,
5041612,,,,
5041613,,,,
5041621,,,,
5041622,,,,
5041623,,,,
5041631,,,,
5041632,,,,
5041633,,,,
5041901,,,,
5041902,,,,
5041903,,,,
5041911,,,,
5041912,,,,
5041913,,,,
5041921,,,,
5041922,,,,
5041923,,,,
5042401,,,,
5042402,,,,
5042403,,,,
5042411,,,,
5042412,,,,
5042413,,,,
5042421,,,,
5042422,,!,,
5042423,,,,
5042431,,,,
5042432,,,,
5042433,,,,
5042801,,,,
5042802,,,,
5042803,,,,
5042811,,,,
5042812,,,,
5042813,,,,
5042821,,,,
5042822,,,,
5042823,,,,
5042831,,,,
5042832,,,,
5042833,,,,
5050101,,,,
5050102,,,,
5050103,,,,
5050301,,,,
5050302,,,,
5050303,,,,
5050311,,,,
5050312,,,,
5050313,,,,
5050701,,,,
5050702,,,,
5050703,,,,
5050901,,,,
5050902,,,,
5050903,,,,
5050911,,,,
5050912,,,,
5050913,,,,
5051301,,,,
5051302,,,,
5051303,,,,
11000011,,,,
11000012,,,,
11000013,,,,
11000014,,,,
11000021,,,,
11000022,,,,
11000031,,,,
11000101,,,,
12000001,Aumento de velocidade de movimento,Aumenta a velocidade de movimento em <Orange>{EffectParam1}</>%,,
12000002,Aumento de velocidade de ataque,aumenta a velocidade de ataque em <Orange>{EffectParam1}</>%,,
12000003,Redução do tempo de espera Skill,Reduz Recarga de Skill em <Orange>{EffectParam1}</> %,,
12000004,Aumento de dano,Aumenta o dano por <Orange>{EffectParam1}</>%,,
12000041,Tempestade Furiosa,Reduz a velocidade de movimento em <Red>{EffectParam1}</>%,Lento,
13000001,Tempestade de Areia dos Sertões,Aumenta a velocidade de movimento em <Orange>{EffectParam1}</>%,,
13000002,Lago Spindrift,Aumenta o dano por <Orange>{EffectParam1}</>%,,
13000003,Brisa do cume,aumenta a velocidade de ataque em <Orange>{EffectParam1}</>%,,
13000004,Nevasca do Planalto,Reduz Recarga de Skill em <Orange>{EffectParam1}</> %,,
13000011,,,,
13000012,,,,
13000013,,,,
13000014,,,,
9010103,Tremor da Terra,Reduz a velocidade de movimento em <Red>{EffectParam1}</>%,Lento,
9010107,Shred Armor,Dano recebido de monstros aumentado em <Red>{EffectParam1}</>%,Enfraquece a Defesa,
9010108,Cutscene,,,
15000001,Redução do tempo de espera Skill,Reduz Recarga de Skill em <Orange>{EffectParam1}</> %,,
15000002,Aumento de velocidade de movimento,Aumenta a velocidade de movimento em <Orange>{EffectParam1}</>%,,
15000003,Aumento da precisão do chefe,Aumenta a precisão contra monstros chefes em <Orange>{EffectParam1}</>%,,
15000004,Aumento de dano do chefe,Aumenta o dano aos monstros chefes em <Orange>{EffectParam1}</>%,,
15000005,Dano Reduzido Sofrido de Chefes,Reduz o dano recebido de monstros chefes em <Orange>{EffectParam1}</>%,,
